     0.00000000
     0.00000000
     0.00000000
     0.00000000
     0.00000000
     0.00000000
     0.00000000
     0.00000000
     0.00000000
     0.00000000
     0.00000000
     0.00000000
     0.00000000
     0.00000000
     0.00000000
     0.00000000
     0.00000000
     0.00000000
     0.00000000
     0.95429991
     0.95450173
     0.95470270
     0.95490283
     0.95510645
     0.95532273
     0.95553802
     0.95575232
     0.95596563
     0.95617796
     0.95644382
     0.95671692
     0.95698839
     0.95725823
     0.95752646
     0.95779307
     0.95813750
     0.95848697
     0.95883365
     0.95917755
     0.95951871
     0.95985713
     0.96019284
     0.96039202
     0.96029704
     0.96019187
     0.96005777
     0.95992323
     0.95978826
     0.95972916
     0.96001203
     0.96029300
     0.96057207
     0.96084243
     0.96113009
     0.96143286
     0.96195826
     0.96247678
     0.96299182
     0.96353978
     0.96401890
     0.96447087
     0.96533384
     0.96617658
     0.96666917
     0.96672233
     0.96642590
     0.96607511
     0.96559876
     0.96505112
     0.96471796
     0.96440624
     0.96409187
     0.96377483
     0.96327727
     0.96271069
     0.96213570
     0.96155221
     0.96110817
     0.96121128
     0.96133737
     0.96142507
     0.96149894
     0.96183585
     0.96216993
     0.96250120
     0.96282968
     0.96315539
     0.96347835
     0.96379859
     0.96411613
     0.96443098
     0.96474317
     0.96504732
     0.96528969
     0.96558942
     0.96607014
     0.96969697
     0.97979798
     0.98989899
     1.00000000
     0.00000000
     0.00000000
     0.00000000
     0.00000000
     0.00000000
     0.00000000
     0.00000000
     0.00000000
     0.00000000
     0.00000000
     0.00000000
     0.00000000
     0.00000000
     0.00000000
     0.00000000
     0.00000000
     0.00000000
     0.00000000
     0.00000000
     0.95410056
     0.95430322
     0.95450503
     0.95471990
     0.95493795
     0.95515501
     0.95537107
     0.95561227
     0.95589034
     0.95616676
     0.95644152
     0.95671464
     0.95698612
     0.95725598
     0.95752422
     0.95779085
     0.95805588
     0.95831931
     0.95858117
     0.95887742
     0.95922098
     0.95956178
     0.95980422
     0.95972581
     0.95962929
     0.95953255
     0.95942701
     0.95929044
     0.95915343
     0.95924032
     0.95951517
     0.95979948
     0.96008188
     0.96035602
     0.96064796
     0.96094495
     0.96147673
     0.96200156
     0.96252153
     0.96307597
     0.96351958
     0.96394755
     0.96482276
     0.96567749
     0.96577268
     0.96585268
     0.96564697
     0.96528834
     0.96489145
     0.96433297
     0.96395433
     0.96363612
     0.96331521
     0.96299158
     0.96255542
     0.96197814
     0.96139231
     0.96090241
     0.96056038
     0.96041738
     0.96054594
     0.96062465
     0.96070652
     0.96105008
     0.96139076
     0.96172858
     0.96206356
     0.96239572
     0.96272509
     0.96305168
     0.96337552
     0.96369663
     0.96401502
     0.96433053
     0.96462047
     0.96511424
     0.96560137
     0.96969697
     0.97979798
     0.98989899
     1.00000000
     0.00000000
     0.00000000
     0.00000000
     0.00000000
     0.00000000
     0.00000000
     0.00000000
     0.00000000
     0.00000000
     0.00000000
     0.00000000
     0.00000000
     0.00000000
     0.00000000
     0.00000000
     0.00000000
     0.00000000
     0.00000000
     0.00000000
     0.95390039
     0.95410932
     0.95433018
     0.95455002
     0.95476885
     0.95504872
     0.95533017
     0.95560993
     0.95588802
     0.95616445
     0.95643923
     0.95671236
     0.95698386
     0.95725373
     0.95752198
     0.95778862
     0.95805366
     0.95831711
     0.95857898
     0.95883928
     0.95909800
     0.95932185
     0.95915964
     0.95904887
     0.95895080
     0.95885250
     0.95875398
     0.95864808
     0.95859769
     0.95878646
     0.95901241
     0.95930010
     0.95958585
     0.95986383
     0.96016009
     0.96045657
     0.96098936
     0.96152057
     0.96204551
     0.96260650
     0.96301360
     0.96341682
     0.96430444
     0.96477070
     0.96485296
     0.96493502
     0.96485063
     0.96448399
     0.96411366
     0.96360061
     0.96317481
     0.96284998
     0.96252240
     0.96219205
     0.96181994
     0.96123178
     0.96070355
     0.96034912
     0.96000520
     0.95971679
     0.95973899
     0.95980833
     0.95989847
     0.96024880
     0.96059620
     0.96094069
     0.96128229
     0.96162102
     0.96195690
     0.96228996
     0.96262022
     0.96294769
     0.96327241
     0.96362033
     0.96413242
     0.96463275
     0.96512635
     0.96969697
     0.97979798
     0.98989899
     1.00000000
     0.00000000
     0.00000000
     0.00000000
     0.00000000
     0.00000000
     0.00000000
     0.00000000
     0.00000000
     0.00000000
     0.00000000
     0.00000000
     0.00000000
     0.00000000
     0.00000000
     0.00000000
     0.00000000
     0.00000000
     0.00000000
     0.00000000
     0.95371460
     0.95393727
     0.95419181
     0.95447837
     0.95476321
     0.95504636
     0.95532782
     0.95560759
     0.95588570
     0.95616214
     0.95643693
     0.95671008
     0.95698159
     0.95725147
     0.95751974
     0.95778640
     0.95805145
     0.95831491
     0.95857680
     0.95883710
     0.95909584
     0.95935302
     0.95911424
     0.95883334
     0.95855061
     0.95826601
     0.95806141
     0.95796108
     0.95813699
     0.95832778
     0.95851773
     0.95879477
     0.95908393
     0.95936578
     0.95966643
     0.95996643
     0.96049608
     0.96103373
     0.96156435
     0.96208863
     0.96250087
     0.96290881
     0.96374050
     0.96382506
     0.96390944
     0.96399363
     0.96403044
     0.96366170
     0.96328313
     0.96285380
     0.96237909
     0.96204752
     0.96171314
     0.96137594
     0.96103589
     0.96050371
     0.96014756
     0.95978834
     0.95944253
     0.95915024
     0.95891625
     0.95897580
     0.95907451
     0.95943174
     0.95978598
     0.96013726
     0.96048559
     0.96083101
     0.96117352
     0.96151317
     0.96184996
     0.96218391
     0.96252277
     0.96311598
     0.96363788
     0.96414485
     0.96463196
     0.96969697
     0.97979798
     0.98989899
     1.00000000
     0.00000000
     0.00000000
     0.00000000
     0.00000000
     0.00000000
     0.00000000
     0.00000000
     0.00000000
     0.00000000
     0.00000000
     0.00000000
     0.00000000
     0.00000000
     0.00000000
     0.00000000
     0.00000000
     0.00000000
     0.00000000
     0.00000000
     0.95361111
     0.95390112
     0.95418941
     0.95447597
     0.95476083
     0.95504399
     0.95532547
     0.95560526
     0.95588338
     0.95615984
     0.95643464
     0.95670780
     0.95697932
     0.95724922
     0.95751750
     0.95778417
     0.95804924
     0.95831272
     0.95857461
     0.95883493
     0.95909368
     0.95928772
     0.95906879
     0.95878759
     0.95850456
     0.95821966
     0.95793289
     0.95775580
     0.95781775
     0.95787352
     0.95805618
     0.95828345
     0.95857603
     0.95886182
     0.95916692
     0.95947048
     0.95999682
     0.96054098
     0.96107804
     0.96156360
     0.96198132
     0.96239469
     0.96276827
     0.96285502
     0.96294157
     0.96302793
     0.96306128
     0.96282111
     0.96243412
     0.96204326
     0.96156685
     0.96122841
     0.96088712
     0.96054294
     0.96019586
     0.95994502
     0.95958404
     0.95921995
     0.95887229
     0.95857607
     0.95827781
     0.95812678
     0.95823435
     0.95859860
     0.95895980
     0.95931799
     0.95967319
     0.96002541
     0.96037468
     0.96072102
     0.96106447
     0.96140502
     0.96200381
     0.96260492
     0.96313679
     0.96365048
     0.96410218
     0.96969697
     0.97979798
     0.98989899
     1.00000000
     0.00000000
     0.00000000
     0.00000000
     0.00000000
     0.00000000
     0.00000000
     0.00000000
     0.00000000
     0.00000000
     0.00000000
     0.00000000
     0.00000000
     0.00000000
     0.00000000
     0.00000000
     0.00000000
     0.00000000
     0.00000000
     0.00000000
     0.95360868
     0.95389870
     0.95418700
     0.95447358
     0.95475845
     0.95504163
     0.95532312
     0.95560292
     0.95588106
     0.95615753
     0.95643235
     0.95670552
     0.95697706
     0.95724697
     0.95751526
     0.95778194
     0.95804702
     0.95831052
     0.95857242
     0.95883275
     0.95909152
     0.95919809
     0.95902329
     0.95874180
     0.95845846
     0.95817326
     0.95788618
     0.95788375
     0.95794552
     0.95800721
     0.95804060
     0.95805585
     0.95815780
     0.95835212
     0.95866148
     0.95896864
     0.95949151
     0.96004226
     0.96058583
     0.96103158
     0.96145486
     0.96178213
     0.96177101
     0.96185999
     0.96194877
     0.96203735
     0.96206703
     0.96196184
     0.96156626
     0.96116674
     0.96073780
     0.96039236
     0.96004401
     0.95969272
     0.95953283
     0.95937876
     0.95901290
     0.95864388
     0.95829438
     0.95799418
     0.95769191
     0.95728788
     0.95737772
     0.95774910
     0.95811740
     0.95848262
     0.95884479
     0.95920394
     0.95956009
     0.95991326
     0.96026347
     0.96085947
     0.96147795
     0.96208705
     0.96262905
     0.96311626
     0.96356477
     0.96969697
     0.97979798
     0.98989899
     1.00000000
     0.00000000
     0.00000000
     0.00000000
     0.00000000
     0.00000000
     0.00000000
     0.00000000
     0.00000000
     0.00000000
     0.00000000
     0.00000000
     0.00000000
     0.00000000
     0.00000000
     0.00000000
     0.00000000
     0.00000000
     0.00000000
     0.00000000
     0.95360624
     0.95389628
     0.95418459
     0.95447119
     0.95475608
     0.95503927
     0.95532077
     0.95560059
     0.95587873
     0.95615522
     0.95643005
     0.95670324
     0.95697479
     0.95724471
     0.95751302
     0.95777972
     0.95804481
     0.95830831
     0.95857024
     0.95883058
     0.95908936
     0.95910828
     0.95896353
     0.95869595
     0.95841231
     0.95812680
     0.95794964
     0.95801132
     0.95807292
     0.95813443
     0.95819186
     0.95820705
     0.95825589
     0.95837445
     0.95850851
     0.95864216
     0.95898603
     0.95953751
     0.96008192
     0.96049251
     0.96092140
     0.96081833
     0.96074812
     0.96083939
     0.96093045
     0.96102130
     0.96104710
     0.96104163
     0.96067918
     0.96027081
     0.95985838
     0.95953904
     0.95918350
     0.95894984
     0.95887494
     0.95879991
     0.95843403
     0.95806003
     0.95770870
     0.95740447
     0.95709816
     0.95667698
     0.95650431
     0.95688296
     0.95725847
     0.95763085
     0.95800013
     0.95836633
     0.95872947
     0.95908959
     0.95968211
     0.96031842
     0.96094511
     0.96156229
     0.96210433
     0.96256466
     0.96301962
     0.96969697
     0.97979798
     0.98989899
     1.00000000
     0.00000000
     0.00000000
     0.00000000
     0.00000000
     0.00000000
     0.00000000
     0.00000000
     0.00000000
     0.00000000
     0.00000000
     0.00000000
     0.00000000
     0.00000000
     0.00000000
     0.00000000
     0.00000000
     0.00000000
     0.00000000
     0.00000000
     0.95360380
     0.95389386
     0.95418218
     0.95446879
     0.95475370
     0.95503690
     0.95531842
     0.95559825
     0.95587641
     0.95615291
     0.95642776
     0.95670096
     0.95697252
     0.95724246
     0.95751078
     0.95777749
     0.95804260
     0.95830611
     0.95856805
     0.95882841
     0.95908720
     0.95901827
     0.95887322
     0.95865005
     0.95836611
     0.95808030
     0.95807703
     0.95813853
     0.95819994
     0.95826127
     0.95832252
     0.95835774
     0.95837287
     0.95847704
     0.95861078
     0.95874411
     0.95907737
     0.95946223
     0.95979174
     0.96003614
     0.96023009
     0.95983124
     0.95969902
     0.95979262
     0.95988601
     0.95997919
     0.96000088
     0.95999528
     0.95977247
     0.95935509
     0.95893356
     0.95866813
     0.95835882
     0.95828289
     0.95820682
     0.95813063
     0.95784734
     0.95746830
     0.95711517
     0.95680687
     0.95649645
     0.95605774
     0.95571431
     0.95599988
     0.95638273
     0.95676239
     0.95713890
     0.95751228
     0.95788255
     0.95847086
     0.95912548
     0.95977022
     0.96040520
     0.96103057
     0.96153820
     0.96200514
     0.96246663
     0.96969697
     0.97979798
     0.98989899
     1.00000000
     0.00000000
     0.00000000
     0.00000000
     0.00000000
     0.00000000
     0.00000000
     0.00000000
     0.00000000
     0.00000000
     0.00000000
     0.00000000
     0.00000000
     0.00000000
     0.00000000
     0.00000000
     0.00000000
     0.00000000
     0.00000000
     0.00000000
     0.95360137
     0.95389143
     0.95417978
     0.95446640
     0.95475132
     0.95503454
     0.95531606
     0.95559591
     0.95587409
     0.95615060
     0.95642546
     0.95669868
     0.95697025
     0.95724021
     0.95750854
     0.95777526
     0.95804038
     0.95830391
     0.95856586
     0.95882623
     0.95907295
     0.95892808
     0.95878272
     0.95860411
     0.95831986
     0.95814263
     0.95820404
     0.95826537
     0.95832660
     0.95838776
     0.95844882
     0.95850791
     0.95852541
     0.95857938
     0.95871281
     0.95884583
     0.95916851
     0.95955255
     0.95983935
     0.96008430
     0.95975116
     0.95917356
     0.95883452
     0.95872234
     0.95881485
     0.95891041
     0.95892777
     0.95892202
     0.95884575
     0.95841917
     0.95798836
     0.95774847
     0.95768269
     0.95760558
     0.95752833
     0.95745095
     0.95725275
     0.95686860
     0.95651369
     0.95620126
     0.95588668
     0.95543006
     0.95504266
     0.95509956
     0.95548988
     0.95587696
     0.95626082
     0.95664150
     0.95722484
     0.95789824
     0.95856150
     0.95921475
     0.95985814
     0.96046299
     0.96096396
     0.96143758
     0.96190570
     0.96969697
     0.97979798
     0.98989899
     1.00000000
     0.00000000
     0.00000000
     0.00000000
     0.00000000
     0.00000000
     0.00000000
     0.00000000
     0.00000000
     0.00000000
     0.00000000
     0.00000000
     0.00000000
     0.00000000
     0.00000000
     0.00000000
     0.00000000
     0.00000000
     0.00000000
     0.00000000
     0.95359893
     0.95388901
     0.95417737
     0.95446401
     0.95474894
     0.95503217
     0.95531371
     0.95559358
     0.95587177
     0.95614829
     0.95642317
     0.95669639
     0.95696799
     0.95723795
     0.95750630
     0.95777303
     0.95803817
     0.95830171
     0.95856367
     0.95882406
     0.95898287
     0.95883769
     0.95869203
     0.95854587
     0.95827357
     0.95826946
     0.95833069
     0.95839184
     0.95845290
     0.95851387
     0.95857744
     0.95864262
     0.95868395
     0.95870441
     0.95881460
     0.95894730
     0.95925946
     0.95964268
     0.95988691
     0.95992455
     0.95934934
     0.95876623
     0.95847368
     0.95836056
     0.95824715
     0.95813344
     0.95793430
     0.95782124
     0.95781534
     0.95746266
     0.95702239
     0.95693357
     0.95699607
     0.95691777
     0.95683932
     0.95676075
     0.95665014
     0.95626082
     0.95590416
     0.95558755
     0.95526878
     0.95479384
     0.95436130
     0.95436473
     0.95457962
     0.95497424
     0.95536560
     0.95594316
     0.95663583
     0.95731808
     0.95799008
     0.95865195
     0.95929743
     0.95987442
     0.96038149
     0.96086190
     0.96133672
     0.96969697
     0.97979798
     0.98989899
     1.00000000
     0.00000000
     0.00000000
     0.00000000
     0.00000000
     0.00000000
     0.00000000
     0.00000000
     0.00000000
     0.00000000
     0.00000000
     0.00000000
     0.00000000
     0.00000000
     0.00000000
     0.00000000
     0.00000000
     0.00000000
     0.00000000
     0.00000000
     0.95359649
     0.95388659
     0.95417496
     0.95446161
     0.95474656
     0.95502981
     0.95531136
     0.95559124
     0.95586944
     0.95614598
     0.95642087
     0.95669411
     0.95696572
     0.95723570
     0.95750406
     0.95777081
     0.95803596
     0.95829951
     0.95856149
     0.95882188
     0.95889260
     0.95874712
     0.95860115
     0.95845468
     0.95833477
     0.95839591
     0.95845697
     0.95851794
     0.95858162
     0.95864680
     0.95871188
     0.95877687
     0.95884175
     0.95886194
     0.95891614
     0.95904853
     0.95935022
     0.95973262
     0.95993442
     0.95952440
     0.95894369
     0.95835502
     0.95810982
     0.95799575
     0.95788139
     0.95776673
     0.95755847
     0.95733887
     0.95711819
     0.95670230
     0.95616451
     0.95612404
     0.95627912
     0.95621930
     0.95613965
     0.95605986
     0.95597992
     0.95564488
     0.95528649
     0.95496565
     0.95464263
     0.95414897
     0.95367013
     0.95367361
     0.95367709
     0.95405395
     0.95462490
     0.95533732
     0.95603907
     0.95673029
     0.95741113
     0.95808173
     0.95869227
     0.95927747
     0.95979070
     0.96027798
     0.96075959
     0.96969697
     0.97979798
     0.98989899
     1.00000000
     0.00000000
     0.00000000
     0.00000000
     0.00000000
     0.00000000
     0.00000000
     0.00000000
     0.00000000
     0.00000000
     0.00000000
     0.00000000
     0.00000000
     0.00000000
     0.00000000
     0.00000000
     0.00000000
     0.00000000
     0.00000000
     0.00000000
     0.95359406
     0.95388417
     0.95417255
     0.95445922
     0.95474418
     0.95502744
     0.95530901
     0.95558890
     0.95586712
     0.95614367
     0.95641857
     0.95669183
     0.95696345
     0.95723344
     0.95750182
     0.95776858
     0.95803374
     0.95829731
     0.95855930
     0.95881971
     0.95880214
     0.95865635
     0.95851007
     0.95836330
     0.95846104
     0.95852201
     0.95858580
     0.95865098
     0.95871605
     0.95878103
     0.95884591
     0.95891069
     0.95897538
     0.95901889
     0.95904283
     0.95914953
     0.95944078
     0.95979268
     0.95971833
     0.95912042
     0.95853417
     0.95793988
     0.95774291
     0.95762789
     0.95751257
     0.95739695
     0.95717943
     0.95696097
     0.95678338
     0.95654263
     0.95596172
     0.95574579
     0.95572409
     0.95559019
     0.95542916
     0.95534813
     0.95526697
     0.95502068
     0.95466057
     0.95433546
     0.95400813
     0.95349535
     0.95296900
     0.95297253
     0.95297606
     0.95326912
     0.95400180
     0.95472354
     0.95543448
     0.95613478
     0.95682456
     0.95747682
     0.95807849
     0.95868752
     0.95923922
     0.95976389
     0.96028209
     0.96969697
     0.97979798
     0.98989899
     1.00000000
     0.00000000
     0.00000000
     0.00000000
     0.00000000
     0.00000000
     0.00000000
     0.00000000
     0.00000000
     0.00000000
     0.00000000
     0.00000000
     0.00000000
     0.00000000
     0.00000000
     0.00000000
     0.00000000
     0.00000000
     0.00000000
     0.00000000
     0.95359162
     0.95388175
     0.95417015
     0.95445683
     0.95474180
     0.95502508
     0.95530666
     0.95558656
     0.95586480
     0.95614136
     0.95641628
     0.95668955
     0.95696118
     0.95723119
     0.95749958
     0.95776635
     0.95803153
     0.95829511
     0.95855711
     0.95881754
     0.95871149
     0.95856540
     0.95841881
     0.95834807
     0.95857746
     0.95865515
     0.95872022
     0.95878519
     0.95885007
     0.95891484
     0.95897952
     0.95904410
     0.95910858
     0.95917379
     0.95919912
     0.95925028
     0.95953115
     0.95984029
     0.95931796
     0.95871258
     0.95812074
     0.95752078
     0.95737293
     0.95725695
     0.95716607
     0.95708955
     0.95691246
     0.95673468
     0.95655619
     0.95637701
     0.95580597
     0.95554434
     0.95552255
     0.95544918
     0.95520306
     0.95495565
     0.95470693
     0.95438811
     0.95402632
     0.95369688
     0.95336519
     0.95283288
     0.95225779
     0.95226137
     0.95239711
     0.95273646
     0.95337056
     0.95412062
     0.95490294
     0.95567255
     0.95642535
     0.95707206
     0.95770960
     0.95833808
     0.95891124
     0.95943995
     0.95996215
     0.96969697
     0.97979798
     0.98989899
     1.00000000
     0.00000000
     0.00000000
     0.00000000
     0.00000000
     0.00000000
     0.00000000
     0.00000000
     0.00000000
     0.00000000
     0.00000000
     0.00000000
     0.00000000
     0.00000000
     0.00000000
     0.00000000
     0.00000000
     0.00000000
     0.00000000
     0.00000000
     0.95358918
     0.95387932
     0.95416774
     0.95445443
     0.95473942
     0.95502271
     0.95530431
     0.95558423
     0.95586247
     0.95613906
     0.95641398
     0.95668727
     0.95695891
     0.95722893
     0.95749733
     0.95776412
     0.95802931
     0.95829291
     0.95855492
     0.95876656
     0.95862065
     0.95847425
     0.95832735
     0.95842149
     0.95865642
     0.95878935
     0.95885422
     0.95891899
     0.95898366
     0.95904824
     0.95911271
     0.95917709
     0.95924138
     0.95930556
     0.95935485
     0.95937860
     0.95962133
     0.95956740
     0.95891378
     0.95830085
     0.95770568
     0.95716434
     0.95709246
     0.95702047
     0.95694836
     0.95686390
     0.95668592
     0.95650725
     0.95632787
     0.95614778
     0.95587025
     0.95537832
     0.95532013
     0.95529823
     0.95506089
     0.95481272
     0.95456326
     0.95431247
     0.95378067
     0.95328808
     0.95279050
     0.95216144
     0.95153637
     0.95164987
     0.95199428
     0.95241635
     0.95300229
     0.95380276
     0.95459025
     0.95536494
     0.95605765
     0.95670957
     0.95735225
     0.95798581
     0.95858073
     0.95911352
     0.95963974
     0.96969697
     0.97979798
     0.98989899
     1.00000000
     0.00000000
     0.00000000
     0.00000000
     0.00000000
     0.00000000
     0.00000000
     0.00000000
     0.00000000
     0.00000000
     0.00000000
     0.00000000
     0.00000000
     0.00000000
     0.00000000
     0.00000000
     0.00000000
     0.00000000
     0.00000000
     0.00000000
     0.95358675
     0.95387690
     0.95416533
     0.95445204
     0.95473704
     0.95502035
     0.95530196
     0.95558189
     0.95586015
     0.95613675
     0.95641169
     0.95668499
     0.95695665
     0.95722668
     0.95749509
     0.95776190
     0.95802710
     0.95829071
     0.95855274
     0.95867583
     0.95852962
     0.95838291
     0.95826495
     0.95850072
     0.95873522
     0.95892314
     0.95898781
     0.95905237
     0.95911684
     0.95918122
     0.95924549
     0.95930967
     0.95937376
     0.95943774
     0.95951000
     0.95953366
     0.95971131
     0.95916559
     0.95852273
     0.95796641
     0.95739626
     0.95694662
     0.95687439
     0.95680205
     0.95672959
     0.95663711
     0.95645824
     0.95627867
     0.95609839
     0.95591741
     0.95592687
     0.95547437
     0.95513656
     0.95509485
     0.95491828
     0.95466937
     0.95441915
     0.95416761
     0.95370586
     0.95320439
     0.95270597
     0.95197493
     0.95121766
     0.95139777
     0.95168674
     0.95224576
     0.95279862
     0.95348282
     0.95427550
     0.95502040
     0.95568699
     0.95634416
     0.95699202
     0.95763069
     0.95824768
     0.95878457
     0.95959596
     0.96969697
     0.97979798
     0.98989899
     1.00000000
     0.00000000
     0.00000000
     0.00000000
     0.00000000
     0.00000000
     0.00000000
     0.00000000
     0.00000000
     0.00000000
     0.00000000
     0.00000000
     0.00000000
     0.00000000
     0.00000000
     0.00000000
     0.00000000
     0.00000000
     0.00000000
     0.00000000
     0.95358431
     0.95387448
     0.95416292
     0.95444965
     0.95473466
     0.95501798
     0.95529961
     0.95557955
     0.95585783
     0.95613444
     0.95640939
     0.95668270
     0.95695438
     0.95722442
     0.95749285
     0.95775967
     0.95802489
     0.95828851
     0.95855055
     0.95858492
     0.95843839
     0.95829138
     0.95834447
     0.95857981
     0.95881389
     0.95904669
     0.95912097
     0.95918534
     0.95924961
     0.95931379
     0.95937786
     0.95944184
     0.95950573
     0.95956951
     0.95966260
     0.95968816
     0.95943429
     0.95879848
     0.95821552
     0.95765882
     0.95708468
     0.95672785
     0.95665527
     0.95658257
     0.95650976
     0.95640919
     0.95622943
     0.95604895
     0.95586777
     0.95568588
     0.95569656
     0.95557021
     0.95523310
     0.95489355
     0.95477525
     0.95452558
     0.95427460
     0.95402231
     0.95365580
     0.95312057
     0.95262130
     0.95194826
     0.95149587
     0.95155708
     0.95190986
     0.95235320
     0.95279265
     0.95322825
     0.95395866
     0.95464141
     0.95531336
     0.95597581
     0.95662889
     0.95727271
     0.95790740
     0.95845308
     0.95959596
     0.96969697
     0.97979798
     0.98989899
     1.00000000
     0.00000000
     0.00000000
     0.00000000
     0.00000000
     0.00000000
     0.00000000
     0.00000000
     0.00000000
     0.00000000
     0.00000000
     0.00000000
     0.00000000
     0.00000000
     0.00000000
     0.00000000
     0.00000000
     0.00000000
     0.00000000
     0.00000000
     0.95358187
     0.95387205
     0.95416051
     0.95444725
     0.95473228
     0.95501561
     0.95529725
     0.95557721
     0.95585550
     0.95613213
     0.95640710
     0.95668042
     0.95695211
     0.95722217
     0.95749061
     0.95775744
     0.95802267
     0.95828631
     0.95854836
     0.95849381
     0.95834698
     0.95819053
     0.95842385
     0.95865876
     0.95889241
     0.95912479
     0.95925373
     0.95931790
     0.95938197
     0.95944594
     0.95950982
     0.95957360
     0.95963728
     0.95970087
     0.95979095
     0.95984209
     0.95909970
     0.95849322
     0.95790613
     0.95734907
     0.95677093
     0.95650801
     0.95643508
     0.95636203
     0.95628887
     0.95618013
     0.95599946
     0.95581808
     0.95563599
     0.95545319
     0.95546511
     0.95566586
     0.95532944
     0.95499059
     0.95463178
     0.95438136
     0.95412962
     0.95387656
     0.95360568
     0.95303660
     0.95257964
     0.95222252
     0.95177258
     0.95171589
     0.95213650
     0.95257785
     0.95301533
     0.95344898
     0.95389662
     0.95447065
     0.95503787
     0.95560449
     0.95626283
     0.95691184
     0.95755165
     0.95811905
     0.95959596
     0.96969697
     0.97979798
     0.98989899
     1.00000000
     0.00000000
     0.00000000
     0.00000000
     0.00000000
     0.00000000
     0.00000000
     0.00000000
     0.00000000
     0.00000000
     0.00000000
     0.00000000
     0.00000000
     0.00000000
     0.00000000
     0.00000000
     0.00000000
     0.00000000
     0.00000000
     0.00000000
     0.00000000
     0.95386963
     0.95415810
     0.95444486
     0.95472990
     0.95501325
     0.95529490
     0.95557488
     0.95585318
     0.95612982
     0.95640480
     0.95667814
     0.95694984
     0.95721991
     0.95748837
     0.95775521
     0.95802046
     0.95828411
     0.95854617
     0.95840251
     0.95824782
     0.95826732
     0.95850308
     0.95873757
     0.95897079
     0.95920274
     0.95938607
     0.95945004
     0.95951391
     0.95957769
     0.95964136
     0.95970495
     0.95976843
     0.95983182
     0.95991891
     0.95955347
     0.95881423
     0.95819654
     0.95759646
     0.95703716
     0.95645499
     0.95628711
     0.95621382
     0.95614042
     0.95606691
     0.95594991
     0.95576834
     0.95558606
     0.95540306
     0.95521934
     0.95527459
     0.95568797
     0.95542559
     0.95508743
     0.95472640
     0.95423670
     0.95398420
     0.95373038
     0.95347523
     0.95298300
     0.95286319
     0.95249529
     0.95204779
     0.95191886
     0.95236212
     0.95280150
     0.95323702
     0.95363850
     0.95396183
     0.95446771
     0.95503496
     0.95559548
     0.95614933
     0.95669658
     0.95723731
     0.95778245
     0.95959596
     0.96969697
     0.97979798
     0.98989899
     1.00000000
     0.00000000
     0.00000000
     0.00000000
     0.00000000
     0.00000000
     0.00000000
     0.00000000
     0.00000000
     0.00000000
     0.00000000
     0.00000000
     0.00000000
     0.00000000
     0.00000000
     0.00000000
     0.00000000
     0.00000000
     0.00000000
     0.00000000
     0.00000000
     0.95386721
     0.95415569
     0.95444246
     0.95472752
     0.95501088
     0.95529255
     0.95557254
     0.95585085
     0.95612751
     0.95640250
     0.95667586
     0.95694757
     0.95721766
     0.95748613
     0.95775299
     0.95801824
     0.95828190
     0.95845797
     0.95830504
     0.95814588
     0.95834683
     0.95858217
     0.95881623
     0.95904902
     0.95928055
     0.95951083
     0.95958177
     0.95964544
     0.95970902
     0.95977250
     0.95983588
     0.95989917
     0.95996237
     0.96000390
     0.95929394
     0.95852685
     0.95790504
     0.95728521
     0.95672308
     0.95613865
     0.95606513
     0.95599149
     0.95591774
     0.95584387
     0.95571855
     0.95553607
     0.95535287
     0.95516895
     0.95498431
     0.95509720
     0.95551214
     0.95552153
     0.95518407
     0.95483228
     0.95431807
     0.95383835
     0.95358376
     0.95332784
     0.95332886
     0.95316585
     0.95276658
     0.95232150
     0.95214546
     0.95258673
     0.95302414
     0.95345771
     0.95378911
     0.95411144
     0.95446478
     0.95503206
     0.95559261
     0.95614649
     0.95669378
     0.95723454
     0.95773208
     0.95959596
     0.96969697
     0.97979798
     0.98989899
     1.00000000
     0.00000000
     0.00000000
     0.00000000
     0.00000000
     0.00000000
     0.00000000
     0.00000000
     0.00000000
     0.00000000
     0.00000000
     0.00000000
     0.00000000
     0.00000000
     0.00000000
     0.00000000
     0.00000000
     0.00000000
     0.00000000
     0.00000000
     0.00000000
     0.95386478
     0.95415329
     0.95444007
     0.95472514
     0.95500852
     0.95529020
     0.95557020
     0.95584853
     0.95612520
     0.95640021
     0.95667357
     0.95694530
     0.95721540
     0.95748389
     0.95775076
     0.95801603
     0.95827970
     0.95836217
     0.95820322
     0.95819002
     0.95842621
     0.95866111
     0.95889474
     0.95912711
     0.95935822
     0.95958808
     0.95971309
     0.95977657
     0.95983995
     0.95990323
     0.95996641
     0.96002951
     0.96009250
     0.95972794
     0.95901790
     0.95823755
     0.95761160
     0.95698584
     0.95640680
     0.95591596
     0.95584208
     0.95576809
     0.95569398
     0.95561975
     0.95548602
     0.95530263
     0.95511851
     0.95493368
     0.95474811
     0.95491914
     0.95533565
     0.95561728
     0.95528051
     0.95493791
     0.95442486
     0.95390624
     0.95343670
     0.95356074
     0.95367231
     0.95351044
     0.95306280
     0.95259373
     0.95237104
     0.95281034
     0.95324578
     0.95361578
     0.95393926
     0.95426058
     0.95457978
     0.95502916
     0.95558974
     0.95614366
     0.95669098
     0.95723177
     0.95773754
     0.95959596
     0.96969697
     0.97979798
     0.98989899
     1.00000000
     0.00000000
     0.00000000
     0.00000000
     0.00000000
     0.00000000
     0.00000000
     0.00000000
     0.00000000
     0.00000000
     0.00000000
     0.00000000
     0.00000000
     0.00000000
     0.00000000
     0.00000000
     0.00000000
     0.00000000
     0.00000000
     0.00000000
     0.00000000
     0.95386236
     0.95415088
     0.95443767
     0.95472276
     0.95500615
     0.95528785
     0.95556786
     0.95584621
     0.95612289
     0.95639791
     0.95667129
     0.95694303
     0.95721315
     0.95748164
     0.95774853
     0.95801381
     0.95827462
     0.95826049
     0.95810117
     0.95826968
     0.95850543
     0.95873991
     0.95897312
     0.95920506
     0.95943575
     0.95966519
     0.95984401
     0.95990728
     0.95997046
     0.96003355
     0.96009654
     0.96015971
     0.96015870
     0.95948033
     0.95872428
     0.95794633
     0.95731620
     0.95669219
     0.95608832
     0.95569219
     0.95561796
     0.95554360
     0.95546913
     0.95539454
     0.95525233
     0.95506802
     0.95488299
     0.95469722
     0.95452382
     0.95474040
     0.95515848
     0.95557288
     0.95537676
     0.95503825
     0.95453140
     0.95401394
     0.95386278
     0.95380642
     0.95397308
     0.95385261
     0.95339555
     0.95289675
     0.95271905
     0.95303294
     0.95344183
     0.95376646
     0.95408894
     0.95440927
     0.95472748
     0.95504356
     0.95558687
     0.95614082
     0.95668818
     0.95722900
     0.95774299
     0.95959596
     0.96969697
     0.97979798
     0.98989899
     1.00000000
     0.00000000
     0.00000000
     0.00000000
     0.00000000
     0.00000000
     0.00000000
     0.00000000
     0.00000000
     0.00000000
     0.00000000
     0.00000000
     0.00000000
     0.00000000
     0.00000000
     0.00000000
     0.00000000
     0.00000000
     0.00000000
     0.00000000
     0.00000000
     0.95385994
     0.95414847
     0.95443528
     0.95472038
     0.95500378
     0.95528550
     0.95556553
     0.95584388
     0.95612058
     0.95639562
     0.95666901
     0.95694076
     0.95721089
     0.95747940
     0.95774630
     0.95801027
     0.95826232
     0.95815858
     0.95811260
     0.95834920
     0.95858452
     0.95881856
     0.95905135
     0.95928287
     0.95951313
     0.95974215
     0.95996993
     0.96003759
     0.96010057
     0.96017315
     0.96026610
     0.96035884
     0.95993343
     0.95918987
     0.95842864
     0.95765316
     0.95701884
     0.95639663
     0.95578312
     0.95546734
     0.95539274
     0.95531803
     0.95524320
     0.95516825
     0.95501747
     0.95483224
     0.95464628
     0.95445959
     0.95434238
     0.95456099
     0.95498065
     0.95539662
     0.95547281
     0.95513499
     0.95463771
     0.95445714
     0.95438492
     0.95431259
     0.95424015
     0.95419239
     0.95372605
     0.95329907
     0.95310819
     0.95325455
     0.95359305
     0.95391667
     0.95423815
     0.95455750
     0.95487472
     0.95518982
     0.95558400
     0.95613799
     0.95668537
     0.95722624
     0.95774845
     0.95959596
     0.96969697
     0.97979798
     0.98989899
     1.00000000
     0.00000000
     0.00000000
     0.00000000
     0.00000000
     0.00000000
     0.00000000
     0.00000000
     0.00000000
     0.00000000
     0.00000000
     0.00000000
     0.00000000
     0.00000000
     0.00000000
     0.00000000
     0.00000000
     0.00000000
     0.00000000
     0.00000000
     0.00000000
     0.95385751
     0.95414606
     0.95443288
     0.95471800
     0.95500142
     0.95528314
     0.95556319
     0.95584156
     0.95611827
     0.95639332
     0.95666673
     0.95693850
     0.95720864
     0.95747716
     0.95774407
     0.95799789
     0.95821591
     0.95805642
     0.95819240
     0.95842856
     0.95866346
     0.95889708
     0.95912943
     0.95936053
     0.95959038
     0.95981898
     0.96004634
     0.96018658
     0.96027950
     0.96037221
     0.96046471
     0.96041067
     0.95970695
     0.95889742
     0.95813097
     0.95735804
     0.95671950
     0.95609914
     0.95548240
     0.95524139
     0.95516644
     0.95509137
     0.95501617
     0.95494086
     0.95478144
     0.95459528
     0.95440839
     0.95422077
     0.95416025
     0.95438090
     0.95480215
     0.95521968
     0.95556866
     0.95523153
     0.95504420
     0.95497286
     0.95490142
     0.95482987
     0.95475821
     0.95459497
     0.95405432
     0.95371038
     0.95352110
     0.95348396
     0.95374380
     0.95406643
     0.95438691
     0.95470526
     0.95502150
     0.95533563
     0.95564767
     0.95613515
     0.95668257
     0.95722347
     0.95775390
     0.95959596
     0.96969697
     0.97979798
     0.98989899
     1.00000000
     0.00000000
     0.00000000
     0.00000000
     0.00000000
     0.00000000
     0.00000000
     0.00000000
     0.00000000
     0.00000000
     0.00000000
     0.00000000
     0.00000000
     0.00000000
     0.00000000
     0.00000000
     0.00000000
     0.00000000
     0.00000000
     0.00000000
     0.00000000
     0.95385509
     0.95414365
     0.95443049
     0.95471562
     0.95499905
     0.95528079
     0.95556085
     0.95583923
     0.95611596
     0.95639102
     0.95666444
     0.95693623
     0.95720638
     0.95747492
     0.95773185
     0.95798551
     0.95811389
     0.95803503
     0.95827205
     0.95850779
     0.95874225
     0.95897544
     0.95920738
     0.95943805
     0.95966748
     0.95992434
     0.96018136
     0.96038557
     0.96047805
     0.96057031
     0.96066237
     0.96018676
     0.95944473
     0.95860297
     0.95783127
     0.95706095
     0.95641817
     0.95579972
     0.95527008
     0.95506449
     0.95493904
     0.95486361
     0.95478805
     0.95471238
     0.95454423
     0.95435714
     0.95416932
     0.95398076
     0.95397744
     0.95420013
     0.95462297
     0.95504208
     0.95545751
     0.95560888
     0.95555358
     0.95548302
     0.95541235
     0.95534157
     0.95527069
     0.95519887
     0.95438038
     0.95411823
     0.95390563
     0.95373031
     0.95397781
     0.95422405
     0.95453520
     0.95485257
     0.95516783
     0.95548099
     0.95579206
     0.95613232
     0.95667977
     0.95722070
     0.95775517
     0.95959596
     0.96969697
     0.97979798
     0.98989899
     1.00000000
     0.00000000
     0.00000000
     0.00000000
     0.00000000
     0.00000000
     0.00000000
     0.00000000
     0.00000000
     0.00000000
     0.00000000
     0.00000000
     0.00000000
     0.00000000
     0.00000000
     0.00000000
     0.00000000
     0.00000000
     0.00000000
     0.00000000
     0.00000000
     0.95385267
     0.95414124
     0.95442809
     0.95471324
     0.95499668
     0.95527844
     0.95555851
     0.95583691
     0.95611364
     0.95638873
     0.95666216
     0.95693396
     0.95720413
     0.95746421
     0.95771940
     0.95797312
     0.95801163
     0.95811497
     0.95835156
     0.95858687
     0.95882090
     0.95905367
     0.95929301
     0.95955391
     0.95981321
     0.96007092
     0.96032704
     0.96058158
     0.96067565
     0.96076747
     0.96066110
     0.95996165
     0.95916189
     0.95830650
     0.95752952
     0.95676189
     0.95611487
     0.95549834
     0.95510995
     0.95490441
     0.95471055
     0.95463475
     0.95455883
     0.95448279
     0.95430583
     0.95411781
     0.95392905
     0.95378042
     0.95379392
     0.95401868
     0.95444311
     0.95486381
     0.95552971
     0.95612624
     0.95605747
     0.95598766
     0.95591776
     0.95584774
     0.95577763
     0.95568974
     0.95495295
     0.95452267
     0.95422165
     0.95397541
     0.95422166
     0.95446666
     0.95471041
     0.95499942
     0.95531370
     0.95562589
     0.95593600
     0.95624403
     0.95667697
     0.95721793
     0.95775244
     0.95959596
     0.96969697
     0.97979798
     0.98989899
     1.00000000
     0.00000000
     0.00000000
     0.00000000
     0.00000000
     0.00000000
     0.00000000
     0.00000000
     0.00000000
     0.00000000
     0.00000000
     0.00000000
     0.00000000
     0.00000000
     0.00000000
     0.00000000
     0.00000000
     0.00000000
     0.00000000
     0.00000000
     0.00000000
     0.95385024
     0.95413883
     0.95442570
     0.95471086
     0.95499432
     0.95527609
     0.95555617
     0.95583458
     0.95611133
     0.95638643
     0.95665988
     0.95693169
     0.95719495
     0.95745168
     0.95770694
     0.95796073
     0.95795733
     0.95819477
     0.95843092
     0.95866580
     0.95891701
     0.95918021
     0.95944181
     0.95970179
     0.95996018
     0.96021698
     0.96047220
     0.96072586
     0.96087230
     0.96096368
     0.96043856
     0.95973510
     0.95887716
     0.95800800
     0.95722570
     0.95645532
     0.95581555
     0.95519501
     0.95494928
     0.95474377
     0.95453489
     0.95440479
     0.95432850
     0.95425209
     0.95406625
     0.95387728
     0.95368758
     0.95359616
     0.95360972
     0.95383655
     0.95426258
     0.95490411
     0.95577826
     0.95662325
     0.95655589
     0.95648685
     0.95641770
     0.95634844
     0.95627908
     0.95617548
     0.95561421
     0.95500700
     0.95453561
     0.95421927
     0.95446428
     0.95470804
     0.95495056
     0.95519184
     0.95545913
     0.95577034
     0.95607949
     0.95638657
     0.95669160
     0.95721516
     0.95774970
     0.95959596
     0.96969697
     0.97979798
     0.98989899
     1.00000000
     0.00000000
     0.00000000
     0.00000000
     0.00000000
     0.00000000
     0.00000000
     0.00000000
     0.00000000
     0.00000000
     0.00000000
     0.00000000
     0.00000000
     0.00000000
     0.00000000
     0.00000000
     0.00000000
     0.00000000
     0.00000000
     0.00000000
     0.00000000
     0.95384782
     0.95413642
     0.95442330
     0.95470848
     0.95499195
     0.95527373
     0.95555383
     0.95583226
     0.95610902
     0.95638413
     0.95665759
     0.95692406
     0.95718234
     0.95743914
     0.95769447
     0.95794834
     0.95803741
     0.95827442
     0.95853767
     0.95880321
     0.95906711
     0.95932940
     0.95959007
     0.95984915
     0.96010663
     0.96036254
     0.96061686
     0.96086962
     0.96106800
     0.96091002
     0.96021481
     0.95945419
     0.95859053
     0.95770928
     0.95691981
     0.95613328
     0.95551428
     0.95498160
     0.95478805
     0.95458259
     0.95437300
     0.95417371
     0.95409706
     0.95401463
     0.95382546
     0.95363556
     0.95344491
     0.95341120
     0.95342481
     0.95365373
     0.95427013
     0.95515599
     0.95602548
     0.95685694
     0.95704892
     0.95698062
     0.95691222
     0.95684372
     0.95677511
     0.95665614
     0.95624873
     0.95557467
     0.95489071
     0.95452456
     0.95470568
     0.95494821
     0.95518950
     0.95542956
     0.95566839
     0.95591435
     0.95622253
     0.95652866
     0.95683274
     0.95721240
     0.95774697
     0.95959596
     0.96969697
     0.97979798
     0.98989899
     1.00000000
     0.00000000
     0.00000000
     0.00000000
     0.00000000
     0.00000000
     0.00000000
     0.00000000
     0.00000000
     0.00000000
     0.00000000
     0.00000000
     0.00000000
     0.00000000
     0.00000000
     0.00000000
     0.00000000
     0.00000000
     0.00000000
     0.00000000
     0.00000000
     0.95384539
     0.95413401
     0.95442091
     0.95470610
     0.95498958
     0.95527138
     0.95555149
     0.95582994
     0.95610671
     0.95638183
     0.95665153
     0.95691137
     0.95716973
     0.95742660
     0.95768200
     0.95788546
     0.95815499
     0.95842287
     0.95868911
     0.95895371
     0.95921669
     0.95947806
     0.95973783
     0.95999599
     0.96025257
     0.96050758
     0.96076101
     0.96101289
     0.96126277
     0.96068882
     0.95998984
     0.95917141
     0.95830199
     0.95741487
     0.95661184
     0.95580897
     0.95521106
     0.95482049
     0.95462627
     0.95442087
     0.95421057
     0.95399934
     0.95386450
     0.95377359
     0.95358348
     0.95339263
     0.95321189
     0.95322555
     0.95323920
     0.95362767
     0.95452538
     0.95540653
     0.95627138
     0.95708942
     0.95753660
     0.95746905
     0.95740139
     0.95733362
     0.95726576
     0.95718990
     0.95676555
     0.95613550
     0.95545977
     0.95483654
     0.95494585
     0.95518716
     0.95542723
     0.95566608
     0.95590370
     0.95614011
     0.95637531
     0.95667030
     0.95697344
     0.95727455
     0.95774423
     0.95959596
     0.96969697
     0.97979798
     0.98989899
     1.00000000
     0.00000000
     0.00000000
     0.00000000
     0.00000000
     0.00000000
     0.00000000
     0.00000000
     0.00000000
     0.00000000
     0.00000000
     0.00000000
     0.00000000
     0.00000000
     0.00000000
     0.00000000
     0.00000000
     0.00000000
     0.00000000
     0.00000000
     0.00000000
     0.95384297
     0.95413160
     0.95441851
     0.95470371
     0.95498722
     0.95526903
     0.95554915
     0.95582761
     0.95610440
     0.95637736
     0.95663877
     0.95689869
     0.95715711
     0.95743231
     0.95772407
     0.95803917
     0.95830776
     0.95857470
     0.95884001
     0.95910369
     0.95936575
     0.95962620
     0.95988506
     0.96014232
     0.96039800
     0.96065211
     0.96090466
     0.96115564
     0.96109631
     0.96046643
     0.95974449
     0.95888674
     0.95801152
     0.95711850
     0.95630176
     0.95548915
     0.95490586
     0.95465882
     0.95446395
     0.95425860
     0.95404758
     0.95383564
     0.95363082
     0.95353134
     0.95334029
     0.95314849
     0.95302547
     0.95303918
     0.95319160
     0.95388634
     0.95477928
     0.95565573
     0.95651597
     0.95732071
     0.95795548
     0.95795217
     0.95788524
     0.95781822
     0.95775109
     0.95770391
     0.95725301
     0.95668957
     0.95602198
     0.95534459
     0.95518482
     0.95542490
     0.95566376
     0.95590140
     0.95613782
     0.95637303
     0.95660704
     0.95683985
     0.95711370
     0.95741388
     0.95774150
     0.95959596
     0.96969697
     0.97979798
     0.98989899
     1.00000000
     0.00000000
     0.00000000
     0.00000000
     0.00000000
     0.00000000
     0.00000000
     0.00000000
     0.00000000
     0.00000000
     0.00000000
     0.00000000
     0.00000000
     0.00000000
     0.00000000
     0.00000000
     0.00000000
     0.00000000
     0.00000000
     0.00000000
     0.00000000
     0.95384054
     0.95412919
     0.95441612
     0.95470133
     0.95498485
     0.95526667
     0.95554682
     0.95582528
     0.95610153
     0.95636452
     0.95662601
     0.95691599
     0.95721112
     0.95750433
     0.95779562
     0.95819235
     0.95846000
     0.95872601
     0.95899038
     0.95925314
     0.95951429
     0.95977383
     0.96003177
     0.96028814
     0.96054292
     0.96079614
     0.96104779
     0.96129790
     0.96081062
     0.96024283
     0.95946365
     0.95860018
     0.95771913
     0.95682017
     0.95598956
     0.95517142
     0.95469135
     0.95449661
     0.95430107
     0.95409578
     0.95388405
     0.95367139
     0.95345780
     0.95328790
     0.95309589
     0.95290313
     0.95283835
     0.95295340
     0.95350096
     0.95414363
     0.95503182
     0.95590361
     0.95675926
     0.95755080
     0.95818231
     0.95843004
     0.95836384
     0.95829754
     0.95822406
     0.95818126
     0.95773522
     0.95723696
     0.95657743
     0.95590819
     0.95550818
     0.95566144
     0.95589909
     0.95613552
     0.95637075
     0.95660477
     0.95683759
     0.95706922
     0.95729966
     0.95755277
     0.95785000
     0.95959596
     0.96969697
     0.97979798
     0.98989899
     1.00000000
     0.00000000
     0.00000000
     0.00000000
     0.00000000
     0.00000000
     0.00000000
     0.00000000
     0.00000000
     0.00000000
     0.00000000
     0.00000000
     0.00000000
     0.00000000
     0.00000000
     0.00000000
     0.00000000
     0.00000000
     0.00000000
     0.00000000
     0.00000000
     0.95383812
     0.95412678
     0.95441372
     0.95469895
     0.95498248
     0.95526432
     0.95554448
     0.95582296
     0.95609317
     0.95639368
     0.95669224
     0.95698884
     0.95728350
     0.95757623
     0.95805912
     0.95834499
     0.95861170
     0.95887678
     0.95914023
     0.95940207
     0.95966230
     0.95992093
     0.96017798
     0.96043344
     0.96068733
     0.96093966
     0.96119043
     0.96107736
     0.96052293
     0.95996094
     0.95918093
     0.95831170
     0.95742478
     0.95651985
     0.95567524
     0.95485219
     0.95452925
     0.95433384
     0.95413764
     0.95393240
     0.95371996
     0.95350658
     0.95329226
     0.95304323
     0.95285027
     0.95265656
     0.95271405
     0.95326426
     0.95380839
     0.95439956
     0.95528302
     0.95615016
     0.95700124
     0.95777972
     0.95840796
     0.95890271
     0.95883723
     0.95877166
     0.95870174
     0.95865345
     0.95821223
     0.95776651
     0.95712617
     0.95646500
     0.95598047
     0.95589678
     0.95613323
     0.95636846
     0.95660250
     0.95683533
     0.95706697
     0.95729742
     0.95752669
     0.95775478
     0.95798753
     0.95959596
     0.96969697
     0.97979798
     0.98989899
     1.00000000
     0.00000000
     0.00000000
     0.00000000
     0.00000000
     0.00000000
     0.00000000
     0.00000000
     0.00000000
     0.00000000
     0.00000000
     0.00000000
     0.00000000
     0.00000000
     0.00000000
     0.00000000
     0.00000000
     0.00000000
     0.00000000
     0.00000000
     0.00000000
     0.95383570
     0.95412437
     0.95441132
     0.95469657
     0.95498011
     0.95526197
     0.95555818
     0.95586534
     0.95616735
     0.95646738
     0.95676546
     0.95706158
     0.95735576
     0.95764802
     0.95822967
     0.95849709
     0.95876287
     0.95902703
     0.95928956
     0.95955048
     0.95980980
     0.96006753
     0.96032367
     0.96057823
     0.96083123
     0.96108267
     0.96133257
     0.96079155
     0.96023322
     0.95962904
     0.95889633
     0.95802130
     0.95712848
     0.95621754
     0.95535878
     0.95453708
     0.95436659
     0.95417052
     0.95397365
     0.95376847
     0.95355531
     0.95334121
     0.95312617
     0.95285356
     0.95260343
     0.95247354
     0.95302642
     0.95357318
     0.95411388
     0.95465412
     0.95553289
     0.95639540
     0.95724193
     0.95800745
     0.95863245
     0.95924854
     0.95930547
     0.95920417
     0.95918807
     0.95912054
     0.95868409
     0.95824318
     0.95766828
     0.95701510
     0.95644798
     0.95635502
     0.95636618
     0.95660023
     0.95683307
     0.95706472
     0.95729519
     0.95752447
     0.95775257
     0.95797951
     0.95820527
     0.95959596
     0.96969697
     0.97979798
     0.98989899
     1.00000000
     0.00000000
     0.00000000
     0.00000000
     0.00000000
     0.00000000
     0.00000000
     0.00000000
     0.00000000
     0.00000000
     0.00000000
     0.00000000
     0.00000000
     0.00000000
     0.00000000
     0.00000000
     0.00000000
     0.00000000
     0.00000000
     0.00000000
     0.00000000
     0.95383327
     0.95412196
     0.95440893
     0.95469419
     0.95500569
     0.95532474
     0.95563639
     0.95593989
     0.95624141
     0.95654096
     0.95683855
     0.95713420
     0.95742791
     0.95787184
     0.95838218
     0.95864867
     0.95891352
     0.95917675
     0.95943836
     0.95969837
     0.95995678
     0.96021360
     0.96046885
     0.96072252
     0.96097463
     0.96122519
     0.96105841
     0.96050372
     0.95994146
     0.95927948
     0.95855676
     0.95772897
     0.95683021
     0.95591322
     0.95504017
     0.95433966
     0.95419386
     0.95400664
     0.95380910
     0.95360399
     0.95339011
     0.95317528
     0.95295952
     0.95266728
     0.95229667
     0.95278131
     0.95333682
     0.95388014
     0.95441744
     0.95494877
     0.95578142
     0.95663933
     0.95748134
     0.95823400
     0.95885578
     0.95946868
     0.95976707
     0.95960464
     0.95966892
     0.95958257
     0.95915084
     0.95871470
     0.95820384
     0.95755856
     0.95691075
     0.95681873
     0.95672652
     0.95683081
     0.95706247
     0.95729295
     0.95752224
     0.95775036
     0.95797730
     0.95820308
     0.95842770
     0.95959596
     0.96969697
     0.97979798
     0.98989899
     1.00000000
     0.00000000
     0.00000000
     0.00000000
     0.00000000
     0.00000000
     0.00000000
     0.00000000
     0.00000000
     0.00000000
     0.00000000
     0.00000000
     0.00000000
     0.00000000
     0.00000000
     0.00000000
     0.00000000
     0.00000000
     0.00000000
     0.00000000
     0.00000000
     0.95383085
     0.95412162
     0.95444665
     0.95476948
     0.95509014
     0.95540631
     0.95571131
     0.95601432
     0.95631536
     0.95661442
     0.95691153
     0.95720670
     0.95749994
     0.95815009
     0.95853416
     0.95879971
     0.95906364
     0.95932595
     0.95958664
     0.95984574
     0.96010325
     0.96035917
     0.96061352
     0.96086630
     0.96111752
     0.96132352
     0.96077246
     0.96021387
     0.95964356
     0.95892702
     0.95819832
     0.95743469
     0.95652996
     0.95560689
     0.95471939
     0.95417171
     0.95401567
     0.95384220
     0.95364399
     0.95343895
     0.95322434
     0.95300879
     0.95279230
     0.95247509
     0.95250963
     0.95298932
     0.95358599
     0.95417545
     0.95471909
     0.95524707
     0.95602862
     0.95688196
     0.95771946
     0.95845939
     0.95907795
     0.95968769
     0.96016225
     0.96005471
     0.96014433
     0.96003960
     0.95961255
     0.95918113
     0.95873291
     0.95809544
     0.95744856
     0.95727773
     0.95718646
     0.95709500
     0.95729071
     0.95752002
     0.95774814
     0.95797510
     0.95820089
     0.95842552
     0.95864900
     0.95959596
     0.96969697
     0.97979798
     0.98989899
     1.00000000
     0.00000000
     0.00000000
     0.00000000
     0.00000000
     0.00000000
     0.00000000
     0.00000000
     0.00000000
     0.00000000
     0.00000000
     0.00000000
     0.00000000
     0.00000000
     0.00000000
     0.00000000
     0.00000000
     0.00000000
     0.00000000
     0.00000000
     0.00000000
     0.95388100
     0.95420765
     0.95453210
     0.95485435
     0.95517443
     0.95548160
     0.95578611
     0.95608863
     0.95638918
     0.95668776
     0.95698440
     0.95727909
     0.95768376
     0.95841934
     0.95868560
     0.95895023
     0.95921323
     0.95947462
     0.95973441
     0.95999260
     0.96024920
     0.96050422
     0.96075768
     0.96100957
     0.96125991
     0.96103944
     0.96048450
     0.95992198
     0.95929412
     0.95857164
     0.95783691
     0.95708973
     0.95622772
     0.95529853
     0.95439643
     0.95400318
     0.95383681
     0.95367721
     0.95347832
     0.95327336
     0.95305802
     0.95284174
     0.95260620
     0.95265103
     0.95281437
     0.95319938
     0.95379063
     0.95437761
     0.95495749
     0.95553034
     0.95627451
     0.95712328
     0.95795631
     0.95868361
     0.95929898
     0.95987498
     0.96037685
     0.96052577
     0.96061438
     0.96049167
     0.96006925
     0.95964250
     0.95921139
     0.95862583
     0.95798678
     0.95773208
     0.95764173
     0.95755120
     0.95751779
     0.95774593
     0.95797290
     0.95819870
     0.95842334
     0.95864683
     0.95886916
     0.95959596
     0.96969697
     0.97979798
     0.98989899
     1.00000000
     0.00000000
     0.00000000
     0.00000000
     0.00000000
     0.00000000
     0.00000000
     0.00000000
     0.00000000
     0.00000000
     0.00000000
     0.00000000
     0.00000000
     0.00000000
     0.00000000
     0.00000000
     0.00000000
     0.00000000
     0.00000000
     0.00000000
     0.00000000
     0.95396746
     0.95429352
     0.95461739
     0.95493907
     0.95525075
     0.95555677
     0.95586079
     0.95616282
     0.95646289
     0.95676099
     0.95705714
     0.95735136
     0.95796320
     0.95857119
     0.95883652
     0.95910022
     0.95936230
     0.95962278
     0.95988165
     0.96013894
     0.96039464
     0.96064877
     0.96090133
     0.96115234
     0.96130468
     0.96075336
     0.96019451
     0.95962803
     0.95894178
     0.95821333
     0.95747252
     0.95671917
     0.95592347
     0.95498813
     0.95418852
     0.95383405
     0.95365730
     0.95351165
     0.95331209
     0.95310720
     0.95289114
     0.95267413
     0.95279155
     0.95287837
     0.95313224
     0.95351478
     0.95399441
     0.95457893
     0.95515637
     0.95572681
     0.95643753
     0.95734239
     0.95819189
     0.95890667
     0.95951886
     0.96002874
     0.96052411
     0.96099149
     0.96107910
     0.96093884
     0.96052100
     0.96009888
     0.95967244
     0.95914979
     0.95851848
     0.95818180
     0.95809237
     0.95800276
     0.95791297
     0.95797070
     0.95819651
     0.95842116
     0.95864466
     0.95886701
     0.95908821
     0.95959596
     0.96969697
     0.97979798
     0.98989899
     1.00000000
     0.00000000
     0.00000000
     0.00000000
     0.00000000
     0.00000000
     0.00000000
     0.00000000
     0.00000000
     0.00000000
     0.00000000
     0.00000000
     0.00000000
     0.00000000
     0.00000000
     0.00000000
     0.00000000
     0.00000000
     0.00000000
     0.00000000
     0.00000000
     0.95405376
     0.95437925
     0.95470253
     0.95501877
     0.95532629
     0.95563182
     0.95593535
     0.95623689
     0.95653647
     0.95683409
     0.95712977
     0.95749488
     0.95824087
     0.95872250
     0.95898690
     0.95924968
     0.95951085
     0.95977041
     0.96002838
     0.96028476
     0.96053957
     0.96079280
     0.96104448
     0.96129461
     0.96102047
     0.96046527
     0.95990248
     0.95930875
     0.95858652
     0.95785204
     0.95710512
     0.95634556
     0.95557318
     0.95467567
     0.95402004
     0.95366433
     0.95347712
     0.95334553
     0.95314529
     0.95294048
     0.95272369
     0.95284021
     0.95301872
     0.95310467
     0.95344806
     0.95382815
     0.95420529
     0.95477939
     0.95535440
     0.95592244
     0.95655654
     0.95745903
     0.95834359
     0.95910291
     0.95962478
     0.96004785
     0.96046668
     0.96116512
     0.96153856
     0.96138115
     0.96096785
     0.96055031
     0.96012849
     0.95966739
     0.95904374
     0.95862694
     0.95853843
     0.95844973
     0.95836085
     0.95827179
     0.95841898
     0.95864249
     0.95886485
     0.95908606
     0.95930614
     0.95959596
     0.96969697
     0.97979798
     0.98989899
     1.00000000
     0.00000000
     0.00000000
     0.00000000
     0.00000000
     0.00000000
     0.00000000
     0.00000000
     0.00000000
     0.00000000
     0.00000000
     0.00000000
     0.00000000
     0.00000000
     0.00000000
     0.00000000
     0.00000000
     0.00000000
     0.00000000
     0.00000000
     0.00000000
     0.00000000
     0.95446481
     0.95478563
     0.95509468
     0.95540171
     0.95570674
     0.95600978
     0.95631085
     0.95660994
     0.95690708
     0.95720228
     0.95777551
     0.95851679
     0.95887329
     0.95913677
     0.95939863
     0.95965888
     0.95991753
     0.96017459
     0.96043008
     0.96068399
     0.96093634
     0.96118713
     0.96128584
     0.96073426
     0.96017514
     0.95960840
     0.95895653
     0.95822833
     0.95748778
     0.95673469
     0.95596887
     0.95519014
     0.95444789
     0.95385097
     0.95349402
     0.95329627
     0.95317885
     0.95297793
     0.95277320
     0.95285560
     0.95311880
     0.95324438
     0.95338125
     0.95376186
     0.95413951
     0.95451423
     0.95497902
     0.95555161
     0.95611725
     0.95667602
     0.95757537
     0.95845761
     0.95913813
     0.95956609
     0.95998976
     0.96044191
     0.96116451
     0.96170971
     0.96181865
     0.96140984
     0.96099684
     0.96057960
     0.96015808
     0.95956263
     0.95906755
     0.95897993
     0.95889214
     0.95880417
     0.95871602
     0.95864032
     0.95886269
     0.95908392
     0.95930400
     0.95952296
     0.95974078
     0.96969697
     0.97979798
     0.98989899
     1.00000000
     0.00000000
     0.00000000
     0.00000000
     0.00000000
     0.00000000
     0.00000000
     0.00000000
     0.00000000
     0.00000000
     0.00000000
     0.00000000
     0.00000000
     0.00000000
     0.00000000
     0.00000000
     0.00000000
     0.00000000
     0.00000000
     0.00000000
     0.00000000
     0.00000000
     0.95455023
     0.95486192
     0.95517047
     0.95547701
     0.95578155
     0.95608410
     0.95638468
     0.95668329
     0.95697995
     0.95730519
     0.95805437
     0.95875938
     0.95902355
     0.95928610
     0.95954705
     0.95980639
     0.96006413
     0.96032030
     0.96057488
     0.96082790
     0.96107936
     0.96132928
     0.96100149
     0.96044603
     0.95988298
     0.95931226
     0.95860140
     0.95786717
     0.95712050
     0.95636121
     0.95558909
     0.95480395
     0.95423099
     0.95368132
     0.95332312
     0.95311475
     0.95301112
     0.95281000
     0.95287099
     0.95313410
     0.95337016
     0.95346901
     0.95369548
     0.95407365
     0.95444888
     0.95482118
     0.95519059
     0.95574798
     0.95631124
     0.95686765
     0.95769141
     0.95857134
     0.95907876
     0.95950732
     0.95993158
     0.96043997
     0.96116261
     0.96180107
     0.96198346
     0.96184703
     0.96143852
     0.96102581
     0.96060887
     0.96007522
     0.95950366
     0.95941694
     0.95933004
     0.95924297
     0.95915572
     0.95906829
     0.95908177
     0.95930187
     0.95952083
     0.95973867
     0.95989163
     0.96969697
     0.97979798
     0.98989899
     1.00000000
     0.00000000
     0.00000000
     0.00000000
     0.00000000
     0.00000000
     0.00000000
     0.00000000
     0.00000000
     0.00000000
     0.00000000
     0.00000000
     0.00000000
     0.00000000
     0.00000000
     0.00000000
     0.00000000
     0.00000000
     0.00000000
     0.00000000
     0.00000000
     0.00000000
     0.95462801
     0.95493808
     0.95524614
     0.95555218
     0.95585623
     0.95615830
     0.95645839
     0.95675652
     0.95705270
     0.95758702
     0.95833146
     0.95891003
     0.95917328
     0.95943492
     0.95969495
     0.95995338
     0.96021022
     0.96046549
     0.96071918
     0.96097131
     0.96122189
     0.96126698
     0.96071514
     0.96015577
     0.95958877
     0.95897128
     0.95824333
     0.95750303
     0.95675020
     0.95598465
     0.95520618
     0.95441460
     0.95396272
     0.95351106
     0.95315161
     0.95293257
     0.95282855
     0.95287295
     0.95314940
     0.95341104
     0.95360769
     0.95369260
     0.95400770
     0.95438344
     0.95475625
     0.95512616
     0.95549319
     0.95594353
     0.95650441
     0.95705847
     0.95780714
     0.95854342
     0.95901931
     0.95944847
     0.95987332
     0.96043804
     0.96116071
     0.96187070
     0.96205665
     0.96203620
     0.96187540
     0.96146718
     0.96105476
     0.96058158
     0.95997148
     0.95984949
     0.95976348
     0.95967729
     0.95959093
     0.95950439
     0.95941768
     0.95951871
     0.95973655
     0.95988372
     0.95997229
     0.96969697
     0.97979798
     0.98989899
     1.00000000
     0.00000000
     0.00000000
     0.00000000
     0.00000000
     0.00000000
     0.00000000
     0.00000000
     0.00000000
     0.00000000
     0.00000000
     0.00000000
     0.00000000
     0.00000000
     0.00000000
     0.00000000
     0.00000000
     0.00000000
     0.00000000
     0.00000000
     0.00000000
     0.00000000
     0.95470455
     0.95501413
     0.95532168
     0.95562724
     0.95593080
     0.95623238
     0.95653198
     0.95682963
     0.95712534
     0.95786706
     0.95860681
     0.95906016
     0.95932249
     0.95958321
     0.95984233
     0.96009986
     0.96035580
     0.96061017
     0.96086297
     0.96111422
     0.96136391
     0.96098250
     0.96042678
     0.95986347
     0.95929248
     0.95861627
     0.95788229
     0.95713588
     0.95637684
     0.95560499
     0.95482012
     0.95413415
     0.95370267
     0.95330784
     0.95297951
     0.95274971
     0.95285376
     0.95315058
     0.95342625
     0.95367244
     0.95383065
     0.95394166
     0.95431791
     0.95469123
     0.95506165
     0.95542918
     0.95579384
     0.95615566
     0.95669677
     0.95724849
     0.95786966
     0.95849191
     0.95895978
     0.95938953
     0.95981497
     0.96043611
     0.96115881
     0.96186884
     0.96212971
     0.96210930
     0.96208888
     0.96190374
     0.96149581
     0.96108178
     0.96047910
     0.96027761
     0.96019248
     0.96010718
     0.96002170
     0.95993604
     0.95985021
     0.95976421
     0.95987582
     0.95996440
     0.96005279
     0.96969697
     0.97979798
     0.98989899
     1.00000000
     0.00000000
     0.00000000
     0.00000000
     0.00000000
     0.00000000
     0.00000000
     0.00000000
     0.00000000
     0.00000000
     0.00000000
     0.00000000
     0.00000000
     0.00000000
     0.00000000
     0.00000000
     0.00000000
     0.00000000
     0.00000000
     0.00000000
     0.00000000
     0.00000000
     0.95478097
     0.95509005
     0.95539711
     0.95570217
     0.95600524
     0.95630633
     0.95660546
     0.95690263
     0.95739772
     0.95814534
     0.95888041
     0.95920977
     0.95947118
     0.95973099
     0.95998920
     0.96024582
     0.96050087
     0.96075434
     0.96100626
     0.96125662
     0.96124811
     0.96069602
     0.96013638
     0.95956912
     0.95898602
     0.95825832
     0.95751828
     0.95676570
     0.95600041
     0.95522221
     0.95443090
     0.95386217
     0.95344122
     0.95304427
     0.95280681
     0.95273897
     0.95314171
     0.95342665
     0.95370143
     0.95390904
     0.95405260
     0.95425229
     0.95462613
     0.95499705
     0.95536508
     0.95573025
     0.95609256
     0.95645204
     0.95688831
     0.95743770
     0.95781735
     0.95844034
     0.95890017
     0.95933052
     0.95975655
     0.96043418
     0.96115691
     0.96186697
     0.96220263
     0.96218226
     0.96216188
     0.96214149
     0.96193207
     0.96152443
     0.96098054
     0.96070136
     0.96061710
     0.96053267
     0.96044806
     0.96036329
     0.96027833
     0.96015525
     0.96000990
     0.96004492
     0.96013314
     0.96969697
     0.97979798
     0.98989899
     1.00000000
     0.00000000
     0.00000000
     0.00000000
     0.00000000
     0.00000000
     0.00000000
     0.00000000
     0.00000000
     0.00000000
     0.00000000
     0.00000000
     0.00000000
     0.00000000
     0.00000000
     0.00000000
     0.00000000
     0.00000000
     0.00000000
     0.00000000
     0.00000000
     0.00000000
     0.95485727
     0.95516585
     0.95547241
     0.95577698
     0.95607957
     0.95638017
     0.95667882
     0.95697551
     0.95767896
     0.95842187
     0.95909675
     0.95935885
     0.95961935
     0.95987824
     0.96013555
     0.96039127
     0.96064542
     0.96089801
     0.96114904
     0.96139852
     0.96096350
     0.96040752
     0.95984395
     0.95927270
     0.95863113
     0.95789741
     0.95715125
     0.95639248
     0.95562089
     0.95483629
     0.95403848
     0.95358864
     0.95317836
     0.95277928
     0.95275921
     0.95302758
     0.95342641
     0.95370118
     0.95396971
     0.95414448
     0.95427352
     0.95456093
     0.95493236
     0.95530090
     0.95566656
     0.95602937
     0.95638935
     0.95674652
     0.95710089
     0.95749373
     0.95777411
     0.95838872
     0.95884047
     0.95927142
     0.95969805
     0.96043224
     0.96115502
     0.96186511
     0.96223155
     0.96225509
     0.96223474
     0.96221439
     0.96219402
     0.96196037
     0.96147588
     0.96112077
     0.96103738
     0.96095381
     0.96087007
     0.96078616
     0.96066190
     0.96051833
     0.96037425
     0.96022967
     0.96021334
     0.96969697
     0.97979798
     0.98989899
     1.00000000
     0.00000000
     0.00000000
     0.00000000
     0.00000000
     0.00000000
     0.00000000
     0.00000000
     0.00000000
     0.00000000
     0.00000000
     0.00000000
     0.00000000
     0.00000000
     0.00000000
     0.00000000
     0.00000000
     0.00000000
     0.00000000
     0.00000000
     0.00000000
     0.00000000
     0.95493344
     0.95524152
     0.95554760
     0.95585168
     0.95615377
     0.95645389
     0.95675205
     0.95720762
     0.95795843
     0.95869664
     0.95924622
     0.95950741
     0.95976700
     0.96002498
     0.96028139
     0.96053621
     0.96078947
     0.96104117
     0.96129132
     0.96122924
     0.96067689
     0.96011699
     0.95954946
     0.95897420
     0.95827331
     0.95753352
     0.95678120
     0.95601617
     0.95523824
     0.95444719
     0.95376459
     0.95331358
     0.95291410
     0.95262643
     0.95300376
     0.95331452
     0.95370094
     0.95397417
     0.95420214
     0.95437878
     0.95449564
     0.95486758
     0.95523663
     0.95560279
     0.95596610
     0.95632657
     0.95668423
     0.95703908
     0.95735126
     0.95751101
     0.95779128
     0.95833702
     0.95878070
     0.95921224
     0.95969462
     0.96043031
     0.96115312
     0.96186324
     0.96221224
     0.96232778
     0.96230747
     0.96228715
     0.96226683
     0.96224649
     0.96196518
     0.96153588
     0.96145334
     0.96137063
     0.96128775
     0.96116238
     0.96102056
     0.96087824
     0.96073542
     0.96059211
     0.96044829
     0.96969697
     0.97979798
     0.98989899
     1.00000000
     0.00000000
     0.00000000
     0.00000000
     0.00000000
     0.00000000
     0.00000000
     0.00000000
     0.00000000
     0.00000000
     0.00000000
     0.00000000
     0.00000000
     0.00000000
     0.00000000
     0.00000000
     0.00000000
     0.00000000
     0.00000000
     0.00000000
     0.00000000
     0.00000000
     0.95500949
     0.95531708
     0.95562266
     0.95592625
     0.95622786
     0.95652749
     0.95682517
     0.95749006
     0.95823613
     0.95896967
     0.95939518
     0.95965545
     0.95991413
     0.96017121
     0.96042671
     0.96068065
     0.96093302
     0.96118383
     0.96143310
     0.96094449
     0.96038825
     0.95982442
     0.95925290
     0.95864599
     0.95791252
     0.95716662
     0.95640810
     0.95563678
     0.95485244
     0.95405491
     0.95349051
     0.95304854
     0.95272111
     0.95289275
     0.95324711
     0.95359978
     0.95397393
     0.95421076
     0.95443345
     0.95461194
     0.95480272
     0.95517227
     0.95553893
     0.95590274
     0.95626371
     0.95662185
     0.95697720
     0.95732976
     0.95746886
     0.95755464
     0.95780844
     0.95828431
     0.95872083
     0.95915298
     0.95969266
     0.96042838
     0.96115122
     0.96186138
     0.96219292
     0.96240034
     0.96238007
     0.96235979
     0.96233949
     0.96231919
     0.96229888
     0.96194674
     0.96186505
     0.96178318
     0.96165674
     0.96151665
     0.96137607
     0.96123500
     0.96109343
     0.96095137
     0.96080881
     0.96969697
     0.97979798
     0.98989899
     1.00000000
     0.00000000
     0.00000000
     0.00000000
     0.00000000
     0.00000000
     0.00000000
     0.00000000
     0.00000000
     0.00000000
     0.00000000
     0.00000000
     0.00000000
     0.00000000
     0.00000000
     0.00000000
     0.00000000
     0.00000000
     0.00000000
     0.00000000
     0.00000000
     0.00000000
     0.95508542
     0.95539251
     0.95569760
     0.95600070
     0.95630182
     0.95660098
     0.95701671
     0.95777072
     0.95851208
     0.95924098
     0.95954361
     0.95980297
     0.96006074
     0.96031692
     0.96057153
     0.96082457
     0.96107605
     0.96132599
     0.96121036
     0.96065774
     0.96009759
     0.95952979
     0.95895426
     0.95828829
     0.95754875
     0.95679670
     0.95603193
     0.95525426
     0.95446349
     0.95366681
     0.95321490
     0.95281561
     0.95298692
     0.95315765
     0.95348927
     0.95388339
     0.95421939
     0.95444203
     0.95466365
     0.95484396
     0.95510782
     0.95547499
     0.95583929
     0.95620076
     0.95655939
     0.95691523
     0.95726828
     0.95750044
     0.95758616
     0.95767171
     0.95782560
     0.95822376
     0.95866089
     0.95909364
     0.95969069
     0.96042645
     0.96114932
     0.96185951
     0.96217359
     0.96240664
     0.96245253
     0.96243228
     0.96241203
     0.96239177
     0.96237149
     0.96218271
     0.96227253
     0.96214506
     0.96200668
     0.96186782
     0.96172848
     0.96158864
     0.96144831
     0.96130749
     0.96116618
     0.96969697
     0.97979798
     0.98989899
     1.00000000
     0.00000000
     0.00000000
     0.00000000
     0.00000000
     0.00000000
     0.00000000
     0.00000000
     0.00000000
     0.00000000
     0.00000000
     0.00000000
     0.00000000
     0.00000000
     0.00000000
     0.00000000
     0.00000000
     0.00000000
     0.00000000
     0.00000000
     0.00000000
     0.00000000
     0.95516122
     0.95546782
     0.95577242
     0.95607503
     0.95637567
     0.95667434
     0.95730035
     0.95804961
     0.95878629
     0.95943148
     0.95969153
     0.95994998
     0.96020684
     0.96046213
     0.96071584
     0.96096799
     0.96121859
     0.96146765
     0.96092548
     0.96036898
     0.95980488
     0.95923310
     0.95865353
     0.95792763
     0.95718198
     0.95642373
     0.95565266
     0.95486860
     0.95407134
     0.95339219
     0.95293773
     0.95308092
     0.95325132
     0.95342113
     0.95373023
     0.95414819
     0.95445061
     0.95467219
     0.95489274
     0.95506479
     0.95541095
     0.95577576
     0.95613772
     0.95649685
     0.95685317
     0.95720671
     0.95753199
     0.95761765
     0.95770314
     0.95778847
     0.95787364
     0.95816313
     0.95860086
     0.95903421
     0.95968872
     0.96042451
     0.96114742
     0.96185765
     0.96215425
     0.96238742
     0.96252485
     0.96250465
     0.96248443
     0.96246420
     0.96244397
     0.96234634
     0.96230339
     0.96233278
     0.96235356
     0.96221591
     0.96207779
     0.96193918
     0.96180008
     0.96166049
     0.96152042
     0.96969697
     0.97979798
     0.98989899
     1.00000000
     0.00000000
     0.00000000
     0.00000000
     0.00000000
     0.00000000
     0.00000000
     0.00000000
     0.00000000
     0.00000000
     0.00000000
     0.00000000
     0.00000000
     0.00000000
     0.00000000
     0.00000000
     0.00000000
     0.00000000
     0.00000000
     0.00000000
     0.00000000
     0.00000000
     0.95523691
     0.95554301
     0.95584712
     0.95614925
     0.95644940
     0.95682498
     0.95758221
     0.95832674
     0.95905875
     0.95957978
     0.95983892
     0.96009647
     0.96035243
     0.96060682
     0.96085964
     0.96111091
     0.96136063
     0.96119146
     0.96063859
     0.96007818
     0.95951012
     0.95893432
     0.95830327
     0.95756399
     0.95681219
     0.95604768
     0.95527027
     0.95447977
     0.95367598
     0.95311602
     0.95317739
     0.95334481
     0.95351430
     0.95368321
     0.95397000
     0.95438971
     0.95468073
     0.95490124
     0.95512073
     0.95534683
     0.95571214
     0.95607459
     0.95643422
     0.95679103
     0.95714505
     0.95749630
     0.95764912
     0.95773455
     0.95781982
     0.95790492
     0.95798987
     0.95811074
     0.95854075
     0.95897470
     0.95968675
     0.96042258
     0.96114552
     0.96185578
     0.96213490
     0.96236818
     0.96259704
     0.96257688
     0.96255670
     0.96253651
     0.96251631
     0.96231995
     0.96222096
     0.96225042
     0.96227985
     0.96230926
     0.96233865
     0.96228664
     0.96214877
     0.96201040
     0.96187156
     0.96969697
     0.97979798
     0.98989899
     1.00000000
     0.00000000
     0.00000000
     0.00000000
     0.00000000
     0.00000000
     0.00000000
     0.00000000
     0.00000000
     0.00000000
     0.00000000
     0.00000000
     0.00000000
     0.00000000
     0.00000000
     0.00000000
     0.00000000
     0.00000000
     0.00000000
     0.00000000
     0.00000000
     0.00000000
     0.95531247
     0.95561808
     0.95592170
     0.95622334
     0.95652300
     0.95710984
     0.95786229
     0.95860211
     0.95932950
     0.95972757
     0.95998580
     0.96024244
     0.96049751
     0.96075100
     0.96100294
     0.96125332
     0.96145571
     0.96090645
     0.96034969
     0.95978533
     0.95921328
     0.95863344
     0.95794273
     0.95719734
     0.95643934
     0.95566854
     0.95488475
     0.95408776
     0.95329366
     0.95331503
     0.95343813
     0.95360729
     0.95377588
     0.95394388
     0.95420859
     0.95463001
     0.95490974
     0.95512919
     0.95534762
     0.95564843
     0.95601138
     0.95637150
     0.95672880
     0.95708331
     0.95743504
     0.95768056
     0.95776593
     0.95785114
     0.95793619
     0.95802107
     0.95810579
     0.95814743
     0.95848056
     0.95893583
     0.95968479
     0.96042065
     0.96114362
     0.96185392
     0.96211554
     0.96234894
     0.96258095
     0.96264897
     0.96262883
     0.96260868
     0.96240398
     0.96218889
     0.96213836
     0.96216788
     0.96219737
     0.96222685
     0.96225630
     0.96228573
     0.96231513
     0.96234452
     0.96221961
     0.96969697
     0.97979798
     0.98989899
     1.00000000
     0.00000000
     0.00000000
     0.00000000
     0.00000000
     0.00000000
     0.00000000
     0.00000000
     0.00000000
     0.00000000
     0.00000000
     0.00000000
     0.00000000
     0.00000000
     0.00000000
     0.00000000
     0.00000000
     0.00000000
     0.00000000
     0.00000000
     0.00000000
     0.00000000
     0.95538791
     0.95569303
     0.95599616
     0.95629731
     0.95663244
     0.95739289
     0.95814060
     0.95887574
     0.95959852
     0.95987484
     0.96013216
     0.96038791
     0.96064208
     0.96089468
     0.96114573
     0.96139524
     0.96117256
     0.96061944
     0.96005876
     0.95949043
     0.95891436
     0.95831824
     0.95757921
     0.95682767
     0.95606343
     0.95528628
     0.95449605
     0.95369253
     0.95345228
     0.95356116
     0.95370011
     0.95386837
     0.95403605
     0.95420315
     0.95444600
     0.95486911
     0.95513765
     0.95535604
     0.95557341
     0.95594808
     0.95630869
     0.95666649
     0.95702149
     0.95737370
     0.95771198
     0.95779730
     0.95788245
     0.95796743
     0.95805225
     0.95813691
     0.95822140
     0.95823483
     0.95842028
     0.95893383
     0.95968282
     0.96041872
     0.96114172
     0.96185205
     0.96209617
     0.96232968
     0.96256181
     0.96272093
     0.96270083
     0.96248784
     0.96227320
     0.96205738
     0.96205559
     0.96208517
     0.96211472
     0.96214426
     0.96217377
     0.96220326
     0.96223273
     0.96226218
     0.96229160
     0.96969697
     0.97979798
     0.98989899
     1.00000000
     0.00000000
     0.00000000
     0.00000000
     0.00000000
     0.00000000
     0.00000000
     0.00000000
     0.00000000
     0.00000000
     0.00000000
     0.00000000
     0.00000000
     0.00000000
     0.00000000
     0.00000000
     0.00000000
     0.00000000
     0.00000000
     0.00000000
     0.00000000
     0.00000000
     0.95546323
     0.95576786
     0.95607050
     0.95637116
     0.95691851
     0.95767417
     0.95841715
     0.95914765
     0.95976358
     0.96002159
     0.96027801
     0.96053286
     0.96078614
     0.96103786
     0.96128803
     0.96143693
     0.96088742
     0.96033040
     0.95976578
     0.95919346
     0.95861335
     0.95795783
     0.95721269
     0.95645495
     0.95568442
     0.95490089
     0.95410417
     0.95368111
     0.95369772
     0.95380605
     0.95396069
     0.95412805
     0.95429483
     0.95446103
     0.95468224
     0.95510701
     0.95536445
     0.95558179
     0.95581878
     0.95624580
     0.95660409
     0.95695957
     0.95731228
     0.95766222
     0.95782864
     0.95791373
     0.95799865
     0.95808341
     0.95816801
     0.95825244
     0.95833671
     0.95832205
     0.95842053
     0.95893182
     0.95968085
     0.96041678
     0.96113982
     0.96184178
     0.96207679
     0.96231042
     0.96254267
     0.96276528
     0.96257151
     0.96235733
     0.96214198
     0.96192544
     0.96197264
     0.96200228
     0.96203190
     0.96206150
     0.96209107
     0.96212062
     0.96215015
     0.96217966
     0.96220915
     0.96969697
     0.97979798
     0.98989899
     1.00000000
     0.00000000
     0.00000000
     0.00000000
     0.00000000
     0.00000000
     0.00000000
     0.00000000
     0.00000000
     0.00000000
     0.00000000
     0.00000000
     0.00000000
     0.00000000
     0.00000000
     0.00000000
     0.00000000
     0.00000000
     0.00000000
     0.00000000
     0.00000000
     0.00000000
     0.95553842
     0.95584256
     0.95614472
     0.95644490
     0.95720277
     0.95795367
     0.95869195
     0.95941783
     0.95991072
     0.96016783
     0.96042335
     0.96067730
     0.96092969
     0.96118053
     0.96142982
     0.96115365
     0.96060027
     0.96003933
     0.95947074
     0.95889440
     0.95831023
     0.95759443
     0.95684315
     0.95607917
     0.95530229
     0.95451233
     0.95405429
     0.95383390
     0.95394193
     0.95405283
     0.95421987
     0.95438633
     0.95455222
     0.95471753
     0.95491731
     0.95534372
     0.95559017
     0.95580646
     0.95613292
     0.95654161
     0.95689758
     0.95725077
     0.95760119
     0.95785996
     0.95794498
     0.95802985
     0.95811455
     0.95819908
     0.95828346
     0.95836767
     0.95845172
     0.95840910
     0.95850934
     0.95892982
     0.95967888
     0.96041485
     0.96113792
     0.96182227
     0.96205741
     0.96229115
     0.96250642
     0.96254443
     0.96244129
     0.96222639
     0.96201032
     0.96179306
     0.96183085
     0.96191922
     0.96194890
     0.96197856
     0.96200820
     0.96203781
     0.96206740
     0.96209697
     0.96212652
     0.96969697
     0.97979798
     0.98989899
     1.00000000
     0.00000000
     0.00000000
     0.00000000
     0.00000000
     0.00000000
     0.00000000
     0.00000000
     0.00000000
     0.00000000
     0.00000000
     0.00000000
     0.00000000
     0.00000000
     0.00000000
     0.00000000
     0.00000000
     0.00000000
     0.00000000
     0.00000000
     0.00000000
     0.00000000
     0.95561350
     0.95591715
     0.95621882
     0.95672636
     0.95748524
     0.95823140
     0.95896502
     0.95968630
     0.96005735
     0.96031355
     0.96056818
     0.96082124
     0.96107274
     0.96132270
     0.96141815
     0.96086838
     0.96031109
     0.95974621
     0.95917363
     0.95859325
     0.95797292
     0.95722804
     0.95647056
     0.95570029
     0.95491702
     0.95442461
     0.95416660
     0.95407742
     0.95418491
     0.95431152
     0.95447767
     0.95464323
     0.95480823
     0.95497265
     0.95515122
     0.95557923
     0.95581479
     0.95603004
     0.95642830
     0.95683550
     0.95718917
     0.95754008
     0.95788823
     0.95797622
     0.95806102
     0.95814566
     0.95823014
     0.95831445
     0.95839860
     0.95848259
     0.95855562
     0.95849597
     0.95863531
     0.95901520
     0.95967692
     0.96041292
     0.96113603
     0.96180276
     0.96203801
     0.96224583
     0.96228410
     0.96232233
     0.96231063
     0.96209502
     0.96187822
     0.96166024
     0.96166748
     0.96183598
     0.96186573
     0.96189545
     0.96192515
     0.96195482
     0.96198448
     0.96201411
     0.96204372
     0.96969697
     0.97979798
     0.98989899
     1.00000000
     0.00000000
     0.00000000
     0.00000000
     0.00000000
     0.00000000
     0.00000000
     0.00000000
     0.00000000
     0.00000000
     0.00000000
     0.00000000
     0.00000000
     0.00000000
     0.00000000
     0.00000000
     0.00000000
     0.00000000
     0.00000000
     0.00000000
     0.00000000
     0.00000000
     0.95568846
     0.95599162
     0.95629280
     0.95701184
     0.95776594
     0.95850738
     0.95923636
     0.95994658
     0.96020346
     0.96045877
     0.96071250
     0.96096467
     0.96121529
     0.96146437
     0.96113473
     0.96058109
     0.96001989
     0.95945103
     0.95887443
     0.95828998
     0.95760965
     0.95685862
     0.95609490
     0.95531829
     0.95479209
     0.95453606
     0.95427865
     0.95431972
     0.95442667
     0.95456882
     0.95473408
     0.95489876
     0.95506287
     0.95522641
     0.95538938
     0.95581356
     0.95603833
     0.95625254
     0.95671840
     0.95712749
     0.95747888
     0.95782751
     0.95800743
     0.95809218
     0.95817676
     0.95826117
     0.95834543
     0.95842952
     0.95851344
     0.95859721
     0.95864220
     0.95858267
     0.95882713
     0.95920532
     0.95967495
     0.96041098
     0.96113413
     0.96178324
     0.96198350
     0.96202203
     0.96206051
     0.96209896
     0.96213738
     0.96196320
     0.96174568
     0.96152697
     0.96150345
     0.96175258
     0.96178238
     0.96181216
     0.96184193
     0.96187166
     0.96190138
     0.96193108
     0.96196075
     0.96969697
     0.97979798
     0.98989899
     1.00000000
     0.00000000
     0.00000000
     0.00000000
     0.00000000
     0.00000000
     0.00000000
     0.00000000
     0.00000000
     0.00000000
     0.00000000
     0.00000000
     0.00000000
     0.00000000
     0.00000000
     0.00000000
     0.00000000
     0.00000000
     0.00000000
     0.00000000
     0.00000000
     0.00000000
     0.95576329
     0.95606596
     0.95653340
     0.95729552
     0.95804485
     0.95878161
     0.95950597
     0.96009308
     0.96034906
     0.96060347
     0.96085632
     0.96110760
     0.96135734
     0.96139935
     0.96084932
     0.96029178
     0.95972663
     0.95915378
     0.95857314
     0.95798460
     0.95724338
     0.95648616
     0.95571615
     0.95515675
     0.95490268
     0.95464725
     0.95445416
     0.95456081
     0.95466721
     0.95482474
     0.95498911
     0.95515291
     0.95531614
     0.95547880
     0.95564089
     0.95604379
     0.95626080
     0.95651375
     0.95700666
     0.95741760
     0.95776671
     0.95803862
     0.95812331
     0.95820783
     0.95829218
     0.95837638
     0.95846041
     0.95854428
     0.95862798
     0.95871153
     0.95872861
     0.95868086
     0.95901809
     0.95939461
     0.95976781
     0.96040905
     0.96113223
     0.96171942
     0.96175820
     0.96179695
     0.96183566
     0.96187432
     0.96191296
     0.96183095
     0.96161270
     0.96139326
     0.96133874
     0.96164278
     0.96169886
     0.96172871
     0.96175853
     0.96178833
     0.96181811
     0.96184787
     0.96187760
     0.96969697
     0.97979798
     0.98989899
     1.00000000
     0.00000000
     0.00000000
     0.00000000
     0.00000000
     0.00000000
     0.00000000
     0.00000000
     0.00000000
     0.00000000
     0.00000000
     0.00000000
     0.00000000
     0.00000000
     0.00000000
     0.00000000
     0.00000000
     0.00000000
     0.00000000
     0.00000000
     0.00000000
     0.00000000
     0.95580612
     0.95614019
     0.95682009
     0.95757740
     0.95832201
     0.95905411
     0.95977388
     0.96023906
     0.96049415
     0.96074767
     0.96099962
     0.96125003
     0.96149889
     0.96111581
     0.96056190
     0.96000044
     0.95943132
     0.95885445
     0.95826973
     0.95762486
     0.95687409
     0.95611063
     0.95551860
     0.95526649
     0.95501301
     0.95475817
     0.95469457
     0.95480068
     0.95491524
     0.95507929
     0.95524277
     0.95540569
     0.95556804
     0.95572983
     0.95589106
     0.95626190
     0.95648219
     0.95682317
     0.95729308
     0.95770583
     0.95805268
     0.95815441
     0.95823887
     0.95832317
     0.95840731
     0.95849128
     0.95857509
     0.95865873
     0.95874222
     0.95882554
     0.95881485
     0.95890809
     0.95920820
     0.95958305
     0.95995459
     0.96040712
     0.96107624
     0.96149262
     0.96153163
     0.96157059
     0.96160952
     0.96164841
     0.96168726
     0.96169825
     0.96147928
     0.96125910
     0.96117336
     0.96147864
     0.96161516
     0.96164507
     0.96167496
     0.96170482
     0.96173466
     0.96176448
     0.96179428
     0.96969697
     0.97979798
     0.98989899
     1.00000000
     0.00000000
     0.00000000
     0.00000000
     0.00000000
     0.00000000
     0.00000000
     0.00000000
     0.00000000
     0.00000000
     0.00000000
     0.00000000
     0.00000000
     0.00000000
     0.00000000
     0.00000000
     0.00000000
     0.00000000
     0.00000000
     0.00000000
     0.00000000
     0.00000000
     0.95585487
     0.95630250
     0.95709704
     0.95785751
     0.95859742
     0.95932488
     0.96004009
     0.96038454
     0.96063873
     0.96089136
     0.96114243
     0.96139195
     0.96138055
     0.96083026
     0.96027246
     0.95970705
     0.95913393
     0.95855302
     0.95796420
     0.95725872
     0.95650176
     0.95587766
     0.95562749
     0.95537597
     0.95512309
     0.95486884
     0.95493377
     0.95503934
     0.95516930
     0.95533247
     0.95549508
     0.95565712
     0.95581860
     0.95597951
     0.95613987
     0.95647897
     0.95670250
     0.95713049
     0.95757768
     0.95799219
     0.95818550
     0.95826990
     0.95835414
     0.95843821
     0.95852212
     0.95860587
     0.95868946
     0.95877289
     0.95885615
     0.95893926
     0.95890091
     0.95913412
     0.95939747
     0.95977065
     0.96014054
     0.96044301
     0.96086386
     0.96126454
     0.96130376
     0.96134295
     0.96138209
     0.96142120
     0.96146028
     0.96149931
     0.96134541
     0.96112450
     0.96100730
     0.96131383
     0.96153129
     0.96156126
     0.96159121
     0.96162114
     0.96165104
     0.96168092
     0.96171078
     0.96969697
     0.97979798
     0.98989899
     1.00000000
     0.00000000
     0.00000000
     0.00000000
     0.00000000
     0.00000000
     0.00000000
     0.00000000
     0.00000000
     0.00000000
     0.00000000
     0.00000000
     0.00000000
     0.00000000
     0.00000000
     0.00000000
     0.00000000
     0.00000000
     0.00000000
     0.00000000
     0.00000000
     0.00000000
     0.95591545
     0.95658511
     0.95735689
     0.95811961
     0.95887108
     0.95959394
     0.96027464
     0.96052951
     0.96078280
     0.96103454
     0.96128473
     0.96153338
     0.96109687
     0.96054271
     0.95998098
     0.95941160
     0.95883446
     0.95824947
     0.95764006
     0.95688955
     0.95623396
     0.95598572
     0.95573613
     0.95548520
     0.95523291
     0.95506648
     0.95517176
     0.95527680
     0.95542200
     0.95558429
     0.95574602
     0.95590719
     0.95606780
     0.95622785
     0.95638735
     0.95669502
     0.95692176
     0.95742686
     0.95786047
     0.95821657
     0.95830091
     0.95838508
     0.95846910
     0.95855295
     0.95863664
     0.95872017
     0.95880353
     0.95888674
     0.95896978
     0.95904577
     0.95909972
     0.95935896
     0.95961663
     0.95995742
     0.96025194
     0.96041399
     0.96065036
     0.96103515
     0.96107460
     0.96111401
     0.96115338
     0.96119271
     0.96123200
     0.96127126
     0.96121109
     0.96098944
     0.96084055
     0.96114835
     0.96144724
     0.96147727
     0.96150729
     0.96153728
     0.96156724
     0.96159719
     0.96162711
     0.96969697
     0.97979798
     0.98989899
     1.00000000
     0.00000000
     0.00000000
     0.00000000
     0.00000000
     0.00000000
     0.00000000
     0.00000000
     0.00000000
     0.00000000
     0.00000000
     0.00000000
     0.00000000
     0.00000000
     0.00000000
     0.00000000
     0.00000000
     0.00000000
     0.00000000
     0.00000000
     0.00000000
     0.00000000
     0.95608572
     0.95686597
     0.95763298
     0.95838694
     0.95912806
     0.95986129
     0.96041999
     0.96067396
     0.96092637
     0.96117723
     0.96142654
     0.96136174
     0.96081119
     0.96025313
     0.95968746
     0.95911407
     0.95853289
     0.95794380
     0.95727405
     0.95658751
     0.95634118
     0.95609352
     0.95584452
     0.95559417
     0.95534247
     0.95530381
     0.95540856
     0.95551307
     0.95567333
     0.95583476
     0.95599562
     0.95615592
     0.95631566
     0.95647485
     0.95663349
     0.95691004
     0.95719827
     0.95771061
     0.95814145
     0.95833189
     0.95841601
     0.95849996
     0.95858375
     0.95866738
     0.95875085
     0.95883416
     0.95891731
     0.95900029
     0.95908312
     0.95913137
     0.95932474
     0.95958262
     0.95983893
     0.96005998
     0.96022278
     0.96038494
     0.96054647
     0.96080446
     0.96084413
     0.96088377
     0.96092336
     0.96096292
     0.96100243
     0.96104191
     0.96107632
     0.96085394
     0.96067313
     0.96098218
     0.96128891
     0.96139311
     0.96142319
     0.96145324
     0.96148327
     0.96151328
     0.96154326
     0.96969697
     0.97979798
     0.98989899
     1.00000000
     0.00000000
     0.00000000
     0.00000000
     0.00000000
     0.00000000
     0.00000000
     0.00000000
     0.00000000
     0.00000000
     0.00000000
     0.00000000
     0.00000000
     0.00000000
     0.00000000
     0.00000000
     0.00000000
     0.00000000
     0.00000000
     0.00000000
     0.00000000
     0.00000000
     0.95636967
     0.95714510
     0.95790736
     0.95865665
     0.95939317
     0.96011711
     0.96056933
     0.96081791
     0.96106943
     0.96131941
     0.96156784
     0.96107793
     0.96052351
     0.95996152
     0.95939187
     0.95881446
     0.95822920
     0.95763603
     0.95693952
     0.95669391
     0.95644816
     0.95620107
     0.95595265
     0.95570289
     0.95545177
     0.95553994
     0.95564416
     0.95576221
     0.95592332
     0.95608388
     0.95624387
     0.95640331
     0.95656219
     0.95672053
     0.95687831
     0.95712405
     0.95750304
     0.95799255
     0.95828367
     0.95844691
     0.95853080
     0.95861453
     0.95869810
     0.95878151
     0.95886476
     0.95894785
     0.95903078
     0.95911354
     0.95919615
     0.95929049
     0.95954858
     0.95980510
     0.95996714
     0.96003068
     0.96019359
     0.96035587
     0.96051751
     0.96057246
     0.96061236
     0.96065222
     0.96069204
     0.96073182
     0.96077156
     0.96081126
     0.96085093
     0.96071799
     0.96050501
     0.96081534
     0.96112332
     0.96130877
     0.96133891
     0.96136903
     0.96139912
     0.96142919
     0.96145924
     0.96969697
     0.97979798
     0.98989899
     1.00000000
     0.00000000
     0.00000000
     0.00000000
     0.00000000
     0.00000000
     0.00000000
     0.00000000
     0.00000000
     0.00000000
     0.00000000
     0.00000000
     0.00000000
     0.00000000
     0.00000000
     0.00000000
     0.00000000
     0.00000000
     0.00000000
     0.00000000
     0.00000000
     0.00000000
     0.95665186
     0.95742251
     0.95818005
     0.95892469
     0.95965663
     0.96037607
     0.96074238
     0.96097747
     0.96121243
     0.96146109
     0.96134292
     0.96079212
     0.96023379
     0.95966785
     0.95909532
     0.95851528
     0.95792737
     0.95729485
     0.95704620
     0.95680006
     0.95655488
     0.95630838
     0.95606053
     0.95581135
     0.95567096
     0.95577488
     0.95587858
     0.95601172
     0.95617196
     0.95633165
     0.95649079
     0.95664937
     0.95680739
     0.95696487
     0.95712180
     0.95733703
     0.95780573
     0.95822659
     0.95839446
     0.95856162
     0.95864529
     0.95872880
     0.95881216
     0.95889534
     0.95897837
     0.95906124
     0.95914395
     0.95922649
     0.95930888
     0.95951451
     0.95977123
     0.95992405
     0.95997247
     0.96002083
     0.96016439
     0.96032678
     0.96048854
     0.96045895
     0.96037927
     0.96041936
     0.96045940
     0.96049941
     0.96053937
     0.96057930
     0.96061919
     0.96058158
     0.96035648
     0.96064781
     0.96095705
     0.96122426
     0.96125446
     0.96128464
     0.96131479
     0.96134493
     0.96137504
     0.96969697
     0.97979798
     0.98989899
     1.00000000
     0.00000000
     0.00000000
     0.00000000
     0.00000000
     0.00000000
     0.00000000
     0.00000000
     0.00000000
     0.00000000
     0.00000000
     0.00000000
     0.00000000
     0.00000000
     0.00000000
     0.00000000
     0.00000000
     0.00000000
     0.00000000
     0.00000000
     0.00000000
     0.00000000
     0.95693231
     0.95769819
     0.95845104
     0.95919107
     0.95991846
     0.96063342
     0.96091470
     0.96114881
     0.96138156
     0.96161349
     0.96105975
     0.96050641
     0.95994555
     0.95937705
     0.95880083
     0.95821679
     0.95762484
     0.95739781
     0.95715263
     0.95690611
     0.95666135
     0.95641542
     0.95616816
     0.95591957
     0.95590524
     0.95600864
     0.95611181
     0.95625988
     0.95641927
     0.95657810
     0.95673637
     0.95689410
     0.95705127
     0.95720790
     0.95736398
     0.95754901
     0.95810637
     0.95833753
     0.95850497
     0.95867176
     0.95875948
     0.95884277
     0.95892590
     0.95900887
     0.95909168
     0.95917433
     0.95925682
     0.95933915
     0.95945632
     0.95973734
     0.95988091
     0.95992938
     0.95997780
     0.96002616
     0.96013517
     0.96029767
     0.96045954
     0.96041167
     0.96014486
     0.96018517
     0.96022545
     0.96026568
     0.96030587
     0.96034603
     0.96038614
     0.96042622
     0.96021887
     0.96047959
     0.96079010
     0.96109828
     0.96116983
     0.96120007
     0.96123029
     0.96126049
     0.96129066
     0.96969697
     0.97979798
     0.98989899
     1.00000000
     0.00000000
     0.00000000
     0.00000000
     0.00000000
     0.00000000
     0.00000000
     0.00000000
     0.00000000
     0.00000000
     0.00000000
     0.00000000
     0.00000000
     0.00000000
     0.00000000
     0.00000000
     0.00000000
     0.00000000
     0.00000000
     0.00000000
     0.00000000
     0.00000000
     0.95719942
     0.95796541
     0.95871829
     0.95945579
     0.96017866
     0.96085184
     0.96108630
     0.96131942
     0.96155119
     0.96136182
     0.96079172
     0.96022166
     0.95965692
     0.95908450
     0.95850432
     0.95791626
     0.95773541
     0.95750341
     0.95725881
     0.95701287
     0.95676758
     0.95652222
     0.95627554
     0.95603522
     0.95613834
     0.95624122
     0.95634763
     0.95650671
     0.95666524
     0.95682321
     0.95698063
     0.95713751
     0.95729384
     0.95744962
     0.95760400
     0.95782852
     0.95828052
     0.95844818
     0.95861519
     0.95878156
     0.95887337
     0.95895644
     0.95903935
     0.95912210
     0.95920469
     0.95928712
     0.95936939
     0.95945150
     0.95970343
     0.95983773
     0.95988625
     0.95993472
     0.95998312
     0.96003148
     0.96010592
     0.96026854
     0.96043052
     0.96036434
     0.96003908
     0.95994966
     0.95999016
     0.96003063
     0.96007105
     0.96011143
     0.96015177
     0.96019208
     0.96008080
     0.96031068
     0.96062247
     0.96093191
     0.96108502
     0.96111533
     0.96114561
     0.96117587
     0.96120611
     0.96969697
     0.97979798
     0.98989899
     1.00000000
     0.00000000
     0.00000000
     0.00000000
     0.00000000
     0.00000000
     0.00000000
     0.00000000
     0.00000000
     0.00000000
     0.00000000
     0.00000000
     0.00000000
     0.00000000
     0.00000000
     0.00000000
     0.00000000
     0.00000000
     0.00000000
     0.00000000
     0.00000000
     0.00000000
     0.95742958
     0.95819163
     0.95894063
     0.95967677
     0.96040026
     0.96098078
     0.96122025
     0.96145832
     0.96164809
     0.96110512
     0.96053139
     0.95994956
     0.95936631
     0.95878994
     0.95820576
     0.95799201
     0.95785144
     0.95760875
     0.95736474
     0.95711938
     0.95687355
     0.95662877
     0.95638267
     0.95626767
     0.95637026
     0.95647262
     0.95659399
     0.95675221
     0.95690988
     0.95706700
     0.95722358
     0.95737961
     0.95753509
     0.95769003
     0.95783190
     0.95809299
     0.95839132
     0.95855855
     0.95872514
     0.95889109
     0.95898696
     0.95906981
     0.95915250
     0.95923503
     0.95931740
     0.95939961
     0.95948167
     0.95956356
     0.95979451
     0.95984308
     0.95989159
     0.95994005
     0.95998845
     0.96003680
     0.96008509
     0.96023939
     0.96040149
     0.96031696
     0.95999132
     0.95971282
     0.95975355
     0.95979424
     0.95983489
     0.95987550
     0.95991607
     0.95995661
     0.95994228
     0.96014108
     0.96045415
     0.96076486
     0.96100004
     0.96103041
     0.96106075
     0.96109108
     0.96112138
     0.96969697
     0.97979798
     0.98989899
     1.00000000
     0.00000000
     0.00000000
     0.00000000
     0.00000000
     0.00000000
     0.00000000
     0.00000000
     0.00000000
     0.00000000
     0.00000000
     0.00000000
     0.00000000
     0.00000000
     0.00000000
     0.00000000
     0.00000000
     0.00000000
     0.00000000
     0.00000000
     0.00000000
     0.00000000
     0.95765856
     0.95841669
     0.95916182
     0.95989416
     0.96061391
     0.96109461
     0.96133341
     0.96157081
     0.96135690
     0.96083210
     0.96026941
     0.95968387
     0.95909007
     0.95849335
     0.95824712
     0.95813882
     0.95795596
     0.95771385
     0.95747041
     0.95722564
     0.95697951
     0.95673507
     0.95648954
     0.95649894
     0.95660101
     0.95670286
     0.95683902
     0.95699639
     0.95715321
     0.95730948
     0.95746521
     0.95762040
     0.95777504
     0.95792915
     0.95805864
     0.95822479
     0.95850184
     0.95866864
     0.95883481
     0.95900034
     0.95910025
     0.95918288
     0.95926535
     0.95934766
     0.95942981
     0.95951181
     0.95959364
     0.95966654
     0.95979986
     0.95984842
     0.95989693
     0.95994538
     0.95999378
     0.96004212
     0.96009040
     0.96021022
     0.96037243
     0.96026951
     0.95994351
     0.95961494
     0.95951559
     0.95955651
     0.95959739
     0.95963824
     0.95967904
     0.95971980
     0.95976052
     0.95997079
     0.96028514
     0.96059712
     0.96090675
     0.96094531
     0.96097572
     0.96100611
     0.96103647
     0.96969697
     0.97979798
     0.98989899
     1.00000000
     0.00000000
     0.00000000
     0.00000000
     0.00000000
     0.00000000
     0.00000000
     0.00000000
     0.00000000
     0.00000000
     0.00000000
     0.00000000
     0.00000000
     0.00000000
     0.00000000
     0.00000000
     0.00000000
     0.00000000
     0.00000000
     0.00000000
     0.00000000
     0.00000000
     0.95788635
     0.95864058
     0.95938187
     0.96011043
     0.96082646
     0.96120812
     0.96144626
     0.96158542
     0.96106359
     0.96053497
     0.95999947
     0.95941650
     0.95881893
     0.95850198
     0.95839267
     0.95830944
     0.95806023
     0.95781870
     0.95757584
     0.95733164
     0.95708610
     0.95684113
     0.95662726
     0.95672904
     0.95683060
     0.95693193
     0.95708273
     0.95723925
     0.95739522
     0.95755065
     0.95770554
     0.95785989
     0.95801370
     0.95816697
     0.95819843
     0.95835620
     0.95861207
     0.95877846
     0.95894420
     0.95910930
     0.95921323
     0.95929565
     0.95937790
     0.95945999
     0.95954193
     0.95962371
     0.95950943
     0.95969487
     0.95980521
     0.95985377
     0.95990227
     0.95995071
     0.95999910
     0.96004744
     0.96009571
     0.96018103
     0.96034335
     0.96022202
     0.95989564
     0.95956670
     0.95927629
     0.95931744
     0.95935855
     0.95939963
     0.95944066
     0.95948165
     0.95952261
     0.95979980
     0.96011543
     0.96042869
     0.96073959
     0.96086003
     0.96089051
     0.96092096
     0.96095138
     0.96969697
     0.97979798
     0.98989899
     1.00000000
     0.00000000
     0.00000000
     0.00000000
     0.00000000
     0.00000000
     0.00000000
     0.00000000
     0.00000000
     0.00000000
     0.00000000
     0.00000000
     0.00000000
     0.00000000
     0.00000000
     0.00000000
     0.00000000
     0.00000000
     0.00000000
     0.00000000
     0.00000000
     0.00000000
     0.95811298
     0.95886332
     0.95960079
     0.96032559
     0.96103791
     0.96132132
     0.96155879
     0.96129377
     0.96076814
     0.96023567
     0.95969628
     0.95914742
     0.95880128
     0.95864575
     0.95855722
     0.95843537
     0.95816426
     0.95792330
     0.95768101
     0.95743739
     0.95719244
     0.95694693
     0.95685671
     0.95695798
     0.95705903
     0.95716890
     0.95732512
     0.95748080
     0.95763593
     0.95779052
     0.95794457
     0.95809808
     0.95825106
     0.95838714
     0.95829844
     0.95846001
     0.95872203
     0.95888799
     0.95905331
     0.95921800
     0.95932592
     0.95940812
     0.95949015
     0.95957203
     0.95965375
     0.95948310
     0.95953787
     0.95972319
     0.95981056
     0.95985911
     0.95990760
     0.95995604
     0.96000443
     0.96005275
     0.96010103
     0.96015182
     0.96031426
     0.96017447
     0.95984772
     0.95951840
     0.95918649
     0.95907702
     0.95911836
     0.95915967
     0.95920093
     0.95924216
     0.95932463
     0.95962811
     0.95994504
     0.96025958
     0.96057175
     0.96077458
     0.96080511
     0.96083563
     0.96086612
     0.96969697
     0.97979798
     0.98989899
     1.00000000
     0.00000000
     0.00000000
     0.00000000
     0.00000000
     0.00000000
     0.00000000
     0.00000000
     0.00000000
     0.00000000
     0.00000000
     0.00000000
     0.00000000
     0.00000000
     0.00000000
     0.00000000
     0.00000000
     0.00000000
     0.00000000
     0.00000000
     0.00000000
     0.00000000
     0.95833844
     0.95908491
     0.95981858
     0.96053963
     0.96119599
     0.96143420
     0.96152264
     0.96100000
     0.96047055
     0.95993421
     0.95939090
     0.95907886
     0.95894407
     0.95880359
     0.95872621
     0.95853365
     0.95826804
     0.95802765
     0.95778594
     0.95754290
     0.95729852
     0.95705280
     0.95708501
     0.95718577
     0.95728630
     0.95741083
     0.95756621
     0.95772104
     0.95787533
     0.95802909
     0.95818231
     0.95833499
     0.95848714
     0.95847013
     0.95844633
     0.95857656
     0.95883171
     0.95899724
     0.95916214
     0.95932641
     0.95943831
     0.95952029
     0.95960211
     0.95968377
     0.95949833
     0.95938028
     0.95956629
     0.95975148
     0.95981591
     0.95986445
     0.95991294
     0.95996137
     0.96000975
     0.96005807
     0.96010634
     0.96015455
     0.96028514
     0.96012687
     0.95979974
     0.95947004
     0.95913776
     0.95883523
     0.95887681
     0.95891835
     0.95895985
     0.95900131
     0.95915752
     0.95946014
     0.95977394
     0.96008977
     0.96040322
     0.96068894
     0.96071954
     0.96075012
     0.96078068
     0.96969697
     0.97979798
     0.98989899
     1.00000000
     0.00000000
     0.00000000
     0.00000000
     0.00000000
     0.00000000
     0.00000000
     0.00000000
     0.00000000
     0.00000000
     0.00000000
     0.00000000
     0.00000000
     0.00000000
     0.00000000
     0.00000000
     0.00000000
     0.00000000
     0.00000000
     0.00000000
     0.00000000
     0.00000000
     0.95856273
     0.95930536
     0.96003524
     0.96075256
     0.96130922
     0.96154676
     0.96123054
     0.96070409
     0.96017078
     0.95963055
     0.95928673
     0.95921264
     0.95908944
     0.95897162
     0.95889455
     0.95863171
     0.95837157
     0.95813176
     0.95789062
     0.95764815
     0.95740435
     0.95723689
     0.95731215
     0.95741240
     0.95751242
     0.95765145
     0.95780599
     0.95795999
     0.95811345
     0.95826637
     0.95841876
     0.95857062
     0.95863607
     0.95855295
     0.95856634
     0.95869638
     0.95894110
     0.95910622
     0.95927070
     0.95943455
     0.95955040
     0.95963216
     0.95971377
     0.95951354
     0.95926560
     0.95940881
     0.95959469
     0.95977266
     0.95982125
     0.95986979
     0.95991828
     0.95996670
     0.96001507
     0.96006339
     0.96011165
     0.96015985
     0.96025600
     0.96007921
     0.95975171
     0.95942163
     0.95909007
     0.95877831
     0.95863390
     0.95867567
     0.95871740
     0.95875910
     0.95898976
     0.95929356
     0.95960214
     0.95991927
     0.96023400
     0.96054637
     0.96063379
     0.96066444
     0.96069506
     0.96969697
     0.97979798
     0.98989899
     1.00000000
     0.00000000
     0.00000000
     0.00000000
     0.00000000
     0.00000000
     0.00000000
     0.00000000
     0.00000000
     0.00000000
     0.00000000
     0.00000000
     0.00000000
     0.00000000
     0.00000000
     0.00000000
     0.00000000
     0.00000000
     0.00000000
     0.00000000
     0.00000000
     0.00000000
     0.95878588
     0.95952468
     0.96025078
     0.96096439
     0.96142213
     0.96145977
     0.96093630
     0.96040602
     0.95986885
     0.95949358
     0.95941986
     0.95934600
     0.95925554
     0.95913900
     0.95902714
     0.95872955
     0.95847486
     0.95823561
     0.95799505
     0.95775315
     0.95750993
     0.95748285
     0.95753814
     0.95763788
     0.95773740
     0.95789078
     0.95804448
     0.95819764
     0.95835027
     0.95850237
     0.95865393
     0.95880139
     0.95871858
     0.95863562
     0.95868428
     0.95881586
     0.95905022
     0.95921492
     0.95937898
     0.95954241
     0.95966220
     0.95974374
     0.95952875
     0.95928090
     0.95925074
     0.95943731
     0.95962307
     0.95977801
     0.95982660
     0.95987513
     0.95992361
     0.95997203
     0.96002040
     0.96006871
     0.96011696
     0.96016516
     0.96022684
     0.96003149
     0.95970362
     0.95939152
     0.95908196
     0.95877014
     0.95847299
     0.95843374
     0.95847359
     0.95851551
     0.95882134
     0.95912634
     0.95942965
     0.95974806
     0.96006409
     0.96037774
     0.96054787
     0.96057857
     0.96060926
     0.96969697
     0.97979798
     0.98989899
     1.00000000
     0.00000000
     0.00000000
     0.00000000
     0.00000000
     0.00000000
     0.00000000
     0.00000000
     0.00000000
     0.00000000
     0.00000000
     0.00000000
     0.00000000
     0.00000000
     0.00000000
     0.00000000
     0.00000000
     0.00000000
     0.00000000
     0.00000000
     0.00000000
     0.00000000
     0.95900787
     0.95974286
     0.96046521
     0.96117512
     0.96153473
     0.96116720
     0.96063993
     0.96010579
     0.95969943
     0.95962607
     0.95955257
     0.95948645
     0.95942100
     0.95930572
     0.95912408
     0.95882716
     0.95857790
     0.95833922
     0.95809923
     0.95785791
     0.95768501
     0.95772745
     0.95776985
     0.95786223
     0.95797540
     0.95812880
     0.95828167
     0.95843401
     0.95858581
     0.95873709
     0.95888783
     0.95888358
     0.95880094
     0.95870134
     0.95880190
     0.95893502
     0.95915906
     0.95932334
     0.95948699
     0.95965000
     0.95977370
     0.95954396
     0.95929619
     0.95909208
     0.95927935
     0.95946580
     0.95965143
     0.95978336
     0.95983195
     0.95988047
     0.95992894
     0.95997736
     0.96002572
     0.96007402
     0.96012227
     0.96017046
     0.96021859
     0.95999599
     0.95969084
     0.95938346
     0.95907385
     0.95876197
     0.95844782
     0.95828383
     0.95824440
     0.95834387
     0.95865225
     0.95895845
     0.95926248
     0.95957616
     0.95989348
     0.96020841
     0.96046176
     0.96049253
     0.96052327
     0.96969697
     0.97979798
     0.98989899
     1.00000000
     0.00000000
     0.00000000
     0.00000000
     0.00000000
     0.00000000
     0.00000000
     0.00000000
     0.00000000
     0.00000000
     0.00000000
     0.00000000
     0.00000000
     0.00000000
     0.00000000
     0.00000000
     0.00000000
     0.00000000
     0.00000000
     0.00000000
     0.00000000
     0.00000000
     0.95922872
     0.95995991
     0.96067852
     0.96138476
     0.96139679
     0.96087251
     0.96034140
     0.95990428
     0.95983127
     0.95975813
     0.95968487
     0.95964136
     0.95958581
     0.95947179
     0.95922081
     0.95892456
     0.95868070
     0.95844259
     0.95820316
     0.95796242
     0.95792850
     0.95797071
     0.95801288
     0.95808544
     0.95821297
     0.95836555
     0.95851759
     0.95866910
     0.95882008
     0.95897054
     0.95904795
     0.95896562
     0.95888313
     0.95878380
     0.95891920
     0.95905385
     0.95926763
     0.95943149
     0.95959472
     0.95975731
     0.95955916
     0.95931148
     0.95906235
     0.95912080
     0.95930794
     0.95949427
     0.95967978
     0.95978872
     0.95983729
     0.95988581
     0.95993428
     0.95998269
     0.96003104
     0.96007934
     0.96012758
     0.96017576
     0.96022389
     0.95998805
     0.95968284
     0.95937541
     0.95906573
     0.95875380
     0.95843958
     0.95813341
     0.95809385
     0.95820153
     0.95848250
     0.95878991
     0.95909513
     0.95940356
     0.95972217
     0.96003839
     0.96035223
     0.96040630
     0.96043711
     0.96969697
     0.97979798
     0.98989899
     1.00000000
     0.00000000
     0.00000000
     0.00000000
     0.00000000
     0.00000000
     0.00000000
     0.00000000
     0.00000000
     0.00000000
     0.00000000
     0.00000000
     0.00000000
     0.00000000
     0.00000000
     0.00000000
     0.00000000
     0.00000000
     0.00000000
     0.00000000
     0.00000000
     0.00000000
     0.95944842
     0.96017584
     0.96089074
     0.96152269
     0.96110377
     0.96057567
     0.96010813
     0.96003548
     0.95996269
     0.95988979
     0.95981810
     0.95979571
     0.95974998
     0.95961084
     0.95931731
     0.95902173
     0.95878326
     0.95854571
     0.95830685
     0.95812863
     0.95817065
     0.95821263
     0.95825457
     0.95830751
     0.95844926
     0.95860101
     0.95875223
     0.95890292
     0.95905308
     0.95920272
     0.95912967
     0.95904750
     0.95894936
     0.95890115
     0.95903618
     0.95917078
     0.95937592
     0.95953936
     0.95968908
     0.95952354
     0.95932677
     0.95907773
     0.95896165
     0.95914950
     0.95933652
     0.95952272
     0.95970810
     0.95979407
     0.95984264
     0.95989115
     0.95993961
     0.95998801
     0.96003636
     0.96008465
     0.96013288
     0.96018106
     0.96022919
     0.95998011
     0.95967485
     0.95936736
     0.95905762
     0.95874562
     0.95843135
     0.95811479
     0.95794277
     0.95812169
     0.95835387
     0.95862070
     0.95892712
     0.95923137
     0.95955017
     0.95986768
     0.96018280
     0.96031990
     0.96035077
     0.96969697
     0.97979798
     0.98989899
     1.00000000
     0.00000000
     0.00000000
     0.00000000
     0.00000000
     0.00000000
     0.00000000
     0.00000000
     0.00000000
     0.00000000
     0.00000000
     0.00000000
     0.00000000
     0.00000000
     0.00000000
     0.00000000
     0.00000000
     0.00000000
     0.00000000
     0.00000000
     0.00000000
     0.00000000
     0.95966700
     0.96039065
     0.96110185
     0.96133372
     0.96080862
     0.96031098
     0.96023869
     0.96016626
     0.96009371
     0.96002103
     0.95997180
     0.95994949
     0.95991352
     0.95970646
     0.95941359
     0.95912125
     0.95888557
     0.95864858
     0.95841029
     0.95836968
     0.95841147
     0.95845322
     0.95849492
     0.95854125
     0.95868427
     0.95883519
     0.95898560
     0.95913547
     0.95928482
     0.95929310
     0.95921124
     0.95912923
     0.95901286
     0.95901818
     0.95915283
     0.95928707
     0.95948393
     0.95961897
     0.95945316
     0.95928669
     0.95909310
     0.95884269
     0.95899046
     0.95917818
     0.95936507
     0.95955115
     0.95973640
     0.95979942
     0.95984798
     0.95989649
     0.95994494
     0.95999334
     0.96004168
     0.96008996
     0.96013819
     0.96018636
     0.96023448
     0.95997217
     0.95966685
     0.95935930
     0.95904950
     0.95873745
     0.95842312
     0.95810650
     0.95780787
     0.95804171
     0.95827431
     0.95850567
     0.95875845
     0.95906390
     0.95937745
     0.95969627
     0.96001268
     0.96023331
     0.96026425
     0.96969697
     0.97979798
     0.98989899
     1.00000000
     0.00000000
     0.00000000
     0.00000000
     0.00000000
     0.00000000
     0.00000000
     0.00000000
     0.00000000
     0.00000000
     0.00000000
     0.00000000
     0.00000000
     0.00000000
     0.00000000
     0.00000000
     0.00000000
     0.00000000
     0.00000000
     0.00000000
     0.00000000
     0.00000000
     0.95988444
     0.96060436
     0.96131187
     0.96101788
     0.96051285
     0.96044090
     0.96036883
     0.96029663
     0.96022431
     0.96015186
     0.96012494
     0.96010271
     0.96007641
     0.95980187
     0.95950966
     0.95922276
     0.95898763
     0.95875121
     0.95856781
     0.95860941
     0.95865096
     0.95869248
     0.95873395
     0.95879551
     0.95891800
     0.95906811
     0.95921770
     0.95936676
     0.95945590
     0.95937435
     0.95929265
     0.95919596
     0.95907627
     0.95913488
     0.95926918
     0.95940305
     0.95954875
     0.95938265
     0.95921591
     0.95904851
     0.95885814
     0.95883083
     0.95901925
     0.95920684
     0.95939361
     0.95957956
     0.95975615
     0.95980477
     0.95985333
     0.95990183
     0.95995027
     0.95999866
     0.96004700
     0.96009528
     0.96014350
     0.96019167
     0.96023978
     0.95996423
     0.95965885
     0.95935124
     0.95904139
     0.95872927
     0.95841488
     0.95809820
     0.95791566
     0.95796158
     0.95819460
     0.95842638
     0.95865694
     0.95889577
     0.95920404
     0.95952415
     0.95985828
     0.96018297
     0.96019471
     0.96969697
     0.97979798
     0.98989899
     1.00000000
     0.00000000
     0.00000000
     0.00000000
     0.00000000
     0.00000000
     0.00000000
     0.00000000
     0.00000000
     0.00000000
     0.00000000
     0.00000000
     0.00000000
     0.00000000
     0.00000000
     0.00000000
     0.00000000
     0.00000000
     0.00000000
     0.00000000
     0.00000000
     0.00000000
     0.96010076
     0.96081695
     0.96102384
     0.96065361
     0.96064214
     0.96057042
     0.96049857
     0.96042660
     0.96035450
     0.96029965
     0.96027752
     0.96025537
     0.96021535
     0.95989705
     0.95960551
     0.95932402
     0.95908946
     0.95885360
     0.95880644
     0.95884781
     0.95888914
     0.95893042
     0.95897167
     0.95904828
     0.95915047
     0.95929977
     0.95944855
     0.95959680
     0.95953684
     0.95945545
     0.95937391
     0.95925910
     0.95913958
     0.95925127
     0.95938520
     0.95946267
     0.95931203
     0.95914501
     0.95897733
     0.95880899
     0.95867061
     0.95885973
     0.95904802
     0.95923548
     0.95942212
     0.95960795
     0.95976151
     0.95981012
     0.95985867
     0.95990717
     0.95995561
     0.96000399
     0.96005232
     0.96010059
     0.96014881
     0.96019697
     0.96024507
     0.95995628
     0.95965085
     0.95934318
     0.95903327
     0.95872109
     0.95840664
     0.95816995
     0.95802801
     0.95788561
     0.95811475
     0.95834696
     0.95857793
     0.95880768
     0.95905744
     0.95940806
     0.95974854
     0.96008627
     0.96022262
     0.96969697
     0.97979798
     0.98989899
     1.00000000
     0.00000000
     0.00000000
     0.00000000
     0.00000000
     0.00000000
     0.00000000
     0.00000000
     0.00000000
     0.00000000
     0.00000000
     0.00000000
     0.00000000
     0.00000000
     0.00000000
     0.00000000
     0.00000000
     0.00000000
     0.00000000
     0.00000000
     0.00000000
     0.00000000
     0.96031596
     0.96102845
     0.96065962
     0.96070785
     0.96077102
     0.96069952
     0.96062790
     0.96055616
     0.96048429
     0.96045158
     0.96042953
     0.96040747
     0.96029932
     0.95999202
     0.95970114
     0.95942505
     0.95919104
     0.95900258
     0.95904376
     0.95908490
     0.95912599
     0.95916705
     0.95920807
     0.95929957
     0.95939137
     0.95953017
     0.95967814
     0.95969870
     0.95961763
     0.95953640
     0.95944114
     0.95932214
     0.95923337
     0.95936735
     0.95943040
     0.95924043
     0.95907400
     0.95890604
     0.95873742
     0.95856814
     0.95869961
     0.95888860
     0.95907677
     0.95926410
     0.95945062
     0.95963632
     0.95976686
     0.95981547
     0.95986401
     0.95991250
     0.95996094
     0.96000931
     0.96005764
     0.96010590
     0.96015411
     0.96020226
     0.96025036
     0.95994834
     0.95964284
     0.95933512
     0.95902515
     0.95871291
     0.95842276
     0.95828165
     0.95814007
     0.95799804
     0.95803475
     0.95826738
     0.95849878
     0.95872895
     0.95900027
     0.95929714
     0.95963851
     0.95997713
     0.96025176
     0.96969697
     0.97979798
     0.98989899
     1.00000000
     0.00000000
     0.00000000
     0.00000000
     0.00000000
     0.00000000
     0.00000000
     0.00000000
     0.00000000
     0.00000000
     0.00000000
     0.00000000
     0.00000000
     0.00000000
     0.00000000
     0.00000000
     0.00000000
     0.00000000
     0.00000000
     0.00000000
     0.00000000
     0.00000000
     0.96042449
     0.96066563
     0.96067938
     0.96079480
     0.96089949
     0.96082822
     0.96075683
     0.96068531
     0.96062492
     0.96060296
     0.96058099
     0.96055901
     0.96038311
     0.96008678
     0.95979656
     0.95952583
     0.95929238
     0.95923881
     0.95927976
     0.95932067
     0.95936155
     0.95940238
     0.95945793
     0.95954938
     0.95964064
     0.95975932
     0.95985995
     0.95977918
     0.95969826
     0.95961719
     0.95950391
     0.95938509
     0.95934949
     0.95939809
     0.95921211
     0.95901169
     0.95883462
     0.95866573
     0.95849617
     0.95853908
     0.95872859
     0.95891746
     0.95910549
     0.95929271
     0.95947910
     0.95966467
     0.95977222
     0.95982081
     0.95986935
     0.95991784
     0.95996627
     0.96001464
     0.96006295
     0.96011121
     0.96015942
     0.96020756
     0.96024373
     0.95994039
     0.95963484
     0.95932705
     0.95901702
     0.95870473
     0.95853382
     0.95839306
     0.95825185
     0.95811017
     0.95796804
     0.95818767
     0.95841949
     0.95865008
     0.95894302
     0.95926847
     0.95953856
     0.95992658
     0.96028089
     0.96969697
     0.97979798
     0.98989899
     1.00000000
     0.00000000
     0.00000000
     0.00000000
     0.00000000
     0.00000000
     0.00000000
     0.00000000
     0.00000000
     0.00000000
     0.00000000
     0.00000000
     0.00000000
     0.00000000
     0.00000000
     0.00000000
     0.00000000
     0.00000000
     0.00000000
     0.00000000
     0.00000000
     0.00000000
     0.96039264
     0.96065088
     0.96076638
     0.96088156
     0.96099641
     0.96095652
     0.96088535
     0.96081405
     0.96077566
     0.96075378
     0.96073189
     0.96070037
     0.96046674
     0.96018132
     0.95989175
     0.95962638
     0.95943298
     0.95947374
     0.95951447
     0.95955515
     0.95959580
     0.95963640
     0.95970681
     0.95979772
     0.95988844
     0.95998723
     0.95994012
     0.95985951
     0.95977874
     0.95968491
     0.95956659
     0.95944795
     0.95936577
     0.95917964
     0.95898787
     0.95878172
     0.95859391
     0.95842407
     0.95837798
     0.95856818
     0.95875756
     0.95894629
     0.95913420
     0.95932129
     0.95950756
     0.95969301
     0.95977757
     0.95982616
     0.95987470
     0.95992317
     0.95997159
     0.96001996
     0.96006827
     0.96011652
     0.96016472
     0.96021286
     0.96023583
     0.95993244
     0.95962683
     0.95931899
     0.95900890
     0.95878453
     0.95864459
     0.95850419
     0.95836333
     0.95822202
     0.95808025
     0.95810780
     0.95834005
     0.95857106
     0.95888569
     0.95926480
     0.95953382
     0.95989933
     0.96028403
     0.96969697
     0.97979798
     0.98989899
     1.00000000
     0.00000000
     0.00000000
     0.00000000
     0.00000000
     0.00000000
     0.00000000
     0.00000000
     0.00000000
     0.00000000
     0.00000000
     0.00000000
     0.00000000
     0.00000000
     0.00000000
     0.00000000
     0.00000000
     0.00000000
     0.00000000
     0.00000000
     0.00000000
     0.00000000
     0.96016829
     0.96059981
     0.96085321
     0.96096814
     0.96108274
     0.96108441
     0.96101346
     0.96094764
     0.96092585
     0.96090405
     0.96088224
     0.96078335
     0.96055019
     0.96027564
     0.95998674
     0.95972668
     0.95966683
     0.95970737
     0.95974787
     0.95978833
     0.95982876
     0.95986914
     0.95995422
     0.96004460
     0.96013478
     0.96010044
     0.96002014
     0.95993968
     0.95985907
     0.95974732
     0.95962918
     0.95938719
     0.95914715
     0.95896006
     0.95875778
     0.95855052
     0.95835186
     0.95821628
     0.95840719
     0.95859726
     0.95878650
     0.95897511
     0.95916290
     0.95934986
     0.95953600
     0.95972132
     0.95978292
     0.95983151
     0.95988004
     0.95992851
     0.95997692
     0.96002528
     0.96007358
     0.96012183
     0.96017002
     0.96021816
     0.96022794
     0.95992449
     0.95961882
     0.95931092
     0.95903379
     0.95889466
     0.95875507
     0.95861503
     0.95847454
     0.95833359
     0.95819218
     0.95805032
     0.95826046
     0.95849190
     0.95885253
     0.95927211
     0.95961116
     0.95987205
     0.96025701
     0.96969697
     0.97979798
     0.98989899
     1.00000000
     0.00000000
     0.00000000
     0.00000000
     0.00000000
     0.00000000
     0.00000000
     0.00000000
     0.00000000
     0.00000000
     0.00000000
     0.00000000
     0.00000000
     0.00000000
     0.00000000
     0.00000000
     0.00000000
     0.00000000
     0.00000000
     0.00000000
     0.00000000
     0.00000000
     0.96008128
     0.96051369
     0.96093984
     0.96105453
     0.96116889
     0.96121190
     0.96114118
     0.96109719
     0.96107549
     0.96105377
     0.96103204
     0.96086616
     0.96063348
     0.96036975
     0.96008150
     0.95985905
     0.95989940
     0.95993971
     0.95997999
     0.96002023
     0.96006043
     0.96011013
     0.96020018
     0.96029003
     0.96034031
     0.96018015
     0.96010000
     0.96001970
     0.95992728
     0.95980964
     0.95955306
     0.95911463
     0.95892740
     0.95873382
     0.95852645
     0.95831808
     0.95810871
     0.95824560
     0.95843638
     0.95862632
     0.95881543
     0.95900391
     0.95919157
     0.95937840
     0.95956442
     0.95973964
     0.95978828
     0.95983685
     0.95988538
     0.95993384
     0.95998225
     0.96003060
     0.96007890
     0.96012714
     0.96017533
     0.96022346
     0.96022005
     0.95991654
     0.95961081
     0.95930286
     0.95914328
     0.95900450
     0.95886527
     0.95872559
     0.95858546
     0.95844487
     0.95830382
     0.95816232
     0.95818073
     0.95843627
     0.95885991
     0.95927941
     0.95968836
     0.95990867
     0.96022997
     0.96969697
     0.97979798
     0.98989899
     1.00000000
     0.00000000
     0.00000000
     0.00000000
     0.00000000
     0.00000000
     0.00000000
     0.00000000
     0.00000000
     0.00000000
     0.00000000
     0.00000000
     0.00000000
     0.00000000
     0.00000000
     0.00000000
     0.00000000
     0.00000000
     0.00000000
     0.00000000
     0.00000000
     0.00000000
     0.95999408
     0.96042740
     0.96085622
     0.96114074
     0.96125486
     0.96133899
     0.96126849
     0.96124620
     0.96122457
     0.96120293
     0.96117971
     0.96094881
     0.96071660
     0.96046365
     0.96017605
     0.96009055
     0.96013068
     0.96017077
     0.96021083
     0.96025084
     0.96029082
     0.96035517
     0.96044469
     0.96053401
     0.96041473
     0.96025971
     0.96017971
     0.96009957
     0.95998933
     0.95971828
     0.95925407
     0.95889472
     0.95870652
     0.95850236
     0.95829387
     0.95808439
     0.95810454
     0.95827489
     0.95846555
     0.95865536
     0.95884435
     0.95903269
     0.95922022
     0.95940693
     0.95959282
     0.95974500
     0.95979363
     0.95984220
     0.95989071
     0.95993917
     0.95998758
     0.96003592
     0.96008421
     0.96013245
     0.96018063
     0.96022875
     0.96021215
     0.95990859
     0.95960280
     0.95939046
     0.95925249
     0.95911407
     0.95897520
     0.95883587
     0.95869610
     0.95855587
     0.95841518
     0.95827404
     0.95814056
     0.95844372
     0.95886729
     0.95928672
     0.95970205
     0.95998532
     0.96020407
     0.96969697
     0.97979798
     0.98989899
     1.00000000
     0.00000000
     0.00000000
     0.00000000
     0.00000000
     0.00000000
     0.00000000
     0.00000000
     0.00000000
     0.00000000
     0.00000000
     0.00000000
     0.00000000
     0.00000000
     0.00000000
     0.00000000
     0.00000000
     0.00000000
     0.00000000
     0.00000000
     0.00000000
     0.00000000
     0.95990670
     0.96034093
     0.96077065
     0.96119590
     0.96134065
     0.96145420
     0.96141619
     0.96139466
     0.96137311
     0.96135155
     0.96126172
     0.96103129
     0.96079955
     0.96055733
     0.96029562
     0.96032077
     0.96036068
     0.96040055
     0.96044038
     0.96048018
     0.96051993
     0.96059877
     0.96068776
     0.96066035
     0.96048901
     0.96033911
     0.96025927
     0.96016824
     0.95988285
     0.95942046
     0.95895297
     0.95867367
     0.95847826
     0.95826966
     0.95806006
     0.95808631
     0.95815301
     0.95830417
     0.95849470
     0.95868439
     0.95887325
     0.95906145
     0.95924885
     0.95943544
     0.95962120
     0.95975036
     0.95979898
     0.95984754
     0.95989605
     0.95994451
     0.95999290
     0.96004124
     0.96008953
     0.96013776
     0.96018593
     0.96023405
     0.96020426
     0.95990063
     0.95963621
     0.95949904
     0.95936142
     0.95922335
     0.95908484
     0.95894587
     0.95880645
     0.95866658
     0.95852625
     0.95839926
     0.95833235
     0.95845117
     0.95887466
     0.95929402
     0.95970929
     0.96006183
     0.96028018
     0.96969697
     0.97979798
     0.98989899
     1.00000000
     0.00000000
     0.00000000
     0.00000000
     0.00000000
     0.00000000
     0.00000000
     0.00000000
     0.00000000
     0.00000000
     0.00000000
     0.00000000
     0.00000000
     0.00000000
     0.00000000
     0.00000000
     0.00000000
     0.00000000
     0.00000000
     0.00000000
     0.00000000
     0.00000000
     0.95981913
     0.96025427
     0.96068489
     0.96111103
     0.96142625
     0.96153957
     0.96156403
     0.96154257
     0.96152110
     0.96149962
     0.96134357
     0.96111360
     0.96088233
     0.96065080
     0.96052008
     0.96054972
     0.96058941
     0.96062906
     0.96066867
     0.96070824
     0.96075228
     0.96084093
     0.96090452
     0.96073420
     0.96056316
     0.96041837
     0.96033868
     0.96004677
     0.95958619
     0.95912053
     0.95864974
     0.95845149
     0.95824543
     0.95803571
     0.95806808
     0.95813480
     0.95820142
     0.95833343
     0.95852383
     0.95871339
     0.95890212
     0.95909019
     0.95927747
     0.95946393
     0.95964957
     0.95975571
     0.95980433
     0.95985289
     0.95990139
     0.95994984
     0.95999823
     0.96004656
     0.96009484
     0.96014306
     0.96019123
     0.96023934
     0.96019636
     0.95989268
     0.95974416
     0.95960734
     0.95947007
     0.95933236
     0.95919420
     0.95905558
     0.95891652
     0.95877701
     0.95865643
     0.95858991
     0.95852329
     0.95850517
     0.95888204
     0.95930133
     0.95971652
     0.96012765
     0.96035616
     0.96969697
     0.97979798
     0.98989899
     1.00000000
     0.00000000
     0.00000000
     0.00000000
     0.00000000
     0.00000000
     0.00000000
     0.00000000
     0.00000000
     0.00000000
     0.00000000
     0.00000000
     0.00000000
     0.00000000
     0.00000000
     0.00000000
     0.00000000
     0.00000000
     0.00000000
     0.00000000
     0.00000000
     0.00000000
     0.95973139
     0.96016744
     0.96059896
     0.96102599
     0.96144859
     0.96163960
     0.96171132
     0.96168994
     0.96166855
     0.96164715
     0.96142524
     0.96119575
     0.96096494
     0.96076235
     0.96074332
     0.96077741
     0.96081687
     0.96085630
     0.96089569
     0.96093505
     0.96099353
     0.96108166
     0.96097792
     0.96080791
     0.96063718
     0.96049747
     0.96021006
     0.95975128
     0.95928744
     0.95881848
     0.95841844
     0.95822119
     0.95801135
     0.95804983
     0.95811658
     0.95818323
     0.95824978
     0.95836267
     0.95855294
     0.95874237
     0.95893098
     0.95911891
     0.95930606
     0.95949239
     0.95967791
     0.95976107
     0.95980968
     0.95985823
     0.95990673
     0.95995517
     0.96000355
     0.96005188
     0.96010015
     0.96014837
     0.96019653
     0.96024464
     0.96018846
     0.95998786
     0.95985183
     0.95971536
     0.95957844
     0.95944108
     0.95930327
     0.95916502
     0.95902631
     0.95891207
     0.95884595
     0.95877972
     0.95873496
     0.95873149
     0.95888941
     0.95930863
     0.95972375
     0.96013481
     0.96043199
     0.96969697
     0.97979798
     0.98989899
     1.00000000
     0.00000000
     0.00000000
     0.00000000
     0.00000000
     0.00000000
     0.00000000
     0.00000000
     0.00000000
     0.00000000
     0.00000000
     0.00000000
     0.00000000
     0.00000000
     0.00000000
     0.00000000
     0.00000000
     0.00000000
     0.00000000
     0.00000000
     0.00000000
     0.00000000
     0.95964346
     0.96008042
     0.96051284
     0.96094077
     0.96136425
     0.96174585
     0.96185806
     0.96183676
     0.96181545
     0.96173449
     0.96150676
     0.96127773
     0.96104739
     0.96097954
     0.96096535
     0.96100383
     0.96104308
     0.96108229
     0.96112146
     0.96116060
     0.96123337
     0.96122020
     0.96105119
     0.96088149
     0.96071107
     0.96036526
     0.95991572
     0.95945370
     0.95898657
     0.95851430
     0.95819494
     0.95798698
     0.95803158
     0.95809836
     0.95816504
     0.95823162
     0.95829809
     0.95839189
     0.95858203
     0.95877134
     0.95895982
     0.95914761
     0.95933464
     0.95952084
     0.95970624
     0.95976642
     0.95981503
     0.95986357
     0.95991206
     0.95996050
     0.96000888
     0.96005720
     0.96010546
     0.96015368
     0.96020183
     0.96024993
     0.96023014
     0.96009491
     0.95995923
     0.95982310
     0.95968654
     0.95954953
     0.95941208
     0.95927417
     0.95916621
     0.95910047
     0.95903464
     0.95896871
     0.95896008
     0.95895662
     0.95895316
     0.95931593
     0.95973098
     0.96014197
     0.96050768
     0.96969697
     0.97979798
     0.98989899
     1.00000000
     0.00000000
     0.00000000
     0.00000000
     0.00000000
     0.00000000
     0.00000000
     0.00000000
     0.00000000
     0.00000000
     0.00000000
     0.00000000
     0.00000000
     0.00000000
     0.00000000
     0.00000000
     0.00000000
     0.00000000
     0.00000000
     0.00000000
     0.00000000
     0.00000000
     0.95955534
     0.95999322
     0.96042655
     0.96085538
     0.96129371
     0.96175823
     0.96200427
     0.96198305
     0.96196182
     0.96181537
     0.96158811
     0.96135954
     0.96119001
     0.96119377
     0.96118993
     0.96122899
     0.96126803
     0.96130702
     0.96134598
     0.96138490
     0.96146103
     0.96129303
     0.96112434
     0.96095493
     0.96058597
     0.96010410
     0.95961930
     0.95915400
     0.95868358
     0.95820797
     0.95796259
     0.95801332
     0.95808013
     0.95814683
     0.95821344
     0.95827994
     0.95834635
     0.95842109
     0.95861110
     0.95880028
     0.95898864
     0.95917629
     0.95936319
     0.95954928
     0.95972313
     0.95977178
     0.95982037
     0.95986892
     0.95991740
     0.95996583
     0.96001420
     0.96006252
     0.96011078
     0.96015898
     0.96020713
     0.96025522
     0.96033657
     0.96020168
     0.96006635
     0.95993057
     0.95979436
     0.95965770
     0.95952060
     0.95941883
     0.95935349
     0.95928805
     0.95922250
     0.95918746
     0.95918402
     0.95918058
     0.95917714
     0.95932323
     0.95973820
     0.96014912
     0.96055602
     0.96969697
     0.97979798
     0.98989899
     1.00000000
     0.00000000
     0.00000000
     0.00000000
     0.00000000
     0.00000000
     0.00000000
     0.00000000
     0.00000000
     0.00000000
     0.00000000
     0.00000000
     0.00000000
     0.00000000
     0.00000000
     0.00000000
     0.00000000
     0.00000000
     0.00000000
     0.00000000
     0.00000000
     0.00000000
     0.95946704
     0.95990583
     0.96034007
     0.96076980
     0.96123267
     0.96169790
     0.96211729
     0.96212880
     0.96210764
     0.96189610
     0.96166929
     0.96144119
     0.96140183
     0.96140687
     0.96141406
     0.96145291
     0.96149173
     0.96153051
     0.96156925
     0.96162203
     0.96153343
     0.96136574
     0.96119734
     0.96081726
     0.96035038
     0.95984580
     0.95932857
     0.95885219
     0.95837844
     0.95793689
     0.95799505
     0.95806189
     0.95812862
     0.95819526
     0.95826179
     0.95832822
     0.95839455
     0.95845027
     0.95864016
     0.95882921
     0.95901743
     0.95920495
     0.95939173
     0.95957769
     0.95972848
     0.95977713
     0.95982572
     0.95987426
     0.95992273
     0.95997116
     0.96001952
     0.96006783
     0.96011609
     0.96016428
     0.96021243
     0.96027568
     0.96044272
     0.96030818
     0.96017319
     0.96003777
     0.95990190
     0.95976559
     0.95966996
     0.95960501
     0.95953995
     0.95947480
     0.95941364
     0.95941022
     0.95940679
     0.95940337
     0.95939995
     0.95939653
     0.95974543
     0.96015628
     0.96056311
     0.96969697
     0.97979798
     0.98989899
     1.00000000
     0.00000000
     0.00000000
     0.00000000
     0.00000000
     0.00000000
     0.00000000
     0.00000000
     0.00000000
     0.00000000
     0.00000000
     0.00000000
     0.00000000
     0.00000000
     0.00000000
     0.00000000
     0.00000000
     0.00000000
     0.00000000
     0.00000000
     0.00000000
     0.00000000
     0.95937856
     0.95981827
     0.96025341
     0.96070018
     0.96117154
     0.96163747
     0.96209803
     0.96227401
     0.96220171
     0.96197665
     0.96175031
     0.96163406
     0.96161255
     0.96161884
     0.96163695
     0.96167559
     0.96171419
     0.96175276
     0.96179128
     0.96177239
     0.96160570
     0.96143831
     0.96104725
     0.96058300
     0.96009999
     0.95958589
     0.95906546
     0.95854825
     0.95807115
     0.95797678
     0.95804364
     0.95811040
     0.95817706
     0.95824362
     0.95831008
     0.95837644
     0.95844269
     0.95847943
     0.95866919
     0.95885811
     0.95904621
     0.95923360
     0.95942025
     0.95960608
     0.95973384
     0.95978248
     0.95983107
     0.95987960
     0.95992807
     0.95997648
     0.96002484
     0.96007315
     0.96012140
     0.96016959
     0.96021772
     0.96040122
     0.96054860
     0.96041440
     0.96027976
     0.96014468
     0.96000917
     0.95991960
     0.95985503
     0.95979036
     0.95972559
     0.95966073
     0.95963521
     0.95963180
     0.95962840
     0.95962500
     0.95962159
     0.95961819
     0.95975265
     0.96016343
     0.96057019
     0.96969697
     0.97979798
     0.98989899
     1.00000000
     0.00000000
     0.00000000
     0.00000000
     0.00000000
     0.00000000
     0.00000000
     0.00000000
     0.00000000
     0.00000000
     0.00000000
     0.00000000
     0.00000000
     0.00000000
     0.00000000
     0.00000000
     0.00000000
     0.00000000
     0.00000000
     0.00000000
     0.00000000
     0.00000000
     0.95928989
     0.95973052
     0.96016658
     0.96063824
     0.96111031
     0.96157695
     0.96203821
     0.96241868
     0.96228165
     0.96205705
     0.96186495
     0.96184356
     0.96182216
     0.96182969
     0.96185861
     0.96189703
     0.96193542
     0.96197377
     0.96201208
     0.96184423
     0.96167784
     0.96127594
     0.96081430
     0.96034739
     0.95984166
     0.95932437
     0.95880071
     0.95827271
     0.95803826
     0.95802539
     0.95809218
     0.95815887
     0.95822545
     0.95829194
     0.95835832
     0.95842460
     0.95849079
     0.95850857
     0.95869820
     0.95888700
     0.95907986
     0.95927332
     0.95944875
     0.95963445
     0.95973920
     0.95978784
     0.95983641
     0.95988494
     0.95993340
     0.95998181
     0.96003017
     0.96007846
     0.96012670
     0.96017489
     0.96022302
     0.96052639
     0.96065421
     0.96052035
     0.96038606
     0.96025133
     0.96016776
     0.96010358
     0.96003929
     0.95997491
     0.95991042
     0.95985900
     0.95985562
     0.95985223
     0.95984885
     0.95984546
     0.95984208
     0.95983869
     0.95983531
     0.96017059
     0.96057728
     0.96969697
     0.97979798
     0.98989899
     1.00000000
     0.00000000
     0.00000000
     0.00000000
     0.00000000
     0.00000000
     0.00000000
     0.00000000
     0.00000000
     0.00000000
     0.00000000
     0.00000000
     0.00000000
     0.00000000
     0.00000000
     0.00000000
     0.00000000
     0.00000000
     0.00000000
     0.00000000
     0.00000000
     0.00000000
     0.95920103
     0.95964259
     0.96009792
     0.96057621
     0.96104899
     0.96151634
     0.96197830
     0.96242525
     0.96236142
     0.96213728
     0.96207324
     0.96205196
     0.96203067
     0.96203944
     0.96207904
     0.96211725
     0.96215542
     0.96219356
     0.96208134
     0.96191594
     0.96150335
     0.96104431
     0.96058002
     0.96009587
     0.95958173
     0.95906124
     0.95854239
     0.95828201
     0.95801539
     0.95807394
     0.95814066
     0.95820727
     0.95827379
     0.95834020
     0.95840651
     0.95847272
     0.95853883
     0.95853769
     0.95872879
     0.95894311
     0.95915636
     0.95935151
     0.95952378
     0.95969535
     0.95976325
     0.95979809
     0.95984176
     0.95989028
     0.95993874
     0.95998714
     0.96003549
     0.96008378
     0.96013201
     0.96018019
     0.96027512
     0.96065118
     0.96075954
     0.96062603
     0.96049208
     0.96041445
     0.96035064
     0.96028674
     0.96022274
     0.96015863
     0.96009443
     0.96007825
     0.96007488
     0.96007151
     0.96006814
     0.96006478
     0.96006141
     0.96005804
     0.96005467
     0.96017774
     0.96058436
     0.96969697
     0.97979798
     0.98989899
     1.00000000
     0.00000000
     0.00000000
     0.00000000
     0.00000000
     0.00000000
     0.00000000
     0.00000000
     0.00000000
     0.00000000
     0.00000000
     0.00000000
     0.00000000
     0.00000000
     0.00000000
     0.00000000
     0.00000000
     0.00000000
     0.00000000
     0.00000000
     0.00000000
     0.00000000
     0.95916413
     0.95955447
     0.96003507
     0.96051408
     0.96098758
     0.96145564
     0.96191830
     0.96236657
     0.96242175
     0.96230159
     0.96228043
     0.96225927
     0.96223809
     0.96224807
     0.96229824
     0.96233624
     0.96237420
     0.96234173
     0.96215262
     0.96172947
     0.96127302
     0.96081135
     0.96034440
     0.95983752
     0.95932018
     0.95881482
     0.95856486
     0.95831302
     0.95812276
     0.95815805
     0.95822238
     0.95828662
     0.95835076
     0.95841481
     0.95847876
     0.95854262
     0.95860638
     0.95859092
     0.95880592
     0.95901985
     0.95923272
     0.95942956
     0.95960152
     0.95977277
     0.95981766
     0.95985245
     0.95988720
     0.95992193
     0.95995663
     0.95999247
     0.96004081
     0.96008909
     0.96013732
     0.96018549
     0.96040067
     0.96077558
     0.96086461
     0.96073144
     0.96065967
     0.96059624
     0.96053272
     0.96046910
     0.96040538
     0.96034156
     0.96029969
     0.96029634
     0.96029299
     0.96028964
     0.96028629
     0.96028294
     0.96027959
     0.96027624
     0.96027289
     0.96026954
     0.96059144
     0.96969697
     0.97979798
     0.98989899
     1.00000000
     0.00000000
     0.00000000
     0.00000000
     0.00000000
     0.00000000
     0.00000000
     0.00000000
     0.00000000
     0.00000000
     0.00000000
     0.00000000
     0.00000000
     0.00000000
     0.00000000
     0.00000000
     0.00000000
     0.00000000
     0.00000000
     0.00000000
     0.00000000
     0.00000000
     0.95918362
     0.95959360
     0.96002589
     0.96045374
     0.96092608
     0.96139484
     0.96185820
     0.96229120
     0.96240250
     0.96250758
     0.96248654
     0.96246549
     0.96244442
     0.96245560
     0.96251623
     0.96255401
     0.96259176
     0.96239990
     0.96195431
     0.96150044
     0.96104137
     0.96057705
     0.96009176
     0.95957756
     0.95911654
     0.95886833
     0.95861869
     0.95831816
     0.95824457
     0.95827565
     0.95832130
     0.95838539
     0.95844939
     0.95851329
     0.95857710
     0.95864081
     0.95870443
     0.95866829
     0.95888291
     0.95909646
     0.95930894
     0.95950747
     0.95967911
     0.95983723
     0.95987200
     0.95990674
     0.95994145
     0.95997613
     0.96001079
     0.96004541
     0.96008001
     0.96011458
     0.96014912
     0.96019080
     0.96052583
     0.96089962
     0.96096941
     0.96090344
     0.96084039
     0.96077724
     0.96071399
     0.96065065
     0.96058721
     0.96052367
     0.96051662
     0.96051329
     0.96050996
     0.96050663
     0.96050329
     0.96049996
     0.96049663
     0.96049329
     0.96048996
     0.96048663
     0.96059852
     0.96969697
     0.97979798
     0.98989899
     1.00000000
     0.00000000
     0.00000000
     0.00000000
     0.00000000
     0.00000000
     0.00000000
     0.00000000
     0.00000000
     0.00000000
     0.00000000
     0.00000000
     0.00000000
     0.00000000
     0.00000000
     0.00000000
     0.00000000
     0.00000000
     0.00000000
     0.00000000
     0.00000000
     0.00000000
     0.95920310
     0.95963744
     0.96006928
     0.96049669
     0.96091971
     0.96133838
     0.96179802
     0.96226672
     0.96249727
     0.96267633
     0.96269157
     0.96267062
     0.96264967
     0.96266204
     0.96273300
     0.96277058
     0.96266571
     0.96217789
     0.96172658
     0.96127010
     0.96080839
     0.96034141
     0.95986377
     0.95941614
     0.95916968
     0.95892178
     0.95866855
     0.95833501
     0.95836603
     0.95839703
     0.95842801
     0.95848395
     0.95854780
     0.95861155
     0.95867522
     0.95873879
     0.95880226
     0.95874552
     0.95895976
     0.95917292
     0.95938503
     0.95958523
     0.95975655
     0.95989154
     0.95992626
     0.95996096
     0.95999562
     0.96003026
     0.96006487
     0.96009945
     0.96013401
     0.96016853
     0.96020303
     0.96031931
     0.96068036
     0.96103826
     0.96114575
     0.96108308
     0.96102030
     0.96095743
     0.96089447
     0.96083141
     0.96076824
     0.96073573
     0.96073242
     0.96072910
     0.96072579
     0.96072248
     0.96071916
     0.96071584
     0.96071253
     0.96070921
     0.96070590
     0.96070258
     0.96069926
     0.96969697
     0.97979798
     0.98989899
     1.00000000
     0.00000000
     0.00000000
     0.00000000
     0.00000000
     0.00000000
     0.00000000
     0.00000000
     0.00000000
     0.00000000
     0.00000000
     0.00000000
     0.00000000
     0.00000000
     0.00000000
     0.00000000
     0.00000000
     0.00000000
     0.00000000
     0.00000000
     0.00000000
     0.00000000
     0.95924538
     0.95968124
     0.96011263
     0.96053959
     0.96096217
     0.96138041
     0.96179702
     0.96234810
     0.96259181
     0.96277044
     0.96289551
     0.96287468
     0.96285384
     0.96286739
     0.96294857
     0.96291927
     0.96242760
     0.96195144
     0.96149753
     0.96104486
     0.96060498
     0.96015324
     0.95971364
     0.95946891
     0.95922275
     0.95897517
     0.95867364
     0.95845623
     0.95848716
     0.95851808
     0.95854897
     0.95858228
     0.95864598
     0.95870959
     0.95877311
     0.95883654
     0.95889987
     0.95884846
     0.95903647
     0.95924926
     0.95946098
     0.95966285
     0.95983386
     0.95994578
     0.95998046
     0.96001511
     0.96004973
     0.96008432
     0.96011889
     0.96015342
     0.96018793
     0.96022241
     0.96025686
     0.96049700
     0.96085650
     0.96126913
     0.96134736
     0.96126192
     0.96119943
     0.96113684
     0.96107415
     0.96101136
     0.96095368
     0.96095038
     0.96094708
     0.96094379
     0.96094049
     0.96093719
     0.96093389
     0.96093060
     0.96092730
     0.96092400
     0.96092070
     0.96091740
     0.96097794
     0.96969697
     0.97979798
     0.98989899
     1.00000000
     0.00000000
     0.00000000
     0.00000000
     0.00000000
     0.00000000
     0.00000000
     0.00000000
     0.00000000
     0.00000000
     0.00000000
     0.00000000
     0.00000000
     0.00000000
     0.00000000
     0.00000000
     0.00000000
     0.00000000
     0.00000000
     0.00000000
     0.00000000
     0.00000000
     0.95928958
     0.95972499
     0.96015593
     0.96058245
     0.96100459
     0.96142239
     0.96187938
     0.96242932
     0.96268612
     0.96286431
     0.96304169
     0.96307767
     0.96305693
     0.96307528
     0.96313585
     0.96268034
     0.96218885
     0.96175069
     0.96131846
     0.96088154
     0.96043988
     0.96000906
     0.95976604
     0.95952161
     0.95927576
     0.95902117
     0.95867874
     0.95857710
     0.95860795
     0.95863878
     0.95866959
     0.95870037
     0.95874394
     0.95880741
     0.95887079
     0.95893407
     0.95899726
     0.95895613
     0.95911305
     0.95932545
     0.95953680
     0.95974033
     0.95991102
     0.95999995
     0.96003458
     0.96006919
     0.96010376
     0.96013831
     0.96017283
     0.96020732
     0.96024179
     0.96027622
     0.96031281
     0.96067392
     0.96107926
     0.96150186
     0.96156053
     0.96147261
     0.96138450
     0.96131545
     0.96125304
     0.96119053
     0.96116718
     0.96116390
     0.96116062
     0.96115734
     0.96115406
     0.96115078
     0.96114750
     0.96114422
     0.96114094
     0.96113766
     0.96113438
     0.96118308
     0.96125814
     0.96969697
     0.97979798
     0.98989899
     1.00000000
     0.00000000
     0.00000000
     0.00000000
     0.00000000
     0.00000000
     0.00000000
     0.00000000
     0.00000000
     0.00000000
     0.00000000
     0.00000000
     0.00000000
     0.00000000
     0.00000000
     0.00000000
     0.00000000
     0.00000000
     0.00000000
     0.00000000
     0.00000000
     0.00000000
     0.95933374
     0.95976869
     0.96019919
     0.96062526
     0.96104696
     0.96146433
     0.96196157
     0.96251037
     0.96278020
     0.96295796
     0.96313491
     0.96327958
     0.96325896
     0.96324872
     0.96295449
     0.96248635
     0.96201952
     0.96159020
     0.96115623
     0.96071755
     0.96030239
     0.96006109
     0.95981837
     0.95957425
     0.95932871
     0.95902623
     0.95868384
     0.95869764
     0.95872841
     0.95875915
     0.95878987
     0.95882057
     0.95885125
     0.95890501
     0.95896824
     0.95903138
     0.95909442
     0.95906353
     0.95918949
     0.95940151
     0.95961248
     0.95981766
     0.95998804
     0.96005404
     0.96008863
     0.96012320
     0.96015773
     0.96019223
     0.96022671
     0.96026116
     0.96029557
     0.96032996
     0.96049053
     0.96088850
     0.96131309
     0.96173324
     0.96177258
     0.96168513
     0.96159748
     0.96150964
     0.96143113
     0.96138283
     0.96137956
     0.96137630
     0.96137304
     0.96136978
     0.96136652
     0.96136325
     0.96135999
     0.96135673
     0.96135346
     0.96135020
     0.96138718
     0.96146187
     0.96153641
     0.96969697
     0.97979798
     0.98989899
     1.00000000
     0.00000000
     0.00000000
     0.00000000
     0.00000000
     0.00000000
     0.00000000
     0.00000000
     0.00000000
     0.00000000
     0.00000000
     0.00000000
     0.00000000
     0.00000000
     0.00000000
     0.00000000
     0.00000000
     0.00000000
     0.00000000
     0.00000000
     0.00000000
     0.00000000
     0.95937785
     0.95981235
     0.96024240
     0.96066803
     0.96108929
     0.96150622
     0.96204359
     0.96259126
     0.96287405
     0.96305138
     0.96322791
     0.96340362
     0.96341918
     0.96317313
     0.96278160
     0.96231136
     0.96186012
     0.96142907
     0.96099335
     0.96059331
     0.96035405
     0.96011305
     0.95987064
     0.95962682
     0.95937091
     0.95903128
     0.95878715
     0.95881785
     0.95884853
     0.95887918
     0.95890982
     0.95894043
     0.95897102
     0.95900238
     0.95906547
     0.95912847
     0.95919137
     0.95917065
     0.95926579
     0.95947743
     0.95968803
     0.95989486
     0.96006492
     0.96010807
     0.96014262
     0.96017714
     0.96021162
     0.96024608
     0.96028051
     0.96031492
     0.96034929
     0.96038363
     0.96069684
     0.96112342
     0.96154556
     0.96196329
     0.96198351
     0.96189652
     0.96180933
     0.96172196
     0.96163439
     0.96159418
     0.96159083
     0.96158759
     0.96158434
     0.96158110
     0.96157785
     0.96157461
     0.96157136
     0.96156811
     0.96156487
     0.96159026
     0.96166456
     0.96173873
     0.96181276
     0.96969697
     0.97979798
     0.98989899
     1.00000000
     0.00000000
     0.00000000
     0.00000000
     0.00000000
     0.00000000
     0.00000000
     0.00000000
     0.00000000
     0.00000000
     0.00000000
     0.00000000
     0.00000000
     0.00000000
     0.00000000
     0.00000000
     0.00000000
     0.00000000
     0.00000000
     0.00000000
     0.00000000
     0.00000000
     0.95942192
     0.95985597
     0.96028556
     0.96071075
     0.96113158
     0.96157123
     0.96212544
     0.96267197
     0.96296767
     0.96314458
     0.96332067
     0.96344458
     0.96337339
     0.96300904
     0.96260794
     0.96213559
     0.96170007
     0.96126729
     0.96087474
     0.96064496
     0.96040565
     0.96016495
     0.95992284
     0.95967933
     0.95937593
     0.95903634
     0.95890711
     0.95893772
     0.95896831
     0.95899888
     0.95902943
     0.95905996
     0.95909047
     0.95912095
     0.95916248
     0.95922533
     0.95928809
     0.95927751
     0.95934195
     0.95955322
     0.95976343
     0.95997191
     0.96012750
     0.96016203
     0.96019653
     0.96023101
     0.96026545
     0.96029986
     0.96033425
     0.96036861
     0.96040294
     0.96050429
     0.96093287
     0.96135699
     0.96177669
     0.96219201
     0.96219331
     0.96210678
     0.96202006
     0.96193315
     0.96184940
     0.96182854
     0.96180767
     0.96179776
     0.96179454
     0.96179131
     0.96178808
     0.96178485
     0.96178162
     0.96177839
     0.96179231
     0.96186624
     0.96194003
     0.96201369
     0.96208721
     0.96969697
     0.97979798
     0.98989899
     1.00000000
     0.00000000
     0.00000000
     0.00000000
     0.00000000
     0.00000000
     0.00000000
     0.00000000
     0.00000000
     0.00000000
     0.00000000
     0.00000000
     0.00000000
     0.00000000
     0.00000000
     0.00000000
     0.00000000
     0.00000000
     0.00000000
     0.00000000
     0.00000000
     0.00000000
     0.95946594
     0.95989954
     0.96032869
     0.96075343
     0.96117382
     0.96165405
     0.96220712
     0.96275252
     0.96306107
     0.96323755
     0.96335102
     0.96329037
     0.96315393
     0.96284426
     0.96243350
     0.96196925
     0.96153939
     0.96115425
     0.96093382
     0.96069620
     0.96045719
     0.96021678
     0.95997498
     0.95971779
     0.95938094
     0.95904140
     0.95902673
     0.95905726
     0.95908777
     0.95911825
     0.95914872
     0.95917916
     0.95920958
     0.95923998
     0.95927035
     0.95932198
     0.95938460
     0.95938410
     0.95941798
     0.95962887
     0.95983871
     0.96004750
     0.96018144
     0.96021592
     0.96025038
     0.96028480
     0.96031920
     0.96035357
     0.96038791
     0.96042223
     0.96046963
     0.96074142
     0.96116754
     0.96158921
     0.96200649
     0.96241941
     0.96240201
     0.96231594
     0.96222967
     0.96214322
     0.96208228
     0.96206154
     0.96204079
     0.96202003
     0.96200362
     0.96200041
     0.96199720
     0.96199399
     0.96199078
     0.96199333
     0.96206689
     0.96214031
     0.96221360
     0.96228674
     0.96235975
     0.96969697
     0.97979798
     0.98989899
     1.00000000
