     0.00000000
     0.00000000
     0.00000000
     0.00000000
     0.00000000
     0.00000000
     0.00000000
     0.00000000
     0.00000000
     0.00000000
     0.00000000
     0.00000000
     0.00000000
     0.00000000
     0.00000000
     0.00000000
     0.00000000
     0.00000000
     0.00000000
     0.00488996
     0.01404133
     0.01430024
     0.01334330
     0.01241731
     0.01159652
     0.01077328
     0.00994733
     0.00911870
     0.00828737
     0.00718444
     0.00603293
     0.00487634
     0.00371466
     0.00254787
     0.00137597
     0.00067117
     0.00001099
     0.00065079
     0.00131417
     0.00197916
     0.00264604
     0.00331424
     0.00395548
     0.00334971
     0.00277455
     0.00228455
     0.00179542
     0.00130714
     0.00063381
     0.00051834
     0.00166564
     0.00280806
     0.00366676
     0.00488140
     0.00618844
     0.00785525
     0.00951152
     0.01118575
     0.01334777
     0.01554923
     0.01751100
     0.01947834
     0.02142950
     0.02262964
     0.02282075
     0.02156352
     0.01989734
     0.01760809
     0.01497353
     0.01328195
     0.01168547
     0.01007877
     0.00846184
     0.00625170
     0.00381919
     0.00136421
     0.00111328
     0.00348394
     0.00503752
     0.00655903
     0.00812785
     0.01009929
     0.01225356
     0.01442356
     0.01660930
     0.01881074
     0.02102790
     0.02326075
     0.02550927
     0.02777345
     0.03005326
     0.03234867
     0.03470945
     0.03764007
     0.04032523
     0.24540693
     0.00000000
     0.00000000
     0.00000000
     0.00000000
     0.00000000
     0.00000000
     0.00000000
     0.00000000
     0.00000000
     0.00000000
     0.00000000
     0.00000000
     0.00000000
     0.00000000
     0.00000000
     0.00000000
     0.00000000
     0.00000000
     0.00000000
     0.00000000
     0.00000000
     0.00000000
     0.00000000
     0.00501980
     0.01417168
     0.01465133
     0.01380463
     0.01298799
     0.01216834
     0.01134625
     0.01039620
     0.00925804
     0.00811478
     0.00696643
     0.00581299
     0.00465445
     0.00349082
     0.00232209
     0.00114826
     0.00003069
     0.00121475
     0.00240390
     0.00337719
     0.00404766
     0.00472002
     0.00545480
     0.00492142
     0.00431307
     0.00370605
     0.00312519
     0.00263418
     0.00214404
     0.00145782
     0.00034468
     0.00080718
     0.00195418
     0.00283911
     0.00407487
     0.00537194
     0.00704536
     0.00870827
     0.01037749
     0.01254491
     0.01464265
     0.01661195
     0.01858846
     0.02054876
     0.02086966
     0.02115751
     0.02023776
     0.01856061
     0.01670071
     0.01405387
     0.01218733
     0.01058242
     0.00896730
     0.00734192
     0.00535176
     0.00290888
     0.00044350
     0.00195663
     0.00424343
     0.00622658
     0.00775564
     0.00934307
     0.01132835
     0.01349321
     0.01567381
     0.01787013
     0.02008216
     0.02230989
     0.02455330
     0.02681237
     0.02908708
     0.03137741
     0.03368332
     0.03600661
     0.03875982
     0.04060266
     0.24590714
     0.00000000
     0.00000000
     0.00000000
     0.00000000
     0.00000000
     0.00000000
     0.00000000
     0.00000000
     0.00000000
     0.00000000
     0.00000000
     0.00000000
     0.00000000
     0.00000000
     0.00000000
     0.00000000
     0.00000000
     0.00000000
     0.00000000
     0.00000000
     0.00000000
     0.00000000
     0.00000000
     0.00514958
     0.01434397
     0.01518646
     0.01437366
     0.01355817
     0.01244825
     0.01131830
     0.01018327
     0.00904317
     0.00789798
     0.00674768
     0.00559231
     0.00443182
     0.00326625
     0.00209557
     0.00091979
     0.00026110
     0.00144710
     0.00263821
     0.00383443
     0.00503576
     0.00626358
     0.00648070
     0.00589235
     0.00528145
     0.00467186
     0.00406359
     0.00347699
     0.00290771
     0.00213116
     0.00121201
     0.00005558
     0.00109599
     0.00200733
     0.00326435
     0.00456002
     0.00623138
     0.00790092
     0.00956526
     0.01173785
     0.01373088
     0.01570770
     0.01769338
     0.01880222
     0.01909287
     0.01938315
     0.01890181
     0.01721367
     0.01551368
     0.01312893
     0.01108575
     0.00947243
     0.00784885
     0.00621505
     0.00444703
     0.00199376
     0.00042495
     0.00271513
     0.00500634
     0.00723895
     0.00895925
     0.01056540
     0.01256454
     0.01474000
     0.01693119
     0.01913810
     0.02136071
     0.02359900
     0.02585296
     0.02812257
     0.03040780
     0.03270863
     0.03502502
     0.03724390
     0.03903539
     0.04088078
     0.24640804
     0.00000000
     0.00000000
     0.00000000
     0.00000000
     0.00000000
     0.00000000
     0.00000000
     0.00000000
     0.00000000
     0.00000000
     0.00000000
     0.00000000
     0.00000000
     0.00000000
     0.00000000
     0.00000000
     0.00000000
     0.00000000
     0.00000000
     0.00000000
     0.00000000
     0.00000000
     0.00000000
     0.00539536
     0.01468998
     0.01560372
     0.01448714
     0.01336549
     0.01223845
     0.01110656
     0.00996961
     0.00882756
     0.00768042
     0.00652820
     0.00537087
     0.00420845
     0.00304093
     0.00186831
     0.00069057
     0.00049226
     0.00168020
     0.00287326
     0.00407142
     0.00527470
     0.00648338
     0.00628378
     0.00600705
     0.00573060
     0.00545440
     0.00503184
     0.00442232
     0.00358643
     0.00280738
     0.00203049
     0.00092263
     0.00023351
     0.00117143
     0.00244984
     0.00375051
     0.00541329
     0.00708947
     0.00875449
     0.01081253
     0.01281392
     0.01479978
     0.01671269
     0.01700613
     0.01729920
     0.01759194
     0.01753379
     0.01585651
     0.01414548
     0.01219869
     0.00997724
     0.00835547
     0.00672346
     0.00508119
     0.00342867
     0.00110049
     0.00117883
     0.00347710
     0.00577268
     0.00801303
     0.01016986
     0.01179483
     0.01380788
     0.01599394
     0.01819572
     0.02041320
     0.02264637
     0.02489522
     0.02715972
     0.02943986
     0.03173560
     0.03404692
     0.03634118
     0.03754431
     0.03931165
     0.04115960
     0.24704783
     0.00000000
     0.00000000
     0.00000000
     0.00000000
     0.00000000
     0.00000000
     0.00000000
     0.00000000
     0.00000000
     0.00000000
     0.00000000
     0.00000000
     0.00000000
     0.00000000
     0.00000000
     0.00000000
     0.00000000
     0.00000000
     0.00000000
     0.00000000
     0.00000000
     0.00000000
     0.00000000
     0.00542684
     0.01441937
     0.01539897
     0.01428046
     0.01315688
     0.01202791
     0.01089410
     0.00975519
     0.00861121
     0.00746213
     0.00630796
     0.00514870
     0.00398433
     0.00281487
     0.00164030
     0.00046062
     0.00072416
     0.00191405
     0.00310906
     0.00430917
     0.00551440
     0.00645718
     0.00608687
     0.00581012
     0.00553364
     0.00525742
     0.00498147
     0.00460974
     0.00403246
     0.00347018
     0.00270711
     0.00179400
     0.00063329
     0.00033141
     0.00163134
     0.00293703
     0.00459110
     0.00627391
     0.00794555
     0.00988129
     0.01189176
     0.01388671
     0.01489724
     0.01519313
     0.01548866
     0.01578383
     0.01569298
     0.01448911
     0.01276704
     0.01103305
     0.00886176
     0.00723155
     0.00559110
     0.00394037
     0.00227938
     0.00035125
     0.00193616
     0.00424251
     0.00654245
     0.00879052
     0.01105604
     0.01303137
     0.01505836
     0.01725501
     0.01946736
     0.02169542
     0.02393915
     0.02619855
     0.02847358
     0.03076424
     0.03307047
     0.03539226
     0.03664059
     0.03784548
     0.03958861
     0.04143911
     0.24798829
     0.00000000
     0.00000000
     0.00000000
     0.00000000
     0.00000000
     0.00000000
     0.00000000
     0.00000000
     0.00000000
     0.00000000
     0.00000000
     0.00000000
     0.00000000
     0.00000000
     0.00000000
     0.00000000
     0.00000000
     0.00000000
     0.00000000
     0.00000000
     0.00000000
     0.00000000
     0.00000000
     0.00500500
     0.01399560
     0.01519349
     0.01407305
     0.01294754
     0.01181663
     0.01068087
     0.00954004
     0.00839411
     0.00724309
     0.00608698
     0.00492578
     0.00375946
     0.00258806
     0.00141154
     0.00022992
     0.00095680
     0.00214864
     0.00334560
     0.00454766
     0.00575484
     0.00632866
     0.00588996
     0.00561319
     0.00533669
     0.00506044
     0.00478447
     0.00426190
     0.00368488
     0.00310904
     0.00259834
     0.00212961
     0.00133692
     0.00050818
     0.00080884
     0.00211955
     0.00376480
     0.00545397
     0.00713251
     0.00894483
     0.01096441
     0.01277109
     0.01306486
     0.01336319
     0.01366118
     0.01395881
     0.01383469
     0.01311145
     0.01137833
     0.00963328
     0.00773933
     0.00610067
     0.00445175
     0.00279257
     0.00127943
     0.00040145
     0.00269693
     0.00501137
     0.00731564
     0.00957144
     0.01184469
     0.01423091
     0.01631597
     0.01852320
     0.02074613
     0.02298476
     0.02523905
     0.02750897
     0.02979454
     0.03209569
     0.03441240
     0.03573820
     0.03694077
     0.03814744
     0.03986625
     0.04205712
     0.24893115
     0.00000000
     0.00000000
     0.00000000
     0.00000000
     0.00000000
     0.00000000
     0.00000000
     0.00000000
     0.00000000
     0.00000000
     0.00000000
     0.00000000
     0.00000000
     0.00000000
     0.00000000
     0.00000000
     0.00000000
     0.00000000
     0.00000000
     0.00000000
     0.00000000
     0.00000000
     0.00000000
     0.00458242
     0.01357109
     0.01498727
     0.01386489
     0.01273745
     0.01160460
     0.01046691
     0.00932413
     0.00817627
     0.00702332
     0.00586526
     0.00470211
     0.00353386
     0.00236051
     0.00118204
     0.00000153
     0.00119020
     0.00238399
     0.00358289
     0.00478690
     0.00599602
     0.00620016
     0.00571480
     0.00541627
     0.00513973
     0.00486348
     0.00449207
     0.00391412
     0.00333737
     0.00276179
     0.00219644
     0.00172802
     0.00113401
     0.00034867
     0.00064397
     0.00163303
     0.00294539
     0.00463020
     0.00629462
     0.00800317
     0.01003184
     0.01092218
     0.01121551
     0.01151631
     0.01181676
     0.01211685
     0.01195892
     0.01158013
     0.00997935
     0.00822321
     0.00645513
     0.00496282
     0.00330545
     0.00173684
     0.00028651
     0.00117152
     0.00346116
     0.00578368
     0.00809226
     0.01035579
     0.01263676
     0.01504215
     0.01758072
     0.01979853
     0.02203203
     0.02428121
     0.02654603
     0.02882650
     0.03112256
     0.03343420
     0.03483713
     0.03603737
     0.03724171
     0.03845015
     0.04024573
     0.04277569
     0.24987640
     0.00000000
     0.00000000
     0.00000000
     0.00000000
     0.00000000
     0.00000000
     0.00000000
     0.00000000
     0.00000000
     0.00000000
     0.00000000
     0.00000000
     0.00000000
     0.00000000
     0.00000000
     0.00000000
     0.00000000
     0.00000000
     0.00000000
     0.00000000
     0.00000000
     0.00000000
     0.00000000
     0.00415911
     0.01314585
     0.01478030
     0.01365600
     0.01252663
     0.01139184
     0.01025221
     0.00910750
     0.00795769
     0.00680279
     0.00564280
     0.00447770
     0.00330750
     0.00213221
     0.00095180
     0.00023371
     0.00142435
     0.00262008
     0.00382093
     0.00502688
     0.00623796
     0.00607171
     0.00558620
     0.00521934
     0.00494279
     0.00466651
     0.00414408
     0.00356641
     0.00298991
     0.00241459
     0.00184045
     0.00132655
     0.00085921
     0.00004030
     0.00095203
     0.00194077
     0.00323745
     0.00461252
     0.00579375
     0.00722352
     0.00877572
     0.00905632
     0.00934918
     0.00965245
     0.00995535
     0.01025790
     0.01006563
     0.00968369
     0.00857007
     0.00680284
     0.00502366
     0.00381799
     0.00219405
     0.00074497
     0.00071180
     0.00217627
     0.00422884
     0.00655945
     0.00887230
     0.01114356
     0.01343226
     0.01585689
     0.01864732
     0.02108098
     0.02332504
     0.02558477
     0.02786012
     0.03015110
     0.03245765
     0.03393739
     0.03513530
     0.03633732
     0.03754343
     0.03875363
     0.04096022
     0.04349667
     0.25082405
     0.00000000
     0.00000000
     0.00000000
     0.00000000
     0.00000000
     0.00000000
     0.00000000
     0.00000000
     0.00000000
     0.00000000
     0.00000000
     0.00000000
     0.00000000
     0.00000000
     0.00000000
     0.00000000
     0.00000000
     0.00000000
     0.00000000
     0.00000000
     0.00000000
     0.00000000
     0.00000000
     0.00373506
     0.01271987
     0.01457261
     0.01344637
     0.01231505
     0.01117833
     0.01003677
     0.00889011
     0.00773837
     0.00658153
     0.00541958
     0.00425255
     0.00308041
     0.00190316
     0.00072080
     0.00046666
     0.00165923
     0.00285691
     0.00405971
     0.00526761
     0.00642979
     0.00594329
     0.00545762
     0.00502244
     0.00474586
     0.00437477
     0.00379618
     0.00321875
     0.00264252
     0.00206746
     0.00149357
     0.00092520
     0.00041253
     0.00026804
     0.00126005
     0.00224848
     0.00352947
     0.00490418
     0.00593359
     0.00738657
     0.00785139
     0.00781538
     0.00779064
     0.00777659
     0.00807694
     0.00838195
     0.00815479
     0.00776969
     0.00715051
     0.00537218
     0.00358187
     0.00253087
     0.00120322
     0.00025229
     0.00171550
     0.00318640
     0.00499996
     0.00733866
     0.00965578
     0.01193476
     0.01423119
     0.01667512
     0.01945254
     0.02237055
     0.02462516
     0.02689542
     0.02918130
     0.03148277
     0.03303897
     0.03423455
     0.03543423
     0.03663802
     0.03784592
     0.03933307
     0.04167711
     0.04422003
     0.25177408
     0.00000000
     0.00000000
     0.00000000
     0.00000000
     0.00000000
     0.00000000
     0.00000000
     0.00000000
     0.00000000
     0.00000000
     0.00000000
     0.00000000
     0.00000000
     0.00000000
     0.00000000
     0.00000000
     0.00000000
     0.00000000
     0.00000000
     0.00000000
     0.00000000
     0.00000000
     0.00000000
     0.00331028
     0.01229316
     0.01436416
     0.01323599
     0.01210274
     0.01096408
     0.00982058
     0.00867199
     0.00751829
     0.00635951
     0.00519563
     0.00402664
     0.00285256
     0.00167337
     0.00048907
     0.00070034
     0.00189486
     0.00309449
     0.00429923
     0.00550909
     0.00630155
     0.00581490
     0.00532908
     0.00484406
     0.00454893
     0.00402666
     0.00344832
     0.00287116
     0.00229519
     0.00172038
     0.00109612
     0.00044090
     0.00015734
     0.00068549
     0.00156804
     0.00255615
     0.00382148
     0.00519580
     0.00607339
     0.00711024
     0.00707372
     0.00703756
     0.00701504
     0.00700095
     0.00698685
     0.00697276
     0.00638697
     0.00583813
     0.00544931
     0.00393119
     0.00212977
     0.00105082
     0.00020701
     0.00125493
     0.00272457
     0.00420192
     0.00577455
     0.00812133
     0.01044267
     0.01272939
     0.01503353
     0.01749685
     0.02026110
     0.02329820
     0.02593238
     0.02821317
     0.03050956
     0.03214188
     0.03333513
     0.03453248
     0.03573394
     0.03693951
     0.03820855
     0.04003760
     0.04239641
     0.04494580
     0.25272650
     0.00000000
     0.00000000
     0.00000000
     0.00000000
     0.00000000
     0.00000000
     0.00000000
     0.00000000
     0.00000000
     0.00000000
     0.00000000
     0.00000000
     0.00000000
     0.00000000
     0.00000000
     0.00000000
     0.00000000
     0.00000000
     0.00000000
     0.00000000
     0.00000000
     0.00000000
     0.00000000
     0.00288476
     0.01186571
     0.01415498
     0.01302487
     0.01188968
     0.01074909
     0.00960365
     0.00845312
     0.00729748
     0.00613676
     0.00497093
     0.00380001
     0.00262397
     0.00144283
     0.00025659
     0.00093477
     0.00213124
     0.00333281
     0.00453951
     0.00575131
     0.00617335
     0.00568655
     0.00520057
     0.00471540
     0.00425785
     0.00367860
     0.00310052
     0.00252363
     0.00189480
     0.00123718
     0.00058112
     0.00007340
     0.00072637
     0.00125954
     0.00187600
     0.00286379
     0.00411345
     0.00548742
     0.00621317
     0.00632891
     0.00629223
     0.00625593
     0.00623566
     0.00622151
     0.00620736
     0.00619322
     0.00555539
     0.00484697
     0.00413668
     0.00280067
     0.00076432
     0.00042449
     0.00087948
     0.00226295
     0.00373904
     0.00522282
     0.00671430
     0.00890745
     0.01123300
     0.01352743
     0.01583929
     0.01832207
     0.02107300
     0.02411989
     0.02719543
     0.02953799
     0.03124612
     0.03243703
     0.03363206
     0.03483119
     0.03603442
     0.03724176
     0.03891076
     0.04074448
     0.04311811
     0.04567397
     0.25368129
     0.00000000
     0.00000000
     0.00000000
     0.00000000
     0.00000000
     0.00000000
     0.00000000
     0.00000000
     0.00000000
     0.00000000
     0.00000000
     0.00000000
     0.00000000
     0.00000000
     0.00000000
     0.00000000
     0.00000000
     0.00000000
     0.00000000
     0.00000000
     0.00000000
     0.00000000
     0.00000000
     0.00245851
     0.01143753
     0.01394505
     0.01281300
     0.01167589
     0.01053336
     0.00938598
     0.00823349
     0.00707593
     0.00591326
     0.00474548
     0.00357261
     0.00239464
     0.00121155
     0.00002336
     0.00116994
     0.00236836
     0.00357188
     0.00478052
     0.00599428
     0.00604518
     0.00555822
     0.00507208
     0.00458677
     0.00390960
     0.00333061
     0.00269719
     0.00203718
     0.00137873
     0.00072181
     0.00006644
     0.00058738
     0.00123967
     0.00183313
     0.00230517
     0.00317141
     0.00440542
     0.00567167
     0.00581603
     0.00554376
     0.00550695
     0.00547050
     0.00545249
     0.00543829
     0.00542409
     0.00540989
     0.00471964
     0.00401047
     0.00332789
     0.00251252
     0.00044608
     0.00107139
     0.00186517
     0.00314187
     0.00475889
     0.00624912
     0.00774704
     0.00969702
     0.01202674
     0.01432889
     0.01664847
     0.01915077
     0.02188823
     0.02494490
     0.02803021
     0.03035170
     0.03154026
     0.03273296
     0.03392975
     0.03513067
     0.03633568
     0.03778619
     0.03961533
     0.04141405
     0.04370030
     0.04616777
     0.25430563
     0.00000000
     0.00000000
     0.00000000
     0.00000000
     0.00000000
     0.00000000
     0.00000000
     0.00000000
     0.00000000
     0.00000000
     0.00000000
     0.00000000
     0.00000000
     0.00000000
     0.00000000
     0.00000000
     0.00000000
     0.00000000
     0.00000000
     0.00000000
     0.00000000
     0.00000000
     0.00000000
     0.00203152
     0.01100860
     0.01373438
     0.01260041
     0.01146135
     0.01031688
     0.00916756
     0.00801314
     0.00685362
     0.00568901
     0.00451930
     0.00334449
     0.00216455
     0.00097952
     0.00021062
     0.00140587
     0.00260623
     0.00381171
     0.00502229
     0.00623800
     0.00591704
     0.00542993
     0.00494364
     0.00439115
     0.00352646
     0.00284090
     0.00218004
     0.00152074
     0.00086298
     0.00020676
     0.00044791
     0.00110105
     0.00175264
     0.00240278
     0.00287769
     0.00347898
     0.00469736
     0.00581117
     0.00504668
     0.00475480
     0.00471785
     0.00468128
     0.00466553
     0.00465128
     0.00465435
     0.00463957
     0.00395802
     0.00327475
     0.00258975
     0.00190303
     0.00015923
     0.00138260
     0.00217788
     0.00319583
     0.00495641
     0.00672782
     0.00851009
     0.01049004
     0.01282391
     0.01513378
     0.01746108
     0.01998297
     0.02270681
     0.02577325
     0.02843165
     0.03042886
     0.03183518
     0.03298689
     0.03404142
     0.03509913
     0.03618915
     0.03793589
     0.03969115
     0.04145490
     0.04360450
     0.04607280
     0.25443166
     0.00000000
     0.00000000
     0.00000000
     0.00000000
     0.00000000
     0.00000000
     0.00000000
     0.00000000
     0.00000000
     0.00000000
     0.00000000
     0.00000000
     0.00000000
     0.00000000
     0.00000000
     0.00000000
     0.00000000
     0.00000000
     0.00000000
     0.00000000
     0.00000000
     0.00000000
     0.00000000
     0.00160380
     0.01057895
     0.01352298
     0.01238706
     0.01124607
     0.01009966
     0.00894840
     0.00779204
     0.00663058
     0.00546403
     0.00429237
     0.00311561
     0.00193373
     0.00074675
     0.00044534
     0.00164254
     0.00284485
     0.00405227
     0.00526481
     0.00627677
     0.00578894
     0.00530167
     0.00481523
     0.00408894
     0.00311108
     0.00232338
     0.00166322
     0.00100461
     0.00034755
     0.00030798
     0.00096196
     0.00161440
     0.00226529
     0.00291464
     0.00344976
     0.00391975
     0.00498927
     0.00529751
     0.00427367
     0.00396205
     0.00392714
     0.00392182
     0.00393800
     0.00395418
     0.00397037
     0.00390529
     0.00322133
     0.00253565
     0.00184824
     0.00115911
     0.00001871
     0.00166006
     0.00249161
     0.00329065
     0.00501232
     0.00678544
     0.00856939
     0.01036418
     0.01294959
     0.01553726
     0.01814671
     0.02081867
     0.02352873
     0.02624929
     0.02823490
     0.03005875
     0.03153397
     0.03258476
     0.03363874
     0.03469590
     0.03622642
     0.03797442
     0.03973093
     0.04149594
     0.04350876
     0.04597787
     0.25455773
     0.00000000
     0.00000000
     0.00000000
     0.00000000
     0.00000000
     0.00000000
     0.00000000
     0.00000000
     0.00000000
     0.00000000
     0.00000000
     0.00000000
     0.00000000
     0.00000000
     0.00000000
     0.00000000
     0.00000000
     0.00000000
     0.00000000
     0.00000000
     0.00000000
     0.00000000
     0.00000000
     0.00117533
     0.01014855
     0.01331083
     0.01217298
     0.01103005
     0.00988170
     0.00872849
     0.00757019
     0.00640679
     0.00523830
     0.00406468
     0.00288598
     0.00170216
     0.00051324
     0.00068080
     0.00187995
     0.00308421
     0.00429358
     0.00550807
     0.00614885
     0.00566088
     0.00517346
     0.00465358
     0.00367304
     0.00269584
     0.00180618
     0.00114672
     0.00048880
     0.00016757
     0.00082240
     0.00147569
     0.00212743
     0.00277764
     0.00342630
     0.00402137
     0.00449075
     0.00528116
     0.00452460
     0.00350721
     0.00324282
     0.00323561
     0.00323464
     0.00325088
     0.00326712
     0.00328336
     0.00316763
     0.00248126
     0.00179316
     0.00110334
     0.00041180
     0.00013798
     0.00168671
     0.00278746
     0.00360689
     0.00506851
     0.00684331
     0.00862897
     0.01042545
     0.01278716
     0.01538497
     0.01799499
     0.02082745
     0.02352136
     0.02577654
     0.02782880
     0.02936173
     0.03090159
     0.03218273
     0.03323615
     0.03452316
     0.03626389
     0.03801315
     0.03977091
     0.04153718
     0.04341305
     0.04588298
     0.00000000
     0.00000000
     0.00000000
     0.00000000
     0.00000000
     0.00000000
     0.00000000
     0.00000000
     0.00000000
     0.00000000
     0.00000000
     0.00000000
     0.00000000
     0.00000000
     0.00000000
     0.00000000
     0.00000000
     0.00000000
     0.00000000
     0.00000000
     0.00000000
     0.00000000
     0.00000000
     0.00000000
     0.00074613
     0.00971741
     0.01309794
     0.01195815
     0.01081328
     0.00966299
     0.00850785
     0.00734760
     0.00618226
     0.00501182
     0.00383627
     0.00265560
     0.00146984
     0.00027897
     0.00091701
     0.00211811
     0.00332432
     0.00453564
     0.00575207
     0.00602096
     0.00553284
     0.00504526
     0.00423714
     0.00325727
     0.00228073
     0.00130756
     0.00063053
     0.00002670
     0.00068237
     0.00133652
     0.00198911
     0.00264015
     0.00328967
     0.00393763
     0.00458782
     0.00506129
     0.00487790
     0.00377134
     0.00278952
     0.00254825
     0.00254102
     0.00254443
     0.00256072
     0.00257702
     0.00259331
     0.00242659
     0.00173781
     0.00104729
     0.00035506
     0.00033889
     0.00088971
     0.00171358
     0.00281530
     0.00392130
     0.00512496
     0.00690146
     0.00868881
     0.01048699
     0.01259514
     0.01523271
     0.01784330
     0.02049826
     0.02239375
     0.02457882
     0.02648521
     0.02820193
     0.02992739
     0.03166159
     0.03283367
     0.03455955
     0.03630154
     0.03805206
     0.03981108
     0.04157860
     0.04335458
     0.04578814
     0.00000000
     0.00000000
     0.00000000
     0.00000000
     0.00000000
     0.00000000
     0.00000000
     0.00000000
     0.00000000
     0.00000000
     0.00000000
     0.00000000
     0.00000000
     0.00000000
     0.00000000
     0.00000000
     0.00000000
     0.00000000
     0.00000000
     0.00000000
     0.00000000
     0.00000000
     0.00000000
     0.00000000
     0.00031620
     0.00928554
     0.01288431
     0.01174258
     0.01059578
     0.00944355
     0.00828645
     0.00712427
     0.00595698
     0.00478459
     0.00360710
     0.00242449
     0.00123678
     0.00004396
     0.00115397
     0.00235702
     0.00356517
     0.00477844
     0.00599682
     0.00589311
     0.00540484
     0.00480085
     0.00382083
     0.00284163
     0.00186576
     0.00089326
     0.00011465
     0.00054188
     0.00119686
     0.00185031
     0.00250221
     0.00315256
     0.00380138
     0.00444865
     0.00509780
     0.00563137
     0.00430871
     0.00305381
     0.00206861
     0.00185062
     0.00184336
     0.00185119
     0.00186754
     0.00188389
     0.00190023
     0.00168218
     0.00099098
     0.00029805
     0.00039660
     0.00109298
     0.00164481
     0.00174067
     0.00284336
     0.00395031
     0.00518168
     0.00695988
     0.00874891
     0.01054878
     0.01240313
     0.01508047
     0.01757788
     0.01937847
     0.02126866
     0.02338399
     0.02513796
     0.02684891
     0.02856861
     0.03029705
     0.03229808
     0.03422232
     0.03615712
     0.03809116
     0.03985143
     0.04162021
     0.04339744
     0.04569335
     0.00000000
     0.00000000
     0.00000000
     0.00000000
     0.00000000
     0.00000000
     0.00000000
     0.00000000
     0.00000000
     0.00000000
     0.00000000
     0.00000000
     0.00000000
     0.00000000
     0.00000000
     0.00000000
     0.00000000
     0.00000000
     0.00000000
     0.00000000
     0.00000000
     0.00000000
     0.00000000
     0.00000000
     0.00000000
     0.00885293
     0.01266993
     0.01152627
     0.01037752
     0.00922335
     0.00806432
     0.00690019
     0.00573095
     0.00455662
     0.00337718
     0.00219263
     0.00100298
     0.00019179
     0.00139167
     0.00259666
     0.00380677
     0.00502199
     0.00624232
     0.00576530
     0.00518029
     0.00438655
     0.00340467
     0.00242612
     0.00145094
     0.00047911
     0.00040091
     0.00105674
     0.00171104
     0.00236378
     0.00301498
     0.00366465
     0.00431277
     0.00495935
     0.00560745
     0.00528115
     0.00376849
     0.00243930
     0.00137437
     0.00114993
     0.00114264
     0.00115491
     0.00117132
     0.00118771
     0.00120412
     0.00093437
     0.00024076
     0.00045458
     0.00115165
     0.00185043
     0.00224595
     0.00190938
     0.00287162
     0.00397955
     0.00517866
     0.00701856
     0.00880929
     0.01061086
     0.01242325
     0.01487045
     0.01645443
     0.01826120
     0.02014609
     0.02209815
     0.02379454
     0.02549971
     0.02721363
     0.02912746
     0.03153226
     0.03358742
     0.03551994
     0.03746300
     0.03941655
     0.04138058
     0.04335505
     0.04559859
     0.00000000
     0.00000000
     0.00000000
     0.00000000
     0.00000000
     0.00000000
     0.00000000
     0.00000000
     0.00000000
     0.00000000
     0.00000000
     0.00000000
     0.00000000
     0.00000000
     0.00000000
     0.00000000
     0.00000000
     0.00000000
     0.00000000
     0.00000000
     0.00000000
     0.00000000
     0.00000000
     0.00000000
     0.00000000
     0.00841959
     0.01245481
     0.01130922
     0.01015853
     0.00900241
     0.00784144
     0.00667537
     0.00550419
     0.00432791
     0.00314652
     0.00196002
     0.00076842
     0.00042830
     0.00163012
     0.00283706
     0.00404912
     0.00526629
     0.00612721
     0.00556070
     0.00492305
     0.00396985
     0.00298863
     0.00201076
     0.00103625
     0.00006507
     0.00090274
     0.00157129
     0.00222489
     0.00287694
     0.00352746
     0.00417643
     0.00482386
     0.00546974
     0.00602792
     0.00480940
     0.00322624
     0.00189335
     0.00068639
     0.00044616
     0.00043893
     0.00045560
     0.00047205
     0.00048851
     0.00050497
     0.00018319
     0.00051284
     0.00121060
     0.00191008
     0.00261127
     0.00279758
     0.00246010
     0.00290011
     0.00400900
     0.00517291
     0.00702062
     0.00886994
     0.01067319
     0.01248728
     0.01367735
     0.01530888
     0.01714646
     0.01902606
     0.02076433
     0.02245493
     0.02415432
     0.02586247
     0.02820226
     0.03060212
     0.03295299
     0.03488325
     0.03682405
     0.03877534
     0.04073712
     0.04270935
     0.04498552
     0.00000000
     0.00000000
     0.00000000
     0.00000000
     0.00000000
     0.00000000
     0.00000000
     0.00000000
     0.00000000
     0.00000000
     0.00000000
     0.00000000
     0.00000000
     0.00000000
     0.00000000
     0.00000000
     0.00000000
     0.00000000
     0.00000000
     0.00000000
     0.00000000
     0.00000000
     0.00000000
     0.00000000
     0.00000000
     0.00798550
     0.01223895
     0.01109141
     0.00993879
     0.00878073
     0.00761782
     0.00644980
     0.00527667
     0.00409845
     0.00291512
     0.00172667
     0.00053312
     0.00066554
     0.00186932
     0.00307821
     0.00429221
     0.00551133
     0.00594265
     0.00530367
     0.00453718
     0.00355329
     0.00257274
     0.00159554
     0.00062169
     0.00034880
     0.00131596
     0.00208552
     0.00273843
     0.00338979
     0.00403961
     0.00468789
     0.00533462
     0.00597981
     0.00563571
     0.00428217
     0.00268185
     0.00134527
     0.00014491
     0.00026066
     0.00026348
     0.00024676
     0.00023025
     0.00021374
     0.00019723
     0.00057138
     0.00126982
     0.00196999
     0.00267189
     0.00337551
     0.00335132
     0.00301291
     0.00292883
     0.00403867
     0.00516733
     0.00701639
     0.00887711
     0.01073581
     0.01159166
     0.01248731
     0.01411372
     0.01600277
     0.01790856
     0.01943434
     0.02111915
     0.02281274
     0.02490044
     0.02727853
     0.02967343
     0.03208513
     0.03424705
     0.03618558
     0.03813462
     0.04009414
     0.04206412
     0.04427246
     0.00000000
     0.00000000
     0.00000000
     0.00000000
     0.00000000
     0.00000000
     0.00000000
     0.00000000
     0.00000000
     0.00000000
     0.00000000
     0.00000000
     0.00000000
     0.00000000
     0.00000000
     0.00000000
     0.00000000
     0.00000000
     0.00000000
     0.00000000
     0.00000000
     0.00000000
     0.00000000
     0.00000000
     0.00000000
     0.00755067
     0.01202263
     0.01087288
     0.00971830
     0.00855832
     0.00739345
     0.00622349
     0.00504842
     0.00386825
     0.00268297
     0.00149258
     0.00029707
     0.00090354
     0.00210926
     0.00332009
     0.00453605
     0.00572014
     0.00568526
     0.00504636
     0.00412009
     0.00313687
     0.00215698
     0.00118046
     0.00020727
     0.00076256
     0.00172903
     0.00259945
     0.00325165
     0.00390233
     0.00455145
     0.00519903
     0.00584525
     0.00630551
     0.00522249
     0.00371612
     0.00213534
     0.00079505
     0.00031700
     0.00097085
     0.00096892
     0.00095214
     0.00093558
     0.00091902
     0.00090246
     0.00132933
     0.00203019
     0.00273278
     0.00343709
     0.00409456
     0.00390713
     0.00356781
     0.00322889
     0.00406857
     0.00518365
     0.00701233
     0.00887440
     0.00986262
     0.01066236
     0.01140767
     0.01292162
     0.01481595
     0.01675512
     0.01817531
     0.01978718
     0.02162686
     0.02398312
     0.02635624
     0.02874621
     0.03115297
     0.03357648
     0.03554761
     0.03749439
     0.03945166
     0.04141939
     0.04356005
     0.00000000
     0.00000000
     0.00000000
     0.00000000
     0.00000000
     0.00000000
     0.00000000
     0.00000000
     0.00000000
     0.00000000
     0.00000000
     0.00000000
     0.00000000
     0.00000000
     0.00000000
     0.00000000
     0.00000000
     0.00000000
     0.00000000
     0.00000000
     0.00000000
     0.00000000
     0.00000000
     0.00000000
     0.00000000
     0.00711511
     0.01180527
     0.01065359
     0.00949708
     0.00833515
     0.00716833
     0.00599643
     0.00481942
     0.00363730
     0.00245007
     0.00125774
     0.00006029
     0.00114227
     0.00234995
     0.00356273
     0.00476370
     0.00583664
     0.00542788
     0.00468904
     0.00370313
     0.00272057
     0.00174136
     0.00076551
     0.00020701
     0.00117617
     0.00214197
     0.00310444
     0.00376456
     0.00441454
     0.00506903
     0.00573478
     0.00639889
     0.00594238
     0.00465852
     0.00314781
     0.00158670
     0.00024270
     0.00078057
     0.00152216
     0.00167740
     0.00166057
     0.00164396
     0.00162734
     0.00161072
     0.00209067
     0.00279394
     0.00349894
     0.00420567
     0.00465387
     0.00446503
     0.00412481
     0.00378498
     0.00409868
     0.00521474
     0.00700842
     0.00806660
     0.00886636
     0.00966827
     0.01047232
     0.01173258
     0.01363211
     0.01545047
     0.01687738
     0.01845905
     0.02071598
     0.02306728
     0.02543543
     0.02782044
     0.03022225
     0.03264084
     0.03491013
     0.03685465
     0.03880966
     0.04077515
     0.04284829
     0.00000000
     0.00000000
     0.00000000
     0.00000000
     0.00000000
     0.00000000
     0.00000000
     0.00000000
     0.00000000
     0.00000000
     0.00000000
     0.00000000
     0.00000000
     0.00000000
     0.00000000
     0.00000000
     0.00000000
     0.00000000
     0.00000000
     0.00000000
     0.00000000
     0.00000000
     0.00000000
     0.00000000
     0.00000000
     0.00667881
     0.01158717
     0.01043356
     0.00927511
     0.00811123
     0.00694248
     0.00576863
     0.00458967
     0.00340561
     0.00221643
     0.00102214
     0.00017726
     0.00138177
     0.00259138
     0.00380611
     0.00487936
     0.00581092
     0.00517050
     0.00427155
     0.00328631
     0.00230442
     0.00132588
     0.00035069
     0.00062114
     0.00158964
     0.00255478
     0.00351658
     0.00428915
     0.00495734
     0.00562390
     0.00628882
     0.00663380
     0.00557798
     0.00409229
     0.00257724
     0.00103592
     0.00031177
     0.00124579
     0.00199949
     0.00238892
     0.00237205
     0.00235538
     0.00233870
     0.00232203
     0.00285538
     0.00356107
     0.00426849
     0.00497763
     0.00521527
     0.00502504
     0.00468389
     0.00434315
     0.00412902
     0.00524603
     0.00627888
     0.00707444
     0.00787212
     0.00867195
     0.00947392
     0.01052985
     0.01245127
     0.01412891
     0.01555079
     0.01743212
     0.01980658
     0.02215289
     0.02451609
     0.02689613
     0.02929301
     0.03170666
     0.03413704
     0.03621540
     0.03816816
     0.04013139
     0.04213716
     0.00000000
     0.00000000
     0.00000000
     0.00000000
     0.00000000
     0.00000000
     0.00000000
     0.00000000
     0.00000000
     0.00000000
     0.00000000
     0.00000000
     0.00000000
     0.00000000
     0.00000000
     0.00000000
     0.00000000
     0.00000000
     0.00000000
     0.00000000
     0.00000000
     0.00000000
     0.00000000
     0.00000000
     0.00000000
     0.00624177
     0.01136833
     0.01021279
     0.00905240
     0.00788658
     0.00671587
     0.00554008
     0.00435917
     0.00317316
     0.00198204
     0.00078581
     0.00041554
     0.00162199
     0.00283356
     0.00392394
     0.00499541
     0.00555347
     0.00484185
     0.00385420
     0.00286963
     0.00188840
     0.00091054
     0.00006398
     0.00103516
     0.00200297
     0.00298545
     0.00396553
     0.00484524
     0.00551262
     0.00617835
     0.00684246
     0.00627042
     0.00508714
     0.00352379
     0.00200440
     0.00048301
     0.00086838
     0.00171268
     0.00246401
     0.00292819
     0.00308655
     0.00306982
     0.00305310
     0.00303638
     0.00362349
     0.00433159
     0.00504142
     0.00575298
     0.00577877
     0.00558714
     0.00524508
     0.00490342
     0.00456216
     0.00456533
     0.00529079
     0.00608427
     0.00687989
     0.00767765
     0.00847755
     0.00928018
     0.01127343
     0.01281123
     0.01433721
     0.01646303
     0.01883969
     0.02123403
     0.02359821
     0.02597329
     0.02836520
     0.03077391
     0.03319939
     0.03557663
     0.03752713
     0.03948811
     0.04145981
     0.00000000
     0.00000000
     0.00000000
     0.00000000
     0.00000000
     0.00000000
     0.00000000
     0.00000000
     0.00000000
     0.00000000
     0.00000000
     0.00000000
     0.00000000
     0.00000000
     0.00000000
     0.00000000
     0.00000000
     0.00000000
     0.00000000
     0.00000000
     0.00000000
     0.00000000
     0.00000000
     0.00000000
     0.00000000
     0.00580399
     0.01114875
     0.00999127
     0.00882894
     0.00766117
     0.00648853
     0.00531079
     0.00412794
     0.00293998
     0.00174691
     0.00054873
     0.00065457
     0.00186297
     0.00297037
     0.00403914
     0.00511184
     0.00529603
     0.00442396
     0.00343698
     0.00245309
     0.00147253
     0.00049533
     0.00048341
     0.00147311
     0.00245932
     0.00344205
     0.00442130
     0.00539706
     0.00606747
     0.00673239
     0.00696203
     0.00590577
     0.00452576
     0.00295302
     0.00142930
     0.00007202
     0.00142653
     0.00218121
     0.00292776
     0.00340842
     0.00380409
     0.00378731
     0.00377054
     0.00375376
     0.00439498
     0.00510550
     0.00581774
     0.00638073
     0.00634437
     0.00615132
     0.00580835
     0.00546578
     0.00449339
     0.00351947
     0.00430470
     0.00509612
     0.00588966
     0.00668535
     0.00748317
     0.00829601
     0.01002881
     0.01149745
     0.01341474
     0.01549571
     0.01786678
     0.02025553
     0.02266197
     0.02505191
     0.02743888
     0.02984265
     0.03226318
     0.03470045
     0.03688660
     0.03884532
     0.04081479
     0.00000000
     0.00000000
     0.00000000
     0.00000000
     0.00000000
     0.00000000
     0.00000000
     0.00000000
     0.00000000
     0.00000000
     0.00000000
     0.00000000
     0.00000000
     0.00000000
     0.00000000
     0.00000000
     0.00000000
     0.00000000
     0.00000000
     0.00000000
     0.00000000
     0.00000000
     0.00000000
     0.00000000
     0.00000000
     0.00536546
     0.01092841
     0.00976902
     0.00860473
     0.00743502
     0.00626044
     0.00508075
     0.00389595
     0.00270605
     0.00151103
     0.00031090
     0.00089434
     0.00201866
     0.00308473
     0.00415474
     0.00522868
     0.00499616
     0.00400621
     0.00301990
     0.00203667
     0.00104584
     0.00005001
     0.00094233
     0.00193119
     0.00291656
     0.00389845
     0.00487686
     0.00585179
     0.00662192
     0.00728601
     0.00659840
     0.00553906
     0.00396215
     0.00237999
     0.00085193
     0.00064164
     0.00189492
     0.00265141
     0.00339313
     0.00389035
     0.00433700
     0.00450785
     0.00449102
     0.00447418
     0.00516986
     0.00588279
     0.00659745
     0.00694853
     0.00691208
     0.00671759
     0.00637372
     0.00548008
     0.00397576
     0.00253652
     0.00332064
     0.00410997
     0.00490145
     0.00569506
     0.00649081
     0.00731378
     0.00865534
     0.01043716
     0.01249386
     0.01453017
     0.01689563
     0.01927881
     0.02167965
     0.02409817
     0.02651400
     0.02891282
     0.03132843
     0.03376076
     0.03620980
     0.03820303
     0.04017025
     0.00000000
     0.00000000
     0.00000000
     0.00000000
     0.00000000
     0.00000000
     0.00000000
     0.00000000
     0.00000000
     0.00000000
     0.00000000
     0.00000000
     0.00000000
     0.00000000
     0.00000000
     0.00000000
     0.00000000
     0.00000000
     0.00000000
     0.00000000
     0.00000000
     0.00000000
     0.00000000
     0.00000000
     0.00000000
     0.00492620
     0.01070734
     0.00954601
     0.00837979
     0.00720814
     0.00603160
     0.00484996
     0.00366322
     0.00247137
     0.00127440
     0.00007232
     0.00106882
     0.00213219
     0.00319949
     0.00427072
     0.00534590
     0.00457788
     0.00358860
     0.00258586
     0.00158392
     0.00058544
     0.00040954
     0.00140105
     0.00238906
     0.00337359
     0.00435465
     0.00533221
     0.00630631
     0.00717594
     0.00729019
     0.00623350
     0.00497771
     0.00339630
     0.00180580
     0.00027229
     0.00124350
     0.00236497
     0.00311910
     0.00386013
     0.00437397
     0.00482170
     0.00523141
     0.00521452
     0.00523448
     0.00594810
     0.00666346
     0.00738054
     0.00751842
     0.00748186
     0.00728596
     0.00647174
     0.00496122
     0.00345843
     0.00206070
     0.00233857
     0.00312583
     0.00391523
     0.00470678
     0.00550046
     0.00633350
     0.00736091
     0.00945484
     0.01156333
     0.01360143
     0.01592627
     0.01830385
     0.02069911
     0.02311205
     0.02554261
     0.02798447
     0.03039513
     0.03282254
     0.03526667
     0.03756122
     0.03952619
     0.00000000
     0.00000000
     0.00000000
     0.00000000
     0.00000000
     0.00000000
     0.00000000
     0.00000000
     0.00000000
     0.00000000
     0.00000000
     0.00000000
     0.00000000
     0.00000000
     0.00000000
     0.00000000
     0.00000000
     0.00000000
     0.00000000
     0.00000000
     0.00000000
     0.00000000
     0.00000000
     0.00000000
     0.00000000
     0.00448620
     0.01048552
     0.00932227
     0.00815410
     0.00698050
     0.00580202
     0.00461844
     0.00342975
     0.00223594
     0.00103703
     0.00012084
     0.00118150
     0.00224610
     0.00331462
     0.00438710
     0.00514801
     0.00413642
     0.00312831
     0.00212400
     0.00112289
     0.00012526
     0.00086889
     0.00185955
     0.00284673
     0.00383042
     0.00481064
     0.00578736
     0.00676062
     0.00772955
     0.00692632
     0.00586734
     0.00441412
     0.00282821
     0.00123321
     0.00030962
     0.00184772
     0.00283667
     0.00358601
     0.00432875
     0.00485930
     0.00530811
     0.00575780
     0.00594107
     0.00601370
     0.00672974
     0.00744752
     0.00812705
     0.00809040
     0.00805376
     0.00746836
     0.00595165
     0.00444268
     0.00294141
     0.00158513
     0.00135852
     0.00214370
     0.00293104
     0.00372051
     0.00451212
     0.00525225
     0.00650712
     0.00847443
     0.01057764
     0.01267913
     0.01495867
     0.01733066
     0.01972034
     0.02212769
     0.02455269
     0.02699529
     0.02945548
     0.03188577
     0.03432497
     0.03678085
     0.03888232
     0.00000000
     0.00000000
     0.00000000
     0.00000000
     0.00000000
     0.00000000
     0.00000000
     0.00000000
     0.00000000
     0.00000000
     0.00000000
     0.00000000
     0.00000000
     0.00000000
     0.00000000
     0.00000000
     0.00000000
     0.00000000
     0.00000000
     0.00000000
     0.00000000
     0.00000000
     0.00000000
     0.00000000
     0.00000000
     0.00404546
     0.01026296
     0.00909777
     0.00792766
     0.00675211
     0.00557169
     0.00438617
     0.00319553
     0.00199978
     0.00082529
     0.00023267
     0.00129456
     0.00236039
     0.00344121
     0.00453719
     0.00468383
     0.00367308
     0.00266581
     0.00166234
     0.00066207
     0.00033472
     0.00132803
     0.00231785
     0.00330419
     0.00428704
     0.00526641
     0.00624231
     0.00721472
     0.00750134
     0.00656117
     0.00542966
     0.00384830
     0.00225789
     0.00065839
     0.00089379
     0.00244322
     0.00331004
     0.00405454
     0.00479901
     0.00534633
     0.00579622
     0.00624698
     0.00667066
     0.00679631
     0.00751477
     0.00823495
     0.00870122
     0.00866448
     0.00831158
     0.00694706
     0.00543189
     0.00392443
     0.00242471
     0.00110978
     0.00050670
     0.00116359
     0.00194884
     0.00273624
     0.00352579
     0.00434635
     0.00573490
     0.00749595
     0.00959388
     0.01170637
     0.01399284
     0.01635924
     0.01874333
     0.02114511
     0.02356453
     0.02600158
     0.02845620
     0.03092838
     0.03338473
     0.03583570
     0.03823924
     0.00000000
     0.00000000
     0.00000000
     0.00000000
     0.00000000
     0.00000000
     0.00000000
     0.00000000
     0.00000000
     0.00000000
     0.00000000
     0.00000000
     0.00000000
     0.00000000
     0.00000000
     0.00000000
     0.00000000
     0.00000000
     0.00000000
     0.00000000
     0.00000000
     0.00000000
     0.00000000
     0.00000000
     0.00000000
     0.00360398
     0.01003965
     0.00887253
     0.00770048
     0.00652299
     0.00534062
     0.00415314
     0.00296056
     0.00176955
     0.00071430
     0.00034489
     0.00142585
     0.00251508
     0.00360843
     0.00470588
     0.00421986
     0.00320995
     0.00220353
     0.00120089
     0.00020146
     0.00079450
     0.00178696
     0.00277595
     0.00376144
     0.00474346
     0.00572200
     0.00669705
     0.00766863
     0.00701215
     0.00619477
     0.00486610
     0.00328025
     0.00168532
     0.00008133
     0.00148023
     0.00303399
     0.00378086
     0.00452470
     0.00527087
     0.00583505
     0.00628602
     0.00673787
     0.00719039
     0.00758230
     0.00830318
     0.00902577
     0.00927750
     0.00901015
     0.00775332
     0.00642606
     0.00491242
     0.00340650
     0.00190830
     0.00063466
     0.00003212
     0.00018549
     0.00096867
     0.00175399
     0.00257872
     0.00357775
     0.00496372
     0.00651937
     0.00861202
     0.01071925
     0.01299992
     0.01538959
     0.01776809
     0.02016427
     0.02257813
     0.02500961
     0.02745869
     0.02992533
     0.03240948
     0.03489200
     0.03735471
     0.00000000
     0.00000000
     0.00000000
     0.00000000
     0.00000000
     0.00000000
     0.00000000
     0.00000000
     0.00000000
     0.00000000
     0.00000000
     0.00000000
     0.00000000
     0.00000000
     0.00000000
     0.00000000
     0.00000000
     0.00000000
     0.00000000
     0.00000000
     0.00000000
     0.00000000
     0.00000000
     0.00000000
     0.00000000
     0.00316176
     0.00981560
     0.00864655
     0.00747255
     0.00629312
     0.00510880
     0.00391938
     0.00272485
     0.00165678
     0.00057839
     0.00050410
     0.00159069
     0.00268138
     0.00377617
     0.00470531
     0.00375609
     0.00274702
     0.00174144
     0.00073964
     0.00025895
     0.00125406
     0.00224569
     0.00323384
     0.00421849
     0.00519967
     0.00617737
     0.00715158
     0.00731992
     0.00652110
     0.00571995
     0.00430030
     0.00270995
     0.00111052
     0.00049798
     0.00206893
     0.00361715
     0.00425091
     0.00499678
     0.00574437
     0.00632548
     0.00677754
     0.00723045
     0.00768405
     0.00837167
     0.00909496
     0.00981997
     0.00971151
     0.00845087
     0.00719545
     0.00590537
     0.00439326
     0.00288887
     0.00139221
     0.00015977
     0.00044223
     0.00079061
     0.00000951
     0.00077375
     0.00181875
     0.00281018
     0.00419356
     0.00558347
     0.00763210
     0.00973404
     0.01195757
     0.01442171
     0.01679461
     0.01918522
     0.02159349
     0.02401941
     0.02646293
     0.02892402
     0.03140264
     0.03389875
     0.03640756
     0.00000000
     0.00000000
     0.00000000
     0.00000000
     0.00000000
     0.00000000
     0.00000000
     0.00000000
     0.00000000
     0.00000000
     0.00000000
     0.00000000
     0.00000000
     0.00000000
     0.00000000
     0.00000000
     0.00000000
     0.00000000
     0.00000000
     0.00000000
     0.00000000
     0.00000000
     0.00000000
     0.00000000
     0.00000000
     0.00271880
     0.00959080
     0.00841983
     0.00724389
     0.00606250
     0.00487624
     0.00368059
     0.00257151
     0.00149578
     0.00041594
     0.00066800
     0.00175605
     0.00284819
     0.00394443
     0.00430424
     0.00329253
     0.00228430
     0.00127985
     0.00027860
     0.00071915
     0.00171342
     0.00270421
     0.00369151
     0.00467534
     0.00565568
     0.00663253
     0.00760591
     0.00682910
     0.00602820
     0.00508473
     0.00373227
     0.00213740
     0.00053348
     0.00107953
     0.00265990
     0.00410737
     0.00472259
     0.00547020
     0.00621950
     0.00681760
     0.00727074
     0.00772473
     0.00817940
     0.00900113
     0.00989012
     0.01041567
     0.00915121
     0.00789197
     0.00663796
     0.00538499
     0.00387441
     0.00237155
     0.00087642
     0.00031488
     0.00091636
     0.00151656
     0.00098566
     0.00000992
     0.00103436
     0.00204365
     0.00342443
     0.00481175
     0.00665407
     0.00875074
     0.01091740
     0.01337853
     0.01582291
     0.01820793
     0.02061063
     0.02303096
     0.02546893
     0.02792447
     0.03039756
     0.03288815
     0.03539617
     0.00000000
     0.00000000
     0.00000000
     0.00000000
     0.00000000
     0.00000000
     0.00000000
     0.00000000
     0.00000000
     0.00000000
     0.00000000
     0.00000000
     0.00000000
     0.00000000
     0.00000000
     0.00000000
     0.00000000
     0.00000000
     0.00000000
     0.00000000
     0.00000000
     0.00000000
     0.00000000
     0.00000000
     0.00000000
     0.00227510
     0.00936527
     0.00819236
     0.00701447
     0.00582381
     0.00462567
     0.00348453
     0.00241144
     0.00133425
     0.00025296
     0.00083243
     0.00192191
     0.00301551
     0.00397938
     0.00384005
     0.00282917
     0.00182178
     0.00081816
     0.00018223
     0.00117914
     0.00217258
     0.00316253
     0.00414899
     0.00513198
     0.00611147
     0.00708750
     0.00713706
     0.00633642
     0.00553343
     0.00439200
     0.00306455
     0.00156264
     0.00004580
     0.00166331
     0.00325314
     0.00459388
     0.00521673
     0.00594526
     0.00669624
     0.00731142
     0.00776564
     0.00822071
     0.00867646
     0.00962098
     0.01075246
     0.00986010
     0.00859129
     0.00733346
     0.00608086
     0.00483348
     0.00335586
     0.00185454
     0.00036093
     0.00078931
     0.00139025
     0.00198991
     0.00195156
     0.00064338
     0.00025108
     0.00127813
     0.00265634
     0.00404106
     0.00567797
     0.00776936
     0.00987940
     0.01233402
     0.01480812
     0.01723240
     0.01962951
     0.02204428
     0.02447668
     0.02692667
     0.02939423
     0.03187929
     0.03438180
     0.00000000
     0.00000000
     0.00000000
     0.00000000
     0.00000000
     0.00000000
     0.00000000
     0.00000000
     0.00000000
     0.00000000
     0.00000000
     0.00000000
     0.00000000
     0.00000000
     0.00000000
     0.00000000
     0.00000000
     0.00000000
     0.00000000
     0.00000000
     0.00000000
     0.00000000
     0.00000000
     0.00000000
     0.00000000
     0.00183065
     0.00913845
     0.00795382
     0.00676411
     0.00556887
     0.00439583
     0.00332539
     0.00225086
     0.00117222
     0.00008948
     0.00099737
     0.00208830
     0.00318335
     0.00396530
     0.00337606
     0.00236602
     0.00135948
     0.00035670
     0.00064286
     0.00163894
     0.00263153
     0.00362064
     0.00460626
     0.00558841
     0.00656707
     0.00744500
     0.00664460
     0.00584188
     0.00502174
     0.00369625
     0.00236444
     0.00098562
     0.00062732
     0.00224933
     0.00384865
     0.00508073
     0.00572322
     0.00642194
     0.00717487
     0.00780694
     0.00826224
     0.00871839
     0.00917522
     0.01024883
     0.01048613
     0.00939749
     0.00808827
     0.00678467
     0.00552413
     0.00427816
     0.00283763
     0.00133783
     0.00015424
     0.00126351
     0.00186390
     0.00246304
     0.00258253
     0.00137535
     0.00053109
     0.00051366
     0.00188927
     0.00327141
     0.00470378
     0.00678989
     0.00889057
     0.01129171
     0.01375929
     0.01624635
     0.01865018
     0.02105937
     0.02348620
     0.02593064
     0.02839264
     0.03087217
     0.03336917
     0.00000000
     0.00000000
     0.00000000
     0.00000000
     0.00000000
     0.00000000
     0.00000000
     0.00000000
     0.00000000
     0.00000000
     0.00000000
     0.00000000
     0.00000000
     0.00000000
     0.00000000
     0.00000000
     0.00000000
     0.00000000
     0.00000000
     0.00000000
     0.00000000
     0.00000000
     0.00000000
     0.00000000
     0.00000000
     0.00137220
     0.00888885
     0.00770218
     0.00651040
     0.00531311
     0.00423763
     0.00316575
     0.00208976
     0.00100967
     0.00007452
     0.00116282
     0.00225522
     0.00325375
     0.00392495
     0.00291228
     0.00190308
     0.00089737
     0.00010456
     0.00110328
     0.00209852
     0.00309027
     0.00407855
     0.00506333
     0.00604464
     0.00702246
     0.00695276
     0.00615029
     0.00534547
     0.00432734
     0.00299749
     0.00166133
     0.00031885
     0.00121107
     0.00283760
     0.00444642
     0.00556926
     0.00623147
     0.00690024
     0.00765492
     0.00830416
     0.00876054
     0.00921777
     0.00979411
     0.01005556
     0.00990472
     0.00893047
     0.00762690
     0.00632434
     0.00502741
     0.00373610
     0.00231969
     0.00082143
     0.00066912
     0.00173747
     0.00233734
     0.00277124
     0.00284315
     0.00215477
     0.00131217
     0.00024979
     0.00112322
     0.00250277
     0.00388886
     0.00581234
     0.00790775
     0.01025155
     0.01271265
     0.01519319
     0.01767260
     0.02007622
     0.02249748
     0.02493636
     0.02739281
     0.02986680
     0.03235829
     0.00000000
     0.00000000
     0.00000000
     0.00000000
     0.00000000
     0.00000000
     0.00000000
     0.00000000
     0.00000000
     0.00000000
     0.00000000
     0.00000000
     0.00000000
     0.00000000
     0.00000000
     0.00000000
     0.00000000
     0.00000000
     0.00000000
     0.00000000
     0.00000000
     0.00000000
     0.00000000
     0.00000000
     0.00000000
     0.00090374
     0.00863844
     0.00744971
     0.00625587
     0.00514815
     0.00407892
     0.00300558
     0.00192814
     0.00084659
     0.00023905
     0.00132880
     0.00242264
     0.00323947
     0.00346054
     0.00244869
     0.00144034
     0.00043547
     0.00056562
     0.00156351
     0.00255790
     0.00354882
     0.00453625
     0.00552019
     0.00650066
     0.00726088
     0.00645867
     0.00565411
     0.00484721
     0.00362992
     0.00229572
     0.00095519
     0.00039164
     0.00179707
     0.00342809
     0.00504590
     0.00605949
     0.00674151
     0.00738016
     0.00813658
     0.00880308
     0.00926054
     0.00971883
     0.00962567
     0.00975753
     0.00926814
     0.00829520
     0.00716572
     0.00586421
     0.00456831
     0.00327804
     0.00187910
     0.00032540
     0.00118368
     0.00221121
     0.00281054
     0.00290271
     0.00296910
     0.00293307
     0.00209213
     0.00101220
     0.00035822
     0.00173517
     0.00311867
     0.00483671
     0.00692683
     0.00921358
     0.01166817
     0.01414222
     0.01663571
     0.01909483
     0.02151052
     0.02394383
     0.02639474
     0.02886319
     0.03134915
     0.00000000
     0.00000000
     0.00000000
     0.00000000
     0.00000000
     0.00000000
     0.00000000
     0.00000000
     0.00000000
     0.00000000
     0.00000000
     0.00000000
     0.00000000
     0.00000000
     0.00000000
     0.00000000
     0.00000000
     0.00000000
     0.00000000
     0.00000000
     0.00000000
     0.00000000
     0.00000000
     0.00000000
     0.00000000
     0.00043447
     0.00838719
     0.00719642
     0.00605718
     0.00499037
     0.00391968
     0.00284489
     0.00176600
     0.00068301
     0.00040409
     0.00149529
     0.00252841
     0.00322534
     0.00299633
     0.00198532
     0.00097781
     0.00002623
     0.00102647
     0.00202352
     0.00301707
     0.00400715
     0.00499374
     0.00597685
     0.00695648
     0.00676702
     0.00596272
     0.00515607
     0.00426175
     0.00292949
     0.00159093
     0.00024605
     0.00110514
     0.00246265
     0.00402083
     0.00553541
     0.00655140
     0.00725331
     0.00786172
     0.00861988
     0.00930369
     0.00976223
     0.00952398
     0.00932717
     0.00945951
     0.00863212
     0.00766051
     0.00669200
     0.00540427
     0.00410941
     0.00282019
     0.00147978
     0.00007297
     0.00161740
     0.00265515
     0.00290049
     0.00287614
     0.00285179
     0.00336301
     0.00287098
     0.00177358
     0.00040575
     0.00096861
     0.00234952
     0.00386298
     0.00594783
     0.00817780
     0.01062587
     0.01309341
     0.01558042
     0.01808685
     0.02052532
     0.02295307
     0.02539842
     0.02786133
     0.03034176
     0.00000000
     0.00000000
     0.00000000
     0.00000000
     0.00000000
     0.00000000
     0.00000000
     0.00000000
     0.00000000
     0.00000000
     0.00000000
     0.00000000
     0.00000000
     0.00000000
     0.00000000
     0.00000000
     0.00000000
     0.00000000
     0.00000000
     0.00000000
     0.00000000
     0.00000000
     0.00000000
     0.00000000
     0.00000000
     0.00000000
     0.00813513
     0.00696416
     0.00590033
     0.00483208
     0.00375994
     0.00268370
     0.00160335
     0.00051891
     0.00056964
     0.00166229
     0.00251394
     0.00321135
     0.00253232
     0.00152216
     0.00051548
     0.00048771
     0.00148712
     0.00248332
     0.00347604
     0.00446528
     0.00545103
     0.00643330
     0.00707534
     0.00627130
     0.00546490
     0.00465617
     0.00356266
     0.00222606
     0.00088313
     0.00046611
     0.00182166
     0.00318352
     0.00467056
     0.00602660
     0.00704500
     0.00776689
     0.00834489
     0.00910479
     0.00980600
     0.00963863
     0.00909165
     0.00902921
     0.00897004
     0.00799667
     0.00702638
     0.00605919
     0.00494451
     0.00365070
     0.00236251
     0.00107996
     0.00047122
     0.00201470
     0.00280721
     0.00278283
     0.00275844
     0.00279532
     0.00335445
     0.00330097
     0.00253394
     0.00116870
     0.00020307
     0.00158138
     0.00296624
     0.00497075
     0.00714418
     0.00958575
     0.01204679
     0.01452729
     0.01702723
     0.01954189
     0.02196407
     0.02440385
     0.02686122
     0.02933611
     0.24320708
     0.00000000
     0.00000000
     0.00000000
     0.00000000
     0.00000000
     0.00000000
     0.00000000
     0.00000000
     0.00000000
     0.00000000
     0.00000000
     0.00000000
     0.00000000
     0.00000000
     0.00000000
     0.00000000
     0.00000000
     0.00000000
     0.00000000
     0.00000000
     0.00000000
     0.00000000
     0.00000000
     0.00000000
     0.00000000
     0.00788248
     0.00680825
     0.00574297
     0.00467326
     0.00359967
     0.00252197
     0.00144018
     0.00035428
     0.00073572
     0.00180336
     0.00249961
     0.00308132
     0.00206852
     0.00105920
     0.00005336
     0.00094900
     0.00194756
     0.00294293
     0.00393480
     0.00492320
     0.00590811
     0.00688954
     0.00657984
     0.00577371
     0.00496523
     0.00415440
     0.00286057
     0.00151960
     0.00017232
     0.00118128
     0.00254119
     0.00390741
     0.00542181
     0.00651949
     0.00754029
     0.00828224
     0.00883074
     0.00959133
     0.00975381
     0.00920608
     0.00868790
     0.00873128
     0.00833384
     0.00736178
     0.00639282
     0.00542695
     0.00446418
     0.00319219
     0.00190504
     0.00062353
     0.00086936
     0.00241188
     0.00268917
     0.00266476
     0.00264034
     0.00278140
     0.00334098
     0.00363367
     0.00296124
     0.00193062
     0.00056144
     0.00081429
     0.00219655
     0.00399559
     0.00611275
     0.00854780
     0.01100234
     0.01347634
     0.01596979
     0.01848266
     0.02097683
     0.02341105
     0.02586287
     0.02833222
     0.24272483
     0.00000000
     0.00000000
     0.00000000
     0.00000000
     0.00000000
     0.00000000
     0.00000000
     0.00000000
     0.00000000
     0.00000000
     0.00000000
     0.00000000
     0.00000000
     0.00000000
     0.00000000
     0.00000000
     0.00000000
     0.00000000
     0.00000000
     0.00000000
     0.00000000
     0.00000000
     0.00000000
     0.00000000
     0.00000000
     0.00771461
     0.00665182
     0.00558509
     0.00451393
     0.00343888
     0.00235974
     0.00127649
     0.00018914
     0.00090231
     0.00178869
     0.00248543
     0.00261689
     0.00160493
     0.00059644
     0.00040855
     0.00141007
     0.00240779
     0.00340232
     0.00439336
     0.00538091
     0.00636499
     0.00688835
     0.00608248
     0.00527426
     0.00446369
     0.00349448
     0.00215547
     0.00081013
     0.00054150
     0.00189947
     0.00326373
     0.00463431
     0.00618258
     0.00701406
     0.00803727
     0.00879946
     0.00934919
     0.00959465
     0.00932103
     0.00877368
     0.00830117
     0.00843336
     0.00769820
     0.00672747
     0.00575983
     0.00479528
     0.00383384
     0.00273388
     0.00144777
     0.00016729
     0.00126739
     0.00240081
     0.00257073
     0.00254629
     0.00252184
     0.00276728
     0.00332733
     0.00388626
     0.00327572
     0.00238887
     0.00132491
     0.00004823
     0.00142789
     0.00302233
     0.00510592
     0.00751203
     0.00996006
     0.01242757
     0.01491452
     0.01742090
     0.01994668
     0.02242001
     0.02486627
     0.02766194
     0.24257917
     0.00000000
     0.00000000
     0.00000000
     0.00000000
     0.00000000
     0.00000000
     0.00000000
     0.00000000
     0.00000000
     0.00000000
     0.00000000
     0.00000000
     0.00000000
     0.00000000
     0.00000000
     0.00000000
     0.00000000
     0.00000000
     0.00000000
     0.00000000
     0.00000000
     0.00000000
     0.00000000
     0.00000000
     0.00000000
     0.00755923
     0.00649486
     0.00542668
     0.00435407
     0.00327758
     0.00219698
     0.00111229
     0.00002349
     0.00106941
     0.00177417
     0.00247140
     0.00215266
     0.00114154
     0.00013389
     0.00087026
     0.00187094
     0.00286783
     0.00386151
     0.00485172
     0.00583843
     0.00682166
     0.00639122
     0.00558325
     0.00477295
     0.00396028
     0.00279072
     0.00144734
     0.00009766
     0.00125835
     0.00262066
     0.00398929
     0.00543484
     0.00679997
     0.00756274
     0.00853593
     0.00931838
     0.00943192
     0.00914600
     0.00888839
     0.00835701
     0.00800331
     0.00803564
     0.00706314
     0.00609372
     0.00512741
     0.00416418
     0.00320405
     0.00224702
     0.00099069
     0.00028875
     0.00151436
     0.00232156
     0.00245187
     0.00242740
     0.00240294
     0.00275295
     0.00331347
     0.00387287
     0.00359018
     0.00270363
     0.00181431
     0.00071682
     0.00066026
     0.00205100
     0.00412929
     0.00647845
     0.00891996
     0.01138096
     0.01386142
     0.01636132
     0.01888062
     0.02141929
     0.02422758
     0.02729753
     0.24243357
     0.00000000
     0.00000000
     0.00000000
     0.00000000
     0.00000000
     0.00000000
     0.00000000
     0.00000000
     0.00000000
     0.00000000
     0.00000000
     0.00000000
     0.00000000
     0.00000000
     0.00000000
     0.00000000
     0.00000000
     0.00000000
     0.00000000
     0.00000000
     0.00000000
     0.00000000
     0.00000000
     0.00000000
     0.00000000
     0.00726517
     0.00633740
     0.00526776
     0.00419370
     0.00311577
     0.00203372
     0.00094757
     0.00014268
     0.00106374
     0.00175980
     0.00245751
     0.00168864
     0.00067835
     0.00032845
     0.00133177
     0.00233160
     0.00332765
     0.00432049
     0.00530986
     0.00629573
     0.00669993
     0.00589222
     0.00508217
     0.00426977
     0.00342537
     0.00208394
     0.00073621
     0.00061784
     0.00197819
     0.00334487
     0.00471785
     0.00624521
     0.00741967
     0.00818454
     0.00903628
     0.00947685
     0.00896094
     0.00869752
     0.00845348
     0.00796667
     0.00770548
     0.00739981
     0.00642863
     0.00546054
     0.00449555
     0.00353365
     0.00257484
     0.00161914
     0.00053381
     0.00074459
     0.00143395
     0.00224198
     0.00233261
     0.00230811
     0.00228362
     0.00273844
     0.00329941
     0.00385928
     0.00390460
     0.00301834
     0.00212932
     0.00123753
     0.00010634
     0.00127469
     0.00315460
     0.00544704
     0.00788204
     0.01033653
     0.01281049
     0.01530389
     0.01781672
     0.02071219
     0.02384371
     0.02693317
     0.24228803
     0.00000000
     0.00000000
     0.00000000
     0.00000000
     0.00000000
     0.00000000
     0.00000000
     0.00000000
     0.00000000
     0.00000000
     0.00000000
     0.00000000
     0.00000000
     0.00000000
     0.00000000
     0.00000000
     0.00000000
     0.00000000
     0.00000000
     0.00000000
     0.00000000
     0.00000000
     0.00000000
     0.00000000
     0.00000000
     0.00688855
     0.00617942
     0.00510833
     0.00403282
     0.00295343
     0.00186993
     0.00078233
     0.00030937
     0.00104903
     0.00174557
     0.00223775
     0.00122482
     0.00021537
     0.00079059
     0.00179307
     0.00279206
     0.00378727
     0.00477927
     0.00576780
     0.00675283
     0.00620116
     0.00539136
     0.00457922
     0.00376473
     0.00271994
     0.00137416
     0.00002207
     0.00133634
     0.00270106
     0.00407209
     0.00544943
     0.00705908
     0.00804168
     0.00880866
     0.00926371
     0.00900565
     0.00849362
     0.00824922
     0.00801064
     0.00757644
     0.00740767
     0.00676456
     0.00579470
     0.00482793
     0.00386426
     0.00290368
     0.00194620
     0.00099182
     0.00004053
     0.00082756
     0.00136048
     0.00216210
     0.00221294
     0.00218842
     0.00216388
     0.00272373
     0.00328517
     0.00384549
     0.00405388
     0.00333302
     0.00244429
     0.00155279
     0.00065853
     0.00050653
     0.00218182
     0.00441781
     0.00684630
     0.00929428
     0.01176174
     0.01424865
     0.01714024
     0.02024038
     0.02336956
     0.02652769
     0.24214255
     0.00000000
     0.00000000
     0.00000000
     0.00000000
     0.00000000
     0.00000000
     0.00000000
     0.00000000
     0.00000000
     0.00000000
     0.00000000
     0.00000000
     0.00000000
     0.00000000
     0.00000000
     0.00000000
     0.00000000
     0.00000000
     0.00000000
     0.00000000
     0.00000000
     0.00000000
     0.00000000
     0.00000000
     0.00000000
     0.00651142
     0.00602091
     0.00494839
     0.00387142
     0.00279057
     0.00170562
     0.00061657
     0.00033907
     0.00103446
     0.00173150
     0.00177330
     0.00076121
     0.00024739
     0.00125252
     0.00225417
     0.00325232
     0.00424669
     0.00523785
     0.00622554
     0.00651006
     0.00570052
     0.00488864
     0.00407440
     0.00325783
     0.00201149
     0.00066136
     0.00069510
     0.00205786
     0.00342694
     0.00480232
     0.00626049
     0.00787647
     0.00866601
     0.00921007
     0.00883352
     0.00853468
     0.00804531
     0.00780109
     0.00760670
     0.00718631
     0.00710150
     0.00612987
     0.00516133
     0.00419589
     0.00323354
     0.00227429
     0.00131813
     0.00036507
     0.00047275
     0.00080151
     0.00133489
     0.00208188
     0.00209287
     0.00206831
     0.00214582
     0.00270882
     0.00327072
     0.00383151
     0.00402163
     0.00364767
     0.00275923
     0.00186803
     0.00097406
     0.00007731
     0.00121095
     0.00339076
     0.00581274
     0.00825421
     0.01071516
     0.01360227
     0.01667096
     0.01976877
     0.02289560
     0.02605139
     0.24193522
     0.00000000
     0.00000000
     0.00000000
     0.00000000
     0.00000000
     0.00000000
     0.00000000
     0.00000000
     0.00000000
     0.00000000
     0.00000000
     0.00000000
     0.00000000
     0.00000000
     0.00000000
     0.00000000
     0.00000000
     0.00000000
     0.00000000
     0.00000000
     0.00000000
     0.00000000
     0.00000000
     0.00000000
     0.00000000
     0.00613377
     0.00586190
     0.00478792
     0.00370950
     0.00262720
     0.00154081
     0.00045031
     0.00032417
     0.00102005
     0.00171757
     0.00130906
     0.00029781
     0.00070997
     0.00171425
     0.00271505
     0.00371208
     0.00470589
     0.00569621
     0.00668306
     0.00600965
     0.00519803
     0.00438405
     0.00356774
     0.00264823
     0.00130005
     0.00005446
     0.00141526
     0.00278239
     0.00415582
     0.00553557
     0.00707592
     0.00852340
     0.00914822
     0.00877899
     0.00840347
     0.00806389
     0.00759718
     0.00739242
     0.00720287
     0.00679627
     0.00646605
     0.00549575
     0.00452853
     0.00356442
     0.00260339
     0.00164546
     0.00069063
     0.00026111
     0.00061528
     0.00081979
     0.00130908
     0.00199697
     0.00197239
     0.00194780
     0.00213025
     0.00269371
     0.00325607
     0.00381733
     0.00398914
     0.00396228
     0.00307414
     0.00218323
     0.00128955
     0.00039310
     0.00050610
     0.00236589
     0.00478135
     0.00721631
     0.01009838
     0.01313555
     0.01620189
     0.01929735
     0.02242183
     0.02557529
     0.24167687
     0.00000000
     0.00000000
     0.00000000
     0.00000000
     0.00000000
     0.00000000
     0.00000000
     0.00000000
     0.00000000
     0.00000000
     0.00000000
     0.00000000
     0.00000000
     0.00000000
     0.00000000
     0.00000000
     0.00000000
     0.00000000
     0.00000000
     0.00000000
     0.00000000
     0.00000000
     0.00000000
     0.00000000
     0.00000000
     0.00575561
     0.00570237
     0.00462694
     0.00354707
     0.00246332
     0.00137547
     0.00038531
     0.00030941
     0.00100578
     0.00170378
     0.00084502
     0.00016540
     0.00117233
     0.00217578
     0.00317573
     0.00417193
     0.00516489
     0.00615438
     0.00631875
     0.00550737
     0.00469367
     0.00387760
     0.00305920
     0.00193812
     0.00058558
     0.00077328
     0.00213845
     0.00350993
     0.00488772
     0.00627647
     0.00789486
     0.00908646
     0.00871704
     0.00834806
     0.00797357
     0.00759332
     0.00717852
     0.00698858
     0.00679916
     0.00640633
     0.00583119
     0.00486220
     0.00389630
     0.00293351
     0.00197380
     0.00101720
     0.00006369
     0.00055309
     0.00075779
     0.00096235
     0.00128305
     0.00187612
     0.00185150
     0.00182689
     0.00211448
     0.00267841
     0.00324124
     0.00380296
     0.00395642
     0.00402627
     0.00338900
     0.00249840
     0.00160502
     0.00070886
     0.00019005
     0.00155486
     0.00375214
     0.00662860
     0.00963421
     0.01266904
     0.01573302
     0.01882611
     0.02194826
     0.02509937
     0.24141870
     0.00000000
     0.00000000
     0.00000000
     0.00000000
     0.00000000
     0.00000000
     0.00000000
     0.00000000
     0.00000000
     0.00000000
     0.00000000
     0.00000000
     0.00000000
     0.00000000
     0.00000000
     0.00000000
     0.00000000
     0.00000000
     0.00000000
     0.00000000
     0.00000000
     0.00000000
     0.00000000
     0.00000000
     0.00000000
     0.00537694
     0.00554232
     0.00446543
     0.00338412
     0.00229892
     0.00120961
     0.00040040
     0.00029480
     0.00099165
     0.00139424
     0.00038118
     0.00062839
     0.00163449
     0.00263709
     0.00363621
     0.00463155
     0.00562369
     0.00661234
     0.00581670
     0.00500325
     0.00418744
     0.00336929
     0.00254879
     0.00122500
     0.00013191
     0.00149512
     0.00286465
     0.00424048
     0.00562263
     0.00709345
     0.00871732
     0.00865517
     0.00828600
     0.00791728
     0.00754381
     0.00714228
     0.00677469
     0.00658486
     0.00639556
     0.00608475
     0.00519687
     0.00422921
     0.00326464
     0.00230317
     0.00134479
     0.00038950
     0.00049061
     0.00069551
     0.00090027
     0.00110489
     0.00130936
     0.00175485
     0.00173021
     0.00170556
     0.00209853
     0.00266291
     0.00322620
     0.00378838
     0.00392349
     0.00399340
     0.00370384
     0.00281353
     0.00192044
     0.00102458
     0.00012596
     0.00098860
     0.00358642
     0.00636033
     0.00917024
     0.01220270
     0.01526433
     0.01835508
     0.02147488
     0.02462366
     0.24116072
     0.00000000
     0.00000000
     0.00000000
     0.00000000
     0.00000000
     0.00000000
     0.00000000
     0.00000000
     0.00000000
     0.00000000
     0.00000000
     0.00000000
     0.00000000
     0.00000000
     0.00000000
     0.00000000
     0.00000000
     0.00000000
     0.00000000
     0.00000000
     0.00000000
     0.00000000
     0.00000000
     0.00000000
     0.00000000
     0.00499775
     0.00538175
     0.00430341
     0.00322065
     0.00213400
     0.00110939
     0.00041535
     0.00028034
     0.00097768
     0.00092977
     0.00008244
     0.00109118
     0.00209643
     0.00309820
     0.00409648
     0.00509099
     0.00608228
     0.00612599
     0.00531280
     0.00449725
     0.00367936
     0.00285911
     0.00186382
     0.00050886
     0.00085239
     0.00221997
     0.00359385
     0.00497405
     0.00636054
     0.00791396
     0.00855330
     0.00822403
     0.00785512
     0.00748664
     0.00711420
     0.00671612
     0.00637098
     0.00618125
     0.00599207
     0.00553257
     0.00456314
     0.00359679
     0.00263355
     0.00167340
     0.00071635
     0.00023762
     0.00063297
     0.00083793
     0.00104274
     0.00124741
     0.00145193
     0.00163988
     0.00160851
     0.00158383
     0.00208237
     0.00264722
     0.00321096
     0.00377361
     0.00389032
     0.00396029
     0.00401865
     0.00312862
     0.00223583
     0.00134027
     0.00044195
     0.00102284
     0.00364516
     0.00642164
     0.00922350
     0.01205071
     0.01490325
     0.01788423
     0.02100169
     0.02414812
     0.24090293
     0.00000000
     0.00000000
     0.00000000
     0.00000000
     0.00000000
     0.00000000
     0.00000000
     0.00000000
     0.00000000
     0.00000000
     0.00000000
     0.00000000
     0.00000000
     0.00000000
     0.00000000
     0.00000000
     0.00000000
     0.00000000
     0.00000000
     0.00000000
     0.00000000
     0.00000000
     0.00000000
     0.00000000
     0.00000000
     0.00461805
     0.00522066
     0.00414088
     0.00305667
     0.00196856
     0.00112468
     0.00043016
     0.00026602
     0.00096385
     0.00046551
     0.00054587
     0.00155377
     0.00255817
     0.00355911
     0.00455655
     0.00555022
     0.00643525
     0.00562231
     0.00480703
     0.00398939
     0.00316941
     0.00234708
     0.00114903
     0.00021028
     0.00157590
     0.00294783
     0.00432607
     0.00571062
     0.00711168
     0.00782620
     0.00816214
     0.00779304
     0.00742438
     0.00705615
     0.00668473
     0.00629009
     0.00596738
     0.00577776
     0.00558869
     0.00489808
     0.00392997
     0.00296495
     0.00200302
     0.00104419
     0.00008847
     0.00057015
     0.00077529
     0.00098030
     0.00118517
     0.00138989
     0.00159448
     0.00160207
     0.00148640
     0.00149960
     0.00206602
     0.00263133
     0.00319554
     0.00375864
     0.00385692
     0.00392696
     0.00399697
     0.00344369
     0.00255119
     0.00165592
     0.00016802
     0.00135724
     0.00370416
     0.00648320
     0.00928762
     0.01211739
     0.01497249
     0.01785287
     0.02075846
     0.02368923
     0.24064533
     0.00000000
     0.00000000
     0.00000000
     0.00000000
     0.00000000
     0.00000000
     0.00000000
     0.00000000
     0.00000000
     0.00000000
     0.00000000
     0.00000000
     0.00000000
     0.00000000
     0.00000000
     0.00000000
     0.00000000
     0.00000000
     0.00000000
     0.00000000
     0.00000000
     0.00000000
     0.00000000
     0.00000000
     0.00000000
     0.00423784
     0.00505907
     0.00397783
     0.00289217
     0.00183318
     0.00113982
     0.00044481
     0.00025185
     0.00095017
     0.00000145
     0.00100909
     0.00201615
     0.00301972
     0.00401981
     0.00501642
     0.00600923
     0.00593180
     0.00511677
     0.00429940
     0.00347967
     0.00265759
     0.00178858
     0.00043122
     0.00093244
     0.00230242
     0.00367870
     0.00506129
     0.00645020
     0.00709993
     0.00764611
     0.00773104
     0.00736220
     0.00699378
     0.00662581
     0.00625541
     0.00586421
     0.00556389
     0.00537437
     0.00518543
     0.00426415
     0.00329736
     0.00233367
     0.00137307
     0.00041557
     0.00050705
     0.00071239
     0.00091760
     0.00112267
     0.00132759
     0.00153236
     0.00173700
     0.00161531
     0.00136389
     0.00148258
     0.00204947
     0.00261525
     0.00317991
     0.00374348
     0.00382329
     0.00389339
     0.00396347
     0.00375871
     0.00286651
     0.00135566
     0.00016457
     0.00169268
     0.00376343
     0.00654503
     0.00935200
     0.01218434
     0.01504199
     0.01792491
     0.02083305
     0.02376635
     0.24074435
     0.00000000
     0.00000000
     0.00000000
     0.00000000
     0.00000000
     0.00000000
     0.00000000
     0.00000000
     0.00000000
     0.00000000
     0.00000000
     0.00000000
     0.00000000
     0.00000000
     0.00000000
     0.00000000
     0.00000000
     0.00000000
     0.00000000
     0.00000000
     0.00000000
     0.00000000
     0.00000000
     0.00000000
     0.00000000
     0.00385711
     0.00489695
     0.00381426
     0.00272715
     0.00184866
     0.00115482
     0.00045932
     0.00023783
     0.00055078
     0.00046240
     0.00147211
     0.00247832
     0.00348105
     0.00448030
     0.00547607
     0.00624126
     0.00542648
     0.00460936
     0.00378990
     0.00296808
     0.00214392
     0.00107212
     0.00028959
     0.00165761
     0.00303194
     0.00441259
     0.00579954
     0.00643251
     0.00691978
     0.00746603
     0.00730010
     0.00693150
     0.00656334
     0.00619562
     0.00582623
     0.00543847
     0.00516051
     0.00497110
     0.00470151
     0.00363079
     0.00266533
     0.00170295
     0.00074368
     0.00021250
     0.00064922
     0.00085462
     0.00105988
     0.00126500
     0.00146997
     0.00167480
     0.00187949
     0.00162841
     0.00129676
     0.00146537
     0.00203272
     0.00259896
     0.00316409
     0.00371926
     0.00378944
     0.00385959
     0.00392973
     0.00397356
     0.00254010
     0.00102491
     0.00049819
     0.00202916
     0.00382294
     0.00660712
     0.00941665
     0.01225154
     0.01511175
     0.01799722
     0.02090790
     0.02384374
     0.24104433
     0.00000000
     0.00000000
     0.00000000
     0.00000000
     0.00000000
     0.00000000
     0.00000000
     0.00000000
     0.00000000
     0.00000000
     0.00000000
     0.00000000
     0.00000000
     0.00000000
     0.00000000
     0.00000000
     0.00000000
     0.00000000
     0.00000000
     0.00000000
     0.00000000
     0.00000000
     0.00000000
     0.00000000
     0.00000000
     0.00347587
     0.00473432
     0.00365018
     0.00256161
     0.00186400
     0.00116967
     0.00047368
     0.00022396
     0.00008630
     0.00092604
     0.00193491
     0.00294028
     0.00394218
     0.00494059
     0.00593551
     0.00573617
     0.00491930
     0.00410010
     0.00327854
     0.00245463
     0.00162839
     0.00035265
     0.00101341
     0.00238580
     0.00376448
     0.00514949
     0.00585802
     0.00619428
     0.00673964
     0.00723808
     0.00686930
     0.00650095
     0.00613303
     0.00576557
     0.00539721
     0.00501286
     0.00475725
     0.00456794
     0.00394263
     0.00299800
     0.00203386
     0.00107281
     0.00011486
     0.00058576
     0.00079137
     0.00099682
     0.00120214
     0.00140731
     0.00161234
     0.00181723
     0.00202197
     0.00164134
     0.00131107
     0.00144797
     0.00201578
     0.00258247
     0.00314807
     0.00368512
     0.00375536
     0.00382558
     0.00384165
     0.00329766
     0.00221117
     0.00069310
     0.00083285
     0.00236669
     0.00407510
     0.00666946
     0.00948156
     0.01231901
     0.01518176
     0.01806978
     0.02098301
     0.02392139
     0.24134456
     0.00000000
     0.00000000
     0.00000000
     0.00000000
     0.00000000
     0.00000000
     0.00000000
     0.00000000
     0.00000000
     0.00000000
     0.00000000
     0.00000000
     0.00000000
     0.00000000
     0.00000000
     0.00000000
     0.00000000
     0.00000000
     0.00000000
     0.00000000
     0.00000000
     0.00000000
     0.00000000
     0.00000000
     0.00000000
     0.00309412
     0.00457116
     0.00348557
     0.00257236
     0.00187919
     0.00118437
     0.00048790
     0.00021023
     0.00037798
     0.00138949
     0.00239751
     0.00340205
     0.00440311
     0.00540067
     0.00604609
     0.00522920
     0.00441026
     0.00358896
     0.00276532
     0.00193932
     0.00099430
     0.00036983
     0.00174025
     0.00311699
     0.00450003
     0.00528395
     0.00559477
     0.00601409
     0.00655951
     0.00680717
     0.00643864
     0.00607054
     0.00570289
     0.00533566
     0.00496832
     0.00458740
     0.00435410
     0.00416490
     0.00328443
     0.00236578
     0.00140296
     0.00044324
     0.00051339
     0.00072783
     0.00093348
     0.00113900
     0.00134436
     0.00154959
     0.00175468
     0.00195962
     0.00211437
     0.00165414
     0.00139326
     0.00153054
     0.00199863
     0.00256580
     0.00313186
     0.00365074
     0.00372104
     0.00370929
     0.00316464
     0.00261896
     0.00188120
     0.00036026
     0.00116856
     0.00270526
     0.00439685
     0.00673207
     0.00954673
     0.01238673
     0.01525204
     0.01814261
     0.02105838
     0.02399929
     0.24164505
     0.00000000
     0.00000000
     0.00000000
     0.00000000
     0.00000000
     0.00000000
     0.00000000
     0.00000000
     0.00000000
     0.00000000
     0.00000000
     0.00000000
     0.00000000
     0.00000000
     0.00000000
     0.00000000
     0.00000000
     0.00000000
     0.00000000
     0.00000000
     0.00000000
     0.00000000
     0.00000000
     0.00000000
     0.00000000
     0.00271185
     0.00440749
     0.00332045
     0.00258789
     0.00189423
     0.00119893
     0.00050196
     0.00017210
     0.00084206
     0.00185272
     0.00285991
     0.00386361
     0.00486382
     0.00586055
     0.00553937
     0.00472039
     0.00389935
     0.00307597
     0.00225023
     0.00142216
     0.00027316
     0.00109531
     0.00247010
     0.00385119
     0.00471029
     0.00502075
     0.00533153
     0.00583389
     0.00637939
     0.00637642
     0.00600813
     0.00564029
     0.00527288
     0.00490590
     0.00453938
     0.00416208
     0.00395107
     0.00376196
     0.00264728
     0.00173412
     0.00077263
     0.00018577
     0.00066403
     0.00086988
     0.00107558
     0.00128115
     0.00148658
     0.00169185
     0.00189699
     0.00210199
     0.00212734
     0.00166678
     0.00159656
     0.00173385
     0.00198130
     0.00254893
     0.00311545
     0.00361614
     0.00357649
     0.00303118
     0.00248484
     0.00193747
     0.00138908
     0.00002638
     0.00150531
     0.00304487
     0.00471958
     0.00679494
     0.00961217
     0.01245472
     0.01532258
     0.01821569
     0.02113400
     0.02407746
     0.24194580
     0.00000000
     0.00000000
     0.00000000
     0.00000000
     0.00000000
     0.00000000
     0.00000000
     0.00000000
     0.00000000
     0.00000000
     0.00000000
     0.00000000
     0.00000000
     0.00000000
     0.00000000
     0.00000000
     0.00000000
     0.00000000
     0.00000000
     0.00000000
     0.00000000
     0.00000000
     0.00000000
     0.00000000
     0.00000000
     0.00232907
     0.00424331
     0.00329597
     0.00260327
     0.00190912
     0.00121333
     0.00051588
     0.00029262
     0.00130592
     0.00231576
     0.00332209
     0.00432496
     0.00532434
     0.00584919
     0.00503078
     0.00420971
     0.00338658
     0.00256111
     0.00173328
     0.00090312
     0.00045099
     0.00182382
     0.00320296
     0.00413703
     0.00444714
     0.00475756
     0.00510910
     0.00565370
     0.00619927
     0.00594581
     0.00557777
     0.00521018
     0.00484302
     0.00447630
     0.00411003
     0.00373604
     0.00354814
     0.00320161
     0.00201070
     0.00110303
     0.00014287
     0.00059995
     0.00080599
     0.00101190
     0.00121766
     0.00142328
     0.00162876
     0.00183409
     0.00203928
     0.00224433
     0.00214016
     0.00169742
     0.00179985
     0.00193715
     0.00207438
     0.00253186
     0.00309884
     0.00344327
     0.00289729
     0.00235028
     0.00180225
     0.00125318
     0.00070309
     0.00030855
     0.00184309
     0.00338552
     0.00504327
     0.00694458
     0.00967786
     0.01252297
     0.01539338
     0.01828904
     0.02120990
     0.02415588
     0.24224680
     0.00000000
     0.00000000
     0.00000000
     0.00000000
     0.00000000
     0.00000000
     0.00000000
     0.00000000
     0.00000000
     0.00000000
     0.00000000
     0.00000000
     0.00000000
     0.00000000
     0.00000000
     0.00000000
     0.00000000
     0.00000000
     0.00000000
     0.00000000
     0.00000000
     0.00000000
     0.00000000
     0.00000000
     0.00000000
     0.00215900
     0.00407861
     0.00331170
     0.00261851
     0.00192387
     0.00122759
     0.00052965
     0.00075711
     0.00176959
     0.00277857
     0.00378408
     0.00478611
     0.00578464
     0.00534083
     0.00452033
     0.00369717
     0.00287195
     0.00204439
     0.00121448
     0.00019274
     0.00117814
     0.00255533
     0.00356420
     0.00387394
     0.00418400
     0.00449438
     0.00492885
     0.00547352
     0.00588356
     0.00551534
     0.00514755
     0.00478021
     0.00441330
     0.00404683
     0.00368081
     0.00333151
     0.00314532
     0.00244383
     0.00137470
     0.00047251
     0.00048632
     0.00074184
     0.00094794
     0.00115390
     0.00135971
     0.00156538
     0.00177092
     0.00197631
     0.00218156
     0.00238666
     0.00215282
     0.00193003
     0.00200315
     0.00214045
     0.00227769
     0.00251459
     0.00291566
     0.00276297
     0.00221529
     0.00166659
     0.00111686
     0.00056610
     0.00001431
     0.00064452
     0.00218192
     0.00372722
     0.00536795
     0.00727261
     0.00974382
     0.01259148
     0.01546445
     0.01836265
     0.02128605
     0.02423455
     0.24254805
     0.00000000
     0.00000000
     0.00000000
     0.00000000
     0.00000000
     0.00000000
     0.00000000
     0.00000000
     0.00000000
     0.00000000
     0.00000000
     0.00000000
     0.00000000
     0.00000000
     0.00000000
     0.00000000
     0.00000000
     0.00000000
     0.00000000
     0.00000000
     0.00000000
     0.00000000
     0.00000000
     0.00000000
     0.00000000
     0.00210888
     0.00430342
     0.00338842
     0.00263359
     0.00193848
     0.00124170
     0.00054328
     0.00122142
     0.00223304
     0.00324120
     0.00424587
     0.00524704
     0.00565085
     0.00483061
     0.00400802
     0.00318276
     0.00235546
     0.00152580
     0.00069381
     0.00053308
     0.00190831
     0.00299177
     0.00330115
     0.00361086
     0.00392087
     0.00423121
     0.00474861
     0.00529336
     0.00545299
     0.00508501
     0.00471749
     0.00435039
     0.00398373
     0.00361752
     0.00325175
     0.00292710
     0.00274263
     0.00168729
     0.00073959
     0.00015714
     0.00067741
     0.00088371
     0.00108985
     0.00129587
     0.00150174
     0.00170747
     0.00191305
     0.00211850
     0.00232380
     0.00252896
     0.00216533
     0.00216265
     0.00220643
     0.00234374
     0.00248099
     0.00242335
     0.00225177
     0.00207986
     0.00153049
     0.00098010
     0.00042867
     0.00012378
     0.00067726
     0.00123177
     0.00252180
     0.00406994
     0.00569358
     0.00760161
     0.00981003
     0.01266026
     0.01553576
     0.01843652
     0.02136245
     0.02431350
     0.24284956
     0.00000000
     0.00000000
     0.00000000
     0.00000000
     0.00000000
     0.00000000
     0.00000000
     0.00000000
     0.00000000
     0.00000000
     0.00000000
     0.00000000
     0.00000000
     0.00000000
     0.00000000
     0.00000000
     0.00000000
     0.00000000
     0.00000000
     0.00000000
     0.00000000
     0.00000000
     0.00000000
     0.00000000
     0.00000000
     0.00209357
     0.00469617
     0.00373266
     0.00277702
     0.00195293
     0.00125567
     0.00067123
     0.00168551
     0.00269630
     0.00370361
     0.00470744
     0.00570778
     0.00514084
     0.00431852
     0.00349384
     0.00266649
     0.00183710
     0.00100536
     0.00011138
     0.00126190
     0.00241975
     0.00272879
     0.00303812
     0.00334779
     0.00365776
     0.00402453
     0.00456838
     0.00511319
     0.00502257
     0.00465484
     0.00428757
     0.00392072
     0.00355431
     0.00318836
     0.00282283
     0.00252281
     0.00234004
     0.00098556
     0.00010469
     0.00061242
     0.00081920
     0.00102555
     0.00123175
     0.00143782
     0.00164374
     0.00184953
     0.00205516
     0.00226067
     0.00246602
     0.00263884
     0.00235506
     0.00239525
     0.00243545
     0.00254703
     0.00246130
     0.00197881
     0.00158521
     0.00139397
     0.00084290
     0.00029081
     0.00026231
     0.00081645
     0.00137163
     0.00192783
     0.00286271
     0.00441373
     0.00602018
     0.00793157
     0.00987650
     0.01272929
     0.01560735
     0.01851065
     0.02143912
     0.02439270
     0.24315132
     0.00000000
     0.00000000
     0.00000000
     0.00000000
     0.00000000
     0.00000000
     0.00000000
     0.00000000
     0.00000000
     0.00000000
     0.00000000
     0.00000000
     0.00000000
     0.00000000
     0.00000000
     0.00000000
     0.00000000
     0.00000000
     0.00000000
     0.00000000
     0.00000000
     0.00000000
     0.00000000
     0.00000000
     0.00000000
     0.00216973
     0.00508881
     0.00412589
     0.00315942
     0.00218996
     0.00126949
     0.00113596
     0.00214939
     0.00315935
     0.00416582
     0.00516881
     0.00545107
     0.00462898
     0.00380456
     0.00297780
     0.00214837
     0.00131689
     0.00048305
     0.00061609
     0.00184815
     0.00215682
     0.00246581
     0.00277510
     0.00308472
     0.00339465
     0.00384424
     0.00438816
     0.00493305
     0.00459229
     0.00422481
     0.00385779
     0.00349120
     0.00312504
     0.00275934
     0.00239406
     0.00211863
     0.00170357
     0.00035009
     0.00052962
     0.00075414
     0.00096096
     0.00116736
     0.00137362
     0.00157974
     0.00178572
     0.00199156
     0.00219726
     0.00240281
     0.00260822
     0.00265139
     0.00258767
     0.00262786
     0.00266804
     0.00249913
     0.00201633
     0.00153276
     0.00104839
     0.00070527
     0.00015251
     0.00040127
     0.00095609
     0.00151193
     0.00206879
     0.00262668
     0.00320467
     0.00475854
     0.00634775
     0.00826250
     0.01018894
     0.01279858
     0.01567919
     0.01858503
     0.02151604
     0.02447215
     0.24345334
     0.00000000
     0.00000000
     0.00000000
     0.00000000
     0.00000000
     0.00000000
     0.00000000
     0.00000000
     0.00000000
     0.00000000
     0.00000000
     0.00000000
     0.00000000
     0.00000000
     0.00000000
     0.00000000
     0.00000000
     0.00000000
     0.00000000
     0.00000000
     0.00000000
     0.00000000
     0.00000000
     0.00000000
     0.00000000
     0.00234166
     0.00548134
     0.00451900
     0.00355312
     0.00258422
     0.00161213
     0.00163671
     0.00261308
     0.00362219
     0.00462782
     0.00562997
     0.00493942
     0.00411526
     0.00328875
     0.00245960
     0.00162838
     0.00079480
     0.00003941
     0.00122425
     0.00158527
     0.00189390
     0.00220283
     0.00251209
     0.00282166
     0.00313155
     0.00366395
     0.00420795
     0.00452981
     0.00416215
     0.00379494
     0.00342816
     0.00306181
     0.00269592
     0.00233046
     0.00196543
     0.00171458
     0.00094689
     0.00028481
     0.00076561
     0.00089582
     0.00110270
     0.00130915
     0.00151547
     0.00172164
     0.00192767
     0.00213357
     0.00233932
     0.00254493
     0.00275039
     0.00278009
     0.00282028
     0.00286046
     0.00262128
     0.00205375
     0.00156987
     0.00108519
     0.00059973
     0.00001379
     0.00054067
     0.00109615
     0.00165266
     0.00221018
     0.00276874
     0.00332833
     0.00388894
     0.00510440
     0.00667629
     0.00859440
     0.01052419
     0.01286813
     0.01575130
     0.01865968
     0.02159323
     0.02455187
     0.24375561
     0.00000000
     0.00000000
     0.00000000
     0.00000000
     0.00000000
     0.00000000
     0.00000000
     0.00000000
     0.00000000
     0.00000000
     0.00000000
     0.00000000
     0.00000000
     0.00000000
     0.00000000
     0.00000000
     0.00000000
     0.00000000
     0.00000000
     0.00000000
     0.00000000
     0.00000000
     0.00000000
     0.00000000
     0.00000000
     0.00251348
     0.00587377
     0.00491200
     0.00394670
     0.00297838
     0.00200686
     0.00235157
     0.00319075
     0.00408660
     0.00508962
     0.00524983
     0.00442593
     0.00359967
     0.00277107
     0.00199149
     0.00122249
     0.00045147
     0.00045432
     0.00091190
     0.00132240
     0.00163098
     0.00193988
     0.00224909
     0.00255862
     0.00294057
     0.00348367
     0.00402773
     0.00409958
     0.00373217
     0.00336520
     0.00299868
     0.00263259
     0.00226693
     0.00190173
     0.00153696
     0.00131062
     0.00019117
     0.00078545
     0.00091150
     0.00103749
     0.00124441
     0.00145092
     0.00165729
     0.00186352
     0.00206961
     0.00227556
     0.00248136
     0.00268702
     0.00289254
     0.00301269
     0.00305288
     0.00278556
     0.00220506
     0.00162340
     0.00112188
     0.00063612
     0.00014956
     0.00053657
     0.00123665
     0.00179382
     0.00235202
     0.00291125
     0.00347149
     0.00403277
     0.00459507
     0.00545130
     0.00701876
     0.00892726
     0.01086041
     0.01293795
     0.01582366
     0.01873459
     0.02167067
     0.02463184
     0.24405814
     0.00000000
     0.00000000
     0.00000000
     0.00000000
     0.00000000
     0.00000000
     0.00000000
     0.00000000
     0.00000000
     0.00000000
     0.00000000
     0.00000000
     0.00000000
     0.00000000
     0.00000000
     0.00000000
     0.00000000
     0.00000000
     0.00000000
     0.00000000
     0.00000000
     0.00000000
     0.00000000
     0.00000000
     0.00000000
     0.00268521
     0.00626610
     0.00530491
     0.00434018
     0.00337244
     0.00240150
     0.00306559
     0.00390336
     0.00473873
     0.00559689
     0.00477387
     0.00401158
     0.00324729
     0.00248100
     0.00171242
     0.00094211
     0.00016980
     0.00014707
     0.00059959
     0.00105278
     0.00136808
     0.00167693
     0.00198610
     0.00229558
     0.00276023
     0.00330341
     0.00384753
     0.00366949
     0.00330233
     0.00293561
     0.00256934
     0.00220350
     0.00183810
     0.00147315
     0.00110863
     0.00090679
     0.00056362
     0.00093123
     0.00105738
     0.00118328
     0.00138611
     0.00159267
     0.00179909
     0.00200538
     0.00221152
     0.00241751
     0.00262338
     0.00282910
     0.00309064
     0.00324528
     0.00294984
     0.00236922
     0.00178745
     0.00120455
     0.00067239
     0.00018554
     0.00030213
     0.00100880
     0.00193542
     0.00249428
     0.00305417
     0.00361509
     0.00417704
     0.00474000
     0.00530400
     0.00586902
     0.00736955
     0.00926109
     0.01119759
     0.01314576
     0.01589628
     0.01880975
     0.02174837
     0.02471207
     0.24436092
     0.00000000
     0.00000000
     0.00000000
     0.00000000
     0.00000000
     0.00000000
     0.00000000
     0.00000000
     0.00000000
     0.00000000
     0.00000000
     0.00000000
     0.00000000
     0.00000000
     0.00000000
     0.00000000
     0.00000000
     0.00000000
     0.00000000
     0.00000000
     0.00000000
     0.00000000
     0.00000000
     0.00000000
     0.00000000
     0.00282331
     0.00663839
     0.00569147
     0.00473355
     0.00376639
     0.00294002
     0.00377878
     0.00461513
     0.00544910
     0.00539570
     0.00455082
     0.00373555
     0.00296996
     0.00220238
     0.00143250
     0.00066089
     0.00057566
     0.00016506
     0.00028730
     0.00074036
     0.00110518
     0.00141398
     0.00172311
     0.00203763
     0.00257991
     0.00312314
     0.00360689
     0.00323955
     0.00287264
     0.00250618
     0.00214015
     0.00177456
     0.00140942
     0.00104471
     0.00068249
     0.00022473
     0.00095077
     0.00107700
     0.00120325
     0.00132912
     0.00152778
     0.00173439
     0.00194087
     0.00214720
     0.00235341
     0.00255946
     0.00276537
     0.00297114
     0.00343769
     0.00311410
     0.00253336
     0.00195149
     0.00136846
     0.00078430
     0.00022139
     0.00026656
     0.00075531
     0.00148264
     0.00248121
     0.00319754
     0.00375913
     0.00432174
     0.00488536
     0.00545003
     0.00601572
     0.00658242
     0.00772139
     0.00959589
     0.01153574
     0.01348726
     0.01596916
     0.01888518
     0.02182632
     0.02479255
     0.24466395
     0.00000000
     0.00000000
     0.00000000
     0.00000000
     0.00000000
     0.00000000
     0.00000000
     0.00000000
     0.00000000
     0.00000000
     0.00000000
     0.00000000
     0.00000000
     0.00000000
     0.00000000
     0.00000000
     0.00000000
     0.00000000
     0.00000000
     0.00000000
     0.00000000
     0.00000000
     0.00000000
     0.00000000
     0.00000000
     0.00285872
     0.00689394
     0.00594713
     0.00499689
     0.00404371
     0.00359265
     0.00443838
     0.00528168
     0.00602181
     0.00521087
     0.00436481
     0.00351628
     0.00269180
     0.00192292
     0.00115173
     0.00100955
     0.00092873
     0.00047718
     0.00002494
     0.00042797
     0.00084229
     0.00115105
     0.00146014
     0.00185724
     0.00239958
     0.00294289
     0.00317684
     0.00280976
     0.00244310
     0.00207688
     0.00171111
     0.00134577
     0.00098088
     0.00061643
     0.00028231
     0.00044296
     0.00109648
     0.00122274
     0.00134910
     0.00147492
     0.00166942
     0.00187609
     0.00208262
     0.00228902
     0.00249527
     0.00270137
     0.00290734
     0.00311317
     0.00327834
     0.00269750
     0.00211551
     0.00153238
     0.00094810
     0.00036268
     0.00022389
     0.00072017
     0.00121001
     0.00195807
     0.00295892
     0.00390359
     0.00446687
     0.00503117
     0.00559649
     0.00616284
     0.00673022
     0.00729862
     0.00807426
     0.00993165
     0.01187486
     0.01382972
     0.01604231
     0.01896086
     0.02190454
     0.02487330
     0.24496724
     0.00000000
     0.00000000
     0.00000000
     0.00000000
     0.00000000
     0.00000000
     0.00000000
     0.00000000
     0.00000000
     0.00000000
     0.00000000
     0.00000000
     0.00000000
     0.00000000
     0.00000000
     0.00000000
     0.00000000
     0.00000000
     0.00000000
     0.00000000
     0.00000000
     0.00000000
     0.00000000
     0.00000000
     0.00000000
     0.00289413
     0.00714949
     0.00620279
     0.00525267
     0.00429961
     0.00422367
     0.00506821
     0.00591032
     0.00578569
     0.00500472
     0.00417823
     0.00332852
     0.00247635
     0.00164260
     0.00144327
     0.00147809
     0.00124067
     0.00078926
     0.00033716
     0.00011561
     0.00056907
     0.00088813
     0.00119717
     0.00167685
     0.00221926
     0.00276265
     0.00274694
     0.00238011
     0.00201370
     0.00164773
     0.00128222
     0.00091713
     0.00055248
     0.00018828
     0.00011775
     0.00074540
     0.00124217
     0.00136846
     0.00149491
     0.00162071
     0.00181104
     0.00201776
     0.00222435
     0.00243079
     0.00263710
     0.00284327
     0.00304928
     0.00303711
     0.00286163
     0.00227953
     0.00169628
     0.00111189
     0.00052636
     0.00006031
     0.00064814
     0.00117528
     0.00166622
     0.00243509
     0.00343823
     0.00444464
     0.00517739
     0.00574339
     0.00631040
     0.00687844
     0.00744751
     0.00801759
     0.00858870
     0.01026837
     0.01221493
     0.01417314
     0.01614299
     0.01903680
     0.02198303
     0.02495430
     0.24527078
     0.00000000
     0.00000000
     0.00000000
     0.00000000
     0.00000000
     0.00000000
     0.00000000
     0.00000000
     0.00000000
     0.00000000
     0.00000000
     0.00000000
     0.00000000
     0.00000000
     0.00000000
     0.00000000
     0.00000000
     0.00000000
     0.00000000
     0.00000000
     0.00000000
     0.00000000
     0.00000000
     0.00000000
     0.00000000
     0.00292954
     0.00740502
     0.00645845
     0.00550844
     0.00455550
     0.00485410
     0.00569747
     0.00632894
     0.00554884
     0.00476664
     0.00398234
     0.00314019
     0.00228684
     0.00188187
     0.00191031
     0.00202737
     0.00155258
     0.00110131
     0.00064935
     0.00019672
     0.00025660
     0.00062521
     0.00095496
     0.00149647
     0.00203896
     0.00258241
     0.00231719
     0.00195060
     0.00158445
     0.00121873
     0.00085347
     0.00048863
     0.00012424
     0.00023971
     0.00030431
     0.00104781
     0.00138783
     0.00151416
     0.00164072
     0.00176647
     0.00195263
     0.00215941
     0.00236605
     0.00257255
     0.00277891
     0.00298513
     0.00265777
     0.00272955
     0.00244352
     0.00186017
     0.00127567
     0.00069002
     0.00010324
     0.00048470
     0.00107378
     0.00163191
     0.00212393
     0.00291372
     0.00391914
     0.00492783
     0.00589072
     0.00645840
     0.00702710
     0.00759683
     0.00816758
     0.00873936
     0.00931216
     0.01060607
     0.01255597
     0.01451753
     0.01649071
     0.01911300
     0.02206176
     0.02503557
     0.24557458
     0.00000000
     0.00000000
     0.00000000
     0.00000000
     0.00000000
     0.00000000
     0.00000000
     0.00000000
     0.00000000
     0.00000000
     0.00000000
     0.00000000
     0.00000000
     0.00000000
     0.00000000
     0.00000000
     0.00000000
     0.00000000
     0.00000000
     0.00000000
     0.00000000
     0.00000000
     0.00000000
     0.00000000
     0.00000000
     0.00296493
     0.00766055
     0.00671410
     0.00576421
     0.00481138
     0.00548397
     0.00632613
     0.00609260
     0.00531127
     0.00452783
     0.00374230
     0.00295129
     0.00249720
     0.00234513
     0.00244232
     0.00241996
     0.00186446
     0.00141333
     0.00096151
     0.00050901
     0.00005584
     0.00036231
     0.00077451
     0.00131611
     0.00185866
     0.00225437
     0.00188758
     0.00152124
     0.00115535
     0.00078988
     0.00042486
     0.00006029
     0.00030386
     0.00062690
     0.00040407
     0.00118012
     0.00153347
     0.00165983
     0.00178620
     0.00191221
     0.00209421
     0.00230104
     0.00250774
     0.00271429
     0.00292070
     0.00248841
     0.00234914
     0.00242106
     0.00202404
     0.00143943
     0.00085368
     0.00026677
     0.00032127
     0.00091046
     0.00150079
     0.00209004
     0.00258316
     0.00339392
     0.00440164
     0.00541261
     0.00642687
     0.00717620
     0.00774659
     0.00831801
     0.00889044
     0.00946392
     0.01006450
     0.01094473
     0.01289798
     0.01486288
     0.01683940
     0.01918946
     0.02214076
     0.02511709
     0.24587863
     0.00000000
     0.00000000
     0.00000000
     0.00000000
     0.00000000
     0.00000000
     0.00000000
     0.00000000
     0.00000000
     0.00000000
     0.00000000
     0.00000000
     0.00000000
     0.00000000
     0.00000000
     0.00000000
     0.00000000
     0.00000000
     0.00000000
     0.00000000
     0.00000000
     0.00000000
     0.00000000
     0.00000000
     0.00000000
     0.00300033
     0.00791607
     0.00696973
     0.00601996
     0.00526981
     0.00611325
     0.00663598
     0.00585553
     0.00507297
     0.00428831
     0.00350154
     0.00308513
     0.00296014
     0.00285742
     0.00299102
     0.00271540
     0.00217631
     0.00172531
     0.00127364
     0.00082128
     0.00036824
     0.00008549
     0.00059408
     0.00113575
     0.00167837
     0.00182465
     0.00145812
     0.00109203
     0.00072638
     0.00036118
     0.00000359
     0.00036793
     0.00073181
     0.00067462
     0.00070211
     0.00130746
     0.00167909
     0.00180549
     0.00193191
     0.00205793
     0.00223576
     0.00244264
     0.00264940
     0.00285600
     0.00238553
     0.00196751
     0.00203958
     0.00211162
     0.00160319
     0.00101732
     0.00043031
     0.00015785
     0.00074716
     0.00133760
     0.00192919
     0.00252192
     0.00304389
     0.00387574
     0.00488573
     0.00589899
     0.00691552
     0.00789678
     0.00846887
     0.00904197
     0.00961610
     0.01019125
     0.01083987
     0.01158339
     0.01324096
     0.01520919
     0.01718905
     0.01926618
     0.02222001
     0.02519887
     0.24618293
     0.00000000
     0.00000000
     0.00000000
     0.00000000
     0.00000000
     0.00000000
     0.00000000
     0.00000000
     0.00000000
     0.00000000
     0.00000000
     0.00000000
     0.00000000
     0.00000000
     0.00000000
     0.00000000
     0.00000000
     0.00000000
     0.00000000
     0.00000000
     0.00000000
     0.00000000
     0.00000000
     0.00000000
     0.00000000
     0.00303572
     0.00817158
     0.00722536
     0.00627570
     0.00589970
     0.00674195
     0.00639943
     0.00561774
     0.00483395
     0.00404806
     0.00357934
     0.00353669
     0.00343324
     0.00340591
     0.00353936
     0.00301081
     0.00248812
     0.00203727
     0.00158573
     0.00113351
     0.00068060
     0.00017459
     0.00041366
     0.00095539
     0.00149809
     0.00139509
     0.00102881
     0.00066297
     0.00029758
     0.00006738
     0.00043190
     0.00079598
     0.00094476
     0.00072224
     0.00084324
     0.00143469
     0.00182469
     0.00195113
     0.00207758
     0.00220363
     0.00237728
     0.00258422
     0.00279102
     0.00228230
     0.00165459
     0.00165687
     0.00172906
     0.00176693
     0.00118095
     0.00059383
     0.00000556
     0.00058386
     0.00117441
     0.00176612
     0.00235896
     0.00295295
     0.00350613
     0.00435914
     0.00537141
     0.00638695
     0.00740481
     0.00840674
     0.00919392
     0.00976871
     0.01034452
     0.01092136
     0.01161831
     0.01236409
     0.01358488
     0.01555646
     0.01753967
     0.01953447
     0.02229952
     0.02528090
     0.24648749
     0.00000000
     0.00000000
     0.00000000
     0.00000000
     0.00000000
     0.00000000
     0.00000000
     0.00000000
     0.00000000
     0.00000000
     0.00000000
     0.00000000
     0.00000000
     0.00000000
     0.00000000
     0.00000000
     0.00000000
     0.00000000
     0.00000000
     0.00000000
     0.00000000
     0.00000000
     0.00000000
     0.00000000
     0.00000000
     0.00307110
     0.00842709
     0.00748099
     0.00653145
     0.00652900
     0.00694296
     0.00616215
     0.00537922
     0.00459420
     0.00407329
     0.00403069
     0.00398808
     0.00397812
     0.00395403
     0.00396144
     0.00330620
     0.00279991
     0.00234919
     0.00189780
     0.00144571
     0.00099295
     0.00039217
     0.00023325
     0.00077504
     0.00131782
     0.00096567
     0.00059964
     0.00023406
     0.00013109
     0.00049580
     0.00086006
     0.00121490
     0.00099242
     0.00076977
     0.00097870
     0.00156188
     0.00197027
     0.00209674
     0.00222324
     0.00234931
     0.00251878
     0.00272578
     0.00217872
     0.00155031
     0.00127294
     0.00134528
     0.00141761
     0.00134456
     0.00075733
     0.00016895
     0.00042057
     0.00101124
     0.00160306
     0.00219601
     0.00279011
     0.00338535
     0.00396989
     0.00484414
     0.00585869
     0.00686061
     0.00786152
     0.00886558
     0.00985045
     0.01049643
     0.01107574
     0.01165426
     0.01239978
     0.01314785
     0.01392978
     0.01590470
     0.01789124
     0.01988936
     0.02237929
     0.02536319
     0.24679230
     0.00000000
     0.00000000
     0.00000000
     0.00000000
     0.00000000
     0.00000000
     0.00000000
     0.00000000
     0.00000000
     0.00000000
     0.00000000
     0.00000000
     0.00000000
     0.00000000
     0.00000000
     0.00000000
     0.00000000
     0.00000000
     0.00000000
     0.00000000
     0.00000000
     0.00000000
     0.00000000
     0.00000000
     0.00000000
     0.00310649
     0.00868288
     0.00773660
     0.00678718
     0.00715774
     0.00670619
     0.00592414
     0.00513999
     0.00456699
     0.00452442
     0.00448185
     0.00446482
     0.00452264
     0.00450177
     0.00425664
     0.00360156
     0.00311166
     0.00266109
     0.00220982
     0.00175789
     0.00125781
     0.00060974
     0.00003973
     0.00059471
     0.00090260
     0.00053640
     0.00017062
     0.00019472
     0.00055961
     0.00092406
     0.00128808
     0.00126257
     0.00103996
     0.00069433
     0.00111414
     0.00168905
     0.00211583
     0.00224233
     0.00236886
     0.00249496
     0.00266026
     0.00207479
     0.00144570
     0.00088780
     0.00096028
     0.00103275
     0.00110520
     0.00092082
     0.00033233
     0.00025730
     0.00084808
     0.00144001
     0.00203308
     0.00262729
     0.00322264
     0.00381915
     0.00441678
     0.00532000
     0.00631674
     0.00731663
     0.00831967
     0.00932584
     0.01033516
     0.01114703
     0.01179600
     0.01243567
     0.01318433
     0.01393466
     0.01468669
     0.01625390
     0.01824377
     0.02024521
     0.02245931
     0.02544574
     0.24709736
     0.00000000
     0.00000000
     0.00000000
     0.00000000
     0.00000000
     0.00000000
     0.00000000
     0.00000000
     0.00000000
     0.00000000
     0.00000000
     0.00000000
     0.00000000
     0.00000000
     0.00000000
     0.00000000
     0.00000000
     0.00000000
     0.00000000
     0.00000000
     0.00000000
     0.00000000
     0.00000000
     0.00000000
     0.00000000
     0.00314186
     0.00893835
     0.00799221
     0.00704291
     0.00724986
     0.00646869
     0.00568541
     0.00506043
     0.00501789
     0.00497536
     0.00493283
     0.00499239
     0.00506679
     0.00504916
     0.00455182
     0.00389691
     0.00342339
     0.00297294
     0.00252183
     0.00207003
     0.00147538
     0.00082731
     0.00017783
     0.00041438
     0.00047323
     0.00010727
     0.00025825
     0.00062334
     0.00098798
     0.00135218
     0.00153273
     0.00131015
     0.00108741
     0.00068330
     0.00124955
     0.00181618
     0.00226136
     0.00238790
     0.00251447
     0.00264059
     0.00197051
     0.00134073
     0.00070964
     0.00057407
     0.00064668
     0.00071927
     0.00079184
     0.00049570
     0.00009405
     0.00068494
     0.00127698
     0.00187016
     0.00246447
     0.00305994
     0.00365656
     0.00425430
     0.00485319
     0.00577321
     0.00677209
     0.00777410
     0.00877926
     0.00978755
     0.01079898
     0.01179996
     0.01245066
     0.01319444
     0.01397192
     0.01472452
     0.01547881
     0.01660405
     0.01859725
     0.02060203
     0.02261835
     0.02552855
     0.24740268
     0.00000000
     0.00000000
     0.00000000
     0.00000000
     0.00000000
     0.00000000
     0.00000000
     0.00000000
     0.00000000
     0.00000000
     0.00000000
     0.00000000
     0.00000000
     0.00000000
     0.00000000
     0.00000000
     0.00000000
     0.00000000
     0.00000000
     0.00000000
     0.00000000
     0.00000000
     0.00000000
     0.00000000
     0.00000000
     0.00317723
     0.00919382
     0.00824781
     0.00757351
     0.00701287
     0.00623047
     0.00555360
     0.00551112
     0.00546863
     0.00542613
     0.00538825
     0.00551963
     0.00561059
     0.00550055
     0.00484697
     0.00419224
     0.00373508
     0.00328478
     0.00283380
     0.00233963
     0.00169295
     0.00104486
     0.00039539
     0.00023406
     0.00004400
     0.00032171
     0.00068698
     0.00105181
     0.00141620
     0.00178016
     0.00158032
     0.00135762
     0.00101841
     0.00081853
     0.00138493
     0.00195028
     0.00240688
     0.00253345
     0.00262670
     0.00191639
     0.00123543
     0.00060365
     0.00018664
     0.00025939
     0.00033212
     0.00040484
     0.00047755
     0.00006920
     0.00052180
     0.00111395
     0.00170724
     0.00230167
     0.00289725
     0.00349398
     0.00409183
     0.00469084
     0.00529099
     0.00622786
     0.00722886
     0.00823300
     0.00924028
     0.01025069
     0.01126424
     0.01228093
     0.01310763
     0.01389763
     0.01472346
     0.01551743
     0.01627399
     0.01703223
     0.01895170
     0.02095979
     0.02297944
     0.02561160
     0.24770825
     0.00000000
     0.00000000
     0.00000000
     0.00000000
     0.00000000
     0.00000000
     0.00000000
     0.00000000
     0.00000000
     0.00000000
     0.00000000
     0.00000000
     0.00000000
     0.00000000
     0.00000000
     0.00000000
     0.00000000
     0.00000000
     0.00000000
     0.00000000
     0.00000000
     0.00000000
     0.00000000
     0.00000000
     0.00000000
     0.00321260
     0.00944927
     0.00850341
     0.00755670
     0.00677516
     0.00604653
     0.00600408
     0.00596163
     0.00591918
     0.00587670
     0.00591530
     0.00604653
     0.00615403
     0.00579552
     0.00514211
     0.00449621
     0.00404674
     0.00359657
     0.00314573
     0.00255721
     0.00191051
     0.00126243
     0.00061295
     0.00004038
     0.00038509
     0.00075054
     0.00111556
     0.00148014
     0.00184428
     0.00185049
     0.00162783
     0.00140500
     0.00092977
     0.00095372
     0.00152029
     0.00208580
     0.00255238
     0.00260769
     0.00189725
     0.00118469
     0.00049730
     0.00013647
     0.00012911
     0.00005623
     0.00001663
     0.00008947
     0.00016231
     0.00035868
     0.00095094
     0.00154434
     0.00213888
     0.00273457
     0.00333141
     0.00392938
     0.00452850
     0.00512876
     0.00573016
     0.00668395
     0.00768707
     0.00869333
     0.00970273
     0.01071526
     0.01173093
     0.01274974
     0.01377729
     0.01460338
     0.01543148
     0.01626162
     0.01707221
     0.01783271
     0.01930710
     0.02131852
     0.02334148
     0.02569493
     0.24801407
     0.00000000
     0.00000000
     0.00000000
     0.00000000
     0.00000000
     0.00000000
     0.00000000
     0.00000000
     0.00000000
     0.00000000
     0.00000000
     0.00000000
     0.00000000
     0.00000000
     0.00000000
     0.00000000
     0.00000000
     0.00000000
     0.00000000
     0.00000000
     0.00000000
     0.00000000
     0.00000000
     0.00000000
     0.00000000
     0.00324797
     0.00970473
     0.00875898
     0.00740554
     0.00653919
     0.00649679
     0.00645437
     0.00641196
     0.00636953
     0.00632710
     0.00644203
     0.00657313
     0.00669711
     0.00609047
     0.00543722
     0.00480770
     0.00435837
     0.00390834
     0.00342008
     0.00277478
     0.00212807
     0.00147999
     0.00083050
     0.00051939
     0.00081402
     0.00117922
     0.00154399
     0.00190833
     0.00212064
     0.00189801
     0.00167522
     0.00134243
     0.00084081
     0.00108889
     0.00165562
     0.00222128
     0.00258858
     0.00187747
     0.00116478
     0.00044997
     0.00024385
     0.00051882
     0.00044581
     0.00037281
     0.00029981
     0.00022684
     0.00019558
     0.00078794
     0.00138145
     0.00197612
     0.00257192
     0.00316886
     0.00376694
     0.00436617
     0.00496654
     0.00556805
     0.00617070
     0.00714148
     0.00814672
     0.00915510
     0.01016662
     0.01118128
     0.01219907
     0.01321998
     0.01432898
     0.01531168
     0.01614206
     0.01697446
     0.01780889
     0.01863623
     0.01966346
     0.02167820
     0.02372790
     0.02583118
     0.24834519
     0.00000000
     0.00000000
     0.00000000
     0.00000000
     0.00000000
     0.00000000
     0.00000000
     0.00000000
     0.00000000
     0.00000000
     0.00000000
     0.00000000
     0.00000000
     0.00000000
     0.00000000
     0.00000000
     0.00000000
     0.00000000
     0.00000000
     0.00000000
     0.00000000
     0.00000000
     0.00000000
     0.00000000
     0.00000000
     0.00328333
     0.00996017
     0.00881334
     0.00742936
     0.00698923
     0.00694686
     0.00690449
     0.00686209
     0.00681970
     0.00683740
     0.00696842
     0.00709939
     0.00716480
     0.00638539
     0.00573231
     0.00511916
     0.00466997
     0.00422008
     0.00363765
     0.00299234
     0.00234564
     0.00169754
     0.00104805
     0.00099818
     0.00124280
     0.00160776
     0.00197228
     0.00233636
     0.00216819
     0.00194544
     0.00172252
     0.00125366
     0.00075154
     0.00122403
     0.00179092
     0.00220072
     0.00185759
     0.00114424
     0.00042933
     0.00028775
     0.00090974
     0.00083659
     0.00076344
     0.00069032
     0.00061719
     0.00054409
     0.00062495
     0.00121858
     0.00181335
     0.00240926
     0.00300631
     0.00360451
     0.00420385
     0.00480433
     0.00540595
     0.00600872
     0.00661262
     0.00760044
     0.00860780
     0.00961831
     0.01063195
     0.01164872
     0.01266862
     0.01374176
     0.01487845
     0.01601897
     0.01685519
     0.01768986
     0.01852657
     0.01936529
     0.02023547
     0.02211858
     0.02417984
     0.02625295
     0.24857031
     0.00000000
     0.00000000
     0.00000000
     0.00000000
     0.00000000
     0.00000000
     0.00000000
     0.00000000
     0.00000000
     0.00000000
     0.00000000
     0.00000000
     0.00000000
     0.00000000
     0.00000000
     0.00000000
     0.00000000
     0.00000000
     0.00000000
     0.00000000
     0.00000000
     0.00000000
     0.00000000
     0.00000000
     0.00000000
     0.00331868
     0.01021560
     0.00883797
     0.00799607
     0.00743909
     0.00739675
     0.00735440
     0.00731205
     0.00726970
     0.00736362
     0.00749450
     0.00762533
     0.00743973
     0.00667999
     0.00602738
     0.00543060
     0.00498153
     0.00449915
     0.00385522
     0.00320990
     0.00256319
     0.00191509
     0.00126560
     0.00147674
     0.00169617
     0.00203616
     0.00240042
     0.00243836
     0.00221565
     0.00199275
     0.00166639
     0.00116459
     0.00079105
     0.00135916
     0.00172953
     0.00142552
     0.00112359
     0.00040800
     0.00030914
     0.00102847
     0.00122859
     0.00115531
     0.00108203
     0.00100878
     0.00093553
     0.00086230
     0.00105572
     0.00165059
     0.00224662
     0.00284379
     0.00344209
     0.00404154
     0.00464214
     0.00524386
     0.00584674
     0.00645077
     0.00705592
     0.00806084
     0.00907032
     0.01008295
     0.01109870
     0.01211760
     0.01315495
     0.01429041
     0.01542969
     0.01657280
     0.01757086
     0.01840781
     0.01924679
     0.02008777
     0.02098962
     0.02256792
     0.02463304
     0.02670999
     0.24878988
     0.00000000
     0.00000000
     0.00000000
     0.00000000
     0.00000000
     0.00000000
     0.00000000
     0.00000000
     0.00000000
     0.00000000
     0.00000000
     0.00000000
     0.00000000
     0.00000000
     0.00000000
     0.00000000
     0.00000000
     0.00000000
     0.00000000
     0.00000000
     0.00000000
     0.00000000
     0.00000000
     0.00000000
     0.00000000
     0.00319760
     0.01024155
     0.00935887
     0.00860476
     0.00788877
     0.00784645
     0.00780414
     0.00776182
     0.00775870
     0.00788951
     0.00802025
     0.00815094
     0.00771465
     0.00697488
     0.00632242
     0.00574199
     0.00529306
     0.00471671
     0.00407278
     0.00342746
     0.00278075
     0.00213264
     0.00173570
     0.00195508
     0.00217432
     0.00246440
     0.00270853
     0.00248583
     0.00226299
     0.00203998
     0.00157750
     0.00107518
     0.00092598
     0.00125676
     0.00093345
     0.00067104
     0.00038659
     0.00033123
     0.00105062
     0.00143015
     0.00154837
     0.00147497
     0.00140156
     0.00132818
     0.00125480
     0.00118144
     0.00148786
     0.00208400
     0.00268127
     0.00327969
     0.00387925
     0.00447995
     0.00508180
     0.00568479
     0.00628891
     0.00689418
     0.00751421
     0.00852268
     0.00953429
     0.01054903
     0.01156691
     0.01258791
     0.01370275
     0.01484080
     0.01598267
     0.01712838
     0.01827791
     0.01912830
     0.01996955
     0.02081280
     0.02174647
     0.02291350
     0.02504192
     0.02690573
     0.24900958
     0.00000000
     0.00000000
     0.00000000
     0.00000000
     0.00000000
     0.00000000
     0.00000000
     0.00000000
     0.00000000
     0.00000000
     0.00000000
     0.00000000
     0.00000000
     0.00000000
     0.00000000
     0.00000000
     0.00000000
     0.00000000
     0.00000000
     0.00000000
     0.00000000
     0.00000000
     0.00000000
     0.00000000
     0.00000000
     0.00294690
     0.01071699
     0.00996601
     0.00921293
     0.00845803
     0.00829597
     0.00825370
     0.00821141
     0.00828440
     0.00841507
     0.00854568
     0.00864063
     0.00798956
     0.00726973
     0.00661745
     0.00605336
     0.00557682
     0.00493428
     0.00429034
     0.00364502
     0.00299829
     0.00235018
     0.00221400
     0.00243320
     0.00265226
     0.00289250
     0.00275601
     0.00253321
     0.00231023
     0.00199031
     0.00148830
     0.00098547
     0.00078241
     0.00045836
     0.00015570
     0.00008658
     0.00035341
     0.00107347
     0.00159577
     0.00173936
     0.00186910
     0.00179557
     0.00172204
     0.00164852
     0.00157502
     0.00150154
     0.00192137
     0.00251876
     0.00311729
     0.00371697
     0.00431778
     0.00491974
     0.00552283
     0.00612707
     0.00673246
     0.00733897
     0.00797537
     0.00898595
     0.00999968
     0.01101654
     0.01203653
     0.01311551
     0.01425232
     0.01539295
     0.01653742
     0.01768571
     0.01883782
     0.01985135
     0.02069484
     0.02154036
     0.02250602
     0.02336678
     0.02510299
     0.02699776
     0.24927280
     0.00000000
     0.00000000
     0.00000000
     0.00000000
     0.00000000
     0.00000000
     0.00000000
     0.00000000
     0.00000000
     0.00000000
     0.00000000
     0.00000000
     0.00000000
     0.00000000
     0.00000000
     0.00000000
     0.00000000
     0.00000000
     0.00000000
     0.00000000
     0.00000000
     0.00000000
     0.00000000
     0.00000000
     0.00000000
     0.00289982
     0.01111651
     0.01057265
     0.00982057
     0.00906669
     0.00874532
     0.00870307
     0.00867919
     0.00880979
     0.00894032
     0.00907079
     0.00891540
     0.00826445
     0.00756457
     0.00691246
     0.00636468
     0.00579439
     0.00515184
     0.00450790
     0.00386257
     0.00321584
     0.00256773
     0.00269208
     0.00291110
     0.00312997
     0.00302619
     0.00280342
     0.00258048
     0.00235738
     0.00190129
     0.00139878
     0.00053510
     0.00001831
     0.00034344
     0.00060428
     0.00084733
     0.00109641
     0.00176238
     0.00190562
     0.00204948
     0.00219077
     0.00211711
     0.00204346
     0.00196982
     0.00189619
     0.00182257
     0.00235627
     0.00295491
     0.00355470
     0.00415562
     0.00475769
     0.00536090
     0.00596525
     0.00657074
     0.00717736
     0.00778514
     0.00843795
     0.00945067
     0.01046651
     0.01148548
     0.01252867
     0.01366424
     0.01480364
     0.01594686
     0.01709392
     0.01824479
     0.01939948
     0.02055799
     0.02142269
     0.02227046
     0.02315508
     0.02382819
     0.02505824
     0.02709004
     0.24958664
     0.00000000
     0.00000000
     0.00000000
     0.00000000
     0.00000000
     0.00000000
     0.00000000
     0.00000000
     0.00000000
     0.00000000
     0.00000000
     0.00000000
     0.00000000
     0.00000000
     0.00000000
     0.00000000
     0.00000000
     0.00000000
     0.00000000
     0.00000000
     0.00000000
     0.00000000
     0.00000000
     0.00000000
     0.00000000
     0.00302717
     0.01146393
     0.01117875
     0.01042769
     0.00967482
     0.00919446
     0.00915225
     0.00920438
     0.00933484
     0.00946523
     0.00959556
     0.00919015
     0.00853934
     0.00785938
     0.00720743
     0.00665311
     0.00601196
     0.00536941
     0.00472546
     0.00408012
     0.00343339
     0.00295095
     0.00316995
     0.00338877
     0.00350490
     0.00307362
     0.00285071
     0.00262764
     0.00231416
     0.00181197
     0.00090311
     0.00049657
     0.00082244
     0.00112373
     0.00136736
     0.00161118
     0.00185519
     0.00207292
     0.00221639
     0.00236049
     0.00250408
     0.00243960
     0.00236582
     0.00229206
     0.00221830
     0.00219378
     0.00279254
     0.00339244
     0.00399347
     0.00459565
     0.00519897
     0.00580343
     0.00640903
     0.00701578
     0.00762366
     0.00823268
     0.00890197
     0.00991681
     0.01093477
     0.01195586
     0.01307655
     0.01421472
     0.01535672
     0.01650253
     0.01765217
     0.01880563
     0.01996290
     0.02112398
     0.02215306
     0.02294336
     0.02361650
     0.02429087
     0.02501358
     0.02709892
     0.24990075
     0.00000000
     0.00000000
     0.00000000
     0.00000000
     0.00000000
     0.00000000
     0.00000000
     0.00000000
     0.00000000
     0.00000000
     0.00000000
     0.00000000
     0.00000000
     0.00000000
     0.00000000
     0.00000000
     0.00000000
     0.00000000
     0.00000000
     0.00000000
     0.00000000
     0.00000000
     0.00000000
     0.00000000
     0.00000000
     0.00315446
     0.01181130
     0.01152891
     0.01103428
     0.01028243
     0.00964343
     0.00960126
     0.00972925
     0.00985956
     0.00998982
     0.01011414
     0.00946491
     0.00881420
     0.00815417
     0.00750239
     0.00687068
     0.00622952
     0.00558696
     0.00494301
     0.00429767
     0.00365093
     0.00342877
     0.00364758
     0.00386622
     0.00353986
     0.00312094
     0.00289791
     0.00267471
     0.00222502
     0.00127105
     0.00024499
     0.00130301
     0.00162996
     0.00188916
     0.00213356
     0.00237816
     0.00225451
     0.00238434
     0.00252805
     0.00267241
     0.00281625
     0.00276303
     0.00268913
     0.00261523
     0.00254134
     0.00263018
     0.00323019
     0.00383134
     0.00443363
     0.00503707
     0.00564164
     0.00624735
     0.00685420
     0.00746219
     0.00807132
     0.00868159
     0.00936744
     0.01038438
     0.01140446
     0.01248897
     0.01362590
     0.01476696
     0.01591154
     0.01705995
     0.01821217
     0.01936821
     0.02052805
     0.02169171
     0.02282763
     0.02340479
     0.02407920
     0.02475485
     0.02543174
     0.02705535
     0.25021358
     0.00000000
     0.00000000
     0.00000000
     0.00000000
     0.00000000
     0.00000000
     0.00000000
     0.00000000
     0.00000000
     0.00000000
     0.00000000
     0.00000000
     0.00000000
     0.00000000
     0.00000000
     0.00000000
     0.00000000
     0.00000000
     0.00000000
     0.00000000
     0.00000000
     0.00000000
     0.00000000
     0.00000000
     0.00000000
     0.00328169
     0.01215860
     0.01187637
     0.01159363
     0.01088951
     0.01013671
     0.01012356
     0.01025379
     0.01038397
     0.01051409
     0.01038875
     0.00973963
     0.00908906
     0.00844894
     0.00777931
     0.00708825
     0.00644708
     0.00580451
     0.00516056
     0.00451522
     0.00386847
     0.00390638
     0.00412500
     0.00403835
     0.00357471
     0.00316816
     0.00294500
     0.00263795
     0.00163891
     0.00012360
     0.00139920
     0.00211285
     0.00241273
     0.00265771
     0.00290289
     0.00276917
     0.00257060
     0.00269667
     0.00284062
     0.00298524
     0.00312933
     0.00308742
     0.00301337
     0.00293935
     0.00286534
     0.00306795
     0.00366922
     0.00427161
     0.00487516
     0.00547984
     0.00608566
     0.00669263
     0.00730073
     0.00790998
     0.00852036
     0.00913188
     0.00983432
     0.01085310
     0.01190210
     0.01303779
     0.01417731
     0.01532066
     0.01646813
     0.01761911
     0.01877392
     0.01993254
     0.02109496
     0.02220744
     0.02308761
     0.02386752
     0.02454319
     0.02522012
     0.02589828
     0.02701186
     0.25039105
     0.00000000
     0.00000000
     0.00000000
     0.00000000
     0.00000000
     0.00000000
     0.00000000
     0.00000000
     0.00000000
     0.00000000
     0.00000000
     0.00000000
     0.00000000
     0.00000000
     0.00000000
     0.00000000
     0.00000000
     0.00000000
     0.00000000
     0.00000000
     0.00000000
     0.00000000
     0.00000000
     0.00000000
     0.00000000
     0.00340886
     0.01250584
     0.01222375
     0.01194115
     0.01149607
     0.01074428
     0.01064791
     0.01077800
     0.01090804
     0.01103803
     0.01066335
     0.01001435
     0.00936389
     0.00874368
     0.00798073
     0.00730581
     0.00666463
     0.00602207
     0.00537810
     0.00473275
     0.00416517
     0.00438375
     0.00453659
     0.00407337
     0.00360943
     0.00321527
     0.00299199
     0.00200670
     0.00049211
     0.00102995
     0.00255947
     0.00292608
     0.00318363
     0.00342939
     0.00328557
     0.00308654
     0.00288763
     0.00300990
     0.00315409
     0.00329897
     0.00344331
     0.00341273
     0.00333857
     0.00326442
     0.00319027
     0.00350710
     0.00410962
     0.00471327
     0.00531807
     0.00592400
     0.00653107
     0.00713929
     0.00774864
     0.00835914
     0.00897076
     0.00958354
     0.01030265
     0.01132353
     0.01245007
     0.01358835
     0.01473046
     0.01587640
     0.01702615
     0.01818003
     0.01933742
     0.02049862
     0.02158769
     0.02246688
     0.02334821
     0.02429934
     0.02500848
     0.02568667
     0.02636610
     0.02704676
     0.25056861
     0.00000000
     0.00000000
     0.00000000
     0.00000000
     0.00000000
     0.00000000
     0.00000000
     0.00000000
     0.00000000
     0.00000000
     0.00000000
     0.00000000
     0.00000000
     0.00000000
     0.00000000
     0.00000000
     0.00000000
     0.00000000
     0.00000000
     0.00000000
     0.00000000
     0.00000000
     0.00000000
     0.00000000
     0.00000000
     0.00353598
     0.01285330
     0.01257108
     0.01228860
     0.01200600
     0.01140394
     0.01117193
     0.01130190
     0.01143180
     0.01156165
     0.01093793
     0.01028905
     0.00963873
     0.00902524
     0.00818215
     0.00752337
     0.00688219
     0.00623962
     0.00559566
     0.00495029
     0.00464250
     0.00486091
     0.00457177
     0.00410827
     0.00364405
     0.00326229
     0.00237441
     0.00086056
     0.00066077
     0.00218957
     0.00341288
     0.00371132
     0.00395765
     0.00380367
     0.00360417
     0.00340480
     0.00320557
     0.00332402
     0.00346878
     0.00361360
     0.00375820
     0.00373899
     0.00366471
     0.00359043
     0.00351615
     0.00394763
     0.00455139
     0.00515630
     0.00576235
     0.00636953
     0.00697785
     0.00758732
     0.00819792
     0.00880967
     0.00942255
     0.01003656
     0.01077211
     0.01186276
     0.01299980
     0.01414067
     0.01528537
     0.01643390
     0.01758624
     0.01874240
     0.01990267
     0.02096837
     0.02184659
     0.02272696
     0.02363961
     0.02461249
     0.02547505
     0.02615451
     0.02683521
     0.02751713
     0.25074625
     0.00000000
     0.00000000
     0.00000000
     0.00000000
     0.00000000
     0.00000000
     0.00000000
     0.00000000
     0.00000000
     0.00000000
     0.00000000
     0.00000000
     0.00000000
     0.00000000
     0.00000000
     0.00000000
     0.00000000
     0.00000000
     0.00000000
     0.00000000
     0.00000000
     0.00000000
     0.00000000
     0.00000000
     0.00000000
     0.00366303
     0.01320029
     0.01291834
     0.01263630
     0.01235353
     0.01208591
     0.01169564
     0.01182546
     0.01195523
     0.01185979
     0.01121250
     0.01056374
     0.00991354
     0.00921326
     0.00838356
     0.00774093
     0.00709974
     0.00645717
     0.00581319
     0.00516783
     0.00511962
     0.00506991
     0.00460683
     0.00414305
     0.00367854
     0.00268519
     0.00122892
     0.00029167
     0.00181973
     0.00335527
     0.00423182
     0.00448767
     0.00432350
     0.00412354
     0.00392370
     0.00372399
     0.00352441
     0.00363912
     0.00378408
     0.00392914
     0.00407399
     0.00406620
     0.00399178
     0.00391737
     0.00384298
     0.00438952
     0.00499454
     0.00560070
     0.00620800
     0.00681644
     0.00742601
     0.00803673
     0.00864858
     0.00926156
     0.00987570
     0.01049065
     0.01127586
     0.01241166
     0.01355130
     0.01469476
     0.01584205
     0.01699315
     0.01814807
     0.01930681
     0.02034951
     0.02122675
     0.02210614
     0.02298767
     0.02395212
     0.02492642
     0.02590330
     0.02662363
     0.02730559
     0.02798878
     0.25092398
     0.00000000
     0.00000000
     0.00000000
     0.00000000
     0.00000000
     0.00000000
     0.00000000
     0.00000000
     0.00000000
     0.00000000
     0.00000000
     0.00000000
     0.00000000
     0.00000000
     0.00000000
     0.00000000
     0.00000000
     0.00000000
     0.00000000
     0.00000000
     0.00000000
     0.00000000
     0.00000000
     0.00000000
     0.00000000
     0.00379004
     0.01354745
     0.01326556
     0.01298364
     0.01274991
     0.01262581
     0.01221903
     0.01234871
     0.01247834
     0.01213421
     0.01148705
     0.01083843
     0.01014454
     0.00939612
     0.00859828
     0.00795848
     0.00731729
     0.00667470
     0.00603073
     0.00538537
     0.00556779
     0.00510515
     0.00464179
     0.00417771
     0.00311385
     0.00166150
     0.00007736
     0.00144998
     0.00298478
     0.00452703
     0.00501946
     0.00484504
     0.00464462
     0.00444433
     0.00424416
     0.00404411
     0.00384419
     0.00395509
     0.00410029
     0.00424557
     0.00439068
     0.00439435
     0.00431981
     0.00424527
     0.00422766
     0.00483280
     0.00543907
     0.00604647
     0.00665503
     0.00726471
     0.00787554
     0.00848751
     0.00910060
     0.00971484
     0.01033022
     0.01094643
     0.01182392
     0.01296231
     0.01410454
     0.01525059
     0.01640046
     0.01755415
     0.01871165
     0.01973079
     0.02060706
     0.02148576
     0.02236632
     0.02329228
     0.02426540
     0.02524112
     0.02621942
     0.02709404
     0.02777727
     0.02846171
     0.25130728
     0.00000000
     0.00000000
     0.00000000
     0.00000000
     0.00000000
     0.00000000
     0.00000000
     0.00000000
     0.00000000
     0.00000000
     0.00000000
     0.00000000
     0.00000000
     0.00000000
     0.00000000
     0.00000000
     0.00000000
     0.00000000
     0.00000000
     0.00000000
     0.00000000
     0.00000000
     0.00000000
     0.00000000
     0.00000000
     0.00391698
     0.01373658
     0.01361271
     0.01333092
     0.01317981
     0.01305580
     0.01287009
     0.01287163
     0.01300112
     0.01240864
     0.01176159
     0.01111309
     0.01032469
     0.00957897
     0.00881584
     0.00817604
     0.00753484
     0.00689225
     0.00624826
     0.00585519
     0.00560320
     0.00514026
     0.00467662
     0.00357348
     0.00221631
     0.00060684
     0.00106012
     0.00261436
     0.00415589
     0.00554716
     0.00536831
     0.00516742
     0.00496666
     0.00476603
     0.00456552
     0.00436513
     0.00416487
     0.00427195
     0.00441739
     0.00456292
     0.00470828
     0.00472344
     0.00464876
     0.00457411
     0.00467106
     0.00527745
     0.00588497
     0.00649363
     0.00710343
     0.00771436
     0.00832644
     0.00893966
     0.00955400
     0.01016948
     0.01078581
     0.01141355
     0.01237374
     0.01351472
     0.01465954
     0.01580817
     0.01696063
     0.01811690
     0.01911282
     0.01998810
     0.02086554
     0.02174542
     0.02263297
     0.02360493
     0.02457947
     0.02555661
     0.02653632
     0.02751862
     0.02825022
     0.02893592
     0.25200270
     0.00000000
     0.00000000
     0.00000000
     0.00000000
     0.00000000
     0.00000000
     0.00000000
     0.00000000
     0.00000000
     0.00000000
     0.00000000
     0.00000000
     0.00000000
     0.00000000
     0.00000000
     0.00000000
     0.00000000
     0.00000000
     0.00000000
     0.00000000
     0.00000000
     0.00000000
     0.00000000
     0.00000000
     0.00000000
     0.00404387
     0.01386360
     0.01395979
     0.01373371
     0.01360955
     0.01348563
     0.01336166
     0.01339422
     0.01332849
     0.01268304
     0.01203612
     0.01130626
     0.01050482
     0.00976180
     0.00903339
     0.00839358
     0.00775238
     0.00710979
     0.00646580
     0.00610098
     0.00563848
     0.00517526
     0.00403291
     0.00267681
     0.00121184
     0.00045307
     0.00212688
     0.00378482
     0.00533307
     0.00589328
     0.00569194
     0.00549072
     0.00528962
     0.00508865
     0.00488780
     0.00468707
     0.00448648
     0.00458972
     0.00473540
     0.00488116
     0.00502678
     0.00505347
     0.00497867
     0.00490388
     0.00511583
     0.00572347
     0.00633224
     0.00694216
     0.00755320
     0.00816539
     0.00877871
     0.00939317
     0.01000877
     0.01062550
     0.01124307
     0.01195161
     0.01292531
     0.01406889
     0.01521629
     0.01636751
     0.01752255
     0.01849530
     0.01936960
     0.02024605
     0.02112467
     0.02200573
     0.02294498
     0.02391835
     0.02489433
     0.02587288
     0.02685401
     0.02783771
     0.02872445
     0.02941141
     0.25269940
     0.00000000
     0.00000000
     0.00000000
     0.00000000
     0.00000000
     0.00000000
     0.00000000
     0.00000000
     0.00000000
     0.00000000
     0.00000000
     0.00000000
     0.00000000
     0.00000000
     0.00000000
     0.00000000
     0.00000000
     0.00000000
     0.00000000
     0.00000000
     0.00000000
     0.00000000
     0.00000000
     0.00000000
     0.00000000
     0.00417070
     0.01399056
     0.01430682
     0.01416320
     0.01403914
     0.01391532
     0.01379144
     0.01391649
     0.01360276
     0.01295744
     0.01228582
     0.01148648
     0.01068494
     0.00994464
     0.00925094
     0.00861112
     0.00796992
     0.00732733
     0.00668333
     0.00613644
     0.00567366
     0.00449215
     0.00313712
     0.00177606
     0.00015350
     0.00151825
     0.00319890
     0.00488508
     0.00607671
     0.00621818
     0.00601649
     0.00581493
     0.00561349
     0.00541218
     0.00521099
     0.00500993
     0.00480899
     0.00490839
     0.00505431
     0.00520030
     0.00532836
     0.00534377
     0.00530952
     0.00523460
     0.00556198
     0.00617086
     0.00678088
     0.00739205
     0.00800435
     0.00861778
     0.00923235
     0.00984805
     0.01046490
     0.01108258
     0.01170169
     0.01249137
     0.01347864
     0.01462480
     0.01577479
     0.01692859
     0.01787822
     0.01875154
     0.01962701
     0.02050465
     0.02138443
     0.02228526
     0.02325776
     0.02423257
     0.02520995
     0.02618992
     0.02717246
     0.02815759
     0.02914526
     0.02988819
     0.25339738
     0.00000000
     0.00000000
     0.00000000
     0.00000000
     0.00000000
     0.00000000
     0.00000000
     0.00000000
     0.00000000
     0.00000000
     0.00000000
     0.00000000
     0.00000000
     0.00000000
     0.00000000
     0.00000000
     0.00000000
     0.00000000
     0.00000000
     0.00000000
     0.00000000
     0.00000000
     0.00000000
     0.00000000
     0.00000000
     0.00429748
     0.01411746
     0.01471601
     0.01459253
     0.01446857
     0.01434483
     0.01422105
     0.01413535
     0.01387702
     0.01323181
     0.01246615
     0.01166671
     0.01086506
     0.01012747
     0.00946848
     0.00882867
     0.00818745
     0.00754485
     0.00663414
     0.00617177
     0.00495120
     0.00359724
     0.00223725
     0.00075959
     0.00091009
     0.00258868
     0.00426325
     0.00552379
     0.00672922
     0.00654397
     0.00634195
     0.00614005
     0.00593828
     0.00573663
     0.00553511
     0.00533371
     0.00513244
     0.00522797
     0.00536836
     0.00542123
     0.00547394
     0.00549336
     0.00546953
     0.00544570
     0.00594002
     0.00660138
     0.00723091
     0.00784332
     0.00845687
     0.00907154
     0.00968736
     0.01030431
     0.01092240
     0.01154133
     0.01219263
     0.01303285
     0.01403372
     0.01518247
     0.01633504
     0.01726160
     0.01813393
     0.01900843
     0.01988508
     0.02076389
     0.02164484
     0.02259741
     0.02357134
     0.02454756
     0.02552636
     0.02650774
     0.02749170
     0.02847823
     0.02946732
     0.03036624
     0.25409662
     0.00000000
     0.00000000
     0.00000000
     0.00000000
     0.00000000
     0.00000000
     0.00000000
     0.00000000
     0.00000000
     0.00000000
     0.00000000
     0.00000000
     0.00000000
     0.00000000
     0.00000000
     0.00000000
     0.00000000
     0.00000000
     0.00000000
     0.00000000
     0.00000000
     0.00000000
     0.00000000
     0.00000000
     0.00000000
     0.00438869
     0.01424430
     0.01514510
     0.01502171
     0.01489784
     0.01477419
     0.01465051
     0.01429719
     0.01410984
     0.01344380
     0.01264648
     0.01184692
     0.01104516
     0.01031028
     0.00968603
     0.00904621
     0.00840500
     0.00758119
     0.00666964
     0.00541007
     0.00405716
     0.00269824
     0.00133328
     0.00030241
     0.00197895
     0.00362595
     0.00485318
     0.00608618
     0.00689022
     0.00674283
     0.00654866
     0.00635461
     0.00616068
     0.00596685
     0.00577315
     0.00557956
     0.00538608
     0.00546130
     0.00551422
     0.00556714
     0.00561992
     0.00564336
     0.00561951
     0.00559566
     0.00620599
     0.00686833
     0.00753201
     0.00819703
     0.00886339
     0.00952668
     0.01014374
     0.01076194
     0.01138127
     0.01200144
     0.01273393
     0.01357602
     0.01459056
     0.01574190
     0.01664542
     0.01751678
     0.01839029
     0.01926596
     0.02014379
     0.02102376
     0.02193787
     0.02291033
     0.02388568
     0.02486332
     0.02584354
     0.02682634
     0.02781171
     0.02879965
     0.02979016
     0.03078321
     0.25479714
     0.00000000
     0.00000000
     0.00000000
     0.00000000
     0.00000000
     0.00000000
     0.00000000
     0.00000000
     0.00000000
     0.00000000
     0.00000000
     0.00000000
     0.00000000
     0.00000000
     0.00000000
     0.00000000
     0.00000000
     0.00000000
     0.00000000
     0.00000000
     0.00000000
     0.00000000
     0.00000000
     0.00000000
     0.00000000
     0.00444142
     0.01436648
     0.01553662
     0.01544942
     0.01532695
     0.01520340
     0.01507980
     0.01432239
     0.01404952
     0.01362423
     0.01282679
     0.01202713
     0.01122526
     0.01049309
     0.00990357
     0.00926375
     0.00862253
     0.00738654
     0.00586873
     0.00451691
     0.00315904
     0.00179515
     0.00030478
     0.00136969
     0.00287662
     0.00410184
     0.00533173
     0.00669146
     0.00699868
     0.00685778
     0.00669335
     0.00649909
     0.00630493
     0.00611090
     0.00591697
     0.00572317
     0.00552947
     0.00560753
     0.00566050
     0.00571374
     0.00576632
     0.00579379
     0.00576992
     0.00581069
     0.00647268
     0.00713601
     0.00780068
     0.00846667
     0.00913401
     0.00980268
     0.01047269
     0.01114403
     0.01181639
     0.01246293
     0.01327693
     0.01412090
     0.01514915
     0.01602969
     0.01690007
     0.01777260
     0.01864729
     0.01952413
     0.02040313
     0.02128428
     0.02225016
     0.02322404
     0.02420082
     0.02517986
     0.02616151
     0.02714571
     0.02813251
     0.02912186
     0.03011376
     0.03110822
     0.25549893
     0.00000000
     0.00000000
     0.00000000
     0.00000000
     0.00000000
     0.00000000
     0.00000000
     0.00000000
     0.00000000
     0.00000000
     0.00000000
     0.00000000
     0.00000000
     0.00000000
     0.00000000
     0.00000000
     0.00000000
     0.00000000
     0.00000000
     0.00000000
     0.00000000
     0.00000000
     0.00000000
     0.00000000
     0.00000000
     0.00449415
     0.01450134
     0.01589146
     0.01580429
     0.01571665
     0.01562927
     0.01550894
     0.01430974
     0.01390411
     0.01369768
     0.01300711
     0.01220733
     0.01140535
     0.01067589
     0.01012111
     0.00948128
     0.00847082
     0.00632721
     0.00497645
     0.00361965
     0.00225683
     0.00088798
     0.00064933
     0.00212817
     0.00335137
     0.00457924
     0.00582171
     0.00724856
     0.00710746
     0.00696643
     0.00682545
     0.00664397
     0.00644960
     0.00625534
     0.00606121
     0.00586718
     0.00567327
     0.00575416
     0.00580718
     0.00586040
     0.00591314
     0.00594465
     0.00592075
     0.00607713
     0.00674010
     0.00740442
     0.00807007
     0.00873705
     0.00940537
     0.01007502
     0.01074600
     0.01141833
     0.01209168
     0.01282100
     0.01371619
     0.01461371
     0.01541442
     0.01628380
     0.01715535
     0.01802906
     0.01890493
     0.01978295
     0.02066312
     0.02159051
     0.02256322
     0.02353852
     0.02451642
     0.02549719
     0.02648024
     0.02746587
     0.02845406
     0.02944482
     0.03043814
     0.03143400
     0.25613190
     0.00000000
     0.00000000
     0.00000000
     0.00000000
     0.00000000
     0.00000000
     0.00000000
     0.00000000
     0.00000000
     0.00000000
     0.00000000
     0.00000000
     0.00000000
     0.00000000
     0.00000000
     0.00000000
     0.00000000
     0.00000000
     0.00000000
     0.00000000
     0.00000000
     0.00000000
     0.00000000
     0.00000000
     0.00000000
     0.00462237
     0.01463612
     0.01624622
     0.01615909
     0.01607149
     0.01598416
     0.01586767
     0.01421846
     0.01375823
     0.01355154
     0.01318740
     0.01238753
     0.01158543
     0.01085869
     0.01033865
     0.00951751
     0.00728698
     0.00543580
     0.00408007
     0.00274238
     0.00146534
     0.00008946
     0.00138060
     0.00260177
     0.00382763
     0.00505815
     0.00642745
     0.00735782
     0.00721658
     0.00707540
     0.00693429
     0.00678926
     0.00659468
     0.00640021
     0.00620585
     0.00601161
     0.00581749
     0.00587983
     0.00595429
     0.00600748
     0.00606037
     0.00609594
     0.00607200
     0.00634429
     0.00700825
     0.00767355
     0.00834018
     0.00900815
     0.00967745
     0.01034808
     0.01102005
     0.01169336
     0.01236768
     0.01318088
     0.01407758
     0.01473740
     0.01558447
     0.01653857
     0.01741129
     0.01828618
     0.01916321
     0.02004241
     0.02093140
     0.02190294
     0.02287707
     0.02385379
     0.02483311
     0.02581530
     0.02679976
     0.02778680
     0.02877640
     0.02976857
     0.03076329
     0.03176055
     0.25641131
     0.00000000
     0.00000000
     0.00000000
     0.00000000
     0.00000000
     0.00000000
     0.00000000
     0.00000000
     0.00000000
     0.00000000
     0.00000000
     0.00000000
     0.00000000
     0.00000000
     0.00000000
     0.00000000
     0.00000000
     0.00000000
     0.00000000
     0.00000000
     0.00000000
     0.00000000
     0.00000000
     0.00000000
     0.00000000
     0.00475706
     0.01477085
     0.01660091
     0.01651383
     0.01642627
     0.01633898
     0.01577785
     0.01412684
     0.01361187
     0.01340493
     0.01319782
     0.01256771
     0.01176551
     0.01105498
     0.01046732
     0.00832961
     0.00610039
     0.00464253
     0.00337244
     0.00209711
     0.00081651
     0.00063391
     0.00185306
     0.00307689
     0.00430538
     0.00555735
     0.00703527
     0.00746741
     0.00732603
     0.00718471
     0.00704345
     0.00690226
     0.00674015
     0.00654547
     0.00635089
     0.00615644
     0.00596210
     0.00600173
     0.00610182
     0.00615498
     0.00620801
     0.00624763
     0.00622368
     0.00661217
     0.00727712
     0.00794341
     0.00861102
     0.00927997
     0.00995025
     0.01062187
     0.01129482
     0.01196910
     0.01264586
     0.01354174
     0.01423961
     0.01484787
     0.01570907
     0.01667484
     0.01764326
     0.01854393
     0.01942214
     0.02030251
     0.02124319
     0.02221615
     0.02319170
     0.02416984
     0.02515057
     0.02613417
     0.02712006
     0.02810850
     0.02909951
     0.03009308
     0.03108921
     0.03186836
     0.25667642
     0.00000000
     0.00000000
     0.00000000
     0.00000000
     0.00000000
     0.00000000
     0.00000000
     0.00000000
     0.00000000
     0.00000000
     0.00000000
     0.00000000
     0.00000000
     0.00000000
     0.00000000
     0.00000000
     0.00000000
     0.00000000
     0.00000000
     0.00000000
     0.00000000
     0.00000000
     0.00000000
     0.00000000
     0.00000000
     0.00489167
     0.01490551
     0.01695553
     0.01686849
     0.01678099
     0.01669373
     0.01568769
     0.01403488
     0.01346505
     0.01325784
     0.01305047
     0.01274789
     0.01194526
     0.01113948
     0.00945577
     0.00730697
     0.00527036
     0.00400196
     0.00272832
     0.00144942
     0.00011191
     0.00110522
     0.00232703
     0.00355350
     0.00478465
     0.00616354
     0.00764516
     0.00757733
     0.00743581
     0.00729435
     0.00715295
     0.00701161
     0.00687034
     0.00669115
     0.00649635
     0.00630168
     0.00610712
     0.00612399
     0.00624975
     0.00630288
     0.00635607
     0.00639977
     0.00637578
     0.00688079
     0.00754673
     0.00821398
     0.00888259
     0.00955252
     0.01022378
     0.01089638
     0.01157031
     0.01224526
     0.01300618
     0.01374203
     0.01434981
     0.01495866
     0.01583402
     0.01680073
     0.01777010
     0.01874212
     0.01968171
     0.02058397
     0.02155575
     0.02253013
     0.02350710
     0.02448666
     0.02546881
     0.02645383
     0.02744112
     0.02843098
     0.02942340
     0.03041838
     0.03124524
     0.03191327
     0.25694171
     0.00000000
     0.00000000
     0.00000000
     0.00000000
     0.00000000
     0.00000000
     0.00000000
     0.00000000
     0.00000000
     0.00000000
     0.00000000
     0.00000000
     0.00000000
     0.00000000
     0.00000000
     0.00000000
     0.00000000
     0.00000000
     0.00000000
     0.00000000
     0.00000000
     0.00000000
     0.00000000
     0.00000000
     0.00000000
     0.00502623
     0.01504010
     0.01731009
     0.01722310
     0.01713564
     0.01704842
     0.01559718
     0.01394257
     0.01331776
     0.01311028
     0.01290265
     0.01269488
     0.01199162
     0.01043165
     0.00851032
     0.00635310
     0.00463094
     0.00335899
     0.00208178
     0.00085212
     0.00035826
     0.00157804
     0.00280250
     0.00403164
     0.00529309
     0.00677180
     0.00782930
     0.00768758
     0.00754592
     0.00740433
     0.00726279
     0.00712131
     0.00697989
     0.00683723
     0.00664223
     0.00644734
     0.00625257
     0.00624662
     0.00639810
     0.00645119
     0.00650454
     0.00655231
     0.00652831
     0.00715013
     0.00781704
     0.00848529
     0.00915487
     0.00982578
     0.01049803
     0.01117161
     0.01184652
     0.01252245
     0.01324468
     0.01385198
     0.01446034
     0.01506977
     0.01595931
     0.01692697
     0.01789729
     0.01887025
     0.01984586
     0.02089531
     0.02186911
     0.02284491
     0.02382330
     0.02480427
     0.02578782
     0.02677427
     0.02776296
     0.02875423
     0.02974806
     0.03062252
     0.03128988
     0.03195837
     0.25720719
     0.00000000
     0.00000000
     0.00000000
     0.00000000
     0.00000000
     0.00000000
     0.00000000
     0.00000000
     0.00000000
     0.00000000
     0.00000000
     0.00000000
     0.00000000
     0.00000000
     0.00000000
     0.00000000
     0.00000000
     0.00000000
     0.00000000
     0.00000000
     0.00000000
     0.00000000
     0.00000000
     0.00000000
     0.00000000
     0.00516071
     0.01517463
     0.01766458
     0.01757764
     0.01749021
     0.01715317
     0.01550634
     0.01384993
     0.01317000
     0.01296226
     0.01275437
     0.01237769
     0.01136209
     0.00951274
     0.00756028
     0.00539466
     0.00398911
     0.00271358
     0.00149187
     0.00038783
     0.00082993
     0.00205238
     0.00327948
     0.00451126
     0.00589972
     0.00738215
     0.00794002
     0.00779816
     0.00765636
     0.00751462
     0.00737294
     0.00723132
     0.00708976
     0.00694826
     0.00678849
     0.00659339
     0.00639840
     0.00636960
     0.00654686
     0.00659991
     0.00665343
     0.00670529
     0.00675362
     0.00742019
     0.00808809
     0.00875732
     0.00942788
     0.01009978
     0.01077301
     0.01144757
     0.01212345
     0.01274756
     0.01335437
     0.01396224
     0.01457118
     0.01518119
     0.01608493
     0.01705355
     0.01802481
     0.01899872
     0.01998032
     0.02105967
     0.02214223
     0.02316046
     0.02414025
     0.02512264
     0.02610762
     0.02709517
     0.02808558
     0.02907826
     0.03000020
     0.03066689
     0.03133471
     0.03200365
     0.25747284
     0.00000000
     0.00000000
     0.00000000
     0.00000000
     0.00000000
     0.00000000
     0.00000000
     0.00000000
     0.00000000
     0.00000000
     0.00000000
     0.00000000
     0.00000000
     0.00000000
     0.00000000
     0.00000000
     0.00000000
     0.00000000
     0.00000000
     0.00000000
     0.00000000
     0.00000000
     0.00000000
     0.00000000
     0.00000000
     0.00529514
     0.01530910
     0.01801901
     0.01793210
     0.01784472
     0.01706379
     0.01541515
     0.01375694
     0.01302176
     0.01281376
     0.01240184
     0.01141844
     0.01024715
     0.00858943
     0.00660568
     0.00461868
     0.00334485
     0.00213105
     0.00113303
     0.00008271
     0.00130312
     0.00252822
     0.00375797
     0.00502894
     0.00650843
     0.00799456
     0.00805108
     0.00790908
     0.00776713
     0.00762525
     0.00748343
     0.00734167
     0.00719997
     0.00705833
     0.00691676
     0.00673986
     0.00654465
     0.00649294
     0.00669603
     0.00674936
     0.00680273
     0.00685605
     0.00702343
     0.00769098
     0.00835986
     0.00903008
     0.00970162
     0.01037449
     0.01104870
     0.01172424
     0.01235699
     0.01285699
     0.01346437
     0.01407282
     0.01468234
     0.01529292
     0.01621090
     0.01718046
     0.01815267
     0.01912752
     0.02014395
     0.02122444
     0.02230814
     0.02339503
     0.02445801
     0.02544180
     0.02642818
     0.02741715
     0.02840897
     0.02937829
     0.03004430
     0.03071144
     0.03137971
     0.03204910
     0.25773867
     0.00000000
     0.00000000
     0.00000000
     0.00000000
