     0.00000000
     0.01010101
     0.02020202
     0.03030303
     0.04040404
     0.05050505
     0.06060606
     0.07070707
     0.08080808
     0.09090909
     0.10101010
     0.11111111
     0.12121212
     0.13131313
     0.14141414
     0.15151515
     0.16161616
     0.17171717
     0.18181818
     0.18702923
     0.18797887
     0.18893221
     0.18988925
     0.19081533
     0.19163590
     0.19245916
     0.19328512
     0.19411377
     0.19494511
     0.19604806
     0.19719958
     0.19835619
     0.19951789
     0.20068470
     0.20185661
     0.20256143
     0.20322163
     0.20388343
     0.20454683
     0.20521184
     0.20587845
     0.20654666
     0.20718790
     0.20658213
     0.20600698
     0.20551698
     0.20502785
     0.20453958
     0.20386625
     0.20271410
     0.20156681
     0.20042439
     0.19956569
     0.19835106
     0.19704402
     0.19537721
     0.19372111
     0.19204687
     0.18988446
     0.18768286
     0.18572131
     0.18375395
     0.18180278
     0.18060263
     0.18041151
     0.18166873
     0.18333490
     0.18562415
     0.18825870
     0.18995027
     0.19154675
     0.19315344
     0.19477037
     0.19698051
     0.19941301
     0.20186799
     0.20434548
     0.20671614
     0.20826972
     0.20979123
     0.21136005
     0.21333149
     0.21548576
     0.21765576
     0.21984150
     0.22204295
     0.22426011
     0.22649296
     0.22874149
     0.23100568
     0.23328550
     0.23558092
     0.23794172
     0.24087237
     0.24355735
     0.24540693
     0.00000000
     0.00000000
     0.00000000
     0.00000000
     0.00000000
     0.01010101
     0.02020202
     0.03030303
     0.04040404
     0.05050505
     0.06060606
     0.07070707
     0.08080808
     0.09090909
     0.10101010
     0.11111111
     0.12121212
     0.13131313
     0.14141414
     0.15151515
     0.16161616
     0.17171717
     0.18181818
     0.18689939
     0.18784852
     0.18880135
     0.18964815
     0.19046489
     0.19128431
     0.19210642
     0.19305648
     0.19419466
     0.19533794
     0.19648630
     0.19763976
     0.19879831
     0.19996196
     0.20113071
     0.20230456
     0.20348353
     0.20466760
     0.20585677
     0.20683008
     0.20750057
     0.20817267
     0.20890745
     0.20837407
     0.20776573
     0.20715871
     0.20657785
     0.20608685
     0.20559671
     0.20491049
     0.20379736
     0.20264550
     0.20149850
     0.20061358
     0.19937782
     0.19808076
     0.19640733
     0.19474461
     0.19307515
     0.19090755
     0.18880967
     0.18684059
     0.18486407
     0.18290375
     0.18258284
     0.18229498
     0.18321472
     0.18489186
     0.18675176
     0.18939859
     0.19126513
     0.19287003
     0.19448515
     0.19611052
     0.19810068
     0.20054356
     0.20300893
     0.20540906
     0.20769586
     0.20967901
     0.21120807
     0.21279550
     0.21478078
     0.21694564
     0.21912624
     0.22132256
     0.22353460
     0.22576233
     0.22800575
     0.23026482
     0.23253954
     0.23482988
     0.23713580
     0.23945911
     0.24221235
     0.24405501
     0.24590714
     0.00000000
     0.00000000
     0.00000000
     0.00000000
     0.00000000
     0.01010101
     0.02020202
     0.03030303
     0.04040404
     0.05050505
     0.06060606
     0.07070707
     0.08080808
     0.09090909
     0.10101010
     0.11111111
     0.12121212
     0.13131313
     0.14141414
     0.15151515
     0.16161616
     0.17171717
     0.18181818
     0.18676961
     0.18767623
     0.18848645
     0.18929935
     0.19011494
     0.19122463
     0.19235460
     0.19348964
     0.19462976
     0.19577497
     0.19692528
     0.19808067
     0.19924117
     0.20040676
     0.20157746
     0.20275326
     0.20393417
     0.20512018
     0.20631131
     0.20750755
     0.20870890
     0.20993646
     0.21015358
     0.20956523
     0.20895434
     0.20834475
     0.20773648
     0.20714989
     0.20658061
     0.20580406
     0.20488492
     0.20372849
     0.20257692
     0.20166559
     0.20040857
     0.19911291
     0.19744154
     0.19577220
     0.19410762
     0.19193485
     0.18994167
     0.18796507
     0.18597937
     0.18487052
     0.18457986
     0.18428957
     0.18477090
     0.18645903
     0.18815902
     0.19054376
     0.19258693
     0.19420025
     0.19582382
     0.19745762
     0.19922564
     0.20167890
     0.20409761
     0.20638779
     0.20867900
     0.21091161
     0.21263191
     0.21423806
     0.21623720
     0.21841266
     0.22060385
     0.22281076
     0.22503337
     0.22727167
     0.22952563
     0.23179525
     0.23408049
     0.23638133
     0.23869773
     0.24091663
     0.24270815
     0.24455336
     0.24640804
     0.00000000
     0.00000000
     0.00000000
     0.00000000
     0.00000000
     0.01010101
     0.02020202
     0.03030303
     0.04040404
     0.05050505
     0.06060606
     0.07070707
     0.08080808
     0.09090909
     0.10101010
     0.11111111
     0.12121212
     0.13131313
     0.14141414
     0.15151515
     0.16161616
     0.17171717
     0.18181818
     0.18652383
     0.18733022
     0.18828941
     0.18940609
     0.19052784
     0.19165466
     0.19278656
     0.19392353
     0.19506560
     0.19621275
     0.19736499
     0.19852233
     0.19968477
     0.20085231
     0.20202495
     0.20320270
     0.20438555
     0.20557351
     0.20676659
     0.20796477
     0.20916807
     0.21037648
     0.21017689
     0.20990016
     0.20962371
     0.20934752
     0.20892496
     0.20831544
     0.20747956
     0.20670051
     0.20592362
     0.20481577
     0.20365963
     0.20272171
     0.20144331
     0.20014264
     0.19847986
     0.19680389
     0.19513862
     0.19308039
     0.19107886
     0.18909321
     0.18718029
     0.18688684
     0.18659375
     0.18630100
     0.18635914
     0.18803642
     0.18974744
     0.19169422
     0.19391567
     0.19553743
     0.19716944
     0.19881170
     0.20046422
     0.20279240
     0.20507171
     0.20736998
     0.20966556
     0.21190591
     0.21406274
     0.21568771
     0.21770076
     0.21988682
     0.22208860
     0.22430608
     0.22653926
     0.22878811
     0.23105262
     0.23333276
     0.23562851
     0.23793984
     0.24023412
     0.24143726
     0.24320463
     0.24505240
     0.24704783
     0.00000000
     0.00000000
     0.00000000
     0.00000000
     0.00000000
     0.01010101
     0.02020202
     0.03030303
     0.04040404
     0.05050505
     0.06060606
     0.07070707
     0.08080808
     0.09090909
     0.10101010
     0.11111111
     0.12121212
     0.13131313
     0.14141414
     0.15151515
     0.16161616
     0.17171717
     0.18181818
     0.18649235
     0.18760083
     0.18871438
     0.18983299
     0.19095667
     0.19208542
     0.19321925
     0.19435817
     0.19550217
     0.19665126
     0.19780545
     0.19896473
     0.20012911
     0.20129859
     0.20247318
     0.20365288
     0.20483768
     0.20602759
     0.20722261
     0.20842274
     0.20962799
     0.21057050
     0.21020020
     0.20992345
     0.20964697
     0.20937076
     0.20909481
     0.20872308
     0.20814581
     0.20758353
     0.20682046
     0.20590736
     0.20474665
     0.20378196
     0.20248203
     0.20117634
     0.19952228
     0.19783968
     0.19616779
     0.19423186
     0.19222124
     0.19022651
     0.18921596
     0.18892006
     0.18862452
     0.18832933
     0.18842018
     0.18962404
     0.19134610
     0.19308008
     0.19525137
     0.19688157
     0.19852202
     0.20017274
     0.20183373
     0.20376186
     0.20604926
     0.20835561
     0.21065555
     0.21290362
     0.21516914
     0.21714447
     0.21917146
     0.22136811
     0.22358046
     0.22580852
     0.22805226
     0.23031166
     0.23258670
     0.23487736
     0.23718360
     0.23950540
     0.24075375
     0.24195866
     0.24370181
     0.24555213
     0.24798829
     0.00000000
     0.00000000
     0.00000000
     0.00000000
     0.00000000
     0.01010101
     0.02020202
     0.03030303
     0.04040404
     0.05050505
     0.06060606
     0.07070707
     0.08080808
     0.09090909
     0.10101010
     0.11111111
     0.12121212
     0.13131313
     0.14141414
     0.15151515
     0.16161616
     0.17171717
     0.18181818
     0.18691419
     0.18802460
     0.18914008
     0.19026062
     0.19138623
     0.19251692
     0.19365269
     0.19479354
     0.19593949
     0.19709052
     0.19824665
     0.19940787
     0.20057420
     0.20174562
     0.20292216
     0.20410380
     0.20529054
     0.20648240
     0.20767937
     0.20888145
     0.21008865
     0.21066220
     0.21022351
     0.20994674
     0.20967024
     0.20939400
     0.20911803
     0.20859546
     0.20801845
     0.20744261
     0.20693191
     0.20646319
     0.20567050
     0.20484177
     0.20352475
     0.20221404
     0.20056880
     0.19887957
     0.19720105
     0.19538854
     0.19336881
     0.19156234
     0.19126856
     0.19097021
     0.19067221
     0.19037457
     0.19049868
     0.19122191
     0.19295503
     0.19470007
     0.19659401
     0.19823267
     0.19988158
     0.20154076
     0.20305390
     0.20473477
     0.20703025
     0.20934469
     0.21164896
     0.21390476
     0.21617801
     0.21856423
     0.22064929
     0.22285652
     0.22507945
     0.22731808
     0.22957237
     0.23184230
     0.23412787
     0.23642903
     0.23874575
     0.24007156
     0.24127414
     0.24248083
     0.24419967
     0.24639035
     0.24893115
     0.00000000
     0.00000000
     0.00000000
     0.00000000
     0.00000000
     0.01010101
     0.02020202
     0.03030303
     0.04040404
     0.05050505
     0.06060606
     0.07070707
     0.08080808
     0.09090909
     0.10101010
     0.11111111
     0.12121212
     0.13131313
     0.14141414
     0.15151515
     0.16161616
     0.17171717
     0.18181818
     0.18733677
     0.18844911
     0.18956651
     0.19068899
     0.19181653
     0.19294916
     0.19408687
     0.19522966
     0.19637754
     0.19753051
     0.19868858
     0.19985175
     0.20102002
     0.20219339
     0.20337187
     0.20455546
     0.20574415
     0.20693796
     0.20813688
     0.20934091
     0.21055005
     0.21075392
     0.21026856
     0.20997003
     0.20969350
     0.20941725
     0.20904584
     0.20846790
     0.20789115
     0.20731557
     0.20675023
     0.20628181
     0.20568781
     0.20490247
     0.20390983
     0.20292078
     0.20160843
     0.19992356
     0.19825917
     0.19655042
     0.19452159
     0.19363147
     0.19333812
     0.19303731
     0.19273685
     0.19243675
     0.19259467
     0.19297345
     0.19457422
     0.19633035
     0.19809843
     0.19959073
     0.20124810
     0.20281670
     0.20426703
     0.20572506
     0.20801469
     0.21033721
     0.21264579
     0.21490932
     0.21719029
     0.21959568
     0.22213425
     0.22435206
     0.22658556
     0.22883474
     0.23109957
     0.23338004
     0.23567611
     0.23798775
     0.23939069
     0.24059094
     0.24179530
     0.24300376
     0.24479936
     0.24732914
     0.24987640
     0.00000000
     0.00000000
     0.00000000
     0.00000000
     0.00000000
     0.01010101
     0.02020202
     0.03030303
     0.04040404
     0.05050505
     0.06060606
     0.07070707
     0.08080808
     0.09090909
     0.10101010
     0.11111111
     0.12121212
     0.13131313
     0.14141414
     0.15151515
     0.16161616
     0.17171717
     0.18181818
     0.18776008
     0.18887435
     0.18999369
     0.19111809
     0.19224757
     0.19338213
     0.19452178
     0.19566651
     0.19681633
     0.19797125
     0.19913126
     0.20029637
     0.20146659
     0.20264190
     0.20382233
     0.20500786
     0.20619851
     0.20739426
     0.20859513
     0.20980110
     0.21101220
     0.21084568
     0.21036017
     0.20999332
     0.20971677
     0.20944049
     0.20891807
     0.20834040
     0.20776390
     0.20718859
     0.20661445
     0.20610055
     0.20563322
     0.20481431
     0.20382199
     0.20283325
     0.20153659
     0.20016145
     0.19898025
     0.19755028
     0.19599792
     0.19571754
     0.19542466
     0.19512138
     0.19481847
     0.19451591
     0.19470817
     0.19509010
     0.19620371
     0.19797093
     0.19975011
     0.20095577
     0.20257971
     0.20402878
     0.20548555
     0.20695002
     0.20900258
     0.21133319
     0.21364604
     0.21591730
     0.21820600
     0.22063063
     0.22342106
     0.22585472
     0.22809878
     0.23035851
     0.23263387
     0.23492485
     0.23723141
     0.23871115
     0.23990907
     0.24111110
     0.24231723
     0.24352745
     0.24573406
     0.24827032
     0.25082405
     0.00000000
     0.00000000
     0.00000000
     0.00000000
     0.00000000
     0.01010101
     0.02020202
     0.03030303
     0.04040404
     0.05050505
     0.06060606
     0.07070707
     0.08080808
     0.09090909
     0.10101010
     0.11111111
     0.12121212
     0.13131313
     0.14141414
     0.15151515
     0.16161616
     0.17171717
     0.18181818
     0.18818413
     0.18930033
     0.19042159
     0.19154793
     0.19267935
     0.19381585
     0.19495743
     0.19610410
     0.19725586
     0.19841272
     0.19957468
     0.20074173
     0.20191389
     0.20309116
     0.20427353
     0.20546101
     0.20665360
     0.20785130
     0.20905412
     0.21026204
     0.21142396
     0.21093747
     0.21045180
     0.21001662
     0.20974005
     0.20936896
     0.20879037
     0.20821295
     0.20763672
     0.20706166
     0.20648778
     0.20591941
     0.20540675
     0.20472618
     0.20373417
     0.20274575
     0.20146478
     0.20009000
     0.19906063
     0.19760744
     0.19714246
     0.19717869
     0.19720341
     0.19721744
     0.19691708
     0.19661206
     0.19683921
     0.19722430
     0.19784348
     0.19962180
     0.20141210
     0.20246310
     0.20379074
     0.20524625
     0.20670945
     0.20818035
     0.20999391
     0.21233261
     0.21464972
     0.21692870
     0.21922513
     0.22166906
     0.22444648
     0.22736449
     0.22961911
     0.23188937
     0.23417525
     0.23647673
     0.23803293
     0.23922852
     0.24042821
     0.24163201
     0.24283992
     0.24432709
     0.24667116
     0.24921389
     0.25177408
     0.00000000
     0.00000000
     0.00000000
     0.00000000
     0.00000000
     0.01010101
     0.02020202
     0.03030303
     0.04040404
     0.05050505
     0.06060606
     0.07070707
     0.08080808
     0.09090909
     0.10101010
     0.11111111
     0.12121212
     0.13131313
     0.14141414
     0.15151515
     0.16161616
     0.17171717
     0.18181818
     0.18860891
     0.18972704
     0.19085024
     0.19197851
     0.19311187
     0.19425030
     0.19539382
     0.19654243
     0.19769614
     0.19885494
     0.20001884
     0.20118784
     0.20236194
     0.20354115
     0.20472547
     0.20591490
     0.20710944
     0.20830909
     0.20951385
     0.21072373
     0.21151593
     0.21102928
     0.21054346
     0.21005845
     0.20976332
     0.20924105
     0.20866272
     0.20808556
     0.20750959
     0.20693479
     0.20631053
     0.20565532
     0.20505708
     0.20452893
     0.20364639
     0.20265828
     0.20139298
     0.20001858
     0.19914104
     0.19810398
     0.19814034
     0.19817671
     0.19819921
     0.19821329
     0.19822737
     0.19824145
     0.19882723
     0.19937606
     0.19976488
     0.20128299
     0.20308440
     0.20416335
     0.20500715
     0.20646909
     0.20793873
     0.20941607
     0.21098870
     0.21333548
     0.21565682
     0.21794353
     0.22024767
     0.22271099
     0.22547524
     0.22851235
     0.23114653
     0.23342732
     0.23572371
     0.23735604
     0.23854929
     0.23974665
     0.24094812
     0.24215370
     0.24342275
     0.24525182
     0.24761066
     0.25015986
     0.25272650
     0.00000000
     0.00000000
     0.00000000
     0.00000000
     0.00000000
     0.01010101
     0.02020202
     0.03030303
     0.04040404
     0.05050505
     0.06060606
     0.07070707
     0.08080808
     0.09090909
     0.10101010
     0.11111111
     0.12121212
     0.13131313
     0.14141414
     0.15151515
     0.16161616
     0.17171717
     0.18181818
     0.18903443
     0.19015449
     0.19127962
     0.19240983
     0.19354512
     0.19468549
     0.19583095
     0.19698150
     0.19813715
     0.19929789
     0.20046374
     0.20163468
     0.20281073
     0.20399189
     0.20517815
     0.20636953
     0.20756602
     0.20876761
     0.20997433
     0.21118615
     0.21160793
     0.21112113
     0.21063515
     0.21014999
     0.20969244
     0.20911319
     0.20853512
     0.20795823
     0.20732940
     0.20667179
     0.20601573
     0.20536122
     0.20470825
     0.20417508
     0.20355863
     0.20257084
     0.20132121
     0.19994717
     0.19922147
     0.19910552
     0.19914203
     0.19917854
     0.19919879
     0.19921293
     0.19922706
     0.19924119
     0.19987901
     0.20058742
     0.20129771
     0.20263371
     0.20467005
     0.20585886
     0.20631384
     0.20769731
     0.20917339
     0.21065717
     0.21214865
     0.21434180
     0.21666734
     0.21896177
     0.22127363
     0.22375641
     0.22650734
     0.22955423
     0.23262978
     0.23497234
     0.23668047
     0.23787139
     0.23906642
     0.24026556
     0.24146880
     0.24267615
     0.24434516
     0.24617890
     0.24855256
     0.25110822
     0.25368129
     0.00000000
     0.00000000
     0.00000000
     0.00000000
     0.00000000
     0.01010101
     0.02020202
     0.03030303
     0.04040404
     0.05050505
     0.06060606
     0.07070707
     0.08080808
     0.09090909
     0.10101010
     0.11111111
     0.12121212
     0.13131313
     0.14141414
     0.15151515
     0.16161616
     0.17171717
     0.18181818
     0.18946068
     0.19058267
     0.19170974
     0.19284189
     0.19397911
     0.19512142
     0.19626882
     0.19742132
     0.19857890
     0.19974159
     0.20090938
     0.20208227
     0.20326026
     0.20444337
     0.20563158
     0.20682490
     0.20802334
     0.20922688
     0.21043554
     0.21164932
     0.21169995
     0.21121300
     0.21072686
     0.21024155
     0.20956439
     0.20898540
     0.20835198
     0.20769198
     0.20703353
     0.20637662
     0.20572125
     0.20506743
     0.20441515
     0.20382169
     0.20334966
     0.20248342
     0.20124945
     0.19998312
     0.19983881
     0.20011087
     0.20014751
     0.20018416
     0.20020216
     0.20021634
     0.20023053
     0.20024472
     0.20093496
     0.20164412
     0.20232669
     0.20314205
     0.20520849
     0.20672595
     0.20751973
     0.20879642
     0.21041344
     0.21190366
     0.21340158
     0.21535156
     0.21768128
     0.21998343
     0.22230301
     0.22480531
     0.22754277
     0.23059944
     0.23368475
     0.23600624
     0.23719481
     0.23838751
     0.23958431
     0.24078523
     0.24199025
     0.24344077
     0.24526993
     0.24706867
     0.24935494
     0.25182222
     0.25430563
     0.00000000
     0.00000000
     0.00000000
     0.00000000
     0.00000000
     0.01010101
     0.02020202
     0.03030303
     0.04040404
     0.05050505
     0.06060606
     0.07070707
     0.08080808
     0.09090909
     0.10101010
     0.11111111
     0.12121212
     0.13131313
     0.14141414
     0.15151515
     0.16161616
     0.17171717
     0.18181818
     0.18988767
     0.19101160
     0.19214060
     0.19327468
     0.19441384
     0.19555809
     0.19670743
     0.19786187
     0.19902140
     0.20018603
     0.20135576
     0.20253059
     0.20371054
     0.20489559
     0.20608575
     0.20728102
     0.20848140
     0.20968690
     0.21089750
     0.21211323
     0.21179201
     0.21130490
     0.21081861
     0.21026613
     0.20940144
     0.20871588
     0.20805503
     0.20739573
     0.20673797
     0.20608176
     0.20542709
     0.20477396
     0.20412237
     0.20347223
     0.20299733
     0.20239604
     0.20117771
     0.20006381
     0.20082836
     0.20112002
     0.20115680
     0.20119358
     0.20120931
     0.20122354
     0.20122046
     0.20123523
     0.20191677
     0.20260003
     0.20328502
     0.20397173
     0.20571553
     0.20725735
     0.20805263
     0.20907057
     0.21083115
     0.21260256
     0.21438482
     0.21636477
     0.21869864
     0.22100851
     0.22333581
     0.22585770
     0.22858154
     0.23164798
     0.23430638
     0.23630359
     0.23770992
     0.23886163
     0.23991617
     0.24097388
     0.24206391
     0.24381066
     0.24556594
     0.24732971
     0.24947934
     0.25194743
     0.25443166
     0.00000000
     0.00000000
     0.00000000
     0.00000000
     0.00000000
     0.01010101
     0.02020202
     0.03030303
     0.04040404
     0.05050505
     0.06060606
     0.07070707
     0.08080808
     0.09090909
     0.10101010
     0.11111111
     0.12121212
     0.13131313
     0.14141414
     0.15151515
     0.16161616
     0.17171717
     0.18181818
     0.19031539
     0.19144125
     0.19257219
     0.19370821
     0.19484931
     0.19599550
     0.19714678
     0.19830316
     0.19946463
     0.20063120
     0.20180288
     0.20297966
     0.20416155
     0.20534855
     0.20654066
     0.20773788
     0.20894021
     0.21014765
     0.21136021
     0.21237219
     0.21188410
     0.21139683
     0.21091039
     0.21018411
     0.20920625
     0.20841855
     0.20775840
     0.20709979
     0.20644273
     0.20578721
     0.20513323
     0.20448080
     0.20382991
     0.20318056
     0.20264545
     0.20217546
     0.20110599
     0.20079766
     0.20182157
     0.20213297
     0.20216770
     0.20217323
     0.20215703
     0.20214083
     0.20212463
     0.20218970
     0.20287365
     0.20355932
     0.20424672
     0.20493584
     0.20607624
     0.20775500
     0.20858654
     0.20938558
     0.21110725
     0.21288036
     0.21466431
     0.21645910
     0.21904451
     0.22163217
     0.22424162
     0.22691358
     0.22962364
     0.23234421
     0.23432982
     0.23615367
     0.23762889
     0.23867969
     0.23973367
     0.24079084
     0.24232137
     0.24406938
     0.24582591
     0.24759094
     0.24960378
     0.25207269
     0.25455773
     0.00000000
     0.00000000
     0.00000000
     0.00000000
     0.00000000
     0.01010101
     0.02020202
     0.03030303
     0.04040404
     0.05050505
     0.06060606
     0.07070707
     0.08080808
     0.09090909
     0.10101010
     0.11111111
     0.12121212
     0.13131313
     0.14141414
     0.15151515
     0.16161616
     0.17171717
     0.18181818
     0.19074386
     0.19187165
     0.19300452
     0.19414248
     0.19528552
     0.19643365
     0.19758687
     0.19874519
     0.19990861
     0.20107712
     0.20225075
     0.20342947
     0.20461331
     0.20580225
     0.20699631
     0.20819548
     0.20939976
     0.21060915
     0.21182366
     0.21246446
     0.21197622
     0.21148880
     0.21096893
     0.20998839
     0.20901119
     0.20812154
     0.20746208
     0.20680417
     0.20614780
     0.20549297
     0.20483969
     0.20418795
     0.20353775
     0.20288909
     0.20229403
     0.20182465
     0.20103430
     0.20179076
     0.20280823
     0.20307239
     0.20307942
     0.20308059
     0.20306433
     0.20304808
     0.20303182
     0.20314754
     0.20383390
     0.20452199
     0.20521180
     0.20590334
     0.20645311
     0.20800183
     0.20910258
     0.20992200
     0.21138362
     0.21315842
     0.21494407
     0.21674055
     0.21910226
     0.22170007
     0.22431009
     0.22714255
     0.22983646
     0.23209164
     0.23414390
     0.23567683
     0.23721670
     0.23849784
     0.23955127
     0.24083828
     0.24257902
     0.24432829
     0.24608607
     0.24785236
     0.24972826
     0.25219798
     0.00000000
     0.00000000
     0.00000000
     0.00000000
     0.00000000
     0.00000000
     0.01010101
     0.02020202
     0.03030303
     0.04040404
     0.05050505
     0.06060606
     0.07070707
     0.08080808
     0.09090909
     0.10101010
     0.11111111
     0.12121212
     0.13131313
     0.14141414
     0.15151515
     0.16161616
     0.17171717
     0.18181818
     0.19117306
     0.19230279
     0.19343759
     0.19457749
     0.19572247
     0.19687254
     0.19802770
     0.19918796
     0.20035332
     0.20152378
     0.20269935
     0.20388003
     0.20506581
     0.20625670
     0.20745270
     0.20865382
     0.20986005
     0.21107139
     0.21228784
     0.21255676
     0.21206836
     0.21158079
     0.21077267
     0.20979280
     0.20881627
     0.20784310
     0.20716607
     0.20650885
     0.20585318
     0.20519904
     0.20454645
     0.20389541
     0.20324590
     0.20259794
     0.20194776
     0.20147429
     0.20165775
     0.20276420
     0.20374611
     0.20398714
     0.20399419
     0.20399098
     0.20397467
     0.20395836
     0.20394205
     0.20410876
     0.20479753
     0.20548804
     0.20618026
     0.20687421
     0.20742502
     0.20824888
     0.20935060
     0.21045659
     0.21166025
     0.21343675
     0.21522409
     0.21702227
     0.21913042
     0.22176799
     0.22437858
     0.22703354
     0.22892903
     0.23111410
     0.23302049
     0.23473721
     0.23646268
     0.23819688
     0.23936897
     0.24109485
     0.24283685
     0.24458738
     0.24634642
     0.24811396
     0.24988997
     0.25232332
     0.00000000
     0.00000000
     0.00000000
     0.00000000
     0.00000000
     0.00000000
     0.01010101
     0.02020202
     0.03030303
     0.04040404
     0.05050505
     0.06060606
     0.07070707
     0.08080808
     0.09090909
     0.10101010
     0.11111111
     0.12121212
     0.13131313
     0.14141414
     0.15151515
     0.16161616
     0.17171717
     0.18181818
     0.19160299
     0.19273466
     0.19387140
     0.19501323
     0.19616015
     0.19731216
     0.19846927
     0.19963147
     0.20079878
     0.20197119
     0.20314870
     0.20433132
     0.20551905
     0.20671189
     0.20790984
     0.20911291
     0.21032108
     0.21153437
     0.21275278
     0.21264909
     0.21216054
     0.21155656
     0.21057654
     0.20959734
     0.20862148
     0.20764898
     0.20687037
     0.20621385
     0.20555887
     0.20490543
     0.20425353
     0.20360318
     0.20295437
     0.20230710
     0.20165796
     0.20112439
     0.20244714
     0.20370192
     0.20468721
     0.20490496
     0.20491203
     0.20490440
     0.20488803
     0.20487167
     0.20485531
     0.20507335
     0.20576454
     0.20645746
     0.20715210
     0.20784847
     0.20840030
     0.20849615
     0.20959883
     0.21070578
     0.21193715
     0.21371534
     0.21550437
     0.21730424
     0.21915859
     0.22183592
     0.22433333
     0.22613392
     0.22802411
     0.23013944
     0.23189342
     0.23360437
     0.23532407
     0.23705252
     0.23905355
     0.24097780
     0.24291261
     0.24484666
     0.24660695
     0.24837575
     0.25015301
     0.25244870
     0.00000000
     0.00000000
     0.00000000
     0.00000000
     0.00000000
     0.00000000
     0.01010101
     0.02020202
     0.03030303
     0.04040404
     0.05050505
     0.06060606
     0.07070707
     0.08080808
     0.09090909
     0.10101010
     0.11111111
     0.12121212
     0.13131313
     0.14141414
     0.15151515
     0.16161616
     0.17171717
     0.18181818
     0.19191919
     0.19316727
     0.19430595
     0.19544972
     0.19659858
     0.19775253
     0.19891158
     0.20007573
     0.20124498
     0.20241933
     0.20359879
     0.20478336
     0.20597303
     0.20716782
     0.20836772
     0.20957273
     0.21078286
     0.21199810
     0.21321845
     0.21274145
     0.21215617
     0.21136243
     0.21038055
     0.20940201
     0.20842683
     0.20745500
     0.20657499
     0.20591916
     0.20526487
     0.20461213
     0.20396093
     0.20331127
     0.20266315
     0.20201658
     0.20136848
     0.20169479
     0.20320745
     0.20453660
     0.20560163
     0.20582583
     0.20583293
     0.20582085
     0.20580443
     0.20578802
     0.20577160
     0.20604133
     0.20673493
     0.20743026
     0.20812732
     0.20882610
     0.20922161
     0.20888503
     0.20984727
     0.21095519
     0.21215430
     0.21399420
     0.21578492
     0.21758649
     0.21939888
     0.22184608
     0.22343006
     0.22523683
     0.22712172
     0.22907378
     0.23077017
     0.23247534
     0.23418927
     0.23610310
     0.23850791
     0.24056307
     0.24249560
     0.24443867
     0.24639224
     0.24835629
     0.25033079
     0.25257412
     0.00000000
     0.00000000
     0.00000000
     0.00000000
     0.00000000
     0.00000000
     0.01010101
     0.02020202
     0.03030303
     0.04040404
     0.05050505
     0.06060606
     0.07070707
     0.08080808
     0.09090909
     0.10101010
     0.11111111
     0.12121212
     0.13131313
     0.14141414
     0.15151515
     0.16161616
     0.17171717
     0.18181818
     0.19191919
     0.19360061
     0.19474124
     0.19588694
     0.19703774
     0.19819364
     0.19935463
     0.20052072
     0.20169192
     0.20286821
     0.20404962
     0.20523614
     0.20642776
     0.20762450
     0.20882634
     0.21003330
     0.21124538
     0.21246257
     0.21332352
     0.21275703
     0.21211910
     0.21116590
     0.21018469
     0.20920682
     0.20823231
     0.20726114
     0.20629333
     0.20562478
     0.20497119
     0.20431914
     0.20366863
     0.20301966
     0.20237224
     0.20172636
     0.20116818
     0.20238671
     0.20396987
     0.20530273
     0.20650979
     0.20674977
     0.20675681
     0.20674034
     0.20672387
     0.20670739
     0.20669092
     0.20701268
     0.20770870
     0.20840645
     0.20910592
     0.20980711
     0.20999341
     0.20965592
     0.21009593
     0.21120481
     0.21236872
     0.21421642
     0.21606574
     0.21786899
     0.21968308
     0.22087315
     0.22250468
     0.22434226
     0.22622186
     0.22796013
     0.22965073
     0.23135012
     0.23305827
     0.23539807
     0.23779794
     0.24014881
     0.24207908
     0.24401989
     0.24597120
     0.24793300
     0.24990526
     0.25218121
     0.00000000
     0.00000000
     0.00000000
     0.00000000
     0.00000000
     0.00000000
     0.01010101
     0.02020202
     0.03030303
     0.04040404
     0.05050505
     0.06060606
     0.07070707
     0.08080808
     0.09090909
     0.10101010
     0.11111111
     0.12121212
     0.13131313
     0.14141414
     0.15151515
     0.16161616
     0.17171717
     0.18181818
     0.19191919
     0.19403470
     0.19517726
     0.19632491
     0.19747765
     0.19863549
     0.19979842
     0.20096646
     0.20213960
     0.20331784
     0.20450119
     0.20568966
     0.20688323
     0.20808191
     0.20928571
     0.21049462
     0.21170864
     0.21292778
     0.21335912
     0.21271988
     0.21195340
     0.21096951
     0.20998896
     0.20901177
     0.20803792
     0.20706743
     0.20610028
     0.20533072
     0.20467782
     0.20402646
     0.20337664
     0.20272837
     0.20208164
     0.20143646
     0.20178056
     0.20313411
     0.20473443
     0.20607098
     0.20727145
     0.20767677
     0.20767939
     0.20766286
     0.20764633
     0.20762981
     0.20761328
     0.20798742
     0.20868585
     0.20938601
     0.21008790
     0.21079151
     0.21076731
     0.21042890
     0.21034481
     0.21145465
     0.21258330
     0.21443236
     0.21629308
     0.21815177
     0.21900762
     0.21990327
     0.22152968
     0.22341873
     0.22532452
     0.22685030
     0.22853511
     0.23022871
     0.23231641
     0.23469450
     0.23708941
     0.23950112
     0.24166305
     0.24360159
     0.24555065
     0.24751019
     0.24948020
     0.25168832
     0.00000000
     0.00000000
     0.00000000
     0.00000000
     0.00000000
     0.00000000
     0.01010101
     0.02020202
     0.03030303
     0.04040404
     0.05050505
     0.06060606
     0.07070707
     0.08080808
     0.09090909
     0.10101010
     0.11111111
     0.12121212
     0.13131313
     0.14141414
     0.15151515
     0.16161616
     0.17171717
     0.18181818
     0.19191919
     0.19446953
     0.19561402
     0.19676361
     0.19791830
     0.19907807
     0.20024295
     0.20141293
     0.20258802
     0.20376821
     0.20495351
     0.20614392
     0.20733944
     0.20854007
     0.20974582
     0.21095667
     0.21217265
     0.21335676
     0.21332190
     0.21268274
     0.21175647
     0.21077325
     0.20979337
     0.20881685
     0.20784367
     0.20687384
     0.20590737
     0.20503696
     0.20438476
     0.20373409
     0.20308497
     0.20243739
     0.20179118
     0.20133092
     0.20241395
     0.20392032
     0.20550111
     0.20684137
     0.20795354
     0.20860684
     0.20860500
     0.20858841
     0.20857183
     0.20855525
     0.20853868
     0.20896553
     0.20966638
     0.21036896
     0.21107326
     0.21173072
     0.21154329
     0.21120396
     0.21086504
     0.21170471
     0.21281979
     0.21464846
     0.21651053
     0.21749875
     0.21829849
     0.21904379
     0.22055774
     0.22245207
     0.22439124
     0.22581143
     0.22742331
     0.22926299
     0.23161925
     0.23399238
     0.23638235
     0.23878912
     0.24121264
     0.24318378
     0.24513058
     0.24708787
     0.24905563
     0.25119607
     0.00000000
     0.00000000
     0.00000000
     0.00000000
     0.00000000
     0.00000000
     0.01010101
     0.02020202
     0.03030303
     0.04040404
     0.05050505
     0.06060606
     0.07070707
     0.08080808
     0.09090909
     0.10101010
     0.11111111
     0.12121212
     0.13131313
     0.14141414
     0.15151515
     0.16161616
     0.17171717
     0.18181818
     0.19191919
     0.19490509
     0.19605153
     0.19720306
     0.19835968
     0.19952140
     0.20068823
     0.20186015
     0.20303718
     0.20421932
     0.20540657
     0.20659892
     0.20779639
     0.20899897
     0.21020667
     0.21141947
     0.21262046
     0.21369342
     0.21328468
     0.21254558
     0.21155967
     0.21057712
     0.20959791
     0.20862206
     0.20764955
     0.20668039
     0.20571459
     0.20475213
     0.20409201
     0.20344204
     0.20278755
     0.20212181
     0.20145770
     0.20191421
     0.20319808
     0.20470879
     0.20626991
     0.20761388
     0.20863728
     0.20937835
     0.20953364
     0.20951700
     0.20950037
     0.20948373
     0.20946710
     0.20994703
     0.21065029
     0.21135528
     0.21206200
     0.21251019
     0.21232135
     0.21198112
     0.21164128
     0.21195498
     0.21307103
     0.21486471
     0.21592289
     0.21672265
     0.21752455
     0.21832860
     0.21958886
     0.22148839
     0.22330675
     0.22473366
     0.22631533
     0.22857227
     0.23092357
     0.23329173
     0.23567674
     0.23807856
     0.24049716
     0.24276646
     0.24471100
     0.24666603
     0.24863155
     0.25070446
     0.00000000
     0.00000000
     0.00000000
     0.00000000
     0.00000000
     0.00000000
     0.01010101
     0.02020202
     0.03030303
     0.04040404
     0.05050505
     0.06060606
     0.07070707
     0.08080808
     0.09090909
     0.10101010
     0.11111111
     0.12121212
     0.13131313
     0.14141414
     0.15151515
     0.16161616
     0.17171717
     0.18181818
     0.19191919
     0.19534139
     0.19648977
     0.19764324
     0.19880181
     0.19996547
     0.20113424
     0.20230811
     0.20348709
     0.20467117
     0.20586037
     0.20705467
     0.20825409
     0.20945862
     0.21066826
     0.21188301
     0.21295628
     0.21388786
     0.21324746
     0.21234825
     0.21136301
     0.21038112
     0.20940259
     0.20842740
     0.20745557
     0.20648708
     0.20552194
     0.20456015
     0.20378758
     0.20311939
     0.20245284
     0.20178792
     0.20144295
     0.20249877
     0.20398447
     0.20549952
     0.20704085
     0.20838851
     0.20932267
     0.21007588
     0.21046532
     0.21044863
     0.21043194
     0.21041525
     0.21039856
     0.21093190
     0.21163758
     0.21234499
     0.21305412
     0.21329175
     0.21310151
     0.21276036
     0.21241961
     0.21220547
     0.21332248
     0.21435533
     0.21515088
     0.21594856
     0.21674839
     0.21755036
     0.21860629
     0.22052771
     0.22220535
     0.22362723
     0.22550856
     0.22788302
     0.23022934
     0.23259254
     0.23497259
     0.23736947
     0.23978313
     0.24221353
     0.24429190
     0.24624468
     0.24820794
     0.25021349
     0.00000000
     0.00000000
     0.00000000
     0.00000000
     0.00000000
     0.00000000
     0.01010101
     0.02020202
     0.03030303
     0.04040404
     0.05050505
     0.06060606
     0.07070707
     0.08080808
     0.09090909
     0.10101010
     0.11111111
     0.12121212
     0.13131313
     0.14141414
     0.15151515
     0.16161616
     0.17171717
     0.18181818
     0.19191919
     0.19577843
     0.19692875
     0.19808416
     0.19924467
     0.20041028
     0.20158100
     0.20275681
     0.20393774
     0.20512377
     0.20631491
     0.20751116
     0.20871253
     0.20991900
     0.21113059
     0.21222099
     0.21329248
     0.21385057
     0.21313897
     0.21215105
     0.21116648
     0.21018526
     0.20920740
     0.20823288
     0.20726171
     0.20629390
     0.20531143
     0.20433135
     0.20345164
     0.20278427
     0.20211854
     0.20145444
     0.20202648
     0.20320977
     0.20477312
     0.20629252
     0.20781391
     0.20916528
     0.21000972
     0.21076060
     0.21122475
     0.21138329
     0.21136654
     0.21134980
     0.21133306
     0.21192016
     0.21262825
     0.21333807
     0.21404962
     0.21407540
     0.21388376
     0.21354170
     0.21320003
     0.21285877
     0.21286193
     0.21358739
     0.21438086
     0.21517648
     0.21597424
     0.21677414
     0.21757677
     0.21957002
     0.22110782
     0.22263380
     0.22475962
     0.22713628
     0.22953063
     0.23189481
     0.23426990
     0.23666182
     0.23907054
     0.24149603
     0.24387329
     0.24582381
     0.24778482
     0.24975629
     0.00000000
     0.00000000
     0.00000000
     0.00000000
     0.00000000
     0.00000000
     0.01010101
     0.02020202
     0.03030303
     0.04040404
     0.05050505
     0.06060606
     0.07070707
     0.08080808
     0.09090909
     0.10101010
     0.11111111
     0.12121212
     0.13131313
     0.14141414
     0.15151515
     0.16161616
     0.17171717
     0.18181818
     0.19191919
     0.19621621
     0.19736847
     0.19852583
     0.19968828
     0.20085584
     0.20202849
     0.20320625
     0.20438912
     0.20557710
     0.20677019
     0.20796839
     0.20917171
     0.21038013
     0.21148755
     0.21255634
     0.21362907
     0.21381328
     0.21294123
     0.21195398
     0.21097009
     0.20998954
     0.20901234
     0.20803360
     0.20704391
     0.20605770
     0.20507498
     0.20409573
     0.20311997
     0.20244957
     0.20178465
     0.20155502
     0.20261128
     0.20399130
     0.20556404
     0.20708777
     0.20858909
     0.20994358
     0.21069842
     0.21144454
     0.21192513
     0.21232098
     0.21230418
     0.21228739
     0.21227059
     0.21291180
     0.21362231
     0.21433454
     0.21489752
     0.21486115
     0.21466809
     0.21432512
     0.21398254
     0.21301014
     0.21203622
     0.21282145
     0.21361286
     0.21440640
     0.21520209
     0.21599991
     0.21681275
     0.21854555
     0.22001419
     0.22193148
     0.22401245
     0.22638352
     0.22877228
     0.23117872
     0.23356867
     0.23595564
     0.23835942
     0.24077997
     0.24321725
     0.24540343
     0.24736218
     0.24933141
     0.00000000
     0.00000000
     0.00000000
     0.00000000
     0.00000000
     0.00000000
     0.01010101
     0.02020202
     0.03030303
     0.04040404
     0.05050505
     0.06060606
     0.07070707
     0.08080808
     0.09090909
     0.10101010
     0.11111111
     0.12121212
     0.13131313
     0.14141414
     0.15151515
     0.16161616
     0.17171717
     0.18181818
     0.19191919
     0.19665474
     0.19780894
     0.19896823
     0.20013263
     0.20130213
     0.20247673
     0.20365644
     0.20484126
     0.20603118
     0.20722622
     0.20842637
     0.20963163
     0.21075597
     0.21182206
     0.21289209
     0.21396605
     0.21373356
     0.21274363
     0.21175705
     0.21077382
     0.20978299
     0.20878717
     0.20779483
     0.20680598
     0.20582061
     0.20483872
     0.20386032
     0.20288539
     0.20211527
     0.20145118
     0.20213880
     0.20319814
     0.20477506
     0.20635722
     0.20788529
     0.20937886
     0.21063212
     0.21138878
     0.21213011
     0.21262721
     0.21307403
     0.21324486
     0.21322801
     0.21321116
     0.21390682
     0.21461974
     0.21533439
     0.21568546
     0.21564900
     0.21545451
     0.21511063
     0.21421698
     0.21271266
     0.21127341
     0.21205753
     0.21284686
     0.21363833
     0.21443194
     0.21522769
     0.21605066
     0.21739222
     0.21917404
     0.22123074
     0.22326705
     0.22563252
     0.22801570
     0.23041655
     0.23283507
     0.23525091
     0.23764974
     0.24006536
     0.24249771
     0.24494677
     0.24694003
     0.24890701
     0.00000000
     0.00000000
     0.00000000
     0.00000000
     0.00000000
     0.00000000
     0.01010101
     0.02020202
     0.03030303
     0.04040404
     0.05050505
     0.06060606
     0.07070707
     0.08080808
     0.09090909
     0.10101010
     0.11111111
     0.12121212
     0.13131313
     0.14141414
     0.15151515
     0.16161616
     0.17171717
     0.18181818
     0.19191919
     0.19709400
     0.19825014
     0.19941138
     0.20057772
     0.20174916
     0.20292571
     0.20410737
     0.20529413
     0.20648600
     0.20768299
     0.20888509
     0.21002625
     0.21108964
     0.21215696
     0.21322822
     0.21430342
     0.21353542
     0.21254616
     0.21154315
     0.21054121
     0.20954274
     0.20854776
     0.20755626
     0.20656825
     0.20558372
     0.20460267
     0.20362511
     0.20265102
     0.20178139
     0.20166714
     0.20272384
     0.20397963
     0.20556105
     0.20715155
     0.20868507
     0.21020086
     0.21132232
     0.21207662
     0.21281730
     0.21333098
     0.21377888
     0.21418857
     0.21417166
     0.21419160
     0.21490521
     0.21562055
     0.21633762
     0.21647549
     0.21643893
     0.21624302
     0.21542879
     0.21391827
     0.21241547
     0.21101774
     0.21129560
     0.21208286
     0.21287226
     0.21366380
     0.21445748
     0.21529052
     0.21631793
     0.21841186
     0.22052035
     0.22255845
     0.22488330
     0.22726088
     0.22965615
     0.23206909
     0.23449966
     0.23694153
     0.23935220
     0.24177963
     0.24422378
     0.24651836
     0.24848309
     0.00000000
     0.00000000
     0.00000000
     0.00000000
     0.00000000
     0.00000000
     0.01010101
     0.02020202
     0.03030303
     0.04040404
     0.05050505
     0.06060606
     0.07070707
     0.08080808
     0.09090909
     0.10101010
     0.11111111
     0.12121212
     0.13131313
     0.14141414
     0.15151515
     0.16161616
     0.17171717
     0.18181818
     0.19191919
     0.19753400
     0.19869208
     0.19985526
     0.20102355
     0.20219694
     0.20337543
     0.20455903
     0.20574774
     0.20694157
     0.20814050
     0.20929839
     0.21035907
     0.21142369
     0.21249224
     0.21356474
     0.21432567
     0.21331410
     0.21230602
     0.21130143
     0.21030032
     0.20930270
     0.20830855
     0.20731790
     0.20633072
     0.20534703
     0.20436682
     0.20339010
     0.20241685
     0.20144792
     0.20225116
     0.20331014
     0.20476336
     0.20634928
     0.20794428
     0.20948712
     0.21102523
     0.21201417
     0.21276369
     0.21350611
     0.21403645
     0.21448543
     0.21493509
     0.21511835
     0.21519096
     0.21590699
     0.21662475
     0.21730427
     0.21726761
     0.21723096
     0.21664556
     0.21512884
     0.21361986
     0.21211859
     0.21076230
     0.21053569
     0.21132087
     0.21210820
     0.21289767
     0.21368928
     0.21442941
     0.21568428
     0.21765159
     0.21975480
     0.22185629
     0.22413584
     0.22650783
     0.22889751
     0.23130487
     0.23372988
     0.23617249
     0.23863269
     0.24106300
     0.24350222
     0.24595813
     0.24805965
     0.00000000
     0.00000000
     0.00000000
     0.00000000
     0.00000000
     0.00000000
     0.01010101
     0.02020202
     0.03030303
     0.04040404
     0.05050505
     0.06060606
     0.07070707
     0.08080808
     0.09090909
     0.10101010
     0.11111111
     0.12121212
     0.13131313
     0.14141414
     0.15151515
     0.16161616
     0.17171717
     0.18181818
     0.19191919
     0.19797474
     0.19913476
     0.20029989
     0.20147012
     0.20264546
     0.20382590
     0.20501144
     0.20620210
     0.20739787
     0.20857238
     0.20963036
     0.21069227
     0.21175812
     0.21283896
     0.21393497
     0.21408163
     0.21307090
     0.21206366
     0.21105991
     0.21005964
     0.20906285
     0.20806955
     0.20707973
     0.20609340
     0.20511055
     0.20413118
     0.20315529
     0.20218288
     0.20189627
     0.20283644
     0.20396796
     0.20554932
     0.20713974
     0.20873924
     0.21029143
     0.21184086
     0.21270768
     0.21345237
     0.21419655
     0.21474362
     0.21519367
     0.21564441
     0.21606807
     0.21619371
     0.21691215
     0.21763232
     0.21809858
     0.21806183
     0.21770892
     0.21634439
     0.21482921
     0.21332175
     0.21182202
     0.21050709
     0.20990400
     0.21056089
     0.21134614
     0.21213354
     0.21292308
     0.21374364
     0.21513219
     0.21689324
     0.21899117
     0.22110367
     0.22339014
     0.22575654
     0.22814064
     0.23054242
     0.23296185
     0.23539891
     0.23785355
     0.24032574
     0.24278212
     0.24523312
     0.24763670
     0.00000000
     0.00000000
     0.00000000
     0.00000000
     0.00000000
     0.00000000
     0.01010101
     0.02020202
     0.03030303
     0.04040404
     0.05050505
     0.06060606
     0.07070707
     0.08080808
     0.09090909
     0.10101010
     0.11111111
     0.12121212
     0.13131313
     0.14141414
     0.15151515
     0.16161616
     0.17171717
     0.18181818
     0.19191919
     0.19841622
     0.19957819
     0.20074526
     0.20191743
     0.20309471
     0.20427710
     0.20546460
     0.20665720
     0.20784823
     0.20890350
     0.20996271
     0.21104369
     0.21213295
     0.21322632
     0.21432379
     0.21383779
     0.21282791
     0.21182151
     0.21081859
     0.20981916
     0.20882321
     0.20783075
     0.20684177
     0.20585628
     0.20487426
     0.20389573
     0.20292068
     0.20194911
     0.20260559
     0.20342298
     0.20475165
     0.20633751
     0.20793244
     0.20953644
     0.21109800
     0.21265177
     0.21339864
     0.21414268
     0.21488860
     0.21545248
     0.21590361
     0.21635543
     0.21680793
     0.21719983
     0.21792069
     0.21864327
     0.21889499
     0.21862763
     0.21737079
     0.21604352
     0.21452987
     0.21302395
     0.21152574
     0.21025210
     0.20964955
     0.20980292
     0.21058610
     0.21137142
     0.21219614
     0.21319517
     0.21458114
     0.21613679
     0.21822945
     0.22033668
     0.22261735
     0.22500702
     0.22738553
     0.22978172
     0.23219558
     0.23462707
     0.23707617
     0.23954282
     0.24202700
     0.24450955
     0.24697230
     0.00000000
     0.00000000
     0.00000000
     0.00000000
     0.00000000
     0.00000000
     0.01010101
     0.02020202
     0.03030303
     0.04040404
     0.05050505
     0.06060606
     0.07070707
     0.08080808
     0.09090909
     0.10101010
     0.11111111
     0.12121212
     0.13131313
     0.14141414
     0.15151515
     0.16161616
     0.17171717
     0.18181818
     0.19191919
     0.19885844
     0.20002235
     0.20119137
     0.20236549
     0.20354471
     0.20472905
     0.20591849
     0.20711304
     0.20818113
     0.20925954
     0.21034205
     0.21142866
     0.21251938
     0.21361419
     0.21454335
     0.21359415
     0.21258511
     0.21157955
     0.21057747
     0.20957888
     0.20858378
     0.20759215
     0.20660401
     0.20561936
     0.20463818
     0.20366049
     0.20268628
     0.20251795
     0.20331677
     0.20411793
     0.20553758
     0.20712794
     0.20872737
     0.21033588
     0.21190683
     0.21345506
     0.21408882
     0.21483461
     0.21558228
     0.21616304
     0.21661525
     0.21706814
     0.21752172
     0.21820933
     0.21893260
     0.21965760
     0.21954913
     0.21828848
     0.21703305
     0.21574296
     0.21423084
     0.21272645
     0.21122978
     0.20999734
     0.20939533
     0.20904695
     0.20982805
     0.21061130
     0.21165630
     0.21264773
     0.21403111
     0.21542102
     0.21746965
     0.21957159
     0.22179513
     0.22425927
     0.22663218
     0.22902279
     0.23143107
     0.23385700
     0.23630053
     0.23876164
     0.24124029
     0.24373643
     0.24624528
     0.00000000
     0.00000000
     0.00000000
     0.00000000
     0.00000000
     0.00000000
     0.01010101
     0.02020202
     0.03030303
     0.04040404
     0.05050505
     0.06060606
     0.07070707
     0.08080808
     0.09090909
     0.10101010
     0.11111111
     0.12121212
     0.13131313
     0.14141414
     0.15151515
     0.16161616
     0.17171717
     0.18181818
     0.19191919
     0.19930140
     0.20046726
     0.20163822
     0.20281428
     0.20399546
     0.20518174
     0.20637741
     0.20748651
     0.20856226
     0.20964212
     0.21072608
     0.21181415
     0.21290631
     0.21400258
     0.21436241
     0.21335072
     0.21234252
     0.21133780
     0.21033656
     0.20933881
     0.20834454
     0.20735376
     0.20636646
     0.20538264
     0.20440230
     0.20342545
     0.20245208
     0.20322889
     0.20402980
     0.20497327
     0.20632574
     0.20792061
     0.20952454
     0.21113755
     0.21271793
     0.21416540
     0.21478063
     0.21552816
     0.21627759
     0.21687529
     0.21732858
     0.21778255
     0.21823720
     0.21905891
     0.21994789
     0.22047342
     0.21920895
     0.21794970
     0.21669568
     0.21544270
     0.21393212
     0.21242925
     0.21093411
     0.20974281
     0.20914133
     0.20854112
     0.20907202
     0.21004776
     0.21109204
     0.21210132
     0.21348210
     0.21486942
     0.21671175
     0.21880842
     0.22097508
     0.22343621
     0.22588060
     0.22826563
     0.23066833
     0.23308868
     0.23552666
     0.23798222
     0.24045533
     0.24294595
     0.24545402
     0.00000000
     0.00000000
     0.00000000
     0.00000000
     0.00000000
     0.00000000
     0.01010101
     0.02020202
     0.03030303
     0.04040404
     0.05050505
     0.06060606
     0.07070707
     0.08080808
     0.09090909
     0.10101010
     0.11111111
     0.12121212
     0.13131313
     0.14141414
     0.15151515
     0.16161616
     0.17171717
     0.18181818
     0.19191919
     0.19974510
     0.20091290
     0.20208581
     0.20326382
     0.20445427
     0.20565243
     0.20679359
     0.20786670
     0.20894391
     0.21002522
     0.21111063
     0.21220014
     0.21329376
     0.21425765
     0.21411834
     0.21310749
     0.21210012
     0.21109624
     0.21009585
     0.20909894
     0.20810551
     0.20711556
     0.20612910
     0.20514612
     0.20416663
     0.20319061
     0.20314105
     0.20394170
     0.20474469
     0.20588613
     0.20721358
     0.20871550
     0.21032394
     0.21194146
     0.21353129
     0.21487204
     0.21549490
     0.21622334
     0.21697451
     0.21758924
     0.21804360
     0.21849865
     0.21895438
     0.21989888
     0.22103035
     0.22013797
     0.21886915
     0.21761131
     0.21635870
     0.21511131
     0.21363369
     0.21213236
     0.21063875
     0.20948850
     0.20888756
     0.20828789
     0.20832624
     0.20963442
     0.21052888
     0.21155593
     0.21293413
     0.21431886
     0.21595577
     0.21804716
     0.22015720
     0.22261183
     0.22508593
     0.22751022
     0.22990734
     0.23232212
     0.23475453
     0.23720454
     0.23967212
     0.24215721
     0.24465977
     0.00000000
     0.00000000
     0.00000000
     0.00000000
     0.00000000
     0.00000000
     0.01010101
     0.02020202
     0.03030303
     0.04040404
     0.05050505
     0.06060606
     0.07070707
     0.08080808
     0.09090909
     0.10101010
     0.11111111
     0.12121212
     0.13131313
     0.14141414
     0.15151515
     0.16161616
     0.17171717
     0.18181818
     0.19191919
     0.20018955
     0.20135982
     0.20254446
     0.20373430
     0.20492933
     0.20610239
     0.20717285
     0.20824740
     0.20932606
     0.21040882
     0.21149569
     0.21258665
     0.21368172
     0.21446369
     0.21387447
     0.21286446
     0.21185794
     0.21085489
     0.20985534
     0.20885926
     0.20786668
     0.20687757
     0.20589195
     0.20490981
     0.20393115
     0.20305323
     0.20385363
     0.20465636
     0.20547650
     0.20680200
     0.20813381
     0.20951264
     0.21112558
     0.21274760
     0.21434692
     0.21557901
     0.21622152
     0.21692014
     0.21767306
     0.21830488
     0.21876032
     0.21921645
     0.21967326
     0.22074685
     0.22098414
     0.21989548
     0.21858625
     0.21728264
     0.21602209
     0.21477611
     0.21333557
     0.21183577
     0.21034369
     0.20923442
     0.20863402
     0.20803488
     0.20791539
     0.20912256
     0.20996682
     0.21101157
     0.21238718
     0.21376932
     0.21520169
     0.21728781
     0.21938849
     0.22178963
     0.22425722
     0.22674428
     0.22914812
     0.23155732
     0.23398417
     0.23642862
     0.23889065
     0.24137021
     0.24386726
     0.00000000
     0.00000000
     0.00000000
     0.00000000
     0.00000000
     0.00000000
     0.01010101
     0.02020202
     0.03030303
     0.04040404
     0.05050505
     0.06060606
     0.07070707
     0.08080808
     0.09090909
     0.10101010
     0.11111111
     0.12121212
     0.13131313
     0.14141414
     0.15151515
     0.16161616
     0.17171717
     0.18181818
     0.19191919
     0.20064800
     0.20182952
     0.20301622
     0.20420812
     0.20540521
     0.20648071
     0.20755261
     0.20862862
     0.20970873
     0.21079294
     0.21188126
     0.21297368
     0.21397224
     0.21464346
     0.21363081
     0.21262164
     0.21161595
     0.21061375
     0.20961503
     0.20861980
     0.20762805
     0.20663978
     0.20565500
     0.20467370
     0.20369588
     0.20376558
     0.20456806
     0.20537288
     0.20639102
     0.20772087
     0.20905704
     0.21039952
     0.21192945
     0.21355598
     0.21516481
     0.21628766
     0.21694990
     0.21761856
     0.21837323
     0.21902222
     0.21947874
     0.21993594
     0.22051226
     0.22077370
     0.22062284
     0.21964858
     0.21834499
     0.21704242
     0.21574548
     0.21445417
     0.21303775
     0.21153948
     0.21004893
     0.20898057
     0.20838070
     0.20794679
     0.20787488
     0.20856326
     0.20940586
     0.21046824
     0.21184125
     0.21322080
     0.21460689
     0.21653037
     0.21862578
     0.22096959
     0.22343069
     0.22591124
     0.22839066
     0.23079429
     0.23321556
     0.23565446
     0.23811093
     0.24058496
     0.24307649
     0.00000000
     0.00000000
     0.00000000
     0.00000000
     0.00000000
     0.00000000
     0.01010101
     0.02020202
     0.03030303
     0.04040404
     0.05050505
     0.06060606
     0.07070707
     0.08080808
     0.09090909
     0.10101010
     0.11111111
     0.12121212
     0.13131313
     0.14141414
     0.15151515
     0.16161616
     0.17171717
     0.18181818
     0.19191919
     0.20111646
     0.20230003
     0.20348880
     0.20468276
     0.20579028
     0.20685953
     0.20793289
     0.20901035
     0.21009192
     0.21117758
     0.21226735
     0.21336122
     0.21417807
     0.21439916
     0.21338734
     0.21237901
     0.21137416
     0.21037280
     0.20937492
     0.20838053
     0.20738962
     0.20640219
     0.20541825
     0.20443779
     0.20367757
     0.20447979
     0.20528435
     0.20609126
     0.20730855
     0.20864276
     0.20998329
     0.21133013
     0.21273556
     0.21436659
     0.21598440
     0.21699800
     0.21768006
     0.21831860
     0.21907502
     0.21974126
     0.22019885
     0.22065712
     0.22056394
     0.22069578
     0.22020637
     0.21923342
     0.21810393
     0.21680240
     0.21550650
     0.21421622
     0.21281727
     0.21126356
     0.20975448
     0.20872694
     0.20812761
     0.20803543
     0.20796904
     0.20800507
     0.20884601
     0.20992594
     0.21129636
     0.21267331
     0.21405681
     0.21577485
     0.21786497
     0.22015173
     0.22260632
     0.22508038
     0.22757388
     0.23003301
     0.23244871
     0.23488204
     0.23733297
     0.23980146
     0.24228746
     0.00000000
     0.00000000
     0.00000000
     0.00000000
     0.00000000
     0.00000000
     0.01010101
     0.02020202
     0.03030303
     0.04040404
     0.05050505
     0.06060606
     0.07070707
     0.08080808
     0.09090909
     0.10101010
     0.11111111
     0.12121212
     0.13131313
     0.14141414
     0.15151515
     0.16161616
     0.17171717
     0.18181818
     0.19191919
     0.20158573
     0.20277137
     0.20396220
     0.20510156
     0.20616817
     0.20723888
     0.20831369
     0.20939260
     0.21047561
     0.21156273
     0.21265395
     0.21368710
     0.21438405
     0.21415506
     0.21314408
     0.21213659
     0.21113258
     0.21013206
     0.20913502
     0.20814147
     0.20715140
     0.20616481
     0.20518170
     0.20420208
     0.20439154
     0.20519585
     0.20600250
     0.20689683
     0.20822909
     0.20956766
     0.21091254
     0.21226374
     0.21362125
     0.21517944
     0.21669402
     0.21771002
     0.21841198
     0.21902027
     0.21977843
     0.22046198
     0.22092065
     0.22068237
     0.22048554
     0.22061787
     0.21979046
     0.21881884
     0.21785031
     0.21656257
     0.21526770
     0.21397847
     0.21263806
     0.21108530
     0.20954086
     0.20850311
     0.20825776
     0.20828211
     0.20830646
     0.20779524
     0.20828726
     0.20938466
     0.21075249
     0.21212685
     0.21350776
     0.21502123
     0.21710608
     0.21933605
     0.22178413
     0.22425168
     0.22673869
     0.22924513
     0.23168362
     0.23411139
     0.23655676
     0.23901970
     0.24150018
     0.00000000
     0.00000000
     0.00000000
     0.00000000
     0.00000000
     0.00000000
     0.01010101
     0.02020202
     0.03030303
     0.04040404
     0.05050505
     0.06060606
     0.07070707
     0.08080808
     0.09090909
     0.10101010
     0.11111111
     0.12121212
     0.13131313
     0.14141414
     0.15151515
     0.16161616
     0.17171717
     0.18181818
     0.19191919
     0.20202020
     0.20324352
     0.20441456
     0.20547852
     0.20654657
     0.20761873
     0.20869499
     0.20977536
     0.21085982
     0.21194839
     0.21304106
     0.21389273
     0.21459017
     0.21391116
     0.21290102
     0.21189437
     0.21089120
     0.20989152
     0.20889532
     0.20790261
     0.20691337
     0.20592763
     0.20494536
     0.20430332
     0.20510737
     0.20591377
     0.20672251
     0.20781602
     0.20915263
     0.21049556
     0.21184481
     0.21320036
     0.21456223
     0.21604927
     0.21740532
     0.21842373
     0.21914568
     0.21972355
     0.22048346
     0.22118440
     0.22101716
     0.22047015
     0.22040769
     0.22034850
     0.21937511
     0.21840481
     0.21743761
     0.21632292
     0.21502910
     0.21374090
     0.21245834
     0.21090715
     0.20936367
     0.20857115
     0.20859553
     0.20861991
     0.20858303
     0.20802390
     0.20807738
     0.20884441
     0.21020965
     0.21158142
     0.21295973
     0.21434459
     0.21634910
     0.21852254
     0.22096411
     0.22342516
     0.22590567
     0.22840562
     0.23092029
     0.23334249
     0.23578230
     0.23823970
     0.24071464
     0.24320708
     0.00000000
     0.00000000
     0.00000000
     0.00000000
     0.00000000
     0.01010101
     0.02020202
     0.03030303
     0.04040404
     0.05050505
     0.06060606
     0.07070707
     0.08080808
     0.09090909
     0.10101010
     0.11111111
     0.12121212
     0.13131313
     0.14141414
     0.15151515
     0.16161616
     0.17171717
     0.18181818
     0.19191919
     0.20202020
     0.20371649
     0.20479057
     0.20585598
     0.20692549
     0.20799910
     0.20907682
     0.21015863
     0.21124455
     0.21233457
     0.21340223
     0.21409851
     0.21468024
     0.21366746
     0.21265817
     0.21165235
     0.21065002
     0.20965118
     0.20865582
     0.20766395
     0.20667555
     0.20569065
     0.20470922
     0.20501893
     0.20582506
     0.20663355
     0.20744438
     0.20873822
     0.21007919
     0.21142648
     0.21278008
     0.21414000
     0.21550622
     0.21702063
     0.21811831
     0.21913912
     0.21988116
     0.22042950
     0.22119011
     0.22135232
     0.22080471
     0.22028650
     0.22032986
     0.21993240
     0.21896033
     0.21799135
     0.21702547
     0.21606269
     0.21479069
     0.21350353
     0.21222201
     0.21072911
     0.20918659
     0.20890929
     0.20893370
     0.20895811
     0.20881705
     0.20825747
     0.20796478
     0.20863721
     0.20966783
     0.21103701
     0.21241274
     0.21379500
     0.21559404
     0.21771121
     0.22014626
     0.22260081
     0.22507482
     0.22756828
     0.23008116
     0.23257535
     0.23500960
     0.23746145
     0.23993085
     0.24272483
     0.00000000
     0.00000000
     0.00000000
     0.00000000
     0.00000000
     0.01010101
     0.02020202
     0.03030303
     0.04040404
     0.05050505
     0.06060606
     0.07070707
     0.08080808
     0.09090909
     0.10101010
     0.11111111
     0.12121212
     0.13131313
     0.14141414
     0.15151515
     0.16161616
     0.17171717
     0.18181818
     0.19191919
     0.20202020
     0.20410434
     0.20516710
     0.20623396
     0.20730492
     0.20837999
     0.20945915
     0.21054242
     0.21162979
     0.21272126
     0.21360767
     0.21430443
     0.21443591
     0.21342397
     0.21241551
     0.21141054
     0.21040905
     0.20941105
     0.20841653
     0.20742549
     0.20643794
     0.20545387
     0.20493051
     0.20573639
     0.20654461
     0.20735519
     0.20832440
     0.20966342
     0.21100876
     0.21236040
     0.21371837
     0.21508264
     0.21645322
     0.21800150
     0.21883298
     0.21985620
     0.22061840
     0.22116806
     0.22141354
     0.22113964
     0.22059241
     0.22011987
     0.22025204
     0.21951686
     0.21854611
     0.21757846
     0.21661390
     0.21565244
     0.21455247
     0.21326636
     0.21198587
     0.21055118
     0.20941776
     0.20924783
     0.20927227
     0.20929671
     0.20905127
     0.20849122
     0.20793228
     0.20854282
     0.20942967
     0.21049363
     0.21186677
     0.21324644
     0.21484088
     0.21692447
     0.21933059
     0.22177863
     0.22424614
     0.22673311
     0.22923950
     0.23176530
     0.23423865
     0.23668495
     0.23948067
     0.24257917
     0.00000000
     0.00000000
     0.00000000
     0.00000000
     0.00000000
     0.01010101
     0.02020202
     0.03030303
     0.04040404
     0.05050505
     0.06060606
     0.07070707
     0.08080808
     0.09090909
     0.10101010
     0.11111111
     0.12121212
     0.13131313
     0.14141414
     0.15151515
     0.16161616
     0.17171717
     0.18181818
     0.19191919
     0.20202020
     0.20447994
     0.20554415
     0.20661246
     0.20768487
     0.20876138
     0.20984200
     0.21092672
     0.21201554
     0.21310846
     0.21381324
     0.21451049
     0.21419178
     0.21318068
     0.21217306
     0.21116893
     0.21016828
     0.20917111
     0.20817743
     0.20718723
     0.20620052
     0.20521729
     0.20564774
     0.20645571
     0.20726602
     0.20807869
     0.20924826
     0.21059164
     0.21194133
     0.21329734
     0.21465966
     0.21602829
     0.21747385
     0.21883898
     0.21960176
     0.22057496
     0.22135741
     0.22147089
     0.22118500
     0.22092710
     0.22039583
     0.22004211
     0.22007441
     0.21910189
     0.21813246
     0.21716613
     0.21620289
     0.21524275
     0.21428571
     0.21302937
     0.21174992
     0.21052430
     0.20971710
     0.20958678
     0.20961125
     0.20963571
     0.20928569
     0.20872517
     0.20816577
     0.20844846
     0.20933501
     0.21022433
     0.21132182
     0.21269890
     0.21408964
     0.21616794
     0.21851710
     0.22095862
     0.22341963
     0.22590010
     0.22840001
     0.23091933
     0.23345803
     0.23626635
     0.23933635
     0.24243357
     0.00000000
     0.00000000
     0.00000000
     0.00000000
     0.00000000
     0.01010101
     0.02020202
     0.03030303
     0.04040404
     0.05050505
     0.06060606
     0.07070707
     0.08080808
     0.09090909
     0.10101010
     0.11111111
     0.12121212
     0.13131313
     0.14141414
     0.15151515
     0.16161616
     0.17171717
     0.18181818
     0.19191919
     0.20202020
     0.20485604
     0.20592170
     0.20699147
     0.20806533
     0.20914329
     0.21022536
     0.21131153
     0.21240180
     0.21332288
     0.21401897
     0.21471670
     0.21394785
     0.21293759
     0.21193081
     0.21092752
     0.20992771
     0.20893138
     0.20793854
     0.20694918
     0.20596331
     0.20555912
     0.20636683
     0.20717689
     0.20798929
     0.20883370
     0.21017513
     0.21152287
     0.21287692
     0.21423728
     0.21560396
     0.21697695
     0.21850431
     0.21967878
     0.22044365
     0.22129540
     0.22173598
     0.22122000
     0.22095662
     0.22071229
     0.22022559
     0.21996437
     0.21965868
     0.21868748
     0.21771937
     0.21675436
     0.21579245
     0.21483363
     0.21387792
     0.21279258
     0.21151417
     0.21082481
     0.21001677
     0.20992613
     0.20995063
     0.20997512
     0.20952029
     0.20895932
     0.20839945
     0.20835413
     0.20924039
     0.21012941
     0.21102120
     0.21215239
     0.21353342
     0.21541334
     0.21770578
     0.22014079
     0.22259529
     0.22506926
     0.22756268
     0.23007552
     0.23297102
     0.23610257
     0.23919208
     0.24228803
     0.00000000
     0.00000000
     0.00000000
     0.00000000
     0.00000000
     0.01010101
     0.02020202
     0.03030303
     0.04040404
     0.05050505
     0.06060606
     0.07070707
     0.08080808
     0.09090909
     0.10101010
     0.11111111
     0.12121212
     0.13131313
     0.14141414
     0.15151515
     0.16161616
     0.17171717
     0.18181818
     0.19191919
     0.20202020
     0.20523266
     0.20629977
     0.20737099
     0.20844630
     0.20952572
     0.21060924
     0.21169686
     0.21278858
     0.21352826
     0.21422483
     0.21471703
     0.21370412
     0.21269470
     0.21168876
     0.21068631
     0.20968734
     0.20869185
     0.20769985
     0.20671133
     0.20572630
     0.20627798
     0.20708778
     0.20789993
     0.20871442
     0.20975922
     0.21110500
     0.21245710
     0.21381551
     0.21518024
     0.21655127
     0.21792862
     0.21953827
     0.22052088
     0.22128786
     0.22174292
     0.22148487
     0.22097277
     0.22072842
     0.22048955
     0.22005545
     0.21988665
     0.21924351
     0.21827363
     0.21730685
     0.21634316
     0.21538257
     0.21442508
     0.21347069
     0.21251939
     0.21165129
     0.21111836
     0.21031674
     0.21026589
     0.21029041
     0.21031494
     0.20975509
     0.20919365
     0.20863332
     0.20842493
     0.20914579
     0.21003452
     0.21092602
     0.21182029
     0.21298535
     0.21466064
     0.21689664
     0.21932514
     0.22177313
     0.22424060
     0.22672752
     0.22961913
     0.23271930
     0.23584851
     0.23900669
     0.24214255
     0.00000000
     0.00000000
     0.00000000
     0.00000000
     0.00000000
     0.01010101
     0.02020202
     0.03030303
     0.04040404
     0.05050505
     0.06060606
     0.07070707
     0.08080808
     0.09090909
     0.10101010
     0.11111111
     0.12121212
     0.13131313
     0.14141414
     0.15151515
     0.16161616
     0.17171717
     0.18181818
     0.19191919
     0.20202020
     0.20560979
     0.20667836
     0.20775102
     0.20882779
     0.20990866
     0.21099363
     0.21208270
     0.21303837
     0.21373378
     0.21443084
     0.21447267
     0.21346060
     0.21245202
     0.21144692
     0.21044530
     0.20944717
     0.20845252
     0.20746136
     0.20647368
     0.20618916
     0.20699870
     0.20781059
     0.20862483
     0.20944141
     0.21068775
     0.21203789
     0.21339435
     0.21475712
     0.21612620
     0.21750159
     0.21895976
     0.22057575
     0.22136530
     0.22190936
     0.22153282
     0.22123398
     0.22074455
     0.22050039
     0.22030570
     0.21988540
     0.21980056
     0.21882891
     0.21786035
     0.21689489
     0.21593253
     0.21497326
     0.21401709
     0.21306402
     0.21222619
     0.21189742
     0.21136404
     0.21061704
     0.21060604
     0.21063060
     0.21055309
     0.20999008
     0.20942818
     0.20886739
     0.20867727
     0.20905123
     0.20993967
     0.21083087
     0.21172484
     0.21262159
     0.21390986
     0.21608967
     0.21851166
     0.22095314
     0.22341410
     0.22630123
     0.22936994
     0.23246777
     0.23559464
     0.23875048
     0.24193522
     0.00000000
     0.00000000
     0.00000000
     0.00000000
     0.00000000
     0.01010101
     0.02020202
     0.03030303
     0.04040404
     0.05050505
     0.06060606
     0.07070707
     0.08080808
     0.09090909
     0.10101010
     0.11111111
     0.12121212
     0.13131313
     0.14141414
     0.15151515
     0.16161616
     0.17171717
     0.18181818
     0.19191919
     0.20202020
     0.20598744
     0.20705745
     0.20813157
     0.20920979
     0.21029211
     0.21137853
     0.21246905
     0.21324355
     0.21393945
     0.21463700
     0.21422851
     0.21321728
     0.21220953
     0.21120527
     0.21020450
     0.20920721
     0.20821340
     0.20722308
     0.20623624
     0.20690965
     0.20772128
     0.20853526
     0.20935158
     0.21027109
     0.21161928
     0.21297379
     0.21433460
     0.21570173
     0.21707517
     0.21845492
     0.21999528
     0.22144276
     0.22206759
     0.22169837
     0.22132285
     0.22098328
     0.22051651
     0.22031182
     0.22012196
     0.21971544
     0.21938520
     0.21841487
     0.21744763
     0.21648350
     0.21552246
     0.21456451
     0.21360967
     0.21265792
     0.21230374
     0.21209922
     0.21160993
     0.21092203
     0.21094661
     0.21097119
     0.21078874
     0.21022527
     0.20966291
     0.20910165
     0.20892984
     0.20895670
     0.20984484
     0.21073575
     0.21162943
     0.21252588
     0.21342509
     0.21528488
     0.21770035
     0.22013532
     0.22301740
     0.22605459
     0.22912095
     0.23221643
     0.23534095
     0.23849446
     0.24167687
     0.00000000
     0.00000000
     0.00000000
     0.00000000
     0.00000000
     0.01010101
     0.02020202
     0.03030303
     0.04040404
     0.05050505
     0.06060606
     0.07070707
     0.08080808
     0.09090909
     0.10101010
     0.11111111
     0.12121212
     0.13131313
     0.14141414
     0.15151515
     0.16161616
     0.17171717
     0.18181818
     0.19191919
     0.20202020
     0.20636560
     0.20743706
     0.20851263
     0.20959230
     0.21067607
     0.21176395
     0.21275413
     0.21344887
     0.21414526
     0.21484329
     0.21398455
     0.21297416
     0.21196725
     0.21096383
     0.20996390
     0.20896744
     0.20797448
     0.20698499
     0.20682063
     0.20763201
     0.20844572
     0.20926179
     0.21008020
     0.21120128
     0.21255383
     0.21391269
     0.21527787
     0.21664935
     0.21802715
     0.21941590
     0.22103430
     0.22222590
     0.22185649
     0.22148752
     0.22111303
     0.22073279
     0.22031794
     0.22012807
     0.21993833
     0.21954558
     0.21897041
     0.21800140
     0.21703548
     0.21607267
     0.21511295
     0.21415633
     0.21320281
     0.21258602
     0.21238131
     0.21217674
     0.21185603
     0.21126296
     0.21128757
     0.21131218
     0.21102458
     0.21046065
     0.20989782
     0.20933610
     0.20918263
     0.20911278
     0.20975005
     0.21064066
     0.21153404
     0.21243020
     0.21332912
     0.21469393
     0.21689122
     0.21976769
     0.22277331
     0.22580815
     0.22887215
     0.23196527
     0.23508746
     0.23823862
     0.24141870
     0.00000000
     0.00000000
     0.00000000
     0.00000000
     0.00000000
     0.01010101
     0.02020202
     0.03030303
     0.04040404
     0.05050505
     0.06060606
     0.07070707
     0.08080808
     0.09090909
     0.10101010
     0.11111111
     0.12121212
     0.13131313
     0.14141414
     0.15151515
     0.16161616
     0.17171717
     0.18181818
     0.19191919
     0.20202020
     0.20674427
     0.20781719
     0.20889421
     0.20997533
     0.21106055
     0.21214988
     0.21295911
     0.21365434
     0.21435121
     0.21475382
     0.21374079
     0.21273124
     0.21172517
     0.21072259
     0.20972350
     0.20872789
     0.20773576
     0.20674711
     0.20754275
     0.20835621
     0.20917202
     0.20999018
     0.21081068
     0.21213448
     0.21349139
     0.21485461
     0.21622414
     0.21759998
     0.21898213
     0.22045296
     0.22207684
     0.22201469
     0.22164553
     0.22127681
     0.22090335
     0.22050183
     0.22013419
     0.21994444
     0.21975481
     0.21944408
     0.21855617
     0.21758849
     0.21662390
     0.21566241
     0.21470401
     0.21374871
     0.21286858
     0.21266367
     0.21245890
     0.21225428
     0.21204980
     0.21160430
     0.21162894
     0.21165358
     0.21126061
     0.21069622
     0.21013293
     0.20957075
     0.20943564
     0.20936573
     0.20965529
     0.21054560
     0.21143869
     0.21233455
     0.21323318
     0.21434774
     0.21694557
     0.21971949
     0.22252941
     0.22556189
     0.22862354
     0.23171431
     0.23483415
     0.23798298
     0.24116072
     0.00000000
     0.00000000
     0.00000000
     0.00000000
     0.00000000
     0.01010101
     0.02020202
     0.03030303
     0.04040404
     0.05050505
     0.06060606
     0.07070707
     0.08080808
     0.09090909
     0.10101010
     0.11111111
     0.12121212
     0.13131313
     0.14141414
     0.15151515
     0.16161616
     0.17171717
     0.18181818
     0.19191919
     0.20202020
     0.20712346
     0.20819783
     0.20927630
     0.21035887
     0.21144554
     0.21247018
     0.21316424
     0.21385995
     0.21455731
     0.21450943
     0.21349724
     0.21248853
     0.21148330
     0.21048156
     0.20948330
     0.20848853
     0.20749724
     0.20745353
     0.20826673
     0.20908228
     0.20990018
     0.21072043
     0.21171573
     0.21307069
     0.21443195
     0.21579953
     0.21717342
     0.21855362
     0.21994012
     0.22149354
     0.22213289
     0.22180363
     0.22143472
     0.22106625
     0.22069381
     0.22029574
     0.21995055
     0.21976092
     0.21957140
     0.21911197
     0.21814251
     0.21717614
     0.21621288
     0.21525271
     0.21429564
     0.21334166
     0.21294630
     0.21274133
     0.21253651
     0.21233183
     0.21212730
     0.21193934
     0.21197071
     0.21199538
     0.21149684
     0.21093198
     0.21036824
     0.20980559
     0.20968888
     0.20961891
     0.20956055
     0.21045058
     0.21134337
     0.21223893
     0.21313726
     0.21460206
     0.21722438
     0.22000087
     0.22280274
     0.22562997
     0.22848253
     0.23146354
     0.23458103
     0.23772752
     0.24090293
     0.00000000
     0.00000000
     0.00000000
     0.00000000
     0.00000000
     0.01010101
     0.02020202
     0.03030303
     0.04040404
     0.05050505
     0.06060606
     0.07070707
     0.08080808
     0.09090909
     0.10101010
     0.11111111
     0.12121212
     0.13131313
     0.14141414
     0.15151515
     0.16161616
     0.17171717
     0.18181818
     0.19191919
     0.20202020
     0.20750316
     0.20857898
     0.20965890
     0.21074292
     0.21183105
     0.21267496
     0.21336950
     0.21406570
     0.21476355
     0.21426524
     0.21325388
     0.21224601
     0.21124163
     0.21024072
     0.20924331
     0.20824937
     0.20736434
     0.20817728
     0.20899257
     0.20981021
     0.21063020
     0.21145253
     0.21265059
     0.21400990
     0.21537553
     0.21674746
     0.21812571
     0.21951026
     0.22091133
     0.22162585
     0.22196180
     0.22159271
     0.22122405
     0.22085583
     0.22048442
     0.22008978
     0.21976703
     0.21957751
     0.21938810
     0.21869755
     0.21772941
     0.21676437
     0.21580242
     0.21484357
     0.21388783
     0.21322920
     0.21302404
     0.21281902
     0.21261414
     0.21240941
     0.21220482
     0.21219722
     0.21231288
     0.21229968
     0.21173326
     0.21116794
     0.21060373
     0.21004063
     0.20994235
     0.20987231
     0.20980230
     0.21035558
     0.21124808
     0.21214335
     0.21363126
     0.21515652
     0.21750345
     0.22028250
     0.22308693
     0.22591672
     0.22877184
     0.23165224
     0.23455787
     0.23748869
     0.24064533
     0.00000000
     0.00000000
     0.00000000
     0.00000000
     0.00000000
     0.01010101
     0.02020202
     0.03030303
     0.04040404
     0.05050505
     0.06060606
     0.07070707
     0.08080808
     0.09090909
     0.10101010
     0.11111111
     0.12121212
     0.13131313
     0.14141414
     0.15151515
     0.16161616
     0.17171717
     0.18181818
     0.19191919
     0.20202020
     0.20788337
     0.20896064
     0.21004202
     0.21112749
     0.21218650
     0.21287988
     0.21357491
     0.21427160
     0.21496994
     0.21402125
     0.21301073
     0.21200370
     0.21100015
     0.21000009
     0.20900351
     0.20801042
     0.20808786
     0.20890289
     0.20972027
     0.21054000
     0.21136208
     0.21223110
     0.21358846
     0.21495213
     0.21632211
     0.21769840
     0.21908100
     0.22046991
     0.22111965
     0.22166583
     0.22175077
     0.22138193
     0.22101352
     0.22064556
     0.22027516
     0.21988397
     0.21958361
     0.21939420
     0.21920491
     0.21828369
     0.21731687
     0.21635315
     0.21539253
     0.21443501
     0.21351238
     0.21330702
     0.21310180
     0.21289672
     0.21269179
     0.21248701
     0.21228236
     0.21240404
     0.21265546
     0.21253676
     0.21196987
     0.21140409
     0.21083942
     0.21027585
     0.21019604
     0.21012594
     0.21005586
     0.21026062
     0.21115282
     0.21266368
     0.21418391
     0.21571203
     0.21778278
     0.22056439
     0.22337138
     0.22620373
     0.22906140
     0.23194435
     0.23485253
     0.23778588
     0.24074435
     0.00000000
     0.00000000
     0.00000000
     0.00000000
     0.00000000
     0.01010101
     0.02020202
     0.03030303
     0.04040404
     0.05050505
     0.06060606
     0.07070707
     0.08080808
     0.09090909
     0.10101010
     0.11111111
     0.12121212
     0.13131313
     0.14141414
     0.15151515
     0.16161616
     0.17171717
     0.18181818
     0.19191919
     0.20202020
     0.20826410
     0.20934282
     0.21042565
     0.21151257
     0.21239108
     0.21308495
     0.21378047
     0.21447764
     0.21479062
     0.21377746
     0.21276778
     0.21176159
     0.21075889
     0.20975966
     0.20876392
     0.20799846
     0.20881324
     0.20963036
     0.21044983
     0.21127165
     0.21209582
     0.21316762
     0.21452934
     0.21589736
     0.21727170
     0.21865235
     0.22003931
     0.22067228
     0.22115956
     0.22170582
     0.22153989
     0.22117130
     0.22080314
     0.22043543
     0.22006605
     0.21967829
     0.21940030
     0.21921101
     0.21894107
     0.21787039
     0.21690490
     0.21594250
     0.21498320
     0.21402700
     0.21359027
     0.21338485
     0.21317958
     0.21297445
     0.21276947
     0.21256463
     0.21235993
     0.21261101
     0.21294265
     0.21277403
     0.21220668
     0.21164044
     0.21107530
     0.21052013
     0.21044995
     0.21037980
     0.21030966
     0.21026583
     0.21169929
     0.21321449
     0.21473759
     0.21626857
     0.21806236
     0.22084654
     0.22365609
     0.22649099
     0.22935122
     0.23223672
     0.23514744
     0.23808333
     0.24104433
     0.00000000
     0.00000000
     0.00000000
     0.00000000
     0.00000000
     0.01010101
     0.02020202
     0.03030303
     0.04040404
     0.05050505
     0.06060606
     0.07070707
     0.08080808
     0.09090909
     0.10101010
     0.11111111
     0.12121212
     0.13131313
     0.14141414
     0.15151515
     0.16161616
     0.17171717
     0.18181818
     0.19191919
     0.20202020
     0.20864534
     0.20972551
     0.21080979
     0.21189817
     0.21259580
     0.21329016
     0.21398617
     0.21468383
     0.21454620
     0.21353388
     0.21252504
     0.21151969
     0.21051782
     0.20951944
     0.20852454
     0.20872361
     0.20954048
     0.21035969
     0.21118125
     0.21200516
     0.21283141
     0.21410715
     0.21547322
     0.21684561
     0.21822430
     0.21960931
     0.22031785
     0.22065412
     0.22119948
     0.22169793
     0.22132915
     0.22096081
     0.22059290
     0.22022544
     0.21985709
     0.21947275
     0.21921711
     0.21902793
     0.21840225
     0.21745766
     0.21649349
     0.21553242
     0.21457444
     0.21387380
     0.21366818
     0.21346271
     0.21325738
     0.21305220
     0.21284716
     0.21264226
     0.21243751
     0.21281813
     0.21314840
     0.21301149
     0.21244368
     0.21187698
     0.21131138
     0.21077433
     0.21070409
     0.21063387
     0.21061780
     0.21116179
     0.21224828
     0.21376635
     0.21529231
     0.21682616
     0.21853457
     0.22112894
     0.22394106
     0.22677852
     0.22964129
     0.23252934
     0.23544261
     0.23838104
     0.24134456
     0.00000000
     0.00000000
     0.00000000
     0.00000000
     0.00000000
     0.01010101
     0.02020202
     0.03030303
     0.04040404
     0.05050505
     0.06060606
     0.07070707
     0.08080808
     0.09090909
     0.10101010
     0.11111111
     0.12121212
     0.13131313
     0.14141414
     0.15151515
     0.16161616
     0.17171717
     0.18181818
     0.19191919
     0.20202020
     0.20902709
     0.21010872
     0.21119445
     0.21210748
     0.21280067
     0.21349551
     0.21419201
     0.21489016
     0.21430197
     0.21329049
     0.21228250
     0.21127798
     0.21027695
     0.20927941
     0.20863402
     0.20945063
     0.21026958
     0.21109088
     0.21191453
     0.21274053
     0.21368556
     0.21504969
     0.21642012
     0.21779686
     0.21917991
     0.21996383
     0.22027466
     0.22069398
     0.22123941
     0.22148708
     0.22111855
     0.22075046
     0.22038281
     0.22001559
     0.21964826
     0.21926734
     0.21903402
     0.21884496
     0.21796412
     0.21704550
     0.21608265
     0.21512290
     0.21416625
     0.21395179
     0.21374612
     0.21354059
     0.21333521
     0.21312997
     0.21292487
     0.21271992
     0.21256517
     0.21302539
     0.21328626
     0.21314898
     0.21268088
     0.21211371
     0.21154765
     0.21102876
     0.21095846
     0.21097021
     0.21151486
     0.21206054
     0.21279831
     0.21431925
     0.21584807
     0.21738478
     0.21907638
     0.22141161
     0.22422628
     0.22706630
     0.22993163
     0.23282222
     0.23573803
     0.23867900
     0.24164505
     0.00000000
     0.00000000
     0.00000000
     0.00000000
     0.00000000
     0.01010101
     0.02020202
     0.03030303
     0.04040404
     0.05050505
     0.06060606
     0.07070707
     0.08080808
     0.09090909
     0.10101010
     0.11111111
     0.12121212
     0.13131313
     0.14141414
     0.15151515
     0.16161616
     0.17171717
     0.18181818
     0.19191919
     0.20202020
     0.20940936
     0.21049244
     0.21157962
     0.21231200
     0.21300568
     0.21370101
     0.21439800
     0.21507208
     0.21405795
     0.21304731
     0.21204015
     0.21103648
     0.21003629
     0.20903959
     0.20936080
     0.21017950
     0.21100054
     0.21182393
     0.21264967
     0.21347775
     0.21462675
     0.21599523
     0.21737002
     0.21875112
     0.21961022
     0.21992069
     0.22023147
     0.22073384
     0.22127934
     0.22127638
     0.22090810
     0.22054026
     0.22017286
     0.21980589
     0.21943937
     0.21906208
     0.21885105
     0.21866209
     0.21754703
     0.21663390
     0.21567237
     0.21471395
     0.21423566
     0.21402979
     0.21382407
     0.21361849
     0.21341305
     0.21320776
     0.21300261
     0.21279760
     0.21277225
     0.21323280
     0.21330301
     0.21316572
     0.21291826
     0.21235063
     0.21178411
     0.21128341
     0.21132306
     0.21186837
     0.21241471
     0.21296208
     0.21351048
     0.21487318
     0.21640487
     0.21794444
     0.21961916
     0.22169453
     0.22451177
     0.22735434
     0.23022222
     0.23311536
     0.23603371
     0.23897722
     0.24194580
     0.00000000
     0.00000000
     0.00000000
     0.00000000
     0.00000000
     0.01010101
     0.02020202
     0.03030303
     0.04040404
     0.05050505
     0.06060606
     0.07070707
     0.08080808
     0.09090909
     0.10101010
     0.11111111
     0.12121212
     0.13131313
     0.14141414
     0.15151515
     0.16161616
     0.17171717
     0.18181818
     0.19191919
     0.20202020
     0.20979214
     0.21087667
     0.21182415
     0.21251667
     0.21321084
     0.21390666
     0.21460413
     0.21482742
     0.21381414
     0.21280433
     0.21179802
     0.21079518
     0.20979583
     0.20927100
     0.21008944
     0.21091023
     0.21173336
     0.21255884
     0.21338667
     0.21421684
     0.21557095
     0.21694379
     0.21832293
     0.21925701
     0.21956712
     0.21987755
     0.22022909
     0.22077370
     0.22131928
     0.22106582
     0.22069779
     0.22033020
     0.21996305
     0.21959634
     0.21923007
     0.21885609
     0.21866818
     0.21832181
     0.21713051
     0.21622286
     0.21526266
     0.21451982
     0.21431375
     0.21410782
     0.21390204
     0.21369641
     0.21349092
     0.21328557
     0.21308037
     0.21287531
     0.21297948
     0.21342221
     0.21331977
     0.21318247
     0.21304523
     0.21258775
     0.21202077
     0.21167633
     0.21222231
     0.21276932
     0.21331735
     0.21386642
     0.21441651
     0.21542816
     0.21696270
     0.21850514
     0.22016290
     0.22206422
     0.22479751
     0.22764264
     0.23051307
     0.23340876
     0.23632965
     0.23927569
     0.24224680
     0.00000000
     0.00000000
     0.00000000
     0.00000000
     0.00000000
     0.01010101
     0.02020202
     0.03030303
     0.04040404
     0.05050505
     0.06060606
     0.07070707
     0.08080808
     0.09090909
     0.10101010
     0.11111111
     0.12121212
     0.13131313
     0.14141414
     0.15151515
     0.16161616
     0.17171717
     0.18181818
     0.19191919
     0.20202020
     0.20996221
     0.21126142
     0.21202847
     0.21272148
     0.21341614
     0.21411245
     0.21481041
     0.21458297
     0.21357052
     0.21256156
     0.21155608
     0.21055408
     0.20955557
     0.20999941
     0.21081994
     0.21164282
     0.21246804
     0.21329561
     0.21412552
     0.21514727
     0.21651815
     0.21789535
     0.21890422
     0.21921397
     0.21952403
     0.21983442
     0.22026889
     0.22081357
     0.22122361
     0.22085540
     0.22048762
     0.22012028
     0.21975338
     0.21938692
     0.21902090
     0.21867161
     0.21848542
     0.21778409
     0.21671457
     0.21581239
     0.21485352
     0.21459797
     0.21439185
     0.21418587
     0.21398004
     0.21377435
     0.21356880
     0.21336340
     0.21315814
     0.21295303
     0.21318686
     0.21340964
     0.21333652
     0.21319921
     0.21306197
     0.21282506
     0.21242399
     0.21257668
     0.21312436
     0.21367306
     0.21422279
     0.21477355
     0.21532534
     0.21598417
     0.21752158
     0.21906688
     0.22070762
     0.22261229
     0.22508351
     0.22793119
     0.23080418
     0.23370241
     0.23662585
     0.23957441
     0.24254805
     0.00000000
     0.00000000
     0.00000000
     0.00000000
     0.00000000
     0.01010101
     0.02020202
     0.03030303
     0.04040404
     0.05050505
     0.06060606
     0.07070707
     0.08080808
     0.09090909
     0.10101010
     0.11111111
     0.12121212
     0.13131313
     0.14141414
     0.15151515
     0.16161616
     0.17171717
     0.18181818
     0.19191919
     0.20202020
     0.21001233
     0.21125665
     0.21217179
     0.21292644
     0.21362158
     0.21431838
     0.21501682
     0.21433871
     0.21332711
     0.21231898
     0.21131434
     0.21031319
     0.20990941
     0.21072968
     0.21155230
     0.21237727
     0.21320458
     0.21403424
     0.21486624
     0.21609313
     0.21746837
     0.21855183
     0.21886122
     0.21917093
     0.21948095
     0.21979129
     0.22030870
     0.22085345
     0.22101309
     0.22064512
     0.22027760
     0.21991051
     0.21954386
     0.21917765
     0.21881189
     0.21848725
     0.21830278
     0.21724732
     0.21629921
     0.21540249
     0.21488247
     0.21467615
     0.21446998
     0.21426394
     0.21405805
     0.21385231
     0.21364671
     0.21344125
     0.21323594
     0.21303077
     0.21339439
     0.21339707
     0.21335328
     0.21321596
     0.21307871
     0.21313634
     0.21330792
     0.21347983
     0.21402920
     0.21457959
     0.21513102
     0.21568347
     0.21623695
     0.21679146
     0.21808150
     0.21962965
     0.22125329
     0.22316133
     0.22536977
     0.22822001
     0.23109554
     0.23399632
     0.23692229
     0.23987340
     0.24284956
     0.00000000
     0.00000000
     0.00000000
     0.00000000
     0.00000000
     0.01010101
     0.02020202
     0.03030303
     0.04040404
     0.05050505
     0.06060606
     0.07070707
     0.08080808
     0.09090909
     0.10101010
     0.11111111
     0.12121212
     0.13131313
     0.14141414
     0.15151515
     0.16161616
     0.17171717
     0.18181818
     0.19191919
     0.20202020
     0.21002764
     0.21108394
     0.21204759
     0.21300305
     0.21382717
     0.21452445
     0.21510892
     0.21409466
     0.21308390
     0.21207661
     0.21107281
     0.21007250
     0.21063946
     0.21146181
     0.21228652
     0.21311358
     0.21394298
     0.21477472
     0.21566871
     0.21704199
     0.21819985
     0.21850889
     0.21881823
     0.21912790
     0.21943788
     0.21980465
     0.22034851
     0.22089333
     0.22080271
     0.22043499
     0.22006772
     0.21970088
     0.21933448
     0.21896853
     0.21860301
     0.21830300
     0.21812024
     0.21676563
     0.21588442
     0.21516725
     0.21496073
     0.21475435
     0.21454812
     0.21434203
     0.21413609
     0.21393029
     0.21372464
     0.21351912
     0.21331376
     0.21314093
     0.21342470
     0.21338450
     0.21334430
     0.21323271
     0.21331844
     0.21380092
     0.21419452
     0.21438576
     0.21493683
     0.21548892
     0.21604204
     0.21659618
     0.21715136
     0.21770756
     0.21864245
     0.22019347
     0.22179993
     0.22371133
     0.22565628
     0.22850908
     0.23138716
     0.23429049
     0.23721900
     0.24017264
     0.24315132
     0.00000000
     0.00000000
     0.00000000
     0.00000000
     0.00000000
     0.01010101
     0.02020202
     0.03030303
     0.04040404
     0.05050505
     0.06060606
     0.07070707
     0.08080808
     0.09090909
     0.10101010
     0.11111111
     0.12121212
     0.13131313
     0.14141414
     0.15151515
     0.16161616
     0.17171717
     0.18181818
     0.19191919
     0.20202020
     0.20995148
     0.21091133
     0.21187440
     0.21284069
     0.21381018
     0.21473067
     0.21486423
     0.21385082
     0.21284089
     0.21183444
     0.21083148
     0.21054925
     0.21137136
     0.21219581
     0.21302260
     0.21385174
     0.21468323
     0.21551707
     0.21661622
     0.21784828
     0.21815696
     0.21846595
     0.21877525
     0.21908487
     0.21939481
     0.21984440
     0.22038833
     0.22093322
     0.22059247
     0.22022500
     0.21985798
     0.21949140
     0.21912525
     0.21875955
     0.21839428
     0.21811886
     0.21770382
     0.21635020
     0.21547021
     0.21524558
     0.21503900
     0.21483257
     0.21462629
     0.21442015
     0.21421415
     0.21400829
     0.21380258
     0.21359702
     0.21339160
     0.21334842
     0.21341213
     0.21337193
     0.21333174
     0.21350065
     0.21398344
     0.21446701
     0.21495138
     0.21529449
     0.21584725
     0.21640103
     0.21695585
     0.21751169
     0.21806856
     0.21862645
     0.21920444
     0.22075832
     0.22234754
     0.22426230
     0.22618875
     0.22879841
     0.23167904
     0.23458491
     0.23751596
     0.24047213
     0.24345334
     0.00000000
     0.00000000
     0.00000000
     0.00000000
     0.00000000
     0.01010101
     0.02020202
     0.03030303
     0.04040404
     0.05050505
     0.06060606
     0.07070707
     0.08080808
     0.09090909
     0.10101010
     0.11111111
     0.12121212
     0.13131313
     0.14141414
     0.15151515
     0.16161616
     0.17171717
     0.18181818
     0.19191919
     0.20202020
     0.20977955
     0.21073883
     0.21170132
     0.21266703
     0.21363595
     0.21460807
     0.21458351
     0.21360717
     0.21259808
     0.21159248
     0.21059035
     0.21128093
     0.21210512
     0.21293166
     0.21376054
     0.21459177
     0.21542535
     0.21625957
     0.21744441
     0.21780544
     0.21811407
     0.21842301
     0.21873227
     0.21904185
     0.21935174
     0.21988415
     0.22042815
     0.22075002
     0.22038237
     0.22001516
     0.21964839
     0.21928205
     0.21891616
     0.21855071
     0.21818569
     0.21793484
     0.21716719
     0.21593534
     0.21545432
     0.21532393
     0.21511730
     0.21491082
     0.21470447
     0.21449828
     0.21429223
     0.21408632
     0.21388055
     0.21367493
     0.21346946
     0.21343975
     0.21339955
     0.21335936
     0.21359854
     0.21416606
     0.21464994
     0.21513461
     0.21562007
     0.21620601
     0.21676046
     0.21731594
     0.21787245
     0.21842998
     0.21898854
     0.21954813
     0.22010875
     0.22132421
     0.22289611
     0.22481423
     0.22674403
     0.22908799
     0.23197118
     0.23487959
     0.23781318
     0.24077188
     0.24375561
     0.00000000
     0.00000000
     0.00000000
     0.00000000
     0.00000000
     0.01010101
     0.02020202
     0.03030303
     0.04040404
     0.05050505
     0.06060606
     0.07070707
     0.08080808
     0.09090909
     0.10101010
     0.11111111
     0.12121212
     0.13131313
     0.14141414
     0.15151515
     0.16161616
     0.17171717
     0.18181818
     0.19191919
     0.20202020
     0.20960773
     0.21056643
     0.21152835
     0.21249348
     0.21346182
     0.21443337
     0.21408868
     0.21324953
     0.21235370
     0.21135071
     0.21119053
     0.21201446
     0.21284074
     0.21366937
     0.21444868
     0.21521769
     0.21598871
     0.21689451
     0.21735209
     0.21776260
     0.21807118
     0.21838009
     0.21868930
     0.21899884
     0.21938080
     0.21992390
     0.22046797
     0.22053982
     0.22017242
     0.21980546
     0.21943894
     0.21907286
     0.21870721
     0.21834201
     0.21797725
     0.21775092
     0.21663153
     0.21565474
     0.21552852
     0.21540230
     0.21519562
     0.21498908
     0.21478268
     0.21457643
     0.21437032
     0.21416436
     0.21395854
     0.21375287
     0.21354734
     0.21342718
     0.21338698
     0.21365429
     0.21423479
     0.21481644
     0.21531795
     0.21580371
     0.21629027
     0.21697639
     0.21767647
     0.21823364
     0.21879184
     0.21935107
     0.21991132
     0.22047260
     0.22103491
     0.22189114
     0.22345861
     0.22536712
     0.22730028
     0.22937784
     0.23226357
     0.23517453
     0.23811065
     0.24107188
     0.24405814
     0.00000000
     0.00000000
     0.00000000
     0.00000000
     0.00000000
     0.01010101
     0.02020202
     0.03030303
     0.04040404
     0.05050505
     0.06060606
     0.07070707
     0.08080808
     0.09090909
     0.10101010
     0.11111111
     0.12121212
     0.13131313
     0.14141414
     0.15151515
     0.16161616
     0.17171717
     0.18181818
     0.19191919
     0.20202020
     0.20943600
     0.21039413
     0.21135547
     0.21232003
     0.21328779
     0.21425876
     0.21359469
     0.21275695
     0.21192160
     0.21106347
     0.21188652
     0.21264884
     0.21341315
     0.21417947
     0.21494778
     0.21571810
     0.21649041
     0.21680729
     0.21725981
     0.21771301
     0.21802831
     0.21833717
     0.21864634
     0.21895583
     0.21942049
     0.21996367
     0.22050780
     0.22032976
     0.21996261
     0.21959590
     0.21922963
     0.21886380
     0.21849841
     0.21813346
     0.21776895
     0.21756712
     0.21609681
     0.21572899
     0.21560274
     0.21547654
     0.21527395
     0.21506736
     0.21486091
     0.21465460
     0.21444844
     0.21424243
     0.21403655
     0.21383082
     0.21356927
     0.21341461
     0.21371005
     0.21429066
     0.21487242
     0.21545532
     0.21598747
     0.21647432
     0.21696198
     0.21766865
     0.21859527
     0.21915413
     0.21971402
     0.22027494
     0.22083689
     0.22139986
     0.22196386
     0.22252889
     0.22402943
     0.22592098
     0.22785749
     0.22980568
     0.23255622
     0.23546972
     0.23840838
     0.24137214
     0.24436092
     0.00000000
     0.00000000
     0.00000000
     0.00000000
     0.00000000
     0.01010101
     0.02020202
     0.03030303
     0.04040404
     0.05050505
     0.06060606
     0.07070707
     0.08080808
     0.09090909
     0.10101010
     0.11111111
     0.12121212
     0.13131313
     0.14141414
     0.15151515
     0.16161616
     0.17171717
     0.18181818
     0.19191919
     0.20202020
     0.20929790
     0.21024186
     0.21118893
     0.21214668
     0.21311387
     0.21394026
     0.21310153
     0.21226520
     0.21143126
     0.21148469
     0.21232960
     0.21314489
     0.21391051
     0.21467812
     0.21544773
     0.21621934
     0.21630458
     0.21671518
     0.21716755
     0.21762061
     0.21798544
     0.21829425
     0.21860338
     0.21891791
     0.21946019
     0.22000343
     0.22048718
     0.22011985
     0.21975295
     0.21938649
     0.21902047
     0.21865489
     0.21828975
     0.21792505
     0.21756284
     0.21710509
     0.21592959
     0.21580325
     0.21567697
     0.21555074
     0.21535231
     0.21514566
     0.21493916
     0.21473280
     0.21452658
     0.21432051
     0.21411458
     0.21390880
     0.21344224
     0.21376582
     0.21434655
     0.21492841
     0.21551143
     0.21609559
     0.21665849
     0.21714644
     0.21763519
     0.21836251
     0.21936108
     0.22007741
     0.22063900
     0.22120161
     0.22176524
     0.22232991
     0.22289560
     0.22346231
     0.22460129
     0.22647580
     0.22841566
     0.23036720
     0.23284912
     0.23576517
     0.23870636
     0.24167265
     0.24466395
     0.00000000
     0.00000000
     0.00000000
     0.00000000
     0.00000000
     0.01010101
     0.02020202
     0.03030303
     0.04040404
     0.05050505
     0.06060606
     0.07070707
     0.08080808
     0.09090909
     0.10101010
     0.11111111
     0.12121212
     0.13131313
     0.14141414
     0.15151515
     0.16161616
     0.17171717
     0.18181818
     0.19191919
     0.20202020
     0.20926249
     0.21020633
     0.21115329
     0.21210337
     0.21305657
     0.21350766
     0.21266195
     0.21181868
     0.21107857
     0.21188954
     0.21273563
     0.21358419
     0.21440870
     0.21517761
     0.21594852
     0.21609071
     0.21617153
     0.21662309
     0.21707533
     0.21752825
     0.21794257
     0.21825134
     0.21856043
     0.21895754
     0.21949989
     0.22004320
     0.22027716
     0.21991008
     0.21954343
     0.21917722
     0.21881145
     0.21844612
     0.21808124
     0.21771679
     0.21738268
     0.21665742
     0.21600391
     0.21587754
     0.21575122
     0.21562496
     0.21543069
     0.21522399
     0.21501743
     0.21481101
     0.21460474
     0.21439862
     0.21419263
     0.21398679
     0.21382161
     0.21440244
     0.21498442
     0.21556754
     0.21615181
     0.21673723
     0.21732379
     0.21782007
     0.21830991
     0.21905796
     0.22005881
     0.22100348
     0.22156676
     0.22213106
     0.22269639
     0.22326274
     0.22383012
     0.22439853
     0.22517418
     0.22703158
     0.22897480
     0.23092968
     0.23314229
     0.23606087
     0.23900460
     0.24197342
     0.24496724
     0.00000000
     0.00000000
     0.00000000
     0.00000000
     0.00000000
     0.01010101
     0.02020202
     0.03030303
     0.04040404
     0.05050505
     0.06060606
     0.07070707
     0.08080808
     0.09090909
     0.10101010
     0.11111111
     0.12121212
     0.13131313
     0.14141414
     0.15151515
     0.16161616
     0.17171717
     0.18181818
     0.19191919
     0.20202020
     0.20922708
     0.21017080
     0.21111765
     0.21206761
     0.21302069
     0.21309666
     0.21225214
     0.21141006
     0.21153472
     0.21231571
     0.21314223
     0.21399197
     0.21484417
     0.21567795
     0.21587700
     0.21584219
     0.21607961
     0.21653103
     0.21698313
     0.21743591
     0.21788937
     0.21820844
     0.21851748
     0.21899717
     0.21953959
     0.22008298
     0.22006728
     0.21970045
     0.21933405
     0.21896809
     0.21860258
     0.21823750
     0.21787286
     0.21750867
     0.21720264
     0.21657500
     0.21607824
     0.21595184
     0.21582550
     0.21569920
     0.21550909
     0.21530233
     0.21509572
     0.21488925
     0.21468292
     0.21447674
     0.21427071
     0.21428287
     0.21445834
     0.21504043
     0.21562367
     0.21620805
     0.21679357
     0.21738024
     0.21796806
     0.21849520
     0.21898613
     0.21975500
     0.22075814
     0.22176455
     0.22249730
     0.22306330
     0.22363031
     0.22419836
     0.22476743
     0.22533752
     0.22590864
     0.22758832
     0.22953489
     0.23149312
     0.23346299
     0.23635683
     0.23930310
     0.24227444
     0.24527078
     0.00000000
     0.00000000
     0.00000000
     0.00000000
     0.00000000
     0.01010101
     0.02020202
     0.03030303
     0.04040404
     0.05050505
     0.06060606
     0.07070707
     0.08080808
     0.09090909
     0.10101010
     0.11111111
     0.12121212
     0.13131313
     0.14141414
     0.15151515
     0.16161616
     0.17171717
     0.18181818
     0.19191919
     0.20202020
     0.20919167
     0.21013528
     0.21108201
     0.21203185
     0.21298482
     0.21268624
     0.21184290
     0.21121146
     0.21199158
     0.21277381
     0.21355814
     0.21440032
     0.21525370
     0.21565870
     0.21562998
     0.21551292
     0.21598772
     0.21643899
     0.21689096
     0.21734360
     0.21779692
     0.21816554
     0.21849529
     0.21903681
     0.21957930
     0.22012276
     0.21985755
     0.21949096
     0.21912482
     0.21875911
     0.21839385
     0.21802902
     0.21766464
     0.21730069
     0.21723610
     0.21649261
     0.21615260
     0.21602616
     0.21589979
     0.21577346
     0.21558751
     0.21538070
     0.21517403
     0.21496751
     0.21476113
     0.21455489
     0.21488224
     0.21481044
     0.21509646
     0.21567980
     0.21626429
     0.21684993
     0.21743671
     0.21802464
     0.21861371
     0.21917184
     0.21966386
     0.22045364
     0.22145906
     0.22246775
     0.22343064
     0.22399832
     0.22456703
     0.22513676
     0.22570752
     0.22627930
     0.22685211
     0.22814603
     0.23009595
     0.23205752
     0.23403073
     0.23665305
     0.23960185
     0.24257572
     0.24557458
     0.00000000
     0.00000000
     0.00000000
     0.00000000
     0.00000000
     0.01010101
     0.02020202
     0.03030303
     0.04040404
     0.05050505
     0.06060606
     0.07070707
     0.08080808
     0.09090909
     0.10101010
     0.11111111
     0.12121212
     0.13131313
     0.14141414
     0.15151515
     0.16161616
     0.17171717
     0.18181818
     0.19191919
     0.20202020
     0.20915628
     0.21009976
     0.21104637
     0.21199610
     0.21294895
     0.21227639
     0.21143425
     0.21166781
     0.21244917
     0.21323263
     0.21401819
     0.21480923
     0.21526335
     0.21541545
     0.21531798
     0.21534035
     0.21589585
     0.21634699
     0.21679881
     0.21725132
     0.21770450
     0.21812265
     0.21853486
     0.21907646
     0.21961902
     0.22001473
     0.21964795
     0.21928162
     0.21891573
     0.21855027
     0.21818526
     0.21782069
     0.21745655
     0.21713352
     0.21735636
     0.21658031
     0.21622697
     0.21610051
     0.21597410
     0.21584774
     0.21566595
     0.21545908
     0.21525236
     0.21504578
     0.21483935
     0.21527162
     0.21541088
     0.21533894
     0.21573595
     0.21632055
     0.21690629
     0.21749319
     0.21808123
     0.21867041
     0.21926074
     0.21984998
     0.22034310
     0.22115386
     0.22216157
     0.22317254
     0.22418680
     0.22493613
     0.22550653
     0.22607795
     0.22665039
     0.22722387
     0.22782446
     0.22870470
     0.23065797
     0.23262288
     0.23459943
     0.23694952
     0.23990086
     0.24287725
     0.24587863
     0.00000000
     0.00000000
     0.00000000
     0.00000000
     0.00000000
     0.01010101
     0.02020202
     0.03030303
     0.04040404
     0.05050505
     0.06060606
     0.07070707
     0.08080808
     0.09090909
     0.10101010
     0.11111111
     0.12121212
     0.13131313
     0.14141414
     0.15151515
     0.16161616
     0.17171717
     0.18181818
     0.19191919
     0.20202020
     0.20912088
     0.21006425
     0.21101075
     0.21196036
     0.21271053
     0.21186712
     0.21134441
     0.21212489
     0.21290748
     0.21369217
     0.21447897
     0.21489540
     0.21502042
     0.21512317
     0.21498929
     0.21526492
     0.21580401
     0.21625502
     0.21670670
     0.21715906
     0.21761211
     0.21806584
     0.21857444
     0.21911611
     0.21965874
     0.21980503
     0.21943850
     0.21907242
     0.21870678
     0.21834158
     0.21797682
     0.21761249
     0.21724861
     0.21730581
     0.21727833
     0.21667299
     0.21630136
     0.21617486
     0.21604842
     0.21592204
     0.21574441
     0.21553749
     0.21533071
     0.21512408
     0.21559453
     0.21601253
     0.21594045
     0.21586839
     0.21637681
     0.21696267
     0.21754967
     0.21813782
     0.21872712
     0.21931756
     0.21990914
     0.22050187
     0.22102384
     0.22185568
     0.22286567
     0.22387893
     0.22489546
     0.22587672
     0.22644881
     0.22702192
     0.22759605
     0.22817121
     0.22881984
     0.22956337
     0.23122095
     0.23318920
     0.23516909
     0.23724625
     0.24020012
     0.24317904
     0.24618293
     0.00000000
     0.00000000
     0.00000000
     0.00000000
     0.00000000
     0.01010101
     0.02020202
     0.03030303
     0.04040404
     0.05050505
     0.06060606
     0.07070707
     0.08080808
     0.09090909
     0.10101010
     0.11111111
     0.12121212
     0.13131313
     0.14141414
     0.15151515
     0.16161616
     0.17171717
     0.18181818
     0.19191919
     0.20202020
     0.20908549
     0.21002875
     0.21097512
     0.21192462
     0.21230065
     0.21145843
     0.21180097
     0.21258269
     0.21336651
     0.21415243
     0.21462117
     0.21466385
     0.21476733
     0.21479469
     0.21466096
     0.21518952
     0.21571221
     0.21616307
     0.21661461
     0.21706684
     0.21751975
     0.21802577
     0.21861403
     0.21915576
     0.21969847
     0.21959547
     0.21922920
     0.21886337
     0.21849798
     0.21813303
     0.21776852
     0.21740445
     0.21725567
     0.21747820
     0.21735721
     0.21676577
     0.21637577
     0.21624924
     0.21612277
     0.21599635
     0.21582290
     0.21561592
     0.21540909
     0.21591779
     0.21654548
     0.21654318
     0.21647097
     0.21643309
     0.21701906
     0.21760617
     0.21819443
     0.21878384
     0.21937438
     0.21996608
     0.22055892
     0.22115290
     0.22170608
     0.22255909
     0.22357136
     0.22458690
     0.22560476
     0.22660669
     0.22739387
     0.22796866
     0.22854448
     0.22912133
     0.22981828
     0.23056408
     0.23178488
     0.23375648
     0.23573971
     0.23773454
     0.24049964
     0.24348108
     0.24648749
     0.00000000
     0.00000000
     0.00000000
     0.00000000
     0.00000000
     0.01010101
     0.02020202
     0.03030303
     0.04040404
     0.05050505
     0.06060606
     0.07070707
     0.08080808
     0.09090909
     0.10101010
     0.11111111
     0.12121212
     0.13131313
     0.14141414
     0.15151515
     0.16161616
     0.17171717
     0.18181818
     0.19191919
     0.20202020
     0.20905011
     0.20999324
     0.21093950
     0.21188888
     0.21189135
     0.21147742
     0.21225826
     0.21304121
     0.21382626
     0.21434720
     0.21438983
     0.21443247
     0.21444246
     0.21446658
     0.21445889
     0.21511413
     0.21562043
     0.21607115
     0.21652255
     0.21697464
     0.21742741
     0.21802820
     0.21865362
     0.21919542
     0.21973820
     0.21938606
     0.21902004
     0.21865446
     0.21828932
     0.21792462
     0.21756036
     0.21720553
     0.21742802
     0.21765068
     0.21744175
     0.21685858
     0.21645020
     0.21632364
     0.21619713
     0.21607068
     0.21590140
     0.21569437
     0.21624140
     0.21686978
     0.21714713
     0.21707477
     0.21700243
     0.21707546
     0.21766268
     0.21825105
     0.21884056
     0.21943122
     0.22002303
     0.22061598
     0.22121007
     0.22180531
     0.22238984
     0.22326409
     0.22427864
     0.22528056
     0.22628147
     0.22728553
     0.22827040
     0.22891638
     0.22949570
     0.23007423
     0.23081976
     0.23156784
     0.23234978
     0.23432472
     0.23631128
     0.23830944
     0.24079941
     0.24378337
     0.24679230
     0.00000000
     0.00000000
     0.00000000
     0.00000000
     0.00000000
     0.01010101
     0.02020202
     0.03030303
     0.04040404
     0.05050505
     0.06060606
     0.07070707
     0.08080808
     0.09090909
     0.10101010
     0.11111111
     0.12121212
     0.13131313
     0.14141414
     0.15151515
     0.16161616
     0.17171717
     0.18181818
     0.19191919
     0.20202020
     0.20901472
     0.20995774
     0.21090388
     0.21185315
     0.21148262
     0.21193419
     0.21271627
     0.21350045
     0.21407348
     0.21411607
     0.21415867
     0.21417573
     0.21411794
     0.21413884
     0.21438369
     0.21503877
     0.21552868
     0.21597926
     0.21643053
     0.21688247
     0.21738255
     0.21803063
     0.21868010
     0.21923509
     0.21954299
     0.21917679
     0.21881102
     0.21844569
     0.21808080
     0.21771636
     0.21735235
     0.21737786
     0.21760048
     0.21794612
     0.21752632
     0.21695142
     0.21652464
     0.21639805
     0.21627152
     0.21614504
     0.21597992
     0.21656536
     0.21719442
     0.21775229
     0.21767979
     0.21760730
     0.21753484
     0.21771920
     0.21830768
     0.21889730
     0.21948807
     0.22007999
     0.22067305
     0.22126725
     0.22186260
     0.22245910
     0.22305673
     0.22395995
     0.22495669
     0.22595658
     0.22695962
     0.22796579
     0.22897511
     0.22978698
     0.23043596
     0.23107564
     0.23182430
     0.23257465
     0.23332669
     0.23489392
     0.23688381
     0.23888529
     0.24109943
     0.24408592
     0.24709736
     0.00000000
     0.00000000
     0.00000000
     0.00000000
     0.00000000
     0.01010101
     0.02020202
     0.03030303
     0.04040404
     0.05050505
     0.06060606
     0.07070707
     0.08080808
     0.09090909
     0.10101010
     0.11111111
     0.12121212
     0.13131313
     0.14141414
     0.15151515
     0.16161616
     0.17171717
     0.18181818
     0.19191919
     0.20202020
     0.20897935
     0.20992225
     0.21086827
     0.21181742
     0.21161049
     0.21239169
     0.21317500
     0.21380001
     0.21384257
     0.21388513
     0.21392769
     0.21386816
     0.21379379
     0.21381146
     0.21430851
     0.21496342
     0.21543695
     0.21588740
     0.21633852
     0.21679033
     0.21738498
     0.21803306
     0.21868254
     0.21927476
     0.21933362
     0.21896766
     0.21860215
     0.21823707
     0.21787243
     0.21750824
     0.21732770
     0.21755028
     0.21777303
     0.21817715
     0.21761091
     0.21704429
     0.21659911
     0.21647249
     0.21634592
     0.21621941
     0.21688967
     0.21751941
     0.21815047
     0.21828602
     0.21821339
     0.21814078
     0.21806819
     0.21836432
     0.21895405
     0.21954493
     0.22013696
     0.22073013
     0.22132444
     0.22191990
     0.22251651
     0.22311425
     0.22371314
     0.22463315
     0.22563203
     0.22663404
     0.22763920
     0.22864749
     0.22965893
     0.23065991
     0.23131061
     0.23205440
     0.23283189
     0.23358450
     0.23433881
     0.23546407
     0.23745729
     0.23946210
     0.24147847
     0.24438873
     0.24740268
     0.00000000
     0.00000000
     0.00000000
     0.00000000
     0.00000000
     0.01010101
     0.02020202
     0.03030303
     0.04040404
     0.05050505
     0.06060606
     0.07070707
     0.08080808
     0.09090909
     0.10101010
     0.11111111
     0.12121212
     0.13131313
     0.14141414
     0.15151515
     0.16161616
     0.17171717
     0.18181818
     0.19191919
     0.20202020
     0.20894398
     0.20988676
     0.21083267
     0.21150681
     0.21206748
     0.21284991
     0.21352680
     0.21356931
     0.21361183
     0.21365436
     0.21369227
     0.21356092
     0.21346999
     0.21358006
     0.21423335
     0.21488809
     0.21534526
     0.21579556
     0.21624655
     0.21674072
     0.21738741
     0.21803550
     0.21868498
     0.21931444
     0.21912438
     0.21875868
     0.21839342
     0.21802859
     0.21766421
     0.21730026
     0.21750010
     0.21772281
     0.21806203
     0.21826192
     0.21769552
     0.21713018
     0.21667359
     0.21654694
     0.21645371
     0.21716362
     0.21784475
     0.21847649
     0.21889347
     0.21882069
     0.21874794
     0.21867520
     0.21860248
     0.21901081
     0.21960180
     0.22019394
     0.22078722
     0.22138164
     0.22197721
     0.22257393
     0.22317178
     0.22377078
     0.22437093
     0.22530780
     0.22630879
     0.22731293
     0.22832021
     0.22933063
     0.23034418
     0.23136087
     0.23218758
     0.23297758
     0.23380342
     0.23459740
     0.23535398
     0.23611224
     0.23803173
     0.24003986
     0.24205955
     0.24469178
     0.24770825
     0.00000000
     0.00000000
     0.00000000
     0.00000000
     0.00000000
     0.01010101
     0.02020202
     0.03030303
     0.04040404
     0.05050505
     0.06060606
     0.07070707
     0.08080808
     0.09090909
     0.10101010
     0.11111111
     0.12121212
     0.13131313
     0.14141414
     0.15151515
     0.16161616
     0.17171717
     0.18181818
     0.19191919
     0.20202020
     0.20890861
     0.20985128
     0.21079706
     0.21174362
     0.21252518
     0.21325384
     0.21329632
     0.21333880
     0.21338128
     0.21342378
     0.21338521
     0.21325401
     0.21314655
     0.21350509
     0.21415821
     0.21480411
     0.21525359
     0.21570376
     0.21615461
     0.21674314
     0.21738984
     0.21803793
     0.21868741
     0.21925999
     0.21891529
     0.21854984
     0.21818483
     0.21782026
     0.21745612
     0.21744992
     0.21767259
     0.21789543
     0.21837066
     0.21834672
     0.21778016
     0.21721466
     0.21674809
     0.21669270
     0.21740317
     0.21811532
     0.21880287
     0.21943660
     0.21942921
     0.21935631
     0.21928342
     0.21921056
     0.21913771
     0.21965868
     0.22025093
     0.22084432
     0.22143885
     0.22203453
     0.22263136
     0.22322932
     0.22382844
     0.22442869
     0.22503009
     0.22598388
     0.22698699
     0.22799325
     0.22900265
     0.23001519
     0.23103086
     0.23204967
     0.23307723
     0.23390332
     0.23473143
     0.23556158
     0.23637219
     0.23713271
     0.23860712
     0.24061858
     0.24264158
     0.24499510
     0.24801407
     0.00000000
     0.00000000
     0.00000000
     0.00000000
     0.00000000
     0.01010101
     0.02020202
     0.03030303
     0.04040404
     0.05050505
     0.06060606
     0.07070707
     0.08080808
     0.09090909
     0.10101010
     0.11111111
     0.12121212
     0.13131313
     0.14141414
     0.15151515
     0.16161616
     0.17171717
     0.18181818
     0.19191919
     0.20202020
     0.20887324
     0.20981579
     0.21076147
     0.21211477
     0.21298114
     0.21302357
     0.21306602
     0.21310846
     0.21315092
     0.21319338
     0.21307848
     0.21294741
     0.21282346
     0.21343013
     0.21408309
     0.21471261
     0.21516195
     0.21561198
     0.21610025
     0.21674556
     0.21739227
     0.21804036
     0.21868985
     0.21900097
     0.21870635
     0.21834115
     0.21797639
     0.21761206
     0.21739975
     0.21762239
     0.21784519
     0.21817799
     0.21867961
     0.21843154
     0.21786482
     0.21729917
     0.21693188
     0.21764292
     0.21835564
     0.21907003
     0.21976401
     0.22003894
     0.21996590
     0.21989287
     0.21981985
     0.21974686
     0.21971558
     0.22030793
     0.22090143
     0.22149608
     0.22209187
     0.22268880
     0.22328688
     0.22388610
     0.22448646
     0.22508797
     0.22569062
     0.22666139
     0.22766663
     0.22867501
     0.22968653
     0.23070119
     0.23171898
     0.23273990
     0.23384890
     0.23483161
     0.23566200
     0.23649441
     0.23732886
     0.23815622
     0.23918347
     0.24119824
     0.24324799
     0.24535134
     0.24834519
     0.00000000
     0.00000000
     0.00000000
     0.00000000
     0.00000000
     0.01010101
     0.02020202
     0.03030303
     0.04040404
     0.05050505
     0.06060606
     0.07070707
     0.08080808
     0.09090909
     0.10101010
     0.11111111
     0.12121212
     0.13131313
     0.14141414
     0.15151515
     0.16161616
     0.17171717
     0.18181818
     0.19191919
     0.20202020
     0.20883788
     0.20978032
     0.21092710
     0.21231093
     0.21275109
     0.21279349
     0.21283589
     0.21287831
     0.21292073
     0.21290306
     0.21277207
     0.21264113
     0.21257576
     0.21335520
     0.21400799
     0.21462114
     0.21507034
     0.21552023
     0.21610267
     0.21674798
     0.21739469
     0.21804280
     0.21869229
     0.21874217
     0.21849755
     0.21813260
     0.21776809
     0.21740401
     0.21757219
     0.21779495
     0.21801788
     0.21848674
     0.21898887
     0.21851639
     0.21794951
     0.21753972
     0.21788286
     0.21859614
     0.21931110
     0.22002775
     0.22064989
     0.22057670
     0.22050352
     0.22043037
     0.22035722
     0.22028410
     0.22036494
     0.22095855
     0.22155331
     0.22214921
     0.22274625
     0.22334444
     0.22394377
     0.22454424
     0.22514586
     0.22574862
     0.22635252
     0.22734034
     0.22834770
     0.22935820
     0.23037184
     0.23138862
     0.23240852
     0.23348166
     0.23461836
     0.23575889
     0.23659511
     0.23742980
     0.23826652
     0.23910526
     0.23997547
     0.24185861
     0.24391992
     0.24599309
     0.24857031
     0.00000000
     0.00000000
     0.00000000
     0.00000000
     0.00000000
     0.01010101
     0.02020202
     0.03030303
     0.04040404
     0.05050505
     0.06060606
     0.07070707
     0.08080808
     0.09090909
     0.10101010
     0.11111111
     0.12121212
     0.13131313
     0.14141414
     0.15151515
     0.16161616
     0.17171717
     0.18181818
     0.19191919
     0.20202020
     0.20880253
     0.20974485
     0.21112245
     0.21196421
     0.21252121
     0.21256358
     0.21260596
     0.21264834
     0.21269072
     0.21259683
     0.21246598
     0.21233518
     0.21252081
     0.21328028
     0.21393290
     0.21452969
     0.21497876
     0.21546115
     0.21610508
     0.21675041
     0.21739712
     0.21804523
     0.21869473
     0.21848359
     0.21826417
     0.21792419
     0.21755993
     0.21752200
     0.21774472
     0.21796762
     0.21829399
     0.21879580
     0.21916935
     0.21860125
     0.21823088
     0.21853490
     0.21883684
     0.21955237
     0.22026957
     0.22098846
     0.22118872
     0.22111540
     0.22104209
     0.22096881
     0.22089554
     0.22082229
     0.22101569
     0.22161055
     0.22220656
     0.22280372
     0.22340201
     0.22400145
     0.22460204
     0.22520376
     0.22580663
     0.22641065
     0.22701580
     0.22802072
     0.22903020
     0.23004283
     0.23105858
     0.23207748
     0.23311483
     0.23425029
     0.23538958
     0.23653270
     0.23753077
     0.23836773
     0.23920672
     0.24004772
     0.24094960
     0.24252793
     0.24459310
     0.24667012
     0.24878988
     0.00000000
     0.00000000
     0.00000000
     0.00000000
     0.00000000
     0.01010101
     0.02020202
     0.03030303
     0.04040404
     0.05050505
     0.06060606
     0.07070707
     0.08080808
     0.09090909
     0.10101010
     0.11111111
     0.12121212
     0.13131313
     0.14141414
     0.15151515
     0.16161616
     0.17171717
     0.18181818
     0.19191919
     0.20202020
     0.20892361
     0.20993886
     0.21082153
     0.21157550
     0.21229152
     0.21233386
     0.21237620
     0.21241855
     0.21242170
     0.21229092
     0.21216021
     0.21202955
     0.21246588
     0.21320538
     0.21385784
     0.21443828
     0.21488721
     0.21546357
     0.21610750
     0.21675283
     0.21739955
     0.21804766
     0.21844461
     0.21822523
     0.21800600
     0.21771593
     0.21747181
     0.21769451
     0.21791736
     0.21814038
     0.21860286
     0.21910519
     0.21925440
     0.21892363
     0.21924695
     0.21950937
     0.21979382
     0.22051159
     0.22123105
     0.22161013
     0.22172848
     0.22165504
     0.22158160
     0.22150819
     0.22143479
     0.22136141
     0.22166781
     0.22226393
     0.22286119
     0.22345960
     0.22405915
     0.22465984
     0.22526168
     0.22586466
     0.22646878
     0.22707404
     0.22769407
     0.22870254
     0.22971414
     0.23072888
     0.23174676
     0.23276776
     0.23388261
     0.23502066
     0.23616254
     0.23730825
     0.23845779
     0.23930820
     0.24014946
     0.24099273
     0.24192643
     0.24309349
     0.24522196
     0.24708584
     0.24900958
     0.00000000
     0.00000000
     0.00000000
     0.00000000
     0.00000000
     0.01010101
     0.02020202
     0.03030303
     0.04040404
     0.05050505
     0.06060606
     0.07070707
     0.08080808
     0.09090909
     0.10101010
     0.11111111
     0.12121212
     0.13131313
     0.14141414
     0.15151515
     0.16161616
     0.17171717
     0.18181818
     0.19191919
     0.20202020
     0.20917431
     0.20968337
     0.21043436
     0.21118731
     0.21194223
     0.21210432
     0.21214662
     0.21218894
     0.21211598
     0.21198534
     0.21185476
     0.21175984
     0.21241095
     0.21313050
     0.21378279
     0.21434689
     0.21482343
     0.21546598
     0.21610992
     0.21675525
     0.21740198
     0.21805010
     0.21818629
     0.21796709
     0.21774804
     0.21750781
     0.21764430
     0.21786711
     0.21809010
     0.21841003
     0.21891204
     0.21941488
     0.21961795
     0.21994201
     0.22024468
     0.22048697
     0.22075380
     0.22147382
     0.22199619
     0.22213933
     0.22226919
     0.22219562
     0.22212206
     0.22204851
     0.22197499
     0.22190148
     0.22232130
     0.22291867
     0.22351719
     0.22411685
     0.22471765
     0.22531960
     0.22592269
     0.22652692
     0.22713230
     0.22773881
     0.22837520
     0.22938578
     0.23039951
     0.23141637
     0.23243636
     0.23351534
     0.23465215
     0.23579279
     0.23693726
     0.23808556
     0.23923768
     0.24025122
     0.24109473
     0.24194027
     0.24290595
     0.24376675
     0.24550300
     0.24739784
     0.24927280
     0.00000000
     0.00000000
     0.00000000
     0.00000000
     0.00000000
     0.01010101
     0.02020202
     0.03030303
     0.04040404
     0.05050505
     0.06060606
     0.07070707
     0.08080808
     0.09090909
     0.10101010
     0.11111111
     0.12121212
     0.13131313
     0.14141414
     0.15151515
     0.16161616
     0.17171717
     0.18181818
     0.19191919
     0.20202020
     0.20922139
     0.20950381
     0.21004770
     0.21079964
     0.21155355
     0.21187495
     0.21191723
     0.21194114
     0.21181057
     0.21168007
     0.21154963
     0.21170505
     0.21235603
     0.21305564
     0.21370776
     0.21425554
     0.21482584
     0.21546839
     0.21611234
     0.21675767
     0.21740441
     0.21805253
     0.21792818
     0.21770917
     0.21749031
     0.21759409
     0.21781687
     0.21803982
     0.21826293
     0.21871902
     0.21922154
     0.22008523
     0.22063865
     0.22096379
     0.22122463
     0.22146769
     0.22171678
     0.22238272
     0.22252604
     0.22266943
     0.22281084
     0.22273714
     0.22266345
     0.22258978
     0.22251613
     0.22244249
     0.22297617
     0.22357479
     0.22417457
     0.22477548
     0.22537754
     0.22598074
     0.22658508
     0.22719056
     0.22779718
     0.22840495
     0.22905776
     0.23007047
     0.23108631
     0.23210528
     0.23314847
     0.23428404
     0.23542344
     0.23656667
     0.23771373
     0.23886461
     0.24001931
     0.24117783
     0.24204255
     0.24289034
     0.24377498
     0.24444813
     0.24567823
     0.24771010
     0.24958664
     0.00000000
     0.00000000
     0.00000000
     0.00000000
     0.00000000
     0.01010101
     0.02020202
     0.03030303
     0.04040404
     0.05050505
     0.06060606
     0.07070707
     0.08080808
     0.09090909
     0.10101010
     0.11111111
     0.12121212
     0.13131313
     0.14141414
     0.15151515
     0.16161616
     0.17171717
     0.18181818
     0.19191919
     0.20202020
     0.20909404
     0.20937634
     0.20966157
     0.21041249
     0.21116539
     0.21164578
     0.21168802
     0.21163592
     0.21150549
     0.21137513
     0.21124483
     0.21165027
     0.21230112
     0.21298080
     0.21363276
     0.21418708
     0.21482824
     0.21547080
     0.21611475
     0.21676010
     0.21740683
     0.21788928
     0.21767029
     0.21745147
     0.21733535
     0.21776664
     0.21798955
     0.21821263
     0.21852612
     0.21902832
     0.21993718
     0.22133687
     0.22166275
     0.22196405
     0.22220769
     0.22245152
     0.22269554
     0.22291324
     0.22305680
     0.22320042
     0.22334412
     0.22327960
     0.22320578
     0.22313199
     0.22305821
     0.22303367
     0.22363241
     0.22423229
     0.22483331
     0.22543548
     0.22603879
     0.22664324
     0.22724883
     0.22785557
     0.22846344
     0.22907246
     0.22974175
     0.23075658
     0.23177454
     0.23279563
     0.23391632
     0.23505449
     0.23619649
     0.23734231
     0.23849195
     0.23964542
     0.24080270
     0.24196379
     0.24299289
     0.24378321
     0.24445637
     0.24513078
     0.24585354
     0.24793895
     0.24990075
     0.00000000
     0.00000000
     0.00000000
     0.00000000
     0.00000000
     0.01010101
     0.02020202
     0.03030303
     0.04040404
     0.05050505
     0.06060606
     0.07070707
     0.08080808
     0.09090909
     0.10101010
     0.11111111
     0.12121212
     0.13131313
     0.14141414
     0.15151515
     0.16161616
     0.17171717
     0.18181818
     0.19191919
     0.20202020
     0.20896675
     0.20924892
     0.20953137
     0.21002587
     0.21077775
     0.21141678
     0.21145898
     0.21133102
     0.21120074
     0.21107051
     0.21094622
     0.21159549
     0.21224623
     0.21290598
     0.21355777
     0.21418948
     0.21483065
     0.21547322
     0.21611717
     0.21676252
     0.21740926
     0.21763143
     0.21741263
     0.21719399
     0.21752036
     0.21793929
     0.21816233
     0.21838553
     0.21883523
     0.21978921
     0.22130526
     0.22236328
     0.22269024
     0.22294945
     0.22319386
     0.22343847
     0.22331483
     0.22344465
     0.22358845
     0.22373232
     0.22387626
     0.22382300
     0.22374906
     0.22367513
     0.22360122
     0.22369004
     0.22429003
     0.22489116
     0.22549344
     0.22609686
     0.22670142
     0.22730712
     0.22791396
     0.22852195
     0.22913107
     0.22974134
     0.23042718
     0.23144412
     0.23246420
     0.23354901
     0.23468594
     0.23582670
     0.23697128
     0.23811969
     0.23927192
     0.24042797
     0.24158782
     0.24275149
     0.24388743
     0.24446461
     0.24513904
     0.24581473
     0.24649167
     0.24811535
     0.25021358
     0.00000000
     0.00000000
     0.00000000
     0.00000000
     0.00000000
     0.01010101
     0.02020202
     0.03030303
     0.04040404
     0.05050505
     0.06060606
     0.07070707
     0.08080808
     0.09090909
     0.10101010
     0.11111111
     0.12121212
     0.13131313
     0.14141414
     0.15151515
     0.16161616
     0.17171717
     0.18181818
     0.19191919
     0.20202020
     0.20883952
     0.20912156
     0.20940388
     0.20968649
     0.21039064
     0.21114347
     0.21115665
     0.21102645
     0.21089630
     0.21076621
     0.21089158
     0.21154073
     0.21219134
     0.21283118
     0.21350082
     0.21419188
     0.21483306
     0.21547563
     0.21611959
     0.21676494
     0.21741169
     0.21737379
     0.21715518
     0.21724183
     0.21770548
     0.21811204
     0.21833520
     0.21864226
     0.21964131
     0.22115663
     0.22267943
     0.22339309
     0.22369298
     0.22393797
     0.22418316
     0.22404945
     0.22385089
     0.22397696
     0.22412101
     0.22426513
     0.22440931
     0.22436735
     0.22429327
     0.22421922
     0.22414518
     0.22434777
     0.22494902
     0.22555140
     0.22615493
     0.22675960
     0.22736541
     0.22797237
     0.22858046
     0.22918970
     0.22980007
     0.23041159
     0.23111403
     0.23213310
     0.23318210
     0.23431779
     0.23545731
     0.23660066
     0.23774783
     0.23889882
     0.24005363
     0.24121226
     0.24237469
     0.24348718
     0.24436737
     0.24514730
     0.24582300
     0.24649996
     0.24717817
     0.24829182
     0.25039105
     0.00000000
     0.00000000
     0.00000000
     0.00000000
     0.00000000
     0.01010101
     0.02020202
     0.03030303
     0.04040404
     0.05050505
     0.06060606
     0.07070707
     0.08080808
     0.09090909
     0.10101010
     0.11111111
     0.12121212
     0.13131313
     0.14141414
     0.15151515
     0.16161616
     0.17171717
     0.18181818
     0.19191919
     0.20202020
     0.20871235
     0.20899426
     0.20927646
     0.20955893
     0.21000404
     0.21075586
     0.21085226
     0.21072220
     0.21059219
     0.21046223
     0.21083695
     0.21148598
     0.21213647
     0.21275640
     0.21351936
     0.21419429
     0.21483547
     0.21547804
     0.21612201
     0.21676737
     0.21733496
     0.21711638
     0.21696355
     0.21742678
     0.21789072
     0.21828489
     0.21850818
     0.21949348
     0.22100807
     0.22253014
     0.22405967
     0.22442629
     0.22468385
     0.22492961
     0.22478580
     0.22458678
     0.22438788
     0.22451018
     0.22465447
     0.22479883
     0.22494325
     0.22491263
     0.22483843
     0.22476425
     0.22469008
     0.22500688
     0.22560938
     0.22621302
     0.22681780
     0.22742372
     0.22803078
     0.22863899
     0.22924833
     0.22985882
     0.23047044
     0.23108321
     0.23180232
     0.23282350
     0.23395004
     0.23508832
     0.23623043
     0.23737637
     0.23852612
     0.23967970
     0.24083709
     0.24199830
     0.24308738
     0.24396658
     0.24484793
     0.24579908
     0.24650825
     0.24718647
     0.24786595
     0.24854668
     0.25056861
     0.00000000
     0.00000000
     0.00000000
     0.00000000
     0.00000000
     0.01010101
     0.02020202
     0.03030303
     0.04040404
     0.05050505
     0.06060606
     0.07070707
     0.08080808
     0.09090909
     0.10101010
     0.11111111
     0.12121212
     0.13131313
     0.14141414
     0.15151515
     0.16161616
     0.17171717
     0.18181818
     0.19191919
     0.20202020
     0.20858523
     0.20886702
     0.20914909
     0.20943144
     0.20971407
     0.21031616
     0.21054820
     0.21041826
     0.21028839
     0.21015858
     0.21078233
     0.21143124
     0.21208160
     0.21269481
     0.21353790
     0.21419669
     0.21483787
     0.21548045
     0.21612442
     0.21676979
     0.21707759
     0.21685919
     0.21714833
     0.21761184
     0.21807607
     0.21845783
     0.21934572
     0.22085958
     0.22238092
     0.22390972
     0.22513304
     0.22543149
     0.22567783
     0.22552386
     0.22532437
     0.22512501
     0.22492578
     0.22504429
     0.22518883
     0.22533343
     0.22547810
     0.22545885
     0.22538453
     0.22531022
     0.22523592
     0.22566737
     0.22627111
     0.22687601
     0.22748204
     0.22808921
     0.22869752
     0.22930698
     0.22991757
     0.23052931
     0.23114218
     0.23175619
     0.23249204
     0.23358269
     0.23471973
     0.23586060
     0.23700530
     0.23815383
     0.23930617
     0.24046233
     0.24162230
     0.24268801
     0.24356624
     0.24444662
     0.24535929
     0.24633219
     0.24719478
     0.24787427
     0.24855502
     0.24923701
     0.25074625
     0.00000000
     0.00000000
     0.00000000
     0.00000000
     0.00000000
     0.01010101
     0.02020202
     0.03030303
     0.04040404
     0.05050505
     0.06060606
     0.07070707
     0.08080808
     0.09090909
     0.10101010
     0.11111111
     0.12121212
     0.13131313
     0.14141414
     0.15151515
     0.16161616
     0.17171717
     0.18181818
     0.19191919
     0.20202020
     0.20845818
     0.20873984
     0.20902178
     0.20930400
     0.20958650
     0.20985415
     0.21024445
     0.21011466
     0.20998492
     0.21008040
     0.21072772
     0.21137651
     0.21202675
     0.21272674
     0.21355645
     0.21419909
     0.21484028
     0.21548286
     0.21612684
     0.21677221
     0.21682043
     0.21687014
     0.21733323
     0.21779702
     0.21826153
     0.21925489
     0.22071117
     0.22223177
     0.22375984
     0.22529538
     0.22617194
     0.22642780
     0.22626364
     0.22606369
     0.22586386
     0.22566416
     0.22546459
     0.22557931
     0.22572409
     0.22586894
     0.22601385
     0.22600602
     0.22593156
     0.22585712
     0.22578270
     0.22632922
     0.22693422
     0.22754036
     0.22814765
     0.22875607
     0.22936563
     0.22997634
     0.23058818
     0.23120116
     0.23181529
     0.23243054
     0.23321575
     0.23435155
     0.23549118
     0.23663464
     0.23778193
     0.23893303
     0.24008796
     0.24124670
     0.24228910
     0.24316634
     0.24404574
     0.24492729
     0.24589175
     0.24686607
     0.24784298
     0.24856335
     0.24924536
     0.24992862
     0.25092398
     0.00000000
     0.00000000
     0.00000000
     0.00000000
     0.00000000
     0.01010101
     0.02020202
     0.03030303
     0.04040404
     0.05050505
     0.06060606
     0.07070707
     0.08080808
     0.09090909
     0.10101010
     0.11111111
     0.12121212
     0.13131313
     0.14141414
     0.15151515
     0.16161616
     0.17171717
     0.18181818
     0.19191919
     0.20202020
     0.20833117
     0.20861271
     0.20889452
     0.20917662
     0.20941008
     0.20953421
     0.20994102
     0.20981137
     0.20968177
     0.21002593
     0.21067313
     0.21132178
     0.21201570
     0.21276384
     0.21356169
     0.21420149
     0.21484269
     0.21548528
     0.21612926
     0.21677463
     0.21659221
     0.21705486
     0.21751823
     0.21798231
     0.21904618
     0.22049854
     0.22208269
     0.22361003
     0.22514484
     0.22668710
     0.22717954
     0.22700513
     0.22680472
     0.22660443
     0.22640427
     0.22620423
     0.22600432
     0.22611523
     0.22626026
     0.22640534
     0.22655050
     0.22655412
     0.22647954
     0.22640497
     0.22638734
     0.22699245
     0.22759870
     0.22820609
     0.22881463
     0.22942430
     0.23003511
     0.23064707
     0.23126016
     0.23187439
     0.23248976
     0.23310627
     0.23398376
     0.23512215
     0.23626438
     0.23741043
     0.23856030
     0.23971399
     0.24087149
     0.24189063
     0.24276690
     0.24364531
     0.24452588
     0.24545185
     0.24642499
     0.24740073
     0.24837906
     0.24925371
     0.24993699
     0.25062151
     0.25130728
     0.00000000
     0.00000000
     0.00000000
     0.00000000
     0.00000000
     0.01010101
     0.02020202
     0.03030303
     0.04040404
     0.05050505
     0.06060606
     0.07070707
     0.08080808
     0.09090909
     0.10101010
     0.11111111
     0.12121212
     0.13131313
     0.14141414
     0.15151515
     0.16161616
     0.17171717
     0.18181818
     0.19191919
     0.20202020
     0.20820423
     0.20848564
     0.20876732
     0.20904929
     0.20920013
     0.20932417
     0.20950991
     0.20950840
     0.20937894
     0.20997146
     0.21061854
     0.21126707
     0.21205551
     0.21280094
     0.21356408
     0.21420389
     0.21484509
     0.21548769
     0.21613168
     0.21652476
     0.21677676
     0.21723970
     0.21770335
     0.21880650
     0.22016368
     0.22177315
     0.22344012
     0.22499437
     0.22653591
     0.22792718
     0.22774834
     0.22754746
     0.22734671
     0.22714609
     0.22694559
     0.22674521
     0.22654496
     0.22665205
     0.22679732
     0.22694265
     0.22708805
     0.22710316
     0.22702845
     0.22695376
     0.22705069
     0.22765705
     0.22826455
     0.22887320
     0.22948298
     0.23009390
     0.23070596
     0.23131917
     0.23193351
     0.23254898
     0.23316560
     0.23379334
     0.23475353
     0.23589451
     0.23703933
     0.23818796
     0.23934042
     0.24049669
     0.24149261
     0.24236789
     0.24324533
     0.24412492
     0.24501248
     0.24598445
     0.24695901
     0.24793617
     0.24891591
     0.24989824
     0.25062989
     0.25131567
     0.25200270
     0.00000000
     0.00000000
     0.00000000
     0.00000000
     0.00000000
     0.01010101
     0.02020202
     0.03030303
     0.04040404
     0.05050505
     0.06060606
     0.07070707
     0.08080808
     0.09090909
     0.10101010
     0.11111111
     0.12121212
     0.13131313
     0.14141414
     0.15151515
     0.16161616
     0.17171717
     0.18181818
     0.19191919
     0.20202020
     0.20807734
     0.20835862
     0.20864018
     0.20886645
     0.20899034
     0.20911429
     0.20923829
     0.20920576
     0.20927152
     0.20991701
     0.21056396
     0.21129386
     0.21209533
     0.21283806
     0.21356648
     0.21420630
     0.21484750
     0.21549010
     0.21613409
     0.21649892
     0.21696143
     0.21742465
     0.21856701
     0.21992312
     0.22138810
     0.22305301
     0.22472683
     0.22638478
     0.22793304
     0.22849326
     0.22829192
     0.22809071
     0.22788962
     0.22768866
     0.22748782
     0.22728710
     0.22708652
     0.22718977
     0.22733528
     0.22748086
     0.22762650
     0.22765314
     0.22757830
     0.22750348
     0.22771541
     0.22832302
     0.22893177
     0.22954167
     0.23015270
     0.23076487
     0.23137818
     0.23199263
     0.23260822
     0.23322494
     0.23384281
     0.23455135
     0.23552505
     0.23666863
     0.23781603
     0.23896725
     0.24012229
     0.24109504
     0.24196934
     0.24284579
     0.24372441
     0.24460517
     0.24554443
     0.24651782
     0.24749381
     0.24847238
     0.24945354
     0.25043728
     0.25132407
     0.25201111
     0.25269940
     0.00000000
     0.00000000
     0.00000000
     0.00000000
     0.00000000
     0.01010101
     0.02020202
     0.03030303
     0.04040404
     0.05050505
     0.06060606
     0.07070707
     0.08080808
     0.09090909
     0.10101010
     0.11111111
     0.12121212
     0.13131313
     0.14141414
     0.15151515
     0.16161616
     0.17171717
     0.18181818
     0.19191919
     0.20202020
     0.20795051
     0.20823166
     0.20851310
     0.20865690
     0.20878070
     0.20890455
     0.20902846
     0.20890344
     0.20921720
     0.20986256
     0.21053421
     0.21133358
     0.21213516
     0.21287517
     0.21356888
     0.21420870
     0.21484991
     0.21549251
     0.21613651
     0.21668341
     0.21714620
     0.21832771
     0.21968275
     0.22104382
     0.22266638
     0.22433814
     0.22601880
     0.22770499
     0.22889663
     0.22903810
     0.22883642
     0.22863487
     0.22843344
     0.22823214
     0.22803096
     0.22782991
     0.22762898
     0.22772839
     0.22787414
     0.22801996
     0.22814803
     0.22816339
     0.22812910
     0.22805415
     0.22838150
     0.22899036
     0.22960036
     0.23021151
     0.23082379
     0.23143721
     0.23205177
     0.23266746
     0.23328430
     0.23390227
     0.23452138
     0.23531106
     0.23629833
     0.23744449
     0.23859448
     0.23974828
     0.24069791
     0.24157123
     0.24244670
     0.24332434
     0.24420412
     0.24510495
     0.24607716
     0.24705198
     0.24802938
     0.24900937
     0.24999194
     0.25097710
     0.25196483
     0.25270783
     0.25339738
     0.00000000
     0.00000000
     0.00000000
     0.00000000
     0.00000000
     0.01010101
     0.02020202
     0.03030303
     0.04040404
     0.05050505
     0.06060606
     0.07070707
     0.08080808
     0.09090909
     0.10101010
     0.11111111
     0.12121212
     0.13131313
     0.14141414
     0.15151515
     0.16161616
     0.17171717
     0.18181818
     0.19191919
     0.20202020
     0.20782373
     0.20810476
     0.20832385
     0.20844751
     0.20857121
     0.20869498
     0.20881879
     0.20890453
     0.20916289
     0.20980813
     0.21057383
     0.21137330
     0.21217499
     0.21291229
     0.21357128
     0.21421110
     0.21485232
     0.21549493
     0.21640565
     0.21686802
     0.21808860
     0.21944257
     0.22080257
     0.22228023
     0.22394992
     0.22562852
     0.22730310
     0.22856364
     0.22976908
     0.22958384
     0.22938183
     0.22917994
     0.22897818
     0.22877654
     0.22857502
     0.22837363
     0.22817237
     0.22826791
     0.22840814
     0.22846084
     0.22851355
     0.22853292
     0.22850905
     0.22848519
     0.22897948
     0.22964082
     0.23027033
     0.23088272
     0.23149625
     0.23211091
     0.23272672
     0.23334366
     0.23396174
     0.23458096
     0.23523226
     0.23607248
     0.23707335
     0.23822210
     0.23937467
     0.24030123
     0.24117356
     0.24204806
     0.24292471
     0.24380352
     0.24468447
     0.24563704
     0.24661068
     0.24758691
     0.24856573
     0.24954713
     0.25053112
     0.25151769
     0.25250683
     0.25340582
     0.25409662
     0.00000000
     0.00000000
     0.00000000
     0.00000000
     0.00000000
     0.01010101
     0.02020202
     0.03030303
     0.04040404
     0.05050505
     0.06060606
     0.07070707
     0.08080808
     0.09090909
     0.10101010
     0.11111111
     0.12121212
     0.13131313
     0.14141414
     0.15151515
     0.16161616
     0.17171717
     0.18181818
     0.19191919
     0.20202020
     0.20773252
     0.20797792
     0.20811470
     0.20823827
     0.20836188
     0.20848556
     0.20860928
     0.20896263
     0.20915001
     0.20981608
     0.21061344
     0.21141303
     0.21221483
     0.21294942
     0.21357367
     0.21421350
     0.21485472
     0.21567853
     0.21659009
     0.21784967
     0.21920258
     0.22056151
     0.22192648
     0.22356218
     0.22523872
     0.22688573
     0.22811297
     0.22934598
     0.23015002
     0.23000264
     0.22980848
     0.22961444
     0.22942052
     0.22922670
     0.22903301
     0.22883943
     0.22864596
     0.22872119
     0.22877395
     0.22882671
     0.22887948
     0.22890287
     0.22887898
     0.22885509
     0.22946539
     0.23012771
     0.23079137
     0.23145637
     0.23212271
     0.23278599
     0.23340304
     0.23402123
     0.23464055
     0.23526102
     0.23599350
     0.23683559
     0.23785013
     0.23900147
     0.23990499
     0.24077635
     0.24164986
     0.24252553
     0.24340336
     0.24428333
     0.24519744
     0.24616991
     0.24714496
     0.24812261
     0.24910285
     0.25008567
     0.25107107
     0.25205905
     0.25304961
     0.25404273
     0.25479714
     0.00000000
     0.00000000
     0.00000000
     0.00000000
     0.00000000
     0.01010101
     0.02020202
     0.03030303
     0.04040404
     0.05050505
     0.06060606
     0.07070707
     0.08080808
     0.09090909
     0.10101010
     0.11111111
     0.12121212
     0.13131313
     0.14141414
     0.15151515
     0.16161616
     0.17171717
     0.18181818
     0.19191919
     0.20202020
     0.20767979
     0.20785574
     0.20794311
     0.20803050
     0.20815271
     0.20827629
     0.20839992
     0.20915737
     0.20943027
     0.20985559
     0.21065307
     0.21145276
     0.21225467
     0.21298655
     0.21357607
     0.21421590
     0.21485713
     0.21609312
     0.21761094
     0.21896277
     0.22032064
     0.22168454
     0.22317492
     0.22484939
     0.22635633
     0.22758156
     0.22881146
     0.23017120
     0.23047842
     0.23033753
     0.23017311
     0.22997886
     0.22978471
     0.22959069
     0.22939677
     0.22920298
     0.22900929
     0.22908736
     0.22914017
     0.22919299
     0.22924582
     0.22927324
     0.22924932
     0.22929006
     0.22995202
     0.23061533
     0.23127997
     0.23194595
     0.23261327
     0.23328193
     0.23395192
     0.23462325
     0.23529591
     0.23594244
     0.23675644
     0.23760041
     0.23862866
     0.23950920
     0.24037958
     0.24125211
     0.24212680
     0.24300364
     0.24388264
     0.24476379
     0.24572967
     0.24670355
     0.24768003
     0.24865909
     0.24964075
     0.25062498
     0.25161180
     0.25260119
     0.25359315
     0.25458768
     0.25549893
     0.00000000
     0.00000000
     0.00000000
     0.00000000
     0.00000000
     0.01010101
     0.02020202
     0.03030303
     0.04040404
     0.05050505
     0.06060606
     0.07070707
     0.08080808
     0.09090909
     0.10101010
     0.11111111
     0.12121212
     0.13131313
     0.14141414
     0.15151515
     0.16161616
     0.17171717
     0.18181818
     0.19191919
     0.20202020
     0.20762706
     0.20772088
     0.20780821
     0.20789557
     0.20798295
     0.20807036
     0.20819072
     0.20938995
     0.20979562
     0.21000208
     0.21069269
     0.21149250
     0.21229452
     0.21302368
     0.21357847
     0.21421831
     0.21522877
     0.21737239
     0.21872316
     0.22007996
     0.22144279
     0.22281165
     0.22434896
     0.22582781
     0.22705102
     0.22827890
     0.22952138
     0.23094823
     0.23080714
     0.23066612
     0.23052515
     0.23034368
     0.23014932
     0.22995507
     0.22976095
     0.22956693
     0.22937303
     0.22945393
     0.22950680
     0.22955968
     0.22961257
     0.22964403
     0.22962009
     0.22977643
     0.23043938
     0.23110367
     0.23176930
     0.23243626
     0.23310456
     0.23377420
     0.23444517
     0.23511748
     0.23579113
     0.23652045
     0.23741564
     0.23831316
     0.23911387
     0.23998325
     0.24085480
     0.24172851
     0.24260438
     0.24348240
     0.24436257
     0.24528996
     0.24626267
     0.24723797
     0.24821587
     0.24919635
     0.25017942
     0.25116507
     0.25215329
     0.25314409
     0.25413746
     0.25513340
     0.25613190
     0.00000000
     0.00000000
     0.00000000
     0.00000000
     0.00000000
     0.01010101
     0.02020202
     0.03030303
     0.04040404
     0.05050505
     0.06060606
     0.07070707
     0.08080808
     0.09090909
     0.10101010
     0.11111111
     0.12121212
     0.13131313
     0.14141414
     0.15151515
     0.16161616
     0.17171717
     0.18181818
     0.19191919
     0.20202020
     0.20749884
     0.20758610
     0.20767338
     0.20776070
     0.20784804
     0.20793540
     0.20805193
     0.20970117
     0.21016143
     0.21036816
     0.21073233
     0.21153224
     0.21233437
     0.21306082
     0.21358086
     0.21440201
     0.21663255
     0.21848373
     0.21983947
     0.22117717
     0.22245421
     0.22383010
     0.22530017
     0.22652135
     0.22774721
     0.22897774
     0.23034705
     0.23127743
     0.23113620
     0.23099503
     0.23085392
     0.23070890
     0.23051433
     0.23031987
     0.23012552
     0.22993129
     0.22973718
     0.22979953
     0.22987385
     0.22992679
     0.22997974
     0.23001525
     0.22999127
     0.23026353
     0.23092746
     0.23159273
     0.23225934
     0.23292729
     0.23359657
     0.23426719
     0.23493915
     0.23561244
     0.23628706
     0.23710026
     0.23799696
     0.23865678
     0.23950385
     0.24045795
     0.24133067
     0.24220556
     0.24308259
     0.24396179
     0.24485078
     0.24582232
     0.24679645
     0.24777317
     0.24875249
     0.24973439
     0.25071887
     0.25170593
     0.25269556
     0.25368777
     0.25468254
     0.25567988
     0.25641131
     0.00000000
     0.00000000
     0.00000000
     0.00000000
     0.00000000
     0.01010101
     0.02020202
     0.03030303
     0.04040404
     0.05050505
     0.06060606
     0.07070707
     0.08080808
     0.09090909
     0.10101010
     0.11111111
     0.12121212
     0.13131313
     0.14141414
     0.15151515
     0.16161616
     0.17171717
     0.18181818
     0.19191919
     0.20202020
     0.20736415
     0.20745137
     0.20753862
     0.20762589
     0.20771319
     0.20780051
     0.20836168
     0.21001272
     0.21052772
     0.21073470
     0.21094184
     0.21157199
     0.21237423
     0.21308446
     0.21367213
     0.21580984
     0.21803907
     0.21949694
     0.22076703
     0.22204237
     0.22332298
     0.22477340
     0.22599256
     0.22721640
     0.22844490
     0.22969687
     0.23117480
     0.23160695
     0.23146558
     0.23132427
     0.23118302
     0.23104184
     0.23087974
     0.23068507
     0.23049050
     0.23029606
     0.23010173
     0.23014137
     0.23024131
     0.23029431
     0.23034731
     0.23038688
     0.23036288
     0.23075134
     0.23141626
     0.23208252
     0.23275011
     0.23341904
     0.23408930
     0.23476091
     0.23543384
     0.23610811
     0.23678517
     0.23768105
     0.23837892
     0.23898718
     0.23984838
     0.24081415
     0.24178257
     0.24268324
     0.24356145
     0.24444182
     0.24538250
     0.24635546
     0.24733101
     0.24830915
     0.24928988
     0.25027319
     0.25125909
     0.25224756
     0.25323860
     0.25423221
     0.25522839
     0.25600762
     0.25667642
     0.00000000
     0.00000000
     0.00000000
     0.00000000
     0.00000000
     0.01010101
     0.02020202
     0.03030303
     0.04040404
     0.05050505
     0.06060606
     0.07070707
     0.08080808
     0.09090909
     0.10101010
     0.11111111
     0.12121212
     0.13131313
     0.14141414
     0.15151515
     0.16161616
     0.17171717
     0.18181818
     0.19191919
     0.20202020
     0.20722954
     0.20731671
     0.20740392
     0.20749115
     0.20757840
     0.20766569
     0.20867177
     0.21032461
     0.21089447
     0.21110172
     0.21130912
     0.21161174
     0.21241410
     0.21321989
     0.21490360
     0.21705241
     0.21908903
     0.22035743
     0.22163108
     0.22290999
     0.22424751
     0.22546464
     0.22668646
     0.22791294
     0.22914410
     0.23052299
     0.23200462
     0.23193680
     0.23179529
     0.23165384
     0.23151245
     0.23137112
     0.23122986
     0.23105067
     0.23085589
     0.23066123
     0.23046668
     0.23048356
     0.23060918
     0.23066224
     0.23071530
     0.23075894
     0.23073491
     0.23123988
     0.23190579
     0.23257302
     0.23324160
     0.23391151
     0.23458276
     0.23525534
     0.23592926
     0.23660450
     0.23736542
     0.23810127
     0.23870905
     0.23931790
     0.24019326
     0.24115997
     0.24212934
     0.24310136
     0.24404095
     0.24494321
     0.24591499
     0.24688937
     0.24786634
     0.24884590
     0.24982805
     0.25081277
     0.25180008
     0.25278996
     0.25378241
     0.25477743
     0.25560435
     0.25627246
     0.25694171
     0.00000000
     0.00000000
     0.00000000
     0.00000000
     0.00000000
     0.01010101
     0.02020202
     0.03030303
     0.04040404
     0.05050505
     0.06060606
     0.07070707
     0.08080808
     0.09090909
     0.10101010
     0.11111111
     0.12121212
     0.13131313
     0.14141414
     0.15151515
     0.16161616
     0.17171717
     0.18181818
     0.19191919
     0.20202020
     0.20709498
     0.20718212
     0.20726928
     0.20735647
     0.20744368
     0.20753093
     0.20898220
     0.21063684
     0.21126169
     0.21146920
     0.21167687
     0.21188468
     0.21258767
     0.21414764
     0.21606898
     0.21822621
     0.21994837
     0.22122033
     0.22249755
     0.22372721
     0.22493760
     0.22615739
     0.22738186
     0.22861100
     0.22987246
     0.23135118
     0.23240869
     0.23226698
     0.23212533
     0.23198374
     0.23184221
     0.23170074
     0.23155933
     0.23141668
     0.23122169
     0.23102681
     0.23083205
     0.23082611
     0.23097746
     0.23103058
     0.23108370
     0.23113141
     0.23110736
     0.23172915
     0.23239603
     0.23306425
     0.23373381
     0.23440470
     0.23507693
     0.23575049
     0.23642539
     0.23710162
     0.23782385
     0.23843115
     0.23903950
     0.23964893
     0.24053847
     0.24150613
     0.24247645
     0.24344941
     0.24442502
     0.24547447
     0.24644827
     0.24742407
     0.24840246
     0.24938343
     0.25036699
     0.25135313
     0.25234184
     0.25333313
     0.25432699
     0.25520149
     0.25586891
     0.25653748
     0.25720719
     0.00000000
     0.00000000
     0.00000000
     0.00000000
     0.00000000
     0.01010101
     0.02020202
     0.03030303
     0.04040404
     0.05050505
     0.06060606
     0.07070707
     0.08080808
     0.09090909
     0.10101010
     0.11111111
     0.12121212
     0.13131313
     0.14141414
     0.15151515
     0.16161616
     0.17171717
     0.18181818
     0.19191919
     0.20202020
     0.20696050
     0.20704759
     0.20713471
     0.20722185
     0.20730903
     0.20764610
     0.20929296
     0.21094941
     0.21162937
     0.21183715
     0.21204508
     0.21242179
     0.21343712
     0.21528648
     0.21723894
     0.21940457
     0.22081013
     0.22208566
     0.22330738
     0.22441143
     0.22562920
     0.22685165
     0.22807876
     0.22931055
     0.23069902
     0.23218145
     0.23273933
     0.23259748
     0.23245569
     0.23231396
     0.23217229
     0.23203068
     0.23188913
     0.23174764
     0.23158788
     0.23139279
     0.23119781
     0.23116902
     0.23134615
     0.23139933
     0.23145251
     0.23150431
     0.23155260
     0.23221913
     0.23288700
     0.23355620
     0.23422674
     0.23489862
     0.23557183
     0.23624637
     0.23692224
     0.23754665
     0.23815346
     0.23876133
     0.23937027
     0.23998027
     0.24088401
     0.24185263
     0.24282389
     0.24379780
     0.24477940
     0.24585875
     0.24694131
     0.24795954
     0.24893934
     0.24992173
     0.25090671
     0.25189426
     0.25288438
     0.25387708
     0.25479905
     0.25546578
     0.25613366
     0.25680268
     0.25747284
     0.00000000
     0.00000000
     0.00000000
     0.00000000
     0.00000000
     0.01010101
     0.02020202
     0.03030303
     0.04040404
     0.05050505
     0.06060606
     0.07070707
     0.08080808
     0.09090909
     0.10101010
     0.11111111
     0.12121212
     0.13131313
     0.14141414
     0.15151515
     0.16161616
     0.17171717
     0.18181818
     0.19191919
     0.20202020
     0.20682607
     0.20691312
     0.20700020
     0.20708731
     0.20717444
     0.20795540
     0.20960407
     0.21126232
     0.21199753
     0.21220557
     0.21261753
     0.21360096
     0.21477198
     0.21642971
     0.21841346
     0.22040047
     0.22167431
     0.22288811
     0.22388614
     0.22510189
     0.22632231
     0.22754741
     0.22877717
     0.23004815
     0.23152765
     0.23301379
     0.23307031
     0.23292832
     0.23278638
     0.23264451
     0.23250270
     0.23236095
     0.23221926
     0.23207763
     0.23193607
     0.23175918
     0.23156398
     0.23151228
     0.23171525
     0.23176849
     0.23182173
     0.23187499
     0.23204233
     0.23270984
     0.23337869
     0.23404888
     0.23472040
     0.23539325
     0.23606744
     0.23674296
     0.23737570
     0.23787600
     0.23848338
     0.23909183
     0.23970135
     0.24031192
     0.24122990
     0.24219946
     0.24317167
     0.24414652
     0.24516295
     0.24624344
     0.24732714
     0.24841403
     0.24947701
     0.25046081
     0.25144719
     0.25243616
     0.25342769
     0.25439703
     0.25506307
     0.25573025
     0.25639858
     0.25706805
     0.25773867
     0.00000000
     0.00000000
     0.00000000
     0.00000000
