     0.00000000
     0.00000000
     0.00000000
     0.00000000
     0.00000000
     0.00000000
     0.00000000
     0.00000000
     0.00000000
     0.00000000
     0.00000000
     0.19744207
     0.19747587
     0.19750967
     0.19747929
     0.19737471
     0.19727018
     0.19747556
     0.19781215
     0.19793569
     0.19780341
     0.19751688
     0.19723066
     0.19686153
     0.19651531
     0.19627619
     0.19603729
     0.19579860
     0.19556014
     0.19532190
     0.19508387
     0.19484607
     0.19460848
     0.19437112
     0.19413397
     0.19389705
     0.19366034
     0.19342386
     0.19318759
     0.19295155
     0.19271572
     0.19248011
     0.19224472
     0.19200956
     0.19177461
     0.19151045
     0.19106789
     0.19003533
     0.18892970
     0.18736462
     0.18553328
     0.18361280
     0.18170777
     0.17981816
     0.17794392
     0.17612707
     0.17435752
     0.17553218
     0.17778585
     0.18009903
     0.18243562
     0.18518443
     0.18727349
     0.18813691
     0.18900339
     0.18987293
     0.19110528
     0.19279223
     0.19449050
     0.19620008
     0.19792101
     0.19965328
     0.20124171
     0.20271328
     0.20419285
     0.20568044
     0.20717604
     0.20704148
     0.20592056
     0.20202020
     0.19191919
     0.18181818
     0.17171717
     0.16161616
     0.15151515
     0.14141414
     0.13131313
     0.12121212
     0.11111111
     0.10101010
     0.09090909
     0.08080808
     0.07070707
     0.06060606
     0.05050505
     0.04040404
     0.03030303
     0.02020202
     0.01010101
     0.00000000
     0.00000000
     0.00000000
     0.00000000
     0.00000000
     0.00000000
     0.00000000
     0.00000000
     0.00000000
     0.00000000
     0.00000000
     0.00000000
     0.19717851
     0.19721228
     0.19724605
     0.19725990
     0.19715541
     0.19723181
     0.19756809
     0.19790274
     0.19791488
     0.19782959
     0.19754304
     0.19725679
     0.19679239
     0.19628130
     0.19599098
     0.19575234
     0.19551392
     0.19527572
     0.19503774
     0.19479998
     0.19456244
     0.19432511
     0.19408801
     0.19385113
     0.19361447
     0.19337802
     0.19314180
     0.19290580
     0.19267001
     0.19243445
     0.19219910
     0.19196398
     0.19172907
     0.19149438
     0.19138860
     0.19069699
     0.18966596
     0.18861287
     0.18704981
     0.18501821
     0.18303450
     0.18112802
     0.17924311
     0.17738862
     0.17568928
     0.17392320
     0.17572586
     0.17797404
     0.18028913
     0.18274998
     0.18555413
     0.18734715
     0.18821083
     0.18907757
     0.18994737
     0.19112264
     0.19270841
     0.19437941
     0.19608826
     0.19780844
     0.19947611
     0.20093801
     0.20240792
     0.20388584
     0.20537177
     0.20686571
     0.20652075
     0.20540191
     0.20202020
     0.19191919
     0.18181818
     0.17171717
     0.16161616
     0.15151515
     0.14141414
     0.13131313
     0.12121212
     0.11111111
     0.10101010
     0.09090909
     0.08080808
     0.07070707
     0.06060606
     0.05050505
     0.04040404
     0.03030303
     0.02020202
     0.01010101
     0.00000000
     0.00000000
     0.00000000
     0.00000000
     0.00000000
     0.00000000
     0.00000000
     0.00000000
     0.00000000
     0.00000000
     0.00000000
     0.00000000
     0.19691522
     0.19694895
     0.19698269
     0.19701643
     0.19698829
     0.19732426
     0.19766066
     0.19788193
     0.19789407
     0.19785578
     0.19756920
     0.19723524
     0.19672327
     0.19621231
     0.19570609
     0.19546771
     0.19522955
     0.19499162
     0.19475390
     0.19451640
     0.19427912
     0.19404206
     0.19380522
     0.19356860
     0.19333220
     0.19309602
     0.19286006
     0.19262431
     0.19238879
     0.19215349
     0.19191841
     0.19168354
     0.19144890
     0.19135234
     0.19127810
     0.19032664
     0.18929715
     0.18827193
     0.18659751
     0.18455537
     0.18257551
     0.18061218
     0.17866950
     0.17689531
     0.17520829
     0.17348974
     0.17591971
     0.17816238
     0.18047939
     0.18311591
     0.18592439
     0.18742083
     0.18828477
     0.18915177
     0.19002183
     0.19123909
     0.19282559
     0.19442210
     0.19602861
     0.19769593
     0.19917441
     0.20063466
     0.20210291
     0.20357917
     0.20506344
     0.20655572
     0.20600098
     0.20488423
     0.20202020
     0.19191919
     0.18181818
     0.17171717
     0.16161616
     0.15151515
     0.14141414
     0.13131313
     0.12121212
     0.11111111
     0.10101010
     0.09090909
     0.08080808
     0.07070707
     0.06060606
     0.05050505
     0.04040404
     0.03030303
     0.02020202
     0.01010101
     0.00000000
     0.00000000
     0.00000000
     0.00000000
     0.00000000
     0.00000000
     0.00000000
     0.00000000
     0.00000000
     0.00000000
     0.00000000
     0.00000000
     0.19665219
     0.19668589
     0.19671959
     0.19675330
     0.19708065
     0.19741674
     0.19775325
     0.19786112
     0.19787326
     0.19788197
     0.19759536
     0.19716600
     0.19665417
     0.19614335
     0.19563353
     0.19518340
     0.19494550
     0.19470782
     0.19447037
     0.19423313
     0.19399611
     0.19375932
     0.19352274
     0.19328638
     0.19305024
     0.19281432
     0.19257862
     0.19234315
     0.19210788
     0.19187284
     0.19163802
     0.19140342
     0.19130685
     0.19123262
     0.19098775
     0.18995684
     0.18892888
     0.18790519
     0.18608601
     0.18409343
     0.18211742
     0.18015793
     0.17821493
     0.17645193
     0.17471975
     0.17304912
     0.17611373
     0.17835089
     0.18070262
     0.18348241
     0.18629523
     0.18749453
     0.18835874
     0.18922600
     0.19009632
     0.19135559
     0.19294283
     0.19454007
     0.19614732
     0.19760348
     0.19895130
     0.20033165
     0.20179824
     0.20327284
     0.20475545
     0.20624608
     0.20548219
     0.20436284
     0.20202020
     0.19191919
     0.18181818
     0.17171717
     0.16161616
     0.15151515
     0.14141414
     0.13131313
     0.12121212
     0.11111111
     0.10101010
     0.09090909
     0.08080808
     0.07070707
     0.06060606
     0.05050505
     0.04040404
     0.03030303
     0.02020202
     0.01010101
     0.00000000
     0.00000000
     0.00000000
     0.00000000
     0.00000000
     0.00000000
     0.00000000
     0.00000000
     0.00000000
     0.00000000
     0.00000000
     0.00000000
     0.19653179
     0.19642309
     0.19645676
     0.19671515
     0.19717087
     0.19750925
     0.19782818
     0.19784031
     0.19785245
     0.19786458
     0.19760948
     0.19709678
     0.19658509
     0.19607440
     0.19556471
     0.19505603
     0.19466176
     0.19442434
     0.19418715
     0.19395018
     0.19371342
     0.19347689
     0.19324057
     0.19300448
     0.19276860
     0.19253294
     0.19229751
     0.19206229
     0.19182729
     0.19159251
     0.19135795
     0.19126137
     0.19118715
     0.19111296
     0.19061829
     0.18958759
     0.18856116
     0.18753901
     0.18562111
     0.18363238
     0.18166021
     0.17970456
     0.17783199
     0.17607563
     0.17433294
     0.17260389
     0.17597568
     0.17853954
     0.18106536
     0.18384947
     0.18666663
     0.18756826
     0.18843273
     0.18930025
     0.19017083
     0.19147195
     0.19305896
     0.19465596
     0.19619190
     0.19753148
     0.19887794
     0.20023129
     0.20159153
     0.20295867
     0.20443852
     0.20592642
     0.20494601
     0.20382510
     0.20202020
     0.19191919
     0.18181818
     0.17171717
     0.16161616
     0.15151515
     0.14141414
     0.13131313
     0.12121212
     0.11111111
     0.10101010
     0.09090909
     0.08080808
     0.07070707
     0.06060606
     0.05050505
     0.04040404
     0.03030303
     0.02020202
     0.01010101
     0.00000000
     0.00000000
     0.00000000
     0.00000000
     0.00000000
     0.00000000
     0.00000000
     0.00000000
     0.00000000
     0.00000000
     0.00000000
     0.00000000
     0.19652921
     0.19627085
     0.19629551
     0.19675049
     0.19720627
     0.19760179
     0.19780738
     0.19781951
     0.19783164
     0.19784377
     0.19754014
     0.19702758
     0.19651602
     0.19600547
     0.19549592
     0.19498737
     0.19447983
     0.19414118
     0.19390425
     0.19366754
     0.19343104
     0.19319477
     0.19295872
     0.19272288
     0.19248727
     0.19225188
     0.19201670
     0.19178174
     0.19154701
     0.19131249
     0.19121589
     0.19114169
     0.19106751
     0.19099336
     0.19024806
     0.18921889
     0.18819400
     0.18716274
     0.18515710
     0.18317223
     0.18120391
     0.17925209
     0.17745338
     0.17569996
     0.17396021
     0.17223408
     0.17566991
     0.17866206
     0.18134354
     0.18412500
     0.18672799
     0.18758628
     0.18844761
     0.18931196
     0.19017936
     0.19156812
     0.19315574
     0.19475335
     0.19610360
     0.19744272
     0.19878872
     0.20014162
     0.20150140
     0.20286808
     0.20424166
     0.20554905
     0.20440713
     0.20328842
     0.20202020
     0.19191919
     0.18181818
     0.17171717
     0.16161616
     0.15151515
     0.14141414
     0.13131313
     0.12121212
     0.11111111
     0.10101010
     0.09090909
     0.08080808
     0.07070707
     0.06060606
     0.05050505
     0.04040404
     0.03030303
     0.02020202
     0.01010101
     0.00000000
     0.00000000
     0.00000000
     0.00000000
     0.00000000
     0.00000000
     0.00000000
     0.00000000
     0.00000000
     0.00000000
     0.00000000
     0.00000000
     0.19652663
     0.19626827
     0.19657090
     0.19690455
     0.19724169
     0.19769437
     0.19778657
     0.19779870
     0.19781083
     0.19782296
     0.19747083
     0.19695840
     0.19644698
     0.19593656
     0.19542714
     0.19491873
     0.19441132
     0.19390492
     0.19362166
     0.19338521
     0.19314898
     0.19291297
     0.19267718
     0.19244160
     0.19220625
     0.19197112
     0.19173621
     0.19150151
     0.19126704
     0.19117042
     0.19109624
     0.19102207
     0.19094793
     0.19078227
     0.18987838
     0.18885074
     0.18782738
     0.18658319
     0.18469399
     0.18271297
     0.18074849
     0.17883957
     0.17707540
     0.17532493
     0.17358810
     0.17186490
     0.17536330
     0.17883943
     0.18158190
     0.18436619
     0.18673383
     0.18759214
     0.18845349
     0.18931787
     0.19018528
     0.19166433
     0.19325256
     0.19468353
     0.19601532
     0.19735399
     0.19869954
     0.20005197
     0.20141130
     0.20277753
     0.20415065
     0.20522313
     0.20386931
     0.20275279
     0.20164084
     0.19191919
     0.18181818
     0.17171717
     0.16161616
     0.15151515
     0.14141414
     0.13131313
     0.12121212
     0.11111111
     0.10101010
     0.09090909
     0.08080808
     0.07070707
     0.06060606
     0.05050505
     0.04040404
     0.03030303
     0.02020202
     0.01010101
     0.00000000
     0.00000000
     0.00000000
     0.00000000
     0.00000000
     0.00000000
     0.00000000
     0.00000000
     0.00000000
     0.00000000
     0.00000000
     0.00000000
     0.00000000
     0.19665373
     0.19698749
     0.19732167
     0.19765628
     0.19795204
     0.19789352
     0.19777790
     0.19779003
     0.19778097
     0.19740153
     0.19688924
     0.19637795
     0.19586767
     0.19535839
     0.19485011
     0.19434284
     0.19383657
     0.19333938
     0.19310319
     0.19286723
     0.19263148
     0.19239595
     0.19216064
     0.19192555
     0.19169068
     0.19145603
     0.19122159
     0.19112496
     0.19105079
     0.19097664
     0.19090251
     0.19082840
     0.19043192
     0.18950924
     0.18848314
     0.18746131
     0.18600503
     0.18423178
     0.18225461
     0.18029397
     0.17845928
     0.17669806
     0.17495052
     0.17321663
     0.17154330
     0.17505710
     0.17887111
     0.18182050
     0.18460762
     0.18673967
     0.18759801
     0.18845937
     0.18932377
     0.19019121
     0.19176058
     0.19327127
     0.19459573
     0.19592707
     0.19726528
     0.19861038
     0.19996236
     0.20132124
     0.20268700
     0.20405967
     0.20489759
     0.20337104
     0.20221821
     0.20110845
     0.19191919
     0.18181818
     0.17171717
     0.16161616
     0.15151515
     0.14141414
     0.13131313
     0.12121212
     0.11111111
     0.10101010
     0.09090909
     0.08080808
     0.07070707
     0.06060606
     0.05050505
     0.04040404
     0.03030303
     0.02020202
     0.01010101
     0.00000000
     0.00000000
     0.00000000
     0.00000000
     0.00000000
     0.00000000
     0.00000000
     0.00000000
     0.00000000
     0.00000000
     0.00000000
     0.00000000
     0.00000000
     0.19707045
     0.19740474
     0.19773946
     0.19807460
     0.19823705
     0.19818983
     0.19813636
     0.19801934
     0.19785300
     0.19733224
     0.19682009
     0.19630894
     0.19579879
     0.19528965
     0.19478151
     0.19427437
     0.19376824
     0.19326310
     0.19282149
     0.19258579
     0.19235030
     0.19211503
     0.19187998
     0.19164516
     0.19141055
     0.19117616
     0.19107951
     0.19100535
     0.19093122
     0.19085710
     0.19078301
     0.19070894
     0.19008206
     0.18914066
     0.18811609
     0.18709579
     0.18543447
     0.18377046
     0.18179714
     0.17985161
     0.17807962
     0.17632135
     0.17457674
     0.17284578
     0.17124238
     0.17475133
     0.17870881
     0.18205934
     0.18484930
     0.18674552
     0.18760387
     0.18846526
     0.18932968
     0.19027741
     0.19185686
     0.19318396
     0.19450797
     0.19583885
     0.19717661
     0.19852125
     0.19987278
     0.20123120
     0.20259651
     0.20396872
     0.20457243
     0.20304768
     0.20168469
     0.20057712
     0.19191919
     0.18181818
     0.17171717
     0.16161616
     0.15151515
     0.14141414
     0.13131313
     0.12121212
     0.11111111
     0.10101010
     0.09090909
     0.08080808
     0.07070707
     0.06060606
     0.05050505
     0.04040404
     0.03030303
     0.02020202
     0.01010101
     0.00000000
     0.00000000
     0.00000000
     0.00000000
     0.00000000
     0.00000000
     0.00000000
     0.00000000
     0.00000000
     0.00000000
     0.00000000
     0.00000000
     0.00000000
     0.19748783
     0.19782265
     0.19815791
     0.19849358
     0.19852237
     0.19847509
     0.19842783
     0.19836874
     0.19818464
     0.19765836
     0.19700875
     0.19636075
     0.19572994
     0.19522093
     0.19471292
     0.19420592
     0.19369992
     0.19319493
     0.19269093
     0.19230466
     0.19206943
     0.19183443
     0.19159964
     0.19136508
     0.19113073
     0.19103407
     0.19095993
     0.19088580
     0.19081170
     0.19073762
     0.19066356
     0.19057697
     0.18973269
     0.18877263
     0.18774959
     0.18663304
     0.18492069
     0.18331004
     0.18134057
     0.17946964
     0.17770060
     0.17594527
     0.17420360
     0.17247556
     0.17094189
     0.17457447
     0.17855279
     0.18229842
     0.18509122
     0.18675136
     0.18760974
     0.18847114
     0.18933559
     0.19037312
     0.19177999
     0.19309668
     0.19442024
     0.19575067
     0.19708797
     0.19843215
     0.19978323
     0.20114119
     0.20250605
     0.20387780
     0.20424765
     0.20272471
     0.20121025
     0.20004684
     0.19191919
     0.18181818
     0.17171717
     0.16161616
     0.15151515
     0.14141414
     0.13131313
     0.12121212
     0.11111111
     0.10101010
     0.09090909
     0.08080808
     0.07070707
     0.06060606
     0.05050505
     0.04040404
     0.03030303
     0.02020202
     0.01010101
     0.00000000
     0.00000000
     0.00000000
     0.00000000
     0.00000000
     0.00000000
     0.00000000
     0.00000000
     0.00000000
     0.00000000
     0.00000000
     0.00000000
     0.00000000
     0.19798456
     0.19824124
     0.19857702
     0.19885533
     0.19880799
     0.19876067
     0.19871335
     0.19862708
     0.19851273
     0.19799343
     0.19734299
     0.19669416
     0.19604694
     0.19540134
     0.19475734
     0.19413749
     0.19363163
     0.19312677
     0.19262291
     0.19212005
     0.19178888
     0.19155414
     0.19131962
     0.19108531
     0.19098864
     0.19091450
     0.19084039
     0.19076631
     0.19069224
     0.19061819
     0.19054417
     0.19022690
     0.18938381
     0.18840514
     0.18738364
     0.18605476
     0.18440802
     0.18285052
     0.18088488
     0.17908830
     0.17732221
     0.17556982
     0.17383108
     0.17210597
     0.17064182
     0.17442130
     0.17839688
     0.18244306
     0.18533339
     0.18675720
     0.18761560
     0.18847703
     0.18934149
     0.19038382
     0.19169320
     0.19300943
     0.19433254
     0.19566251
     0.19699936
     0.19834309
     0.19969370
     0.20105121
     0.20241561
     0.20378691
     0.20392326
     0.20240212
     0.20088947
     0.19951761
     0.19191919
     0.18181818
     0.17171717
     0.16161616
     0.15151515
     0.14141414
     0.13131313
     0.12121212
     0.11111111
     0.10101010
     0.09090909
     0.08080808
     0.07070707
     0.06060606
     0.05050505
     0.04040404
     0.03030303
     0.02020202
     0.01010101
     0.00000000
     0.00000000
     0.00000000
     0.00000000
     0.00000000
     0.00000000
     0.00000000
     0.00000000
     0.00000000
     0.00000000
     0.00000000
     0.00000000
     0.00000000
     0.19859893
     0.19866049
     0.19899680
     0.19914131
     0.19909393
     0.19904655
     0.19899905
     0.19888453
     0.19877007
     0.19831841
     0.19767765
     0.19702799
     0.19637994
     0.19573351
     0.19508868
     0.19444547
     0.19380387
     0.19316388
     0.19255490
     0.19205218
     0.19155046
     0.19127416
     0.19103990
     0.19094321
     0.19086909
     0.19079499
     0.19072092
     0.19064687
     0.19057284
     0.19049883
     0.19042484
     0.18987733
     0.18903543
     0.18803821
     0.18701824
     0.18547786
     0.18389644
     0.18239189
     0.18048446
     0.17870760
     0.17694446
     0.17519500
     0.17345919
     0.17173701
     0.17036557
     0.17426823
     0.17824108
     0.18228451
     0.18557580
     0.18676305
     0.18762147
     0.18848292
     0.18934740
     0.19029751
     0.19160643
     0.19292222
     0.19424486
     0.19557438
     0.19691077
     0.19825405
     0.19960421
     0.20096126
     0.20232521
     0.20369605
     0.20359926
     0.20207992
     0.20056907
     0.19906669
     0.19191919
     0.18181818
     0.17171717
     0.16161616
     0.15151515
     0.14141414
     0.13131313
     0.12121212
     0.11111111
     0.10101010
     0.09090909
     0.08080808
     0.07070707
     0.06060606
     0.05050505
     0.04040404
     0.03030303
     0.02020202
     0.01010101
     0.00000000
     0.00000000
     0.00000000
     0.00000000
     0.00000000
     0.00000000
     0.00000000
     0.00000000
     0.00000000
     0.00000000
     0.00000000
     0.00000000
     0.00000000
     0.19935178
     0.19937268
     0.19950615
     0.19946207
     0.19938017
     0.19933274
     0.19925686
     0.19914223
     0.19902765
     0.19856736
     0.19799632
     0.19736225
     0.19671337
     0.19606611
     0.19542045
     0.19477641
     0.19413398
     0.19349316
     0.19285395
     0.19221634
     0.19158034
     0.19099450
     0.19089779
     0.19082369
     0.19074960
     0.19067554
     0.19060150
     0.19052748
     0.19045349
     0.19037952
     0.19030556
     0.18952825
     0.18868754
     0.18767183
     0.18665338
     0.18490234
     0.18338596
     0.18193415
     0.18010144
     0.17832753
     0.17656733
     0.17482081
     0.17308794
     0.17136867
     0.17021533
     0.17411527
     0.17808539
     0.18212606
     0.18581845
     0.18676889
     0.18762733
     0.18848880
     0.18909205
     0.19021123
     0.19151970
     0.19283503
     0.19415722
     0.19548628
     0.19682222
     0.19816504
     0.19951475
     0.20087135
     0.20223483
     0.20360522
     0.20327563
     0.20175810
     0.20024905
     0.19874848
     0.19191919
     0.18181818
     0.17171717
     0.16161616
     0.15151515
     0.14141414
     0.13131313
     0.12121212
     0.11111111
     0.10101010
     0.09090909
     0.08080808
     0.07070707
     0.06060606
     0.05050505
     0.04040404
     0.03030303
     0.02020202
     0.01010101
     0.00000000
     0.00000000
     0.00000000
     0.00000000
     0.00000000
     0.00000000
     0.00000000
     0.00000000
     0.00000000
     0.00000000
     0.00000000
     0.00000000
     0.00000000
     0.19983694
     0.20012773
     0.20008692
     0.19992103
     0.19981900
     0.19971700
     0.19955915
     0.19940019
     0.19928549
     0.19881655
     0.19824497
     0.19767463
     0.19704723
     0.19639913
     0.19575265
     0.19510778
     0.19446452
     0.19382287
     0.19318283
     0.19254439
     0.19190757
     0.19127235
     0.19077829
     0.19070422
     0.19063017
     0.19055615
     0.19048214
     0.19040816
     0.19033420
     0.19026026
     0.19002205
     0.18917966
     0.18832717
     0.18730599
     0.18610450
     0.18432820
     0.18287659
     0.18146228
     0.17971906
     0.17794810
     0.17619084
     0.17444726
     0.17271731
     0.17100096
     0.17006520
     0.17396242
     0.17792980
     0.18196773
     0.18591931
     0.18677474
     0.18763320
     0.18836036
     0.18883394
     0.19012497
     0.19143299
     0.19274787
     0.19406961
     0.19539822
     0.19673370
     0.19807607
     0.19942532
     0.20078146
     0.20214449
     0.20351442
     0.20295239
     0.20143666
     0.19992941
     0.19843064
     0.19191919
     0.18181818
     0.17171717
     0.16161616
     0.15151515
     0.14141414
     0.13131313
     0.12121212
     0.11111111
     0.10101010
     0.09090909
     0.08080808
     0.07070707
     0.06060606
     0.05050505
     0.04040404
     0.03030303
     0.02020202
     0.01010101
     0.00000000
     0.00000000
     0.00000000
     0.00000000
     0.00000000
     0.00000000
     0.00000000
     0.00000000
     0.00000000
     0.00000000
     0.00000000
     0.00000000
     0.00000000
     0.20025634
     0.20088492
     0.20073532
     0.20044549
     0.20027856
     0.20016445
     0.19999368
     0.19982302
     0.19965247
     0.19912579
     0.19849386
     0.19792298
     0.19735333
     0.19673259
     0.19608527
     0.19543957
     0.19479548
     0.19415300
     0.19351214
     0.19287287
     0.19223522
     0.19159918
     0.19096474
     0.19058481
     0.19051080
     0.19043681
     0.19036284
     0.19028889
     0.19021497
     0.19014107
     0.18967277
     0.18883156
     0.18796036
     0.18694071
     0.18552748
     0.18381298
     0.18236831
     0.18102608
     0.17933731
     0.17756930
     0.17581498
     0.17407433
     0.17234730
     0.17077151
     0.16991517
     0.17380967
     0.17777431
     0.18180949
     0.18562184
     0.18678058
     0.18763083
     0.18810301
     0.18873803
     0.19003875
     0.19134632
     0.19266074
     0.19398202
     0.19531018
     0.19664521
     0.19798712
     0.19933591
     0.20069160
     0.20205418
     0.20342365
     0.20262953
     0.20111561
     0.19961016
     0.19811319
     0.19191919
     0.18181818
     0.17171717
     0.16161616
     0.15151515
     0.14141414
     0.13131313
     0.12121212
     0.11111111
     0.10101010
     0.09090909
     0.08080808
     0.07070707
     0.06060606
     0.05050505
     0.04040404
     0.03030303
     0.02020202
     0.01010101
     0.00000000
     0.00000000
     0.00000000
     0.00000000
     0.00000000
     0.00000000
     0.00000000
     0.00000000
     0.00000000
     0.00000000
     0.00000000
     0.00000000
     0.00000000
     0.20067639
     0.20131676
     0.20138528
     0.20109475
     0.20080454
     0.20059996
     0.20042892
     0.20025798
     0.20008715
     0.19957353
     0.19893780
     0.19830359
     0.19767091
     0.19703975
     0.19641833
     0.19577179
     0.19512688
     0.19448357
     0.19384187
     0.19320178
     0.19256330
     0.19192643
     0.19129116
     0.19065751
     0.19039148
     0.19031753
     0.19024359
     0.19016968
     0.19009579
     0.19002193
     0.18932397
     0.18848396
     0.18759409
     0.18657597
     0.18495184
     0.18330268
     0.18186113
     0.18059071
     0.17895619
     0.17719113
     0.17543975
     0.17370203
     0.17197793
     0.17069824
     0.16978237
     0.17365702
     0.17761894
     0.18165137
     0.18531292
     0.18678643
     0.18737425
     0.18784593
     0.18865229
     0.18995256
     0.19125967
     0.19257364
     0.19389447
     0.19522217
     0.19655675
     0.19789820
     0.19924654
     0.20060177
     0.20196389
     0.20333291
     0.20230706
     0.20079494
     0.19929129
     0.19779612
     0.19191919
     0.18181818
     0.17171717
     0.16161616
     0.15151515
     0.14141414
     0.13131313
     0.12121212
     0.11111111
     0.10101010
     0.09090909
     0.08080808
     0.07070707
     0.06060606
     0.05050505
     0.04040404
     0.03030303
     0.02020202
     0.01010101
     0.00000000
     0.00000000
     0.00000000
     0.00000000
     0.00000000
     0.00000000
     0.00000000
     0.00000000
     0.00000000
     0.00000000
     0.00000000
     0.00000000
     0.00000000
     0.20109710
     0.20166129
     0.20199138
     0.20174559
     0.20145467
     0.20116963
     0.20088558
     0.20069365
     0.20052254
     0.20002202
     0.19938522
     0.19874994
     0.19811619
     0.19748395
     0.19685324
     0.19619781
     0.19547903
     0.19481456
     0.19417203
     0.19353111
     0.19289180
     0.19225410
     0.19161801
     0.19098353
     0.19035065
     0.19019830
     0.19012441
     0.19005053
     0.18997668
     0.18981737
     0.18897567
     0.18813684
     0.18722837
     0.18615425
     0.18437758
     0.18279349
     0.18139214
     0.18015615
     0.17857571
     0.17681359
     0.17506515
     0.17333036
     0.17160918
     0.17062500
     0.16970944
     0.17350449
     0.17746367
     0.18149335
     0.18500439
     0.18664767
     0.18711794
     0.18758912
     0.18856658
     0.18986640
     0.19117305
     0.19248657
     0.19380695
     0.19513419
     0.19646832
     0.19780932
     0.19915720
     0.20051197
     0.20187364
     0.20324220
     0.20198497
     0.20047465
     0.19897280
     0.19747943
     0.19191919
     0.18181818
     0.17171717
     0.16161616
     0.15151515
     0.14141414
     0.13131313
     0.12121212
     0.11111111
     0.10101010
     0.09090909
     0.08080808
     0.07070707
     0.06060606
     0.05050505
     0.04040404
     0.03030303
     0.02020202
     0.01010101
     0.00000000
     0.00000000
     0.00000000
     0.00000000
     0.00000000
     0.00000000
     0.00000000
     0.00000000
     0.00000000
     0.00000000
     0.00000000
     0.00000000
     0.00000000
     0.20151847
     0.20197436
     0.20230483
     0.20239800
     0.20210794
     0.20182289
     0.20153815
     0.20125371
     0.20096956
     0.20047127
     0.19983340
     0.19919705
     0.19856222
     0.19792891
     0.19729713
     0.19666687
     0.19603813
     0.19532347
     0.19460712
     0.19389277
     0.19322074
     0.19258221
     0.19194529
     0.19130998
     0.19067627
     0.19007914
     0.19000527
     0.18993143
     0.18985762
     0.18946837
     0.18862786
     0.18779022
     0.18686320
     0.18557711
     0.18380471
     0.18228539
     0.18095608
     0.17972241
     0.17819586
     0.17643668
     0.17469118
     0.17295932
     0.17147095
     0.17055178
     0.16963653
     0.17335206
     0.17730850
     0.18133544
     0.18453442
     0.18615032
     0.18686189
     0.18733258
     0.18848090
     0.18978026
     0.19108647
     0.19239953
     0.19371946
     0.19504625
     0.19637991
     0.19772046
     0.19906789
     0.20042221
     0.20178342
     0.20315153
     0.20166326
     0.20015474
     0.19865470
     0.19716313
     0.19191919
     0.18181818
     0.17171717
     0.16161616
     0.15151515
     0.14141414
     0.13131313
     0.12121212
     0.11111111
     0.10101010
     0.09090909
     0.08080808
     0.07070707
     0.06060606
     0.05050505
     0.04040404
     0.03030303
     0.02020202
     0.01010101
     0.00000000
     0.00000000
     0.00000000
     0.00000000
     0.00000000
     0.00000000
     0.00000000
     0.00000000
     0.00000000
     0.00000000
     0.00000000
     0.00000000
     0.00000000
     0.20194050
     0.20228780
     0.20261865
     0.20294990
     0.20276347
     0.20247774
     0.20219230
     0.20190717
     0.20162234
     0.20103507
     0.20028345
     0.19964490
     0.19900900
     0.19837463
     0.19774177
     0.19711044
     0.19648063
     0.19585234
     0.19516800
     0.19445209
     0.19373817
     0.19302624
     0.19231630
     0.19163685
     0.19100232
     0.19036939
     0.18988620
     0.18981240
     0.18973861
     0.18911987
     0.18828055
     0.18744409
     0.18649858
     0.18500135
     0.18323321
     0.18177839
     0.18052084
     0.17928948
     0.17781665
     0.17606041
     0.17431784
     0.17258891
     0.17139745
     0.17047859
     0.16956366
     0.17319973
     0.17715345
     0.18092992
     0.18393225
     0.18554407
     0.18660612
     0.18710319
     0.18839525
     0.18969416
     0.19099991
     0.19231252
     0.19363199
     0.19495833
     0.19629154
     0.19763163
     0.19897861
     0.20033247
     0.20169323
     0.20285713
     0.20134194
     0.19983522
     0.19833698
     0.19684721
     0.19191919
     0.18181818
     0.17171717
     0.16161616
     0.15151515
     0.14141414
     0.13131313
     0.12121212
     0.11111111
     0.10101010
     0.09090909
     0.08080808
     0.07070707
     0.06060606
     0.05050505
     0.04040404
     0.03030303
     0.02020202
     0.01010101
     0.00000000
     0.00000000
     0.00000000
     0.00000000
     0.00000000
     0.00000000
     0.00000000
     0.00000000
     0.00000000
     0.00000000
     0.00000000
     0.00000000
     0.00000000
     0.20227076
     0.20260159
     0.20293282
     0.20326564
     0.20342059
     0.20313417
     0.20284804
     0.20256222
     0.20227670
     0.20170203
     0.20094855
     0.20019719
     0.19945655
     0.19882110
     0.19818717
     0.19755477
     0.19692388
     0.19629452
     0.19566669
     0.19501263
     0.19429715
     0.19358366
     0.19287216
     0.19216265
     0.19145514
     0.19074961
     0.19006289
     0.18969341
     0.18961285
     0.18877185
     0.18793372
     0.18709845
     0.18613451
     0.18442697
     0.18271041
     0.18132203
     0.18008641
     0.17885737
     0.17743806
     0.17568477
     0.17394513
     0.17224644
     0.17132397
     0.17040543
     0.16949080
     0.17304751
     0.17671749
     0.18039137
     0.18333160
     0.18493935
     0.18635062
     0.18701802
     0.18830963
     0.18960809
     0.19091339
     0.19222554
     0.19354456
     0.19487044
     0.19620320
     0.19754284
     0.19888936
     0.20024276
     0.20160306
     0.20253439
     0.20102099
     0.19951608
     0.19801964
     0.19653167
     0.19191919
     0.18181818
     0.17171717
     0.16161616
     0.15151515
     0.14141414
     0.13131313
     0.12121212
     0.11111111
     0.10101010
     0.09090909
     0.08080808
     0.07070707
     0.06060606
     0.05050505
     0.04040404
     0.03030303
     0.02020202
     0.01010101
     0.00000000
     0.00000000
     0.00000000
     0.00000000
     0.00000000
     0.00000000
     0.00000000
     0.00000000
     0.00000000
     0.00000000
     0.00000000
     0.00000000
     0.00000000
     0.20258454
     0.20291575
     0.20324755
     0.20358390
     0.20392067
     0.20379218
     0.20350537
     0.20321885
     0.20293264
     0.20237065
     0.20161531
     0.20086207
     0.20011094
     0.19936193
     0.19863332
     0.19799984
     0.19736789
     0.19673746
     0.19610855
     0.19548116
     0.19485530
     0.19414230
     0.19342924
     0.19271818
     0.19200910
     0.19130202
     0.19059693
     0.18989382
     0.18932768
     0.18842433
     0.18758739
     0.18675330
     0.18562675
     0.18385398
     0.18220250
     0.18088610
     0.17965280
     0.17842607
     0.17706011
     0.17530976
     0.17357305
     0.17217267
     0.17125052
     0.17033229
     0.16941797
     0.17258247
     0.17618878
     0.17985406
     0.18273247
     0.18433616
     0.18595071
     0.18693288
     0.18822404
     0.18952204
     0.19082689
     0.19213859
     0.19345716
     0.19478259
     0.19611489
     0.19745407
     0.19880013
     0.20015309
     0.20151293
     0.20221203
     0.20070043
     0.19919732
     0.19770268
     0.19621651
     0.19191919
     0.18181818
     0.17171717
     0.16161616
     0.15151515
     0.14141414
     0.13131313
     0.12121212
     0.11111111
     0.10101010
     0.09090909
     0.08080808
     0.07070707
     0.06060606
     0.05050505
     0.04040404
     0.03030303
     0.02020202
     0.01010101
     0.00000000
     0.00000000
     0.00000000
     0.00000000
     0.00000000
     0.00000000
     0.00000000
     0.00000000
     0.00000000
     0.00000000
     0.00000000
     0.00000000
     0.00000000
     0.20289868
     0.20323027
     0.20356579
     0.20390253
     0.20423969
     0.20445178
     0.20416427
     0.20387707
     0.20359017
     0.20304092
     0.20228371
     0.20152861
     0.20077562
     0.20002473
     0.19927596
     0.19852929
     0.19781265
     0.19718115
     0.19655117
     0.19592271
     0.19529577
     0.19467036
     0.19398755
     0.19327492
     0.19256429
     0.19185565
     0.19114899
     0.19044433
     0.18933493
     0.18828826
     0.18738366
     0.18648240
     0.18505444
     0.18328237
     0.18169568
     0.18045099
     0.17922000
     0.17799559
     0.17668280
     0.17493538
     0.17320160
     0.17209893
     0.17117709
     0.17024163
     0.16902598
     0.17206355
     0.17566131
     0.17931801
     0.18213487
     0.18373449
     0.18534497
     0.18684777
     0.18813848
     0.18943603
     0.19074043
     0.19205168
     0.19336978
     0.19469476
     0.19602661
     0.19736533
     0.19871094
     0.20006344
     0.20142283
     0.20189005
     0.20038026
     0.19887895
     0.19738611
     0.19590173
     0.19191919
     0.18181818
     0.17171717
     0.16161616
     0.15151515
     0.14141414
     0.13131313
     0.12121212
     0.11111111
     0.10101010
     0.09090909
     0.08080808
     0.07070707
     0.06060606
     0.05050505
     0.04040404
     0.03030303
     0.02020202
     0.01010101
     0.00000000
     0.00000000
     0.00000000
     0.00000000
     0.00000000
     0.00000000
     0.00000000
     0.00000000
     0.00000000
     0.00000000
     0.00000000
     0.00000000
     0.00000000
     0.20321318
     0.20354768
     0.20388440
     0.20422154
     0.20455909
     0.20489705
     0.20482477
     0.20453687
     0.20424928
     0.20371284
     0.20295376
     0.20219680
     0.20144194
     0.20068919
     0.19993855
     0.19919001
     0.19844359
     0.19769927
     0.19699454
     0.19636501
     0.19573701
     0.19511052
     0.19448555
     0.19383289
     0.19312069
     0.19241049
     0.19170228
     0.19099606
     0.18968361
     0.18831586
     0.18725323
     0.18630212
     0.18460896
     0.18280321
     0.18129398
     0.18002502
     0.17878802
     0.17756593
     0.17630611
     0.17456162
     0.17295066
     0.17202521
     0.17105195
     0.16983170
     0.16861839
     0.17154586
     0.17513508
     0.17878321
     0.18153878
     0.18313434
     0.18474075
     0.18676269
     0.18805295
     0.18935005
     0.19065399
     0.19196479
     0.19328244
     0.19460696
     0.19593836
     0.19727663
     0.19862178
     0.19997382
     0.20133276
     0.20156845
     0.20006047
     0.19856096
     0.19706991
     0.19558734
     0.19191919
     0.18181818
     0.17171717
     0.16161616
     0.15151515
     0.14141414
     0.13131313
     0.12121212
     0.11111111
     0.10101010
     0.09090909
     0.08080808
     0.07070707
     0.06060606
     0.05050505
     0.04040404
     0.03030303
     0.02020202
     0.01010101
     0.00000000
     0.00000000
     0.00000000
     0.00000000
     0.00000000
     0.00000000
     0.00000000
     0.00000000
     0.00000000
     0.00000000
     0.00000000
     0.00000000
     0.00000000
     0.20352958
     0.20386627
     0.20420339
     0.20454091
     0.20487885
     0.20521721
     0.20548684
     0.20519826
     0.20490998
     0.20438642
     0.20362547
     0.20286664
     0.20210991
     0.20135530
     0.20060279
     0.19985239
     0.19910410
     0.19835791
     0.19761384
     0.19687187
     0.19617899
     0.19555143
     0.19492539
     0.19430088
     0.19367788
     0.19296656
     0.19225679
     0.19141006
     0.19003278
     0.18866310
     0.18730101
     0.18598043
     0.18416431
     0.18236194
     0.18096438
     0.17969722
     0.17843700
     0.17718371
     0.17593733
     0.17418850
     0.17287665
     0.17186533
     0.17064048
     0.16942256
     0.16821158
     0.17102940
     0.17461010
     0.17824965
     0.18094422
     0.18253571
     0.18415667
     0.18662795
     0.18796745
     0.18926409
     0.19056758
     0.19187793
     0.19319513
     0.19451920
     0.19585014
     0.19718795
     0.19853265
     0.19988424
     0.20124271
     0.20124724
     0.19974106
     0.19824335
     0.19675411
     0.19527333
     0.19191919
     0.18181818
     0.17171717
     0.16161616
     0.15151515
     0.14141414
     0.13131313
     0.12121212
     0.11111111
     0.10101010
     0.09090909
     0.08080808
     0.07070707
     0.06060606
     0.05050505
     0.04040404
     0.03030303
     0.02020202
     0.01010101
     0.00000000
     0.00000000
     0.00000000
     0.00000000
     0.00000000
     0.00000000
     0.00000000
     0.00000000
     0.00000000
     0.00000000
     0.00000000
     0.00000000
     0.00000000
     0.20384814
     0.20418523
     0.20452274
     0.20486066
     0.20519899
     0.20545431
     0.20548409
     0.20533367
     0.20504468
     0.20449718
     0.20373532
     0.20297558
     0.20221795
     0.20146243
     0.20070903
     0.19995774
     0.19920856
     0.19846149
     0.19771653
     0.19697368
     0.19623293
     0.19549430
     0.19480643
     0.19418161
     0.19355832
     0.19293654
     0.19231629
     0.19158378
     0.19038244
     0.18894399
     0.18751284
     0.18568412
     0.18372048
     0.18194662
     0.18063524
     0.17936988
     0.17811146
     0.17685996
     0.17561538
     0.17387903
     0.17272493
     0.17146791
     0.17022979
     0.16901421
     0.16780556
     0.17051418
     0.17408636
     0.17771734
     0.18035117
     0.18193860
     0.18371098
     0.18617764
     0.18788198
     0.18917817
     0.19048121
     0.19179110
     0.19310785
     0.19443146
     0.19576194
     0.19709931
     0.19844355
     0.19979468
     0.20115270
     0.20092641
     0.19942203
     0.19792612
     0.19643868
     0.19495970
     0.19191919
     0.18181818
     0.17171717
     0.16161616
     0.15151515
     0.14141414
     0.13131313
     0.12121212
     0.11111111
     0.10101010
     0.09090909
     0.08080808
     0.07070707
     0.06060606
     0.05050505
     0.04040404
     0.03030303
     0.02020202
     0.01010101
     0.00000000
     0.00000000
     0.00000000
     0.00000000
     0.00000000
     0.00000000
     0.00000000
     0.00000000
     0.00000000
     0.00000000
     0.00000000
     0.00000000
     0.00000000
     0.20416708
     0.20450457
     0.20484246
     0.20518077
     0.20529342
     0.20532318
     0.20535295
     0.20537646
     0.20508742
     0.20451024
     0.20374835
     0.20298857
     0.20223091
     0.20147535
     0.20072191
     0.19997059
     0.19922137
     0.19847426
     0.19772927
     0.19698638
     0.19624560
     0.19550693
     0.19477037
     0.19403591
     0.19335263
     0.19273136
     0.19211161
     0.19134658
     0.19054830
     0.18912713
     0.18769491
     0.18559899
     0.18344225
     0.18157708
     0.18030657
     0.17904301
     0.17778639
     0.17653668
     0.17529389
     0.17365932
     0.17239692
     0.17114180
     0.16989394
     0.16865333
     0.16741995
     0.17000020
     0.17356386
     0.17718628
     0.17975964
     0.18134302
     0.18326613
     0.18572817
     0.18779654
     0.18909228
     0.19039486
     0.19170430
     0.19302059
     0.19434375
     0.19567378
     0.19701069
     0.19835448
     0.19970515
     0.20106272
     0.20060597
     0.19910338
     0.19760928
     0.19612363
     0.19464645
     0.19191919
     0.18181818
     0.17171717
     0.16161616
     0.15151515
     0.14141414
     0.13131313
     0.12121212
     0.11111111
     0.10101010
     0.09090909
     0.08080808
     0.07070707
     0.06060606
     0.05050505
     0.04040404
     0.03030303
     0.02020202
     0.01010101
     0.00000000
     0.00000000
     0.00000000
     0.00000000
     0.00000000
     0.00000000
     0.00000000
     0.00000000
     0.00000000
     0.00000000
     0.00000000
     0.00000000
     0.00000000
     0.20448639
     0.20482427
     0.20510287
     0.20513262
     0.20516236
     0.20519212
     0.20522187
     0.20525163
     0.20513017
     0.20452331
     0.20376138
     0.20300157
     0.20224386
     0.20148827
     0.20073480
     0.19998343
     0.19923418
     0.19848704
     0.19774201
     0.19699908
     0.19625827
     0.19551956
     0.19478296
     0.19404847
     0.19331608
     0.19258579
     0.19188814
     0.19108814
     0.19029838
     0.18934223
     0.18775258
     0.18561183
     0.18348998
     0.18151908
     0.17997837
     0.17871661
     0.17746178
     0.17621387
     0.17489169
     0.17332991
     0.17206941
     0.17081618
     0.16957021
     0.16833148
     0.16709999
     0.16949419
     0.17304709
     0.17665862
     0.17916962
     0.18074895
     0.18282211
     0.18527955
     0.18771113
     0.18900641
     0.19030855
     0.19161753
     0.19293337
     0.19425608
     0.19558565
     0.19692210
     0.19826544
     0.19961566
     0.20097277
     0.20028590
     0.19878512
     0.19729281
     0.19580897
     0.19433358
     0.19191919
     0.18181818
     0.17171717
     0.16161616
     0.15151515
     0.14141414
     0.13131313
     0.12121212
     0.11111111
     0.10101010
     0.09090909
     0.08080808
     0.07070707
     0.06060606
     0.05050505
     0.04040404
     0.03030303
     0.02020202
     0.01010101
     0.00000000
     0.00000000
     0.00000000
     0.00000000
     0.00000000
     0.00000000
     0.00000000
     0.00000000
     0.00000000
     0.00000000
     0.00000000
     0.00000000
     0.00000000
     0.20480608
     0.20494218
     0.20497191
     0.20500164
     0.20503137
     0.20506111
     0.20509085
     0.20512059
     0.20515034
     0.20453638
     0.20377441
     0.20301456
     0.20225682
     0.20150120
     0.20074768
     0.19999628
     0.19924699
     0.19849982
     0.19775475
     0.19701179
     0.19627094
     0.19553220
     0.19479556
     0.19406103
     0.19332860
     0.19259828
     0.19184902
     0.19107092
     0.19029522
     0.18952194
     0.18791441
     0.18577224
     0.18364896
     0.18173080
     0.17994371
     0.17839067
     0.17713764
     0.17575211
     0.17435292
     0.17300099
     0.17174239
     0.17049105
     0.16924697
     0.16801013
     0.16678051
     0.16899001
     0.17253453
     0.17613765
     0.17857525
     0.18015242
     0.18237246
     0.18483141
     0.18731001
     0.18892058
     0.19022226
     0.19153079
     0.19284618
     0.19416843
     0.19549755
     0.19683355
     0.19817643
     0.19952619
     0.20088285
     0.19996622
     0.19846724
     0.19697673
     0.19549469
     0.19402110
     0.19191919
     0.18181818
     0.17171717
     0.16161616
     0.15151515
     0.14141414
     0.13131313
     0.12121212
     0.11111111
     0.10101010
     0.09090909
     0.08080808
     0.07070707
     0.06060606
     0.05050505
     0.04040404
     0.03030303
     0.02020202
     0.01010101
     0.00000000
     0.00000000
     0.00000000
     0.00000000
     0.00000000
     0.00000000
     0.00000000
     0.00000000
     0.00000000
     0.00000000
     0.00000000
     0.00000000
     0.00000000
     0.20478159
     0.20481130
     0.20484101
     0.20487073
     0.20490045
     0.20493017
     0.20495989
     0.20498962
     0.20501936
     0.20454944
     0.20378744
     0.20302755
     0.20226978
     0.20151412
     0.20076057
     0.20000913
     0.19925981
     0.19851259
     0.19776749
     0.19702449
     0.19628361
     0.19554483
     0.19480816
     0.19407359
     0.19334113
     0.19261077
     0.19184585
     0.19106776
     0.19029207
     0.18951880
     0.18802739
     0.18593274
     0.18380805
     0.18194272
     0.18015401
     0.17836668
     0.17661586
     0.17521126
     0.17381547
     0.17267257
     0.17141586
     0.17016642
     0.16892422
     0.16768926
     0.16646152
     0.16848702
     0.17202318
     0.17561788
     0.17798221
     0.17955530
     0.18191081
     0.18436493
     0.18684460
     0.18882712
     0.19013463
     0.19144408
     0.19275901
     0.19408081
     0.19540948
     0.19674502
     0.19808745
     0.19943676
     0.20079295
     0.19964693
     0.19814975
     0.19666104
     0.19518079
     0.19370900
     0.19191919
     0.18181818
     0.17171717
     0.16161616
     0.15151515
     0.14141414
     0.13131313
     0.12121212
     0.11111111
     0.10101010
     0.09090909
     0.08080808
     0.07070707
     0.06060606
     0.05050505
     0.04040404
     0.03030303
     0.02020202
     0.01010101
     0.00000000
     0.00000000
     0.00000000
     0.00000000
     0.00000000
     0.00000000
     0.00000000
     0.00000000
     0.00000000
     0.00000000
     0.00000000
     0.00000000
     0.00000000
     0.20465078
     0.20468047
     0.20471017
     0.20473988
     0.20476958
     0.20479929
     0.20482900
     0.20485871
     0.20483033
     0.20449368
     0.20380047
     0.20304055
     0.20228274
     0.20152704
     0.20077346
     0.20002198
     0.19927262
     0.19852537
     0.19778023
     0.19703720
     0.19629628
     0.19555746
     0.19482075
     0.19408615
     0.19335365
     0.19262318
     0.19184268
     0.19106459
     0.19028892
     0.18928134
     0.18775797
     0.18609336
     0.18396724
     0.18215484
     0.18036449
     0.17839345
     0.17643169
     0.17467172
     0.17339987
     0.17234465
     0.17108983
     0.16984227
     0.16860196
     0.16736888
     0.16614302
     0.16798523
     0.17151303
     0.17509932
     0.17739073
     0.17902623
     0.18145007
     0.18389937
     0.18637421
     0.18872147
     0.19002842
     0.19134228
     0.19266307
     0.19399079
     0.19532144
     0.19665653
     0.19799850
     0.19934735
     0.20070309
     0.19932801
     0.19783263
     0.19634572
     0.19486727
     0.19339728
     0.19191919
     0.18181818
     0.17171717
     0.16161616
     0.15151515
     0.14141414
     0.13131313
     0.12121212
     0.11111111
     0.10101010
     0.09090909
     0.08080808
     0.07070707
     0.06060606
     0.05050505
     0.04040404
     0.03030303
     0.02020202
     0.01010101
     0.00000000
     0.00000000
     0.00000000
     0.00000000
     0.00000000
     0.00000000
     0.00000000
     0.00000000
     0.00000000
     0.00000000
     0.00000000
     0.00000000
     0.00000000
     0.20452003
     0.20454971
     0.20457940
     0.20460909
     0.20463878
     0.20466847
     0.20469817
     0.20472787
     0.20461068
     0.20427430
     0.20381351
     0.20305355
     0.20229570
     0.20153997
     0.20078634
     0.20003484
     0.19928544
     0.19853815
     0.19779297
     0.19704991
     0.19630895
     0.19557010
     0.19483335
     0.19409871
     0.19336618
     0.19262000
     0.19183951
     0.19106143
     0.19028577
     0.18901054
     0.18748884
     0.18597658
     0.18417289
     0.18236714
     0.18039926
     0.17842023
     0.17645823
     0.17451323
     0.17303710
     0.17201721
     0.17076429
     0.16951862
     0.16828019
     0.16704900
     0.16582501
     0.16748463
     0.17100408
     0.17458197
     0.17680078
     0.17857119
     0.18099023
     0.18343472
     0.18590473
     0.18840033
     0.18992226
     0.19123556
     0.19255579
     0.19388295
     0.19521704
     0.19655807
     0.19790605
     0.19925797
     0.20051153
     0.19900948
     0.19751590
     0.19603079
     0.19455414
     0.19308594
     0.19162618
     0.18181818
     0.17171717
     0.16161616
     0.15151515
     0.14141414
     0.13131313
     0.12121212
     0.11111111
     0.10101010
     0.09090909
     0.08080808
     0.07070707
     0.06060606
     0.05050505
     0.04040404
     0.03030303
     0.02020202
     0.01010101
     0.00000000
     0.00000000
     0.00000000
     0.00000000
     0.00000000
     0.00000000
     0.00000000
     0.00000000
     0.00000000
     0.00000000
     0.00000000
     0.00000000
     0.00000000
     0.20438935
     0.20441901
     0.20444868
     0.20447836
     0.20450803
     0.20453771
     0.20456740
     0.20459708
     0.20439121
     0.20405510
     0.20371940
     0.20306654
     0.20230866
     0.20155289
     0.20079923
     0.20004769
     0.19929825
     0.19855093
     0.19780572
     0.19706261
     0.19632162
     0.19558273
     0.19484595
     0.19411128
     0.19337871
     0.19261682
     0.19183634
     0.19105827
     0.19026950
     0.18874003
     0.18722000
     0.18570942
     0.18430930
     0.18242261
     0.18042627
     0.17844701
     0.17648478
     0.17461180
     0.17327165
     0.17169027
     0.17043924
     0.16919546
     0.16795891
     0.16672960
     0.16550749
     0.16698522
     0.17049632
     0.17406583
     0.17621238
     0.17811707
     0.18053131
     0.18297098
     0.18543616
     0.18792692
     0.18981615
     0.19112889
     0.19244855
     0.19377515
     0.19510868
     0.19644915
     0.19779656
     0.19915093
     0.20018039
     0.19868674
     0.19719955
     0.19571624
     0.19424138
     0.19280319
     0.19137522
     0.18181818
     0.17171717
     0.16161616
     0.15151515
     0.14141414
     0.13131313
     0.12121212
     0.11111111
     0.10101010
     0.09090909
     0.08080808
     0.07070707
     0.06060606
     0.05050505
     0.04040404
     0.03030303
     0.02020202
     0.01010101
     0.00000000
     0.00000000
     0.00000000
     0.00000000
     0.00000000
     0.00000000
     0.00000000
     0.00000000
     0.00000000
     0.00000000
     0.00000000
     0.00000000
     0.00000000
     0.20425872
     0.20428838
     0.20431803
     0.20434769
     0.20437735
     0.20440702
     0.20443669
     0.20446636
     0.20417191
     0.20383607
     0.20350064
     0.20307954
     0.20232162
     0.20156581
     0.20081212
     0.20006054
     0.19931107
     0.19856371
     0.19781846
     0.19707532
     0.19633429
     0.19559537
     0.19485855
     0.19412384
     0.19339123
     0.19261364
     0.19183317
     0.19105511
     0.18999762
     0.18846982
     0.18695147
     0.18544256
     0.18402040
     0.18244986
     0.18045328
     0.17847379
     0.17651134
     0.17508741
     0.17374437
     0.17199236
     0.17011468
     0.16887278
     0.16763813
     0.16641069
     0.16519045
     0.16648700
     0.16998977
     0.17355088
     0.17562551
     0.17766385
     0.18007329
     0.18250815
     0.18496851
     0.18745443
     0.18971008
     0.19102226
     0.19234136
     0.19366739
     0.19500036
     0.19634027
     0.19768712
     0.19904093
     0.19984008
     0.19836158
     0.19690898
     0.19546443
     0.19402791
     0.19259855
     0.19091529
     0.18181818
     0.17171717
     0.16161616
     0.15151515
     0.14141414
     0.13131313
     0.12121212
     0.11111111
     0.10101010
     0.09090909
     0.08080808
     0.07070707
     0.06060606
     0.05050505
     0.04040404
     0.03030303
     0.02020202
     0.01010101
     0.00000000
     0.00000000
     0.00000000
     0.00000000
     0.00000000
     0.00000000
     0.00000000
     0.00000000
     0.00000000
     0.00000000
     0.00000000
     0.00000000
     0.00000000
     0.20412816
     0.20415780
     0.20418744
     0.20421709
     0.20424674
     0.20427639
     0.20430604
     0.20428877
     0.20395279
     0.20361721
     0.20328205
     0.20294730
     0.20233458
     0.20157874
     0.20082501
     0.20007339
     0.19932389
     0.19857649
     0.19783121
     0.19708803
     0.19634696
     0.19560800
     0.19487115
     0.19413640
     0.19339334
     0.19261046
     0.19183000
     0.19105195
     0.18972603
     0.18819990
     0.18668323
     0.18517599
     0.18367380
     0.18221042
     0.18048030
     0.17850058
     0.17691812
     0.17556403
     0.17421811
     0.17249598
     0.17044971
     0.16855060
     0.16731783
     0.16609226
     0.16487390
     0.16598998
     0.16948441
     0.17303715
     0.17504019
     0.17721153
     0.17961618
     0.18204623
     0.18450177
     0.18698286
     0.18948956
     0.19091567
     0.19223422
     0.19355969
     0.19489209
     0.19623144
     0.19760630
     0.19899075
     0.19959125
     0.19813187
     0.19668054
     0.19523726
     0.19380201
     0.19237478
     0.19041925
     0.18181818
     0.17171717
     0.16161616
     0.15151515
     0.14141414
     0.13131313
     0.12121212
     0.11111111
     0.10101010
     0.09090909
     0.08080808
     0.07070707
     0.06060606
     0.05050505
     0.04040404
     0.03030303
     0.02020202
     0.01010101
     0.00000000
     0.00000000
     0.00000000
     0.00000000
     0.00000000
     0.00000000
     0.00000000
     0.00000000
     0.00000000
     0.00000000
     0.00000000
     0.00000000
     0.00000000
     0.20399766
     0.20402729
     0.20405691
     0.20408655
     0.20411618
     0.20414582
     0.20417546
     0.20406955
     0.20373384
     0.20339854
     0.20306364
     0.20272916
     0.20234754
     0.20159167
     0.20083790
     0.20008625
     0.19933670
     0.19858927
     0.19784395
     0.19710074
     0.19635964
     0.19562064
     0.19488375
     0.19414897
     0.19339015
     0.19260728
     0.19182683
     0.19098864
     0.18945473
     0.18793029
     0.18641528
     0.18484872
     0.18332771
     0.18186647
     0.18041430
     0.17876383
     0.17739866
     0.17604168
     0.17469287
     0.17300077
     0.17094975
     0.16891808
     0.16699802
     0.16577433
     0.16455784
     0.16549414
     0.16898025
     0.17252461
     0.17445640
     0.17676012
     0.17915997
     0.18158522
     0.18403594
     0.18651220
     0.18901406
     0.19080914
     0.19213988
     0.19349527
     0.19485791
     0.19622782
     0.19760499
     0.19898944
     0.19936047
     0.19790237
     0.19645231
     0.19501029
     0.19357630
     0.19215035
     0.18991825
     0.18181818
     0.17171717
     0.16161616
     0.15151515
     0.14141414
     0.13131313
     0.12121212
     0.11111111
     0.10101010
     0.09090909
     0.08080808
     0.07070707
     0.06060606
     0.05050505
     0.04040404
     0.03030303
     0.02020202
     0.01010101
     0.00000000
     0.00000000
     0.00000000
     0.00000000
     0.00000000
     0.00000000
     0.00000000
     0.00000000
     0.00000000
     0.00000000
     0.00000000
     0.00000000
     0.00000000
     0.20386722
     0.20389683
     0.20392645
     0.20395607
     0.20398569
     0.20401531
     0.20404494
     0.20385051
     0.20351507
     0.20318003
     0.20284541
     0.20251119
     0.20217739
     0.20160459
     0.20085079
     0.20009910
     0.19934952
     0.19860206
     0.19785670
     0.19711345
     0.19637231
     0.19563328
     0.19489635
     0.19416153
     0.19338696
     0.19260410
     0.19182366
     0.19071596
     0.18918374
     0.18766097
     0.18614764
     0.18445031
     0.18298212
     0.18152302
     0.18018982
     0.17924829
     0.17788022
     0.17652035
     0.17516865
     0.17350673
     0.17145096
     0.16941454
     0.16739743
     0.16545688
     0.16424226
     0.16499949
     0.16847729
     0.17201328
     0.17393985
     0.17630961
     0.17870468
     0.18112512
     0.18357102
     0.18606958
     0.18859670
     0.19079046
     0.19213860
     0.19349398
     0.19485662
     0.19622652
     0.19760369
     0.19898813
     0.19912990
     0.19767306
     0.19622427
     0.19478352
     0.19335080
     0.19176406
     0.18941825
     0.18181818
     0.17171717
     0.16161616
     0.15151515
     0.14141414
     0.13131313
     0.12121212
     0.11111111
     0.10101010
     0.09090909
     0.08080808
     0.07070707
     0.06060606
     0.05050505
     0.04040404
     0.03030303
     0.02020202
     0.01010101
     0.00000000
     0.00000000
     0.00000000
     0.00000000
     0.00000000
     0.00000000
     0.00000000
     0.00000000
     0.00000000
     0.00000000
     0.00000000
     0.00000000
     0.00000000
     0.20373685
     0.20376644
     0.20379604
     0.20382565
     0.20385525
     0.20388486
     0.20391448
     0.20363165
     0.20329647
     0.20296170
     0.20262735
     0.20229340
     0.20195986
     0.20161752
     0.20086368
     0.20011196
     0.19936234
     0.19861484
     0.19786944
     0.19712616
     0.19638499
     0.19564592
     0.19490896
     0.19416903
     0.19338376
     0.19260092
     0.19182049
     0.19044359
     0.18891304
     0.18739194
     0.18587342
     0.18410308
     0.18263704
     0.18120176
     0.18032999
     0.17946150
     0.17836281
     0.17700004
     0.17564545
     0.17401386
     0.17195332
     0.16991217
     0.16789033
     0.16588774
     0.16392717
     0.16450603
     0.16797552
     0.17150315
     0.17349501
     0.17587176
     0.17829072
     0.18073565
     0.18320664
     0.18570375
     0.18822705
     0.19077660
     0.19213732
     0.19349270
     0.19485533
     0.19622523
     0.19760239
     0.19898682
     0.19889952
     0.19744395
     0.19599643
     0.19455695
     0.19312550
     0.19126036
     0.18891927
     0.18181818
     0.17171717
     0.16161616
     0.15151515
     0.14141414
     0.13131313
     0.12121212
     0.11111111
     0.10101010
     0.09090909
     0.08080808
     0.07070707
     0.06060606
     0.05050505
     0.04040404
     0.03030303
     0.02020202
     0.01010101
     0.00000000
     0.00000000
     0.00000000
     0.00000000
     0.00000000
     0.00000000
     0.00000000
     0.00000000
     0.00000000
     0.00000000
     0.00000000
     0.00000000
     0.00000000
     0.20360653
     0.20363612
     0.20366570
     0.20369529
     0.20372489
     0.20375448
     0.20374828
     0.20341296
     0.20307805
     0.20274355
     0.20240946
     0.20207578
     0.20174251
     0.20140966
     0.20087657
     0.20012481
     0.19937516
     0.19862762
     0.19788219
     0.19713887
     0.19639766
     0.19565856
     0.19492156
     0.19416583
     0.19338057
     0.19259774
     0.19170984
     0.19017151
     0.18864264
     0.18712322
     0.18545627
     0.18375636
     0.18229246
     0.18134255
     0.18047025
     0.17960123
     0.17873548
     0.17748075
     0.17612327
     0.17452216
     0.17245686
     0.17041096
     0.16838438
     0.16637708
     0.16438897
     0.16402859
     0.16749260
     0.17103184
     0.17313235
     0.17552166
     0.17793684
     0.18037798
     0.18284517
     0.18533847
     0.18785796
     0.19040368
     0.19213605
     0.19349142
     0.19485405
     0.19622393
     0.19760109
     0.19898551
     0.19866934
     0.19721504
     0.19576879
     0.19433058
     0.19290039
     0.19075766
     0.18842129
     0.18181818
     0.17171717
     0.16161616
     0.15151515
     0.14141414
     0.13131313
     0.12121212
     0.11111111
     0.10101010
     0.09090909
     0.08080808
     0.07070707
     0.06060606
     0.05050505
     0.04040404
     0.03030303
     0.02020202
     0.01010101
     0.00000000
     0.00000000
     0.00000000
     0.00000000
     0.00000000
     0.00000000
     0.00000000
     0.00000000
     0.00000000
     0.00000000
     0.00000000
     0.00000000
     0.00000000
     0.20347628
     0.20350585
     0.20353542
     0.20356500
     0.20359458
     0.20362416
     0.20352950
     0.20319444
     0.20285980
     0.20252557
     0.20219175
     0.20185834
     0.20152534
     0.20119275
     0.20086057
     0.20013767
     0.19938798
     0.19864041
     0.19789494
     0.19715158
     0.19641034
     0.19567120
     0.19493416
     0.19416263
     0.19337738
     0.19259456
     0.19143638
     0.18989973
     0.18837253
     0.18685479
     0.18503984
     0.18341015
     0.18235953
     0.18148342
     0.18061060
     0.17974105
     0.17887477
     0.17796248
     0.17660211
     0.17503163
     0.17296156
     0.17091091
     0.16890628
     0.16695837
     0.16502846
     0.16478966
     0.16729279
     0.17059264
     0.17278656
     0.17517210
     0.17758351
     0.18002087
     0.18248426
     0.18497375
     0.18748942
     0.19003132
     0.19213477
     0.19349014
     0.19485276
     0.19622264
     0.19759978
     0.19898420
     0.19843937
     0.19698634
     0.19554135
     0.19410441
     0.19260969
     0.19025598
     0.18792433
     0.18181818
     0.17171717
     0.16161616
     0.15151515
     0.14141414
     0.13131313
     0.12121212
     0.11111111
     0.10101010
     0.09090909
     0.08080808
     0.07070707
     0.06060606
     0.05050505
     0.04040404
     0.03030303
     0.02020202
     0.01010101
     0.00000000
     0.00000000
     0.00000000
     0.00000000
     0.00000000
     0.00000000
     0.00000000
     0.00000000
     0.00000000
     0.00000000
     0.00000000
     0.00000000
     0.00000000
     0.20334609
     0.20337565
     0.20340521
     0.20343477
     0.20346433
     0.20349390
     0.20331089
     0.20297610
     0.20264173
     0.20230776
     0.20197421
     0.20164107
     0.20130834
     0.20097602
     0.20064411
     0.20015052
     0.19940080
     0.19865319
     0.19790769
     0.19716430
     0.19642301
     0.19568384
     0.19494677
     0.19415943
     0.19337419
     0.19259138
     0.19116322
     0.18962824
     0.18810273
     0.18648357
     0.18462413
     0.18338093
     0.18250101
     0.18162438
     0.18075103
     0.17988095
     0.17901415
     0.17815061
     0.17708198
     0.17560309
     0.17359408
     0.17160326
     0.16963059
     0.16767601
     0.16573946
     0.16555856
     0.16807102
     0.17053517
     0.17244131
     0.17482309
     0.17723073
     0.17966431
     0.18212390
     0.18460959
     0.18712144
     0.18965952
     0.19213350
     0.19348886
     0.19485147
     0.19622134
     0.19759848
     0.19898289
     0.19820959
     0.19675783
     0.19531411
     0.19387844
     0.19210429
     0.18975530
     0.18742837
     0.18181818
     0.17171717
     0.16161616
     0.15151515
     0.14141414
     0.13131313
     0.12121212
     0.11111111
     0.10101010
     0.09090909
     0.08080808
     0.07070707
     0.06060606
     0.05050505
     0.04040404
     0.03030303
     0.02020202
     0.01010101
     0.00000000
     0.00000000
     0.00000000
     0.00000000
     0.00000000
     0.00000000
     0.00000000
     0.00000000
     0.00000000
     0.00000000
     0.00000000
     0.00000000
     0.00000000
     0.20321597
     0.20324551
     0.20327505
     0.20330460
     0.20333415
     0.20336370
     0.20309245
     0.20275793
     0.20242383
     0.20209013
     0.20175685
     0.20142398
     0.20109151
     0.20075946
     0.20042782
     0.20009659
     0.19941362
     0.19866598
     0.19792044
     0.19717701
     0.19643569
     0.19569648
     0.19494387
     0.19415623
     0.19337100
     0.19243313
     0.19089036
     0.18935706
     0.18783322
     0.18606536
     0.18443235
     0.18352303
     0.18264258
     0.18176542
     0.18089154
     0.18003919
     0.17921667
     0.17839709
     0.17758045
     0.17635003
     0.17433427
     0.17233674
     0.17035738
     0.16839612
     0.16645291
     0.16633033
     0.16886924
     0.17139712
     0.17277223
     0.17447464
     0.17687850
     0.17930829
     0.18176409
     0.18424598
     0.18675401
     0.18928827
     0.19184880
     0.19348757
     0.19485018
     0.19622004
     0.19759718
     0.19898158
     0.19798001
     0.19652952
     0.19508708
     0.19365266
     0.19159991
     0.18925563
     0.18693341
     0.18181818
     0.17171717
     0.16161616
     0.15151515
     0.14141414
     0.13131313
     0.12121212
     0.11111111
     0.10101010
     0.09090909
     0.08080808
     0.07070707
     0.06060606
     0.05050505
     0.04040404
     0.03030303
     0.02020202
     0.01010101
     0.00000000
     0.00000000
     0.00000000
     0.00000000
     0.00000000
     0.00000000
     0.00000000
     0.00000000
     0.00000000
     0.00000000
     0.00000000
     0.00000000
     0.00000000
     0.20308590
     0.20311543
     0.20314496
     0.20317449
     0.20320403
     0.20320885
     0.20287419
     0.20253994
     0.20220611
     0.20187268
     0.20153966
     0.20120706
     0.20087486
     0.20054308
     0.20021171
     0.19988074
     0.19942645
     0.19867876
     0.19793319
     0.19718972
     0.19644837
     0.19570912
     0.19494066
     0.19415303
     0.19336781
     0.19215888
     0.19061779
     0.18908617
     0.18751526
     0.18580438
     0.18454948
     0.18366522
     0.18282538
     0.18199296
     0.18116349
     0.18033696
     0.17951339
     0.17869275
     0.17787505
     0.17693490
     0.17507696
     0.17307270
     0.17108663
     0.16911869
     0.16716882
     0.16712002
     0.17017531
     0.17226253
     0.17364312
     0.17503244
     0.17652682
     0.17895283
     0.18140484
     0.18388292
     0.18638715
     0.18891758
     0.19147428
     0.19348629
     0.19484889
     0.19621875
     0.19759588
     0.19898027
     0.19775064
     0.19630142
     0.19486024
     0.19342709
     0.19109653
     0.18875698
     0.18643947
     0.18181818
     0.17171717
     0.16161616
     0.15151515
     0.14141414
     0.13131313
     0.12121212
     0.11111111
     0.10101010
     0.09090909
     0.08080808
     0.07070707
     0.06060606
     0.05050505
     0.04040404
     0.03030303
     0.02020202
     0.01010101
     0.00000000
     0.00000000
     0.00000000
     0.00000000
     0.00000000
     0.00000000
     0.00000000
     0.00000000
     0.00000000
     0.00000000
     0.00000000
     0.00000000
     0.00000000
     0.20295590
     0.20298541
     0.20301493
     0.20304445
     0.20307397
     0.20299050
     0.20265611
     0.20232213
     0.20198856
     0.20165540
     0.20132265
     0.20099031
     0.20065839
     0.20032687
     0.19999577
     0.19966507
     0.19933479
     0.19869155
     0.19794594
     0.19720244
     0.19646104
     0.19572176
     0.19493745
     0.19414983
     0.19336462
     0.19188493
     0.19034552
     0.18881558
     0.18720161
     0.18593392
     0.18480257
     0.18396317
     0.18312673
     0.18229325
     0.18146271
     0.18063513
     0.17981048
     0.17898878
     0.17817002
     0.17725936
     0.17570930
     0.17381115
     0.17181836
     0.16984373
     0.16789156
     0.16841531
     0.17148940
     0.17313139
     0.17451748
     0.17591230
     0.17731588
     0.17872822
     0.18104614
     0.18352042
     0.18602083
     0.18854745
     0.19110032
     0.19348501
     0.19484760
     0.19621745
     0.19759457
     0.19897746
     0.19752146
     0.19607351
     0.19463360
     0.19295107
     0.19059416
     0.18825933
     0.18594653
     0.18181818
     0.17171717
     0.16161616
     0.15151515
     0.14141414
     0.13131313
     0.12121212
     0.11111111
     0.10101010
     0.09090909
     0.08080808
     0.07070707
     0.06060606
     0.05050505
     0.04040404
     0.03030303
     0.02020202
     0.01010101
     0.00000000
     0.00000000
     0.00000000
     0.00000000
     0.00000000
     0.00000000
     0.00000000
     0.00000000
     0.00000000
     0.00000000
     0.00000000
     0.00000000
     0.00000000
     0.20282596
     0.20285546
     0.20288496
     0.20291446
     0.20294397
     0.20277232
     0.20243820
     0.20210449
     0.20177118
     0.20143829
     0.20110581
     0.20077374
     0.20044209
     0.20011084
     0.19978000
     0.19944957
     0.19911956
     0.19870433
     0.19795869
     0.19721515
     0.19647372
     0.19572427
     0.19493424
     0.19414663
     0.19315848
     0.19163681
     0.19012722
     0.18867907
     0.18742296
     0.18615411
     0.18510645
     0.18426598
     0.18342848
     0.18259392
     0.18176232
     0.18093367
     0.18010797
     0.17928520
     0.17846538
     0.17758428
     0.17603199
     0.17449039
     0.17255257
     0.17057502
     0.16878492
     0.16971858
     0.17262085
     0.17400371
     0.17539530
     0.17679564
     0.17820474
     0.17962262
     0.18104930
     0.18315847
     0.18565508
     0.18817787
     0.19072692
     0.19330227
     0.19484631
     0.19621616
     0.19759327
     0.19874722
     0.19729249
     0.19584581
     0.19440716
     0.19244498
     0.19009281
     0.18776269
     0.18545460
     0.18181818
     0.17171717
     0.16161616
     0.15151515
     0.14141414
     0.13131313
     0.12121212
     0.11111111
     0.10101010
     0.09090909
     0.08080808
     0.07070707
     0.06060606
     0.05050505
     0.04040404
     0.03030303
     0.02020202
     0.01010101
     0.00000000
     0.00000000
     0.00000000
     0.00000000
     0.00000000
     0.00000000
     0.00000000
     0.00000000
     0.00000000
     0.00000000
     0.00000000
     0.00000000
     0.00000000
     0.20269608
     0.20272556
     0.20275505
     0.20278454
     0.20281403
     0.20255432
     0.20222046
     0.20188702
     0.20155399
     0.20122136
     0.20088915
     0.20055735
     0.20022596
     0.19989498
     0.19956441
     0.19923425
     0.19890450
     0.19857516
     0.19797144
     0.19722787
     0.19648640
     0.19573757
     0.19498927
     0.19424314
     0.19298058
     0.19146291
     0.18995437
     0.18892115
     0.18764451
     0.18637451
     0.18541071
     0.18456918
     0.18373060
     0.18289498
     0.18206232
     0.18123260
     0.18040583
     0.17958201
     0.17876112
     0.17790967
     0.17635514
     0.17481131
     0.17328160
     0.17147971
     0.16968205
     0.17102987
     0.17349114
     0.17487950
     0.17627660
     0.17768246
     0.17909709
     0.18052051
     0.18195274
     0.18339378
     0.18528988
     0.18780885
     0.19035407
     0.19292559
     0.19484502
     0.19621486
     0.19759197
     0.19851717
     0.19706371
     0.19561830
     0.19418093
     0.19193991
     0.18959246
     0.18726706
     0.18560052
     0.18181818
     0.17171717
     0.16161616
     0.15151515
     0.14141414
     0.13131313
     0.12121212
     0.11111111
     0.10101010
     0.09090909
     0.08080808
     0.07070707
     0.06060606
     0.05050505
     0.04040404
     0.03030303
     0.02020202
     0.01010101
     0.00000000
     0.00000000
     0.00000000
     0.00000000
     0.00000000
     0.00000000
     0.00000000
     0.00000000
     0.00000000
     0.00000000
     0.00000000
     0.00000000
     0.00000000
     0.20256626
     0.20259573
     0.20262521
     0.20265468
     0.20267049
     0.20233649
     0.20200291
     0.20166973
     0.20133696
     0.20100461
     0.20067266
     0.20034113
     0.20001001
     0.19967929
     0.19934899
     0.19901910
     0.19868962
     0.19836055
     0.19802186
     0.19732030
     0.19662061
     0.19588092
     0.19513221
     0.19433150
     0.19280575
     0.19128913
     0.19030576
     0.18914406
     0.18786626
     0.18659510
     0.18571536
     0.18487276
     0.18403311
     0.18319643
     0.18236270
     0.18153191
     0.18070408
     0.17987919
     0.17905725
     0.17823553
     0.17667876
     0.17515751
     0.17378763
     0.17238820
     0.17058297
     0.17234919
     0.17436490
     0.17575876
     0.17716138
     0.17857276
     0.17999293
     0.18142189
     0.18285968
     0.18430629
     0.18576174
     0.18744039
     0.18998178
     0.19254947
     0.19484373
     0.19621357
     0.19759067
     0.19828733
     0.19683514
     0.19539100
     0.19380068
     0.19143586
     0.18931296
     0.18769816
     0.18609398
     0.18181818
     0.17171717
     0.16161616
     0.15151515
     0.14141414
     0.13131313
     0.12121212
     0.11111111
     0.10101010
     0.09090909
     0.08080808
     0.07070707
     0.06060606
     0.05050505
     0.04040404
     0.03030303
     0.02020202
     0.01010101
     0.00000000
     0.00000000
     0.00000000
     0.00000000
     0.00000000
     0.00000000
     0.00000000
     0.00000000
     0.00000000
     0.00000000
     0.00000000
     0.00000000
     0.00000000
     0.20243651
     0.20246596
     0.20249542
     0.20252488
     0.20245257
     0.20211884
     0.20178552
     0.20145261
     0.20112011
     0.20078803
     0.20045635
     0.20012508
     0.19979423
     0.19946379
     0.19915025
     0.19886300
     0.19857607
     0.19828945
     0.19800314
     0.19748050
     0.19677566
     0.19602436
     0.19527523
     0.19415574
     0.19263104
     0.19150445
     0.19065279
     0.18936717
     0.18808821
     0.18686703
     0.18602039
     0.18517672
     0.18433601
     0.18349826
     0.18266346
     0.18183161
     0.18100272
     0.18017677
     0.17935376
     0.17853369
     0.17704938
     0.17566785
     0.17429482
     0.17293026
     0.17148770
     0.17367655
     0.17524212
     0.17664149
     0.17804963
     0.17946655
     0.18089226
     0.18232678
     0.18377012
     0.18522230
     0.18668333
     0.18815323
     0.18963200
     0.19217391
     0.19476410
     0.19621227
     0.19758936
     0.19805769
     0.19660677
     0.19516389
     0.19329290
     0.19144270
     0.18981399
     0.18819591
     0.18658845
     0.18181818
     0.17171717
     0.16161616
     0.15151515
     0.14141414
     0.13131313
     0.12121212
     0.11111111
     0.10101010
     0.09090909
     0.08080808
     0.07070707
     0.06060606
     0.05050505
     0.04040404
     0.03030303
     0.02020202
     0.01010101
     0.00000000
     0.00000000
     0.00000000
     0.00000000
     0.00000000
     0.00000000
     0.00000000
     0.00000000
     0.00000000
     0.00000000
     0.00000000
     0.00000000
     0.00000000
     0.20230681
     0.20233626
     0.20236570
     0.20239515
     0.20223482
     0.20190136
     0.20156831
     0.20123567
     0.20090344
     0.20057162
     0.20024021
     0.19994693
     0.19965882
     0.19937103
     0.19908354
     0.19879637
     0.19850951
     0.19822297
     0.19793673
     0.19764080
     0.19691959
     0.19616787
     0.19541833
     0.19398010
     0.19270889
     0.19194315
     0.19087726
     0.18959048
     0.18831036
     0.18717352
     0.18632582
     0.18548108
     0.18463930
     0.18380047
     0.18296461
     0.18213170
     0.18130173
     0.18047472
     0.17965065
     0.17888750
     0.17756405
     0.17617936
     0.17480317
     0.17343548
     0.17207625
     0.17472667
     0.17612281
     0.17752770
     0.17894137
     0.18036383
     0.18179509
     0.18323516
     0.18468407
     0.18614183
     0.18760844
     0.18908393
     0.19056830
     0.19206156
     0.19438525
     0.19621098
     0.19758806
     0.19782824
     0.19637859
     0.19503092
     0.19359068
     0.19194803
     0.19031604
     0.18869468
     0.18708394
     0.18181818
     0.17171717
     0.16161616
     0.15151515
     0.14141414
     0.13131313
     0.12121212
     0.11111111
     0.10101010
     0.09090909
     0.08080808
     0.07070707
     0.06060606
     0.05050505
     0.04040404
     0.03030303
     0.02020202
     0.01010101
     0.00000000
     0.00000000
     0.00000000
     0.00000000
     0.00000000
     0.00000000
     0.00000000
     0.00000000
     0.00000000
     0.00000000
     0.00000000
     0.00000000
     0.00000000
     0.20217718
     0.20220661
     0.20223604
     0.20226548
     0.20201725
     0.20168406
     0.20135128
     0.20103528
     0.20074600
     0.20045703
     0.20016837
     0.19988003
     0.19959199
     0.19930427
     0.19901686
     0.19872976
     0.19844297
     0.19815650
     0.19787034
     0.19758448
     0.19706360
     0.19631147
     0.19533633
     0.19391908
     0.19314969
     0.19238262
     0.19110193
     0.18981400
     0.18853272
     0.18748040
     0.18663162
     0.18578581
     0.18494297
     0.18410308
     0.18326614
     0.18243217
     0.18160114
     0.18077306
     0.17994792
     0.17936978
     0.17807988
     0.17669204
     0.17531270
     0.17394185
     0.17325876
     0.17555355
     0.17700698
     0.17841740
     0.17983660
     0.18126460
     0.18270142
     0.18414706
     0.18560154
     0.18706488
     0.18853708
     0.19001816
     0.19150813
     0.19300700
     0.19451478
     0.19620968
     0.19758676
     0.19759900
     0.19658924
     0.19575692
     0.19410032
     0.19245438
     0.19081910
     0.18919445
     0.18758044
     0.18181818
     0.17171717
     0.16161616
     0.15151515
     0.14141414
     0.13131313
     0.12121212
     0.11111111
     0.10101010
     0.09090909
     0.08080808
     0.07070707
     0.06060606
     0.05050505
     0.04040404
     0.03030303
     0.02020202
     0.01010101
     0.00000000
     0.00000000
     0.00000000
     0.00000000
     0.00000000
     0.00000000
     0.00000000
     0.00000000
     0.00000000
     0.00000000
     0.00000000
     0.00000000
     0.00000000
     0.20230818
     0.20224908
     0.20219000
     0.20213319
     0.20183760
     0.20154746
     0.20125762
     0.20096810
     0.20067890
     0.20039000
     0.20010141
     0.19981314
     0.19952518
     0.19923753
     0.19895019
     0.19866317
     0.19837645
     0.19809005
     0.19780396
     0.19751818
     0.19718011
     0.19645514
     0.19515988
     0.19436199
     0.19359127
     0.19262256
     0.19132680
     0.19003771
     0.18875528
     0.18778766
     0.18693782
     0.18609094
     0.18524702
     0.18440606
     0.18356806
     0.18273302
     0.18190093
     0.18107178
     0.18037208
     0.17985308
     0.17859689
     0.17720588
     0.17582339
     0.17444940
     0.17461777
     0.17635755
     0.17785173
     0.17931058
     0.18073532
     0.18216888
     0.18361125
     0.18506246
     0.18652252
     0.18799144
     0.18946924
     0.19095592
     0.19245149
     0.19395597
     0.19546937
     0.19698171
     0.19803090
     0.19815693
     0.19756644
     0.19627088
     0.19461098
     0.19296175
     0.19132318
     0.18969525
     0.18807795
     0.18181818
     0.17171717
     0.16161616
     0.15151515
     0.14141414
     0.13131313
     0.12121212
     0.11111111
     0.10101010
     0.09090909
     0.08080808
     0.07070707
     0.06060606
     0.05050505
     0.04040404
     0.03030303
     0.02020202
     0.01010101
     0.00000000
     0.00000000
     0.00000000
     0.00000000
     0.00000000
     0.00000000
     0.00000000
     0.00000000
     0.00000000
     0.00000000
     0.00000000
     0.00000000
     0.00000000
     0.20256053
     0.20254897
     0.20253740
     0.20243852
     0.20206486
     0.20169173
     0.20131911
     0.20094700
     0.20061181
     0.20032299
     0.20003447
     0.19974627
     0.19945838
     0.19917081
     0.19888354
     0.19859659
     0.19830995
     0.19802361
     0.19773760
     0.19743663
     0.19709796
     0.19652234
     0.19558006
     0.19480567
     0.19403361
     0.19284880
     0.19155188
     0.19026163
     0.18897803
     0.18809532
     0.18724440
     0.18639645
     0.18555146
     0.18470944
     0.18387037
     0.18303426
     0.18220110
     0.18137874
     0.18085748
     0.18033740
     0.17911507
     0.17772090
     0.17633526
     0.17495811
     0.17567480
     0.17716444
     0.17866397
     0.18017342
     0.18163754
     0.18307665
     0.18452459
     0.18598138
     0.18744702
     0.18892153
     0.19040492
     0.19189721
     0.19339839
     0.19490849
     0.19642751
     0.19795545
     0.19914608
     0.19914000
     0.19845973
     0.19678586
     0.19512266
     0.19347013
     0.19182827
     0.19019705
     0.18857647
     0.18181818
     0.17171717
     0.16161616
     0.15151515
     0.14141414
     0.13131313
     0.12121212
     0.11111111
     0.10101010
     0.09090909
     0.08080808
     0.07070707
     0.06060606
     0.05050505
     0.04040404
     0.03030303
     0.02020202
     0.01010101
     0.00000000
     0.00000000
     0.00000000
     0.00000000
     0.00000000
     0.00000000
     0.00000000
     0.00000000
     0.00000000
     0.00000000
     0.00000000
     0.00000000
     0.00000000
     0.20296177
     0.20295018
     0.20293860
     0.20275495
     0.20238087
     0.20200729
     0.20163424
     0.20126170
     0.20088967
     0.20051816
     0.20014716
     0.19977668
     0.19940671
     0.19910410
     0.19881691
     0.19853003
     0.19824346
     0.19795720
     0.19767125
     0.19735440
     0.19701584
     0.19674723
     0.19602584
     0.19525011
     0.19437999
     0.19307524
     0.19177716
     0.19048575
     0.18925831
     0.18840336
     0.18755137
     0.18670235
     0.18585629
     0.18501320
     0.18417306
     0.18333588
     0.18250165
     0.18186625
     0.18134390
     0.18082273
     0.17963443
     0.17823710
     0.17684829
     0.17546799
     0.17647923
     0.17797422
     0.17947911
     0.18099393
     0.18251868
     0.18398793
     0.18544144
     0.18690381
     0.18837504
     0.18985514
     0.19134414
     0.19284203
     0.19434883
     0.19586454
     0.19738919
     0.19892276
     0.20026598
     0.20012673
     0.19897903
     0.19730185
     0.19563536
     0.19397954
     0.19233438
     0.19069987
     0.18907601
     0.18181818
     0.17171717
     0.16161616
     0.15151515
     0.14141414
     0.13131313
     0.12121212
     0.11111111
     0.10101010
     0.09090909
     0.08080808
     0.07070707
     0.06060606
     0.05050505
     0.04040404
     0.03030303
     0.02020202
     0.01010101
     0.00000000
     0.00000000
     0.00000000
     0.00000000
     0.00000000
     0.00000000
     0.00000000
     0.00000000
     0.00000000
     0.00000000
     0.00000000
     0.00000000
     0.00000000
     0.20336359
     0.20335199
     0.20334039
     0.20307176
     0.20269724
     0.20232323
     0.20194974
     0.20157676
     0.20120430
     0.20083235
     0.20046092
     0.20009000
     0.19971960
     0.19934971
     0.19898034
     0.19861148
     0.19824313
     0.19789080
     0.19760492
     0.19742896
     0.19738757
     0.19699791
     0.19647238
     0.19569532
     0.19460780
     0.19330188
     0.19200264
     0.19071007
     0.18956781
     0.18871178
     0.18785872
     0.18700863
     0.18616150
     0.18531734
     0.18447614
     0.18363789
     0.18287939
     0.18235478
     0.18183134
     0.18130908
     0.18015496
     0.17875446
     0.17736249
     0.17597904
     0.17728655
     0.17878690
     0.18029715
     0.18181734
     0.18334749
     0.18488759
     0.18636181
     0.18782976
     0.18930658
     0.19079229
     0.19228689
     0.19379039
     0.19530281
     0.19682414
     0.19835441
     0.19989362
     0.20139059
     0.20111712
     0.19949935
     0.19781887
     0.19614907
     0.19448996
     0.19284151
     0.19120371
     0.18957656
     0.18181818
     0.17171717
     0.16161616
     0.15151515
     0.14141414
     0.13131313
     0.12121212
     0.11111111
     0.10101010
     0.09090909
     0.08080808
     0.07070707
     0.06060606
     0.05050505
     0.04040404
     0.03030303
     0.02020202
     0.01010101
     0.00000000
     0.00000000
     0.00000000
     0.00000000
     0.00000000
     0.00000000
     0.00000000
     0.00000000
     0.00000000
     0.00000000
     0.00000000
     0.00000000
     0.00000000
     0.20376601
     0.20375439
     0.20374277
     0.20338894
     0.20301398
     0.20263954
     0.20226561
     0.20189219
     0.20151929
     0.20114691
     0.20077504
     0.20040369
     0.20003285
     0.19966253
     0.19929272
     0.19892343
     0.19855465
     0.19818638
     0.19787852
     0.19783707
     0.19766803
     0.19724884
     0.19683033
     0.19614130
     0.19483580
     0.19352873
     0.19222832
     0.19093459
     0.18987770
     0.18902060
     0.18816647
     0.18731530
     0.18646711
     0.18562187
     0.18477960
     0.18394028
     0.18337003
     0.18284433
     0.18231980
     0.18179644
     0.18067667
     0.17927300
     0.17787787
     0.17660097
     0.17809677
     0.17960247
     0.18111810
     0.18264367
     0.18417920
     0.18572471
     0.18728021
     0.18875924
     0.19024165
     0.19173296
     0.19323317
     0.19474229
     0.19626032
     0.19778729
     0.19932319
     0.20086802
     0.20242181
     0.20171517
     0.20002069
     0.19833690
     0.19666381
     0.19500139
     0.19334965
     0.19170856
     0.19007813
     0.18181818
     0.17171717
     0.16161616
     0.15151515
     0.14141414
     0.13131313
     0.12121212
     0.11111111
     0.10101010
     0.09090909
     0.08080808
     0.07070707
     0.06060606
     0.05050505
     0.04040404
     0.03030303
     0.02020202
     0.01010101
     0.00000000
     0.00000000
     0.00000000
     0.00000000
     0.00000000
     0.00000000
     0.00000000
     0.00000000
     0.00000000
     0.00000000
     0.00000000
     0.00000000
     0.00000000
     0.20416902
     0.20415739
     0.20408240
     0.20370648
     0.20333109
     0.20295621
     0.20258184
     0.20220799
     0.20183466
     0.20146184
     0.20108954
     0.20071775
     0.20034648
     0.19997572
     0.19960547
     0.19923574
     0.19886653
     0.19849783
     0.19828733
     0.19824581
     0.19791960
     0.19750001
     0.19708109
     0.19637893
     0.19506401
     0.19375577
     0.19245421
     0.19115931
     0.19018798
     0.18932980
     0.18847460
     0.18762236
     0.18677309
     0.18592679
     0.18508345
     0.18438965
     0.18386169
     0.18333490
     0.18280928
     0.18228483
     0.18119956
     0.17979272
     0.17839442
     0.17740873
     0.17890989
     0.18042095
     0.18194196
     0.18347291
     0.18501384
     0.18656474
     0.18812565
     0.18969224
     0.19118025
     0.19267717
     0.19418299
     0.19569773
     0.19722139
     0.19875398
     0.20029551
     0.20184598
     0.20340541
     0.20224084
     0.20054305
     0.19885596
     0.19717956
     0.19551385
     0.19385881
     0.19221443
     0.19058071
     0.18181818
     0.17171717
     0.16161616
     0.15151515
     0.14141414
     0.13131313
     0.12121212
     0.11111111
     0.10101010
     0.09090909
     0.08080808
     0.07070707
     0.06060606
     0.05050505
     0.04040404
     0.03030303
     0.02020202
     0.01010101
     0.00000000
     0.00000000
     0.00000000
     0.00000000
     0.00000000
     0.00000000
     0.00000000
     0.00000000
     0.00000000
     0.00000000
     0.00000000
     0.00000000
     0.00000000
     0.20457263
     0.20456097
     0.20440075
     0.20402440
     0.20364857
     0.20327325
     0.20289845
     0.20252416
     0.20215039
     0.20177714
     0.20140440
     0.20103218
     0.20066047
     0.20028927
     0.19991859
     0.19954843
     0.19917878
     0.19880964
     0.19869678
     0.19859207
     0.19817141
     0.19775142
     0.19733210
     0.19648149
     0.19529242
     0.19398302
     0.19268029
     0.19138424
     0.19049864
     0.18963939
     0.18878311
     0.18792981
     0.18707947
     0.18623209
     0.18541366
     0.18488343
     0.18435437
     0.18382649
     0.18329977
     0.18277423
     0.18172362
     0.18031361
     0.17891214
     0.17821939
     0.17972590
     0.18124234
     0.18276872
     0.18430507
     0.18585139
     0.18740771
     0.18897403
     0.19055037
     0.19212238
     0.19362491
     0.19513635
     0.19665671
     0.19818599
     0.19972422
     0.20127138
     0.20282750
     0.20430969
     0.20276753
     0.20106643
     0.19937604
     0.19769634
     0.19602733
     0.19436899
     0.19272132
     0.19108430
     0.18181818
     0.17171717
     0.16161616
     0.15151515
     0.14141414
     0.13131313
     0.12121212
     0.11111111
     0.10101010
     0.09090909
     0.08080808
     0.07070707
     0.06060606
     0.05050505
     0.04040404
     0.03030303
     0.02020202
     0.01010101
     0.00000000
     0.00000000
     0.00000000
     0.00000000
     0.00000000
     0.00000000
     0.00000000
     0.00000000
     0.00000000
     0.00000000
     0.00000000
     0.00000000
     0.00000000
     0.20497682
     0.20496515
     0.20471946
     0.20434268
     0.20396641
     0.20359066
     0.20321542
     0.20284070
     0.20246650
     0.20209281
     0.20171963
     0.20134697
     0.20097483
     0.20060320
     0.20023208
     0.19986148
     0.19949140
     0.19914851
     0.19910686
     0.19884452
     0.19842346
     0.19800307
     0.19745098
     0.19650617
     0.19552104
     0.19421047
     0.19290658
     0.19167299
     0.19080969
     0.18994937
     0.18909202
     0.18823764
     0.18738623
     0.18653778
     0.18590956
     0.18537823
     0.18484808
     0.18431910
     0.18379129
     0.18326466
     0.18224887
     0.18083568
     0.17929567
     0.17903294
     0.18054482
     0.18206664
     0.18359841
     0.18514014
     0.18669187
     0.18825360
     0.18982534
     0.19140711
     0.19299891
     0.19457619
     0.19609325
     0.19761923
     0.19915415
     0.20069801
     0.20225081
     0.20381256
     0.20477643
     0.20327102
     0.20159083
     0.19989714
     0.19821413
     0.19654182
     0.19488019
     0.19322922
     0.19158892
     0.18181818
     0.17171717
     0.16161616
     0.15151515
     0.14141414
     0.13131313
     0.12121212
     0.11111111
     0.10101010
     0.09090909
     0.08080808
     0.07070707
     0.06060606
     0.05050505
     0.04040404
     0.03030303
     0.02020202
     0.01010101
     0.00000000
     0.00000000
     0.00000000
     0.00000000
     0.00000000
     0.00000000
     0.00000000
     0.00000000
     0.00000000
     0.00000000
     0.00000000
     0.00000000
     0.00000000
     0.20538161
     0.20536992
     0.20503855
     0.20466133
     0.20428463
     0.20390844
     0.20353277
     0.20315761
     0.20278297
     0.20240884
     0.20203523
     0.20166214
     0.20128956
     0.20091749
     0.20054594
     0.20017490
     0.19980438
     0.19955929
     0.19951758
     0.19909722
     0.19867575
     0.19825496
     0.19747575
     0.19653085
     0.19558936
     0.19443812
     0.19313307
     0.19198550
     0.19112113
     0.19025973
     0.18940131
     0.18854586
     0.18769337
     0.18694007
     0.18640647
     0.18587405
     0.18534280
     0.18481273
     0.18428383
     0.18375610
     0.18277529
     0.18135892
     0.17963553
     0.17984940
     0.18136665
     0.18289384
     0.18443100
     0.18597814
     0.18753527
     0.18910241
     0.19067958
     0.19226677
     0.19386402
     0.19547132
     0.19705369
     0.19858531
     0.20012585
     0.20167535
     0.20323379
     0.20480118
     0.20524395
     0.20373599
     0.20211626
     0.20041925
     0.19873295
     0.19705733
     0.19539240
     0.19373814
     0.19191919
     0.18181818
     0.17171717
     0.16161616
     0.15151515
     0.14141414
     0.13131313
     0.12121212
     0.11111111
     0.10101010
     0.09090909
     0.08080808
     0.07070707
     0.06060606
     0.05050505
     0.04040404
     0.03030303
     0.02020202
     0.01010101
     0.00000000
     0.00000000
     0.00000000
     0.00000000
     0.00000000
     0.00000000
     0.00000000
     0.00000000
     0.00000000
     0.00000000
     0.00000000
     0.00000000
     0.00000000
     0.20578699
     0.20573618
     0.20535801
     0.20498035
     0.20460321
     0.20422659
     0.20385048
     0.20347489
     0.20309981
     0.20272525
     0.20235120
     0.20197767
     0.20160465
     0.20123215
     0.20086017
     0.20048870
     0.20011774
     0.19997071
     0.19977269
     0.19935015
     0.19892829
     0.19844894
     0.19750052
     0.19655553
     0.19561395
     0.19466598
     0.19335977
     0.19229840
     0.19143296
     0.19057049
     0.18971099
     0.18885446
     0.18800091
     0.18743911
     0.18690441
     0.18637090
     0.18583855
     0.18530738
     0.18477739
     0.18424856
     0.18330289
     0.18188334
     0.17997589
     0.18066876
     0.18219138
     0.18372397
     0.18526652
     0.18681906
     0.18838160
     0.18995416
     0.19153675
     0.19312938
     0.19473207
     0.19634481
     0.19796763
     0.19955493
     0.20110111
     0.20265624
     0.20422032
     0.20579336
     0.20571227
     0.20420175
     0.20264271
     0.20094239
     0.19925278
     0.19757387
     0.19590563
     0.19424808
     0.19191919
     0.18181818
     0.17171717
     0.16161616
     0.15151515
     0.14141414
     0.13131313
     0.12121212
     0.11111111
     0.10101010
     0.09090909
     0.08080808
     0.07070707
     0.06060606
     0.05050505
     0.04040404
     0.03030303
     0.02020202
     0.01010101
     0.00000000
     0.00000000
     0.00000000
     0.00000000
     0.00000000
     0.00000000
     0.00000000
     0.00000000
     0.00000000
     0.00000000
     0.00000000
     0.00000000
     0.00000000
     0.20619296
     0.20605644
     0.20567784
     0.20529974
     0.20492217
     0.20454511
     0.20416856
     0.20379253
     0.20341702
     0.20304202
     0.20266754
     0.20229357
     0.20192012
     0.20154718
     0.20117476
     0.20080285
     0.20043146
     0.20038276
     0.20002627
     0.19960333
     0.19918106
     0.19847381
     0.19752530
     0.19658021
     0.19563855
     0.19470030
     0.19358666
     0.19261170
     0.19174517
     0.19088163
     0.19002106
     0.18916346
     0.18847614
     0.18793917
     0.18740338
     0.18686876
     0.18633532
     0.18580306
     0.18527197
     0.18474205
     0.18383167
     0.18225307
     0.18031675
     0.18149102
     0.18301903
     0.18455700
     0.18610496
     0.18766291
     0.18923087
     0.19080885
     0.19239687
     0.19399493
     0.19560306
     0.19722125
     0.19884952
     0.20048788
     0.20207992
     0.20364069
     0.20521041
     0.20678909
     0.20618138
     0.20466830
     0.20316348
     0.20146656
     0.19977364
     0.19809142
     0.19641989
     0.19475903
     0.19191919
     0.18181818
     0.17171717
     0.16161616
     0.15151515
     0.14141414
     0.13131313
     0.12121212
     0.11111111
     0.10101010
     0.09090909
     0.08080808
     0.07070707
     0.06060606
     0.05050505
     0.04040404
     0.03030303
     0.02020202
     0.01010101
     0.00000000
     0.00000000
     0.00000000
     0.00000000
     0.00000000
     0.00000000
     0.00000000
     0.00000000
     0.00000000
     0.00000000
     0.00000000
     0.00000000
     0.00000000
     0.20659953
     0.20637707
     0.20599803
     0.20561950
     0.20524149
     0.20486399
     0.20448701
     0.20411055
     0.20373460
     0.20335916
     0.20298424
     0.20260984
     0.20223595
     0.20186258
     0.20148972
     0.20111738
     0.20083737
     0.20070411
     0.20028010
     0.19985675
     0.19943408
     0.19849867
     0.19755007
     0.19660490
     0.19566314
     0.19472480
     0.19378988
     0.19292537
     0.19205778
     0.19119316
     0.19033151
     0.18951757
     0.18897832
     0.18844026
     0.18790337
     0.18736765
     0.18683312
     0.18629975
     0.18576757
     0.18523655
     0.18436163
     0.18259728
     0.18079276
     0.18231620
     0.18384959
     0.18539296
     0.18694632
     0.18850968
     0.19008306
     0.19166647
     0.19325992
     0.19486342
     0.19647699
     0.19810064
     0.19973436
     0.20137818
     0.20303209
     0.20462869
     0.20620406
     0.20740572
     0.20665128
     0.20513564
     0.20362827
     0.20199174
     0.20029552
     0.19860999
     0.19693516
     0.19527101
     0.19191919
     0.18181818
     0.17171717
     0.16161616
     0.15151515
     0.14141414
     0.13131313
     0.12121212
     0.11111111
     0.10101010
     0.09090909
     0.08080808
     0.07070707
     0.06060606
     0.05050505
     0.04040404
     0.03030303
     0.02020202
     0.01010101
     0.00000000
     0.00000000
     0.00000000
     0.00000000
     0.00000000
     0.00000000
     0.00000000
     0.00000000
     0.00000000
     0.00000000
     0.00000000
     0.00000000
     0.00000000
     0.20700668
     0.20669807
     0.20631859
     0.20593963
     0.20556118
     0.20518325
     0.20480583
     0.20442893
     0.20405254
     0.20367667
     0.20330132
     0.20292648
     0.20255216
     0.20217835
     0.20180505
     0.20143228
     0.20125076
     0.20095858
     0.20053416
     0.20011041
     0.19947565
     0.19852354
     0.19757485
     0.19662959
     0.19568774
     0.19474931
     0.19388094
     0.19323944
     0.19237077
     0.19150507
     0.19064235
     0.19002188
     0.18948153
     0.18894237
     0.18840438
     0.18786757
     0.18733193
     0.18679748
     0.18626419
     0.18573208
     0.18489277
     0.18294200
     0.18161546
     0.18314428
     0.18468307
     0.18623184
     0.18779061
     0.18935938
     0.19093819
     0.19252702
     0.19412591
     0.19573486
     0.19735387
     0.19898297
     0.20062215
     0.20227143
     0.20393080
     0.20560028
     0.20720126
     0.20798985
     0.20712197
     0.20560378
     0.20409384
     0.20251794
     0.20081841
     0.19912959
     0.19745145
     0.19578400
     0.19191919
     0.18181818
     0.17171717
     0.16161616
     0.15151515
     0.14141414
     0.13131313
     0.12121212
     0.11111111
     0.10101010
     0.09090909
     0.08080808
     0.07070707
     0.06060606
     0.05050505
     0.04040404
     0.03030303
     0.02020202
     0.01010101
     0.00000000
     0.00000000
     0.00000000
     0.00000000
     0.00000000
     0.00000000
     0.00000000
     0.00000000
     0.00000000
     0.00000000
     0.00000000
     0.00000000
     0.00000000
     0.20739988
     0.20701944
     0.20663953
     0.20626013
     0.20588124
     0.20550287
     0.20512502
     0.20474768
     0.20437086
     0.20399455
     0.20361876
     0.20324349
     0.20286873
     0.20249448
     0.20212075
     0.20174754
     0.20163878
     0.20121329
     0.20078847
     0.20036432
     0.19950061
     0.19854841
     0.19759963
     0.19665428
     0.19571234
     0.19477383
     0.19399021
     0.19349558
     0.19268415
     0.19181738
     0.19106984
     0.19052721
     0.18998577
     0.18944551
     0.18890642
     0.18836851
     0.18783178
     0.18729622
     0.18676184
     0.18622863
     0.18524823
     0.18328723
     0.18244107
     0.18397529
     0.18551947
     0.18707364
     0.18863782
     0.19021202
     0.19179625
     0.19339052
     0.19499485
     0.19660924
     0.19823370
     0.19986825
     0.20151289
     0.20316763
     0.20483247
     0.20650741
     0.20819247
     0.20857519
     0.20759345
     0.20607270
     0.20456021
     0.20304517
     0.20134233
     0.19965020
     0.19796876
     0.19629801
     0.19191919
     0.18181818
     0.17171717
     0.16161616
     0.15151515
     0.14141414
     0.13131313
     0.12121212
     0.11111111
     0.10101010
     0.09090909
     0.08080808
     0.07070707
     0.06060606
     0.05050505
     0.04040404
     0.03030303
     0.02020202
     0.01010101
     0.00000000
     0.00000000
     0.00000000
     0.00000000
     0.00000000
     0.00000000
     0.00000000
     0.00000000
     0.00000000
     0.00000000
     0.00000000
     0.00000000
     0.00000000
     0.20772205
     0.20734118
     0.20696083
     0.20658099
     0.20620167
     0.20582286
     0.20544458
     0.20506680
     0.20468954
     0.20431280
     0.20393657
     0.20356086
     0.20318567
     0.20281099
     0.20243682
     0.20212157
     0.20189413
     0.20146824
     0.20104301
     0.20048128
     0.19952557
     0.19857328
     0.19762442
     0.19667897
     0.19573695
     0.19479834
     0.19409952
     0.19360468
     0.19299792
     0.19213007
     0.19157730
     0.19103358
     0.19049103
     0.18994967
     0.18940948
     0.18887047
     0.18833264
     0.18779599
     0.18726051
     0.18672621
     0.18559682
     0.18363296
     0.18326960
     0.18480920
     0.18635879
     0.18791837
     0.18948797
     0.19106759
     0.19265725
     0.19425696
     0.19586673
     0.19748657
     0.19911648
     0.20075649
     0.20240659
     0.20406679
     0.20573709
     0.20741751
     0.20910803
     0.20916175
     0.20806573
     0.20654242
     0.20502737
     0.20352059
     0.20186728
     0.20017184
     0.19848709
     0.19671900
     0.19191919
     0.18181818
     0.17171717
     0.16161616
     0.15151515
     0.14141414
     0.13131313
     0.12121212
     0.11111111
     0.10101010
     0.09090909
     0.08080808
     0.07070707
     0.06060606
     0.05050505
     0.04040404
     0.03030303
     0.02020202
     0.01010101
     0.00000000
     0.00000000
     0.00000000
     0.00000000
     0.00000000
     0.00000000
     0.00000000
     0.00000000
     0.00000000
     0.00000000
     0.00000000
     0.00000000
     0.00000000
     0.20804459
     0.20766329
     0.20728250
     0.20690223
     0.20652247
     0.20614323
     0.20576450
     0.20538629
     0.20500860
     0.20463142
     0.20425476
     0.20387861
     0.20350298
     0.20312786
     0.20275326
     0.20253693
     0.20214973
     0.20172343
     0.20129780
     0.20050634
     0.19955054
     0.19859816
     0.19764920
     0.19670367
     0.19576155
     0.19482286
     0.19420888
     0.19371383
     0.19321973
     0.19263180
     0.19208579
     0.19154097
     0.19099732
     0.19045486
     0.18991357
     0.18937346
     0.18883453
     0.18829678
     0.18776021
     0.18722481
     0.18594591
     0.18397919
     0.18410104
     0.18564604
     0.18720104
     0.18876603
     0.19034105
     0.19192610
     0.19352119
     0.19512634
     0.19674155
     0.19836684
     0.20000221
     0.20164768
     0.20330324
     0.20496890
     0.20664468
     0.20833056
     0.20973676
     0.20968131
     0.20853880
     0.20701293
     0.20540125
     0.20365499
     0.20182833
     0.19989898
     0.19798350
     0.19608187
     0.19191919
     0.18181818
     0.17171717
     0.16161616
     0.15151515
     0.14141414
     0.13131313
     0.12121212
     0.11111111
     0.10101010
     0.09090909
     0.08080808
     0.07070707
     0.06060606
     0.05050505
     0.04040404
     0.03030303
     0.02020202
     0.01010101
     0.00000000
     0.00000000
     0.00000000
     0.00000000
     0.00000000
     0.00000000
     0.00000000
     0.00000000
     0.00000000
     0.00000000
     0.00000000
     0.00000000
     0.00000000
     0.20836751
     0.20798576
     0.20760454
     0.20722383
     0.20684364
     0.20646396
     0.20608480
     0.20570615
     0.20532802
     0.20495040
     0.20457331
     0.20419672
     0.20382065
     0.20344510
     0.20307007
     0.20283294
     0.20240556
     0.20197886
     0.20149071
     0.20053140
     0.19957550
     0.19862304
     0.19767399
     0.19672837
     0.19578616
     0.19484738
     0.19431828
     0.19382302
     0.19344591
     0.19314242
     0.19259531
     0.19204939
     0.19150464
     0.19096107
     0.19041869
     0.18987748
     0.18933745
     0.18879860
     0.18826093
     0.18772443
     0.18629551
     0.18432593
     0.18493541
     0.18648581
     0.18804621
     0.18961662
     0.19119706
     0.19278754
     0.19438807
     0.19599866
     0.19761932
     0.19925007
     0.20089090
     0.20254182
     0.20420285
     0.20587398
     0.20755521
     0.20914251
     0.20992922
     0.20963699
     0.20815836
     0.20643199
     0.20467922
     0.20293754
     0.20117879
     0.19925410
     0.19734327
     0.19544630
     0.19191919
     0.18181818
     0.17171717
     0.16161616
     0.15151515
     0.14141414
     0.13131313
     0.12121212
     0.11111111
     0.10101010
     0.09090909
     0.08080808
     0.07070707
     0.06060606
     0.05050505
     0.04040404
     0.03030303
     0.02020202
     0.01010101
     0.00000000
     0.00000000
     0.00000000
     0.00000000
     0.00000000
     0.00000000
     0.00000000
     0.00000000
     0.00000000
     0.00000000
     0.00000000
     0.00000000
     0.00000000
     0.20869079
     0.20830861
     0.20792695
     0.20754580
     0.20716517
     0.20678506
     0.20640546
     0.20602638
     0.20564781
     0.20526976
     0.20489222
     0.20451520
     0.20413870
     0.20376271
     0.20341188
     0.20308942
     0.20266164
     0.20223453
     0.20151586
     0.20055645
     0.19960047
     0.19864792
     0.19769878
     0.19675307
     0.19581078
     0.19492417
     0.19442773
     0.19402837
     0.19378912
     0.19355009
     0.19310586
     0.19255883
     0.19201299
     0.19146832
     0.19092483
     0.19038252
     0.18984139
     0.18930144
     0.18876267
     0.18809081
     0.18664562
     0.18467318
     0.18577269
     0.18732849
     0.18889431
     0.19047014
     0.19205601
     0.19365193
     0.19525790
     0.19687393
     0.19850005
     0.20013624
     0.20168464
     0.20307318
     0.20446883
     0.20587160
     0.20728149
     0.20869849
     0.20926827
     0.20897672
     0.20738979
     0.20570728
     0.20395909
     0.20222197
     0.20049592
     0.19861079
     0.19670462
     0.19481229
     0.19191919
     0.18181818
     0.17171717
     0.16161616
     0.15151515
     0.14141414
     0.13131313
     0.12121212
     0.11111111
     0.10101010
     0.09090909
     0.08080808
     0.07070707
     0.06060606
     0.05050505
     0.04040404
     0.03030303
     0.02020202
     0.01010101
     0.00000000
     0.00000000
     0.00000000
     0.00000000
     0.00000000
     0.00000000
     0.00000000
     0.00000000
     0.00000000
     0.00000000
     0.00000000
     0.00000000
     0.00000000
     0.20901444
     0.20863182
     0.20824973
     0.20786814
     0.20748708
     0.20710653
     0.20672649
     0.20634697
     0.20596797
     0.20558948
     0.20521151
     0.20483406
     0.20445712
     0.20408069
     0.20377499
     0.20334614
     0.20291796
     0.20249045
     0.20154101
     0.20058152
     0.19962544
     0.19867280
     0.19772357
     0.19677777
     0.19583539
     0.19503388
     0.19461216
     0.19437236
     0.19413278
     0.19389343
     0.19361744
     0.19306931
     0.19252236
     0.19197659
     0.19143200
     0.19088859
     0.19034636
     0.18980531
     0.18926544
     0.18841751
     0.18699623
     0.18506167
     0.18661289
     0.18817411
     0.18974534
     0.19132660
     0.19291790
     0.19442732
     0.19577815
     0.19713607
     0.19850109
     0.19987320
     0.20125242
     0.20263874
     0.20403218
     0.20543272
     0.20684038
     0.20825516
     0.20860886
     0.20830267
     0.20662332
     0.20495401
     0.20324084
     0.20150829
     0.19978681
     0.19796904
     0.19606752
     0.19417984
     0.19191919
     0.18181818
     0.17171717
     0.16161616
     0.15151515
     0.14141414
     0.13131313
     0.12121212
     0.11111111
     0.10101010
     0.09090909
     0.08080808
     0.07070707
     0.06060606
     0.05050505
     0.04040404
     0.03030303
     0.02020202
     0.01010101
     0.00000000
     0.00000000
     0.00000000
     0.00000000
     0.00000000
     0.00000000
     0.00000000
     0.00000000
     0.00000000
     0.00000000
     0.00000000
     0.00000000
     0.00000000
     0.20933846
     0.20895541
     0.20857287
     0.20819085
     0.20780935
     0.20742836
     0.20704789
     0.20666794
     0.20628850
     0.20590958
     0.20553117
     0.20515328
     0.20477590
     0.20439904
     0.20403236
     0.20360310
     0.20317451
     0.20252918
     0.20156617
     0.20060658
     0.19965042
     0.19869768
     0.19774837
     0.19680248
     0.19586001
     0.19519728
     0.19495693
     0.19471681
     0.19447691
     0.19423724
     0.19399779
     0.19358081
     0.19303276
     0.19248589
     0.19194020
     0.19139569
     0.19085236
     0.19031021
     0.18976924
     0.18874465
     0.18734735
     0.18589939
     0.18736986
     0.18868314
     0.19000348
     0.19133087
     0.19266534
     0.19400688
     0.19535550
     0.19671120
     0.19807400
     0.19944390
     0.20082089
     0.20220500
     0.20359621
     0.20499454
     0.20639998
     0.20781253
     0.20795097
     0.20753370
     0.20585894
     0.20419422
     0.20252448
     0.20079650
     0.19907958
     0.19732885
     0.19543198
     0.19354895
     0.19167974
     0.18181818
     0.17171717
     0.16161616
     0.15151515
     0.14141414
     0.13131313
     0.12121212
     0.11111111
     0.10101010
     0.09090909
     0.08080808
     0.07070707
     0.06060606
     0.05050505
     0.04040404
     0.03030303
     0.02020202
     0.01010101
     0.00000000
     0.00000000
     0.00000000
     0.00000000
     0.00000000
     0.00000000
     0.00000000
     0.00000000
     0.00000000
     0.00000000
     0.00000000
     0.00000000
     0.00000000
     0.20966285
     0.20927936
     0.20889639
     0.20851393
     0.20813200
     0.20775057
     0.20736966
     0.20698927
     0.20660940
     0.20623004
     0.20585119
     0.20547287
     0.20509505
     0.20471776
     0.20428996
     0.20386030
     0.20343132
     0.20255443
     0.20159132
     0.20063165
     0.19967540
     0.19872257
     0.19777317
     0.19682718
     0.19593286
     0.19554284
     0.19530217
     0.19506172
     0.19482151
     0.19458151
     0.19434174
     0.19409334
     0.19354419
     0.19299622
     0.19244942
     0.19190381
     0.19135938
     0.19073985
     0.18996745
     0.18857124
     0.18696397
     0.18565709
     0.18696113
     0.18827221
     0.18959035
     0.19091554
     0.19224779
     0.19358712
     0.19493353
     0.19628702
     0.19764761
     0.19901528
     0.20039006
     0.20177195
     0.20316094
     0.20455704
     0.20596026
     0.20737059
     0.20729462
     0.20676684
     0.20509667
     0.20343652
     0.20178641
     0.20008659
     0.19837423
     0.19667293
     0.19479801
     0.19291962
     0.19105505
     0.18181818
     0.17171717
     0.16161616
     0.15151515
     0.14141414
     0.13131313
     0.12121212
     0.11111111
     0.10101010
     0.09090909
     0.08080808
     0.07070707
     0.06060606
     0.05050505
     0.04040404
     0.03030303
     0.02020202
     0.01010101
     0.00000000
     0.00000000
     0.00000000
     0.00000000
     0.00000000
     0.00000000
     0.00000000
     0.00000000
     0.00000000
     0.00000000
     0.00000000
     0.00000000
     0.00000000
     0.20998761
     0.20960368
     0.20922028
     0.20883738
     0.20845501
     0.20807315
     0.20769180
     0.20731098
     0.20693067
     0.20655087
     0.20617159
     0.20579282
     0.20541458
     0.20497855
     0.20454781
     0.20411775
     0.20354630
     0.20257967
     0.20161648
     0.20065671
     0.19970037
     0.19874746
     0.19779797
     0.19692160
     0.19618355
     0.19588886
     0.19564787
     0.19540710
     0.19516656
     0.19492624
     0.19468615
     0.19444628
     0.19398237
     0.19319998
     0.19241999
     0.19164240
     0.19086721
     0.19009441
     0.18932402
     0.18782824
     0.18621682
     0.18525125
     0.18655309
     0.18786198
     0.18917791
     0.19050089
     0.19183094
     0.19316806
     0.19451226
     0.19586353
     0.19722190
     0.19858736
     0.19995993
     0.20133959
     0.20272636
     0.20412024
     0.20552124
     0.20692894
     0.20663980
     0.20600207
     0.20433648
     0.20268093
     0.20103539
     0.19937856
     0.19767077
     0.19597402
     0.19416560
     0.19229185
     0.19043191
     0.18181818
     0.17171717
     0.16161616
     0.15151515
     0.14141414
     0.13131313
     0.12121212
     0.11111111
     0.10101010
     0.09090909
     0.08080808
     0.07070707
     0.06060606
     0.05050505
     0.04040404
     0.03030303
     0.02020202
     0.01010101
     0.00000000
     0.00000000
     0.00000000
     0.00000000
     0.00000000
     0.00000000
     0.00000000
     0.00000000
     0.00000000
     0.00000000
     0.00000000
     0.00000000
     0.00000000
     0.21031273
     0.20992837
     0.20954453
     0.20916120
     0.20877839
     0.20839609
     0.20801431
     0.20763305
     0.20725230
     0.20687207
     0.20649235
     0.20611315
     0.20573447
     0.20523704
     0.20480590
     0.20437544
     0.20357164
     0.20260492
     0.20164164
     0.20068179
     0.19972536
     0.19877235
     0.19791410
     0.19717325
     0.19647688
     0.19623534
     0.19599403
     0.19568118
     0.19520507
     0.19472984
     0.19425548
     0.19378200
     0.19330940
     0.19254820
     0.19177021
     0.19099463
     0.19022144
     0.18945065
     0.18866602
     0.18708750
     0.18547197
     0.18484610
     0.18614574
     0.18745243
     0.18876615
     0.19008694
     0.19141478
     0.19274969
     0.19409167
     0.19544074
     0.19679689
     0.19816014
     0.19953048
     0.20090793
     0.20229248
     0.20368414
     0.20508291
     0.20627498
     0.20598651
     0.20523940
     0.20357840
     0.20192742
     0.20028647
     0.19865553
     0.19696919
     0.19527700
     0.19353474
     0.19166564
     0.18981033
     0.18181818
     0.17171717
     0.16161616
     0.15151515
     0.14141414
     0.13131313
     0.12121212
     0.11111111
     0.10101010
     0.09090909
     0.08080808
     0.07070707
     0.06060606
     0.05050505
     0.04040404
     0.03030303
     0.02020202
     0.01010101
     0.00000000
     0.00000000
     0.00000000
     0.00000000
     0.00000000
     0.00000000
     0.00000000
     0.00000000
     0.00000000
     0.00000000
     0.00000000
     0.00000000
     0.00000000
     0.21063823
     0.21025343
     0.20986915
     0.20948539
     0.20910214
     0.20871941
     0.20833719
     0.20795549
     0.20757431
     0.20719364
     0.20681349
     0.20643385
     0.20595928
     0.20549578
     0.20506424
     0.20456721
     0.20359698
     0.20263018
     0.20166680
     0.20070686
     0.19975034
     0.19891036
     0.19810040
     0.19713253
     0.19628230
     0.19580509
     0.19532875
     0.19485329
     0.19437871
     0.19390500
     0.19343217
     0.19296022
     0.19248915
     0.19189809
     0.19112211
     0.19034853
     0.18957735
     0.18880856
     0.18792274
     0.18634901
     0.18472942
     0.18444163
     0.18573908
     0.18704356
     0.18835509
     0.18967367
     0.19099930
     0.19233200
     0.19367178
     0.19501863
     0.19637257
     0.19773360
     0.19910173
     0.20047696
     0.20185929
     0.20324873
     0.20464528
     0.20562254
     0.20533475
     0.20447882
     0.20282241
     0.20117601
     0.19953964
     0.19791328
     0.19626949
     0.19458185
     0.19290524
     0.19104098
     0.18916825
     0.18181818
     0.17171717
     0.16161616
     0.15151515
     0.14141414
     0.13131313
     0.12121212
     0.11111111
     0.10101010
     0.09090909
     0.08080808
     0.07070707
     0.06060606
     0.05050505
     0.04040404
     0.03030303
     0.02020202
     0.01010101
     0.00000000
     0.00000000
     0.00000000
     0.00000000
     0.00000000
     0.00000000
     0.00000000
     0.00000000
     0.00000000
     0.00000000
     0.00000000
     0.00000000
     0.00000000
     0.21096410
     0.21057886
     0.21019415
     0.20980995
     0.20942626
     0.20904309
     0.20866044
     0.20827830
     0.20789668
     0.20751558
     0.20713499
     0.20675491
     0.20618737
     0.20575475
     0.20532281
     0.20459264
     0.20362232
     0.20259283
     0.20140611
     0.20022459
     0.19916124
     0.19818947
     0.19722127
     0.19625665
     0.19545249
     0.19497680
     0.19450199
     0.19402806
     0.19355500
     0.19308282
     0.19261152
     0.19214109
     0.19167155
     0.19120287
     0.19047569
     0.18970411
     0.18893492
     0.18816814
     0.18718171
     0.18561277
     0.18398918
     0.18403784
     0.18533310
     0.18663539
     0.18794471
     0.18926109
     0.19058452
     0.19191501
     0.19325258
     0.19459722
     0.19594895
     0.19730776
     0.19867367
     0.20004668
     0.20142679
     0.20281401
     0.20420834
     0.20497164
     0.20468453
     0.20372034
     0.20206851
     0.20042670
     0.19879490
     0.19717312
     0.19556133
     0.19388858
     0.19221652
     0.19041788
     0.18847874
     0.18181818
     0.17171717
     0.16161616
     0.15151515
     0.14141414
     0.13131313
     0.12121212
     0.11111111
     0.10101010
     0.09090909
     0.08080808
     0.07070707
     0.06060606
     0.05050505
     0.04040404
     0.03030303
     0.02020202
     0.01010101
     0.00000000
     0.00000000
     0.00000000
     0.00000000
     0.00000000
     0.00000000
     0.00000000
     0.00000000
     0.00000000
     0.00000000
     0.00000000
     0.00000000
     0.00000000
     0.21129033
     0.21090466
     0.21051951
     0.21013487
     0.20975075
     0.20936714
     0.20898406
     0.20860148
     0.20821942
     0.20783788
     0.20745686
     0.20700874
     0.20638807
     0.20573423
     0.20507834
     0.20388078
     0.20268843
     0.20150129
     0.20031936
     0.19925066
     0.19827856
     0.19731004
     0.19634509
     0.19538371
     0.19462534
     0.19415117
     0.19367789
     0.19320548
     0.19273395
     0.19226330
     0.19179352
     0.19132462
     0.19085659
     0.19038944
     0.18983093
     0.18906136
     0.18829417
     0.18752939
     0.18644294
     0.18487878
     0.18325123
     0.18363475
     0.18492781
     0.18622790
     0.18753502
     0.18884920
     0.19017042
     0.19149871
     0.19283407
     0.19417650
     0.19552601
     0.19688261
     0.19824630
     0.19961709
     0.20099499
     0.20237999
     0.20377210
     0.20432227
     0.20403583
     0.20296396
     0.20131671
     0.19967948
     0.19805226
     0.19643505
     0.19482783
     0.19319719
     0.19152968
     0.18979633
     0.18779117
     0.18181818
     0.17171717
     0.16161616
     0.15151515
     0.14141414
     0.13131313
     0.12121212
     0.11111111
     0.10101010
     0.09090909
     0.08080808
     0.07070707
     0.06060606
     0.05050505
     0.04040404
     0.03030303
     0.02020202
     0.01010101
     0.00000000
     0.00000000
     0.00000000
     0.00000000
     0.00000000
     0.00000000
     0.00000000
     0.00000000
     0.00000000
     0.00000000
     0.00000000
     0.00000000
     0.00000000
     0.21161694
     0.21123083
     0.21084524
     0.21046017
     0.21007561
     0.20969157
     0.20930804
     0.20886827
     0.20826233
     0.20765768
     0.20705433
     0.20625443
     0.20554518
     0.20489332
     0.20397684
     0.20278407
     0.20159651
     0.20041416
     0.19934012
     0.19836769
     0.19739884
     0.19643356
     0.19547185
     0.19451371
     0.19380084
     0.19332820
     0.19285644
     0.19238556
     0.19191556
     0.19144643
     0.19097817
     0.19051080
     0.19004429
     0.18957867
     0.18911391
     0.18842028
     0.18765509
     0.18689230
     0.18570641
     0.18414703
     0.18251558
     0.18323233
     0.18452320
     0.18582109
     0.18712602
     0.18843799
     0.18975702
     0.19108310
     0.19241624
     0.19375646
     0.19510376
     0.19645815
     0.19781963
     0.19918820
     0.20056388
     0.20194666
     0.20333654
     0.20367442
     0.20338866
     0.20220967
     0.20056700
     0.19893435
     0.19731170
     0.19569906
     0.19409642
     0.19250375
     0.19084471
     0.18917634
     0.18710552
     0.18181818
     0.17171717
     0.16161616
     0.15151515
     0.14141414
     0.13131313
     0.12121212
     0.11111111
     0.10101010
     0.09090909
     0.08080808
     0.07070707
     0.06060606
     0.05050505
     0.04040404
     0.03030303
     0.02020202
     0.01010101
     0.00000000
     0.00000000
     0.00000000
     0.00000000
     0.00000000
     0.00000000
     0.00000000
     0.00000000
     0.00000000
     0.00000000
     0.00000000
     0.00000000
     0.00000000
     0.21194391
     0.21155737
     0.21111702
     0.21050628
     0.20989685
     0.20928871
     0.20868186
     0.20807632
     0.20747207
     0.20686912
     0.20623324
     0.20535625
     0.20470484
     0.20405497
     0.20287974
     0.20169176
     0.20050899
     0.19942960
     0.19845685
     0.19748767
     0.19652206
     0.19556002
     0.19460155
     0.19364665
     0.19297899
     0.19250788
     0.19203765
     0.19156830
     0.19109981
     0.19063221
     0.19016548
     0.18969962
     0.18923464
     0.18877054
     0.18830730
     0.18778087
     0.18701768
     0.18625689
     0.18497213
     0.18341753
     0.18178223
     0.18283060
     0.18411928
     0.18541498
     0.18671771
     0.18802748
     0.18934430
     0.19066817
     0.19199911
     0.19333712
     0.19468221
     0.19603438
     0.19739365
     0.19876000
     0.20013346
     0.20151402
     0.20290169
     0.20302811
     0.20274302
     0.20145748
     0.19981939
     0.19819131
     0.19657324
     0.19496517
     0.19336709
     0.19177898
     0.19016161
     0.18851418
     0.18642180
     0.18181818
     0.17171717
     0.16161616
     0.15151515
     0.14141414
     0.13131313
     0.12121212
     0.11111111
     0.10101010
     0.09090909
     0.08080808
     0.07070707
     0.06060606
     0.05050505
     0.04040404
     0.03030303
     0.02020202
     0.01010101
     0.00000000
     0.00000000
     0.00000000
     0.00000000
     0.00000000
     0.00000000
     0.00000000
     0.00000000
     0.00000000
     0.00000000
     0.00000000
     0.00000000
     0.00000000
     0.21154077
     0.21092914
     0.21031880
     0.20970977
     0.20910202
     0.20849558
     0.20789043
     0.20728658
     0.20668403
     0.20608277
     0.20531919
     0.20451649
     0.20386706
     0.20297545
     0.20178705
     0.20060386
     0.19951912
     0.19854603
     0.19757652
     0.19661059
     0.19564822
     0.19468943
     0.19373420
     0.19278253
     0.19215981
     0.19169022
     0.19122151
     0.19075368
     0.19028672
     0.18982064
     0.18935543
     0.18889110
     0.18842764
     0.18796505
     0.18750334
     0.18704250
     0.18638194
     0.18562314
     0.18424010
     0.18269027
     0.18115008
     0.18242956
     0.18371604
     0.18500955
     0.18631008
     0.18761765
     0.18893227
     0.19025394
     0.19158267
     0.19291847
     0.19426135
     0.19561131
     0.19696835
     0.19833250
     0.19970373
     0.20108207
     0.20246752
     0.20238333
     0.20209892
     0.20070738
     0.19907387
     0.19745037
     0.19583687
     0.19423336
     0.19263984
     0.19105630
     0.18948038
     0.18782099
     0.18574001
     0.18181818
     0.17171717
     0.16161616
     0.15151515
     0.14141414
     0.13131313
     0.12121212
     0.11111111
     0.10101010
     0.09090909
     0.08080808
     0.07070707
     0.06060606
     0.05050505
     0.04040404
     0.03030303
     0.02020202
     0.01010101
     0.00000000
     0.00000000
     0.00000000
     0.00000000
     0.00000000
     0.00000000
     0.00000000
     0.00000000
     0.00000000
     0.00000000
     0.00000000
     0.00000000
     0.00000000
     0.21074138
     0.21013144
     0.20952281
     0.20891546
     0.20830942
     0.20770467
     0.20710122
     0.20649906
     0.20589820
     0.20529807
     0.20440814
     0.20367928
     0.20303183
     0.20188237
     0.20069876
     0.19960866
     0.19863525
     0.19766541
     0.19669915
     0.19573646
     0.19477733
     0.19382178
     0.19286978
     0.19192136
     0.19134327
     0.19087521
     0.19040803
     0.18994172
     0.18947628
     0.18901172
     0.18854803
     0.18808522
     0.18762328
     0.18716221
     0.18670202
     0.18624270
     0.18574787
     0.18499106
     0.18351031
     0.18196526
     0.18075191
     0.18202919
     0.18331349
     0.18460480
     0.18590314
     0.18720851
     0.18852092
     0.18984039
     0.19116692
     0.19250051
     0.19384118
     0.19518892
     0.19654376
     0.19790568
     0.19927470
     0.20065082
     0.20202410
     0.20174007
     0.20145634
     0.19995937
     0.19833044
     0.19671151
     0.19510258
     0.19350364
     0.19191469
     0.19033569
     0.18876666
     0.18708155
     0.18506014
     0.18181818
     0.17171717
     0.16161616
     0.15151515
     0.14141414
     0.13131313
     0.12121212
     0.11111111
     0.10101010
     0.09090909
     0.08080808
     0.07070707
     0.06060606
     0.05050505
     0.04040404
     0.03030303
     0.02020202
     0.01010101
     0.00000000
     0.00000000
     0.00000000
     0.00000000
     0.00000000
     0.00000000
     0.00000000
     0.00000000
     0.00000000
     0.00000000
     0.00000000
     0.00000000
     0.00000000
     0.20994421
     0.20933597
     0.20872903
     0.20812338
     0.20751903
     0.20691597
     0.20631422
     0.20571375
     0.20511459
     0.20438709
     0.20350010
     0.20284463
     0.20197772
     0.20079370
     0.19969824
     0.19872450
     0.19775433
     0.19678774
     0.19582472
     0.19486527
     0.19390938
     0.19295706
     0.19200831
     0.19106311
     0.19052939
     0.19006285
     0.18959719
     0.18913240
     0.18866849
     0.18820544
     0.18774328
     0.18728198
     0.18682156
     0.18636201
     0.18590334
     0.18544553
     0.18498860
     0.18433320
     0.18278277
     0.18124248
     0.18035441
     0.18162952
     0.18291162
     0.18420074
     0.18549688
     0.18680006
     0.18811027
     0.18942753
     0.19075185
     0.19208324
     0.19342170
     0.19476723
     0.19611985
     0.19747956
     0.19884636
     0.20022027
     0.20138170
     0.20109835
     0.20081529
     0.19921346
     0.19758910
     0.19597474
     0.19437038
     0.19277601
     0.19119161
     0.18961717
     0.18805269
     0.18634436
     0.18437645
     0.18181818
     0.17171717
     0.16161616
     0.15151515
     0.14141414
     0.13131313
     0.12121212
     0.11111111
     0.10101010
     0.09090909
     0.08080808
     0.07070707
     0.06060606
     0.05050505
     0.04040404
     0.03030303
     0.02020202
     0.01010101
     0.00000000
     0.00000000
     0.00000000
     0.00000000
     0.00000000
     0.00000000
     0.00000000
     0.00000000
     0.00000000
     0.00000000
     0.00000000
     0.00000000
     0.00000000
     0.20914926
     0.20854271
     0.20793746
     0.20733351
     0.20673085
     0.20612950
     0.20552943
     0.20493066
     0.20433319
     0.20347912
     0.20265755
     0.20201253
     0.20088867
     0.19978784
     0.19881377
     0.19784328
     0.19687636
     0.19591301
     0.19495323
     0.19399702
     0.19304437
     0.19209529
     0.19114977
     0.19020781
     0.18971815
     0.18925314
     0.18878900
     0.18832573
     0.18786334
     0.18740182
     0.18694117
     0.18648139
     0.18602249
     0.18556446
     0.18510730
     0.18465101
     0.18419559
     0.18360313
     0.18205746
     0.18052194
     0.17995760
     0.18123052
     0.18251044
     0.18379737
     0.18509131
     0.18639229
     0.18770030
     0.18901536
     0.19033748
     0.19166666
     0.19300291
     0.19434623
     0.19569663
     0.19705413
     0.19841872
     0.19979040
     0.20074083
     0.20045815
     0.20009943
     0.19846964
     0.19684985
     0.19524007
     0.19364027
     0.19205046
     0.19047062
     0.18890073
     0.18734079
     0.18558159
     0.18368209
     0.18181818
     0.17171717
     0.16161616
     0.15151515
     0.14141414
     0.13131313
     0.12121212
     0.11111111
     0.10101010
     0.09090909
     0.08080808
     0.07070707
     0.06060606
     0.05050505
     0.04040404
     0.03030303
     0.02020202
     0.01010101
     0.00000000
     0.00000000
     0.00000000
     0.00000000
     0.00000000
     0.00000000
     0.00000000
     0.00000000
     0.00000000
     0.00000000
     0.00000000
     0.00000000
     0.00000000
     0.20835652
     0.20775167
     0.20714811
     0.20654586
     0.20594490
     0.20534523
     0.20474686
     0.20414979
     0.20345814
     0.20257416
     0.20182602
     0.20098367
     0.19987748
     0.19890308
     0.19793226
     0.19696501
     0.19600133
     0.19504123
     0.19408469
     0.19313172
     0.19218231
     0.19123646
     0.19029417
     0.18937394
     0.18890957
     0.18844607
     0.18798345
     0.18752170
     0.18706083
     0.18660083
     0.18614170
     0.18568344
     0.18522605
     0.18476954
     0.18431389
     0.18385912
     0.18340521
     0.18265543
     0.18133440
     0.17980363
     0.17956148
     0.18083221
     0.18210994
     0.18339468
     0.18468643
     0.18598521
     0.18729102
     0.18860388
     0.18992380
     0.19125077
     0.19258481
     0.19392592
     0.19527411
     0.19662939
     0.19799176
     0.19936123
     0.20010149
     0.19981948
     0.19935312
     0.19772791
     0.19611270
     0.19450748
     0.19291225
     0.19132699
     0.18975170
     0.18818637
     0.18663097
     0.18481287
     0.18298977
     0.18171278
     0.17171717
     0.16161616
     0.15151515
     0.14141414
     0.13131313
     0.12121212
     0.11111111
     0.10101010
     0.09090909
     0.08080808
     0.07070707
     0.06060606
     0.05050505
     0.04040404
     0.03030303
     0.02020202
     0.01010101
     0.00000000
     0.00000000
     0.00000000
     0.00000000
     0.00000000
     0.00000000
     0.00000000
     0.00000000
     0.00000000
     0.00000000
     0.00000000
     0.00000000
     0.00000000
     0.20756600
     0.20696284
     0.20636098
     0.20576042
     0.20516115
     0.20456318
     0.20396651
     0.20337113
     0.20255325
     0.20167220
     0.20099705
     0.19996714
     0.19899242
     0.19802127
     0.19705369
     0.19608969
     0.19512925
     0.19417239
     0.19321909
     0.19226935
     0.19132317
     0.19038055
     0.18944149
     0.18856648
     0.18810363
     0.18764165
     0.18718055
     0.18672032
     0.18626097
     0.18580248
     0.18534487
     0.18488813
     0.18443225
     0.18397725
     0.18352312
     0.18306986
     0.18261747
     0.18169846
     0.18058827
     0.17908756
     0.17916603
     0.18043458
     0.18171012
     0.18299267
     0.18428223
     0.18557882
     0.18688243
     0.18819309
     0.18951080
     0.19083556
     0.19216740
     0.19350630
     0.19485228
     0.19620534
     0.19756550
     0.19893275
     0.19946367
     0.19918234
     0.19860891
     0.19698827
     0.19537763
     0.19377698
     0.19218631
     0.19060561
     0.18903487
     0.18747408
     0.18592322
     0.18404660
     0.18228538
     0.18106933
     0.17171717
     0.16161616
     0.15151515
     0.14141414
     0.13131313
     0.12121212
     0.11111111
     0.10101010
     0.09090909
     0.08080808
     0.07070707
     0.06060606
     0.05050505
     0.04040404
     0.03030303
     0.02020202
     0.01010101
     0.00000000
     0.00000000
     0.00000000
     0.00000000
     0.00000000
     0.00000000
     0.00000000
     0.00000000
     0.00000000
     0.00000000
     0.00000000
     0.00000000
     0.00000000
     0.20677769
     0.20617623
     0.20557607
     0.20497720
     0.20437962
     0.20378335
     0.20318837
     0.20253234
     0.20165136
     0.20081124
     0.20005684
     0.19908179
     0.19811031
     0.19714240
     0.19617807
     0.19521731
     0.19426011
     0.19330649
     0.19235642
     0.19140992
     0.19046697
     0.18952759
     0.18859175
     0.18776166
     0.18730033
     0.18683988
     0.18638029
     0.18592158
     0.18546374
     0.18500677
     0.18455068
     0.18409545
     0.18364109
     0.18318760
     0.18273499
     0.18228324
     0.18183235
     0.18074540
     0.17963975
     0.17837372
     0.17877126
     0.18003763
     0.18131099
     0.18259135
     0.18387872
     0.18517311
     0.18647453
     0.18778299
     0.18909849
     0.19042105
     0.19175067
     0.19308737
     0.19443114
     0.19578199
     0.19713993
     0.19850497
     0.19882738
     0.19854673
     0.19786679
     0.19625072
     0.19464465
     0.19304856
     0.19146245
     0.18988631
     0.18832012
     0.18676387
     0.18518160
     0.18328280
     0.18156362
     0.18038468
     0.17171717
     0.16161616
     0.15151515
     0.14141414
     0.13131313
     0.12121212
     0.11111111
     0.10101010
     0.09090909
     0.08080808
     0.07070707
     0.06060606
     0.05050505
     0.04040404
     0.03030303
     0.02020202
     0.01010101
     0.00000000
     0.00000000
     0.00000000
     0.00000000
     0.00000000
     0.00000000
     0.00000000
     0.00000000
     0.00000000
     0.00000000
     0.00000000
     0.00000000
     0.00000000
     0.20599160
     0.20539183
     0.20479336
     0.20419619
     0.20360031
     0.20300573
     0.20241244
     0.20163053
     0.20075248
     0.20005278
     0.19917118
     0.19819938
     0.19723114
     0.19626648
     0.19530539
     0.19434787
     0.19339392
     0.19244352
     0.19149669
     0.19055342
     0.18961371
     0.18867755
     0.18774494
     0.18695949
     0.18649968
     0.18604074
     0.18558268
     0.18512548
     0.18466916
     0.18421370
     0.18375912
     0.18330541
     0.18285256
     0.18240059
     0.18194948
     0.18149924
     0.18090264
     0.17979624
     0.17869513
     0.17759930
     0.17837718
     0.17964136
     0.18091254
     0.18219071
     0.18347589
     0.18476809
     0.18606731
     0.18737357
     0.18868687
     0.19000723
     0.19133464
     0.19266913
     0.19401069
     0.19535933
     0.19671505
     0.19807787
     0.19819262
     0.19791264
     0.19712676
     0.19551526
     0.19391375
     0.19232223
     0.19074068
     0.18916909
     0.18760744
     0.18605573
     0.18441416
     0.18252146
     0.18084407
     0.17970204
     0.17171717
     0.16161616
     0.15151515
     0.14141414
     0.13131313
     0.12121212
     0.11111111
     0.10101010
     0.09090909
     0.08080808
     0.07070707
     0.06060606
     0.05050505
     0.04040404
     0.03030303
     0.02020202
     0.01010101
     0.00000000
     0.00000000
     0.00000000
     0.00000000
     0.00000000
     0.00000000
     0.00000000
     0.00000000
     0.00000000
     0.00000000
     0.00000000
     0.00000000
     0.00000000
     0.20520772
     0.20460965
     0.20401288
     0.20341740
     0.20282321
     0.20223032
     0.20160969
     0.20073171
     0.19995449
     0.19926061
     0.19828848
     0.19731992
     0.19635493
     0.19539351
     0.19443566
     0.19348138
     0.19253066
     0.19158350
     0.19063990
     0.18969986
     0.18876338
     0.18783044
     0.18690106
     0.18615996
     0.18570167
     0.18524425
     0.18478770
     0.18433202
     0.18387721
     0.18342327
     0.18297020
     0.18251800
     0.18206666
     0.18161620
     0.18116660
     0.18071787
     0.17995284
     0.17885097
     0.17775440
     0.17666310
     0.17798377
     0.17924578
     0.18051477
     0.18179076
     0.18307374
     0.18436375
     0.18566078
     0.18696484
     0.18827594
     0.18959409
     0.19091930
     0.19225158
     0.19359093
     0.19493736
     0.19629087
     0.19765147
     0.19755939
     0.19728008
     0.19638882
     0.19478189
     0.19318495
     0.19159798
     0.19002099
     0.18845394
     0.18689684
     0.18534967
     0.18364918
     0.18176258
     0.18012675
     0.17902143
     0.17171717
     0.16161616
     0.15151515
     0.14141414
     0.13131313
     0.12121212
     0.11111111
     0.10101010
     0.09090909
     0.08080808
     0.07070707
     0.06060606
     0.05050505
     0.04040404
     0.03030303
     0.02020202
     0.01010101
     0.00000000
     0.00000000
     0.00000000
     0.00000000
     0.00000000
     0.00000000
     0.00000000
     0.00000000
     0.00000000
     0.00000000
     0.00000000
     0.00000000
     0.00000000
     0.20442606
     0.20382969
     0.20323460
     0.20264082
     0.20204833
     0.20145713
     0.20075445
     0.19998639
     0.19923722
     0.19837761
     0.19740872
     0.19644340
     0.19548165
     0.19452348
     0.19356887
     0.19261782
     0.19167034
     0.19072641
     0.18978605
     0.18884923
     0.18791597
     0.18698626
     0.18606009
     0.18536307
     0.18490629
     0.18445039
     0.18399535
     0.18354119
     0.18308789
     0.18263546
     0.18218390
     0.18173321
     0.18128339
     0.18083444
     0.18038635
     0.17993913
     0.17900693
     0.17790960
     0.17681755
     0.17577890
     0.17757426
     0.17885088
     0.18011769
     0.18139148
     0.18267229
     0.18396010
     0.18525493
     0.18655679
     0.18786570
     0.18918165
     0.19050465
     0.19183472
     0.19317186
     0.19451607
     0.19586737
     0.19720661
     0.19692768
     0.19664905
     0.19565296
     0.19405060
     0.19245823
     0.19087582
     0.18930337
     0.18774088
     0.18618831
     0.18464567
     0.18288666
     0.18100616
     0.17941165
     0.17831606
     0.17171717
     0.16161616
     0.15151515
     0.14141414
     0.13131313
     0.12121212
     0.11111111
     0.10101010
     0.09090909
     0.08080808
     0.07070707
     0.06060606
     0.05050505
     0.04040404
     0.03030303
     0.02020202
     0.01010101
     0.00000000
     0.00000000
     0.00000000
     0.00000000
     0.00000000
     0.00000000
     0.00000000
     0.00000000
     0.00000000
     0.00000000
     0.00000000
     0.00000000
     0.00000000
     0.20368168
     0.20309962
     0.20251879
     0.20193920
     0.20136085
     0.20078375
     0.20001830
     0.19925235
     0.19846677
     0.19749755
     0.19653190
     0.19556983
     0.19461133
     0.19365639
     0.19270501
     0.19175720
     0.19081295
     0.18987226
     0.18893512
     0.18800153
     0.18707149
     0.18614500
     0.18522205
     0.18456882
     0.18411356
     0.18365916
     0.18320564
     0.18275299
     0.18230120
     0.18185029
     0.18140024
     0.18095106
     0.18050275
     0.18005530
     0.17960872
     0.17916298
     0.17806491
     0.17697211
     0.17588459
     0.17559070
     0.17714430
     0.17845666
     0.17972128
     0.18099290
     0.18227151
     0.18355713
     0.18484977
     0.18614944
     0.18745614
     0.18876989
     0.19009069
     0.19141855
     0.19275348
     0.19409548
     0.19544457
     0.19657576
     0.19629750
     0.19601954
     0.19491920
     0.19332141
     0.19173359
     0.19015574
     0.18858784
     0.18702989
     0.18548186
     0.18394375
     0.18212660
     0.18025219
     0.17869878
     0.17760659
     0.17171717
     0.16161616
     0.15151515
     0.14141414
     0.13131313
     0.12121212
     0.11111111
     0.10101010
     0.09090909
     0.08080808
     0.07070707
     0.06060606
     0.05050505
     0.04040404
     0.03030303
     0.02020202
     0.01010101
     0.00000000
     0.00000000
     0.00000000
     0.00000000
     0.00000000
     0.00000000
     0.00000000
     0.00000000
     0.00000000
     0.00000000
     0.00000000
     0.00000000
     0.00000000
     0.20302355
     0.20244288
     0.20186346
     0.20128527
     0.20070832
     0.20005021
     0.19928417
     0.19852034
     0.19758641
     0.19662044
     0.19565804
     0.19469920
     0.19374394
     0.19279224
     0.19184410
     0.19089952
     0.18995850
     0.18902104
     0.18808712
     0.18715676
     0.18622994
     0.18530667
     0.18438693
     0.18377720
     0.18332345
     0.18287057
     0.18241856
     0.18196742
     0.18151715
     0.18106774
     0.18061920
     0.18017153
     0.17972473
     0.17927878
     0.17883371
     0.17822032
     0.17712678
     0.17603851
     0.17495550
     0.17539811
     0.17671516
     0.17803997
     0.17932556
     0.18059499
     0.18187142
     0.18315485
     0.18444529
     0.18574276
     0.18704727
     0.18835882
     0.18967741
     0.19100307
     0.19233579
     0.19367559
     0.19502246
     0.19594643
     0.19566884
     0.19539156
     0.19418753
     0.19259429
     0.19101103
     0.18943773
     0.18787439
     0.18632097
     0.18477748
     0.18324390
     0.18136899
     0.17950067
     0.17798812
     0.17689934
     0.17171717
     0.16161616
     0.15151515
     0.14141414
     0.13131313
     0.12121212
     0.11111111
     0.10101010
     0.09090909
     0.08080808
     0.07070707
     0.06060606
     0.05050505
     0.04040404
     0.03030303
     0.02020202
     0.01010101
     0.00000000
     0.00000000
     0.00000000
     0.00000000
     0.00000000
     0.00000000
     0.00000000
     0.00000000
     0.00000000
     0.00000000
     0.00000000
     0.00000000
     0.00000000
     0.20236699
     0.20178773
     0.20120971
     0.20063293
     0.20005738
     0.19931599
     0.19855207
     0.19767705
     0.19670900
     0.19574627
     0.19478711
     0.19383152
     0.19287949
     0.19193103
     0.19098612
     0.19004477
     0.18910698
     0.18817274
     0.18724205
     0.18631491
     0.18539131
     0.18447125
     0.18355473
     0.18298822
     0.18253598
     0.18208461
     0.18163411
     0.18118448
     0.18073572
     0.18028782
     0.17984079
     0.17939463
     0.17894933
     0.17850489
     0.17806132
     0.17728155
     0.17619254
     0.17510878
     0.17403029
     0.17497230
     0.17628684
     0.17760913
     0.17893052
     0.18019777
     0.18147201
     0.18275325
     0.18404150
     0.18533678
     0.18663909
     0.18794843
     0.18926483
     0.19058828
     0.19191879
     0.19325638
     0.19460104
     0.19531862
     0.19504171
     0.19476510
     0.19345794
     0.19186927
     0.19029056
     0.18872181
     0.18716301
     0.18561413
     0.18407517
     0.18249117
     0.18061385
     0.17875161
     0.17727967
     0.17619430
     0.17171717
     0.16161616
     0.15151515
     0.14141414
     0.13131313
     0.12121212
     0.11111111
     0.10101010
     0.09090909
     0.08080808
     0.07070707
     0.06060606
     0.05050505
     0.04040404
     0.03030303
     0.02020202
     0.01010101
     0.00000000
     0.00000000
     0.00000000
     0.00000000
     0.00000000
     0.00000000
     0.00000000
     0.00000000
     0.00000000
     0.00000000
     0.00000000
     0.00000000
     0.00000000
     0.20171203
     0.20113417
     0.20055755
     0.19998217
     0.19934782
     0.19858380
     0.19779447
     0.19679760
     0.19583454
     0.19487505
     0.19391913
     0.19296677
     0.19201798
     0.19107275
     0.19013108
     0.18919296
     0.18825839
     0.18732738
     0.18639991
     0.18547599
     0.18455560
     0.18363876
     0.18272544
     0.18220186
     0.18175114
     0.18130128
     0.18085229
     0.18040417
     0.17995691
     0.17951052
     0.17906500
     0.17862034
     0.17817654
     0.17773361
     0.17729154
     0.17634667
     0.17526217
     0.17418293
     0.17310894
     0.17454730
     0.17585933
     0.17717910
     0.17850663
     0.17980123
     0.18107328
     0.18235234
     0.18363840
     0.18493148
     0.18623159
     0.18753874
     0.18885293
     0.19017418
     0.19150248
     0.19283786
     0.19418031
     0.19469234
     0.19441611
     0.19414017
     0.19273043
     0.19114632
     0.18957217
     0.18800797
     0.18645370
     0.18490936
     0.18337493
     0.18173239
     0.17986115
     0.17800499
     0.17657345
     0.17549147
     0.17171717
     0.16161616
     0.15151515
     0.14141414
     0.13131313
     0.12121212
     0.11111111
     0.10101010
     0.09090909
     0.08080808
     0.07070707
     0.06060606
     0.05050505
     0.04040404
     0.03030303
     0.02020202
     0.01010101
     0.00000000
     0.00000000
     0.00000000
     0.00000000
     0.00000000
     0.00000000
     0.00000000
     0.00000000
     0.00000000
     0.00000000
     0.00000000
     0.00000000
     0.00000000
     0.20105865
     0.20048219
     0.19990697
     0.19933299
     0.19861554
     0.19785364
     0.19690424
     0.19592283
     0.19496302
     0.19400677
     0.19305409
     0.19210497
     0.19115941
     0.19021741
     0.18927897
     0.18834407
     0.18741273
     0.18648494
     0.18556069
     0.18463998
     0.18372281
     0.18280917
     0.18189907
     0.18141814
     0.18096893
     0.18052058
     0.18007310
     0.17962648
     0.17918073
     0.17873585
     0.17829183
     0.17784867
     0.17740638
     0.17696495
     0.17650090
     0.17541566
     0.17433567
     0.17326094
     0.17257748
     0.17412312
     0.17543264
     0.17674989
     0.17807490
     0.17940537
     0.18067524
     0.18195211
     0.18323598
     0.18452687
     0.18582478
     0.18712973
     0.18844172
     0.18976076
     0.19108686
     0.19242003
     0.19376027
     0.19406758
     0.19379202
     0.19351676
     0.19200502
     0.19042546
     0.18885586
     0.18729620
     0.18574647
     0.18420666
     0.18267676
     0.18097607
     0.17911091
     0.17726081
     0.17586943
     0.17479085
     0.17171717
     0.16161616
     0.15151515
     0.14141414
     0.13131313
     0.12121212
     0.11111111
     0.10101010
     0.09090909
     0.08080808
     0.07070707
     0.06060606
     0.05050505
     0.04040404
     0.03030303
     0.02020202
     0.01010101
     0.00000000
     0.00000000
     0.00000000
     0.00000000
     0.00000000
     0.00000000
     0.00000000
     0.00000000
     0.00000000
     0.00000000
     0.00000000
     0.00000000
     0.00000000
     0.20040685
     0.19983180
     0.19925798
     0.19864728
     0.19788529
     0.19702131
     0.19601703
     0.19505102
     0.19409444
     0.19314143
     0.19219199
     0.19124610
     0.19030377
     0.18936500
     0.18842978
     0.18749812
     0.18657000
     0.18564542
     0.18472439
     0.18380689
     0.18289293
     0.18198250
     0.18108562
     0.18063704
     0.18018934
     0.17974250
     0.17929652
     0.17885141
     0.17840717
     0.17796379
     0.17752127
     0.17707962
     0.17663883
     0.17619890
     0.17556926
     0.17448852
     0.17341305
     0.17234281
     0.17239199
     0.17369976
     0.17500676
     0.17632150
     0.17764400
     0.17897425
     0.18027788
     0.18155256
     0.18283424
     0.18412294
     0.18541866
     0.18672141
     0.18803120
     0.18934804
     0.19067193
     0.19200289
     0.19334092
     0.19344435
     0.19316946
     0.19286665
     0.19128168
     0.18970668
     0.18814162
     0.18658651
     0.18504132
     0.18350603
     0.18198065
     0.18022219
     0.17836311
     0.17651908
     0.17516762
     0.17409244
     0.17171717
     0.16161616
     0.15151515
     0.14141414
     0.13131313
     0.12121212
     0.11111111
     0.10101010
     0.09090909
     0.08080808
     0.07070707
     0.06060606
     0.05050505
     0.04040404
     0.03030303
     0.02020202
     0.01010101
     0.00000000
     0.00000000
     0.00000000
     0.00000000
     0.00000000
     0.00000000
     0.00000000
     0.00000000
     0.00000000
     0.00000000
     0.00000000
     0.00000000
     0.00000000
     0.19975664
     0.19918299
     0.19861057
     0.19791694
     0.19713844
     0.19613371
     0.19513905
     0.19418214
     0.19322881
     0.19227903
     0.19133282
     0.19039017
     0.18945107
     0.18851552
     0.18758353
     0.18665509
     0.18573019
     0.18480883
     0.18389101
     0.18297672
     0.18206597
     0.18115874
     0.18030564
     0.17985857
     0.17941237
     0.17896704
     0.17852257
     0.17807896
     0.17763622
     0.17719434
     0.17675333
     0.17631318
     0.17587389
     0.17543546
     0.17464148
     0.17356526
     0.17249428
     0.17142854
     0.17198042
     0.17327720
     0.17458170
     0.17589393
     0.17721390
     0.17854164
     0.17987715
     0.18115370
     0.18243319
     0.18371970
     0.18501322
     0.18631377
     0.18762136
     0.18893600
     0.19025769
     0.19158644
     0.19292227
     0.19282264
     0.19254842
     0.19214084
     0.19056043
     0.18898997
     0.18742946
     0.18587889
     0.18433823
     0.18280747
     0.18128660
     0.17947077
     0.17761777
     0.17577979
     0.17446802
     0.17339623
     0.17171717
     0.16161616
     0.15151515
     0.14141414
     0.13131313
     0.12121212
     0.11111111
     0.10101010
     0.09090909
     0.08080808
     0.07070707
     0.06060606
     0.05050505
     0.04040404
     0.03030303
     0.02020202
     0.01010101
     0.00000000
     0.00000000
     0.00000000
     0.00000000
     0.00000000
     0.00000000
     0.00000000
     0.00000000
     0.00000000
     0.00000000
     0.00000000
     0.00000000
     0.00000000
     0.19910802
     0.19853576
     0.19794860
     0.19718863
     0.19625044
     0.19524912
     0.19426987
     0.19331621
     0.19236611
     0.19141957
     0.19047659
     0.18953716
     0.18860129
     0.18766898
     0.18674020
     0.18581498
     0.18489329
     0.18397515
     0.18306054
     0.18214946
     0.18124191
     0.18033789
     0.17952828
     0.17908272
     0.17863803
     0.17819420
     0.17775123
     0.17730913
     0.17686789
     0.17642751
     0.17598800
     0.17554935
     0.17511155
     0.17467462
     0.17371758
     0.17264586
     0.17157938
     0.17051813
     0.17156118
     0.17285546
     0.17415745
     0.17546717
     0.17678463
     0.17810985
     0.17944283
     0.18075552
     0.18203282
     0.18331714
     0.18460847
     0.18590683
     0.18721222
     0.18852465
     0.18984414
     0.19117069
     0.19247629
     0.19220245
     0.19192891
     0.19141711
     0.18984126
     0.18827535
     0.18671938
     0.18517334
     0.18363721
     0.18211098
     0.18058380
     0.17872181
     0.17687486
     0.17504294
     0.17377063
     0.17270223
     0.17163903
     0.16161616
     0.15151515
     0.14141414
     0.13131313
     0.12121212
     0.11111111
     0.10101010
     0.09090909
     0.08080808
     0.07070707
     0.06060606
     0.05050505
     0.04040404
     0.03030303
     0.02020202
     0.01010101
     0.00000000
     0.00000000
     0.00000000
     0.00000000
     0.00000000
     0.00000000
     0.00000000
     0.00000000
     0.00000000
     0.00000000
     0.00000000
     0.00000000
     0.00000000
     0.19846098
     0.19789012
     0.19722020
     0.19636722
     0.19536546
     0.19436757
     0.19340364
     0.19245321
     0.19150635
     0.19056304
     0.18962329
     0.18868709
     0.18775445
     0.18682535
     0.18589980
     0.18497779
     0.18405932
     0.18314439
     0.18223298
     0.18132511
     0.18042076
     0.17951994
     0.17875354
     0.17830949
     0.17786630
     0.17742397
     0.17698251
     0.17654191
     0.17610217
     0.17566329
     0.17522528
     0.17478812
     0.17435183
     0.17387000
     0.17279754
     0.17173031
     0.17066832
     0.16961155
     0.17114275
     0.17243453
     0.17373402
     0.17504123
     0.17635617
     0.17767887
     0.17900933
     0.18034757
     0.18163314
     0.18291526
     0.18420440
     0.18550056
     0.18680376
     0.18811399
     0.18943128
     0.19075562
     0.19185695
     0.19158378
     0.19131091
     0.19069547
     0.18912416
     0.18756280
     0.18601138
     0.18446987
     0.18293826
     0.18141655
     0.17983121
     0.17797528
     0.17613440
     0.17430852
     0.17307544
     0.17201042
     0.17095060
     0.16161616
     0.15151515
     0.14141414
     0.13131313
     0.12121212
     0.11111111
     0.10101010
     0.09090909
     0.08080808
     0.07070707
     0.06060606
     0.05050505
     0.04040404
     0.03030303
     0.02020202
     0.01010101
     0.00000000
     0.00000000
     0.00000000
     0.00000000
     0.00000000
     0.00000000
     0.00000000
     0.00000000
     0.00000000
     0.00000000
     0.00000000
     0.00000000
     0.00000000
     0.19781552
     0.19724606
     0.19648406
     0.19548184
     0.19448350
     0.19349111
     0.19254035
     0.19159316
     0.19064952
     0.18970945
     0.18877292
     0.18783995
     0.18691053
     0.18598465
     0.18506232
     0.18414352
     0.18322827
     0.18231654
     0.18140834
     0.18050367
     0.17960252
     0.17870489
     0.17798142
     0.17753887
     0.17709718
     0.17665636
     0.17621640
     0.17577730
     0.17533906
     0.17490168
     0.17446516
     0.17402950
     0.17359470
     0.17294932
     0.17188136
     0.17081862
     0.16976111
     0.16942238
     0.17072513
     0.17201442
     0.17331140
     0.17461610
     0.17592853
     0.17724871
     0.17857665
     0.17991236
     0.18123414
     0.18251407
     0.18380102
     0.18509499
     0.18639599
     0.18770402
     0.18901910
     0.19034124
     0.19123913
     0.19096664
     0.19069443
     0.18997591
     0.18840915
     0.18685233
     0.18530544
     0.18376846
     0.18224138
     0.18072418
     0.17908106
     0.17723121
     0.17539638
     0.17357654
     0.17238245
     0.17132081
     0.17026437
     0.16161616
     0.15151515
     0.14141414
     0.13131313
     0.12121212
     0.11111111
     0.10101010
     0.09090909
     0.08080808
     0.07070707
     0.06060606
     0.05050505
     0.04040404
     0.03030303
     0.02020202
     0.01010101
     0.00000000
     0.00000000
     0.00000000
     0.00000000
     0.00000000
     0.00000000
     0.00000000
     0.00000000
     0.00000000
     0.00000000
     0.00000000
     0.00000000
     0.00000000
     0.19717164
     0.19652530
     0.19559828
     0.19459949
     0.19360457
     0.19262752
     0.19168000
     0.19073604
     0.18979563
     0.18885878
     0.18792549
     0.18699574
     0.18606954
     0.18514688
     0.18422776
     0.18331217
     0.18240012
     0.18149160
     0.18058661
     0.17968513
     0.17878718
     0.17789274
     0.17721192
     0.17677087
     0.17633068
     0.17589136
     0.17545290
     0.17501529
     0.17457855
     0.17414267
     0.17370765
     0.17327348
     0.17284018
     0.17203250
     0.17096903
     0.16991078
     0.16885774
     0.16902922
     0.17030832
     0.17159511
     0.17288959
     0.17419179
     0.17550171
     0.17681937
     0.17814479
     0.17947798
     0.18081895
     0.18211357
     0.18339833
     0.18469010
     0.18598890
     0.18729473
     0.18860761
     0.18992754
     0.19062283
     0.19035101
     0.19007948
     0.18925843
     0.18769621
     0.18614394
     0.18460158
     0.18306913
     0.18154656
     0.18003387
     0.17833336
     0.17648957
     0.17466079
     0.17284699
     0.17169166
     0.17063340
     0.16958033
     0.16161616
     0.15151515
     0.14141414
     0.13131313
     0.12121212
     0.11111111
     0.10101010
     0.09090909
     0.08080808
     0.07070707
     0.06060606
     0.05050505
     0.04040404
     0.03030303
     0.02020202
     0.01010101
     0.00000000
     0.00000000
     0.00000000
     0.00000000
     0.00000000
     0.00000000
     0.00000000
     0.00000000
     0.00000000
     0.00000000
     0.00000000
     0.00000000
     0.00000000
     0.19652935
     0.19571477
     0.19471553
     0.19372016
     0.19272866
     0.19176687
     0.19082258
     0.18988185
     0.18894467
     0.18801105
     0.18708098
     0.18615445
     0.18523146
     0.18431202
     0.18339611
     0.18248374
     0.18157489
     0.18066957
     0.17976777
     0.17886950
     0.17797473
     0.17708348
     0.17644503
     0.17600548
     0.17556679
     0.17512897
     0.17469200
     0.17425589
     0.17382065
     0.17338626
     0.17295273
     0.17252006
     0.17208825
     0.17111954
     0.17006055
     0.16900678
     0.16795821
     0.16861571
     0.16989232
     0.17117662
     0.17246860
     0.17376829
     0.17507570
     0.17639085
     0.17771375
     0.17904442
     0.18038286
     0.18171375
     0.18299631
     0.18428589
     0.18558250
     0.18688614
     0.18819681
     0.18951454
     0.19000806
     0.18973690
     0.18946604
     0.18854302
     0.18698536
     0.18543761
     0.18389979
     0.18237186
     0.18085381
     0.17934563
     0.17758811
     0.17575038
     0.17392764
     0.17211986
     0.17100306
     0.16994818
     0.16889847
     0.16161616
     0.15151515
     0.14141414
     0.13131313
     0.12121212
     0.11111111
     0.10101010
     0.09090909
     0.08080808
     0.07070707
     0.06060606
     0.05050505
     0.04040404
     0.03030303
     0.02020202
     0.01010101
     0.00000000
     0.00000000
     0.00000000
     0.00000000
     0.00000000
     0.00000000
     0.00000000
     0.00000000
     0.00000000
     0.00000000
     0.00000000
     0.00000000
     0.00000000
     0.19583131
     0.19483162
     0.19383580
     0.19284385
     0.19185577
     0.19090915
     0.18996810
     0.18903059
     0.18809664
     0.18716624
     0.18623939
     0.18531608
     0.18439631
     0.18348008
     0.18256738
     0.18165821
     0.18075257
     0.17985045
     0.17895185
     0.17805676
     0.17716518
     0.17627712
     0.17568075
     0.17524270
     0.17480551
     0.17436918
     0.17393371
     0.17349910
     0.17306535
     0.17263245
     0.17220042
     0.17176924
     0.17127016
     0.17021042
     0.16915591
     0.16810661
     0.16706251
     0.16820300
     0.16947713
     0.17075893
     0.17204842
     0.17334560
     0.17465051
     0.17596314
     0.17728353
     0.17861167
     0.17994759
     0.18129129
     0.18259499
     0.18388237
     0.18517678
     0.18647822
     0.18778670
     0.18910223
     0.18939479
     0.18912431
     0.18885412
     0.18782970
     0.18627657
     0.18473336
     0.18320006
     0.18167665
     0.18016312
     0.17865944
     0.17684531
     0.17501363
     0.17319692
     0.17139516
     0.17031666
     0.16926514
     0.16821880
     0.16161616
     0.15151515
     0.14141414
     0.13131313
     0.12121212
     0.11111111
     0.10101010
     0.09090909
     0.08080808
     0.07070707
     0.06060606
     0.05050505
     0.04040404
     0.03030303
     0.02020202
     0.01010101
     0.00000000
