     0.00000000
     0.01010101
     0.02020202
     0.03030303
     0.04040404
     0.05050505
     0.06060606
     0.07070707
     0.08080808
     0.09090909
     0.10101010
     0.10887071
     0.10959878
     0.11033111
     0.11109987
     0.11191071
     0.11272671
     0.11313177
     0.11336224
     0.11375196
     0.11423104
     0.11471714
     0.11520504
     0.11570648
     0.11640936
     0.11723264
     0.11806097
     0.11889437
     0.11973284
     0.12057643
     0.12142513
     0.12227898
     0.12313799
     0.12400219
     0.12487158
     0.12574620
     0.12662605
     0.12751116
     0.12840155
     0.12929724
     0.13019824
     0.13110458
     0.13201626
     0.13293332
     0.13385576
     0.13479915
     0.13572088
     0.13647944
     0.13714845
     0.13725677
     0.13718113
     0.13694617
     0.13671155
     0.13647727
     0.13624333
     0.13628064
     0.13646862
     0.13623484
     0.13605660
     0.13591680
     0.13577712
     0.13455582
     0.13341127
     0.13262139
     0.13183549
     0.13105353
     0.13031174
     0.12969944
     0.12908959
     0.12848219
     0.12853755
     0.12897272
     0.12950549
     0.13011844
     0.13073386
     0.13135175
     0.13197211
     0.13220537
     0.13220329
     0.00000000
     0.00000000
     0.00000000
     0.00000000
     0.00000000
     0.00000000
     0.00000000
     0.00000000
     0.00000000
     0.00000000
     0.00000000
     0.00000000
     0.00000000
     0.00000000
     0.00000000
     0.00000000
     0.00000000
     0.00000000
     0.00000000
     0.00000000
     0.00000000
     0.00000000
     0.01010101
     0.02020202
     0.03030303
     0.04040404
     0.05050505
     0.06060606
     0.07070707
     0.08080808
     0.09090909
     0.10101010
     0.10916555
     0.10989534
     0.11062941
     0.11137778
     0.11219039
     0.11276599
     0.11299580
     0.11322756
     0.11369983
     0.11417712
     0.11466301
     0.11515071
     0.11566538
     0.11618880
     0.11695451
     0.11778113
     0.11861282
     0.11944958
     0.12029144
     0.12113841
     0.12199053
     0.12284780
     0.12371024
     0.12457788
     0.12545073
     0.12632882
     0.12721216
     0.12810076
     0.12899466
     0.12989387
     0.13079841
     0.13170829
     0.13262353
     0.13354415
     0.13451839
     0.13536848
     0.13612538
     0.13685416
     0.13696228
     0.13678336
     0.13652680
     0.13629076
     0.13605708
     0.13585477
     0.13596934
     0.13615696
     0.13605467
     0.13586886
     0.13572922
     0.13524525
     0.13388555
     0.13282978
     0.13204283
     0.13125983
     0.13048078
     0.12979189
     0.12922043
     0.12862262
     0.12801709
     0.12810394
     0.12857754
     0.12918675
     0.12979842
     0.13041255
     0.13102915
     0.13164822
     0.13183088
     0.13182880
     0.00000000
     0.00000000
     0.00000000
     0.00000000
     0.00000000
     0.00000000
     0.00000000
     0.00000000
     0.00000000
     0.00000000
     0.00000000
     0.00000000
     0.00000000
     0.00000000
     0.00000000
     0.00000000
     0.00000000
     0.00000000
     0.00000000
     0.00000000
     0.00000000
     0.00000000
     0.01010101
     0.02020202
     0.03030303
     0.04040404
     0.05050505
     0.06060606
     0.07070707
     0.08080808
     0.09090909
     0.10101010
     0.10946108
     0.11019261
     0.11092842
     0.11166852
     0.11240124
     0.11263041
     0.11285998
     0.11317563
     0.11364771
     0.11412321
     0.11460891
     0.11510310
     0.11562430
     0.11614755
     0.11667694
     0.11750187
     0.11833185
     0.11916689
     0.12000703
     0.12085228
     0.12170266
     0.12255819
     0.12341888
     0.12428477
     0.12515586
     0.12603218
     0.12691375
     0.12780058
     0.12869269
     0.12959011
     0.13049284
     0.13140092
     0.13231435
     0.13327615
     0.13425084
     0.13501685
     0.13577210
     0.13653090
     0.13663457
     0.13640328
     0.13614731
     0.13589175
     0.13563798
     0.13559215
     0.13569871
     0.13584590
     0.13587471
     0.13568133
     0.13554186
     0.13457207
     0.13321810
     0.13225045
     0.13146641
     0.13068631
     0.12991015
     0.12923565
     0.12866628
     0.12809905
     0.12753395
     0.12767158
     0.12826075
     0.12886868
     0.12947907
     0.13009191
     0.13070722
     0.13132501
     0.13145728
     0.13145521
     0.00000000
     0.00000000
     0.00000000
     0.00000000
     0.00000000
     0.00000000
     0.00000000
     0.00000000
     0.00000000
     0.00000000
     0.00000000
     0.00000000
     0.00000000
     0.00000000
     0.00000000
     0.00000000
     0.00000000
     0.00000000
     0.00000000
     0.00000000
     0.00000000
     0.00000000
     0.01010101
     0.02020202
     0.03030303
     0.04040404
     0.05050505
     0.06060606
     0.07070707
     0.08080808
     0.09090909
     0.10101010
     0.10975732
     0.11049058
     0.11122813
     0.11196998
     0.11226604
     0.11249497
     0.11272431
     0.11312372
     0.11359561
     0.11406933
     0.11455483
     0.11506219
     0.11558323
     0.11610632
     0.11663147
     0.11722318
     0.11805145
     0.11888479
     0.11972321
     0.12056673
     0.12141538
     0.12226917
     0.12312812
     0.12399225
     0.12486159
     0.12573614
     0.12661594
     0.12750099
     0.12839132
     0.12928695
     0.13018789
     0.13109416
     0.13204842
     0.13301552
     0.13391664
     0.13466599
     0.13541958
     0.13617673
     0.13627985
     0.13602408
     0.13576872
     0.13551376
     0.13525920
     0.13534225
     0.13543634
     0.13554279
     0.13569494
     0.13549403
     0.13526157
     0.13390173
     0.13255346
     0.13167326
     0.13089212
     0.13011492
     0.12934165
     0.12868144
     0.12811415
     0.12754900
     0.12698597
     0.12729218
     0.12792380
     0.12855128
     0.12916038
     0.12977195
     0.13038597
     0.13100247
     0.13108459
     0.13110040
     0.00000000
     0.00000000
     0.00000000
     0.00000000
     0.00000000
     0.00000000
     0.00000000
     0.00000000
     0.00000000
     0.00000000
     0.00000000
     0.00000000
     0.00000000
     0.00000000
     0.00000000
     0.00000000
     0.00000000
     0.00000000
     0.00000000
     0.00000000
     0.00000000
     0.00000000
     0.01010101
     0.02020202
     0.03030303
     0.04040404
     0.05050505
     0.06060606
     0.07070707
     0.08080808
     0.09090909
     0.10101010
     0.11009378
     0.11078926
     0.11152855
     0.11196443
     0.11213209
     0.11235967
     0.11260185
     0.11307183
     0.11354354
     0.11401695
     0.11450245
     0.11502129
     0.11554217
     0.11606510
     0.11659009
     0.11711713
     0.11777163
     0.11860326
     0.11943996
     0.12028176
     0.12112868
     0.12198073
     0.12283794
     0.12370033
     0.12456791
     0.12544070
     0.12631872
     0.12720200
     0.12809055
     0.12898439
     0.12988354
     0.13083030
     0.13178983
     0.13275532
     0.13356751
     0.13431590
     0.13506784
     0.13582333
     0.13590094
     0.13564577
     0.13539101
     0.13513665
     0.13501893
     0.13510942
     0.13519996
     0.13529055
     0.13541233
     0.13530694
     0.13458832
     0.13323421
     0.13189164
     0.13109820
     0.13031996
     0.12954566
     0.12877527
     0.12812991
     0.12756807
     0.12700833
     0.12657907
     0.12693223
     0.12756608
     0.12820264
     0.12884190
     0.12948388
     0.13010059
     0.13071978
     0.13078249
     0.13081251
     0.00000000
     0.00000000
     0.00000000
     0.00000000
     0.00000000
     0.00000000
     0.00000000
     0.00000000
     0.00000000
     0.00000000
     0.00000000
     0.00000000
     0.00000000
     0.00000000
     0.00000000
     0.00000000
     0.00000000
     0.00000000
     0.00000000
     0.00000000
     0.00000000
     0.00000000
     0.01010101
     0.02020202
     0.03030303
     0.04040404
     0.05050505
     0.06060606
     0.07070707
     0.08080808
     0.09090909
     0.10101010
     0.11046394
     0.11111954
     0.11169114
     0.11185844
     0.11202596
     0.11222452
     0.11255017
     0.11301997
     0.11349148
     0.11396471
     0.11446173
     0.11498040
     0.11550113
     0.11602389
     0.11654872
     0.11707560
     0.11760455
     0.11832231
     0.11915730
     0.11999737
     0.12084256
     0.12169288
     0.12254835
     0.12340899
     0.12427482
     0.12514585
     0.12602211
     0.12690361
     0.12779038
     0.12868244
     0.12962174
     0.13057374
     0.13153167
     0.13249555
     0.13321983
     0.13396659
     0.13471687
     0.13546813
     0.13552292
     0.13526835
     0.13501418
     0.13476042
     0.13478656
     0.13487692
     0.13496733
     0.13505779
     0.13514830
     0.13513514
     0.13397059
     0.13262535
     0.13135050
     0.13057377
     0.12980095
     0.12903202
     0.12826698
     0.12765130
     0.12709125
     0.12653330
     0.12644149
     0.12663690
     0.12726950
     0.12790479
     0.12854279
     0.12918350
     0.12982692
     0.13046031
     0.13049519
     0.13052516
     0.00000000
     0.00000000
     0.00000000
     0.00000000
     0.00000000
     0.00000000
     0.00000000
     0.00000000
     0.00000000
     0.00000000
     0.00000000
     0.00000000
     0.00000000
     0.00000000
     0.00000000
     0.00000000
     0.00000000
     0.00000000
     0.00000000
     0.00000000
     0.00000000
     0.00000000
     0.01010101
     0.02020202
     0.03030303
     0.04040404
     0.05050505
     0.06060606
     0.07070707
     0.08080808
     0.09090909
     0.10101010
     0.11083519
     0.11149272
     0.11165286
     0.11178589
     0.11191992
     0.11208951
     0.11249851
     0.11296812
     0.11343945
     0.11391248
     0.11442102
     0.11493953
     0.11546009
     0.11598270
     0.11650736
     0.11703408
     0.11756287
     0.11809373
     0.11887521
     0.11971357
     0.12055703
     0.12140562
     0.12225935
     0.12311825
     0.12398232
     0.12485160
     0.12572609
     0.12660583
     0.12749082
     0.12842270
     0.12936720
     0.13031760
     0.13127393
     0.13219801
     0.13287293
     0.13361804
     0.13436667
     0.13506428
     0.13514579
     0.13489182
     0.13463825
     0.13446436
     0.13455454
     0.13464476
     0.13473504
     0.13482537
     0.13491575
     0.13474100
     0.13337999
     0.13203979
     0.13083581
     0.13006167
     0.12929143
     0.12852507
     0.12776259
     0.12717422
     0.12661596
     0.12636307
     0.12630403
     0.12634217
     0.12697350
     0.12760754
     0.12824427
     0.12888371
     0.12952586
     0.13011711
     0.13020843
     0.13023835
     0.13026826
     0.00000000
     0.00000000
     0.00000000
     0.00000000
     0.00000000
     0.00000000
     0.00000000
     0.00000000
     0.00000000
     0.00000000
     0.00000000
     0.00000000
     0.00000000
     0.00000000
     0.00000000
     0.00000000
     0.00000000
     0.00000000
     0.00000000
     0.00000000
     0.00000000
     0.01010101
     0.02020202
     0.03030303
     0.04040404
     0.05050505
     0.06060606
     0.07070707
     0.08080808
     0.09090909
     0.10101010
     0.11111111
     0.11152122
     0.11165412
     0.11178715
     0.11192033
     0.11208059
     0.11248282
     0.11291630
     0.11338743
     0.11386853
     0.11438032
     0.11489867
     0.11541907
     0.11594152
     0.11646602
     0.11699258
     0.11752120
     0.11805190
     0.11859370
     0.11943034
     0.12027209
     0.12111894
     0.12197094
     0.12282809
     0.12369041
     0.12455793
     0.12543067
     0.12630863
     0.12723312
     0.12817016
     0.12911307
     0.13006189
     0.13101663
     0.13184289
     0.13252679
     0.13327025
     0.13401724
     0.13466145
     0.13476954
     0.13451617
     0.13426320
     0.13423280
     0.13432285
     0.13441294
     0.13450309
     0.13459329
     0.13468353
     0.13410402
     0.13279160
     0.13145641
     0.13032284
     0.12955128
     0.12878361
     0.12801982
     0.12725991
     0.12669866
     0.12628470
     0.12622569
     0.12616671
     0.12610775
     0.12667810
     0.12731087
     0.12794634
     0.12858451
     0.12922540
     0.12977467
     0.12991200
     0.12995206
     0.12998193
     0.00000000
     0.00000000
     0.00000000
     0.00000000
     0.00000000
     0.00000000
     0.00000000
     0.00000000
     0.00000000
     0.00000000
     0.00000000
     0.00000000
     0.00000000
     0.00000000
     0.00000000
     0.00000000
     0.00000000
     0.00000000
     0.00000000
     0.00000000
     0.00000000
     0.01010101
     0.02020202
     0.03030303
     0.04040404
     0.05050505
     0.06060606
     0.07070707
     0.08080808
     0.09090909
     0.10101010
     0.11111111
     0.11152248
     0.11165538
     0.11178842
     0.11192159
     0.11217360
     0.11257038
     0.11297155
     0.11340630
     0.11386173
     0.11433963
     0.11485783
     0.11537806
     0.11590035
     0.11642469
     0.11695109
     0.11747955
     0.11801008
     0.11854268
     0.11914770
     0.11998772
     0.12083285
     0.12168311
     0.12253852
     0.12339910
     0.12426487
     0.12513584
     0.12605297
     0.12698258
     0.12791804
     0.12885938
     0.12980660
     0.13075975
     0.13148857
     0.13218141
     0.13292324
     0.13366858
     0.13425626
     0.13439418
     0.13414140
     0.13391172
     0.13400158
     0.13409149
     0.13418146
     0.13427147
     0.13436154
     0.13445166
     0.13342782
     0.13220541
     0.13087522
     0.12981158
     0.12904260
     0.12827750
     0.12751627
     0.12678141
     0.12622463
     0.12614739
     0.12608844
     0.12602951
     0.12597061
     0.12638328
     0.12701479
     0.12764900
     0.12828591
     0.12892553
     0.12943301
     0.12957002
     0.12966632
     0.12969612
     0.00000000
     0.00000000
     0.00000000
     0.00000000
     0.00000000
     0.00000000
     0.00000000
     0.00000000
     0.00000000
     0.00000000
     0.00000000
     0.00000000
     0.00000000
     0.00000000
     0.00000000
     0.00000000
     0.00000000
     0.00000000
     0.00000000
     0.00000000
     0.00000000
     0.01010101
     0.02020202
     0.03030303
     0.04040404
     0.05050505
     0.06060606
     0.07070707
     0.08080808
     0.09090909
     0.10101010
     0.11111111
     0.11152374
     0.11165664
     0.11178968
     0.11192285
     0.11226667
     0.11266374
     0.11306203
     0.11346627
     0.11392873
     0.11440447
     0.11488620
     0.11536970
     0.11585919
     0.11638337
     0.11690961
     0.11743790
     0.11796827
     0.11850071
     0.11903523
     0.11970393
     0.12054734
     0.12139587
     0.12224954
     0.12310837
     0.12397239
     0.12488220
     0.12580442
     0.12673246
     0.12766635
     0.12860610
     0.12955175
     0.13049811
     0.13113506
     0.13183680
     0.13257698
     0.13329725
     0.13382200
     0.13401970
     0.13376752
     0.13368096
     0.13377069
     0.13386048
     0.13395031
     0.13404019
     0.13413013
     0.13384837
     0.13276082
     0.13162142
     0.13029622
     0.12930202
     0.12853561
     0.12777308
     0.12701441
     0.12630711
     0.12606913
     0.12601021
     0.12595131
     0.12589244
     0.12583359
     0.12608905
     0.12671930
     0.12735225
     0.12798790
     0.12862625
     0.12909211
     0.12922882
     0.12936565
     0.12941086
     0.00000000
     0.00000000
     0.00000000
     0.00000000
     0.00000000
     0.00000000
     0.00000000
     0.00000000
     0.00000000
     0.00000000
     0.00000000
     0.00000000
     0.00000000
     0.00000000
     0.00000000
     0.00000000
     0.00000000
     0.00000000
     0.00000000
     0.00000000
     0.00000000
     0.01010101
     0.02020202
     0.03030303
     0.04040404
     0.05050505
     0.06060606
     0.07070707
     0.08080808
     0.09090909
     0.10101010
     0.11111111
     0.11165087
     0.11165790
     0.11179094
     0.11196368
     0.11235981
     0.11275717
     0.11315574
     0.11357064
     0.11399779
     0.11447162
     0.11495360
     0.11543734
     0.11592285
     0.11641014
     0.11689920
     0.11739627
     0.11792648
     0.11845876
     0.11899311
     0.11952955
     0.12026241
     0.12110921
     0.12196115
     0.12281824
     0.12372077
     0.12463563
     0.12555629
     0.12648276
     0.12741508
     0.12835325
     0.12929732
     0.13014687
     0.13078236
     0.13149295
     0.13223150
     0.13289888
     0.13338893
     0.13364611
     0.13339452
     0.13345054
     0.13354015
     0.13362980
     0.13371950
     0.13380925
     0.13389906
     0.13317959
     0.13209664
     0.13102116
     0.12971940
     0.12879417
     0.12803033
     0.12727036
     0.12651424
     0.12599091
     0.12593202
     0.12587316
     0.12581432
     0.12575550
     0.12569670
     0.12579540
     0.12642440
     0.12705609
     0.12769048
     0.12832756
     0.12875197
     0.12888837
     0.12902490
     0.12912613
     0.00000000
     0.00000000
     0.00000000
     0.00000000
     0.00000000
     0.00000000
     0.00000000
     0.00000000
     0.00000000
     0.00000000
     0.00000000
     0.00000000
     0.00000000
     0.00000000
     0.00000000
     0.00000000
     0.00000000
     0.00000000
     0.00000000
     0.00000000
     0.00000000
     0.01010101
     0.02020202
     0.03030303
     0.04040404
     0.05050505
     0.06060606
     0.07070707
     0.08080808
     0.09090909
     0.10101010
     0.11111111
     0.11192461
     0.11165916
     0.11179220
     0.11205660
     0.11245302
     0.11285066
     0.11324958
     0.11367567
     0.11410317
     0.11454351
     0.11502103
     0.11550502
     0.11599078
     0.11647831
     0.11696762
     0.11745871
     0.11795159
     0.11844626
     0.11895100
     0.11948728
     0.12002564
     0.12082314
     0.12167334
     0.12256862
     0.12347617
     0.12438947
     0.12530857
     0.12623348
     0.12716423
     0.12810083
     0.12904331
     0.12979643
     0.13043046
     0.13114986
     0.13188677
     0.13250152
     0.13295705
     0.13327339
     0.13313104
     0.13322046
     0.13330993
     0.13339945
     0.13348903
     0.13357865
     0.13359947
     0.13251363
     0.13143528
     0.13036438
     0.12914475
     0.12828802
     0.12752674
     0.12676932
     0.12601575
     0.12585388
     0.12579504
     0.12573623
     0.12567745
     0.12561868
     0.12555994
     0.12550234
     0.12613009
     0.12676052
     0.12739364
     0.12802947
     0.12841260
     0.12854869
     0.12868491
     0.12882126
     0.00000000
     0.00000000
     0.00000000
     0.00000000
     0.00000000
     0.00000000
     0.00000000
     0.00000000
     0.00000000
     0.00000000
     0.00000000
     0.00000000
     0.00000000
     0.00000000
     0.00000000
     0.00000000
     0.00000000
     0.00000000
     0.00000000
     0.00000000
     0.00000000
     0.01010101
     0.02020202
     0.03030303
     0.04040404
     0.05050505
     0.06060606
     0.07070707
     0.08080808
     0.09090909
     0.10101010
     0.11111111
     0.11218847
     0.11190235
     0.11179608
     0.11215061
     0.11254630
     0.11294422
     0.11335436
     0.11378080
     0.11420863
     0.11464961
     0.11509588
     0.11557274
     0.11605874
     0.11654652
     0.11703608
     0.11752742
     0.11802055
     0.11851547
     0.11901218
     0.11951070
     0.12001102
     0.12053764
     0.12142572
     0.12232598
     0.12323198
     0.12414373
     0.12506128
     0.12598462
     0.12691380
     0.12784883
     0.12878973
     0.12944679
     0.13007937
     0.13080753
     0.13154281
     0.13210517
     0.13252635
     0.13290156
     0.13290143
     0.13299072
     0.13308006
     0.13316945
     0.13325889
     0.13334838
     0.13293174
     0.13185050
     0.13077673
     0.12971040
     0.12857227
     0.12778357
     0.12702485
     0.12626998
     0.12582685
     0.12571697
     0.12565819
     0.12559944
     0.12554070
     0.12548199
     0.12542331
     0.12536465
     0.12583636
     0.12646554
     0.12709740
     0.12773196
     0.12807399
     0.12820978
     0.12834569
     0.12848173
     0.00000000
     0.00000000
     0.00000000
     0.00000000
     0.00000000
     0.00000000
     0.00000000
     0.00000000
     0.00000000
     0.00000000
     0.00000000
     0.00000000
     0.00000000
     0.00000000
     0.00000000
     0.00000000
     0.00000000
     0.00000000
     0.00000000
     0.00000000
     0.00000000
     0.01010101
     0.02020202
     0.03030303
     0.04040404
     0.05050505
     0.06060606
     0.07070707
     0.08080808
     0.09090909
     0.10101010
     0.11111111
     0.11241563
     0.11216616
     0.11195611
     0.11224874
     0.11264414
     0.11304076
     0.11346014
     0.11388600
     0.11431418
     0.11475580
     0.11520243
     0.11565057
     0.11612674
     0.11661476
     0.11710457
     0.11759616
     0.11808954
     0.11858471
     0.11908168
     0.11958044
     0.12008101
     0.12058339
     0.12118503
     0.12208375
     0.12298820
     0.12389841
     0.12481440
     0.12573619
     0.12666380
     0.12759725
     0.12846944
     0.12909796
     0.12973580
     0.13046596
     0.13115588
     0.13170982
     0.13209684
     0.13253159
     0.13267215
     0.13276131
     0.13285052
     0.13293978
     0.13302909
     0.13311845
     0.13226684
     0.13119019
     0.13012099
     0.12905921
     0.12804083
     0.12728081
     0.12652464
     0.12593134
     0.12564178
     0.12558019
     0.12552147
     0.12546277
     0.12540409
     0.12534543
     0.12528680
     0.12522820
     0.12554322
     0.12617114
     0.12680175
     0.12743505
     0.12773614
     0.12787163
     0.12800723
     0.12814296
     0.00000000
     0.00000000
     0.00000000
     0.00000000
     0.00000000
     0.00000000
     0.00000000
     0.00000000
     0.00000000
     0.00000000
     0.00000000
     0.00000000
     0.00000000
     0.00000000
     0.00000000
     0.00000000
     0.00000000
     0.00000000
     0.00000000
     0.00000000
     0.00000000
     0.01010101
     0.02020202
     0.03030303
     0.04040404
     0.05050505
     0.06060606
     0.07070707
     0.08080808
     0.09090909
     0.10101010
     0.11111111
     0.11263399
     0.11243051
     0.11235382
     0.11245018
     0.11274265
     0.11314416
     0.11356875
     0.11399473
     0.11442210
     0.11486296
     0.11530906
     0.11575756
     0.11620757
     0.11668304
     0.11717310
     0.11766494
     0.11815857
     0.11865399
     0.11915120
     0.11965022
     0.12015104
     0.12065368
     0.12115812
     0.12184193
     0.12274484
     0.12365351
     0.12456794
     0.12548817
     0.12641421
     0.12734610
     0.12812285
     0.12874992
     0.12939661
     0.13012515
     0.13076294
     0.13128460
     0.13166850
     0.13223890
     0.13244320
     0.13253223
     0.13262131
     0.13271044
     0.13279962
     0.13268429
     0.13160476
     0.13053268
     0.12946804
     0.12841080
     0.12744107
     0.12677974
     0.12603590
     0.12574613
     0.12550223
     0.12544354
     0.12538487
     0.12532622
     0.12526760
     0.12520900
     0.12515043
     0.12509187
     0.12525066
     0.12587733
     0.12650669
     0.12713873
     0.12739905
     0.12753423
     0.12766954
     0.12780496
     0.00000000
     0.00000000
     0.00000000
     0.00000000
     0.00000000
     0.00000000
     0.00000000
     0.00000000
     0.00000000
     0.00000000
     0.00000000
     0.00000000
     0.00000000
     0.00000000
     0.00000000
     0.00000000
     0.00000000
     0.00000000
     0.00000000
     0.00000000
     0.00000000
     0.01010101
     0.02020202
     0.03030303
     0.04040404
     0.05050505
     0.06060606
     0.07070707
     0.08080808
     0.09090909
     0.10101010
     0.11111111
     0.11285272
     0.11265038
     0.11275277
     0.11284942
     0.11294615
     0.11325250
     0.11367745
     0.11410379
     0.11453151
     0.11497226
     0.11541869
     0.11586662
     0.11631606
     0.11676702
     0.11724166
     0.11773375
     0.11822763
     0.11872330
     0.11922077
     0.11972004
     0.12022111
     0.12072400
     0.12122869
     0.12173521
     0.12250190
     0.12340902
     0.12432190
     0.12524057
     0.12616505
     0.12709536
     0.12777706
     0.12840269
     0.12905818
     0.12978510
     0.13037101
     0.13085850
     0.13124135
     0.13194675
     0.13221459
     0.13230349
     0.13239244
     0.13248144
     0.13257049
     0.13202044
     0.13094549
     0.12987798
     0.12881789
     0.12776518
     0.12683996
     0.12628036
     0.12585056
     0.12556116
     0.12536566
     0.12530702
     0.12524840
     0.12518981
     0.12513124
     0.12507270
     0.12501417
     0.12495568
     0.12495869
     0.12558411
     0.12621221
     0.12684299
     0.12706273
     0.12719760
     0.12733260
     0.12746772
     0.00000000
     0.00000000
     0.00000000
     0.00000000
     0.00000000
     0.00000000
     0.00000000
     0.00000000
     0.00000000
     0.00000000
     0.00000000
     0.00000000
     0.00000000
     0.00000000
     0.00000000
     0.00000000
     0.00000000
     0.00000000
     0.00000000
     0.00000000
     0.00000000
     0.01010101
     0.02020202
     0.03030303
     0.04040404
     0.05050505
     0.06060606
     0.07070707
     0.08080808
     0.09090909
     0.10101010
     0.11111111
     0.11307183
     0.11296429
     0.11314669
     0.11324990
     0.11334693
     0.11357500
     0.11381958
     0.11421293
     0.11464102
     0.11508166
     0.11552846
     0.11597676
     0.11642657
     0.11687790
     0.11733074
     0.11779723
     0.11829555
     0.11879264
     0.11929036
     0.11978989
     0.12029121
     0.12079435
     0.12129930
     0.12180607
     0.12231467
     0.12316494
     0.12407627
     0.12499339
     0.12591631
     0.12681048
     0.12743207
     0.12805625
     0.12872050
     0.12943232
     0.12998007
     0.13043358
     0.13088816
     0.13165515
     0.13198632
     0.13207509
     0.13216391
     0.13225277
     0.13234169
     0.13135940
     0.13028903
     0.12922608
     0.12817052
     0.12712233
     0.12624128
     0.12595507
     0.12566546
     0.12537642
     0.12522920
     0.12517062
     0.12511206
     0.12505352
     0.12499501
     0.12493652
     0.12487805
     0.12481961
     0.12476119
     0.12529147
     0.12591832
     0.12654784
     0.12672716
     0.12686173
     0.12699642
     0.12713124
     0.00000000
     0.00000000
     0.00000000
     0.00000000
     0.00000000
     0.00000000
     0.00000000
     0.00000000
     0.00000000
     0.00000000
     0.00000000
     0.00000000
     0.00000000
     0.00000000
     0.00000000
     0.00000000
     0.00000000
     0.00000000
     0.00000000
     0.00000000
     0.00000000
     0.01010101
     0.02020202
     0.03030303
     0.04040404
     0.05050505
     0.06060606
     0.07070707
     0.08080808
     0.09090909
     0.10101010
     0.11111111
     0.11329130
     0.11331838
     0.11350128
     0.11365162
     0.11378563
     0.11403061
     0.11427605
     0.11452196
     0.11476832
     0.11519115
     0.11563831
     0.11608699
     0.11653717
     0.11698887
     0.11744209
     0.11789683
     0.11835309
     0.11885172
     0.11935389
     0.11985789
     0.12036135
     0.12086474
     0.12136995
     0.12187697
     0.12238582
     0.12292128
     0.12383107
     0.12474663
     0.12566798
     0.12646772
     0.12708787
     0.12771062
     0.12838358
     0.12904378
     0.12959014
     0.13000983
     0.13059854
     0.13136410
     0.13175838
     0.13184702
     0.13193570
     0.13202444
     0.13177442
     0.13070118
     0.12963537
     0.12857696
     0.12752593
     0.12648225
     0.12583950
     0.12573172
     0.12548059
     0.12519191
     0.12509288
     0.12503435
     0.12497584
     0.12491736
     0.12485890
     0.12480047
     0.12474205
     0.12468366
     0.12462530
     0.12499942
     0.12562501
     0.12625329
     0.12639235
     0.12652662
     0.12666101
     0.12679552
     0.00000000
     0.00000000
     0.00000000
     0.00000000
     0.00000000
     0.00000000
     0.00000000
     0.00000000
     0.00000000
     0.00000000
     0.00000000
     0.00000000
     0.00000000
     0.00000000
     0.00000000
     0.00000000
     0.00000000
     0.00000000
     0.00000000
     0.00000000
     0.00000000
     0.01010101
     0.02020202
     0.03030303
     0.04040404
     0.05050505
     0.06060606
     0.07070707
     0.08080808
     0.09090909
     0.10101010
     0.11111111
     0.11351114
     0.11367343
     0.11385683
     0.11404048
     0.11424198
     0.11448782
     0.11473412
     0.11498088
     0.11522810
     0.11548603
     0.11575010
     0.11619731
     0.11664786
     0.11709993
     0.11755352
     0.11800864
     0.11846527
     0.11892344
     0.11941015
     0.11991436
     0.12042041
     0.12092830
     0.12143803
     0.12194790
     0.12245701
     0.12296794
     0.12358627
     0.12450028
     0.12542008
     0.12612575
     0.12674447
     0.12736577
     0.12804741
     0.12865624
     0.12920120
     0.12958725
     0.13030947
     0.13107359
     0.13153077
     0.13161928
     0.13170784
     0.13179645
     0.13111443
     0.13004576
     0.12898450
     0.12793063
     0.12688411
     0.12609179
     0.12559897
     0.12549137
     0.12529595
     0.12501518
     0.12495668
     0.12489821
     0.12483976
     0.12478133
     0.12472292
     0.12466454
     0.12460618
     0.12454785
     0.12448954
     0.12470795
     0.12533229
     0.12592446
     0.12605830
     0.12619226
     0.12632635
     0.12646055
     0.00000000
     0.00000000
     0.00000000
     0.00000000
     0.00000000
     0.00000000
     0.00000000
     0.00000000
     0.00000000
     0.00000000
     0.00000000
     0.00000000
     0.00000000
     0.00000000
     0.00000000
     0.00000000
     0.00000000
     0.00000000
     0.00000000
     0.00000000
     0.00000000
     0.01010101
     0.02020202
     0.03030303
     0.04040404
     0.05050505
     0.06060606
     0.07070707
     0.08080808
     0.09090909
     0.10101010
     0.11111111
     0.11384582
     0.11402946
     0.11421335
     0.11442527
     0.11469992
     0.11494662
     0.11519378
     0.11544140
     0.11568948
     0.11594783
     0.11621282
     0.11647834
     0.11675864
     0.11721109
     0.11766505
     0.11812054
     0.11857755
     0.11903609
     0.11949617
     0.11997086
     0.12047711
     0.12098520
     0.12149514
     0.12200694
     0.12252059
     0.12303609
     0.12355243
     0.12425435
     0.12516987
     0.12578457
     0.12640186
     0.12702173
     0.12771199
     0.12826969
     0.12878815
     0.12926206
     0.13002095
     0.13078363
     0.13130350
     0.13139188
     0.13148030
     0.13152880
     0.13045725
     0.12939313
     0.12833641
     0.12728706
     0.12653109
     0.12583581
     0.12535884
     0.12525141
     0.12511154
     0.12487906
     0.12482061
     0.12476219
     0.12470379
     0.12464542
     0.12458707
     0.12452874
     0.12447044
     0.12441216
     0.12435391
     0.12441706
     0.12504016
     0.12559146
     0.12572500
     0.12585866
     0.12599244
     0.12612635
     0.00000000
     0.00000000
     0.00000000
     0.00000000
     0.00000000
     0.00000000
     0.00000000
     0.00000000
     0.00000000
     0.00000000
     0.00000000
     0.00000000
     0.00000000
     0.00000000
     0.00000000
     0.00000000
     0.00000000
     0.00000000
     0.00000000
     0.00000000
     0.00000000
     0.01010101
     0.02020202
     0.03030303
     0.04040404
     0.05050505
     0.06060606
     0.07070707
     0.08080808
     0.09090909
     0.10101010
     0.11111111
     0.11420231
     0.11438645
     0.11457526
     0.11486193
     0.11514922
     0.11540702
     0.11565504
     0.11590352
     0.11615246
     0.11641124
     0.11667715
     0.11694358
     0.11721055
     0.11747804
     0.11777667
     0.11823253
     0.11868992
     0.11914883
     0.11960929
     0.12007127
     0.12053480
     0.12104213
     0.12155228
     0.12206428
     0.12257813
     0.12309385
     0.12361143
     0.12413088
     0.12482524
     0.12544418
     0.12606004
     0.12667848
     0.12734392
     0.12788413
     0.12836896
     0.12897551
     0.12973297
     0.13049421
     0.13107656
     0.13116481
     0.13125311
     0.13086985
     0.12980287
     0.12874330
     0.12769111
     0.12697169
     0.12627434
     0.12558027
     0.12511910
     0.12501185
     0.12490467
     0.12474306
     0.12468467
     0.12462630
     0.12456796
     0.12450964
     0.12445135
     0.12439307
     0.12433483
     0.12427660
     0.12421840
     0.12416022
     0.12474861
     0.12525923
     0.12539246
     0.12552582
     0.12565930
     0.12579290
     0.00000000
     0.00000000
     0.00000000
     0.00000000
     0.00000000
     0.00000000
     0.00000000
     0.00000000
     0.00000000
     0.00000000
     0.00000000
     0.00000000
     0.00000000
     0.00000000
     0.00000000
     0.00000000
     0.00000000
     0.00000000
     0.00000000
     0.00000000
     0.00000000
     0.01010101
     0.02020202
     0.03030303
     0.04040404
     0.05050505
     0.06060606
     0.07070707
     0.08080808
     0.09090909
     0.10101010
     0.11111111
     0.11455978
     0.11474442
     0.11501242
     0.11530004
     0.11558828
     0.11586902
     0.11611790
     0.11636725
     0.11661706
     0.11687625
     0.11714308
     0.11741044
     0.11767833
     0.11794675
     0.11821569
     0.11848517
     0.11880238
     0.11926167
     0.11972250
     0.12018486
     0.12064877
     0.12111422
     0.12160943
     0.12212164
     0.12263571
     0.12315163
     0.12366942
     0.12418908
     0.12456754
     0.12508566
     0.12570616
     0.12632930
     0.12696031
     0.12749956
     0.12795093
     0.12868950
     0.12944553
     0.13020534
     0.13084995
     0.13093807
     0.13102624
     0.13021371
     0.12915129
     0.12811633
     0.12741361
     0.12671418
     0.12601804
     0.12532518
     0.12487975
     0.12477267
     0.12466568
     0.12460719
     0.12454885
     0.12449054
     0.12443225
     0.12437399
     0.12431575
     0.12425753
     0.12419934
     0.12414117
     0.12408302
     0.12402489
     0.12445764
     0.12492774
     0.12506067
     0.12519373
     0.12532690
     0.12546020
     0.00000000
     0.00000000
     0.00000000
     0.00000000
     0.00000000
     0.00000000
     0.00000000
     0.00000000
     0.00000000
     0.00000000
     0.00000000
     0.00000000
     0.00000000
     0.00000000
     0.00000000
     0.00000000
     0.00000000
     0.00000000
     0.00000000
     0.00000000
     0.00000000
     0.01010101
     0.02020202
     0.03030303
     0.04040404
     0.05050505
     0.06060606
     0.07070707
     0.08080808
     0.09090909
     0.10101010
     0.11111111
     0.11491822
     0.11516307
     0.11545102
     0.11573959
     0.11602879
     0.11631862
     0.11658238
     0.11683259
     0.11708326
     0.11734288
     0.11761063
     0.11787891
     0.11814773
     0.11841707
     0.11868694
     0.11895735
     0.11922829
     0.11949977
     0.11983580
     0.12029855
     0.12076283
     0.12122866
     0.12169604
     0.12217903
     0.12269330
     0.12320943
     0.12372743
     0.12424730
     0.12455545
     0.12484225
     0.12534654
     0.12599378
     0.12656292
     0.12710513
     0.12763568
     0.12840053
     0.12915864
     0.12991701
     0.13062368
     0.13071167
     0.13062566
     0.12956037
     0.12856164
     0.12785684
     0.12715533
     0.12645712
     0.12576219
     0.12507053
     0.12464080
     0.12453389
     0.12442707
     0.12447144
     0.12441316
     0.12435491
     0.12429667
     0.12423846
     0.12418028
     0.12412211
     0.12406397
     0.12400586
     0.12394776
     0.12388969
     0.12416725
     0.12459701
     0.12472964
     0.12486239
     0.12499526
     0.12512826
     0.00000000
     0.00000000
     0.00000000
     0.00000000
     0.00000000
     0.00000000
     0.00000000
     0.00000000
     0.00000000
     0.00000000
     0.00000000
     0.00000000
     0.00000000
     0.00000000
     0.00000000
     0.00000000
     0.00000000
     0.00000000
     0.00000000
     0.00000000
     0.00000000
     0.01010101
     0.02020202
     0.03030303
     0.04040404
     0.05050505
     0.06060606
     0.07070707
     0.08080808
     0.09090909
     0.10101010
     0.11111111
     0.11531390
     0.11560218
     0.11589108
     0.11618061
     0.11647076
     0.11676155
     0.11704846
     0.11729954
     0.11755109
     0.11781112
     0.11807979
     0.11834900
     0.11861874
     0.11888902
     0.11915982
     0.11943116
     0.11970303
     0.11997544
     0.12024838
     0.12052186
     0.12087699
     0.12134320
     0.12181096
     0.12228027
     0.12275113
     0.12326726
     0.12378547
     0.12425716
     0.12454337
     0.12483013
     0.12511747
     0.12562782
     0.12616660
     0.12670735
     0.12730793
     0.12807111
     0.12883819
     0.12960917
     0.13038409
     0.13048560
     0.12997056
     0.12900827
     0.12830138
     0.12759779
     0.12689750
     0.12620050
     0.12550678
     0.12481632
     0.12440223
     0.12429551
     0.12419412
     0.12432786
     0.12427760
     0.12421940
     0.12416122
     0.12410306
     0.12404493
     0.12398682
     0.12392874
     0.12387068
     0.12381264
     0.12375462
     0.12387745
     0.12426702
     0.12439935
     0.12453181
     0.12466438
     0.12479707
     0.00000000
     0.00000000
     0.00000000
     0.00000000
     0.00000000
     0.00000000
     0.00000000
     0.00000000
     0.00000000
     0.00000000
     0.00000000
     0.00000000
     0.00000000
     0.00000000
     0.00000000
     0.00000000
     0.00000000
     0.00000000
     0.00000000
     0.00000000
     0.00000000
     0.01010101
     0.02020202
     0.03030303
     0.04040404
     0.05050505
     0.06060606
     0.07070707
     0.08080808
     0.09090909
     0.10101010
     0.11111111
     0.11575351
     0.11604274
     0.11633259
     0.11662308
     0.11691420
     0.11713776
     0.11717712
     0.11733591
     0.11758705
     0.11784747
     0.11811576
     0.11838457
     0.11865392
     0.11892379
     0.11919420
     0.11946513
     0.11973660
     0.12000860
     0.12028113
     0.12055420
     0.12082781
     0.12110195
     0.12146141
     0.12192907
     0.12239828
     0.12286904
     0.12334136
     0.12402786
     0.12453128
     0.12485142
     0.12517281
     0.12540220
     0.12577133
     0.12629749
     0.12698091
     0.12774241
     0.12850781
     0.12927712
     0.13005034
     0.13019690
     0.12941493
     0.12873229
     0.12804157
     0.12733920
     0.12664012
     0.12594433
     0.12525181
     0.12456256
     0.12416406
     0.12405751
     0.12400026
     0.12413382
     0.12414217
     0.12408402
     0.12402589
     0.12396779
     0.12390971
     0.12385166
     0.12379363
     0.12373562
     0.12367764
     0.12361968
     0.12358823
     0.12393779
     0.12406982
     0.12420197
     0.12433424
     0.12446663
     0.00000000
     0.00000000
     0.00000000
     0.00000000
     0.00000000
     0.00000000
     0.00000000
     0.00000000
     0.00000000
     0.00000000
     0.00000000
     0.00000000
     0.00000000
     0.00000000
     0.00000000
     0.00000000
     0.00000000
     0.00000000
     0.00000000
     0.00000000
     0.00000000
     0.01010101
     0.02020202
     0.03030303
     0.04040404
     0.05050505
     0.06060606
     0.07070707
     0.08080808
     0.09090909
     0.10101010
     0.11111111
     0.11619457
     0.11648475
     0.11677557
     0.11706702
     0.11717414
     0.11721350
     0.11725288
     0.11729642
     0.11754749
     0.11780884
     0.11807705
     0.11834579
     0.11861506
     0.11888485
     0.11915518
     0.11942604
     0.11969743
     0.11996936
     0.12024181
     0.12051481
     0.12078833
     0.12106239
     0.12133699
     0.12161213
     0.12197412
     0.12244348
     0.12291439
     0.12370778
     0.12458413
     0.12492172
     0.12524326
     0.12541201
     0.12556272
     0.12589865
     0.12665461
     0.12741444
     0.12817816
     0.12894578
     0.12971732
     0.12975448
     0.12907031
     0.12838922
     0.12771119
     0.12703623
     0.12636431
     0.12568860
     0.12499729
     0.12430924
     0.12392628
     0.12381991
     0.12380665
     0.12394003
     0.12400686
     0.12394876
     0.12389069
     0.12383265
     0.12377462
     0.12371662
     0.12365865
     0.12360069
     0.12354276
     0.12348486
     0.12342697
     0.12360931
     0.12374104
     0.12387289
     0.12400486
     0.12413695
     0.00000000
     0.00000000
     0.00000000
     0.00000000
     0.00000000
     0.00000000
     0.00000000
     0.00000000
     0.00000000
     0.00000000
     0.00000000
     0.00000000
     0.00000000
     0.00000000
     0.00000000
     0.00000000
     0.00000000
     0.00000000
     0.00000000
     0.00000000
     0.00000000
     0.01010101
     0.02020202
     0.03030303
     0.04040404
     0.05050505
     0.06060606
     0.07070707
     0.08080808
     0.09090909
     0.10101010
     0.11111111
     0.11663709
     0.11692823
     0.11717116
     0.11721052
     0.11724990
     0.11728928
     0.11732868
     0.11736809
     0.11750794
     0.11777022
     0.11803835
     0.11830702
     0.11857621
     0.11884593
     0.11911618
     0.11938696
     0.11965828
     0.11993012
     0.12020250
     0.12047542
     0.12074887
     0.12102285
     0.12129737
     0.12157243
     0.12184802
     0.12212416
     0.12252975
     0.12339894
     0.12428733
     0.12505015
     0.12538764
     0.12560405
     0.12582078
     0.12595526
     0.12632902
     0.12708718
     0.12784923
     0.12861517
     0.12946548
     0.12940909
     0.12872648
     0.12804693
     0.12737045
     0.12669702
     0.12602664
     0.12535930
     0.12469498
     0.12403369
     0.12368889
     0.12358270
     0.12361331
     0.12374651
     0.12387167
     0.12381364
     0.12375562
     0.12369763
     0.12363966
     0.12358171
     0.12352379
     0.12346589
     0.12340802
     0.12335016
     0.12329233
     0.12328157
     0.12341300
     0.12354455
     0.12367622
     0.12380801
     0.00000000
     0.00000000
     0.00000000
     0.00000000
     0.00000000
     0.00000000
     0.00000000
     0.00000000
     0.00000000
     0.00000000
     0.00000000
     0.00000000
     0.00000000
     0.00000000
     0.00000000
     0.00000000
     0.00000000
     0.00000000
     0.00000000
     0.00000000
     0.00000000
     0.01010101
     0.02020202
     0.03030303
     0.04040404
     0.05050505
     0.06060606
     0.07070707
     0.08080808
     0.09090909
     0.10101010
     0.11111111
     0.11708107
     0.11720754
     0.11724692
     0.11728630
     0.11732570
     0.11736511
     0.11740453
     0.11744396
     0.11748340
     0.11773161
     0.11799967
     0.11826825
     0.11853737
     0.11880701
     0.11907719
     0.11934789
     0.11961913
     0.11989090
     0.12016321
     0.12043604
     0.12070941
     0.12098332
     0.12125776
     0.12153274
     0.12180826
     0.12208432
     0.12261394
     0.12352270
     0.12443725
     0.12535760
     0.12585443
     0.12607153
     0.12628895
     0.12639000
     0.12641823
     0.12676064
     0.12752102
     0.12842193
     0.12935030
     0.12906449
     0.12838342
     0.12770543
     0.12703048
     0.12635859
     0.12568975
     0.12502393
     0.12436114
     0.12370137
     0.12337844
     0.12329648
     0.12339359
     0.12355182
     0.12368639
     0.12367863
     0.12362067
     0.12356273
     0.12350482
     0.12344693
     0.12338906
     0.12333122
     0.12327339
     0.12321560
     0.12315782
     0.12295459
     0.12308571
     0.12321696
     0.12334833
     0.12347982
     0.00000000
     0.00000000
     0.00000000
     0.00000000
     0.00000000
     0.00000000
     0.00000000
     0.00000000
     0.00000000
     0.00000000
     0.00000000
     0.00000000
     0.00000000
     0.00000000
     0.00000000
     0.00000000
     0.00000000
     0.00000000
     0.00000000
     0.00000000
     0.00000000
     0.01010101
     0.02020202
     0.03030303
     0.04040404
     0.05050505
     0.06060606
     0.07070707
     0.08080808
     0.09090909
     0.10101010
     0.11111111
     0.11724394
     0.11728332
     0.11732272
     0.11736213
     0.11740155
     0.11744098
     0.11748042
     0.11751987
     0.11755934
     0.11769301
     0.11796099
     0.11822950
     0.11849854
     0.11876811
     0.11903821
     0.11930884
     0.11958000
     0.11985169
     0.12012392
     0.12039668
     0.12066997
     0.12094380
     0.12121817
     0.12149307
     0.12176851
     0.12204449
     0.12276213
     0.12367184
     0.12458733
     0.12550863
     0.12628022
     0.12654050
     0.12675861
     0.12682602
     0.12685434
     0.12689453
     0.12738556
     0.12830754
     0.12923521
     0.12872067
     0.12804115
     0.12736470
     0.12669129
     0.12602094
     0.12535362
     0.12468933
     0.12402807
     0.12336981
     0.12306614
     0.12298436
     0.12312123
     0.12327916
     0.12343727
     0.12351303
     0.12348035
     0.12342797
     0.12337011
     0.12331227
     0.12325446
     0.12319667
     0.12313890
     0.12308116
     0.12302343
     0.12262834
     0.12275917
     0.12289012
     0.12302119
     0.12315238
     0.00000000
     0.00000000
     0.00000000
     0.00000000
     0.00000000
     0.00000000
     0.00000000
     0.00000000
     0.00000000
     0.00000000
     0.00000000
     0.00000000
     0.00000000
     0.00000000
     0.00000000
     0.00000000
     0.00000000
     0.00000000
     0.00000000
     0.00000000
     0.00000000
     0.01010101
     0.02020202
     0.03030303
     0.04040404
     0.05050505
     0.06060606
     0.07070707
     0.08080808
     0.09090909
     0.10101010
     0.11111111
     0.11731974
     0.11735914
     0.11739856
     0.11743799
     0.11747743
     0.11751689
     0.11755635
     0.11759583
     0.11763729
     0.11768924
     0.11792233
     0.11819076
     0.11845972
     0.11872921
     0.11899924
     0.11926979
     0.11954087
     0.11981249
     0.12008464
     0.12035732
     0.12063054
     0.12090429
     0.12117858
     0.12145341
     0.12172877
     0.12200558
     0.12291047
     0.12382112
     0.12473756
     0.12560969
     0.12637458
     0.12701096
     0.12722976
     0.12726333
     0.12729173
     0.12750732
     0.12773063
     0.12819324
     0.12894747
     0.12837763
     0.12769966
     0.12702474
     0.12635288
     0.12568406
     0.12501827
     0.12435550
     0.12369576
     0.12303902
     0.12275452
     0.12269193
     0.12284939
     0.12300702
     0.12316483
     0.12329864
     0.12326602
     0.12323340
     0.12320079
     0.12316819
     0.12311998
     0.12306224
     0.12300453
     0.12294684
     0.12288917
     0.12231757
     0.12243338
     0.12256403
     0.12269480
     0.12282569
     0.00000000
     0.00000000
     0.00000000
     0.00000000
     0.00000000
     0.00000000
     0.00000000
     0.00000000
     0.00000000
     0.00000000
     0.00000000
     0.00000000
     0.00000000
     0.00000000
     0.00000000
     0.00000000
     0.00000000
     0.00000000
     0.00000000
     0.00000000
     0.00000000
     0.01010101
     0.02020202
     0.03030303
     0.04040404
     0.05050505
     0.06060606
     0.07070707
     0.08080808
     0.09090909
     0.10101010
     0.11111111
     0.11739558
     0.11743501
     0.11747445
     0.11751390
     0.11755337
     0.11759284
     0.11763233
     0.11767183
     0.11771633
     0.11776831
     0.11788367
     0.11815203
     0.11842092
     0.11869033
     0.11896028
     0.11923075
     0.11950176
     0.11977330
     0.12004537
     0.12031798
     0.12059112
     0.12086480
     0.12113901
     0.12141376
     0.12168904
     0.12215313
     0.12305896
     0.12397056
     0.12488795
     0.12570362
     0.12646901
     0.12723837
     0.12767344
     0.12770192
     0.12789872
     0.12812263
     0.12834686
     0.12857143
     0.12858578
     0.12803537
     0.12735894
     0.12668556
     0.12601524
     0.12534794
     0.12468368
     0.12402244
     0.12336421
     0.12270899
     0.12244358
     0.12242090
     0.12257806
     0.12273540
     0.12289290
     0.12305058
     0.12305200
     0.12301943
     0.12298687
     0.12295432
     0.12292177
     0.12288923
     0.12285670
     0.12281265
     0.12273591
     0.12214082
     0.12210833
     0.12223868
     0.12236915
     0.12249974
     0.12263045
     0.00000000
     0.00000000
     0.00000000
     0.00000000
     0.00000000
     0.00000000
     0.00000000
     0.00000000
     0.00000000
     0.00000000
     0.00000000
     0.00000000
     0.00000000
     0.00000000
     0.00000000
     0.00000000
     0.00000000
     0.00000000
     0.00000000
     0.00000000
     0.01010101
     0.02020202
     0.03030303
     0.04040404
     0.05050505
     0.06060606
     0.07070707
     0.08080808
     0.09090909
     0.10101010
     0.11111111
     0.11747146
     0.11751092
     0.11755038
     0.11758985
     0.11762934
     0.11766884
     0.11770834
     0.11774786
     0.11779541
     0.11784742
     0.11789945
     0.11811331
     0.11838212
     0.11865146
     0.11892133
     0.11919173
     0.11946266
     0.11973412
     0.12000612
     0.12027865
     0.12055171
     0.12082531
     0.12109945
     0.12137412
     0.12164932
     0.12230084
     0.12320761
     0.12412015
     0.12503571
     0.12579761
     0.12656349
     0.12733334
     0.12804391
     0.12829116
     0.12851564
     0.12874047
     0.12896562
     0.12908809
     0.12846945
     0.12769389
     0.12701900
     0.12634716
     0.12567837
     0.12501260
     0.12434987
     0.12369014
     0.12303343
     0.12237972
     0.12213332
     0.12215039
     0.12230725
     0.12246429
     0.12262150
     0.12277888
     0.12283830
     0.12280578
     0.12277327
     0.12274076
     0.12270827
     0.12267578
     0.12264329
     0.12261082
     0.12251598
     0.12194676
     0.12178402
     0.12191407
     0.12204425
     0.12221206
     0.12238290
     0.00000000
     0.00000000
     0.00000000
     0.00000000
     0.00000000
     0.00000000
     0.00000000
     0.00000000
     0.00000000
     0.00000000
     0.00000000
     0.00000000
     0.00000000
     0.00000000
     0.00000000
     0.00000000
     0.00000000
     0.00000000
     0.00000000
     0.00000000
     0.01010101
     0.02020202
     0.03030303
     0.04040404
     0.05050505
     0.06060606
     0.07070707
     0.08080808
     0.09090909
     0.10101010
     0.11111111
     0.11754739
     0.11758687
     0.11762635
     0.11766585
     0.11770535
     0.11774487
     0.11778440
     0.11782395
     0.11787454
     0.11792658
     0.11797864
     0.11807461
     0.11834334
     0.11861260
     0.11888239
     0.11915272
     0.11942357
     0.11969496
     0.11996688
     0.12023933
     0.12051232
     0.12078584
     0.12105989
     0.12133449
     0.12160962
     0.12244870
     0.12335641
     0.12426990
     0.12512927
     0.12589166
     0.12665803
     0.12742838
     0.12817900
     0.12890969
     0.12913510
     0.12936085
     0.12958693
     0.12906900
     0.12845044
     0.12761076
     0.12667984
     0.12600953
     0.12534227
     0.12467803
     0.12401682
     0.12335861
     0.12270341
     0.12205121
     0.12182373
     0.12188039
     0.12203696
     0.12219369
     0.12235060
     0.12250769
     0.12262492
     0.12259245
     0.12255999
     0.12252753
     0.12249508
     0.12246264
     0.12243021
     0.12239778
     0.12225989
     0.12170764
     0.12144100
     0.12163773
     0.12183474
     0.12202836
     0.12217043
     0.00000000
     0.00000000
     0.00000000
     0.00000000
     0.00000000
     0.00000000
     0.00000000
     0.00000000
     0.00000000
     0.00000000
     0.00000000
     0.00000000
     0.00000000
     0.00000000
     0.00000000
     0.00000000
     0.00000000
     0.00000000
     0.00000000
     0.00000000
     0.01010101
     0.02020202
     0.03030303
     0.04040404
     0.05050505
     0.06060606
     0.07070707
     0.08080808
     0.09090909
     0.10101010
     0.11111111
     0.11762336
     0.11766286
     0.11770236
     0.11774188
     0.11778141
     0.11782095
     0.11786051
     0.11790167
     0.11795372
     0.11800579
     0.11805788
     0.11810999
     0.11830457
     0.11857375
     0.11884347
     0.11911371
     0.11938449
     0.11965580
     0.11992764
     0.12020002
     0.12047293
     0.12074637
     0.12102035
     0.12129487
     0.12169381
     0.12259671
     0.12350537
     0.12441981
     0.12522290
     0.12598578
     0.12675263
     0.12752347
     0.12836920
     0.12922211
     0.12975710
     0.12998377
     0.12967093
     0.12904992
     0.12843144
     0.12760987
     0.12661167
     0.12567268
     0.12500694
     0.12434423
     0.12368453
     0.12302784
     0.12237416
     0.12172346
     0.12151482
     0.12161091
     0.12176718
     0.12192362
     0.12208023
     0.12223701
     0.12239397
     0.12237944
     0.12234703
     0.12231462
     0.12228222
     0.12224982
     0.12225207
     0.12225714
     0.12211368
     0.12158334
     0.12117375
     0.12137011
     0.12156674
     0.12176365
     0.12190115
     0.00000000
     0.00000000
     0.00000000
     0.00000000
     0.00000000
     0.00000000
     0.00000000
     0.00000000
     0.00000000
     0.00000000
     0.00000000
     0.00000000
     0.00000000
     0.00000000
     0.00000000
     0.00000000
     0.00000000
     0.00000000
     0.00000000
     0.00000000
     0.01010101
     0.02020202
     0.03030303
     0.04040404
     0.05050505
     0.06060606
     0.07070707
     0.08080808
     0.09090909
     0.10101010
     0.11111111
     0.11769937
     0.11773889
     0.11777842
     0.11781796
     0.11785751
     0.11789708
     0.11793665
     0.11798086
     0.11803294
     0.11808504
     0.11813716
     0.11818930
     0.11826580
     0.11853491
     0.11880455
     0.11907472
     0.11934542
     0.11961666
     0.11988842
     0.12016072
     0.12043356
     0.12070692
     0.12098082
     0.12125526
     0.12184104
     0.12274488
     0.12365448
     0.12455718
     0.12531658
     0.12607995
     0.12684729
     0.12767585
     0.12855964
     0.12941362
     0.13027243
     0.13027525
     0.12965177
     0.12903084
     0.12841243
     0.12760899
     0.12661079
     0.12561928
     0.12467238
     0.12401119
     0.12335301
     0.12269784
     0.12204566
     0.12139647
     0.12120659
     0.12134194
     0.12149791
     0.12165405
     0.12181036
     0.12196685
     0.12212351
     0.12216675
     0.12215017
     0.12215523
     0.12216030
     0.12216537
     0.12217044
     0.12217551
     0.12198902
     0.12145916
     0.12093128
     0.12110299
     0.12129925
     0.12149579
     0.12160205
     0.00000000
     0.00000000
     0.00000000
     0.00000000
     0.00000000
     0.00000000
     0.00000000
     0.00000000
     0.00000000
     0.00000000
     0.00000000
     0.00000000
     0.00000000
     0.00000000
     0.00000000
     0.00000000
     0.00000000
     0.00000000
     0.00000000
     0.00000000
     0.01010101
     0.02020202
     0.03030303
     0.04040404
     0.05050505
     0.06060606
     0.07070707
     0.08080808
     0.09090909
     0.10101010
     0.11111111
     0.11777543
     0.11781497
     0.11785452
     0.11789408
     0.11793366
     0.11797324
     0.11801284
     0.11806010
     0.11811221
     0.11816434
     0.11821649
     0.11826866
     0.11832085
     0.11849609
     0.11876565
     0.11903574
     0.11930637
     0.11957752
     0.11984921
     0.12012144
     0.12039419
     0.12066748
     0.12094131
     0.12121567
     0.12198843
     0.12289321
     0.12380375
     0.12465043
     0.12541033
     0.12617418
     0.12694202
     0.12790008
     0.12875033
     0.12960538
     0.13030139
     0.13025601
     0.12963261
     0.12901176
     0.12839343
     0.12760810
     0.12660991
     0.12561841
     0.12463356
     0.12367892
     0.12302226
     0.12236860
     0.12171793
     0.12107024
     0.12091799
     0.12107349
     0.12122916
     0.12138500
     0.12154102
     0.12173150
     0.12192527
     0.12206353
     0.12206860
     0.12207366
     0.12207873
     0.12208379
     0.12208886
     0.12209392
     0.12186448
     0.12133508
     0.12080767
     0.12083639
     0.12103227
     0.12121058
     0.12130359
     0.00000000
     0.00000000
     0.00000000
     0.00000000
     0.00000000
     0.00000000
     0.00000000
     0.00000000
     0.00000000
     0.00000000
     0.00000000
     0.00000000
     0.00000000
     0.00000000
     0.00000000
     0.00000000
     0.00000000
     0.00000000
     0.00000000
     0.00000000
     0.01010101
     0.02020202
     0.03030303
     0.04040404
     0.05050505
     0.06060606
     0.07070707
     0.08080808
     0.09090909
     0.10101010
     0.11111111
     0.11785153
     0.11789109
     0.11793066
     0.11797025
     0.11800984
     0.11804945
     0.11808907
     0.11813939
     0.11819153
     0.11824369
     0.11829587
     0.11834807
     0.11840029
     0.11845727
     0.11872676
     0.11899677
     0.11926732
     0.11953840
     0.11981001
     0.12008216
     0.12035484
     0.12062805
     0.12090180
     0.12123599
     0.12213596
     0.12304168
     0.12395317
     0.12474375
     0.12550413
     0.12626848
     0.12704319
     0.12808993
     0.12894125
     0.12976723
     0.12982019
     0.12987318
     0.12961346
     0.12899268
     0.12837443
     0.12760721
     0.12660903
     0.12561753
     0.12463269
     0.12365448
     0.12269227
     0.12204011
     0.12139095
     0.12074476
     0.12065035
     0.12082098
     0.12101350
     0.12120628
     0.12139933
     0.12159264
     0.12178622
     0.12198006
     0.12198708
     0.12199214
     0.12199720
     0.12200226
     0.12200732
     0.12201239
     0.12174005
     0.12121112
     0.12068417
     0.12057029
     0.12076580
     0.12091294
     0.12100576
     0.00000000
     0.00000000
     0.00000000
     0.00000000
     0.00000000
     0.00000000
     0.00000000
     0.00000000
     0.00000000
     0.00000000
     0.00000000
     0.00000000
     0.00000000
     0.00000000
     0.00000000
     0.00000000
     0.00000000
     0.00000000
     0.00000000
     0.00000000
     0.01010101
     0.02020202
     0.03030303
     0.04040404
     0.05050505
     0.06060606
     0.07070707
     0.08080808
     0.09090909
     0.10101010
     0.11111111
     0.11792767
     0.11796725
     0.11800685
     0.11804645
     0.11808607
     0.11812570
     0.11816657
     0.11821872
     0.11827089
     0.11832308
     0.11837529
     0.11842752
     0.11847977
     0.11853204
     0.11868788
     0.11895782
     0.11922829
     0.11949929
     0.11977083
     0.12004289
     0.12031550
     0.12058863
     0.12086230
     0.12138274
     0.12228365
     0.12319031
     0.12408022
     0.12483713
     0.12559799
     0.12636283
     0.12727805
     0.12828001
     0.12913241
     0.12928771
     0.12934051
     0.12939333
     0.12944616
     0.12897361
     0.12835544
     0.12760632
     0.12660815
     0.12561665
     0.12463182
     0.12365361
     0.12268201
     0.12171698
     0.12109542
     0.12048405
     0.12049095
     0.12068302
     0.12087535
     0.12106794
     0.12126080
     0.12145392
     0.12164731
     0.12184096
     0.12190560
     0.12191066
     0.12191572
     0.12192078
     0.12192584
     0.12193090
     0.12161573
     0.12108726
     0.12056077
     0.12030469
     0.12049983
     0.12061593
     0.12070855
     0.00000000
     0.00000000
     0.00000000
     0.00000000
     0.00000000
     0.00000000
     0.00000000
     0.00000000
     0.00000000
     0.00000000
     0.00000000
     0.00000000
     0.00000000
     0.00000000
     0.00000000
     0.00000000
     0.00000000
     0.00000000
     0.00000000
     0.00000000
     0.01010101
     0.02020202
     0.03030303
     0.04040404
     0.05050505
     0.06060606
     0.07070707
     0.08080808
     0.09090909
     0.10101010
     0.11111111
     0.11800385
     0.11804346
     0.11808307
     0.11812270
     0.11816234
     0.11820200
     0.11824592
     0.11829810
     0.11835030
     0.11840252
     0.11845476
     0.11850702
     0.11855930
     0.11861160
     0.11866392
     0.11891887
     0.11918926
     0.11946019
     0.11973165
     0.12000364
     0.12027617
     0.12054922
     0.12082282
     0.12152964
     0.12243150
     0.12333910
     0.12417317
     0.12493056
     0.12569192
     0.12645724
     0.12751329
     0.12847034
     0.12875710
     0.12880971
     0.12886234
     0.12891499
     0.12896766
     0.12895453
     0.12833644
     0.12760544
     0.12660727
     0.12561578
     0.12465006
     0.12371795
     0.12279183
     0.12187169
     0.12095748
     0.12027673
     0.12035332
     0.12054519
     0.12073733
     0.12092974
     0.12112241
     0.12131534
     0.12150854
     0.12170200
     0.12182418
     0.12182923
     0.12183429
     0.12183934
     0.12184440
     0.12184946
     0.12149151
     0.12096351
     0.12043749
     0.12003960
     0.12022720
     0.12031956
     0.12041198
     0.00000000
     0.00000000
     0.00000000
     0.00000000
     0.00000000
     0.00000000
     0.00000000
     0.00000000
     0.00000000
     0.00000000
     0.00000000
     0.00000000
     0.00000000
     0.00000000
     0.00000000
     0.00000000
     0.00000000
     0.00000000
     0.00000000
     0.00000000
     0.01010101
     0.02020202
     0.03030303
     0.04040404
     0.05050505
     0.06060606
     0.07070707
     0.08080808
     0.09090909
     0.10101010
     0.11111111
     0.11808008
     0.11811970
     0.11815934
     0.11819899
     0.11823866
     0.11827833
     0.11832531
     0.11837752
     0.11842975
     0.11848200
     0.11853427
     0.11858657
     0.11863888
     0.11869121
     0.11874356
     0.11887993
     0.11915025
     0.11942110
     0.11969248
     0.11996440
     0.12023685
     0.12050983
     0.12078334
     0.12167670
     0.12257949
     0.12348804
     0.12426618
     0.12502406
     0.12578590
     0.12664708
     0.12774889
     0.12822833
     0.12828076
     0.12833321
     0.12838568
     0.12843816
     0.12849066
     0.12854318
     0.12831745
     0.12764765
     0.12669637
     0.12575116
     0.12481200
     0.12387885
     0.12295170
     0.12203052
     0.12111529
     0.12023874
     0.12021582
     0.12040750
     0.12059946
     0.12079167
     0.12098415
     0.12117689
     0.12136990
     0.12156317
     0.12174279
     0.12174785
     0.12175290
     0.12175795
     0.12176301
     0.12176806
     0.12136741
     0.12083987
     0.12031431
     0.11979073
     0.11993164
     0.12002381
     0.12011604
     0.00000000
     0.00000000
     0.00000000
     0.00000000
     0.00000000
     0.00000000
     0.00000000
     0.00000000
     0.00000000
     0.00000000
     0.00000000
     0.00000000
     0.00000000
     0.00000000
     0.00000000
     0.00000000
     0.00000000
     0.00000000
     0.00000000
     0.00000000
     0.01010101
     0.02020202
     0.03030303
     0.04040404
     0.05050505
     0.06060606
     0.07070707
     0.08080808
     0.09090909
     0.10101010
     0.11111111
     0.11815634
     0.11819599
     0.11823566
     0.11827533
     0.11831501
     0.11835471
     0.11840475
     0.11845699
     0.11850925
     0.11856153
     0.11861383
     0.11866616
     0.11871850
     0.11877086
     0.11882324
     0.11887564
     0.11911125
     0.11938202
     0.11965333
     0.11992517
     0.12019754
     0.12047044
     0.12092592
     0.12182391
     0.12272764
     0.12360482
     0.12435925
     0.12511762
     0.12587995
     0.12688131
     0.12768243
     0.12775367
     0.12780593
     0.12785822
     0.12791052
     0.12796937
     0.12803785
     0.12810636
     0.12817490
     0.12781292
     0.12686059
     0.12591433
     0.12497411
     0.12403993
     0.12311174
     0.12218953
     0.12127834
     0.12067457
     0.12039744
     0.12026995
     0.12046171
     0.12065374
     0.12084603
     0.12103858
     0.12123140
     0.12142448
     0.12161783
     0.12166651
     0.12167156
     0.12167661
     0.12168166
     0.12168671
     0.12124341
     0.12071634
     0.12019125
     0.11966812
     0.11963672
     0.11972869
     0.11982072
     0.00000000
     0.00000000
     0.00000000
     0.00000000
     0.00000000
     0.00000000
     0.00000000
     0.00000000
     0.00000000
     0.00000000
     0.00000000
     0.00000000
     0.00000000
     0.00000000
     0.00000000
     0.00000000
     0.00000000
     0.00000000
     0.00000000
     0.00000000
     0.01010101
     0.02020202
     0.03030303
     0.04040404
     0.05050505
     0.06060606
     0.07070707
     0.08080808
     0.09090909
     0.10101010
     0.11111111
     0.11823265
     0.11827233
     0.11831201
     0.11835171
     0.11839141
     0.11843198
     0.11848423
     0.11853651
     0.11858880
     0.11864111
     0.11869344
     0.11874579
     0.11879817
     0.11885056
     0.11890297
     0.11895540
     0.11907226
     0.11934296
     0.11961418
     0.11988595
     0.12015824
     0.12043107
     0.12107235
     0.12197128
     0.12287595
     0.12369747
     0.12445238
     0.12521123
     0.12601878
     0.12690626
     0.12722843
     0.12728051
     0.12734710
     0.12741530
     0.12748352
     0.12755178
     0.12762007
     0.12768838
     0.12775673
     0.12775930
     0.12702498
     0.12607767
     0.12513641
     0.12420119
     0.12327196
     0.12235325
     0.12159066
     0.12111176
     0.12083377
     0.12055632
     0.12032411
     0.12051594
     0.12070804
     0.12090040
     0.12109303
     0.12128593
     0.12147908
     0.12158522
     0.12159027
     0.12159531
     0.12160036
     0.12160541
     0.12111953
     0.12059292
     0.12006829
     0.11954563
     0.11934242
     0.11943420
     0.11952603
     0.00000000
     0.00000000
     0.00000000
     0.00000000
     0.00000000
     0.00000000
     0.00000000
     0.00000000
     0.00000000
     0.00000000
     0.00000000
     0.00000000
     0.00000000
     0.00000000
     0.00000000
     0.00000000
     0.00000000
     0.00000000
     0.00000000
     0.00000000
     0.01010101
     0.02020202
     0.03030303
     0.04040404
     0.05050505
     0.06060606
     0.07070707
     0.08080808
     0.09090909
     0.10101010
     0.11111111
     0.11830901
     0.11834870
     0.11838841
     0.11842813
     0.11846786
     0.11851148
     0.11856376
     0.11861607
     0.11866839
     0.11872073
     0.11877309
     0.11882548
     0.11887788
     0.11893030
     0.11898274
     0.11903521
     0.11908769
     0.11930390
     0.11957505
     0.11984674
     0.12011895
     0.12039170
     0.12121893
     0.12211880
     0.12302441
     0.12379017
     0.12454557
     0.12530491
     0.12614138
     0.12651568
     0.12679533
     0.12686327
     0.12693125
     0.12699925
     0.12706729
     0.12713535
     0.12720345
     0.12727158
     0.12733974
     0.12735834
     0.12703926
     0.12624120
     0.12529889
     0.12436262
     0.12343634
     0.12266795
     0.12190367
     0.12155032
     0.12127145
     0.12099315
     0.12071539
     0.12043818
     0.12057019
     0.12076237
     0.12095480
     0.12114751
     0.12134047
     0.12150398
     0.12150902
     0.12151407
     0.12151911
     0.12152387
     0.12099575
     0.12046961
     0.11994544
     0.11918489
     0.11904875
     0.11914033
     0.11923197
     0.00000000
     0.00000000
     0.00000000
     0.00000000
     0.00000000
     0.00000000
     0.00000000
     0.00000000
     0.00000000
     0.00000000
     0.00000000
     0.00000000
     0.00000000
     0.00000000
     0.00000000
     0.00000000
     0.00000000
     0.00000000
     0.00000000
     0.00000000
     0.01010101
     0.02020202
     0.03030303
     0.04040404
     0.05050505
     0.06060606
     0.07070707
     0.08080808
     0.09090909
     0.10101010
     0.11111111
     0.11838540
     0.11842512
     0.11846485
     0.11850459
     0.11854434
     0.11859103
     0.11864334
     0.11869568
     0.11874803
     0.11880040
     0.11885279
     0.11890521
     0.11895764
     0.11901009
     0.11906257
     0.11911506
     0.11916757
     0.11926486
     0.11953593
     0.11980754
     0.12007968
     0.12047059
     0.12136566
     0.12226647
     0.12313100
     0.12391612
     0.12470937
     0.12543843
     0.12579080
     0.12616420
     0.12638102
     0.12644877
     0.12651655
     0.12658437
     0.12665221
     0.12672009
     0.12678799
     0.12685593
     0.12692390
     0.12695847
     0.12664024
     0.12632270
     0.12546156
     0.12452767
     0.12375344
     0.12298334
     0.12227052
     0.12199024
     0.12171051
     0.12143133
     0.12115271
     0.12087463
     0.12059711
     0.12062446
     0.12081671
     0.12100922
     0.12120200
     0.12139504
     0.12142782
     0.12143286
     0.12143790
     0.12139974
     0.12087208
     0.12034640
     0.11982270
     0.11879570
     0.11875571
     0.11884709
     0.11893853
     0.00000000
     0.00000000
     0.00000000
     0.00000000
     0.00000000
     0.00000000
     0.00000000
     0.00000000
     0.00000000
     0.00000000
     0.00000000
     0.00000000
     0.00000000
     0.00000000
     0.00000000
     0.00000000
     0.00000000
     0.00000000
     0.00000000
     0.00000000
     0.01010101
     0.02020202
     0.03030303
     0.04040404
     0.05050505
     0.06060606
     0.07070707
     0.08080808
     0.09090909
     0.10101010
     0.11111111
     0.11846184
     0.11850158
     0.11854133
     0.11858109
     0.11862087
     0.11867062
     0.11872297
     0.11877533
     0.11882771
     0.11888012
     0.11893254
     0.11898498
     0.11903745
     0.11908993
     0.11914243
     0.11919496
     0.11924750
     0.11930006
     0.11949682
     0.11976835
     0.12004041
     0.12063182
     0.12156695
     0.12250831
     0.12334836
     0.12413850
     0.12493297
     0.12506947
     0.12544104
     0.12581356
     0.12596786
     0.12603542
     0.12610302
     0.12617064
     0.12623829
     0.12630598
     0.12637370
     0.12644145
     0.12650922
     0.12655966
     0.12624229
     0.12592560
     0.12561269
     0.12484716
     0.12407123
     0.12329943
     0.12271269
     0.12243153
     0.12215093
     0.12187089
     0.12159139
     0.12131245
     0.12103406
     0.12075622
     0.12067876
     0.12087108
     0.12106367
     0.12125652
     0.12134667
     0.12135171
     0.12135675
     0.12127572
     0.12074852
     0.12022331
     0.11970007
     0.11840760
     0.11846328
     0.11855447
     0.11944151
     0.00000000
     0.00000000
     0.00000000
     0.00000000
     0.00000000
     0.00000000
     0.00000000
     0.00000000
     0.00000000
     0.00000000
     0.00000000
     0.00000000
     0.00000000
     0.00000000
     0.00000000
     0.00000000
     0.00000000
     0.00000000
     0.00000000
     0.00000000
     0.01010101
     0.02020202
     0.03030303
     0.04040404
     0.05050505
     0.06060606
     0.07070707
     0.08080808
     0.09090909
     0.10101010
     0.11111111
     0.11853832
     0.11857808
     0.11861786
     0.11865764
     0.11869791
     0.11875026
     0.11880264
     0.11885503
     0.11890744
     0.11895988
     0.11901233
     0.11906481
     0.11911730
     0.11916981
     0.11922235
     0.11927490
     0.11932747
     0.11938007
     0.11949199
     0.11980204
     0.12011278
     0.12091372
     0.12185073
     0.12278285
     0.12356987
     0.12436122
     0.12447730
     0.12472144
     0.12509212
     0.12546375
     0.12555586
     0.12562323
     0.12569064
     0.12575807
     0.12582554
     0.12589303
     0.12596056
     0.12602812
     0.12609571
     0.12616193
     0.12584541
     0.12555170
     0.12538502
     0.12516736
     0.12438972
     0.12361622
     0.12315623
     0.12287420
     0.12259273
     0.12231181
     0.12203144
     0.12175163
     0.12147237
     0.12119367
     0.12091551
     0.12073307
     0.12092547
     0.12111813
     0.12126556
     0.12127060
     0.12127563
     0.12115180
     0.12062507
     0.12010032
     0.11943115
     0.11808055
     0.11844035
     0.11940819
     0.12038286
     0.00000000
     0.00000000
     0.00000000
     0.00000000
     0.00000000
     0.00000000
     0.00000000
     0.00000000
     0.00000000
     0.00000000
     0.00000000
     0.00000000
     0.00000000
     0.00000000
     0.00000000
     0.00000000
     0.00000000
     0.00000000
     0.00000000
     0.00000000
     0.01010101
     0.02020202
     0.03030303
     0.04040404
     0.05050505
     0.06060606
     0.07070707
     0.08080808
     0.09090909
     0.10101010
     0.11111111
     0.11861485
     0.11865463
     0.11869443
     0.11873423
     0.11877757
     0.11882995
     0.11888235
     0.11893478
     0.11898722
     0.11903969
     0.11909217
     0.11914467
     0.11919720
     0.11924974
     0.11931723
     0.11940824
     0.11949931
     0.11959044
     0.11968163
     0.11989765
     0.12026352
     0.12119619
     0.12213508
     0.12300348
     0.12379172
     0.12408413
     0.12400537
     0.12437423
     0.12474403
     0.12507786
     0.12514502
     0.12521220
     0.12527941
     0.12534666
     0.12541394
     0.12548124
     0.12554858
     0.12561595
     0.12568335
     0.12575078
     0.12549074
     0.12532413
     0.12515770
     0.12499147
     0.12470891
     0.12393371
     0.12360115
     0.12331824
     0.12303590
     0.12275410
     0.12247287
     0.12219218
     0.12191205
     0.12163248
     0.12135346
     0.12107498
     0.12079706
     0.12097988
     0.12117261
     0.12118954
     0.12119457
     0.12102800
     0.12050173
     0.11997744
     0.11904126
     0.11840727
     0.11937488
     0.12034932
     0.12133061
     0.00000000
     0.00000000
     0.00000000
     0.00000000
     0.00000000
     0.00000000
     0.00000000
     0.00000000
     0.00000000
     0.00000000
     0.00000000
     0.00000000
     0.00000000
     0.00000000
     0.00000000
     0.00000000
     0.00000000
     0.00000000
     0.00000000
     0.00000000
     0.01010101
     0.02020202
     0.03030303
     0.04040404
     0.05050505
     0.06060606
     0.07070707
     0.08080808
     0.09090909
     0.10101010
     0.11111111
     0.11869141
     0.11873122
     0.11877104
     0.11881087
     0.11885727
     0.11890968
     0.11896212
     0.11901457
     0.11906705
     0.11911954
     0.11917205
     0.11925859
     0.11934956
     0.11944059
     0.11953168
     0.11962283
     0.11971405
     0.11980532
     0.11989665
     0.11999332
     0.12054468
     0.12147923
     0.12242001
     0.12322445
     0.12369202
     0.12352248
     0.12365988
     0.12402786
     0.12439678
     0.12466836
     0.12473532
     0.12480232
     0.12486934
     0.12493640
     0.12500349
     0.12507061
     0.12513776
     0.12520494
     0.12527215
     0.12539021
     0.12526326
     0.12509690
     0.12493074
     0.12476476
     0.12459897
     0.12433179
     0.12404745
     0.12376367
     0.12348044
     0.12319777
     0.12291566
     0.12263411
     0.12235311
     0.12207266
     0.12179277
     0.12151343
     0.12123464
     0.12095640
     0.12103431
     0.12110852
     0.12111355
     0.12090430
     0.12037850
     0.11989489
     0.11892568
     0.11934158
     0.12031578
     0.12129684
     0.12228479
     0.00000000
     0.00000000
     0.00000000
     0.00000000
     0.00000000
     0.00000000
     0.00000000
     0.00000000
     0.00000000
     0.00000000
     0.00000000
     0.00000000
     0.00000000
     0.00000000
     0.00000000
     0.00000000
     0.00000000
     0.00000000
     0.00000000
     0.00000000
     0.01010101
     0.02020202
     0.03030303
     0.04040404
     0.05050505
     0.06060606
     0.07070707
     0.08080808
     0.09090909
     0.10101010
     0.11111111
     0.11876802
     0.11880785
     0.11884769
     0.11888754
     0.11893702
     0.11898946
     0.11904193
     0.11910910
     0.11919997
     0.11929090
     0.11938190
     0.11947295
     0.11956406
     0.11965524
     0.11974647
     0.11983776
     0.11992912
     0.12002053
     0.12011200
     0.12020354
     0.12082640
     0.12176283
     0.12265943
     0.12330099
     0.12313191
     0.12296302
     0.12331521
     0.12368231
     0.12405035
     0.12426000
     0.12432678
     0.12439359
     0.12446042
     0.12452729
     0.12459419
     0.12466112
     0.12472808
     0.12479508
     0.12486210
     0.12514221
     0.12503613
     0.12487003
     0.12470412
     0.12453840
     0.12437287
     0.12443592
     0.12449513
     0.12421047
     0.12392637
     0.12364282
     0.12335983
     0.12307740
     0.12279553
     0.12251421
     0.12223345
     0.12195324
     0.12167358
     0.12139447
     0.12111592
     0.12102755
     0.12103258
     0.12078071
     0.12044279
     0.12005265
     0.11930829
     0.12028225
     0.12126308
     0.12225079
     0.12324542
     0.00000000
     0.00000000
     0.00000000
     0.00000000
     0.00000000
     0.00000000
     0.00000000
     0.00000000
     0.00000000
     0.00000000
     0.00000000
     0.00000000
     0.00000000
     0.00000000
     0.00000000
     0.00000000
     0.00000000
     0.00000000
     0.00000000
     0.00000000
     0.01010101
     0.02020202
     0.03030303
     0.04040404
     0.05050505
     0.06060606
     0.07070707
     0.08080808
     0.09090909
     0.10101010
     0.11111111
     0.11853594
     0.11868052
     0.11882525
     0.11896435
     0.11905054
     0.11914138
     0.11923227
     0.11932323
     0.11941424
     0.11950532
     0.11959645
     0.11968765
     0.11977890
     0.11987022
     0.11996159
     0.12005303
     0.12014452
     0.12023608
     0.12032769
     0.12041937
     0.12112339
     0.12204701
     0.12287987
     0.12274239
     0.12257397
     0.12260609
     0.12297138
     0.12333759
     0.12370475
     0.12385280
     0.12391939
     0.12398600
     0.12405265
     0.12411934
     0.12418605
     0.12425279
     0.12431956
     0.12438636
     0.12456272
     0.12489462
     0.12480935
     0.12464351
     0.12447786
     0.12431240
     0.12414713
     0.12436819
     0.12466132
     0.12465865
     0.12437367
     0.12408925
     0.12380538
     0.12352208
     0.12323933
     0.12295713
     0.12267550
     0.12239441
     0.12211389
     0.12183391
     0.12155449
     0.12127857
     0.12114188
     0.12099284
     0.12083430
     0.12000844
     0.12024873
     0.12122932
     0.12221680
     0.12321119
     0.12421252
     0.00000000
     0.00000000
     0.00000000
     0.00000000
     0.00000000
     0.00000000
     0.00000000
     0.00000000
     0.00000000
     0.00000000
     0.00000000
     0.00000000
     0.00000000
     0.00000000
     0.00000000
     0.00000000
     0.00000000
     0.00000000
     0.00000000
     0.00000000
     0.01010101
     0.02020202
     0.03030303
     0.04040404
     0.05050505
     0.06060606
     0.07070707
     0.08080808
     0.09090909
     0.10101010
     0.11111111
     0.11819424
     0.11836998
     0.11854595
     0.11872517
     0.11891412
     0.11910333
     0.11929281
     0.11948254
     0.11962885
     0.11972006
     0.11981134
     0.11990268
     0.11999407
     0.12008553
     0.12017705
     0.12026862
     0.12036026
     0.12045196
     0.12054372
     0.12081283
     0.12152718
     0.12231620
     0.12235394
     0.12218597
     0.12201821
     0.12226396
     0.12262836
     0.12299370
     0.12335998
     0.12344674
     0.12351314
     0.12357957
     0.12364603
     0.12371252
     0.12377905
     0.12384560
     0.12391219
     0.12398554
     0.12431613
     0.12464746
     0.12458293
     0.12441735
     0.12425195
     0.12408675
     0.12400808
     0.12430049
     0.12459349
     0.12488708
     0.12482236
     0.12453706
     0.12425232
     0.12396813
     0.12368450
     0.12340144
     0.12311892
     0.12283697
     0.12255557
     0.12227472
     0.12199443
     0.12171469
     0.12153714
     0.12138590
     0.12114425
     0.12021522
     0.12119558
     0.12218281
     0.12317697
     0.12417806
     0.12518613
     0.00000000
     0.00000000
     0.00000000
     0.00000000
     0.00000000
     0.00000000
     0.00000000
     0.00000000
     0.00000000
     0.00000000
     0.00000000
     0.00000000
     0.00000000
     0.00000000
     0.00000000
     0.00000000
     0.00000000
     0.00000000
     0.00000000
     0.00000000
     0.01010101
     0.02020202
     0.03030303
     0.04040404
     0.05050505
     0.06060606
     0.07070707
     0.08080808
     0.09090909
     0.10101010
     0.11111111
     0.11795143
     0.11812686
     0.11830252
     0.11848432
     0.11867295
     0.11886183
     0.11905097
     0.11924037
     0.11943004
     0.11961996
     0.11981014
     0.12000059
     0.12019130
     0.12030118
     0.12039283
     0.12048455
     0.12057633
     0.12066817
     0.12076007
     0.12121573
     0.12193213
     0.12198943
     0.12179903
     0.12163173
     0.12156004
     0.12192264
     0.12228617
     0.12265063
     0.12297564
     0.12304182
     0.12310804
     0.12317428
     0.12324055
     0.12330686
     0.12337320
     0.12343956
     0.12350596
     0.12373993
     0.12406995
     0.12440072
     0.12435685
     0.12419153
     0.12402640
     0.12386145
     0.12394055
     0.12423282
     0.12452568
     0.12481914
     0.12511318
     0.12498626
     0.12470063
     0.12441557
     0.12413106
     0.12384711
     0.12356373
     0.12328089
     0.12299862
     0.12271690
     0.12243574
     0.12215513
     0.12193352
     0.12178005
     0.12109970
     0.12116184
     0.12214884
     0.12314275
     0.12414361
     0.12515144
     0.12616628
     0.00000000
     0.00000000
     0.00000000
     0.00000000
     0.00000000
     0.00000000
     0.00000000
     0.00000000
     0.00000000
     0.00000000
     0.00000000
     0.00000000
     0.00000000
     0.00000000
     0.00000000
     0.00000000
     0.00000000
     0.00000000
     0.00000000
     0.00000000
     0.01010101
     0.02020202
     0.03030303
     0.04040404
     0.05050505
     0.06060606
     0.07070707
     0.08080808
     0.09090909
     0.10101010
     0.11111111
     0.11770905
     0.11788417
     0.11805952
     0.11824390
     0.11843220
     0.11862075
     0.11880956
     0.11899863
     0.11918796
     0.11937755
     0.11956740
     0.11975751
     0.11994788
     0.12013852
     0.12032942
     0.12052057
     0.12071199
     0.12088472
     0.12097676
     0.12142674
     0.12177686
     0.12151521
     0.12124630
     0.12107965
     0.12122042
     0.12158215
     0.12194480
     0.12230839
     0.12257205
     0.12263805
     0.12270408
     0.12277013
     0.12283622
     0.12290234
     0.12296849
     0.12303467
     0.12316602
     0.12349473
     0.12382419
     0.12415440
     0.12413114
     0.12396607
     0.12380119
     0.12363651
     0.12387304
     0.12416518
     0.12445791
     0.12475122
     0.12504514
     0.12533964
     0.12515033
     0.12486439
     0.12457900
     0.12429418
     0.12400991
     0.12372620
     0.12344305
     0.12316045
     0.12287842
     0.12259693
     0.12233100
     0.12217531
     0.12112810
     0.12211487
     0.12310855
     0.12410917
     0.12511676
     0.12613135
     0.12715298
     0.00000000
     0.00000000
     0.00000000
     0.00000000
     0.00000000
     0.00000000
     0.00000000
     0.00000000
     0.00000000
     0.00000000
     0.00000000
     0.00000000
     0.00000000
     0.00000000
     0.00000000
     0.00000000
     0.00000000
     0.00000000
     0.00000000
     0.00000000
     0.01010101
     0.02020202
     0.03030303
     0.04040404
     0.05050505
     0.06060606
     0.07070707
     0.08080808
     0.09090909
     0.10101010
     0.11111111
     0.11746710
     0.11764191
     0.11781695
     0.11800391
     0.11819187
     0.11838009
     0.11856857
     0.11875730
     0.11894630
     0.11913556
     0.11932508
     0.11951486
     0.11970490
     0.11989520
     0.12008576
     0.12027659
     0.12046767
     0.12065902
     0.12087938
     0.12122813
     0.12135436
     0.12104258
     0.12073150
     0.12052973
     0.12088162
     0.12124247
     0.12160425
     0.12196697
     0.12216961
     0.12223542
     0.12230126
     0.12236713
     0.12243303
     0.12249896
     0.12256492
     0.12263092
     0.12292180
     0.12324995
     0.12357885
     0.12390850
     0.12390577
     0.12374096
     0.12357634
     0.12351417
     0.12380557
     0.12409757
     0.12439016
     0.12468334
     0.12497712
     0.12527149
     0.12556645
     0.12531459
     0.12502833
     0.12474262
     0.12445747
     0.12417289
     0.12388886
     0.12360539
     0.12332247
     0.12304012
     0.12275832
     0.12219950
     0.12208091
     0.12307435
     0.12407473
     0.12508208
     0.12609644
     0.12711782
     0.12814627
     0.00000000
     0.00000000
     0.00000000
     0.00000000
     0.00000000
     0.00000000
     0.00000000
     0.00000000
     0.00000000
     0.00000000
     0.00000000
     0.00000000
     0.00000000
     0.00000000
     0.00000000
     0.00000000
     0.00000000
     0.00000000
     0.00000000
     0.00000000
     0.01010101
     0.02020202
     0.03030303
     0.04040404
     0.05050505
     0.06060606
     0.07070707
     0.08080808
     0.09090909
     0.10101010
     0.11111111
     0.11722559
     0.11740008
     0.11757696
     0.11776433
     0.11795196
     0.11813985
     0.11832800
     0.11851641
     0.11870507
     0.11889400
     0.11908318
     0.11927263
     0.11946234
     0.11965231
     0.11984253
     0.12003302
     0.12022378
     0.12041479
     0.12068153
     0.12102980
     0.12088227
     0.12057154
     0.12026151
     0.12018457
     0.12054363
     0.12090361
     0.12126453
     0.12162637
     0.12176830
     0.12183392
     0.12189958
     0.12196526
     0.12203098
     0.12209672
     0.12216250
     0.12235117
     0.12267800
     0.12300559
     0.12333392
     0.12393880
     0.12416902
     0.12402721
     0.12388554
     0.12387380
     0.12396016
     0.12404657
     0.12432245
     0.12461550
     0.12490913
     0.12520336
     0.12549819
     0.12576619
     0.12547904
     0.12519245
     0.12490642
     0.12462096
     0.12433605
     0.12405170
     0.12376791
     0.12348467
     0.12320200
     0.12215461
     0.12304016
     0.12404030
     0.12504742
     0.12606153
     0.12708267
     0.12811087
     0.12914616
     0.00000000
     0.00000000
     0.00000000
     0.00000000
     0.00000000
     0.00000000
     0.00000000
     0.00000000
     0.00000000
     0.00000000
     0.00000000
     0.00000000
     0.00000000
     0.00000000
     0.00000000
     0.00000000
     0.00000000
     0.00000000
     0.00000000
     0.00000000
     0.01010101
     0.02020202
     0.03030303
     0.04040404
     0.05050505
     0.06060606
     0.07070707
     0.08080808
     0.09090909
     0.10101010
     0.11111111
     0.11698450
     0.11715869
     0.11733814
     0.11752518
     0.11771248
     0.11790004
     0.11808785
     0.11827593
     0.11846426
     0.11865286
     0.11884171
     0.11903083
     0.11922020
     0.11940984
     0.11959973
     0.11978989
     0.11998031
     0.12017099
     0.12048397
     0.12072213
     0.12041176
     0.12010208
     0.11979309
     0.11990178
     0.12020646
     0.12056557
     0.12092562
     0.12128658
     0.12136813
     0.12143356
     0.12149903
     0.12156453
     0.12163006
     0.12169562
     0.12178281
     0.12210834
     0.12243461
     0.12286560
     0.12372716
     0.12459390
     0.12486714
     0.12472465
     0.12458229
     0.12464958
     0.12473640
     0.12482328
     0.12491021
     0.12499718
     0.12508421
     0.12517130
     0.12542996
     0.12572524
     0.12593115
     0.12564367
     0.12535676
     0.12507041
     0.12478462
     0.12449939
     0.12421472
     0.12393061
     0.12364077
     0.12300598
     0.12400588
     0.12501276
     0.12602663
     0.12704753
     0.12807549
     0.12911054
     0.13015270
     0.00000000
     0.00000000
     0.00000000
     0.00000000
     0.00000000
     0.00000000
     0.00000000
     0.00000000
     0.00000000
     0.00000000
     0.00000000
     0.00000000
     0.00000000
     0.00000000
     0.00000000
     0.00000000
     0.00000000
     0.00000000
     0.00000000
     0.00000000
     0.01010101
     0.02020202
     0.03030303
     0.04040404
     0.05050505
     0.06060606
     0.07070707
     0.08080808
     0.09090909
     0.10101010
     0.11111111
     0.11674385
     0.11691772
     0.11709974
     0.11728645
     0.11747342
     0.11766064
     0.11784813
     0.11803588
     0.11822388
     0.11841214
     0.11860067
     0.11878945
     0.11897849
     0.11916779
     0.11935736
     0.11954718
     0.11973727
     0.11994027
     0.12028669
     0.12025216
     0.11994284
     0.11963420
     0.11945335
     0.11965233
     0.11987010
     0.12022835
     0.12058752
     0.12090387
     0.12096909
     0.12103434
     0.12109962
     0.12116494
     0.12123028
     0.12129565
     0.12154095
     0.12186592
     0.12265554
     0.12351583
     0.12438131
     0.12525198
     0.12556863
     0.12542544
     0.12534229
     0.12542952
     0.12551681
     0.12560415
     0.12569154
     0.12577899
     0.12586648
     0.12595403
     0.12604163
     0.12612929
     0.12621699
     0.12618855
     0.12583192
     0.12552126
     0.12523458
     0.12494847
     0.12466292
     0.12437793
     0.12376766
     0.12405473
     0.12497810
     0.12599174
     0.12701240
     0.12804011
     0.12907492
     0.13011684
     0.13116590
     0.00000000
     0.00000000
     0.00000000
     0.00000000
     0.00000000
     0.00000000
     0.00000000
     0.00000000
     0.00000000
     0.00000000
     0.00000000
     0.00000000
     0.00000000
     0.00000000
     0.00000000
     0.00000000
     0.00000000
     0.00000000
     0.00000000
     0.00000000
     0.01010101
     0.02020202
     0.03030303
     0.04040404
     0.05050505
     0.06060606
     0.07070707
     0.08080808
     0.09090909
     0.10101010
     0.11111111
     0.11650362
     0.11667719
     0.11686175
     0.11704814
     0.11723478
     0.11742167
     0.11760883
     0.11779625
     0.11798392
     0.11817185
     0.11836004
     0.11854849
     0.11873720
     0.11892617
     0.11911541
     0.11930490
     0.11949465
     0.11974376
     0.12008968
     0.11978378
     0.11947549
     0.11916789
     0.11920471
     0.11940334
     0.11960225
     0.11989194
     0.12025025
     0.12050615
     0.12057118
     0.12063625
     0.12070135
     0.12076647
     0.12083163
     0.12097584
     0.12159191
     0.12244579
     0.12330482
     0.12416902
     0.12503842
     0.12591303
     0.12627348
     0.12612961
     0.12612594
     0.12621364
     0.12630140
     0.12638920
     0.12647706
     0.12656497
     0.12665294
     0.12674095
     0.12682902
     0.12691714
     0.12700532
     0.12709354
     0.12701704
     0.12665840
     0.12630063
     0.12594373
     0.12558768
     0.12523251
     0.12495819
     0.12524763
     0.12595685
     0.12697727
     0.12800475
     0.12903931
     0.13008098
     0.13112980
     0.00000000
     0.00000000
     0.00000000
     0.00000000
     0.00000000
     0.00000000
     0.00000000
     0.00000000
     0.00000000
     0.00000000
     0.00000000
     0.00000000
     0.00000000
     0.00000000
     0.00000000
     0.00000000
     0.00000000
     0.00000000
     0.00000000
     0.00000000
     0.00000000
     0.01010101
     0.02020202
     0.03030303
     0.04040404
     0.05050505
     0.06060606
     0.07070707
     0.08080808
     0.09090909
     0.10101010
     0.11111111
     0.11626383
     0.11643840
     0.11662419
     0.11681024
     0.11699656
     0.11718312
     0.11736995
     0.11755704
     0.11774438
     0.11793198
     0.11811984
     0.11830796
     0.11849634
     0.11868498
     0.11887388
     0.11906304
     0.11925246
     0.11954752
     0.11962490
     0.11931697
     0.11900972
     0.11875853
     0.11895651
     0.11915479
     0.11935335
     0.11955635
     0.11991378
     0.12010955
     0.12017441
     0.12023929
     0.12030420
     0.12036914
     0.12051613
     0.12138373
     0.12223634
     0.12309411
     0.12395705
     0.12482517
     0.12569851
     0.12657706
     0.12698172
     0.12683716
     0.12691378
     0.12700195
     0.12709017
     0.12717845
     0.12726677
     0.12735516
     0.12744359
     0.12753207
     0.12762061
     0.12770920
     0.12779784
     0.12788654
     0.12797529
     0.12785017
     0.12748952
     0.12712975
     0.12677084
     0.12641280
     0.12615852
     0.12645033
     0.12694216
     0.12796939
     0.12900370
     0.13004513
     0.13109370
     0.13214945
     0.00000000
     0.00000000
     0.00000000
     0.00000000
     0.00000000
     0.00000000
     0.00000000
     0.00000000
     0.00000000
     0.00000000
     0.00000000
     0.00000000
     0.00000000
     0.00000000
     0.00000000
     0.00000000
     0.00000000
     0.00000000
     0.00000000
     0.00000000
     0.00000000
     0.01010101
     0.02020202
     0.03030303
     0.04040404
     0.05050505
     0.06060606
     0.07070707
     0.08080808
     0.09090909
     0.10101010
     0.11111111
     0.11602446
     0.11620158
     0.11638705
     0.11657277
     0.11675876
     0.11694500
     0.11713149
     0.11731825
     0.11750526
     0.11769253
     0.11788006
     0.11806785
     0.11825590
     0.11844421
     0.11863277
     0.11882160
     0.11901069
     0.11935157
     0.11915862
     0.11885173
     0.11854552
     0.11851114
     0.11870877
     0.11890669
     0.11910489
     0.11930338
     0.11957814
     0.11971409
     0.11977876
     0.11984345
     0.11990818
     0.12021467
     0.12117585
     0.12202721
     0.12288371
     0.12374538
     0.12461224
     0.12548429
     0.12636157
     0.12724409
     0.12769335
     0.12761723
     0.12770582
     0.12779446
     0.12788315
     0.12797190
     0.12806070
     0.12814955
     0.12823845
     0.12832741
     0.12841642
     0.12850548
     0.12859459
     0.12868376
     0.12877298
     0.12886225
     0.12868795
     0.12832529
     0.12796351
     0.12760259
     0.12736870
     0.12766290
     0.12795769
     0.12896811
     0.13000929
     0.13105762
     0.13211312
     0.13317581
     0.00000000
     0.00000000
     0.00000000
     0.00000000
     0.00000000
     0.00000000
     0.00000000
     0.00000000
     0.00000000
     0.00000000
     0.00000000
     0.00000000
     0.00000000
     0.00000000
     0.00000000
     0.00000000
     0.00000000
     0.00000000
     0.00000000
     0.00000000
     0.00000000
     0.01010101
     0.02020202
     0.03030303
     0.04040404
     0.05050505
     0.06060606
     0.07070707
     0.08080808
     0.09090909
     0.10101010
     0.11111111
     0.11578553
     0.11596518
     0.11615032
     0.11633572
     0.11652137
     0.11670729
     0.11689345
     0.11707988
     0.11726656
     0.11745351
     0.11764071
     0.11782816
     0.11801588
     0.11820386
     0.11839209
     0.11858059
     0.11881229
     0.11900046
     0.11869392
     0.11838806
     0.11808289
     0.11826420
     0.11846147
     0.11865903
     0.11885688
     0.11905501
     0.11925342
     0.11931975
     0.11938423
     0.11944875
     0.11991386
     0.12096828
     0.12181838
     0.12267363
     0.12353403
     0.12439961
     0.12527039
     0.12614639
     0.12702763
     0.12791412
     0.12840838
     0.12841301
     0.12850207
     0.12859119
     0.12868035
     0.12876957
     0.12885884
     0.12894816
     0.12903754
     0.12912697
     0.12921645
     0.12930598
     0.12939557
     0.12948521
     0.12957490
     0.12966464
     0.12975444
     0.12953042
     0.12916573
     0.12876007
     0.12858878
     0.12888538
     0.12918257
     0.12997346
     0.13102154
     0.13207679
     0.13313924
     0.13420891
     0.00000000
     0.00000000
     0.00000000
     0.00000000
     0.00000000
     0.00000000
     0.00000000
     0.00000000
     0.00000000
     0.00000000
     0.00000000
     0.00000000
     0.00000000
     0.00000000
     0.00000000
     0.00000000
     0.00000000
     0.00000000
     0.00000000
     0.00000000
     0.00000000
     0.01010101
     0.02020202
     0.03030303
     0.04040404
     0.05050505
     0.06060606
     0.07070707
     0.08080808
     0.09090909
     0.10101010
     0.11111111
     0.11554701
     0.11572920
     0.11591402
     0.11609909
     0.11628441
     0.11647000
     0.11665584
     0.11684193
     0.11702829
     0.11721490
     0.11740177
     0.11758890
     0.11777629
     0.11796393
     0.11815184
     0.11834000
     0.11861737
     0.11853629
     0.11823079
     0.11792596
     0.11782107
     0.11801770
     0.11821462
     0.11841182
     0.11860931
     0.11880708
     0.11896034
     0.11892654
     0.11899084
     0.11961370
     0.12070035
     0.12160986
     0.12246385
     0.12332299
     0.12418730
     0.12505681
     0.12593153
     0.12681148
     0.12769668
     0.12858715
     0.12912682
     0.12921303
     0.12930256
     0.12939214
     0.12948178
     0.12957147
     0.12966122
     0.12975101
     0.12984086
     0.12993076
     0.13002072
     0.13011073
     0.13020079
     0.13029090
     0.13038107
     0.13047129
     0.13056156
     0.13065189
     0.13037757
     0.12992276
     0.12981881
     0.13011783
     0.13041743
     0.13098548
     0.13204048
     0.13310268
     0.13417210
     0.13524877
     0.00000000
     0.00000000
     0.00000000
     0.00000000
     0.00000000
     0.00000000
     0.00000000
     0.00000000
     0.00000000
     0.00000000
     0.00000000
     0.00000000
     0.00000000
     0.00000000
     0.00000000
     0.00000000
     0.00000000
     0.00000000
     0.00000000
     0.00000000
     0.00000000
     0.01010101
     0.02020202
     0.03030303
     0.04040404
     0.05050505
     0.06060606
     0.07070707
     0.08080808
     0.09090909
     0.10101010
     0.11111111
     0.11530941
     0.11549364
     0.11567813
     0.11586287
     0.11604787
     0.11623312
     0.11641864
     0.11660441
     0.11679043
     0.11697671
     0.11716326
     0.11735006
     0.11753711
     0.11772443
     0.11791200
     0.11809984
     0.11837885
     0.11807369
     0.11776922
     0.11746543
     0.11757537
     0.11777165
     0.11796821
     0.11816506
     0.11836219
     0.11855961
     0.11865570
     0.11855927
     0.11931418
     0.12039849
     0.12140165
     0.12225438
     0.12311225
     0.12397530
     0.12484353
     0.12571698
     0.12659565
     0.12747956
     0.12836874
     0.12926320
     0.12992733
     0.13001728
     0.13010729
     0.13019735
     0.13028746
     0.13037762
     0.13046784
     0.13055811
     0.13064844
     0.13073881
     0.13082924
     0.13091973
     0.13101026
     0.13110085
     0.13119150
     0.13128219
     0.13137294
     0.13146374
     0.13155460
     0.13109437
     0.13105883
     0.13136028
     0.13166231
     0.13200417
     0.13306613
     0.13413530
     0.13521173
     0.13629543
     0.00000000
     0.00000000
     0.00000000
     0.00000000
     0.00000000
     0.00000000
     0.00000000
     0.00000000
     0.00000000
     0.00000000
     0.00000000
     0.00000000
     0.00000000
     0.00000000
     0.00000000
     0.00000000
     0.00000000
     0.00000000
     0.00000000
     0.00000000
     0.00000000
     0.01010101
     0.02020202
     0.03030303
     0.04040404
     0.05050505
     0.06060606
     0.07070707
     0.08080808
     0.09090909
     0.10101010
     0.11111111
     0.11507459
     0.11525850
     0.11544266
     0.11562707
     0.11581174
     0.11599667
     0.11618186
     0.11636730
     0.11655299
     0.11673895
     0.11692516
     0.11711163
     0.11729836
     0.11748535
     0.11767259
     0.11788709
     0.11791678
     0.11761266
     0.11730922
     0.11713448
     0.11733012
     0.11752604
     0.11772225
     0.11791874
     0.11811552
     0.11831258
     0.11879148
     0.11936729
     0.12009728
     0.12118772
     0.12204522
     0.12290183
     0.12376361
     0.12463057
     0.12550274
     0.12638013
     0.12726276
     0.12815065
     0.12904381
     0.12994228
     0.13073536
     0.13082579
     0.13091627
     0.13100680
     0.13109739
     0.13118803
     0.13127873
     0.13136947
     0.13146027
     0.13155113
     0.13164204
     0.13173300
     0.13182401
     0.13191508
     0.13200620
     0.13209737
     0.13218860
     0.13227988
     0.13237121
     0.13227493
     0.13230890
     0.13261278
     0.13291725
     0.13322232
     0.13409851
     0.13517468
     0.13625814
     0.13725132
     0.00000000
     0.00000000
     0.00000000
     0.00000000
     0.00000000
     0.00000000
     0.00000000
     0.00000000
     0.00000000
     0.00000000
     0.00000000
     0.00000000
     0.00000000
     0.00000000
     0.00000000
     0.00000000
     0.00000000
     0.00000000
     0.00000000
     0.00000000
     0.00000000
     0.01010101
     0.02020202
     0.03030303
     0.04040404
     0.05050505
     0.06060606
     0.07070707
     0.08080808
     0.09090909
     0.10101010
     0.11111111
     0.11484019
     0.11502377
     0.11520760
     0.11539169
     0.11557604
     0.11576064
     0.11594549
     0.11613061
     0.11631598
     0.11650160
     0.11668749
     0.11687363
     0.11706003
     0.11724668
     0.11743360
     0.11769349
     0.11745627
     0.11715318
     0.11685077
     0.11689002
     0.11708531
     0.11728088
     0.11747674
     0.11767287
     0.11830401
     0.11918621
     0.11984681
     0.12042703
     0.12100968
     0.12183636
     0.12269172
     0.12355223
     0.12441792
     0.12528881
     0.12616492
     0.12704627
     0.12793287
     0.12882474
     0.12972191
     0.13062439
     0.13154766
     0.13163856
     0.13172952
     0.13182053
     0.13191160
     0.13200272
     0.13209389
     0.13218511
     0.13227639
     0.13236772
     0.13245911
     0.13255055
     0.13264204
     0.13273358
     0.13282518
     0.13291684
     0.13300854
     0.13310030
     0.13315976
     0.13305562
     0.13356906
     0.13387539
     0.13408964
     0.13416144
     0.13457179
     0.13541378
     0.13626022
     0.13711110
     0.00000000
     0.00000000
     0.00000000
     0.00000000
     0.00000000
     0.00000000
     0.00000000
     0.00000000
     0.00000000
     0.00000000
     0.00000000
     0.00000000
     0.00000000
     0.00000000
     0.00000000
     0.00000000
     0.00000000
     0.00000000
     0.00000000
     0.00000000
     0.00000000
     0.01010101
     0.02020202
     0.03030303
     0.04040404
     0.05050505
     0.06060606
     0.07070707
     0.08080808
     0.09090909
     0.10101010
     0.11111111
     0.11460621
     0.11478946
     0.11497297
     0.11515673
     0.11534075
     0.11552502
     0.11570955
     0.11589434
     0.11607938
     0.11626468
     0.11645023
     0.11663604
     0.11682211
     0.11700844
     0.11719503
     0.11730007
     0.11699733
     0.11669527
     0.11645136
     0.11664601
     0.11684095
     0.11703616
     0.11765372
     0.11853172
     0.11941539
     0.12030474
     0.12091023
     0.12149489
     0.12199210
     0.12248191
     0.12334116
     0.12420558
     0.12507520
     0.12595003
     0.12683009
     0.12771540
     0.12860599
     0.12950186
     0.13040303
     0.13130954
     0.13236423
     0.13245562
     0.13254705
     0.13263854
     0.13273009
     0.13282168
     0.13291334
     0.13300504
     0.13309680
     0.13318861
     0.13328047
     0.13337239
     0.13346436
     0.13355639
     0.13364847
     0.13374060
     0.13383279
     0.13384729
     0.13366405
     0.13336025
     0.13381538
     0.13411399
     0.13418581
     0.13425766
     0.13443389
     0.13527515
     0.13612085
     0.13697101
     0.00000000
     0.00000000
     0.00000000
     0.00000000
     0.00000000
     0.00000000
     0.00000000
     0.00000000
     0.00000000
     0.00000000
     0.00000000
     0.00000000
     0.00000000
     0.00000000
     0.00000000
     0.00000000
     0.00000000
     0.00000000
     0.00000000
     0.00000000
     0.00000000
     0.01010101
     0.02020202
     0.03030303
     0.04040404
     0.05050505
     0.06060606
     0.07070707
     0.08080808
     0.09090909
     0.10101010
     0.11111111
     0.11437264
     0.11455556
     0.11473874
     0.11492218
     0.11510587
     0.11528982
     0.11547402
     0.11565848
     0.11584320
     0.11602817
     0.11621340
     0.11639888
     0.11658462
     0.11677062
     0.11696814
     0.11684166
     0.11653994
     0.11623890
     0.11620815
     0.11640245
     0.11700652
     0.11788034
     0.11875981
     0.11964494
     0.12053578
     0.12139509
     0.12198177
     0.12249709
     0.12289132
     0.12328664
     0.12399356
     0.12486190
     0.12573545
     0.12661423
     0.12749826
     0.12838755
     0.12928212
     0.13018200
     0.13108720
     0.13205757
     0.13318510
     0.13327696
     0.13336888
     0.13346085
     0.13355287
     0.13364495
     0.13373708
     0.13382927
     0.13392151
     0.13401380
     0.13410614
     0.13419854
     0.13421569
     0.13410375
     0.13399188
     0.13388009
     0.13376839
     0.13365676
     0.13344956
     0.13314618
     0.13367251
     0.13421017
     0.13428203
     0.13435393
     0.13442585
     0.13513664
     0.13598161
     0.13683103
     0.00000000
     0.00000000
     0.00000000
     0.00000000
     0.00000000
     0.00000000
     0.00000000
     0.00000000
     0.00000000
     0.00000000
     0.00000000
     0.00000000
     0.00000000
     0.00000000
     0.00000000
     0.00000000
     0.00000000
     0.00000000
     0.00000000
     0.00000000
     0.00000000
     0.01010101
     0.02020202
     0.03030303
     0.04040404
     0.05050505
     0.06060606
     0.07070707
     0.08080808
     0.09090909
     0.10101010
     0.11111111
     0.11413948
     0.11432208
     0.11450494
     0.11468805
     0.11487142
     0.11505504
     0.11523891
     0.11542305
     0.11560743
     0.11579208
     0.11597698
     0.11616214
     0.11634755
     0.11653322
     0.11668616
     0.11638480
     0.11608411
     0.11578409
     0.11636242
     0.11723206
     0.11810734
     0.11898827
     0.11987488
     0.12076719
     0.12166522
     0.12247033
     0.12300388
     0.12339952
     0.12379624
     0.12419406
     0.12464891
     0.12552119
     0.12639868
     0.12728142
     0.12816943
     0.12906270
     0.12996128
     0.13086518
     0.13177440
     0.13282721
     0.13401027
     0.13410262
     0.13419501
     0.13428747
     0.13437997
     0.13447253
     0.13456514
     0.13458494
     0.13447274
     0.13436061
     0.13424857
     0.13413660
     0.13402471
     0.13391290
     0.13380117
     0.13368952
     0.13357794
     0.13346645
     0.13323537
     0.13294217
     0.13352978
     0.13411958
     0.13437832
     0.13445026
     0.13452223
     0.13499824
     0.13584249
     0.13669118
     0.00000000
     0.00000000
     0.00000000
     0.00000000
     0.00000000
     0.00000000
     0.00000000
     0.00000000
     0.00000000
     0.00000000
     0.00000000
     0.00000000
     0.00000000
     0.00000000
     0.00000000
     0.00000000
     0.00000000
     0.00000000
     0.00000000
     0.00000000
     0.00000000
     0.01010101
     0.02020202
     0.03030303
     0.04040404
     0.05050505
     0.06060606
     0.07070707
     0.08080808
     0.09090909
     0.10101010
     0.11111111
     0.11390674
     0.11408901
     0.11427155
     0.11445433
     0.11463737
     0.11482067
     0.11500422
     0.11518803
     0.11537209
     0.11555641
     0.11574098
     0.11592581
     0.11611089
     0.11629624
     0.11622983
     0.11592949
     0.11585180
     0.11658688
     0.11745798
     0.11833472
     0.11921712
     0.12010520
     0.12099899
     0.12189851
     0.12280378
     0.12351248
     0.12390951
     0.12430765
     0.12470687
     0.12510720
     0.12550863
     0.12618345
     0.12706491
     0.12795162
     0.12884361
     0.12974088
     0.13064347
     0.13155140
     0.13246467
     0.13360065
     0.13483976
     0.13493259
     0.13495505
     0.13484259
     0.13473020
     0.13461790
     0.13450567
     0.13439352
     0.13428145
     0.13416946
     0.13405755
     0.13394571
     0.13383396
     0.13372228
     0.13361069
     0.13349917
     0.13338773
     0.13327637
     0.13302147
     0.13280009
     0.13338717
     0.13397644
     0.13447467
     0.13454665
     0.13461866
     0.13485997
     0.13570349
     0.13655144
     0.13740386
     0.00000000
     0.00000000
     0.00000000
     0.00000000
     0.00000000
     0.00000000
     0.00000000
     0.00000000
     0.00000000
     0.00000000
     0.00000000
     0.00000000
     0.00000000
     0.00000000
     0.00000000
     0.00000000
     0.00000000
     0.00000000
     0.00000000
     0.00000000
     0.01010101
     0.02020202
     0.03030303
     0.04040404
     0.05050505
     0.06060606
     0.07070707
     0.08080808
     0.09090909
     0.10101010
     0.11111111
     0.11367441
     0.11385636
     0.11403857
     0.11422103
     0.11440375
     0.11458672
     0.11476994
     0.11495342
     0.11513716
     0.11532115
     0.11550540
     0.11568990
     0.11587466
     0.11605967
     0.11577505
     0.11620064
     0.11684839
     0.11768428
     0.11856248
     0.11944634
     0.12033590
     0.12123117
     0.12213217
     0.12303894
     0.12391436
     0.12442132
     0.12482086
     0.12522150
     0.12562325
     0.12602609
     0.12643004
     0.12684871
     0.12773413
     0.12862482
     0.12952080
     0.13042209
     0.13132871
     0.13218057
     0.13291453
     0.13393334
     0.13498808
     0.13487560
     0.13476319
     0.13465086
     0.13453860
     0.13442643
     0.13431434
     0.13420233
     0.13409039
     0.13397853
     0.13386676
     0.13375506
     0.13364344
     0.13353190
     0.13342044
     0.13330905
     0.13319775
     0.13308652
     0.13280786
     0.13265814
     0.13324469
     0.13383343
     0.13442437
     0.13464309
     0.13471515
     0.13478724
     0.13556460
     0.13641183
     0.13726351
     0.00000000
     0.00000000
     0.00000000
     0.00000000
     0.00000000
     0.00000000
     0.00000000
     0.00000000
     0.00000000
     0.00000000
     0.00000000
     0.00000000
     0.00000000
     0.00000000
     0.00000000
     0.00000000
     0.00000000
     0.00000000
     0.00000000
     0.00000000
     0.01010101
     0.02020202
     0.03030303
     0.04040404
     0.05050505
     0.06060606
     0.07070707
     0.08080808
     0.09090909
     0.10101010
     0.11111111
     0.11349109
     0.11366631
     0.11384176
     0.11401746
     0.11419338
     0.11436955
     0.11454595
     0.11472258
     0.11490265
     0.11508631
     0.11527023
     0.11545441
     0.11563884
     0.11590409
     0.11655040
     0.11719984
     0.11791095
     0.11879062
     0.11967595
     0.12056698
     0.12146373
     0.12236623
     0.12327448
     0.12413500
     0.12489581
     0.12533589
     0.12573795
     0.12614111
     0.12654538
     0.12695075
     0.12735724
     0.12776483
     0.12835001
     0.12906586
     0.12978511
     0.13050777
     0.13123384
     0.13196334
     0.13269627
     0.13376021
     0.13479618
     0.13468382
     0.13457155
     0.13445935
     0.13434724
     0.13423520
     0.13412324
     0.13401136
     0.13389956
     0.13378784
     0.13367620
     0.13356463
     0.13345315
     0.13334174
     0.13323041
     0.13311916
     0.13300799
     0.13289686
     0.13259453
     0.13251633
     0.13310234
     0.13369055
     0.13428096
     0.13473960
     0.13481170
     0.13488383
     0.13542584
     0.13627234
     0.13712328
     0.00000000
     0.00000000
     0.00000000
     0.00000000
     0.00000000
     0.00000000
     0.00000000
     0.00000000
     0.00000000
     0.00000000
     0.00000000
     0.00000000
     0.00000000
     0.00000000
     0.00000000
     0.00000000
     0.00000000
     0.00000000
     0.00000000
     0.00000000
     0.01010101
     0.02020202
     0.03030303
     0.04040404
     0.05050505
     0.06060606
     0.07070707
     0.08080808
     0.09090909
     0.10101010
     0.11111111
     0.11434179
     0.11451816
     0.11469476
     0.11487160
     0.11504867
     0.11522598
     0.11540353
     0.11558132
     0.11575934
     0.11593761
     0.11611611
     0.11629485
     0.11647383
     0.11690107
     0.11755221
     0.11820648
     0.11901913
     0.11990594
     0.12079845
     0.12169668
     0.12260066
     0.12351042
     0.12435598
     0.12511795
     0.12585274
     0.12625622
     0.12666080
     0.12701290
     0.12724320
     0.12747386
     0.12770488
     0.12793625
     0.12816798
     0.12885299
     0.12957123
     0.13029287
     0.13101793
     0.13174641
     0.13248556
     0.13358728
     0.13460450
     0.13449228
     0.13438014
     0.13426808
     0.13415610
     0.13404420
     0.13393237
     0.13382063
     0.13370896
     0.13359737
     0.13348587
     0.13337444
     0.13326309
     0.13315181
     0.13304062
     0.13292950
     0.13281847
     0.13268341
     0.13238150
     0.13237464
     0.13296012
     0.13354780
     0.13413767
     0.13472975
     0.13490831
     0.13498048
     0.13528720
     0.13613296
     0.13698318
     0.00000000
     0.00000000
     0.00000000
     0.00000000
     0.00000000
     0.00000000
     0.00000000
     0.00000000
     0.00000000
     0.00000000
     0.00000000
     0.00000000
     0.00000000
     0.00000000
     0.00000000
     0.00000000
     0.00000000
     0.00000000
     0.00000000
     0.00000000
     0.01010101
     0.02020202
     0.03030303
     0.04040404
     0.05050505
     0.06060606
     0.07070707
     0.08080808
     0.09090909
     0.10101010
     0.11111111
     0.11519805
     0.11537556
     0.11555331
     0.11573130
     0.11590952
     0.11608799
     0.11626669
     0.11644563
     0.11662481
     0.11680423
     0.11698389
     0.11716379
     0.11732266
     0.11790549
     0.11856147
     0.11924803
     0.12013631
     0.12103030
     0.12193002
     0.12283549
     0.12374674
     0.12457729
     0.12528742
     0.12587180
     0.12637422
     0.12660353
     0.12683320
     0.12706323
     0.12729361
     0.12752435
     0.12775544
     0.12798689
     0.12821870
     0.12864041
     0.12935764
     0.13007827
     0.13080231
     0.13152978
     0.13231402
     0.13341453
     0.13441305
     0.13430097
     0.13418896
     0.13407704
     0.13396519
     0.13385342
     0.13374173
     0.13363012
     0.13351859
     0.13340714
     0.13329576
     0.13318447
     0.13307325
     0.13296211
     0.13285106
     0.13274007
     0.13262917
     0.13247026
     0.13216876
     0.13223307
     0.13281803
     0.13340518
     0.13399452
     0.13458606
     0.13500497
     0.13507719
     0.13514945
     0.13599371
     0.13682816
     0.00000000
     0.00000000
     0.00000000
     0.00000000
     0.00000000
     0.00000000
     0.00000000
     0.00000000
     0.00000000
     0.00000000
     0.00000000
     0.00000000
     0.00000000
     0.00000000
     0.00000000
     0.00000000
     0.00000000
     0.00000000
     0.00000000
     0.00000000
     0.01010101
     0.02020202
     0.03030303
     0.04040404
     0.05050505
     0.06060606
     0.07070707
     0.08080808
     0.09090909
     0.10101010
     0.11111111
     0.11605987
     0.11623854
     0.11641744
     0.11659659
     0.11677597
     0.11695559
     0.11713545
     0.11731556
     0.11749590
     0.11767648
     0.11785730
     0.11803836
     0.11825969
     0.11891737
     0.11957822
     0.12036706
     0.12126253
     0.12211277
     0.12283570
     0.12356231
     0.12420654
     0.12478659
     0.12536897
     0.12595367
     0.12642433
     0.12665372
     0.12688347
     0.12711357
     0.12734403
     0.12757485
     0.12780602
     0.12803755
     0.12826944
     0.12850169
     0.12914435
     0.12986397
     0.13058700
     0.13131345
     0.13214267
     0.13324197
     0.13422183
     0.13410988
     0.13399801
     0.13388622
     0.13377451
     0.13366288
     0.13355132
     0.13343985
     0.13332845
     0.13321713
     0.13310589
     0.13299473
     0.13288365
     0.13277264
     0.13266172
     0.13255087
     0.13244010
     0.13225740
     0.13195631
     0.13209164
     0.13267607
     0.13326268
     0.13385149
     0.13444250
     0.13503571
     0.13517396
     0.13524626
     0.13585458
     0.13663975
     0.00000000
     0.00000000
     0.00000000
     0.00000000
     0.00000000
     0.00000000
     0.00000000
     0.00000000
     0.00000000
     0.00000000
     0.00000000
     0.00000000
     0.00000000
     0.00000000
     0.00000000
     0.00000000
     0.00000000
     0.00000000
     0.00000000
     0.00000000
     0.01010101
     0.02020202
     0.03030303
     0.04040404
     0.05050505
     0.06060606
     0.07070707
     0.08080808
     0.09090909
     0.10101010
     0.11111111
     0.11692730
     0.11710712
     0.11728718
     0.11746749
     0.11764803
     0.11782882
     0.11800984
     0.11819111
     0.11837261
     0.11855436
     0.11873635
     0.11890339
     0.11922589
     0.11970600
     0.12018928
     0.12090239
     0.12161915
     0.12233957
     0.12306365
     0.12370941
     0.12428748
     0.12486785
     0.12545055
     0.12603558
     0.12647446
     0.12670393
     0.12693376
     0.12716394
     0.12739447
     0.12762537
     0.12785662
     0.12808823
     0.12832019
     0.12855252
     0.12893137
     0.12964998
     0.13037199
     0.13109742
     0.13197150
     0.13306960
     0.13403085
     0.13391903
     0.13380730
     0.13369564
     0.13358406
     0.13347256
     0.13336114
     0.13324980
     0.13313854
     0.13302735
     0.13291625
     0.13280522
     0.13269427
     0.13258340
     0.13247261
     0.13236190
     0.13225126
     0.13204483
     0.13174415
     0.13195034
     0.13253423
     0.13312032
     0.13370859
     0.13429907
     0.13489174
     0.13527079
     0.13534313
     0.13571556
     0.13645156
     0.00000000
     0.00000000
     0.00000000
     0.00000000
     0.00000000
     0.00000000
     0.00000000
     0.00000000
     0.00000000
     0.00000000
     0.00000000
     0.00000000
     0.00000000
     0.00000000
     0.00000000
     0.00000000
     0.00000000
     0.00000000
     0.00000000
     0.00000000
     0.01010101
     0.02020202
     0.03030303
     0.04040404
     0.05050505
     0.06060606
     0.07070707
     0.08080808
     0.09090909
     0.10101010
     0.11111111
     0.11780034
     0.11798132
     0.11816255
     0.11834402
     0.11852573
     0.11870768
     0.11888988
     0.11902634
     0.11902750
     0.11902866
     0.11902982
     0.11898638
     0.11933885
     0.11981936
     0.12041299
     0.12112725
     0.12184516
     0.12256673
     0.12321400
     0.12379007
     0.12436846
     0.12494916
     0.12553219
     0.12611754
     0.12652461
     0.12675416
     0.12698406
     0.12721432
     0.12744493
     0.12767590
     0.12790723
     0.12813892
     0.12837097
     0.12860337
     0.12883613
     0.12943628
     0.13015728
     0.13088170
     0.13180052
     0.13289741
     0.13384009
     0.13372841
     0.13361681
     0.13350529
     0.13339384
     0.13328248
     0.13317119
     0.13305998
     0.13294886
     0.13283781
     0.13272683
     0.13261594
     0.13250513
     0.13239439
     0.13228373
     0.13217315
     0.13206265
     0.13183255
     0.13153228
     0.13180916
     0.13239253
     0.13297808
     0.13356583
     0.13415577
     0.13474791
     0.13534225
     0.13544006
     0.13557667
     0.13626360
     0.00000000
     0.00000000
     0.00000000
     0.00000000
     0.00000000
     0.00000000
     0.00000000
     0.00000000
     0.00000000
     0.00000000
     0.00000000
     0.00000000
     0.00000000
     0.00000000
     0.00000000
     0.00000000
     0.00000000
     0.00000000
     0.00000000
     0.00000000
     0.01010101
     0.02020202
     0.03030303
     0.04040404
     0.05050505
     0.06060606
     0.07070707
     0.08080808
     0.09090909
     0.10101010
     0.11111111
     0.11867902
     0.11886118
     0.11899993
     0.11900108
     0.11900224
     0.11900340
     0.11900456
     0.11900571
     0.11900687
     0.11900803
     0.11900147
     0.11897268
     0.11945191
     0.11993281
     0.12063707
     0.12135247
     0.12207153
     0.12272029
     0.12329438
     0.12387078
     0.12444949
     0.12503052
     0.12561387
     0.12619955
     0.12657477
     0.12680440
     0.12703438
     0.12726471
     0.12749541
     0.12772646
     0.12795787
     0.12818963
     0.12842175
     0.12865423
     0.12888707
     0.12922288
     0.12994287
     0.13066628
     0.13162973
     0.13272542
     0.13364956
     0.13353801
     0.13342655
     0.13331516
     0.13320385
     0.13309262
     0.13298147
     0.13287040
     0.13275940
     0.13264849
     0.13253765
     0.13242689
     0.13231621
     0.13220561
     0.13209508
     0.13198464
     0.13187427
     0.13162056
     0.13132070
     0.13166811
     0.13225095
     0.13283597
     0.13342319
     0.13401259
     0.13460420
     0.13519801
     0.13553704
     0.13560950
     0.13607585
     0.00000000
     0.00000000
     0.00000000
     0.00000000
     0.00000000
     0.00000000
     0.00000000
     0.00000000
     0.00000000
     0.00000000
     0.00000000
     0.00000000
     0.00000000
     0.00000000
     0.00000000
     0.00000000
     0.00000000
     0.00000000
     0.00000000
     0.00000000
     0.01010101
     0.02020202
     0.03030303
     0.04040404
     0.05050505
     0.06060606
     0.07070707
     0.08080808
     0.09090909
     0.10101010
     0.11111111
     0.11897699
     0.11897814
     0.11897930
     0.11898046
     0.11898162
     0.11898277
     0.11898393
     0.11898509
     0.11898625
     0.11898740
     0.11895157
     0.11908543
     0.11956506
     0.12014860
     0.12086150
     0.12157805
     0.12222829
     0.12280040
     0.12337481
     0.12395153
     0.12453056
     0.12511192
     0.12569559
     0.12628160
     0.12662495
     0.12685466
     0.12708471
     0.12731513
     0.12754590
     0.12777703
     0.12800851
     0.12824036
     0.12847256
     0.12870512
     0.12893804
     0.12917131
     0.12972877
     0.13045116
     0.13145913
     0.13255362
     0.13345926
     0.13334785
     0.13323652
     0.13312527
     0.13301409
     0.13290299
     0.13279198
     0.13268104
     0.13257018
     0.13245939
     0.13234869
     0.13223807
     0.13212752
     0.13201705
     0.13190666
     0.13179635
     0.13168612
     0.13140885
     0.13110940
     0.13152719
     0.13210950
     0.13269399
     0.13328068
     0.13386955
     0.13446063
     0.13505390
     0.13563409
     0.13569537
     0.13588831
     0.00000000
     0.00000000
     0.00000000
     0.00000000
     0.00000000
     0.00000000
     0.00000000
     0.00000000
     0.00000000
     0.00000000
     0.00000000
     0.00000000
     0.00000000
     0.00000000
     0.00000000
     0.00000000
     0.00000000
     0.00000000
     0.00000000
     0.00000000
     0.01010101
     0.02020202
     0.03030303
     0.04040404
     0.05050505
     0.06060606
     0.07070707
     0.08080808
     0.09090909
     0.10101010
     0.11111111
     0.11895637
     0.11895752
     0.11895868
     0.11895984
     0.11896100
     0.11896215
     0.11896331
     0.11896447
     0.11896562
     0.11896665
     0.11890168
     0.11919828
     0.11967830
     0.12037225
     0.12108630
     0.12173798
     0.12230812
     0.12288055
     0.12345529
     0.12403233
     0.12461169
     0.12519336
     0.12577736
     0.12636369
     0.12667515
     0.12690493
     0.12713507
     0.12736556
     0.12759641
     0.12782762
     0.12805918
     0.12829110
     0.12852338
     0.12875602
     0.12898902
     0.12922237
     0.12951496
     0.13023634
     0.13128872
     0.13238200
     0.13326919
     0.13315792
     0.13304672
     0.13293560
     0.13282456
     0.13271360
     0.13260271
     0.13249191
     0.13238118
     0.13227053
     0.13215996
     0.13204947
     0.13193906
     0.13182872
     0.13171847
     0.13160829
     0.13149706
     0.13119744
     0.13089840
     0.13138640
     0.13196818
     0.13255214
     0.13313829
     0.13372664
     0.13431718
     0.13490992
     0.13550487
     0.13574834
     0.13570100
     0.00000000
     0.00000000
     0.00000000
     0.00000000
     0.00000000
     0.00000000
     0.00000000
     0.00000000
     0.00000000
     0.00000000
     0.00000000
     0.00000000
     0.00000000
     0.00000000
     0.00000000
     0.00000000
     0.00000000
     0.00000000
     0.00000000
     0.00000000
     0.01010101
     0.02020202
     0.03030303
     0.04040404
     0.05050505
     0.06060606
     0.07070707
     0.08080808
     0.09090909
     0.10101010
     0.11111111
     0.11893575
     0.11893691
     0.11893806
     0.11893922
     0.11894038
     0.11894153
     0.11894269
     0.11894385
     0.11894501
     0.11891676
     0.11885181
     0.11931123
     0.11988471
     0.12059626
     0.12124937
     0.12181754
     0.12238799
     0.12296075
     0.12353580
     0.12411317
     0.12469285
     0.12527485
     0.12585918
     0.12644584
     0.12672537
     0.12695522
     0.12718544
     0.12741601
     0.12764694
     0.12787822
     0.12810986
     0.12834186
     0.12857422
     0.12880694
     0.12904001
     0.12927345
     0.12950724
     0.13003408
     0.13111849
     0.13221057
     0.13307935
     0.13296821
     0.13285715
     0.13274616
     0.13263525
     0.13252443
     0.13241368
     0.13230300
     0.13219241
     0.13208190
     0.13197146
     0.13186110
     0.13175082
     0.13164062
     0.13153050
     0.13142045
     0.13128552
     0.13098631
     0.13068768
     0.13124573
     0.13182699
     0.13241042
     0.13299604
     0.13358385
     0.13417386
     0.13476607
     0.13536048
     0.13580133
     0.13562190
     0.00000000
     0.00000000
     0.00000000
     0.00000000
     0.00000000
     0.00000000
     0.00000000
     0.00000000
     0.00000000
     0.00000000
     0.00000000
     0.00000000
     0.00000000
     0.00000000
     0.00000000
     0.00000000
     0.00000000
     0.00000000
     0.00000000
     0.00000000
     0.01010101
     0.02020202
     0.03030303
     0.04040404
     0.05050505
     0.06060606
     0.07070707
     0.08080808
     0.09090909
     0.10101010
     0.11111111
     0.11891513
     0.11891629
     0.11891745
     0.11891861
     0.11891976
     0.11892092
     0.11892208
     0.11892323
     0.11892439
     0.11886689
     0.11894512
     0.11942426
     0.12010793
     0.12076245
     0.12132865
     0.12189714
     0.12246791
     0.12304099
     0.12361637
     0.12419406
     0.12477406
     0.12535639
     0.12594104
     0.12652802
     0.12677560
     0.12700553
     0.12723583
     0.12746647
     0.12769748
     0.12792884
     0.12816056
     0.12839264
     0.12862508
     0.12885787
     0.12909103
     0.12932454
     0.12955841
     0.12986524
     0.13094845
     0.13203933
     0.13288974
     0.13277873
     0.13266780
     0.13255695
     0.13244618
     0.13233548
     0.13222487
     0.13211433
     0.13200387
     0.13189349
     0.13178319
     0.13167296
     0.13156282
     0.13145275
     0.13134276
     0.13123285
     0.13107428
     0.13077548
     0.13052665
     0.13110520
     0.13168592
     0.13226883
     0.13285392
     0.13344120
     0.13403067
     0.13462235
     0.13521623
     0.13566860
     0.13567383
     0.00000000
     0.00000000
     0.00000000
     0.00000000
     0.00000000
     0.00000000
     0.00000000
     0.00000000
     0.00000000
     0.00000000
     0.00000000
     0.00000000
     0.00000000
     0.00000000
     0.00000000
     0.00000000
     0.00000000
     0.00000000
     0.00000000
     0.00000000
     0.01010101
     0.02020202
     0.03030303
     0.04040404
     0.05050505
     0.06060606
     0.07070707
     0.08080808
     0.09090909
     0.10101010
     0.11111111
     0.11889452
     0.11889568
     0.11889684
     0.11889799
     0.11889915
     0.11890031
     0.11890146
     0.11890262
     0.11888196
     0.11881703
     0.11905786
     0.11962132
     0.12027722
     0.12084146
     0.12140798
     0.12197678
     0.12254788
     0.12312128
     0.12369698
     0.12427499
     0.12485532
     0.12543797
     0.12602295
     0.12659619
     0.12682585
     0.12705586
     0.12728623
     0.12751696
     0.12774804
     0.12797948
     0.12821128
     0.12844344
     0.12867595
     0.12890882
     0.12914206
     0.12937565
     0.12960960
     0.12997730
     0.13077860
     0.13186828
     0.13270036
     0.13258948
     0.13247869
     0.13236797
     0.13225733
     0.13214677
     0.13203629
     0.13192589
     0.13181556
     0.13170531
     0.13159514
     0.13148505
     0.13137504
     0.13126511
     0.13115525
     0.13104547
     0.13086332
     0.13056493
     0.13038677
     0.13096479
     0.13154499
     0.13212736
     0.13271192
     0.13329867
     0.13388761
     0.13447876
     0.13507210
     0.13547997
     0.13572578
     0.13572307
     0.00000000
     0.00000000
     0.00000000
     0.00000000
     0.00000000
     0.00000000
     0.00000000
     0.00000000
     0.00000000
     0.00000000
     0.00000000
     0.00000000
     0.00000000
     0.00000000
     0.00000000
     0.00000000
     0.00000000
     0.00000000
     0.00000000
     0.01010101
     0.02020202
     0.03030303
     0.04040404
     0.05050505
     0.06060606
     0.07070707
     0.08080808
     0.09090909
     0.10101010
     0.11111111
     0.11887392
     0.11887507
     0.11887623
     0.11887738
     0.11887854
     0.11887970
     0.11888085
     0.11888201
     0.11883210
     0.11876720
     0.11917069
     0.11979367
     0.12035595
     0.12092051
     0.12148734
     0.12205647
     0.12262789
     0.12320161
     0.12377763
     0.12435597
     0.12493662
     0.12551960
     0.12610490
     0.12664638
     0.12687611
     0.12710620
     0.12733665
     0.12756746
     0.12779862
     0.12803014
     0.12826201
     0.12849425
     0.12872684
     0.12895979
     0.12919310
     0.12942677
     0.12966081
     0.13010623
     0.13064172
     0.13169742
     0.13251120
     0.13240046
     0.13228980
     0.13217922
     0.13206871
     0.13195829
     0.13184794
     0.13173767
     0.13162748
     0.13151736
     0.13140733
     0.13129737
     0.13118749
     0.13107769
     0.13096797
     0.13085832
     0.13065265
     0.13035467
     0.13024701
     0.13082451
     0.13140418
     0.13198602
     0.13257005
     0.13315627
     0.13374468
     0.13433529
     0.13492810
     0.13529156
     0.13568242
     0.13557735
     0.00000000
     0.00000000
     0.00000000
     0.00000000
     0.00000000
     0.00000000
     0.00000000
     0.00000000
     0.00000000
     0.00000000
     0.00000000
     0.00000000
     0.00000000
     0.00000000
     0.00000000
     0.00000000
     0.00000000
     0.00000000
     0.00000000
     0.01010101
     0.02020202
     0.03030303
     0.04040404
     0.05050505
     0.06060606
     0.07070707
     0.08080808
     0.09090909
     0.10101010
     0.11111111
     0.11885331
     0.11885447
     0.11885562
     0.11885678
     0.11885794
     0.11885909
     0.11886025
     0.11884718
     0.11878226
     0.11880496
     0.11931181
     0.11987213
     0.12043473
     0.12099960
     0.12156676
     0.12213620
     0.12270794
     0.12328198
     0.12385833
     0.12443699
     0.12501797
     0.12560127
     0.12618690
     0.12669658
     0.12692639
     0.12715656
     0.12738709
     0.12761797
     0.12784921
     0.12808081
     0.12831276
     0.12854508
     0.12877775
     0.12901078
     0.12924417
     0.12947792
     0.12971203
     0.13023528
     0.13077121
     0.13152674
     0.13232228
     0.13221167
     0.13210114
     0.13199069
     0.13188032
     0.13177003
     0.13165981
     0.13154968
     0.13143962
     0.13132964
     0.13121974
     0.13110991
     0.13100017
     0.13089050
     0.13078091
     0.13067140
     0.13044227
     0.13014470
     0.13010739
     0.13068435
     0.13126350
     0.13184482
     0.13242832
     0.13301400
     0.13360188
     0.13419196
     0.13475964
     0.13510338
     0.13550680
     0.13562927
     0.00000000
     0.00000000
     0.00000000
     0.00000000
     0.00000000
     0.00000000
     0.00000000
     0.00000000
     0.00000000
     0.00000000
     0.00000000
     0.00000000
     0.00000000
     0.00000000
     0.00000000
     0.00000000
     0.00000000
     0.00000000
     0.00000000
     0.01010101
     0.02020202
     0.03030303
     0.04040404
     0.05050505
     0.06060606
     0.07070707
     0.08080808
     0.09090909
     0.10101010
     0.11111111
     0.11883271
     0.11883386
     0.11883502
     0.11883618
     0.11883733
     0.11883849
     0.11883965
     0.11879733
     0.11873244
     0.11886831
     0.11938999
     0.11995063
     0.12051355
     0.12107874
     0.12164622
     0.12221598
     0.12278804
     0.12336241
     0.12393908
     0.12451806
     0.12509936
     0.12568299
     0.12626894
     0.12674680
     0.12697669
     0.12720694
     0.12743755
     0.12766851
     0.12789982
     0.12813150
     0.12836353
     0.12859592
     0.12882867
     0.12906178
     0.12929525
     0.12952908
     0.12982991
     0.13036443
     0.13090082
     0.13143908
     0.13213358
     0.13202311
     0.13191271
     0.13180240
     0.13169216
     0.13158200
     0.13147192
     0.13136192
     0.13125199
     0.13114214
     0.13103237
     0.13092268
     0.13081307
     0.13070354
     0.13059408
     0.13048470
     0.13023218
     0.12993501
     0.12996789
     0.13054433
     0.13112294
     0.13170373
     0.13228671
     0.13287186
     0.13345921
     0.13404875
     0.13457208
     0.13491541
     0.13533137
     0.13568120
     0.00000000
     0.00000000
     0.00000000
     0.00000000
     0.00000000
     0.00000000
     0.00000000
     0.00000000
     0.00000000
     0.00000000
     0.00000000
     0.00000000
     0.00000000
     0.00000000
     0.00000000
     0.00000000
     0.00000000
     0.00000000
     0.00000000
     0.01010101
     0.02020202
     0.03030303
     0.04040404
     0.05050505
     0.06060606
     0.07070707
     0.08080808
     0.09090909
     0.10101010
     0.11111111
     0.11881211
     0.11881326
     0.11881442
     0.11881558
     0.11881673
     0.11881789
     0.11881240
     0.11874750
     0.11861116
     0.11890953
     0.11946822
     0.12002918
     0.12059241
     0.12115792
     0.12172572
     0.12229580
     0.12286819
     0.12344287
     0.12401987
     0.12459917
     0.12518080
     0.12576475
     0.12635103
     0.12679704
     0.12702701
     0.12725734
     0.12748802
     0.12771906
     0.12795045
     0.12818221
     0.12841432
     0.12864679
     0.12887962
     0.12911280
     0.12934635
     0.12958026
     0.12995873
     0.13049369
     0.13103053
     0.13156925
     0.13194511
     0.13183477
     0.13172451
     0.13161433
     0.13150423
     0.13139420
     0.13128425
     0.13117438
     0.13106459
     0.13095488
     0.13084524
     0.13073568
     0.13062620
     0.13051680
     0.13040748
     0.13029823
     0.13002238
     0.12972562
     0.12982851
     0.13040443
     0.13098252
     0.13156278
     0.13214522
     0.13272985
     0.13331667
     0.13390568
     0.13438474
     0.13472766
     0.13515613
     0.13573315
     0.00000000
     0.00000000
     0.00000000
     0.00000000
     0.00000000
     0.00000000
     0.00000000
     0.00000000
     0.00000000
     0.00000000
     0.00000000
     0.00000000
     0.00000000
     0.00000000
     0.00000000
     0.00000000
     0.00000000
     0.00000000
     0.00000000
     0.01010101
     0.02020202
     0.03030303
     0.04040404
     0.05050505
     0.06060606
     0.07070707
     0.08080808
     0.09090909
     0.10101010
     0.11111111
     0.11879151
     0.11879267
     0.11879382
     0.11879498
     0.11879614
     0.11879729
     0.11873087
     0.11858782
     0.11847490
     0.11898749
     0.11954649
     0.12010777
     0.12067132
     0.12123715
     0.12180527
     0.12237567
     0.12294838
     0.12352338
     0.12410070
     0.12468033
     0.12526228
     0.12584656
     0.12643316
     0.12684730
     0.12707735
     0.12730775
     0.12753851
     0.12776963
     0.12800110
     0.12823293
     0.12846512
     0.12869767
     0.12893058
     0.12916384
     0.12939747
     0.12963145
     0.13008765
     0.13062307
     0.13116036
     0.13169952
     0.13180495
     0.13164667
     0.13153654
     0.13142649
     0.13131652
     0.13120663
     0.13109681
     0.13098707
     0.13087742
     0.13076783
     0.13065833
     0.13054891
     0.13043956
     0.13033029
     0.13022110
     0.13010979
     0.12981286
     0.12951651
     0.12968927
     0.13026466
     0.13084222
     0.13142196
     0.13200387
     0.13258797
     0.13317425
     0.13376273
     0.13419762
     0.13454014
     0.13498109
     0.13560078
     0.00000000
     0.00000000
     0.00000000
     0.00000000
     0.00000000
     0.00000000
     0.00000000
     0.00000000
     0.00000000
     0.00000000
     0.00000000
     0.00000000
     0.00000000
     0.00000000
     0.00000000
     0.00000000
     0.00000000
     0.00000000
     0.00000000
     0.01010101
     0.02020202
     0.03030303
     0.04040404
     0.05050505
     0.06060606
     0.07070707
     0.08080808
     0.09090909
     0.10101010
     0.11111111
     0.11874565
     0.11873765
     0.11872964
     0.11872163
     0.11871362
     0.11870562
     0.11856449
     0.11842161
     0.11850843
     0.11906549
     0.11962481
     0.12018640
     0.12075027
     0.12131642
     0.12188486
     0.12245559
     0.12302861
     0.12360394
     0.12418158
     0.12476153
     0.12534381
     0.12592841
     0.12651535
     0.12689757
     0.12712770
     0.12735818
     0.12758902
     0.12782021
     0.12805176
     0.12828367
     0.12851594
     0.12874857
     0.12898155
     0.12921490
     0.12944860
     0.12968267
     0.13021668
     0.13075255
     0.13129029
     0.13182991
     0.13172567
     0.13145879
     0.13134879
     0.13123888
     0.13112904
     0.13101928
     0.13090960
     0.13079999
     0.13069047
     0.13058102
     0.13047165
     0.13036236
     0.13025314
     0.13014401
     0.13003495
     0.12990015
     0.12960363
     0.12930768
     0.12955015
     0.13012502
     0.13070205
     0.13128126
     0.13186265
     0.13244621
     0.13303197
     0.13361991
     0.13401072
     0.13435284
     0.13480624
     0.13542525
     0.00000000
     0.00000000
     0.00000000
     0.00000000
     0.00000000
     0.00000000
     0.00000000
     0.00000000
     0.00000000
     0.00000000
     0.00000000
     0.00000000
     0.00000000
     0.00000000
     0.00000000
     0.00000000
     0.00000000
     0.00000000
     0.00000000
     0.01010101
     0.02020202
     0.03030303
     0.04040404
     0.05050505
     0.06060606
     0.07070707
     0.08080808
     0.09090909
     0.10101010
     0.11111111
     0.11863901
     0.11863101
     0.11862300
     0.11861500
     0.11860700
     0.11854115
     0.11839830
     0.11825559
     0.11858615
     0.11914353
     0.11970317
     0.12026508
     0.12082927
     0.12139574
     0.12196449
     0.12253554
     0.12310889
     0.12368454
     0.12426251
     0.12484278
     0.12542538
     0.12601031
     0.12659757
     0.12694786
     0.12717806
     0.12740862
     0.12763954
     0.12787081
     0.12810244
     0.12833443
     0.12856678
     0.12879948
     0.12903255
     0.12926597
     0.12949975
     0.12981136
     0.13034581
     0.13088213
     0.13142033
     0.13195640
     0.13164643
     0.13133708
     0.13116127
     0.13105149
     0.13094179
     0.13083216
     0.13072261
     0.13061314
     0.13050375
     0.13039443
     0.13028520
     0.13017604
     0.13006696
     0.12995795
     0.12984903
     0.12969081
     0.12939469
     0.12909915
     0.12941116
     0.12998550
     0.13056201
     0.13114069
     0.13172155
     0.13230459
     0.13288981
     0.13347723
     0.13382404
     0.13416575
     0.13463157
     0.13524991
     0.00000000
     0.00000000
     0.00000000
     0.00000000
     0.00000000
     0.00000000
     0.00000000
     0.00000000
     0.00000000
     0.00000000
     0.00000000
     0.00000000
     0.00000000
     0.00000000
     0.00000000
     0.00000000
     0.00000000
     0.00000000
     0.00000000
     0.01010101
     0.02020202
     0.03030303
     0.04040404
     0.05050505
     0.06060606
     0.07070707
     0.08080808
     0.09090909
     0.10101010
     0.11111111
     0.11853245
     0.11852445
     0.11851645
     0.11850846
     0.11850046
     0.11837500
     0.11823232
     0.11813427
     0.11866393
     0.11922162
     0.11978158
     0.12034381
     0.12090831
     0.12147510
     0.12204418
     0.12261555
     0.12318922
     0.12376519
     0.12434348
     0.12492408
     0.12550700
     0.12609226
     0.12667984
     0.12699817
     0.12722845
     0.12745909
     0.12769008
     0.12792143
     0.12815314
     0.12838521
     0.12861763
     0.12885042
     0.12908356
     0.12931706
     0.12955092
     0.12994016
     0.13047506
     0.13101183
     0.13155048
     0.13187704
     0.13156723
     0.13125804
     0.13097398
     0.13086433
     0.13075476
     0.13064527
     0.13053585
     0.13042651
     0.13031726
     0.13020807
     0.13009897
     0.12998994
     0.12988099
     0.12977212
     0.12966333
     0.12948174
     0.12918603
     0.12889090
     0.12927229
     0.12984611
     0.13042210
     0.13100025
     0.13158058
     0.13216309
     0.13274778
     0.13329700
     0.13363757
     0.13397889
     0.13445710
     0.13507476
     0.00000000
     0.00000000
     0.00000000
     0.00000000
     0.00000000
     0.00000000
     0.00000000
     0.00000000
     0.00000000
     0.00000000
     0.00000000
     0.00000000
     0.00000000
     0.00000000
     0.00000000
     0.00000000
     0.00000000
     0.00000000
     0.00000000
     0.01010101
     0.02020202
     0.03030303
     0.04040404
     0.05050505
     0.06060606
     0.07070707
     0.08080808
     0.09090909
     0.10101010
     0.11111111
     0.11842597
     0.11841798
     0.11840999
     0.11840200
     0.11835170
     0.11820904
     0.11807733
     0.11818599
     0.11874174
     0.11929975
     0.11986003
     0.12042258
     0.12098740
     0.12155451
     0.12212390
     0.12269559
     0.12326959
     0.12384588
     0.12442449
     0.12500542
     0.12558867
     0.12617425
     0.12676216
     0.12704849
     0.12727885
     0.12750957
     0.12774064
     0.12797207
     0.12820385
     0.12843600
     0.12866850
     0.12890137
     0.12913459
     0.12936817
     0.12960211
     0.13006906
     0.13060441
     0.13114164
     0.13168074
     0.13179772
     0.13148807
     0.13117904
     0.13087062
     0.13067740
     0.13056796
     0.13045860
     0.13034932
     0.13024012
     0.13013099
     0.13002194
     0.12991297
     0.12980407
     0.12969526
     0.12958652
     0.12947786
     0.12927297
     0.12897766
     0.12868293
     0.12913355
     0.12970685
     0.13028231
     0.13085994
     0.13143974
     0.13202172
     0.13260588
     0.13311116
     0.13345133
     0.13379224
     0.13428282
     0.13489980
     0.00000000
     0.00000000
     0.00000000
     0.00000000
     0.00000000
     0.00000000
     0.00000000
     0.00000000
     0.00000000
     0.00000000
     0.00000000
     0.00000000
     0.00000000
     0.00000000
     0.00000000
     0.00000000
     0.00000000
     0.00000000
     0.00000000
     0.01010101
     0.02020202
     0.03030303
     0.04040404
     0.05050505
     0.06060606
     0.07070707
     0.08080808
     0.09090909
     0.10101010
     0.11111111
     0.11831957
     0.11831159
     0.11830360
     0.11829562
     0.11818577
     0.11804329
     0.11797556
     0.11826354
     0.11881961
     0.11937793
     0.11993852
     0.12050139
     0.12106653
     0.12163396
     0.12220367
     0.12277569
     0.12335000
     0.12392662
     0.12450555
     0.12508680
     0.12567038
     0.12625628
     0.12684452
     0.12709883
     0.12732927
     0.12756006
     0.12779121
     0.12802272
     0.12825459
     0.12848681
     0.12871939
     0.12895233
     0.12918563
     0.12941929
     0.12966414
     0.13019807
     0.13073388
     0.13127156
     0.13181111
     0.13171845
     0.13140895
     0.13110008
     0.13079182
     0.13049070
     0.13038139
     0.13027216
     0.13016301
     0.13005394
     0.12994495
     0.12983603
     0.12972719
     0.12961843
     0.12950975
     0.12940114
     0.12929261
     0.12906448
     0.12876958
     0.12847526
     0.12899494
     0.12956771
     0.13014265
     0.13071975
     0.13129903
     0.13188048
     0.13246411
     0.13292554
     0.13326531
     0.13360582
     0.13410873
     0.13472504
     0.00000000
     0.00000000
     0.00000000
     0.00000000
     0.00000000
     0.00000000
     0.00000000
     0.00000000
     0.00000000
     0.00000000
     0.00000000
     0.00000000
     0.00000000
     0.00000000
     0.00000000
     0.00000000
     0.00000000
     0.00000000
     0.00000000
     0.01010101
     0.02020202
     0.03030303
     0.04040404
     0.05050505
     0.06060606
     0.07070707
     0.08080808
     0.09090909
     0.10101010
     0.11111111
     0.11821326
     0.11820528
     0.11819730
     0.11816250
     0.11802004
     0.11791868
     0.11787386
     0.11834113
     0.11889751
     0.11945615
     0.12001706
     0.12058025
     0.12114571
     0.12171345
     0.12228349
     0.12285582
     0.12343046
     0.12400740
     0.12458666
     0.12516824
     0.12575214
     0.12633837
     0.12691903
     0.12714919
     0.12737971
     0.12761058
     0.12784181
     0.12807339
     0.12830533
     0.12853764
     0.12877030
     0.12900332
     0.12923669
     0.12947043
     0.12979281
     0.13032720
     0.13086345
     0.13140158
     0.13194159
     0.13163921
     0.13132988
     0.13102116
     0.13071306
     0.13040557
     0.13019505
     0.13008595
     0.12997694
     0.12986800
     0.12975913
     0.12965035
     0.12954164
     0.12943301
     0.12932446
     0.12921599
     0.12910759
     0.12885628
     0.12856179
     0.12828637
     0.12885646
     0.12942871
     0.13000312
     0.13057969
     0.13115844
     0.13173937
     0.13232247
     0.13274014
     0.13307951
     0.13341962
     0.13393483
     0.13455047
     0.00000000
     0.00000000
     0.00000000
     0.00000000
     0.00000000
     0.00000000
     0.00000000
     0.00000000
     0.00000000
     0.00000000
     0.00000000
     0.00000000
     0.00000000
     0.00000000
     0.00000000
     0.00000000
     0.00000000
     0.00000000
     0.00000000
     0.01010101
     0.02020202
     0.03030303
     0.04040404
     0.05050505
     0.06060606
     0.07070707
     0.08080808
     0.09090909
     0.10101010
     0.11111111
     0.11810702
     0.11809905
     0.11809108
     0.11799681
     0.11786183
     0.11781703
     0.11786432
     0.11841876
     0.11897546
     0.11953442
     0.12009565
     0.12065915
     0.12122493
     0.12179299
     0.12236335
     0.12293601
     0.12351096
     0.12408823
     0.12466781
     0.12524971
     0.12583394
     0.12642049
     0.12696933
     0.12719957
     0.12743016
     0.12766111
     0.12789241
     0.12812408
     0.12835610
     0.12858848
     0.12882122
     0.12905432
     0.12928777
     0.12952159
     0.12992159
     0.13045643
     0.13099314
     0.13153172
     0.13186981
     0.13156002
     0.13125084
     0.13094228
     0.13063433
     0.13032700
     0.13002029
     0.12989997
     0.12979108
     0.12968228
     0.12957355
     0.12946490
     0.12935632
     0.12924782
     0.12913941
     0.12903106
     0.12892280
     0.12864836
     0.12835428
     0.12814853
     0.12871810
     0.12928983
     0.12986371
     0.13043976
     0.13101798
     0.13159838
     0.13218096
     0.13255495
     0.13289393
     0.13323363
     0.13376113
     0.13437608
     0.00000000
     0.00000000
     0.00000000
     0.00000000
     0.00000000
     0.00000000
     0.00000000
     0.00000000
     0.00000000
     0.00000000
     0.00000000
     0.00000000
     0.00000000
     0.00000000
     0.00000000
     0.00000000
     0.00000000
     0.00000000
     0.00000000
     0.01010101
     0.02020202
     0.03030303
     0.04040404
     0.05050505
     0.06060606
     0.07070707
     0.08080808
     0.09090909
     0.10101010
     0.11111111
     0.11800088
     0.11799291
     0.11797357
     0.11783131
     0.11776022
     0.11771545
     0.11794169
     0.11849644
     0.11905345
     0.11961273
     0.12017427
     0.12073809
     0.12130419
     0.12187258
     0.12244326
     0.12301623
     0.12359151
     0.12416910
     0.12474901
     0.12533123
     0.12591578
     0.12650267
     0.12701965
     0.12724996
     0.12748063
     0.12771166
     0.12794304
     0.12817478
     0.12840688
     0.12863934
     0.12887216
     0.12910534
     0.12933887
     0.12957277
     0.13005048
     0.13058577
     0.13112293
     0.13166196
     0.13179050
     0.13148086
     0.13117184
     0.13086344
     0.13055565
     0.13024848
     0.12994192
     0.12971421
     0.12960546
     0.12949678
     0.12938818
     0.12927967
     0.12917122
     0.12906286
     0.12895457
     0.12884636
     0.12873499
     0.12844073
     0.12814705
     0.12801083
     0.12857987
     0.12915107
     0.12972443
     0.13029996
     0.13087765
     0.13145752
     0.13203215
     0.13236999
     0.13270856
     0.13304787
     0.13358761
     0.13420189
     0.13481856
     0.00000000
     0.00000000
     0.00000000
     0.00000000
     0.00000000
     0.00000000
     0.00000000
     0.00000000
     0.00000000
     0.00000000
     0.00000000
     0.00000000
     0.00000000
     0.00000000
     0.00000000
     0.00000000
     0.00000000
     0.00000000
     0.01010101
     0.02020202
     0.03030303
     0.04040404
     0.05050505
     0.06060606
     0.07070707
     0.08080808
     0.09090909
     0.10101010
     0.11111111
     0.11789481
     0.11788685
     0.11780810
     0.11770343
     0.11765868
     0.11761394
     0.11801909
     0.11857416
     0.11913149
     0.11969109
     0.12025295
     0.12081709
     0.12138350
     0.12195221
     0.12252321
     0.12309651
     0.12367211
     0.12425002
     0.12483025
     0.12541280
     0.12599768
     0.12658489
     0.12706998
     0.12730037
     0.12753112
     0.12776222
     0.12799368
     0.12822551
     0.12845768
     0.12869022
     0.12892312
     0.12915637
     0.12938998
     0.12964560
     0.13017948
     0.13071522
     0.13125283
     0.13179232
     0.13171123
     0.13140175
     0.13109289
     0.13078464
     0.13047701
     0.13017000
     0.12986360
     0.12955781
     0.12942006
     0.12931151
     0.12920305
     0.12909466
     0.12898635
     0.12887812
     0.12876997
     0.12866189
     0.12852724
     0.12823339
     0.12794011
     0.12787324
     0.12844177
     0.12901245
     0.12958528
     0.13016028
     0.13073745
     0.13131679
     0.13184781
     0.13218525
     0.13252342
     0.13286232
     0.13341428
     0.13402789
     0.13464389
     0.00000000
     0.00000000
     0.00000000
     0.00000000
     0.00000000
     0.00000000
     0.00000000
     0.00000000
     0.00000000
     0.00000000
     0.00000000
     0.00000000
     0.00000000
     0.00000000
     0.00000000
     0.00000000
     0.00000000
     0.00000000
     0.01010101
     0.02020202
     0.03030303
     0.04040404
     0.05050505
     0.06060606
     0.07070707
     0.08080808
     0.09090909
     0.10101010
     0.11111111
     0.11778883
     0.11778087
     0.11764667
     0.11760194
     0.11755722
     0.11754341
     0.11809654
     0.11865193
     0.11920957
     0.11976948
     0.12033166
     0.12089612
     0.12146286
     0.12203189
     0.12260321
     0.12317683
     0.12375275
     0.12433099
     0.12491154
     0.12549441
     0.12607962
     0.12666715
     0.12712032
     0.12735079
     0.12758162
     0.12781280
     0.12804435
     0.12827624
     0.12850850
     0.12874112
     0.12897409
     0.12920742
     0.12944112
     0.12977426
     0.13030858
     0.13084477
     0.13138284
     0.13192278
     0.13163200
     0.13132268
     0.13101397
     0.13070588
     0.13039841
     0.13009155
     0.12978531
     0.12947968
     0.12923488
     0.12912647
     0.12901814
     0.12890988
     0.12880171
     0.12869361
     0.12858558
     0.12847764
     0.12831978
     0.12802633
     0.12773346
     0.12773579
     0.12830379
     0.12887395
     0.12944626
     0.13002074
     0.13059738
     0.13117619
     0.13166368
     0.13200072
     0.13233849
     0.13267699
     0.13324114
     0.13385408
     0.13446940
     0.00000000
     0.00000000
     0.00000000
     0.00000000
     0.00000000
     0.00000000
     0.00000000
     0.00000000
     0.00000000
     0.00000000
     0.00000000
     0.00000000
     0.00000000
     0.00000000
     0.00000000
     0.00000000
     0.00000000
     0.00000000
     0.01010101
     0.02020202
     0.03030303
     0.04040404
     0.05050505
     0.06060606
     0.07070707
     0.08080808
     0.09090909
     0.10101010
     0.11111111
     0.11768293
     0.11761966
     0.11754522
     0.11750052
     0.11745583
     0.11762059
     0.11817404
     0.11872974
     0.11928770
     0.11984793
     0.12041043
     0.12097520
     0.12154226
     0.12211161
     0.12268325
     0.12325719
     0.12383344
     0.12441199
     0.12499287
     0.12557607
     0.12616160
     0.12674946
     0.12717069
     0.12740124
     0.12763214
     0.12786340
     0.12809502
     0.12832700
     0.12855934
     0.12879203
     0.12902508
     0.12925849
     0.12949226
     0.12990302
     0.13043780
     0.13097444
     0.13151296
     0.13186259
     0.13155281
     0.13124364
     0.13093509
     0.13062716
     0.13031985
     0.13001315
     0.12970706
     0.12940159
     0.12909673
     0.12894165
     0.12883345
     0.12872533
     0.12861729
     0.12850932
     0.12840143
     0.12829361
     0.12811260
     0.12781956
     0.12752709
     0.12759846
     0.12816594
     0.12873557
     0.12930736
     0.12988131
     0.13045743
     0.13103572
     0.13147977
     0.13181641
     0.13215378
     0.13249189
     0.13306820
     0.13368046
     0.13429511
     0.00000000
     0.00000000
     0.00000000
     0.00000000
     0.00000000
     0.00000000
     0.00000000
     0.00000000
     0.00000000
     0.00000000
     0.00000000
     0.00000000
     0.00000000
     0.00000000
     0.00000000
     0.00000000
     0.00000000
     0.00000000
     0.01010101
     0.02020202
     0.03030303
     0.04040404
     0.05050505
     0.06060606
     0.07070707
     0.08080808
     0.09090909
     0.10101010
     0.11111111
     0.11757711
     0.11748853
     0.11744384
     0.11739917
     0.11735452
     0.11769782
     0.11825158
     0.11880760
     0.11936587
     0.11992642
     0.12048923
     0.12105433
     0.12162170
     0.12219137
     0.12276333
     0.12333760
     0.12391417
     0.12449305
     0.12507425
     0.12565778
     0.12624363
     0.12683182
     0.12722107
     0.12745170
     0.12768268
     0.12791402
     0.12814572
     0.12837777
     0.12861019
     0.12884296
     0.12907609
     0.12930958
     0.12954343
     0.13003190
     0.13056712
     0.13110422
     0.13164319
     0.13178328
     0.13147365
     0.13116465
     0.13085626
     0.13054849
     0.13024133
     0.12993479
     0.12962886
     0.12932354
     0.12901884
     0.12875706
     0.12864899
     0.12854100
     0.12843309
     0.12832525
     0.12821749
     0.12810981
     0.12790571
     0.12761307
     0.12732100
     0.12746125
     0.12802821
     0.12859733
     0.12916859
     0.12974202
     0.13031761
     0.13089537
     0.13129608
     0.13163232
     0.13196930
     0.13230700
     0.13289544
     0.13350703
     0.13412100
     0.00000000
     0.00000000
     0.00000000
     0.00000000
     0.00000000
     0.00000000
     0.00000000
     0.00000000
     0.00000000
     0.00000000
     0.00000000
     0.00000000
     0.00000000
     0.00000000
     0.00000000
     0.00000000
     0.00000000
     0.00000000
     0.01010101
     0.02020202
     0.03030303
     0.04040404
     0.05050505
     0.06060606
     0.07070707
     0.08080808
     0.09090909
     0.10101010
     0.11111111
     0.11743186
     0.11738719
     0.11734254
     0.11729790
     0.11725328
     0.11777508
     0.11832916
     0.11888549
     0.11944409
     0.12000495
     0.12056808
     0.12113349
     0.12170119
     0.12227118
     0.12284346
     0.12341805
     0.12399494
     0.12457415
     0.12515567
     0.12573952
     0.12632570
     0.12691422
     0.12727147
     0.12750218
     0.12773324
     0.12796465
     0.12819643
     0.12842856
     0.12866106
     0.12889391
     0.12912712
     0.12936068
     0.12962707
     0.13016088
     0.13069655
     0.13123410
     0.13177352
     0.13170401
     0.13139454
     0.13108570
     0.13077746
     0.13046985
     0.13016285
     0.12985646
     0.12955069
     0.12924553
     0.12894099
     0.12863705
     0.12846476
     0.12835690
     0.12824912
     0.12814141
     0.12803379
     0.12792624
     0.12769910
     0.12740687
     0.12711520
     0.12732417
     0.12789062
     0.12845921
     0.12902995
     0.12960285
     0.13017792
     0.13075516
     0.13111261
     0.13144845
     0.13178503
     0.13212233
     0.13272287
     0.13333379
     0.13394709
     0.00000000
     0.00000000
     0.00000000
     0.00000000
     0.00000000
     0.00000000
     0.00000000
     0.00000000
     0.00000000
     0.00000000
     0.00000000
     0.00000000
     0.00000000
     0.00000000
     0.00000000
     0.00000000
     0.00000000
