     1.00000000
     1.00000000
     1.00000000
     1.00000000
     1.00000000
     1.00000000
     1.00000000
     1.00000000
     1.00000000
     1.00000000
     1.00000000
     1.00000000
     0.90012628
     0.75859551
     0.65280017
     0.57072158
     0.50519045
     0.45166025
     0.40711087
     0.36945714
     0.33721304
     0.30929092
     0.28487638
     0.26334754
     0.24422134
     0.22711684
     0.21172956
     0.19781327
     0.18516666
     0.17362351
     0.16304548
     0.15331637
     0.14433795
     0.13602655
     0.12831050
     0.12112805
     0.11442569
     0.10815685
     0.10228078
     0.09676169
     0.09156801
     0.08667178
     0.08204816
     0.07767501
     0.07353250
     0.06960285
     0.06587008
     0.06231975
     0.05893880
     0.05571539
     0.05263876
     0.04969912
     0.04688750
     0.04419573
     0.04161630
     0.03914232
     0.03676746
     0.03448588
     0.03229218
     0.03018139
     0.02814889
     0.02619040
     0.02430196
     0.02247987
     0.02072070
     0.01902124
     0.01737851
     0.01578970
     0.01425221
     0.01276360
     0.01132155
     0.00992394
     0.00856872
     0.00725399
     0.00597800
     0.00473903
     0.00353550
     0.00236591
     0.00122885
     0.00012297
     0.00000000
     0.00000000
     0.00000000
     0.00000000
     0.00000000
     0.00000000
     0.00000000
     0.00000000
     0.00000000
     0.00000000
     0.00000000
     0.00000000
     0.00000000
     0.00000000
     0.00000000
     0.00000000
     0.00000000
     0.00000000
     0.00000000
     0.00000000
     1.00000000
     1.00000000
     1.00000000
     1.00000000
     1.00000000
     1.00000000
     1.00000000
     1.00000000
     1.00000000
     1.00000000
     1.00000000
     1.00000000
     0.90259654
     0.76053919
     0.65438459
     0.57204753
     0.50632274
     0.45264270
     0.40797436
     0.37022414
     0.33790037
     0.30991146
     0.28544019
     0.26386264
     0.24469417
     0.22755268
     0.21213279
     0.19818754
     0.18551504
     0.17394863
     0.16334959
     0.15360143
     0.14460563
     0.13627834
     0.12854770
     0.12135180
     0.11463703
     0.10835667
     0.10246990
     0.09694085
     0.09173787
     0.08683293
     0.08220115
     0.07782033
     0.07367060
     0.06973415
     0.06599495
     0.06243853
     0.05905182
     0.05582295
     0.05274113
     0.04979655
     0.04698024
     0.04428399
     0.04170028
     0.03922222
     0.03684346
     0.03455813
     0.03236086
     0.03024663
     0.02821083
     0.02624918
     0.02435770
     0.02253269
     0.02077070
     0.01906852
     0.01742317
     0.01583184
     0.01429192
     0.01280095
     0.01135664
     0.00995682
     0.00859948
     0.00728269
     0.00600470
     0.00476380
     0.00355840
     0.00238700
     0.00124817
     0.00014058
     0.00000000
     0.00000000
     0.00000000
     0.00000000
     0.00000000
     0.00000000
     0.00000000
     0.00000000
     0.00000000
     0.00000000
     0.00000000
     0.00000000
     0.00000000
     0.00000000
     0.00000000
     0.00000000
     0.00000000
     0.00000000
     0.00000000
     0.00000000
     1.00000000
     1.00000000
     1.00000000
     1.00000000
     1.00000000
     1.00000000
     1.00000000
     1.00000000
     1.00000000
     1.00000000
     1.00000000
     1.00000000
     0.90507351
     0.76248745
     0.65597234
     0.57337599
     0.50745698
     0.45362672
     0.40883913
     0.37099221
     0.33858860
     0.31053277
     0.28600468
     0.26437831
     0.24516751
     0.22798898
     0.21253642
     0.19856216
     0.18586375
     0.17427405
     0.16365398
     0.15388673
     0.14487354
     0.13653034
     0.12878509
     0.12157574
     0.11484852
     0.10855665
     0.10265917
     0.09712014
     0.09190785
     0.08699420
     0.08235425
     0.07796574
     0.07380879
     0.06986552
     0.06611989
     0.06255739
     0.05916491
     0.05593057
     0.05284356
     0.04989404
     0.04707303
     0.04437229
     0.04178431
     0.03930217
     0.03691949
     0.03463043
     0.03242957
     0.03031191
     0.02827281
     0.02630800
     0.02441347
     0.02258553
     0.02082072
     0.01911583
     0.01746786
     0.01587401
     0.01433165
     0.01283833
     0.01139174
     0.00998972
     0.00863026
     0.00731140
     0.00603142
     0.00478859
     0.00358132
     0.00240810
     0.00126751
     0.00015820
     0.00000000
     0.00000000
     0.00000000
     0.00000000
     0.00000000
     0.00000000
     0.00000000
     0.00000000
     0.00000000
     0.00000000
     0.00000000
     0.00000000
     0.00000000
     0.00000000
     0.00000000
     0.00000000
     0.00000000
     0.00000000
     0.00000000
     0.00000000
     1.00000000
     1.00000000
     1.00000000
     1.00000000
     1.00000000
     1.00000000
     1.00000000
     1.00000000
     1.00000000
     1.00000000
     1.00000000
     1.00000000
     0.90755722
     0.76444032
     0.65756341
     0.57470697
     0.50859319
     0.45461231
     0.40970519
     0.37176135
     0.33927774
     0.31115485
     0.28656983
     0.26489457
     0.24564137
     0.22842573
     0.21294045
     0.19893715
     0.18621279
     0.17459971
     0.16395863
     0.15417228
     0.14514168
     0.13678254
     0.12902267
     0.12179985
     0.11506019
     0.10875677
     0.10284858
     0.09729957
     0.09207795
     0.08715558
     0.08250744
     0.07811126
     0.07394707
     0.06999699
     0.06624491
     0.06267632
     0.05927808
     0.05603827
     0.05294606
     0.04999160
     0.04716587
     0.04446065
     0.04186839
     0.03938216
     0.03699557
     0.03470277
     0.03249832
     0.03037722
     0.02833483
     0.02636684
     0.02446927
     0.02263840
     0.02087077
     0.01916316
     0.01751258
     0.01591620
     0.01437140
     0.01287572
     0.01142685
     0.01002264
     0.00866104
     0.00734013
     0.00605815
     0.00481339
     0.00360424
     0.00242920
     0.00128685
     0.00017583
     0.00000000
     0.00000000
     0.00000000
     0.00000000
     0.00000000
     0.00000000
     0.00000000
     0.00000000
     0.00000000
     0.00000000
     0.00000000
     0.00000000
     0.00000000
     0.00000000
     0.00000000
     0.00000000
     0.00000000
     0.00000000
     0.00000000
     0.00000000
     1.00000000
     1.00000000
     1.00000000
     1.00000000
     1.00000000
     1.00000000
     1.00000000
     1.00000000
     1.00000000
     1.00000000
     1.00000000
     1.00000000
     0.91004770
     0.76639781
     0.65915782
     0.57604046
     0.50973135
     0.45559948
     0.41057253
     0.37253156
     0.33996778
     0.31177771
     0.28713565
     0.26541142
     0.24611574
     0.22886294
     0.21334490
     0.19931250
     0.18656215
     0.17492572
     0.16426356
     0.15445807
     0.14541004
     0.13703496
     0.12926044
     0.12202413
     0.11527201
     0.10895705
     0.10303813
     0.09747912
     0.09224817
     0.08731707
     0.08266075
     0.07825687
     0.07408544
     0.07012854
     0.06637002
     0.06279533
     0.05939131
     0.05614603
     0.05304862
     0.05008921
     0.04725878
     0.04454907
     0.04195252
     0.03946219
     0.03707170
     0.03477515
     0.03256711
     0.03044257
     0.02839688
     0.02642572
     0.02452510
     0.02269129
     0.02092084
     0.01921052
     0.01755731
     0.01595840
     0.01441116
     0.01291313
     0.01146199
     0.01005557
     0.00869185
     0.00736887
     0.00608490
     0.00483820
     0.00362718
     0.00245032
     0.00130620
     0.00019347
     0.00000000
     0.00000000
     0.00000000
     0.00000000
     0.00000000
     0.00000000
     0.00000000
     0.00000000
     0.00000000
     0.00000000
     0.00000000
     0.00000000
     0.00000000
     0.00000000
     0.00000000
     0.00000000
     0.00000000
     0.00000000
     0.00000000
     0.00000000
     1.00000000
     1.00000000
     1.00000000
     1.00000000
     1.00000000
     1.00000000
     1.00000000
     1.00000000
     1.00000000
     1.00000000
     1.00000000
     1.00000000
     0.91254497
     0.76835993
     0.66075558
     0.57737647
     0.51087149
     0.45658822
     0.41144116
     0.37330284
     0.34065872
     0.31240135
     0.28770214
     0.26592884
     0.24659062
     0.22930060
     0.21374975
     0.19968822
     0.18691184
     0.17525203
     0.16456876
     0.15474411
     0.14567862
     0.13728758
     0.12949841
     0.12224860
     0.11548400
     0.10915748
     0.10322782
     0.09765881
     0.09241851
     0.08747867
     0.08281416
     0.07840258
     0.07422391
     0.07026017
     0.06649521
     0.06291442
     0.05950462
     0.05625385
     0.05315124
     0.05018688
     0.04735173
     0.04463753
     0.04203670
     0.03954228
     0.03714786
     0.03484757
     0.03263594
     0.03050796
     0.02845896
     0.02648463
     0.02458096
     0.02274422
     0.02097095
     0.01925790
     0.01760207
     0.01600063
     0.01445095
     0.01295056
     0.01149714
     0.01008852
     0.00872266
     0.00739763
     0.00611165
     0.00486302
     0.00365012
     0.00247144
     0.00132556
     0.00021112
     0.00000000
     0.00000000
     0.00000000
     0.00000000
     0.00000000
     0.00000000
     0.00000000
     0.00000000
     0.00000000
     0.00000000
     0.00000000
     0.00000000
     0.00000000
     0.00000000
     0.00000000
     0.00000000
     0.00000000
     0.00000000
     0.00000000
     0.00000000
     1.00000000
     1.00000000
     1.00000000
     1.00000000
     1.00000000
     1.00000000
     1.00000000
     1.00000000
     1.00000000
     1.00000000
     1.00000000
     1.00000000
     0.91504905
     0.77032670
     0.66235670
     0.57871502
     0.51201360
     0.45757853
     0.41231108
     0.37407519
     0.34135057
     0.31302576
     0.28826930
     0.26644686
     0.24706602
     0.22973872
     0.21415501
     0.20006430
     0.18726186
     0.17557864
     0.16487423
     0.15503040
     0.14594744
     0.13754041
     0.12973656
     0.12247324
     0.11569615
     0.10935806
     0.10341764
     0.09783862
     0.09258898
     0.08764039
     0.08296768
     0.07854839
     0.07436247
     0.07039190
     0.06662047
     0.06303358
     0.05961800
     0.05636175
     0.05325393
     0.05028461
     0.04744475
     0.04472605
     0.04212093
     0.03962241
     0.03722408
     0.03492003
     0.03270481
     0.03057338
     0.02852108
     0.02654357
     0.02463685
     0.02279717
     0.02102107
     0.01930531
     0.01764685
     0.01604288
     0.01449076
     0.01298801
     0.01153231
     0.01012149
     0.00875350
     0.00742639
     0.00613842
     0.00488785
     0.00367308
     0.00249258
     0.00134493
     0.00022877
     0.00000000
     0.00000000
     0.00000000
     0.00000000
     0.00000000
     0.00000000
     0.00000000
     0.00000000
     0.00000000
     0.00000000
     0.00000000
     0.00000000
     0.00000000
     0.00000000
     0.00000000
     0.00000000
     0.00000000
     0.00000000
     0.00000000
     0.00000000
     1.00000000
     1.00000000
     1.00000000
     1.00000000
     1.00000000
     1.00000000
     1.00000000
     1.00000000
     1.00000000
     1.00000000
     1.00000000
     1.00000000
     0.91755998
     0.77229813
     0.66396118
     0.58005610
     0.51315769
     0.45857043
     0.41318230
     0.37484862
     0.34204334
     0.31365094
     0.28883714
     0.26696546
     0.24754193
     0.23017730
     0.21456067
     0.20044075
     0.18761222
     0.17590555
     0.16517997
     0.15531694
     0.14621648
     0.13779344
     0.12997491
     0.12269805
     0.11590846
     0.10955879
     0.10360761
     0.09801857
     0.09275957
     0.08780222
     0.08312130
     0.07869431
     0.07450112
     0.07052371
     0.06674582
     0.06315282
     0.05973145
     0.05646971
     0.05335667
     0.05038240
     0.04753782
     0.04481462
     0.04220521
     0.03970258
     0.03730033
     0.03499253
     0.03277372
     0.03063884
     0.02858323
     0.02660255
     0.02469277
     0.02285016
     0.02107123
     0.01935274
     0.01769166
     0.01608516
     0.01453059
     0.01302548
     0.01156750
     0.01015447
     0.00878434
     0.00745518
     0.00616521
     0.00491270
     0.00369604
     0.00251372
     0.00136431
     0.00024643
     0.00000000
     0.00000000
     0.00000000
     0.00000000
     0.00000000
     0.00000000
     0.00000000
     0.00000000
     0.00000000
     0.00000000
     0.00000000
     0.00000000
     0.00000000
     0.00000000
     0.00000000
     0.00000000
     0.00000000
     0.00000000
     0.00000000
     0.00000000
     1.00000000
     1.00000000
     1.00000000
     1.00000000
     1.00000000
     1.00000000
     1.00000000
     1.00000000
     1.00000000
     1.00000000
     1.00000000
     1.00000000
     0.92007779
     0.77427424
     0.66556904
     0.58139973
     0.51430375
     0.45956392
     0.41405481
     0.37562313
     0.34273701
     0.31427691
     0.28940565
     0.26748465
     0.24801837
     0.23061634
     0.21496675
     0.20081757
     0.18796290
     0.17623276
     0.16548598
     0.15560372
     0.14648574
     0.13804669
     0.13021345
     0.12292304
     0.11612094
     0.10975967
     0.10379772
     0.09819864
     0.09293028
     0.08796417
     0.08327503
     0.07884032
     0.07463987
     0.07065561
     0.06687126
     0.06327214
     0.05984498
     0.05657774
     0.05345948
     0.05048025
     0.04763094
     0.04490325
     0.04228953
     0.03978281
     0.03737663
     0.03506507
     0.03284266
     0.03070434
     0.02864541
     0.02666155
     0.02474872
     0.02290317
     0.02112141
     0.01940019
     0.01773649
     0.01612745
     0.01457044
     0.01306296
     0.01160270
     0.01018746
     0.00881521
     0.00748397
     0.00619200
     0.00493755
     0.00371902
     0.00253488
     0.00138369
     0.00026409
     0.00000000
     0.00000000
     0.00000000
     0.00000000
     0.00000000
     0.00000000
     0.00000000
     0.00000000
     0.00000000
     0.00000000
     0.00000000
     0.00000000
     0.00000000
     0.00000000
     0.00000000
     0.00000000
     0.00000000
     0.00000000
     0.00000000
     0.00000000
     1.00000000
     1.00000000
     1.00000000
     1.00000000
     1.00000000
     1.00000000
     1.00000000
     1.00000000
     1.00000000
     1.00000000
     1.00000000
     1.00000000
     0.92260249
     0.77625505
     0.66718029
     0.58274591
     0.51545181
     0.46055899
     0.41492862
     0.37639872
     0.34343159
     0.31490366
     0.28997483
     0.26800443
     0.24849532
     0.23105583
     0.21537323
     0.20119475
     0.18831391
     0.17656026
     0.16579226
     0.15589075
     0.14675524
     0.13830014
     0.13045218
     0.12314821
     0.11633358
     0.10996071
     0.10398797
     0.09837885
     0.09310111
     0.08812623
     0.08342886
     0.07898643
     0.07477871
     0.07078759
     0.06699677
     0.06339153
     0.05995857
     0.05668584
     0.05356236
     0.05057816
     0.04772413
     0.04499192
     0.04237391
     0.03986308
     0.03745297
     0.03513766
     0.03291165
     0.03076987
     0.02870763
     0.02672059
     0.02480470
     0.02295621
     0.02117162
     0.01944767
     0.01778134
     0.01616977
     0.01461030
     0.01310047
     0.01163792
     0.01022048
     0.00884608
     0.00751278
     0.00621881
     0.00496242
     0.00374200
     0.00255604
     0.00140308
     0.00028177
     0.00000000
     0.00000000
     0.00000000
     0.00000000
     0.00000000
     0.00000000
     0.00000000
     0.00000000
     0.00000000
     0.00000000
     0.00000000
     0.00000000
     0.00000000
     0.00000000
     0.00000000
     0.00000000
     0.00000000
     0.00000000
     0.00000000
     0.00000000
     1.00000000
     1.00000000
     1.00000000
     1.00000000
     1.00000000
     1.00000000
     1.00000000
     1.00000000
     1.00000000
     1.00000000
     1.00000000
     1.00000000
     0.92513411
     0.77824056
     0.66879493
     0.58409464
     0.51660186
     0.46155566
     0.41580373
     0.37717539
     0.34412709
     0.31553119
     0.29054469
     0.26852480
     0.24897279
     0.23149579
     0.21578012
     0.20157230
     0.18866526
     0.17688807
     0.16609882
     0.15617803
     0.14702496
     0.13855380
     0.13069110
     0.12337356
     0.11654639
     0.11016189
     0.10417837
     0.09855919
     0.09327206
     0.08828840
     0.08358280
     0.07913263
     0.07491764
     0.07091966
     0.06712236
     0.06351100
     0.06007224
     0.05679400
     0.05366530
     0.05067613
     0.04781736
     0.04508065
     0.04245833
     0.03994339
     0.03752936
     0.03521028
     0.03298067
     0.03083544
     0.02876989
     0.02677966
     0.02486071
     0.02300927
     0.02122185
     0.01949518
     0.01782621
     0.01621210
     0.01465019
     0.01313799
     0.01167316
     0.01025350
     0.00887697
     0.00754163
     0.00624563
     0.00498730
     0.00376500
     0.00257721
     0.00142248
     0.00029945
     0.00000000
     0.00000000
     0.00000000
     0.00000000
     0.00000000
     0.00000000
     0.00000000
     0.00000000
     0.00000000
     0.00000000
     0.00000000
     0.00000000
     0.00000000
     0.00000000
     0.00000000
     0.00000000
     0.00000000
     0.00000000
     0.00000000
     0.00000000
     1.00000000
     1.00000000
     1.00000000
     1.00000000
     1.00000000
     1.00000000
     1.00000000
     1.00000000
     1.00000000
     1.00000000
     1.00000000
     1.00000000
     0.92767269
     0.78023080
     0.67041298
     0.58544594
     0.51775390
     0.46255392
     0.41668015
     0.37795315
     0.34482351
     0.31615950
     0.29111523
     0.26904576
     0.24945077
     0.23193620
     0.21618743
     0.20195022
     0.18901693
     0.17721618
     0.16640565
     0.15646556
     0.14729491
     0.13880768
     0.13093021
     0.12359908
     0.11675936
     0.11036323
     0.10436890
     0.09873966
     0.09344314
     0.08845069
     0.08373685
     0.07927894
     0.07505667
     0.07105182
     0.06724804
     0.06363054
     0.06018598
     0.05690223
     0.05376830
     0.05077416
     0.04791066
     0.04516943
     0.04254281
     0.04002376
     0.03760579
     0.03528295
     0.03304973
     0.03090104
     0.02883217
     0.02683876
     0.02491675
     0.02306237
     0.02127211
     0.01954271
     0.01787111
     0.01625446
     0.01469010
     0.01317553
     0.01170841
     0.01028655
     0.00890788
     0.00757046
     0.00627246
     0.00501219
     0.00378801
     0.00259839
     0.00144189
     0.00031714
     0.00000000
     0.00000000
     0.00000000
     0.00000000
     0.00000000
     0.00000000
     0.00000000
     0.00000000
     0.00000000
     0.00000000
     0.00000000
     0.00000000
     0.00000000
     0.00000000
     0.00000000
     0.00000000
     0.00000000
     0.00000000
     0.00000000
     0.00000000
     1.00000000
     1.00000000
     1.00000000
     1.00000000
     1.00000000
     1.00000000
     1.00000000
     1.00000000
     1.00000000
     1.00000000
     1.00000000
     1.00000000
     0.93021824
     0.78222579
     0.67203444
     0.58679981
     0.51890794
     0.46355378
     0.41755787
     0.37873199
     0.34552084
     0.31678859
     0.29168644
     0.26956731
     0.24992928
     0.23237708
     0.21659514
     0.20232851
     0.18936894
     0.17754458
     0.16671275
     0.15675334
     0.14756508
     0.13906176
     0.13116952
     0.12382479
     0.11697249
     0.11056472
     0.10455957
     0.09892026
     0.09361434
     0.08861309
     0.08389101
     0.07942535
     0.07519579
     0.07118407
     0.06737380
     0.06375017
     0.06029979
     0.05701053
     0.05387137
     0.05087225
     0.04800401
     0.04525827
     0.04262734
     0.04010416
     0.03768226
     0.03535566
     0.03311883
     0.03096668
     0.02889450
     0.02689790
     0.02497282
     0.02311549
     0.02132240
     0.01959026
     0.01791603
     0.01629684
     0.01473003
     0.01321309
     0.01174369
     0.01031961
     0.00893880
     0.00759931
     0.00629930
     0.00503709
     0.00381102
     0.00261958
     0.00146131
     0.00033484
     0.00000000
     0.00000000
     0.00000000
     0.00000000
     0.00000000
     0.00000000
     0.00000000
     0.00000000
     0.00000000
     0.00000000
     0.00000000
     0.00000000
     0.00000000
     0.00000000
     0.00000000
     0.00000000
     0.00000000
     0.00000000
     0.00000000
     0.00000000
     1.00000000
     1.00000000
     1.00000000
     1.00000000
     1.00000000
     1.00000000
     1.00000000
     1.00000000
     1.00000000
     1.00000000
     1.00000000
     1.00000000
     0.93277079
     0.78422553
     0.67365933
     0.58815626
     0.52006399
     0.46455525
     0.41843690
     0.37951192
     0.34621909
     0.31741847
     0.29225833
     0.27008945
     0.25040831
     0.23281842
     0.21700326
     0.20270716
     0.18972128
     0.17787329
     0.16702013
     0.15704137
     0.14783549
     0.13931605
     0.13140902
     0.12405067
     0.11718579
     0.11076636
     0.10475039
     0.09910099
     0.09378566
     0.08877560
     0.08404527
     0.07957186
     0.07533500
     0.07131640
     0.06749964
     0.06386986
     0.06041367
     0.05711890
     0.05397449
     0.05097040
     0.04809742
     0.04534715
     0.04271191
     0.04018462
     0.03775878
     0.03542841
     0.03318797
     0.03103236
     0.02895685
     0.02695706
     0.02502892
     0.02316864
     0.02137271
     0.01963784
     0.01796097
     0.01633924
     0.01476998
     0.01325067
     0.01177898
     0.01035269
     0.00896974
     0.00762818
     0.00632616
     0.00506200
     0.00383405
     0.00264078
     0.00148074
     0.00035254
     0.00000000
     0.00000000
     0.00000000
     0.00000000
     0.00000000
     0.00000000
     0.00000000
     0.00000000
     0.00000000
     0.00000000
     0.00000000
     0.00000000
     0.00000000
     0.00000000
     0.00000000
     0.00000000
     0.00000000
     0.00000000
     0.00000000
     0.00000000
     1.00000000
     1.00000000
     1.00000000
     1.00000000
     1.00000000
     1.00000000
     1.00000000
     1.00000000
     1.00000000
     1.00000000
     1.00000000
     1.00000000
     0.93533038
     0.78623004
     0.67528766
     0.58951529
     0.52122205
     0.46555832
     0.41931724
     0.38029295
     0.34691826
     0.31804914
     0.29283090
     0.27061218
     0.25088786
     0.23326021
     0.21741180
     0.20308619
     0.19007395
     0.17820240
     0.16732778
     0.15732964
     0.14810612
     0.13957054
     0.13164871
     0.12427672
     0.11739925
     0.11096816
     0.10494134
     0.09928185
     0.09395710
     0.08893823
     0.08419964
     0.07971847
     0.07547430
     0.07144883
     0.06762556
     0.06398964
     0.06052763
     0.05722733
     0.05407769
     0.05106860
     0.04819088
     0.04543609
     0.04279654
     0.04026512
     0.03783535
     0.03550120
     0.03325715
     0.03109808
     0.02901924
     0.02701626
     0.02508505
     0.02322182
     0.02142305
     0.01968545
     0.01800594
     0.01638167
     0.01480995
     0.01328827
     0.01181428
     0.01038578
     0.00900069
     0.00765705
     0.00635303
     0.00508692
     0.00385709
     0.00266199
     0.00150017
     0.00037025
     0.00000000
     0.00000000
     0.00000000
     0.00000000
     0.00000000
     0.00000000
     0.00000000
     0.00000000
     0.00000000
     0.00000000
     0.00000000
     0.00000000
     0.00000000
     0.00000000
     0.00000000
     0.00000000
     0.00000000
     0.00000000
     0.00000000
     0.00000000
     1.00000000
     1.00000000
     1.00000000
     1.00000000
     1.00000000
     1.00000000
     1.00000000
     1.00000000
     1.00000000
     1.00000000
     1.00000000
     1.00000000
     0.93789703
     0.78823934
     0.67691943
     0.59087691
     0.52238212
     0.46656300
     0.42019890
     0.38107506
     0.34761835
     0.31868060
     0.29340415
     0.27113551
     0.25136793
     0.23370248
     0.21782075
     0.20346558
     0.19042696
     0.17853171
     0.16763565
     0.15761817
     0.14837698
     0.13982525
     0.13188860
     0.12450296
     0.11761288
     0.11117010
     0.10513244
     0.09946285
     0.09412866
     0.08910098
     0.08435411
     0.07986517
     0.07561370
     0.07158133
     0.06775156
     0.06410949
     0.06064165
     0.05733584
     0.05418094
     0.05116687
     0.04828440
     0.04552509
     0.04288121
     0.04034567
     0.03791195
     0.03557403
     0.03332637
     0.03116383
     0.02908167
     0.02707549
     0.02514121
     0.02327503
     0.02147342
     0.01973307
     0.01805093
     0.01642411
     0.01484994
     0.01332589
     0.01184961
     0.01041889
     0.00903165
     0.00768594
     0.00637991
     0.00511186
     0.00388014
     0.00268321
     0.00151962
     0.00038797
     0.00000000
     0.00000000
     0.00000000
     0.00000000
     0.00000000
     0.00000000
     0.00000000
     0.00000000
     0.00000000
     0.00000000
     0.00000000
     0.00000000
     0.00000000
     0.00000000
     0.00000000
     0.00000000
     0.00000000
     0.00000000
     0.00000000
     0.00000000
     1.00000000
     1.00000000
     1.00000000
     1.00000000
     1.00000000
     1.00000000
     1.00000000
     1.00000000
     1.00000000
     1.00000000
     1.00000000
     1.00000000
     0.94047077
     0.79025345
     0.67855465
     0.59224113
     0.52354421
     0.46756929
     0.42108187
     0.38185827
     0.34831937
     0.31931284
     0.29397809
     0.27165943
     0.25184853
     0.23414520
     0.21823011
     0.20384534
     0.19078029
     0.17886132
     0.16794384
     0.15790695
     0.14864807
     0.14008017
     0.13212867
     0.12472937
     0.11782667
     0.11137220
     0.10532368
     0.09964398
     0.09430035
     0.08926384
     0.08450869
     0.08001198
     0.07575319
     0.07171393
     0.06787765
     0.06422942
     0.06075575
     0.05744441
     0.05428426
     0.05126520
     0.04837797
     0.04561413
     0.04296594
     0.04042627
     0.03798860
     0.03564691
     0.03339562
     0.03122961
     0.02914413
     0.02713476
     0.02519740
     0.02332827
     0.02152381
     0.01978073
     0.01809594
     0.01646658
     0.01488994
     0.01336352
     0.01188495
     0.01045201
     0.00906263
     0.00771485
     0.00640680
     0.00513680
     0.00390320
     0.00270444
     0.00153907
     0.00040570
     0.00000000
     0.00000000
     0.00000000
     0.00000000
     0.00000000
     0.00000000
     0.00000000
     0.00000000
     0.00000000
     0.00000000
     0.00000000
     0.00000000
     0.00000000
     0.00000000
     0.00000000
     0.00000000
     0.00000000
     0.00000000
     0.00000000
     0.00000000
     1.00000000
     1.00000000
     1.00000000
     1.00000000
     1.00000000
     1.00000000
     1.00000000
     1.00000000
     1.00000000
     1.00000000
     1.00000000
     1.00000000
     0.94305162
     0.79227238
     0.68019335
     0.59360795
     0.52470833
     0.46857720
     0.42196616
     0.38264257
     0.34902131
     0.31994587
     0.29455270
     0.27218395
     0.25232965
     0.23458839
     0.21863989
     0.20422548
     0.19113397
     0.17919123
     0.16825231
     0.15819597
     0.14891939
     0.14033530
     0.13236895
     0.12495596
     0.11804063
     0.11157446
     0.10551506
     0.09982524
     0.09447216
     0.08942681
     0.08466338
     0.08015889
     0.07589278
     0.07184661
     0.06800382
     0.06434943
     0.06086992
     0.05755304
     0.05438765
     0.05136359
     0.04847160
     0.04570323
     0.04305071
     0.04050691
     0.03806530
     0.03571982
     0.03346492
     0.03129544
     0.02920662
     0.02719405
     0.02525362
     0.02338153
     0.02157423
     0.01982841
     0.01814098
     0.01650907
     0.01492997
     0.01340118
     0.01192031
     0.01048515
     0.00909363
     0.00774377
     0.00643371
     0.00516176
     0.00392627
     0.00272567
     0.00155853
     0.00042343
     0.00000000
     0.00000000
     0.00000000
     0.00000000
     0.00000000
     0.00000000
     0.00000000
     0.00000000
     0.00000000
     0.00000000
     0.00000000
     0.00000000
     0.00000000
     0.00000000
     0.00000000
     0.00000000
     0.00000000
     0.00000000
     0.00000000
     0.00000000
     1.00000000
     1.00000000
     1.00000000
     1.00000000
     1.00000000
     1.00000000
     1.00000000
     1.00000000
     1.00000000
     1.00000000
     1.00000000
     1.00000000
     0.94563961
     0.79429615
     0.68183551
     0.59497738
     0.52587447
     0.46958673
     0.42285177
     0.38342798
     0.34972418
     0.32057970
     0.29512800
     0.27270906
     0.25281129
     0.23503204
     0.21905008
     0.20460598
     0.19148797
     0.17952144
     0.16856106
     0.15848525
     0.14919094
     0.14059064
     0.13260941
     0.12518273
     0.11825475
     0.11177686
     0.10570659
     0.10000663
     0.09464410
     0.08958990
     0.08481817
     0.08030589
     0.07603246
     0.07197939
     0.06813007
     0.06446951
     0.06098417
     0.05766175
     0.05449109
     0.05146203
     0.04856529
     0.04579238
     0.04313553
     0.04058761
     0.03814204
     0.03579278
     0.03353425
     0.03136130
     0.02926915
     0.02725338
     0.02530988
     0.02343483
     0.02162467
     0.01987611
     0.01818604
     0.01655158
     0.01497002
     0.01343885
     0.01195569
     0.01051831
     0.00912464
     0.00777270
     0.00646063
     0.00518673
     0.00394934
     0.00274692
     0.00157800
     0.00044118
     0.00000000
     0.00000000
     0.00000000
     0.00000000
     0.00000000
     0.00000000
     0.00000000
     0.00000000
     0.00000000
     0.00000000
     0.00000000
     0.00000000
     0.00000000
     0.00000000
     0.00000000
     0.00000000
     0.00000000
     0.00000000
     0.00000000
     0.00000000
     1.00000000
     1.00000000
     1.00000000
     1.00000000
     1.00000000
     1.00000000
     1.00000000
     1.00000000
     1.00000000
     1.00000000
     1.00000000
     1.00000000
     0.94823478
     0.79632477
     0.68348117
     0.59634943
     0.52704265
     0.47059788
     0.42373871
     0.38421448
     0.35042797
     0.32121432
     0.29570399
     0.27323477
     0.25329346
     0.23547616
     0.21946068
     0.20498686
     0.19184231
     0.17985196
     0.16887008
     0.15877478
     0.14946272
     0.14084619
     0.13285007
     0.12540968
     0.11846904
     0.11197942
     0.10589825
     0.10018815
     0.09481615
     0.08975310
     0.08497308
     0.08045300
     0.07617223
     0.07211225
     0.06825640
     0.06458967
     0.06109849
     0.05777052
     0.05459461
     0.05156054
     0.04865904
     0.04588159
     0.04322041
     0.04066834
     0.03821882
     0.03586577
     0.03360362
     0.03142720
     0.02933171
     0.02731274
     0.02536616
     0.02348815
     0.02167515
     0.01992384
     0.01823112
     0.01659411
     0.01501009
     0.01347654
     0.01199108
     0.01055149
     0.00915566
     0.00780164
     0.00648756
     0.00521171
     0.00397243
     0.00276818
     0.00159747
     0.00045894
     0.00000000
     0.00000000
     0.00000000
     0.00000000
     0.00000000
     0.00000000
     0.00000000
     0.00000000
     0.00000000
     0.00000000
     0.00000000
     0.00000000
     0.00000000
     0.00000000
     0.00000000
     0.00000000
     0.00000000
     0.00000000
     0.00000000
     0.00000000
     1.00000000
     1.00000000
     1.00000000
     1.00000000
     1.00000000
     1.00000000
     1.00000000
     1.00000000
     1.00000000
     1.00000000
     1.00000000
     1.00000000
     0.95083714
     0.79835825
     0.68513032
     0.59772411
     0.52821287
     0.47161066
     0.42462698
     0.38500209
     0.35113270
     0.32184973
     0.29628066
     0.27376108
     0.25377615
     0.23592074
     0.21987170
     0.20536810
     0.19219699
     0.18018278
     0.16917937
     0.15906456
     0.14973473
     0.14110195
     0.13309092
     0.12563681
     0.11868349
     0.11218213
     0.10609006
     0.10036981
     0.09498833
     0.08991641
     0.08512808
     0.08060021
     0.07631209
     0.07224519
     0.06838281
     0.06470991
     0.06121287
     0.05787937
     0.05469818
     0.05165911
     0.04875284
     0.04597085
     0.04330533
     0.04074913
     0.03829564
     0.03593881
     0.03367303
     0.03149313
     0.02939431
     0.02737213
     0.02542247
     0.02354150
     0.02172565
     0.01997159
     0.01827623
     0.01663666
     0.01505018
     0.01351425
     0.01202649
     0.01058467
     0.00918670
     0.00783060
     0.00651450
     0.00523670
     0.00399553
     0.00278944
     0.00161696
     0.00047670
     0.00000000
     0.00000000
     0.00000000
     0.00000000
     0.00000000
     0.00000000
     0.00000000
     0.00000000
     0.00000000
     0.00000000
     0.00000000
     0.00000000
     0.00000000
     0.00000000
     0.00000000
     0.00000000
     0.00000000
     0.00000000
     0.00000000
     0.00000000
     1.00000000
     1.00000000
     1.00000000
     1.00000000
     1.00000000
     1.00000000
     1.00000000
     1.00000000
     1.00000000
     1.00000000
     1.00000000
     1.00000000
     0.95344970
     0.80039663
     0.68678297
     0.59910141
     0.52938513
     0.47262506
     0.42551657
     0.38579080
     0.35183835
     0.32248594
     0.29685802
     0.27428799
     0.25425937
     0.23636579
     0.22028313
     0.20574972
     0.19255200
     0.18051391
     0.16948894
     0.15935459
     0.15000696
     0.14135792
     0.13333197
     0.12586412
     0.11889811
     0.11238500
     0.10628201
     0.10055159
     0.09516064
     0.09007985
     0.08528320
     0.08074751
     0.07645205
     0.07237823
     0.06850931
     0.06483023
     0.06132734
     0.05798828
     0.05480182
     0.05175774
     0.04884670
     0.04606016
     0.04339031
     0.04082996
     0.03837252
     0.03601190
     0.03374249
     0.03155910
     0.02945694
     0.02743156
     0.02547881
     0.02359488
     0.02177617
     0.02001937
     0.01832136
     0.01667924
     0.01509029
     0.01355198
     0.01206192
     0.01061788
     0.00921776
     0.00785958
     0.00654146
     0.00526171
     0.00401865
     0.00281072
     0.00163645
     0.00049447
     0.00000000
     0.00000000
     0.00000000
     0.00000000
     0.00000000
     0.00000000
     0.00000000
     0.00000000
     0.00000000
     0.00000000
     0.00000000
     0.00000000
     0.00000000
     0.00000000
     0.00000000
     0.00000000
     0.00000000
     0.00000000
     0.00000000
     0.00000000
     1.00000000
     1.00000000
     1.00000000
     1.00000000
     1.00000000
     1.00000000
     1.00000000
     1.00000000
     1.00000000
     1.00000000
     1.00000000
     1.00000000
     0.95606640
     0.80243990
     0.68843915
     0.60048136
     0.53055944
     0.47364111
     0.42640750
     0.38658061
     0.35254494
     0.32312294
     0.29743606
     0.27481550
     0.25474311
     0.23681130
     0.22069498
     0.20613172
     0.19290734
     0.18084534
     0.16979879
     0.15964487
     0.15027943
     0.14161410
     0.13357321
     0.12609160
     0.11911289
     0.11258802
     0.10647411
     0.10073351
     0.09533306
     0.09024339
     0.08543842
     0.08089492
     0.07659211
     0.07251135
     0.06863589
     0.06495062
     0.06144187
     0.05809726
     0.05490552
     0.05185643
     0.04894061
     0.04614952
     0.04347533
     0.04091084
     0.03844943
     0.03608502
     0.03381198
     0.03162511
     0.02951961
     0.02749101
     0.02553519
     0.02364828
     0.02182672
     0.02006717
     0.01836651
     0.01672183
     0.01513042
     0.01358973
     0.01209737
     0.01065110
     0.00924883
     0.00788856
     0.00656843
     0.00528672
     0.00404177
     0.00283200
     0.00165596
     0.00051224
     0.00000000
     0.00000000
     0.00000000
     0.00000000
     0.00000000
     0.00000000
     0.00000000
     0.00000000
     0.00000000
     0.00000000
     0.00000000
     0.00000000
     0.00000000
     0.00000000
     0.00000000
     0.00000000
     0.00000000
     0.00000000
     0.00000000
     0.00000000
     1.00000000
     1.00000000
     1.00000000
     1.00000000
     1.00000000
     1.00000000
     1.00000000
     1.00000000
     1.00000000
     1.00000000
     1.00000000
     1.00000000
     0.95869038
     0.80448810
     0.69009885
     0.60186394
     0.53173580
     0.47465879
     0.42729976
     0.38737154
     0.35325246
     0.32376074
     0.29801480
     0.27534360
     0.25522739
     0.23725728
     0.22110724
     0.20651408
     0.19326303
     0.18117707
     0.17010891
     0.15993541
     0.15055213
     0.14187050
     0.13381465
     0.12631927
     0.11932784
     0.11279119
     0.10666634
     0.10091557
     0.09550561
     0.09040705
     0.08559376
     0.08104243
     0.07673226
     0.07264456
     0.06876255
     0.06507109
     0.06155648
     0.05820630
     0.05500929
     0.05195517
     0.04903458
     0.04623894
     0.04356040
     0.04099176
     0.03852639
     0.03615818
     0.03388150
     0.03169115
     0.02958231
     0.02755050
     0.02559159
     0.02370172
     0.02187730
     0.02011500
     0.01841168
     0.01676445
     0.01517057
     0.01362750
     0.01213283
     0.01068434
     0.00927991
     0.00791756
     0.00659541
     0.00531175
     0.00406490
     0.00285329
     0.00167547
     0.00053002
     0.00000000
     0.00000000
     0.00000000
     0.00000000
     0.00000000
     0.00000000
     0.00000000
     0.00000000
     0.00000000
     0.00000000
     0.00000000
     0.00000000
     0.00000000
     0.00000000
     0.00000000
     0.00000000
     0.00000000
     0.00000000
     0.00000000
     0.00000000
     1.00000000
     1.00000000
     1.00000000
     1.00000000
     1.00000000
     1.00000000
     1.00000000
     1.00000000
     1.00000000
     1.00000000
     1.00000000
     1.00000000
     0.96132166
     0.80654122
     0.69176209
     0.60324918
     0.53291422
     0.47567811
     0.42819336
     0.38816357
     0.35396092
     0.32439935
     0.29859422
     0.27587231
     0.25571219
     0.23770373
     0.22151993
     0.20689682
     0.19361904
     0.18150910
     0.17041931
     0.16022619
     0.15082506
     0.14212710
     0.13405628
     0.12654712
     0.11954296
     0.11299452
     0.10685872
     0.10109775
     0.09567829
     0.09057083
     0.08574920
     0.08119004
     0.07687250
     0.07277786
     0.06888930
     0.06519164
     0.06167116
     0.05831542
     0.05511312
     0.05205398
     0.04912861
     0.04632841
     0.04364553
     0.04107273
     0.03860339
     0.03623139
     0.03395107
     0.03175723
     0.02964504
     0.02761002
     0.02564802
     0.02375518
     0.02192791
     0.02016285
     0.01845688
     0.01680709
     0.01521074
     0.01366528
     0.01216831
     0.01071759
     0.00931101
     0.00794658
     0.00662241
     0.00533679
     0.00408804
     0.00287460
     0.00169499
     0.00054781
     0.00000000
     0.00000000
     0.00000000
     0.00000000
     0.00000000
     0.00000000
     0.00000000
     0.00000000
     0.00000000
     0.00000000
     0.00000000
     0.00000000
     0.00000000
     0.00000000
     0.00000000
     0.00000000
     0.00000000
     0.00000000
     0.00000000
     0.00000000
     1.00000000
     1.00000000
     1.00000000
     1.00000000
     1.00000000
     1.00000000
     1.00000000
     1.00000000
     1.00000000
     1.00000000
     1.00000000
     1.00000000
     0.96396029
     0.80859930
     0.69342887
     0.60463708
     0.53409470
     0.47669907
     0.42908830
     0.38895672
     0.35467032
     0.32503875
     0.29917434
     0.27640162
     0.25619752
     0.23815065
     0.22193302
     0.20727993
     0.19397540
     0.18184145
     0.17072998
     0.16051723
     0.15109822
     0.14238392
     0.13429810
     0.12677514
     0.11975824
     0.11319800
     0.10705124
     0.10128007
     0.09585108
     0.09073472
     0.08590474
     0.08133775
     0.07701283
     0.07291125
     0.06901612
     0.06531226
     0.06178591
     0.05842460
     0.05521702
     0.05215285
     0.04922269
     0.04641793
     0.04373070
     0.04115375
     0.03868044
     0.03630464
     0.03402068
     0.03182335
     0.02970781
     0.02766958
     0.02570449
     0.02380868
     0.02197854
     0.02021073
     0.01850211
     0.01684975
     0.01525093
     0.01370309
     0.01220381
     0.01075086
     0.00934212
     0.00797560
     0.00664943
     0.00536184
     0.00411119
     0.00289591
     0.00171451
     0.00056560
     0.00000000
     0.00000000
     0.00000000
     0.00000000
     0.00000000
     0.00000000
     0.00000000
     0.00000000
     0.00000000
     0.00000000
     0.00000000
     0.00000000
     0.00000000
     0.00000000
     0.00000000
     0.00000000
     0.00000000
     0.00000000
     0.00000000
     0.00000000
     1.00000000
     1.00000000
     1.00000000
     1.00000000
     1.00000000
     1.00000000
     1.00000000
     1.00000000
     1.00000000
     1.00000000
     1.00000000
     1.00000000
     0.96660628
     0.81066235
     0.69509921
     0.60602765
     0.53527724
     0.47772168
     0.42998458
     0.38975098
     0.35538065
     0.32567895
     0.29975515
     0.27693154
     0.25668339
     0.23859804
     0.22234654
     0.20766342
     0.19433209
     0.18217409
     0.17104094
     0.16080852
     0.15137161
     0.14264095
     0.13454012
     0.12700335
     0.11997369
     0.11340163
     0.10724391
     0.10146252
     0.09602401
     0.09089873
     0.08606040
     0.08148556
     0.07715326
     0.07304472
     0.06914303
     0.06543296
     0.06190073
     0.05853385
     0.05532098
     0.05225178
     0.04931683
     0.04650751
     0.04381593
     0.04123482
     0.03875753
     0.03637792
     0.03409033
     0.03188951
     0.02977062
     0.02772916
     0.02576098
     0.02386220
     0.02202920
     0.02025863
     0.01854735
     0.01689244
     0.01529114
     0.01374091
     0.01223933
     0.01078415
     0.00937325
     0.00800464
     0.00667645
     0.00538690
     0.00413436
     0.00291723
     0.00173405
     0.00058340
     0.00000000
     0.00000000
     0.00000000
     0.00000000
     0.00000000
     0.00000000
     0.00000000
     0.00000000
     0.00000000
     0.00000000
     0.00000000
     0.00000000
     0.00000000
     0.00000000
     0.00000000
     0.00000000
     0.00000000
     0.00000000
     0.00000000
     0.00000000
     1.00000000
     1.00000000
     1.00000000
     1.00000000
     1.00000000
     1.00000000
     1.00000000
     1.00000000
     1.00000000
     1.00000000
     1.00000000
     1.00000000
     0.96925967
     0.81273039
     0.69677313
     0.60742088
     0.53646186
     0.47874595
     0.43088221
     0.39054636
     0.35609193
     0.32631996
     0.30033665
     0.27746206
     0.25716978
     0.23904590
     0.22276048
     0.20804728
     0.19468912
     0.18250704
     0.17135217
     0.16110002
     0.15164523
     0.14289819
     0.13478234
     0.12723173
     0.12018930
     0.11360542
     0.10743671
     0.10164511
     0.09619705
     0.09106286
     0.08621616
     0.08163347
     0.07729379
     0.07317829
     0.06927003
     0.06555374
     0.06201563
     0.05864317
     0.05542500
     0.05235077
     0.04941103
     0.04659714
     0.04390120
     0.04131593
     0.03883467
     0.03645126
     0.03416001
     0.03195570
     0.02983345
     0.02778878
     0.02581751
     0.02391575
     0.02207989
     0.02030656
     0.01859262
     0.01693514
     0.01533137
     0.01377875
     0.01227486
     0.01081745
     0.00940440
     0.00803370
     0.00670349
     0.00541197
     0.00415753
     0.00293856
     0.00175359
     0.00060121
     0.00000000
     0.00000000
     0.00000000
     0.00000000
     0.00000000
     0.00000000
     0.00000000
     0.00000000
     0.00000000
     0.00000000
     0.00000000
     0.00000000
     0.00000000
     0.00000000
     0.00000000
     0.00000000
     0.00000000
     0.00000000
     0.00000000
     0.00000000
     1.00000000
     1.00000000
     1.00000000
     1.00000000
     1.00000000
     1.00000000
     1.00000000
     1.00000000
     1.00000000
     1.00000000
     1.00000000
     1.00000000
     0.97192048
     0.81480342
     0.69845062
     0.60881680
     0.53764856
     0.47977187
     0.43178119
     0.39134286
     0.35680415
     0.32696177
     0.30091884
     0.27799318
     0.25765670
     0.23949423
     0.22317483
     0.20843152
     0.19504649
     0.18284030
     0.17166367
     0.16139182
     0.15191908
     0.14315565
     0.13502475
     0.12746030
     0.12040508
     0.11380936
     0.10762966
     0.10182782
     0.09637022
     0.09122709
     0.08637203
     0.08178148
     0.07743441
     0.07331194
     0.06939710
     0.06567460
     0.06213060
     0.05875256
     0.05552909
     0.05244982
     0.04950528
     0.04668683
     0.04398652
     0.04139710
     0.03891185
     0.03652463
     0.03422974
     0.03202193
     0.02989633
     0.02784843
     0.02587406
     0.02396932
     0.02213060
     0.02035451
     0.01863791
     0.01697787
     0.01537163
     0.01381661
     0.01231042
     0.01085077
     0.00943556
     0.00806277
     0.00673053
     0.00543706
     0.00418071
     0.00295990
     0.00177315
     0.00061903
     0.00000000
     0.00000000
     0.00000000
     0.00000000
     0.00000000
     0.00000000
     0.00000000
     0.00000000
     0.00000000
     0.00000000
     0.00000000
     0.00000000
     0.00000000
     0.00000000
     0.00000000
     0.00000000
     0.00000000
     0.00000000
     0.00000000
     0.00000000
     1.00000000
     1.00000000
     1.00000000
     1.00000000
     1.00000000
     1.00000000
     1.00000000
     1.00000000
     1.00000000
     1.00000000
     1.00000000
     1.00000000
     0.97458875
     0.81688148
     0.70013170
     0.61021540
     0.53883734
     0.48079944
     0.43268151
     0.39214048
     0.35751731
     0.32760439
     0.30150173
     0.27852491
     0.25814416
     0.23994303
     0.22358961
     0.20881614
     0.19540420
     0.18317386
     0.17197546
     0.16168387
     0.15219317
     0.14341331
     0.13526736
     0.12768904
     0.12062103
     0.11401346
     0.10782276
     0.10201068
     0.09654351
     0.09139145
     0.08652801
     0.08192959
     0.07757512
     0.07344568
     0.06952426
     0.06579554
     0.06224564
     0.05886202
     0.05563324
     0.05254893
     0.04959959
     0.04677657
     0.04407190
     0.04147830
     0.03898908
     0.03659804
     0.03429950
     0.03208819
     0.02995923
     0.02790812
     0.02593065
     0.02402293
     0.02218134
     0.02040249
     0.01868323
     0.01702062
     0.01541190
     0.01385449
     0.01234598
     0.01088411
     0.00946673
     0.00809185
     0.00675759
     0.00546215
     0.00420391
     0.00298126
     0.00179271
     0.00063686
     0.00000000
     0.00000000
     0.00000000
     0.00000000
     0.00000000
     0.00000000
     0.00000000
     0.00000000
     0.00000000
     0.00000000
     0.00000000
     0.00000000
     0.00000000
     0.00000000
     0.00000000
     0.00000000
     0.00000000
     0.00000000
     0.00000000
     0.00000000
     1.00000000
     1.00000000
     1.00000000
     1.00000000
     1.00000000
     1.00000000
     1.00000000
     1.00000000
     1.00000000
     1.00000000
     1.00000000
     1.00000000
     0.97726450
     0.81896457
     0.70181638
     0.61161670
     0.54002820
     0.48182868
     0.43358319
     0.39293922
     0.35823142
     0.32824781
     0.30208532
     0.27905724
     0.25863215
     0.24039230
     0.22400480
     0.20920113
     0.19576224
     0.18350773
     0.17228752
     0.16197617
     0.15246748
     0.14367119
     0.13551016
     0.12791797
     0.12083715
     0.11421771
     0.10801599
     0.10219366
     0.09671693
     0.09155592
     0.08668409
     0.08207781
     0.07771593
     0.07357951
     0.06965150
     0.06591655
     0.06236076
     0.05897154
     0.05573746
     0.05264810
     0.04969396
     0.04686636
     0.04415732
     0.04155956
     0.03906635
     0.03667150
     0.03436931
     0.03215449
     0.03002218
     0.02796784
     0.02598727
     0.02407657
     0.02223210
     0.02045049
     0.01872857
     0.01706339
     0.01545219
     0.01389239
     0.01238157
     0.01091746
     0.00949792
     0.00812095
     0.00678466
     0.00548726
     0.00422711
     0.00300262
     0.00181228
     0.00065469
     0.00000000
     0.00000000
     0.00000000
     0.00000000
     0.00000000
     0.00000000
     0.00000000
     0.00000000
     0.00000000
     0.00000000
     0.00000000
     0.00000000
     0.00000000
     0.00000000
     0.00000000
     0.00000000
     0.00000000
     0.00000000
     0.00000000
     0.00000000
     1.00000000
     1.00000000
     1.00000000
     1.00000000
     1.00000000
     1.00000000
     1.00000000
     1.00000000
     1.00000000
     1.00000000
     1.00000000
     1.00000000
     0.97994777
     0.82105271
     0.70350467
     0.61302069
     0.54122116
     0.48285958
     0.43448623
     0.39373908
     0.35894648
     0.32889204
     0.30266960
     0.27959019
     0.25912067
     0.24084204
     0.22442042
     0.20958649
     0.19612063
     0.18384191
     0.17259998
     0.16226873
     0.15274203
     0.14392928
     0.13575316
     0.12814708
     0.12105343
     0.11442212
     0.10820938
     0.10237678
     0.09689047
     0.09172051
     0.08684029
     0.08222612
     0.07785683
     0.07371342
     0.06977883
     0.06603764
     0.06247595
     0.05908114
     0.05584174
     0.05274733
     0.04978839
     0.04695620
     0.04424280
     0.04164086
     0.03914366
     0.03674500
     0.03443915
     0.03222083
     0.03008515
     0.02802758
     0.02604391
     0.02413023
     0.02228290
     0.02049852
     0.01877393
     0.01710618
     0.01549250
     0.01393031
     0.01241718
     0.01095083
     0.00952912
     0.00815006
     0.00681174
     0.00551238
     0.00425033
     0.00302398
     0.00183186
     0.00067253
     0.00000000
     0.00000000
     0.00000000
     0.00000000
     0.00000000
     0.00000000
     0.00000000
     0.00000000
     0.00000000
     0.00000000
     0.00000000
     0.00000000
     0.00000000
     0.00000000
     0.00000000
     0.00000000
     0.00000000
     0.00000000
     0.00000000
     0.00000000
     1.00000000
     1.00000000
     1.00000000
     1.00000000
     1.00000000
     1.00000000
     1.00000000
     1.00000000
     1.00000000
     1.00000000
     1.00000000
     1.00000000
     0.98263858
     0.82314592
     0.70519658
     0.61442740
     0.54241621
     0.48389216
     0.43539062
     0.39454008
     0.35966248
     0.32953709
     0.30325458
     0.28012374
     0.25960973
     0.24129225
     0.22483645
     0.20997224
     0.19647935
     0.18417639
     0.17291260
     0.16256154
     0.15301682
     0.14418759
     0.13599635
     0.12837636
     0.12126988
     0.11462668
     0.10840290
     0.10256003
     0.09706414
     0.09188521
     0.08699659
     0.08237454
     0.07799783
     0.07384743
     0.06990623
     0.06615881
     0.06259121
     0.05919080
     0.05594609
     0.05284663
     0.04988287
     0.04704610
     0.04432833
     0.04172221
     0.03922102
     0.03681854
     0.03450903
     0.03228721
     0.03014817
     0.02808737
     0.02610059
     0.02418392
     0.02233371
     0.02054657
     0.01881932
     0.01714900
     0.01553284
     0.01396825
     0.01245280
     0.01098421
     0.00956034
     0.00817918
     0.00683884
     0.00553751
     0.00427355
     0.00304536
     0.00185144
     0.00069038
     0.00000000
     0.00000000
     0.00000000
     0.00000000
     0.00000000
     0.00000000
     0.00000000
     0.00000000
     0.00000000
     0.00000000
     0.00000000
     0.00000000
     0.00000000
     0.00000000
     0.00000000
     0.00000000
     0.00000000
     0.00000000
     0.00000000
     0.00000000
     1.00000000
     1.00000000
     1.00000000
     1.00000000
     1.00000000
     1.00000000
     1.00000000
     1.00000000
     1.00000000
     1.00000000
     1.00000000
     1.00000000
     0.98533696
     0.82524422
     0.70689213
     0.61583682
     0.54361337
     0.48492640
     0.43629638
     0.39534220
     0.36037944
     0.33018294
     0.30384026
     0.28065790
     0.26009932
     0.24174294
     0.22525291
     0.21035836
     0.19683842
     0.18451119
     0.17322550
     0.16285460
     0.15329183
     0.14444611
     0.13623975
     0.12860583
     0.12148650
     0.11483140
     0.10859657
     0.10274341
     0.09723793
     0.09205003
     0.08715300
     0.08252305
     0.07813892
     0.07398152
     0.07003372
     0.06628006
     0.06270655
     0.05930053
     0.05605050
     0.05294598
     0.04997741
     0.04713605
     0.04441390
     0.04180361
     0.03929842
     0.03689212
     0.03457895
     0.03235362
     0.03021121
     0.02814718
     0.02615730
     0.02423764
     0.02238456
     0.02059465
     0.01886473
     0.01719183
     0.01557319
     0.01400620
     0.01248844
     0.01101761
     0.00959157
     0.00820832
     0.00686595
     0.00556265
     0.00429679
     0.00306675
     0.00187104
     0.00070823
     0.00000000
     0.00000000
     0.00000000
     0.00000000
     0.00000000
     0.00000000
     0.00000000
     0.00000000
     0.00000000
     0.00000000
     0.00000000
     0.00000000
     0.00000000
     0.00000000
     0.00000000
     0.00000000
     0.00000000
     0.00000000
     0.00000000
     0.00000000
     1.00000000
     1.00000000
     1.00000000
     1.00000000
     1.00000000
     1.00000000
     1.00000000
     1.00000000
     1.00000000
     1.00000000
     1.00000000
     1.00000000
     0.98804294
     0.82734762
     0.70859132
     0.61724896
     0.54481263
     0.48596233
     0.43720350
     0.39614545
     0.36109734
     0.33082960
     0.30442665
     0.28119267
     0.26058945
     0.24219411
     0.22566979
     0.21074486
     0.19719782
     0.18484628
     0.17353869
     0.16314793
     0.15356708
     0.14470484
     0.13648333
     0.12883548
     0.12170328
     0.11503627
     0.10879038
     0.10292693
     0.09741184
     0.09221496
     0.08730952
     0.08267167
     0.07828011
     0.07411571
     0.07016130
     0.06640138
     0.06282196
     0.05941033
     0.05615498
     0.05304539
     0.05007201
     0.04722606
     0.04449953
     0.04188506
     0.03937587
     0.03696574
     0.03464891
     0.03242007
     0.03027429
     0.02820703
     0.02621404
     0.02429139
     0.02243543
     0.02064275
     0.01891016
     0.01723469
     0.01561356
     0.01404418
     0.01252409
     0.01105102
     0.00962282
     0.00823747
     0.00689307
     0.00558780
     0.00432003
     0.00308815
     0.00189064
     0.00072610
     0.00000000
     0.00000000
     0.00000000
     0.00000000
     0.00000000
     0.00000000
     0.00000000
     0.00000000
     0.00000000
     0.00000000
     0.00000000
     0.00000000
     0.00000000
     0.00000000
     0.00000000
     0.00000000
     0.00000000
     0.00000000
     0.00000000
     0.00000000
     1.00000000
     1.00000000
     1.00000000
     1.00000000
     1.00000000
     1.00000000
     1.00000000
     1.00000000
     1.00000000
     1.00000000
     1.00000000
     1.00000000
     0.99075656
     0.82945614
     0.71029416
     0.61866383
     0.54601400
     0.48699993
     0.43811199
     0.39694983
     0.36181621
     0.33147708
     0.30501373
     0.28172805
     0.26108011
     0.24264574
     0.22608709
     0.21113173
     0.19755757
     0.18518169
     0.17385215
     0.16344150
     0.15384256
     0.14496379
     0.13672712
     0.12906532
     0.12192023
     0.11524130
     0.10898434
     0.10311059
     0.09758588
     0.09238001
     0.08746615
     0.08282039
     0.07842139
     0.07424998
     0.07028896
     0.06652279
     0.06293744
     0.05952020
     0.05625952
     0.05314487
     0.05016666
     0.04731612
     0.04458521
     0.04196655
     0.03945337
     0.03703941
     0.03471891
     0.03248656
     0.03033741
     0.02826691
     0.02627081
     0.02434517
     0.02248633
     0.02069088
     0.01895562
     0.01727757
     0.01565396
     0.01408217
     0.01255977
     0.01108446
     0.00965409
     0.00826664
     0.00692020
     0.00561297
     0.00434329
     0.00310956
     0.00191026
     0.00074397
     0.00000000
     0.00000000
     0.00000000
     0.00000000
     0.00000000
     0.00000000
     0.00000000
     0.00000000
     0.00000000
     0.00000000
     0.00000000
     0.00000000
     0.00000000
     0.00000000
     0.00000000
     0.00000000
     0.00000000
     0.00000000
     0.00000000
     0.00000000
     1.00000000
     1.00000000
     1.00000000
     1.00000000
     1.00000000
     1.00000000
     1.00000000
     1.00000000
     1.00000000
     1.00000000
     1.00000000
     1.00000000
     0.99347785
     0.83156981
     0.71200067
     0.62008143
     0.54721749
     0.48803921
     0.43902185
     0.39775535
     0.36253602
     0.33212538
     0.30560152
     0.28226405
     0.26157132
     0.24309786
     0.22650482
     0.21151899
     0.19791765
     0.18551741
     0.17416589
     0.16373533
     0.15411828
     0.14522295
     0.13697110
     0.12929533
     0.12213735
     0.11544648
     0.10917844
     0.10329437
     0.09776005
     0.09254518
     0.08762288
     0.08296921
     0.07856276
     0.07438434
     0.07041670
     0.06664427
     0.06305300
     0.05963014
     0.05636412
     0.05324440
     0.05026137
     0.04740623
     0.04467093
     0.04204809
     0.03953090
     0.03711312
     0.03478895
     0.03255308
     0.03040056
     0.02832682
     0.02632761
     0.02439898
     0.02253726
     0.02073903
     0.01900110
     0.01732047
     0.01569437
     0.01412018
     0.01259546
     0.01111791
     0.00968537
     0.00829582
     0.00694735
     0.00563814
     0.00436656
     0.00313097
     0.00192988
     0.00076185
     0.00000000
     0.00000000
     0.00000000
     0.00000000
     0.00000000
     0.00000000
     0.00000000
     0.00000000
     0.00000000
     0.00000000
     0.00000000
     0.00000000
     0.00000000
     0.00000000
     0.00000000
     0.00000000
     0.00000000
     0.00000000
     0.00000000
     0.00000000
     1.00000000
     1.00000000
     1.00000000
     1.00000000
     1.00000000
     1.00000000
     1.00000000
     1.00000000
     1.00000000
     1.00000000
     1.00000000
     1.00000000
     0.99620972
     0.83368863
     0.71371085
     0.62150178
     0.54842310
     0.48908019
     0.43993308
     0.39856201
     0.36325680
     0.33277448
     0.30619001
     0.28280065
     0.26206305
     0.24355044
     0.22692297
     0.21190663
     0.19827808
     0.18585343
     0.17447991
     0.16402942
     0.15439422
     0.14548233
     0.13721528
     0.12952553
     0.12235464
     0.11565182
     0.10937268
     0.10347829
     0.09793434
     0.09271046
     0.08777973
     0.08311814
     0.07870424
     0.07451879
     0.07054452
     0.06676583
     0.06316863
     0.05974015
     0.05646879
     0.05334400
     0.05035614
     0.04749640
     0.04475671
     0.04212968
     0.03960849
     0.03718686
     0.03485903
     0.03261964
     0.03046375
     0.02838676
     0.02638444
     0.02445282
     0.02258822
     0.02078721
     0.01904660
     0.01736340
     0.01573481
     0.01415821
     0.01263117
     0.01115137
     0.00971666
     0.00832501
     0.00697450
     0.00566333
     0.00438984
     0.00315240
     0.00194951
     0.00077973
     0.00000000
     0.00000000
     0.00000000
     0.00000000
     0.00000000
     0.00000000
     0.00000000
     0.00000000
     0.00000000
     0.00000000
     0.00000000
     0.00000000
     0.00000000
     0.00000000
     0.00000000
     0.00000000
     0.00000000
     0.00000000
     0.00000000
     0.00000000
     1.00000000
     1.00000000
     1.00000000
     1.00000000
     1.00000000
     1.00000000
     1.00000000
     1.00000000
     1.00000000
     1.00000000
     1.00000000
     1.00000000
     0.99894435
     0.83581262
     0.71542472
     0.62292488
     0.54963084
     0.49012285
     0.44084568
     0.39936981
     0.36397853
     0.33342441
     0.30677920
     0.28333787
     0.26255533
     0.24400351
     0.22734154
     0.21229464
     0.19863885
     0.18618977
     0.17479421
     0.16432376
     0.15467041
     0.14574192
     0.13745966
     0.12975590
     0.12257210
     0.11585731
     0.10956708
     0.10366235
     0.09810875
     0.09287586
     0.08793668
     0.08326716
     0.07884580
     0.07465333
     0.07067243
     0.06688747
     0.06328433
     0.05985022
     0.05657352
     0.05344365
     0.05045096
     0.04758662
     0.04484254
     0.04221131
     0.03968611
     0.03726066
     0.03492915
     0.03268624
     0.03052697
     0.02844674
     0.02644130
     0.02450668
     0.02263920
     0.02083541
     0.01909213
     0.01740634
     0.01577526
     0.01419626
     0.01266690
     0.01118485
     0.00974797
     0.00835422
     0.00700168
     0.00568853
     0.00441313
     0.00317383
     0.00196914
     0.00079762
     0.00000000
     0.00000000
     0.00000000
     0.00000000
     0.00000000
     0.00000000
     0.00000000
     0.00000000
     0.00000000
     0.00000000
     0.00000000
     0.00000000
     0.00000000
     0.00000000
     0.00000000
     0.00000000
     0.00000000
     0.00000000
     0.00000000
     0.00000000
     1.00000000
     1.00000000
     1.00000000
     1.00000000
     1.00000000
     1.00000000
     1.00000000
     1.00000000
     1.00000000
     1.00000000
     1.00000000
     1.00000000
     1.00000000
     0.83794180
     0.71714228
     0.62435074
     0.55084071
     0.49116721
     0.44175966
     0.40017875
     0.36470122
     0.33407516
     0.30736910
     0.28387571
     0.26304815
     0.24445705
     0.22776054
     0.21268304
     0.19899996
     0.18652641
     0.17510880
     0.16461836
     0.15494679
     0.14600173
     0.13770423
     0.12998646
     0.12278972
     0.11606297
     0.10976161
     0.10384654
     0.09828329
     0.09304138
     0.08809375
     0.08341629
     0.07898746
     0.07478796
     0.07080042
     0.06700918
     0.06340010
     0.05996037
     0.05667832
     0.05354337
     0.05054584
     0.04767689
     0.04492842
     0.04229300
     0.03976378
     0.03733449
     0.03499931
     0.03275287
     0.03059022
     0.02850675
     0.02649819
     0.02456057
     0.02269020
     0.02088364
     0.01913768
     0.01744931
     0.01581574
     0.01423433
     0.01270264
     0.01121835
     0.00977929
     0.00838344
     0.00702886
     0.00571374
     0.00443643
     0.00319528
     0.00198879
     0.00081553
     0.00000000
     0.00000000
     0.00000000
     0.00000000
     0.00000000
     0.00000000
     0.00000000
     0.00000000
     0.00000000
     0.00000000
     0.00000000
     0.00000000
     0.00000000
     0.00000000
     0.00000000
     0.00000000
     0.00000000
     0.00000000
     0.00000000
     0.00000000
     1.00000000
     1.00000000
     1.00000000
     1.00000000
     1.00000000
     1.00000000
     1.00000000
     1.00000000
     1.00000000
     1.00000000
     1.00000000
     1.00000000
     1.00000000
     0.84007620
     0.71886356
     0.62577936
     0.55205272
     0.49221326
     0.44267503
     0.40098883
     0.36542488
     0.33472672
     0.30795971
     0.28441416
     0.26354151
     0.24491107
     0.22817996
     0.21307182
     0.19936142
     0.18686336
     0.17542366
     0.16491322
     0.15522344
     0.14626175
     0.13794900
     0.13021721
     0.12300752
     0.11626877
     0.10995629
     0.10403086
     0.09845795
     0.09320701
     0.08825092
     0.08356552
     0.07912922
     0.07492268
     0.07092849
     0.06713098
     0.06351595
     0.06007058
     0.05678319
     0.05364315
     0.05064078
     0.04776722
     0.04501435
     0.04237473
     0.03984150
     0.03740837
     0.03506951
     0.03281955
     0.03065351
     0.02856680
     0.02655511
     0.02461450
     0.02274124
     0.02093190
     0.01918325
     0.01749230
     0.01585623
     0.01427242
     0.01273840
     0.01125186
     0.00981063
     0.00841267
     0.00705606
     0.00573897
     0.00445973
     0.00321673
     0.00200844
     0.00083343
     0.00000000
     0.00000000
     0.00000000
     0.00000000
     0.00000000
     0.00000000
     0.00000000
     0.00000000
     0.00000000
     0.00000000
     0.00000000
     0.00000000
     0.00000000
     0.00000000
     0.00000000
     0.00000000
     0.00000000
     0.00000000
     0.00000000
     0.00000000
     1.00000000
     1.00000000
     1.00000000
     1.00000000
     1.00000000
     1.00000000
     1.00000000
     1.00000000
     1.00000000
     1.00000000
     1.00000000
     1.00000000
     1.00000000
     0.84221582
     0.72058855
     0.62721076
     0.55326687
     0.49326102
     0.44359177
     0.40180005
     0.36614949
     0.33537911
     0.30855102
     0.28495322
     0.26403541
     0.24536557
     0.22859981
     0.21346098
     0.19972321
     0.18720063
     0.17573881
     0.16520833
     0.15550032
     0.14652198
     0.13819397
     0.13044813
     0.12322548
     0.11647473
     0.11015111
     0.10421532
     0.09863275
     0.09337276
     0.08840820
     0.08371485
     0.07927107
     0.07505749
     0.07105665
     0.06725285
     0.06363188
     0.06018086
     0.05688812
     0.05374299
     0.05073578
     0.04785760
     0.04510033
     0.04245650
     0.03991926
     0.03748228
     0.03513974
     0.03288626
     0.03071684
     0.02862687
     0.02661207
     0.02466845
     0.02279230
     0.02098017
     0.01922885
     0.01753531
     0.01589675
     0.01431053
     0.01277418
     0.01128539
     0.00984199
     0.00844192
     0.00708327
     0.00576420
     0.00448305
     0.00323820
     0.00202811
     0.00085135
     0.00000000
     0.00000000
     0.00000000
     0.00000000
     0.00000000
     0.00000000
     0.00000000
     0.00000000
     0.00000000
     0.00000000
     0.00000000
     0.00000000
     0.00000000
     0.00000000
     0.00000000
     0.00000000
     0.00000000
     0.00000000
     0.00000000
     0.00000000
     1.00000000
     1.00000000
     1.00000000
     1.00000000
     1.00000000
     1.00000000
     1.00000000
     1.00000000
     1.00000000
     1.00000000
     1.00000000
     1.00000000
     1.00000000
     0.84436069
     0.72231727
     0.62864494
     0.55448316
     0.49431048
     0.44450991
     0.40261243
     0.36687508
     0.33603232
     0.30914305
     0.28549291
     0.26452985
     0.24582055
     0.22902009
     0.21385052
     0.20008536
     0.18753820
     0.17605424
     0.16550370
     0.15577744
     0.14678243
     0.13843914
     0.13067924
     0.12344361
     0.11668085
     0.11034608
     0.10439992
     0.09880766
     0.09353863
     0.08856559
     0.08386428
     0.07941302
     0.07519238
     0.07118489
     0.06737480
     0.06374788
     0.06029122
     0.05699311
     0.05384289
     0.05083083
     0.04794804
     0.04518636
     0.04253833
     0.03999707
     0.03755624
     0.03521002
     0.03295300
     0.03078020
     0.02868698
     0.02666905
     0.02472243
     0.02284339
     0.02102848
     0.01927447
     0.01757834
     0.01593729
     0.01434866
     0.01280998
     0.01131894
     0.00987336
     0.00847118
     0.00711049
     0.00578945
     0.00450639
     0.00325967
     0.00204778
     0.00086927
     0.00000000
     0.00000000
     0.00000000
     0.00000000
     0.00000000
     0.00000000
     0.00000000
     0.00000000
     0.00000000
     0.00000000
     0.00000000
     0.00000000
     0.00000000
     0.00000000
     0.00000000
     0.00000000
     0.00000000
     0.00000000
     0.00000000
     0.00000000
     1.00000000
     1.00000000
     1.00000000
     1.00000000
     1.00000000
     1.00000000
     1.00000000
     1.00000000
     1.00000000
     1.00000000
     1.00000000
     1.00000000
     1.00000000
     0.84651082
     0.72404974
     0.63008190
     0.55570161
     0.49536166
     0.44542943
     0.40342595
     0.36760163
     0.33668635
     0.30973578
     0.28603321
     0.26502484
     0.24627601
     0.22944079
     0.21424044
     0.20044784
     0.18787609
     0.17636995
     0.16579932
     0.15605480
     0.14704310
     0.13868451
     0.13091053
     0.12366191
     0.11688713
     0.11054120
     0.10458465
     0.09898270
     0.09370462
     0.08872309
     0.08401382
     0.07955507
     0.07532737
     0.07131322
     0.06749683
     0.06386395
     0.06040164
     0.05709817
     0.05394285
     0.05092594
     0.04803853
     0.04527245
     0.04262020
     0.04007492
     0.03763025
     0.03528034
     0.03301979
     0.03084359
     0.02874712
     0.02672607
     0.02477644
     0.02289450
     0.02107681
     0.01932011
     0.01762140
     0.01597784
     0.01438680
     0.01284580
     0.01135250
     0.00990474
     0.00850046
     0.00713772
     0.00581472
     0.00452973
     0.00328115
     0.00206746
     0.00088720
     0.00000000
     0.00000000
     0.00000000
     0.00000000
     0.00000000
     0.00000000
     0.00000000
     0.00000000
     0.00000000
     0.00000000
     0.00000000
     0.00000000
     0.00000000
     0.00000000
     0.00000000
     0.00000000
     0.00000000
     0.00000000
     0.00000000
     0.00000000
     1.00000000
     1.00000000
     1.00000000
     1.00000000
     1.00000000
     1.00000000
     1.00000000
     1.00000000
     1.00000000
     1.00000000
     1.00000000
     1.00000000
     1.00000000
     0.84866623
     0.72578596
     0.63152166
     0.55692221
     0.49641454
     0.44635034
     0.40424063
     0.36832915
     0.33734121
     0.31032923
     0.28657413
     0.26552036
     0.24673195
     0.22986192
     0.21463075
     0.20081067
     0.18821428
     0.17668594
     0.16609521
     0.15633239
     0.14730399
     0.13893007
     0.13114200
     0.12388038
     0.11709356
     0.11073646
     0.10476951
     0.09915787
     0.09387072
     0.08888070
     0.08416345
     0.07969721
     0.07546244
     0.07144163
     0.06761894
     0.06398009
     0.06051213
     0.05720329
     0.05404288
     0.05102111
     0.04812907
     0.04535858
     0.04270213
     0.04015281
     0.03770429
     0.03535069
     0.03308661
     0.03090702
     0.02880730
     0.02678311
     0.02483047
     0.02294565
     0.02112516
     0.01936578
     0.01766448
     0.01601842
     0.01442497
     0.01288163
     0.01138608
     0.00993614
     0.00852975
     0.00716497
     0.00583999
     0.00455308
     0.00330265
     0.00208715
     0.00090514
     0.00000000
     0.00000000
     0.00000000
     0.00000000
     0.00000000
     0.00000000
     0.00000000
     0.00000000
     0.00000000
     0.00000000
     0.00000000
     0.00000000
     0.00000000
     0.00000000
     0.00000000
     0.00000000
     0.00000000
     0.00000000
     0.00000000
     0.00000000
     1.00000000
     1.00000000
     1.00000000
     1.00000000
     1.00000000
     1.00000000
     1.00000000
     1.00000000
     1.00000000
     1.00000000
     1.00000000
     1.00000000
     1.00000000
     0.85082694
     0.72752594
     0.63296422
     0.55814498
     0.49746914
     0.44727265
     0.40505646
     0.36905764
     0.33799690
     0.31092339
     0.28711567
     0.26601643
     0.24718836
     0.23028348
     0.21502144
     0.20117385
     0.18855279
     0.17700222
     0.16639135
     0.15661022
     0.14756508
     0.13917584
     0.13137366
     0.12409902
     0.11730015
     0.11093186
     0.10495451
     0.09933316
     0.09403694
     0.08903842
     0.08431319
     0.07983944
     0.07559761
     0.07157012
     0.06774113
     0.06409631
     0.06062269
     0.05730848
     0.05414296
     0.05111634
     0.04821967
     0.04544476
     0.04278410
     0.04023076
     0.03777838
     0.03542109
     0.03315347
     0.03097049
     0.02886750
     0.02684019
     0.02488454
     0.02299682
     0.02117354
     0.01941147
     0.01770758
     0.01605902
     0.01446315
     0.01291748
     0.01141968
     0.00996755
     0.00855905
     0.00719223
     0.00586527
     0.00457644
     0.00332415
     0.00210685
     0.00092309
     0.00000000
     0.00000000
     0.00000000
     0.00000000
     0.00000000
     0.00000000
     0.00000000
     0.00000000
     0.00000000
     0.00000000
     0.00000000
     0.00000000
     0.00000000
     0.00000000
     0.00000000
     0.00000000
     0.00000000
     0.00000000
     0.00000000
     0.00000000
     1.00000000
     1.00000000
     1.00000000
     1.00000000
     1.00000000
     1.00000000
     1.00000000
     1.00000000
     1.00000000
     1.00000000
     1.00000000
     1.00000000
     1.00000000
     0.85299296
     0.72926969
     0.63440958
     0.55936991
     0.49852547
     0.44819635
     0.40587345
     0.36978710
     0.33865341
     0.31151826
     0.28765783
     0.26651305
     0.24764527
     0.23070547
     0.21541251
     0.20153737
     0.18889161
     0.17731878
     0.16668775
     0.15688828
     0.14782640
     0.13942180
     0.13160550
     0.12431782
     0.11750690
     0.11112742
     0.10513964
     0.09950858
     0.09420327
     0.08919625
     0.08446303
     0.07998177
     0.07573286
     0.07169870
     0.06786339
     0.06421260
     0.06073332
     0.05741374
     0.05424311
     0.05121162
     0.04831032
     0.04553100
     0.04286611
     0.04030874
     0.03785251
     0.03549153
     0.03322036
     0.03103399
     0.02892774
     0.02689730
     0.02493863
     0.02304801
     0.02122195
     0.01945719
     0.01775070
     0.01609964
     0.01450135
     0.01295335
     0.01145329
     0.00999898
     0.00858837
     0.00721951
     0.00589057
     0.00459981
     0.00334566
     0.00212655
     0.00094104
     0.00000000
     0.00000000
     0.00000000
     0.00000000
     0.00000000
     0.00000000
     0.00000000
     0.00000000
     0.00000000
     0.00000000
     0.00000000
     0.00000000
     0.00000000
     0.00000000
     0.00000000
     0.00000000
     0.00000000
     0.00000000
     0.00000000
     0.00000000
     1.00000000
     1.00000000
     1.00000000
     1.00000000
     1.00000000
     1.00000000
     1.00000000
     1.00000000
     1.00000000
     1.00000000
     1.00000000
     1.00000000
     1.00000000
     0.85516433
     0.73101724
     0.63585777
     0.56059702
     0.49958351
     0.44912146
     0.40669159
     0.37051754
     0.33931075
     0.31211385
     0.28820061
     0.26701021
     0.24810265
     0.23112789
     0.21580397
     0.20190123
     0.18923074
     0.17763562
     0.16698440
     0.15716658
     0.14808793
     0.13966796
     0.13183752
     0.12453680
     0.11771380
     0.11132311
     0.10532491
     0.09968413
     0.09436973
     0.08935418
     0.08461298
     0.08012420
     0.07586821
     0.07182736
     0.06798574
     0.06432897
     0.06084402
     0.05751906
     0.05434331
     0.05130697
     0.04840103
     0.04561728
     0.04294818
     0.04038677
     0.03792668
     0.03556200
     0.03328730
     0.03109753
     0.02898802
     0.02695444
     0.02499276
     0.02309924
     0.02127038
     0.01950293
     0.01779384
     0.01614028
     0.01453957
     0.01298923
     0.01148692
     0.01003043
     0.00861770
     0.00724679
     0.00591587
     0.00462320
     0.00336718
     0.00214627
     0.00095901
     0.00000000
     0.00000000
     0.00000000
     0.00000000
     0.00000000
     0.00000000
     0.00000000
     0.00000000
     0.00000000
     0.00000000
     0.00000000
     0.00000000
     0.00000000
     0.00000000
     0.00000000
     0.00000000
     0.00000000
     0.00000000
     0.00000000
     0.00000000
     1.00000000
     1.00000000
     1.00000000
     1.00000000
     1.00000000
     1.00000000
     1.00000000
     1.00000000
     1.00000000
     1.00000000
     1.00000000
     1.00000000
     1.00000000
     0.85734104
     0.73276858
     0.63730878
     0.56182630
     0.50064329
     0.45004796
     0.40751090
     0.37124895
     0.33996893
     0.31271015
     0.28874402
     0.26750792
     0.24856051
     0.23155073
     0.21619581
     0.20226545
     0.18957019
     0.17795275
     0.16728132
     0.15744511
     0.14834968
     0.13991432
     0.13206973
     0.12475595
     0.11792086
     0.11151895
     0.10551032
     0.09985980
     0.09453630
     0.08951223
     0.08476302
     0.08026672
     0.07600364
     0.07195611
     0.06810816
     0.06444541
     0.06095479
     0.05762444
     0.05444358
     0.05140237
     0.04849179
     0.04570362
     0.04303029
     0.04046485
     0.03800089
     0.03563252
     0.03335427
     0.03116110
     0.02904832
     0.02701161
     0.02504691
     0.02315049
     0.02131884
     0.01954869
     0.01783701
     0.01618094
     0.01457782
     0.01302514
     0.01152056
     0.01006189
     0.00864705
     0.00727409
     0.00594119
     0.00464659
     0.00338871
     0.00216599
     0.00097697
     0.00000000
     0.00000000
     0.00000000
     0.00000000
     0.00000000
     0.00000000
     0.00000000
     0.00000000
     0.00000000
     0.00000000
     0.00000000
     0.00000000
     0.00000000
     0.00000000
     0.00000000
     0.00000000
     0.00000000
     0.00000000
     0.00000000
     0.00000000
     1.00000000
     1.00000000
     1.00000000
     1.00000000
     1.00000000
     1.00000000
     1.00000000
     1.00000000
     1.00000000
     1.00000000
     1.00000000
     1.00000000
     1.00000000
     0.85952313
     0.73452373
     0.63876262
     0.56305777
     0.50170479
     0.45097588
     0.40833137
     0.37198134
     0.34062793
     0.31330717
     0.28928805
     0.26800617
     0.24901886
     0.23197401
     0.21658803
     0.20263000
     0.18990995
     0.17827016
     0.16757850
     0.15772388
     0.14861165
     0.14016088
     0.13230212
     0.12497527
     0.11812808
     0.11171494
     0.10569586
     0.10003560
     0.09470299
     0.08967039
     0.08491317
     0.08040934
     0.07613917
     0.07208494
     0.06823067
     0.06456192
     0.06106563
     0.05772989
     0.05454391
     0.05149782
     0.04858261
     0.04579001
     0.04311245
     0.04054297
     0.03807515
     0.03570307
     0.03342128
     0.03122470
     0.02910866
     0.02706881
     0.02510109
     0.02320177
     0.02136732
     0.01959448
     0.01788020
     0.01622162
     0.01461608
     0.01306106
     0.01155422
     0.01009336
     0.00867641
     0.00730140
     0.00596651
     0.00467000
     0.00341025
     0.00218572
     0.00099495
     0.00000000
     0.00000000
     0.00000000
     0.00000000
     0.00000000
     0.00000000
     0.00000000
     0.00000000
     0.00000000
     0.00000000
     0.00000000
     0.00000000
     0.00000000
     0.00000000
     0.00000000
     0.00000000
     0.00000000
     0.00000000
     0.00000000
     0.00000000
     1.00000000
     1.00000000
     1.00000000
     1.00000000
     1.00000000
     1.00000000
     1.00000000
     1.00000000
     1.00000000
     1.00000000
     1.00000000
     1.00000000
     1.00000000
     0.86171061
     0.73628270
     0.64021930
     0.56429142
     0.50276803
     0.45190520
     0.40915300
     0.37271470
     0.34128777
     0.31390491
     0.28983270
     0.26850498
     0.24947770
     0.23239771
     0.21698065
     0.20299491
     0.19025002
     0.17858785
     0.16787606
     0.15800289
     0.14887380
     0.14040764
     0.13253470
     0.12519475
     0.11833545
     0.11191108
     0.10588154
     0.10021152
     0.09486980
     0.08982866
     0.08506342
     0.08055205
     0.07627478
     0.07221385
     0.06835325
     0.06467851
     0.06117653
     0.05783541
     0.05464430
     0.05159334
     0.04867348
     0.04587645
     0.04319466
     0.04062113
     0.03814945
     0.03577367
     0.03348832
     0.03128834
     0.02916903
     0.02712604
     0.02515531
     0.02325307
     0.02141582
     0.01964029
     0.01792341
     0.01626232
     0.01465435
     0.01309700
     0.01158790
     0.01012485
     0.00870578
     0.00732873
     0.00599185
     0.00469341
     0.00343180
     0.00220546
     0.00101294
     0.00000000
     0.00000000
     0.00000000
     0.00000000
     0.00000000
     0.00000000
     0.00000000
     0.00000000
     0.00000000
     0.00000000
     0.00000000
     0.00000000
     0.00000000
     0.00000000
     0.00000000
     0.00000000
     0.00000000
     0.00000000
     0.00000000
     0.00000000
     1.00000000
     1.00000000
     1.00000000
     1.00000000
     1.00000000
     1.00000000
     1.00000000
     1.00000000
     1.00000000
     1.00000000
     1.00000000
     1.00000000
     1.00000000
     0.86390350
     0.73804550
     0.64167883
     0.56552727
     0.50383301
     0.45283593
     0.40997580
     0.37344905
     0.34194845
     0.31450336
     0.29037798
     0.26900433
     0.24993702
     0.23282185
     0.21737364
     0.20336016
     0.19059040
     0.17890583
     0.16817376
     0.15828214
     0.14913620
     0.14065460
     0.13276746
     0.12541441
     0.11854298
     0.11210736
     0.10606735
     0.10038757
     0.09503672
     0.08998703
     0.08521378
     0.08069486
     0.07641049
     0.07234285
     0.06847591
     0.06479518
     0.06128751
     0.05794099
     0.05474476
     0.05168891
     0.04876440
     0.04596294
     0.04327692
     0.04069935
     0.03822379
     0.03584430
     0.03355540
     0.03135202
     0.02922944
     0.02718330
     0.02520955
     0.02330440
     0.02146436
     0.01968612
     0.01796664
     0.01630304
     0.01469265
     0.01313296
     0.01162160
     0.01015636
     0.00873517
     0.00735606
     0.00601720
     0.00471684
     0.00345336
     0.00222521
     0.00103093
     0.00000000
     0.00000000
     0.00000000
     0.00000000
     0.00000000
     0.00000000
     0.00000000
     0.00000000
     0.00000000
     0.00000000
     0.00000000
     0.00000000
     0.00000000
     0.00000000
     0.00000000
     0.00000000
     0.00000000
     0.00000000
     0.00000000
     0.00000000
     1.00000000
     1.00000000
     1.00000000
     1.00000000
     1.00000000
     1.00000000
     1.00000000
     1.00000000
     1.00000000
     1.00000000
     1.00000000
     1.00000000
     1.00000000
     0.86610182
     0.73981215
     0.64314122
     0.56676532
     0.50489974
     0.45376808
     0.41079977
     0.37418438
     0.34260996
     0.31510254
     0.29092388
     0.26950423
     0.25039682
     0.23324642
     0.21776703
     0.20372576
     0.19093110
     0.17922410
     0.16847171
     0.15856162
     0.14939882
     0.14090177
     0.13300040
     0.12563424
     0.11875067
     0.11230379
     0.10625330
     0.10056375
     0.09520376
     0.09014552
     0.08536424
     0.08083777
     0.07654628
     0.07247193
     0.06859865
     0.06491191
     0.06139856
     0.05804664
     0.05484527
     0.05178454
     0.04885538
     0.04604948
     0.04335922
     0.04077760
     0.03829817
     0.03591498
     0.03362253
     0.03141573
     0.02928988
     0.02724059
     0.02526382
     0.02335576
     0.02151291
     0.01973198
     0.01800989
     0.01634379
     0.01473097
     0.01316893
     0.01165531
     0.01018788
     0.00876457
     0.00738341
     0.00604257
     0.00474027
     0.00347493
     0.00224497
     0.00104893
     0.00000000
     0.00000000
     0.00000000
     0.00000000
     0.00000000
     0.00000000
     0.00000000
     0.00000000
     0.00000000
     0.00000000
     0.00000000
     0.00000000
     0.00000000
     0.00000000
     0.00000000
     0.00000000
     0.00000000
     0.00000000
     0.00000000
     0.00000000
     1.00000000
     1.00000000
     1.00000000
     1.00000000
     1.00000000
     1.00000000
     1.00000000
     1.00000000
     1.00000000
     1.00000000
     1.00000000
     1.00000000
     1.00000000
     0.86830559
     0.74158265
     0.64460646
     0.56800557
     0.50596821
     0.45470164
     0.41162491
     0.37492069
     0.34327231
     0.31570244
     0.29147042
     0.27000468
     0.25085711
     0.23367143
     0.21816080
     0.20409171
     0.19127212
     0.17954265
     0.16876979
     0.15884134
     0.14966165
     0.14114913
     0.13323353
     0.12585424
     0.11895852
     0.11250036
     0.10643939
     0.10074005
     0.09537092
     0.09030412
     0.08551480
     0.08098077
     0.07668216
     0.07260110
     0.06872147
     0.06502872
     0.06150967
     0.05815235
     0.05494585
     0.05188023
     0.04894641
     0.04613607
     0.04344157
     0.04085590
     0.03837260
     0.03598569
     0.03368968
     0.03147948
     0.02935035
     0.02729792
     0.02531811
     0.02340715
     0.02156150
     0.01977786
     0.01805317
     0.01638455
     0.01476931
     0.01320492
     0.01168903
     0.01021942
     0.00879398
     0.00741077
     0.00606794
     0.00476372
     0.00349651
     0.00226474
     0.00106694
     0.00000000
     0.00000000
     0.00000000
     0.00000000
     0.00000000
     0.00000000
     0.00000000
     0.00000000
     0.00000000
     0.00000000
     0.00000000
     0.00000000
     0.00000000
     0.00000000
     0.00000000
     0.00000000
     0.00000000
     0.00000000
     0.00000000
     0.00000000
     1.00000000
     1.00000000
     1.00000000
     1.00000000
     1.00000000
     1.00000000
     1.00000000
     1.00000000
     1.00000000
     1.00000000
     1.00000000
     1.00000000
     1.00000000
     0.87051482
     0.74335702
     0.64607458
     0.56924803
     0.50703843
     0.45563662
     0.41245123
     0.37565799
     0.34393549
     0.31630306
     0.29201758
     0.27050568
     0.25131789
     0.23409686
     0.21855496
     0.20445800
     0.19161345
     0.17986149
     0.16906827
     0.15912130
     0.14992471
     0.14139669
     0.13346685
     0.12607441
     0.11916653
     0.11269708
     0.10662561
     0.10091648
     0.09553820
     0.09046283
     0.08566546
     0.08112387
     0.07681814
     0.07273035
     0.06884437
     0.06514561
     0.06162086
     0.05825813
     0.05504648
     0.05197597
     0.04903750
     0.04622271
     0.04352398
     0.04093425
     0.03844706
     0.03605645
     0.03375688
     0.03154326
     0.02941085
     0.02735527
     0.02537244
     0.02345856
     0.02161010
     0.01982377
     0.01809647
     0.01642533
     0.01480766
     0.01324093
     0.01172278
     0.01025097
     0.00882341
     0.00743815
     0.00609333
     0.00478718
     0.00351810
     0.00228451
     0.00108495
     0.00000000
     0.00000000
     0.00000000
     0.00000000
     0.00000000
     0.00000000
     0.00000000
     0.00000000
     0.00000000
     0.00000000
     0.00000000
     0.00000000
     0.00000000
     0.00000000
     0.00000000
     0.00000000
     0.00000000
     0.00000000
     0.00000000
     0.00000000
     1.00000000
     1.00000000
     1.00000000
     1.00000000
     1.00000000
     1.00000000
     1.00000000
     1.00000000
     1.00000000
     1.00000000
     1.00000000
     1.00000000
     1.00000000
     0.87272954
     0.74513527
     0.64754557
     0.57049271
     0.50811040
     0.45657303
     0.41327872
     0.37639628
     0.34459952
     0.31690440
     0.29256536
     0.27100723
     0.25177915
     0.23452273
     0.21894950
     0.20482465
     0.19195509
     0.18018061
     0.16936700
     0.15940149
     0.15018798
     0.14164445
     0.13370035
     0.12629475
     0.11937469
     0.11289395
     0.10681197
     0.10109304
     0.09570560
     0.09062164
     0.08581623
     0.08126707
     0.07695420
     0.07285969
     0.06896735
     0.06526257
     0.06173212
     0.05836397
     0.05514718
     0.05207178
     0.04912864
     0.04630941
     0.04360642
     0.04101264
     0.03852158
     0.03612724
     0.03382411
     0.03160707
     0.02947139
     0.02741266
     0.02542680
     0.02351000
     0.02165874
     0.01986970
     0.01813979
     0.01646614
     0.01484604
     0.01327696
     0.01175654
     0.01028253
     0.00885286
     0.00746554
     0.00611872
     0.00481065
     0.00353970
     0.00230430
     0.00110297
     0.00000000
     0.00000000
     0.00000000
     0.00000000
     0.00000000
     0.00000000
     0.00000000
     0.00000000
     0.00000000
     0.00000000
     0.00000000
     0.00000000
     0.00000000
     0.00000000
     0.00000000
     0.00000000
     0.00000000
     0.00000000
     0.00000000
     0.00000000
     1.00000000
     1.00000000
     1.00000000
     1.00000000
     1.00000000
     1.00000000
     1.00000000
     1.00000000
     1.00000000
     1.00000000
     1.00000000
     1.00000000
     1.00000000
     0.87494976
     0.74691741
     0.64901945
     0.57173960
     0.50918414
     0.45751086
     0.41410738
     0.37713555
     0.34526439
     0.31750647
     0.29311378
     0.27150934
     0.25224090
     0.23494903
     0.21934444
     0.20519164
     0.19229705
     0.18050002
     0.16966600
     0.15968193
     0.15045147
     0.14189241
     0.13393403
     0.12651526
     0.11958302
     0.11309096
     0.10699846
     0.10126972
     0.09587312
     0.09078057
     0.08596710
     0.08141036
     0.07709036
     0.07298911
     0.06909041
     0.06537961
     0.06184344
     0.05846988
     0.05524794
     0.05216764
     0.04921983
     0.04639615
     0.04368892
     0.04109108
     0.03859613
     0.03619808
     0.03389138
     0.03167093
     0.02953196
     0.02747007
     0.02548118
     0.02356147
     0.02170740
     0.01991565
     0.01818313
     0.01650696
     0.01488443
     0.01331301
     0.01179031
     0.01031411
     0.00888231
     0.00749294
     0.00614413
     0.00483412
     0.00356130
     0.00232409
     0.00112100
     0.00000000
     0.00000000
     0.00000000
     0.00000000
     0.00000000
     0.00000000
     0.00000000
     0.00000000
     0.00000000
     0.00000000
     0.00000000
     0.00000000
     0.00000000
     0.00000000
     0.00000000
     0.00000000
     0.00000000
     0.00000000
     0.00000000
     0.00000000
     1.00000000
     1.00000000
     1.00000000
     1.00000000
     1.00000000
     1.00000000
     1.00000000
     1.00000000
     1.00000000
     1.00000000
     1.00000000
     1.00000000
     1.00000000
     0.87717550
     0.74870345
     0.65049622
     0.57298872
     0.51025963
     0.45845012
     0.41493723
     0.37787582
     0.34593010
     0.31810926
     0.29366283
     0.27201199
     0.25270314
     0.23537577
     0.21973976
     0.20555899
     0.19263933
     0.18081971
     0.16996525
     0.15996260
     0.15071518
     0.14214058
     0.13416790
     0.12673594
     0.11979150
     0.11328812
     0.10718509
     0.10144653
     0.09604075
     0.09093961
     0.08611807
     0.08155375
     0.07722661
     0.07311861
     0.06921354
     0.06549671
     0.06195484
     0.05857585
     0.05534877
     0.05226356
     0.04931108
     0.04648295
     0.04377147
     0.04116956
     0.03867073
     0.03626895
     0.03395869
     0.03173481
     0.02959256
     0.02752752
     0.02553560
     0.02361297
     0.02175608
     0.01996162
     0.01822650
     0.01654781
     0.01492285
     0.01334907
     0.01182411
     0.01034571
     0.00891178
     0.00752035
     0.00616955
     0.00485761
     0.00358292
     0.00234389
     0.00113904
     0.00000000
     0.00000000
     0.00000000
     0.00000000
     0.00000000
     0.00000000
     0.00000000
     0.00000000
     0.00000000
     0.00000000
     0.00000000
     0.00000000
     0.00000000
     0.00000000
     0.00000000
     0.00000000
     0.00000000
     0.00000000
     0.00000000
     0.00000000
     1.00000000
     1.00000000
     1.00000000
     1.00000000
     1.00000000
     1.00000000
     1.00000000
     1.00000000
     1.00000000
     1.00000000
     1.00000000
     1.00000000
     1.00000000
     0.87940679
     0.75049340
     0.65197589
     0.57424007
     0.51133689
     0.45939081
     0.41576826
     0.37861708
     0.34659666
     0.31871278
     0.29421251
     0.27251521
     0.25316587
     0.23580295
     0.22013547
     0.20592668
     0.19298192
     0.18113970
     0.17026477
     0.16024352
     0.15097911
     0.14238894
     0.13440196
     0.12695680
     0.12000014
     0.11348543
     0.10737186
     0.10162347
     0.09620850
     0.09109876
     0.08626915
     0.08169724
     0.07736294
     0.07324821
     0.06933676
     0.06561390
     0.06206631
     0.05868189
     0.05544965
     0.05235954
     0.04940239
     0.04656980
     0.04385406
     0.04124809
     0.03874536
     0.03633987
     0.03402604
     0.03179874
     0.02965320
     0.02758500
     0.02559004
     0.02366449
     0.02180479
     0.02000763
     0.01826989
     0.01658867
     0.01496128
     0.01338515
     0.01185791
     0.01037732
     0.00894127
     0.00754778
     0.00619499
     0.00488111
     0.00360455
     0.00236370
     0.00115709
     0.00000000
     0.00000000
     0.00000000
     0.00000000
     0.00000000
     0.00000000
     0.00000000
     0.00000000
     0.00000000
     0.00000000
     0.00000000
     0.00000000
     0.00000000
     0.00000000
     0.00000000
     0.00000000
     0.00000000
     0.00000000
     0.00000000
     0.00000000
     1.00000000
     1.00000000
     1.00000000
     1.00000000
     1.00000000
     1.00000000
     1.00000000
     1.00000000
     1.00000000
     1.00000000
     1.00000000
     1.00000000
     1.00000000
     0.88164364
     0.75228728
     0.65345847
     0.57549366
     0.51241592
     0.46033293
     0.41660048
     0.37935933
     0.34726406
     0.31931703
     0.29476283
     0.27301897
     0.25362909
     0.23623055
     0.22053158
     0.20629473
     0.19332483
     0.18145997
     0.17056455
     0.16052467
     0.15124326
     0.14263751
     0.13463620
     0.12717782
     0.12020894
     0.11368289
     0.10755876
     0.10180054
     0.09637638
     0.09125802
     0.08642033
     0.08184082
     0.07749937
     0.07337788
     0.06946006
     0.06573116
     0.06217784
     0.05878800
     0.05555060
     0.05245558
     0.04949375
     0.04665670
     0.04393670
     0.04132666
     0.03882005
     0.03641082
     0.03409342
     0.03186269
     0.02971387
     0.02764251
     0.02564451
     0.02371604
     0.02185353
     0.02005365
     0.01831330
     0.01662956
     0.01499973
     0.01342125
     0.01189174
     0.01040895
     0.00897077
     0.00757522
     0.00622043
     0.00490462
     0.00362618
     0.00238352
     0.00117514
     0.00000000
     0.00000000
     0.00000000
     0.00000000
     0.00000000
     0.00000000
     0.00000000
     0.00000000
     0.00000000
     0.00000000
     0.00000000
     0.00000000
     0.00000000
     0.00000000
     0.00000000
     0.00000000
     0.00000000
     0.00000000
     0.00000000
     0.00000000
     1.00000000
     1.00000000
     1.00000000
     1.00000000
     1.00000000
     1.00000000
     1.00000000
     1.00000000
     1.00000000
     1.00000000
     1.00000000
     1.00000000
     1.00000000
     0.88388607
     0.75408510
     0.65494396
     0.57674949
     0.51349673
     0.46127649
     0.41743388
     0.38010258
     0.34793231
     0.31992200
     0.29531378
     0.27352329
     0.25409280
     0.23665860
     0.22092807
     0.20666312
     0.19366806
     0.18178053
     0.17086459
     0.16080606
     0.15150762
     0.14288628
     0.13487062
     0.12739902
     0.12041790
     0.11388049
     0.10774580
     0.10197773
     0.09654437
     0.09141739
     0.08657161
     0.08198450
     0.07763589
     0.07350764
     0.06958343
     0.06584849
     0.06228945
     0.05889417
     0.05565160
     0.05255167
     0.04958516
     0.04674365
     0.04401939
     0.04140528
     0.03889477
     0.03648182
     0.03416084
     0.03192669
     0.02977457
     0.02770005
     0.02569902
     0.02376762
     0.02190229
     0.02009970
     0.01835673
     0.01667047
     0.01503820
     0.01345737
     0.01192558
     0.01044059
     0.00900028
     0.00760267
     0.00624589
     0.00492815
     0.00364783
     0.00240334
     0.00119320
     0.00001599
     0.00000000
     0.00000000
     0.00000000
     0.00000000
     0.00000000
     0.00000000
     0.00000000
     0.00000000
     0.00000000
     0.00000000
     0.00000000
     0.00000000
     0.00000000
     0.00000000
     0.00000000
     0.00000000
     0.00000000
     0.00000000
     0.00000000
     1.00000000
     1.00000000
     1.00000000
     1.00000000
     1.00000000
     1.00000000
     1.00000000
     1.00000000
     1.00000000
     1.00000000
     1.00000000
     1.00000000
     1.00000000
     0.88613410
     0.75588687
     0.65643238
     0.57800756
     0.51457931
     0.46222149
     0.41826847
     0.38084682
     0.34860140
     0.32052771
     0.29586536
     0.27402817
     0.25455700
     0.23708708
     0.22132495
     0.20703187
     0.19401160
     0.18210137
     0.17116489
     0.16108769
     0.15177221
     0.14313525
     0.13510524
     0.12762039
     0.12062701
     0.11407824
     0.10793298
     0.10215505
     0.09671248
     0.09157688
     0.08672300
     0.08212828
     0.07777249
     0.07363749
     0.06970689
     0.06596590
     0.06240113
     0.05900041
     0.05575267
     0.05264782
     0.04967663
     0.04683065
     0.04410213
     0.04148395
     0.03896954
     0.03655285
     0.03422830
     0.03199072
     0.02983531
     0.02775763
     0.02575355
     0.02381922
     0.02195108
     0.02014577
     0.01840018
     0.01671140
     0.01507669
     0.01349351
     0.01195944
     0.01047225
     0.00902981
     0.00763014
     0.00627135
     0.00495168
     0.00366948
     0.00242318
     0.00121127
     0.00003234
     0.00000000
     0.00000000
     0.00000000
     0.00000000
     0.00000000
     0.00000000
     0.00000000
     0.00000000
     0.00000000
     0.00000000
     0.00000000
     0.00000000
     0.00000000
     0.00000000
     0.00000000
     0.00000000
     0.00000000
     0.00000000
     0.00000000
     1.00000000
     1.00000000
     1.00000000
     1.00000000
     1.00000000
     1.00000000
     1.00000000
     1.00000000
     1.00000000
     1.00000000
     1.00000000
     1.00000000
     1.00000000
     0.88838775
     0.75769260
     0.65792374
     0.57926789
     0.51566368
     0.46316794
     0.41910425
     0.38159207
     0.34927135
     0.32113415
     0.29641758
     0.27453361
     0.25502170
     0.23751600
     0.22172223
     0.20740097
     0.19435546
     0.18242251
     0.17146546
     0.16136956
     0.15203701
     0.14338440
     0.13534004
     0.12784193
     0.12083629
     0.11427614
     0.10812030
     0.10233250
     0.09688070
     0.09173647
     0.08687449
     0.08227215
     0.07790919
     0.07376742
     0.06983042
     0.06608338
     0.06251288
     0.05910671
     0.05585381
     0.05274403
     0.04976816
     0.04691771
     0.04418492
     0.04156266
     0.03904435
     0.03662393
     0.03429580
     0.03205478
     0.02989608
     0.02781523
     0.02580811
     0.02387086
     0.02199989
     0.02019187
     0.01844366
     0.01675235
     0.01511520
     0.01352966
     0.01199332
     0.01050392
     0.00905935
     0.00765761
     0.00629683
     0.00497522
     0.00369115
     0.00244302
     0.00122935
     0.00004871
     0.00000000
     0.00000000
     0.00000000
     0.00000000
     0.00000000
     0.00000000
     0.00000000
     0.00000000
     0.00000000
     0.00000000
     0.00000000
     0.00000000
     0.00000000
     0.00000000
     0.00000000
     0.00000000
     0.00000000
     0.00000000
     0.00000000
     1.00000000
     1.00000000
     1.00000000
     1.00000000
     1.00000000
     1.00000000
     1.00000000
     1.00000000
     1.00000000
     1.00000000
     1.00000000
     1.00000000
     1.00000000
     0.89064704
     0.75950230
     0.65941803
     0.58053048
     0.51674982
     0.46411583
     0.41994122
     0.38233831
     0.34994215
     0.32174132
     0.29697043
     0.27503960
     0.25548688
     0.23794536
     0.22211990
     0.20777042
     0.19469964
     0.18274393
     0.17176629
     0.16165167
     0.15230204
     0.14363378
     0.13557502
     0.12806365
     0.12104573
     0.11447419
     0.10830775
     0.10251008
     0.09704905
     0.09189618
     0.08702608
     0.08241612
     0.07804598
     0.07389744
     0.06995404
     0.06620094
     0.06262469
     0.05921308
     0.05595500
     0.05284030
     0.04985974
     0.04700481
     0.04426776
     0.04164141
     0.03911920
     0.03669504
     0.03436333
     0.03211888
     0.02995688
     0.02787287
     0.02586270
     0.02392252
     0.02204873
     0.02023799
     0.01848716
     0.01679332
     0.01515373
     0.01356583
     0.01202721
     0.01053561
     0.00908891
     0.00768511
     0.00632233
     0.00499879
     0.00371282
     0.00246287
     0.00124743
     0.00006508
     0.00000000
     0.00000000
     0.00000000
     0.00000000
     0.00000000
     0.00000000
     0.00000000
     0.00000000
     0.00000000
     0.00000000
     0.00000000
     0.00000000
     0.00000000
     0.00000000
     0.00000000
     0.00000000
     0.00000000
     0.00000000
     0.00000000
     1.00000000
     1.00000000
     1.00000000
     1.00000000
     1.00000000
     1.00000000
     1.00000000
     1.00000000
     1.00000000
     1.00000000
     1.00000000
     1.00000000
     1.00000000
     0.89291199
     0.76131599
     0.66091527
     0.58179532
     0.51783776
     0.46506516
     0.42077940
     0.38308556
     0.35061380
     0.32234922
     0.29752392
     0.27554615
     0.25595256
     0.23837515
     0.22251795
     0.20814022
     0.19504414
     0.18306564
     0.17206738
     0.16193402
     0.15256729
     0.14388335
     0.13581019
     0.12828553
     0.12125532
     0.11467238
     0.10849534
     0.10268778
     0.09721752
     0.09205599
     0.08717778
     0.08256019
     0.07818286
     0.07402754
     0.07007773
     0.06631857
     0.06273658
     0.05931952
     0.05605626
     0.05293663
     0.04995137
     0.04709197
     0.04435064
     0.04172021
     0.03919409
     0.03676620
     0.03443090
     0.03218301
     0.03001771
     0.02793053
     0.02591732
     0.02397420
     0.02209759
     0.02028413
     0.01853068
     0.01683431
     0.01519228
     0.01360202
     0.01206112
     0.01056731
     0.00911848
     0.00771261
     0.00634783
     0.00502236
     0.00373451
     0.00248273
     0.00126552
     0.00008145
     0.00000000
     0.00000000
     0.00000000
     0.00000000
     0.00000000
     0.00000000
     0.00000000
     0.00000000
     0.00000000
     0.00000000
     0.00000000
     0.00000000
     0.00000000
     0.00000000
     0.00000000
     0.00000000
     0.00000000
     0.00000000
     0.00000000
     1.00000000
     1.00000000
     1.00000000
     1.00000000
     1.00000000
     1.00000000
     1.00000000
     1.00000000
     1.00000000
     1.00000000
     1.00000000
     1.00000000
     1.00000000
     0.89518263
     0.76313367
     0.66241546
     0.58306244
     0.51892749
     0.46601595
     0.42161876
     0.38383382
     0.35128631
     0.32295786
     0.29807805
     0.27605326
     0.25641874
     0.23880539
     0.22291641
     0.20851038
     0.19538895
     0.18338749
     0.17236874
     0.16221661
     0.15283276
     0.14413313
     0.13604555
     0.12850759
     0.12146508
     0.11487073
     0.10868307
     0.10286562
     0.09738611
     0.09221592
     0.08732959
     0.08270435
     0.07831984
     0.07415772
     0.07020151
     0.06643628
     0.06284854
     0.05942602
     0.05615757
     0.05303302
     0.05004306
     0.04717918
     0.04443357
     0.04179906
     0.03926903
     0.03683739
     0.03449851
     0.03224719
     0.03007858
     0.02798823
     0.02597196
     0.02402592
     0.02214648
     0.02033030
     0.01857422
     0.01687532
     0.01523085
     0.01363823
     0.01209504
     0.01059903
     0.00914806
     0.00774013
     0.00637334
     0.00504593
     0.00375620
     0.00250260
     0.00128362
     0.00009783
     0.00000000
     0.00000000
     0.00000000
     0.00000000
     0.00000000
     0.00000000
     0.00000000
     0.00000000
     0.00000000
     0.00000000
     0.00000000
     0.00000000
     0.00000000
     0.00000000
     0.00000000
     0.00000000
     0.00000000
     0.00000000
     0.00000000
     1.00000000
     1.00000000
     1.00000000
     1.00000000
     1.00000000
     1.00000000
     1.00000000
     1.00000000
     1.00000000
     1.00000000
     1.00000000
     1.00000000
     1.00000000
     0.89745896
     0.76495537
     0.66391862
     0.58433183
     0.52001902
     0.46696820
     0.42245933
     0.38458308
     0.35195967
     0.32356723
     0.29863282
     0.27656093
     0.25688540
     0.23923606
     0.22331525
     0.20888089
     0.19573409
     0.18370978
     0.17267035
     0.16249945
     0.15309844
     0.14438312
     0.13628110
     0.12872982
     0.12167499
     0.11506922
     0.10887094
     0.10304358
     0.09755481
     0.09237596
     0.08748149
     0.08284861
     0.07845690
     0.07428799
     0.07032536
     0.06655406
     0.06296057
     0.05953259
     0.05625895
     0.05312946
     0.05013480
     0.04726644
     0.04451655
     0.04187795
     0.03934401
     0.03690863
     0.03456616
     0.03231139
     0.03013949
     0.02804596
     0.02602664
     0.02407766
     0.02219540
     0.02037649
     0.01861779
     0.01691635
     0.01526943
     0.01367445
     0.01212898
     0.01063076
     0.00917766
     0.00776766
     0.00639887
     0.00506952
     0.00377791
     0.00252248
     0.00130173
     0.00011422
     0.00000000
     0.00000000
     0.00000000
     0.00000000
     0.00000000
     0.00000000
     0.00000000
     0.00000000
     0.00000000
     0.00000000
     0.00000000
     0.00000000
     0.00000000
     0.00000000
     0.00000000
     0.00000000
     0.00000000
     0.00000000
     0.00000000
     1.00000000
     1.00000000
     1.00000000
     1.00000000
     1.00000000
     1.00000000
     1.00000000
     1.00000000
     1.00000000
     1.00000000
     1.00000000
     1.00000000
     1.00000000
     0.89974101
     0.76678108
     0.66542475
     0.58560350
     0.52111235
     0.46792190
     0.42330110
     0.38533334
     0.35263389
     0.32417735
     0.29918823
     0.27706917
     0.25735257
     0.23966718
     0.22371449
     0.20925175
     0.19607955
     0.18403236
     0.17297224
     0.16278252
     0.15336435
     0.14463330
     0.13651683
     0.12895223
     0.12188507
     0.11526786
     0.10905894
     0.10322167
     0.09772364
     0.09253611
     0.08763350
     0.08299297
     0.07859405
     0.07441835
     0.07044930
     0.06667192
     0.06307267
     0.05963923
     0.05636040
     0.05322597
     0.05022660
     0.04735375
     0.04459958
     0.04195689
     0.03941904
     0.03697991
     0.03463385
     0.03237563
     0.03020042
     0.02810372
     0.02608135
     0.02412943
     0.02224434
     0.02042270
     0.01866137
     0.01695741
     0.01530804
     0.01371069
     0.01216294
     0.01066251
     0.00920727
     0.00779520
     0.00642441
     0.00509311
     0.00379962
     0.00254237
     0.00131984
     0.00013061
     0.00000000
     0.00000000
     0.00000000
     0.00000000
     0.00000000
     0.00000000
     0.00000000
     0.00000000
     0.00000000
     0.00000000
     0.00000000
     0.00000000
     0.00000000
     0.00000000
     0.00000000
     0.00000000
     0.00000000
     0.00000000
     0.00000000
     1.00000000
     1.00000000
     1.00000000
     1.00000000
     1.00000000
     1.00000000
     1.00000000
     1.00000000
     1.00000000
     1.00000000
     1.00000000
     1.00000000
     1.00000000
     0.90202880
     0.76861084
     0.66693386
     0.58687746
     0.52220749
     0.46887706
     0.42414408
     0.38608462
     0.35330896
     0.32478819
     0.29974428
     0.27757796
     0.25782023
     0.24009873
     0.22411412
     0.20962297
     0.19642532
     0.18435523
     0.17327438
     0.16306584
     0.15363048
     0.14488369
     0.13675275
     0.12917480
     0.12209530
     0.11546664
     0.10924708
     0.10339989
     0.09789258
     0.09269637
     0.08778562
     0.08313743
     0.07873130
     0.07454879
     0.07057331
     0.06678986
     0.06318484
     0.05974593
     0.05646190
     0.05332253
     0.05031845
     0.04744112
     0.04468266
     0.04203587
     0.03949410
     0.03705122
     0.03470157
     0.03243991
     0.03026139
     0.02816151
     0.02613608
     0.02418122
     0.02229330
     0.02046894
     0.01870499
     0.01699848
     0.01534667
     0.01374695
     0.01219692
     0.01069428
     0.00923689
     0.00782275
     0.00644996
     0.00511672
     0.00382134
     0.00256226
     0.00133796
     0.00014701
     0.00000000
     0.00000000
     0.00000000
     0.00000000
     0.00000000
     0.00000000
     0.00000000
     0.00000000
     0.00000000
     0.00000000
     0.00000000
     0.00000000
     0.00000000
     0.00000000
     0.00000000
     0.00000000
     0.00000000
     0.00000000
     0.00000000
     1.00000000
     1.00000000
     1.00000000
     1.00000000
     1.00000000
     1.00000000
     1.00000000
     1.00000000
     1.00000000
     1.00000000
     1.00000000
     1.00000000
     1.00000000
     0.90432235
     0.77044463
     0.66844596
     0.58815370
     0.52330443
     0.46983368
     0.42498826
     0.38683691
     0.35398490
     0.32539978
     0.30030097
     0.27808732
     0.25828838
     0.24053073
     0.22451415
     0.20999454
     0.19677142
     0.18467838
     0.17357680
     0.16334940
     0.15389684
     0.14513428
     0.13698886
     0.12939755
     0.12230570
     0.11566558
     0.10943536
     0.10357823
     0.09806165
     0.09285674
     0.08793784
     0.08328199
     0.07886864
     0.07467932
     0.07069741
     0.06690787
     0.06329708
     0.05985270
     0.05656347
     0.05341915
     0.05041036
     0.04752853
     0.04476579
     0.04211490
     0.03956921
     0.03712258
     0.03476933
     0.03250422
     0.03032239
     0.02821933
     0.02619085
     0.02423305
     0.02234230
     0.02051521
     0.01874862
     0.01703957
     0.01538531
     0.01378323
     0.01223091
     0.01072606
     0.00926653
     0.00785032
     0.00647552
     0.00514034
     0.00384307
     0.00258217
     0.00135609
     0.00016342
     0.00000000
     0.00000000
     0.00000000
     0.00000000
     0.00000000
     0.00000000
     0.00000000
     0.00000000
     0.00000000
     0.00000000
     0.00000000
     0.00000000
     0.00000000
     0.00000000
     0.00000000
     0.00000000
     0.00000000
     0.00000000
     0.00000000
     1.00000000
     1.00000000
     1.00000000
     1.00000000
     1.00000000
     1.00000000
     1.00000000
     1.00000000
     1.00000000
     1.00000000
     1.00000000
     1.00000000
     1.00000000
     0.90662168
     0.77228249
     0.66996105
     0.58943225
     0.52440319
     0.47079177
     0.42583365
     0.38759021
     0.35466169
     0.32601211
     0.30085830
     0.27859723
     0.25875703
     0.24096317
     0.22491457
     0.21036647
     0.19711783
     0.18500184
     0.17387947
     0.16363319
     0.15416341
     0.14538508
     0.13722516
     0.12962048
     0.12251626
     0.11586467
     0.10962378
     0.10375671
     0.09823083
     0.09301723
     0.08809016
     0.08342664
     0.07900607
     0.07480994
     0.07082159
     0.06702595
     0.06340939
     0.05995953
     0.05666510
     0.05351583
     0.05050232
     0.04761600
     0.04484896
     0.04219398
     0.03964436
     0.03719398
     0.03483713
     0.03256857
     0.03038343
     0.02827719
     0.02624564
     0.02428490
     0.02239131
     0.02056149
     0.01879227
     0.01708069
     0.01542397
     0.01381953
     0.01226492
     0.01075785
     0.00929619
     0.00787790
     0.00650109
     0.00516397
     0.00386482
     0.00260208
     0.00137423
     0.00017983
     0.00000000
     0.00000000
     0.00000000
     0.00000000
     0.00000000
     0.00000000
     0.00000000
     0.00000000
     0.00000000
     0.00000000
     0.00000000
     0.00000000
     0.00000000
     0.00000000
     0.00000000
     0.00000000
     0.00000000
     0.00000000
     0.00000000
     1.00000000
     1.00000000
     1.00000000
     1.00000000
     1.00000000
     1.00000000
     1.00000000
     1.00000000
     1.00000000
     1.00000000
     1.00000000
     1.00000000
     1.00000000
     0.90892681
     0.77412442
     0.67147915
     0.59071309
     0.52550376
     0.47175133
     0.42668025
     0.38834453
     0.35533935
     0.32662518
     0.30141628
     0.27910772
     0.25922619
     0.24139605
     0.22531539
     0.21073875
     0.19746457
     0.18532558
     0.17418241
     0.16391724
     0.15443020
     0.14563608
     0.13746164
     0.12984357
     0.12272697
     0.11606390
     0.10981234
     0.10393531
     0.09840013
     0.09317783
     0.08824259
     0.08357139
     0.07914359
     0.07494064
     0.07094584
     0.06714411
     0.06352177
     0.06006643
     0.05676679
     0.05361256
     0.05059434
     0.04770352
     0.04493219
     0.04227310
     0.03971956
     0.03726542
     0.03490497
     0.03263296
     0.03044450
     0.02833507
     0.02630047
     0.02433678
     0.02244036
     0.02060780
     0.01883595
     0.01712183
     0.01546266
     0.01385584
     0.01229894
     0.01078966
     0.00932586
     0.00790550
     0.00652668
     0.00518761
     0.00388657
     0.00262200
     0.00139238
     0.00019625
     0.00000000
     0.00000000
     0.00000000
     0.00000000
     0.00000000
     0.00000000
     0.00000000
     0.00000000
     0.00000000
     0.00000000
     0.00000000
     0.00000000
     0.00000000
     0.00000000
     0.00000000
     0.00000000
     0.00000000
     0.00000000
     0.00000000
     1.00000000
     1.00000000
     1.00000000
     1.00000000
     1.00000000
     1.00000000
     1.00000000
     1.00000000
     1.00000000
     1.00000000
     1.00000000
     1.00000000
     1.00000000
     0.91123776
     0.77597044
     0.67300026
     0.59199624
     0.52660616
     0.47271236
     0.42752807
     0.38909987
     0.35601788
     0.32723899
     0.30197490
     0.27961877
     0.25969583
     0.24182937
     0.22571660
     0.21111139
     0.19781163
     0.18564961
     0.17448562
     0.16420152
     0.15469722
     0.14588729
     0.13769831
     0.13006685
     0.12293785
     0.11626328
     0.11000103
     0.10411404
     0.09856956
     0.09333854
     0.08839512
     0.08371624
     0.07928120
     0.07507142
     0.07107018
     0.06726234
     0.06363423
     0.06017340
     0.05686854
     0.05370936
     0.05068642
     0.04779109
     0.04501546
     0.04235226
     0.03979480
     0.03733689
     0.03497284
     0.03269738
     0.03050560
     0.02839299
     0.02635532
     0.02438868
     0.02248943
     0.02065414
     0.01887965
     0.01716298
     0.01550136
     0.01389217
     0.01233298
     0.01082149
     0.00935554
     0.00793310
     0.00655228
     0.00521126
     0.00390833
     0.00264193
     0.00141053
     0.00021268
     0.00000000
     0.00000000
     0.00000000
     0.00000000
     0.00000000
     0.00000000
     0.00000000
     0.00000000
     0.00000000
     0.00000000
     0.00000000
     0.00000000
     0.00000000
     0.00000000
     0.00000000
     0.00000000
     0.00000000
     0.00000000
     0.00000000
     1.00000000
     1.00000000
     1.00000000
     1.00000000
     1.00000000
     1.00000000
     1.00000000
     1.00000000
     1.00000000
     1.00000000
     1.00000000
     1.00000000
     1.00000000
     0.91355456
     0.77782055
     0.67452439
     0.59328171
     0.52771038
     0.47367487
     0.42837710
     0.38985622
     0.35669726
     0.32785355
     0.30253417
     0.28013038
     0.26016598
     0.24226314
     0.22611821
     0.21148439
     0.19815901
     0.18597393
     0.17478909
     0.16448604
     0.15496446
     0.14613869
     0.13793517
     0.13029029
     0.12314889
     0.11646281
     0.11018987
     0.10429290
     0.09873910
     0.09349936
     0.08854776
     0.08386118
     0.07941890
     0.07520229
     0.07119460
     0.06738065
     0.06374675
     0.06028043
     0.05697036
     0.05380621
     0.05077854
     0.04787871
     0.04509878
     0.04243148
     0.03987008
     0.03740841
     0.03504076
     0.03276183
     0.03056674
     0.02845094
     0.02641021
     0.02444062
     0.02253852
     0.02070050
     0.01892337
     0.01720416
     0.01554008
     0.01392853
     0.01236704
     0.01085333
     0.00938523
     0.00796072
     0.00657789
     0.00523492
     0.00393010
     0.00266187
     0.00142869
     0.00022912
     0.00000000
     0.00000000
     0.00000000
     0.00000000
     0.00000000
     0.00000000
     0.00000000
     0.00000000
     0.00000000
     0.00000000
     0.00000000
     0.00000000
     0.00000000
     0.00000000
     0.00000000
     0.00000000
     0.00000000
     0.00000000
     0.00000000
     1.00000000
     1.00000000
     1.00000000
     1.00000000
     1.00000000
     1.00000000
     1.00000000
     1.00000000
     1.00000000
     1.00000000
     1.00000000
     1.00000000
     1.00000000
     0.91587722
     0.77967477
     0.67605155
     0.59456949
     0.52881643
     0.47463885
     0.42922735
     0.39061359
     0.35737752
     0.32846885
     0.30309409
     0.28064256
     0.26063663
     0.24269735
     0.22652022
     0.21185774
     0.19850671
     0.18629855
     0.17509283
     0.16477081
     0.15523192
     0.14639031
     0.13817220
     0.13051391
     0.12336009
     0.11666250
     0.11037884
     0.10447189
     0.09890877
     0.09366029
     0.08870051
     0.08400623
     0.07955669
     0.07533325
     0.07131909
     0.06749904
     0.06385934
     0.06038753
     0.05707224
     0.05390313
     0.05087073
     0.04796639
     0.04518215
     0.04251073
     0.03994541
     0.03747997
     0.03510871
     0.03282632
     0.03062791
     0.02850892
     0.02646512
     0.02449258
     0.02258764
     0.02074688
     0.01896712
     0.01724536
     0.01557883
     0.01396489
     0.01240111
     0.01088519
     0.00941495
     0.00798836
     0.00660351
     0.00525859
     0.00395188
     0.00268182
     0.00144686
     0.00024556
     0.00000000
     0.00000000
     0.00000000
     0.00000000
     0.00000000
     0.00000000
     0.00000000
     0.00000000
     0.00000000
     0.00000000
     0.00000000
     0.00000000
     0.00000000
     0.00000000
     0.00000000
     0.00000000
     0.00000000
     0.00000000
     0.00000000
     1.00000000
     1.00000000
     1.00000000
     1.00000000
     1.00000000
     1.00000000
     1.00000000
     1.00000000
     1.00000000
     1.00000000
     1.00000000
     1.00000000
     1.00000000
     0.91820576
     0.78153311
     0.67758174
     0.59585960
     0.52992431
     0.47560432
     0.43007882
     0.39137199
     0.35805864
     0.32908490
     0.30365465
     0.28115530
     0.26110778
     0.24313201
     0.22692262
     0.21223145
     0.19885474
     0.18662346
     0.17539683
     0.16505582
     0.15549961
     0.14664213
     0.13840944
     0.13073770
     0.12357145
     0.11686233
     0.11056795
     0.10465101
     0.09907855
     0.09382134
     0.08885335
     0.08415137
     0.07969458
     0.07546429
     0.07144367
     0.06761750
     0.06397201
     0.06049470
     0.05717418
     0.05400010
     0.05096297
     0.04805411
     0.04526557
     0.04259004
     0.04002077
     0.03755157
     0.03517670
     0.03289085
     0.03068911
     0.02856693
     0.02652006
     0.02454457
     0.02263679
     0.02079329
     0.01901089
     0.01728658
     0.01561759
     0.01400128
     0.01243521
     0.01091706
     0.00944467
     0.00801600
     0.00662914
     0.00528227
     0.00397367
     0.00270177
     0.00146504
     0.00026200
     0.00000000
     0.00000000
     0.00000000
     0.00000000
     0.00000000
     0.00000000
     0.00000000
     0.00000000
     0.00000000
     0.00000000
     0.00000000
     0.00000000
     0.00000000
     0.00000000
     0.00000000
     0.00000000
     0.00000000
     0.00000000
     0.00000000
     1.00000000
     1.00000000
     1.00000000
     1.00000000
     1.00000000
     1.00000000
     1.00000000
     1.00000000
     1.00000000
     1.00000000
     1.00000000
     1.00000000
     1.00000000
     0.92054020
     0.78339558
     0.67911498
     0.59715203
     0.53103403
     0.47657127
     0.43093151
     0.39213141
     0.35874064
     0.32970169
     0.30421586
     0.28166862
     0.26157943
     0.24356711
     0.22732542
     0.21260552
     0.19920309
     0.18694866
     0.17570110
     0.16534108
     0.15576752
     0.14689415
     0.13864687
     0.13096167
     0.12378297
     0.11706231
     0.11075720
     0.10483026
     0.09924846
     0.09398250
     0.08900631
     0.08429661
     0.07983256
     0.07559542
     0.07156833
     0.06773604
     0.06408475
     0.06060193
     0.05727619
     0.05409713
     0.05105526
     0.04814189
     0.04534904
     0.04266939
     0.04009619
     0.03762321
     0.03524473
     0.03295541
     0.03075035
     0.02862497
     0.02657503
     0.02459659
     0.02268596
     0.02083972
     0.01905468
     0.01732782
     0.01565637
     0.01403768
     0.01246931
     0.01094895
     0.00947441
     0.00804366
     0.00665478
     0.00530596
     0.00399547
     0.00272174
     0.00148322
     0.00027846
     0.00000000
     0.00000000
     0.00000000
     0.00000000
     0.00000000
     0.00000000
     0.00000000
     0.00000000
     0.00000000
     0.00000000
     0.00000000
     0.00000000
     0.00000000
     0.00000000
     0.00000000
     0.00000000
     0.00000000
     0.00000000
     0.00000000
     1.00000000
     1.00000000
     1.00000000
     1.00000000
     1.00000000
     1.00000000
     1.00000000
     1.00000000
     1.00000000
     1.00000000
     1.00000000
     1.00000000
     1.00000000
     0.92288058
     0.78526221
     0.68065128
     0.59844681
     0.53214559
     0.47753971
     0.43178543
     0.39289185
     0.35942350
     0.33031923
     0.30477772
     0.28218250
     0.26205158
     0.24400266
     0.22772862
     0.21297994
     0.19955176
     0.18727416
     0.17600564
     0.16562658
     0.15603565
     0.14714638
     0.13888448
     0.13118581
     0.12399465
     0.11726244
     0.11094659
     0.10500964
     0.09941848
     0.09414377
     0.08915936
     0.08444195
     0.07997063
     0.07572664
     0.07169307
     0.06785465
     0.06419756
     0.06070923
     0.05737826
     0.05419422
     0.05114761
     0.04822972
     0.04543256
     0.04274878
     0.04017164
     0.03769489
     0.03531279
     0.03302001
     0.03081162
     0.02868304
     0.02663003
     0.02464863
     0.02273516
     0.02088618
     0.01909849
     0.01736909
     0.01569517
     0.01407411
     0.01250344
     0.01098085
     0.00950416
     0.00807133
     0.00668044
     0.00532966
     0.00401728
     0.00274171
     0.00150141
     0.00029492
     0.00000000
     0.00000000
     0.00000000
     0.00000000
     0.00000000
     0.00000000
     0.00000000
     0.00000000
     0.00000000
     0.00000000
     0.00000000
     0.00000000
     0.00000000
     0.00000000
     0.00000000
     0.00000000
     0.00000000
     0.00000000
     0.00000000
     1.00000000
     1.00000000
     1.00000000
     1.00000000
     1.00000000
     1.00000000
     1.00000000
     1.00000000
     1.00000000
     1.00000000
     1.00000000
     1.00000000
     1.00000000
     0.92522689
     0.78713299
     0.68219063
     0.59974392
     0.53325900
     0.47850963
     0.43264057
     0.39365333
     0.36010724
     0.33093753
     0.30534023
     0.28269696
     0.26252423
     0.24443865
     0.22813222
     0.21335473
     0.19990075
     0.18759995
     0.17631045
     0.16591232
     0.15630400
     0.14739881
     0.13912228
     0.13141013
     0.12420650
     0.11746272
     0.11113612
     0.10518915
     0.09958863
     0.09430515
     0.08931253
     0.08458739
     0.08010879
     0.07585794
     0.07181789
     0.06797334
     0.06431043
     0.06081660
     0.05748039
     0.05429137
     0.05124002
     0.04831761
     0.04551613
     0.04282823
     0.04024714
     0.03776662
     0.03538090
     0.03308465
     0.03087293
     0.02874115
     0.02668506
     0.02470070
     0.02278438
     0.02093266
     0.01914232
     0.01741037
     0.01573399
     0.01411055
     0.01253758
     0.01101277
     0.00953393
     0.00809902
     0.00670611
     0.00535338
     0.00403910
     0.00276170
     0.00151961
     0.00031139
     0.00000000
     0.00000000
     0.00000000
     0.00000000
     0.00000000
     0.00000000
     0.00000000
     0.00000000
     0.00000000
     0.00000000
     0.00000000
     0.00000000
     0.00000000
     0.00000000
     0.00000000
     0.00000000
     0.00000000
     0.00000000
     0.00000000
     1.00000000
     1.00000000
     1.00000000
     1.00000000
     1.00000000
     1.00000000
     1.00000000
     1.00000000
     1.00000000
     1.00000000
     1.00000000
     1.00000000
     1.00000000
     0.92757918
     0.78900795
     0.68373305
     0.60104338
     0.53437426
     0.47948105
     0.43349695
     0.39441583
     0.36079185
     0.33155657
     0.30590340
     0.28321198
     0.26299739
     0.24487509
     0.22853622
     0.21372987
     0.20024989
     0.18792603
     0.17661552
     0.16619831
     0.15657258
     0.14765145
     0.13936028
     0.13163462
     0.12441851
     0.11766315
     0.11132579
     0.10536878
     0.09975890
     0.09446665
     0.08946579
     0.08473292
     0.08024705
     0.07598933
     0.07194279
     0.06809210
     0.06442338
     0.06092403
     0.05758258
     0.05438858
     0.05133248
     0.04840554
     0.04559974
     0.04290772
     0.04032268
     0.03783838
     0.03544904
     0.03314932
     0.03093426
     0.02879929
     0.02674012
     0.02475280
     0.02283363
     0.02097916
     0.01918618
     0.01745167
     0.01577283
     0.01414701
     0.01257174
     0.01104470
     0.00956371
     0.00812672
     0.00673179
     0.00537710
     0.00406093
     0.00278169
     0.00153782
     0.00032786
     0.00000000
     0.00000000
     0.00000000
     0.00000000
     0.00000000
     0.00000000
     0.00000000
     0.00000000
     0.00000000
     0.00000000
     0.00000000
     0.00000000
     0.00000000
     0.00000000
     0.00000000
     0.00000000
     0.00000000
     0.00000000
     0.00000000
     1.00000000
     1.00000000
     1.00000000
     1.00000000
     1.00000000
     1.00000000
     1.00000000
     1.00000000
     1.00000000
     1.00000000
     1.00000000
     1.00000000
     1.00000000
     0.92993745
     0.79088709
     0.68527856
     0.60234520
     0.53549136
     0.48045397
     0.43435455
     0.39517937
     0.36147733
     0.33217636
     0.30646721
     0.28372757
     0.26347105
     0.24531198
     0.22894062
     0.21410537
     0.20059954
     0.18825241
     0.17692086
     0.16648454
     0.15684139
     0.14790430
     0.13959846
     0.13185929
     0.12463068
     0.11786373
     0.11151559
     0.10554855
     0.09992929
     0.09462825
     0.08961917
     0.08487855
     0.08038539
     0.07612080
     0.07206777
     0.06821095
     0.06453641
     0.06103153
     0.05768483
     0.05448585
     0.05142500
     0.04849353
     0.04568341
     0.04298725
     0.04039826
     0.03791018
     0.03551722
     0.03321402
     0.03099564
     0.02885746
     0.02679521
     0.02480493
     0.02288291
     0.02102569
     0.01923006
     0.01749300
     0.01581169
     0.01418348
     0.01260591
     0.01107665
     0.00959350
     0.00815443
     0.00675748
     0.00540084
     0.00408277
     0.00280169
     0.00155603
     0.00034434
     0.00000000
     0.00000000
     0.00000000
     0.00000000
     0.00000000
     0.00000000
     0.00000000
     0.00000000
     0.00000000
     0.00000000
     0.00000000
     0.00000000
     0.00000000
     0.00000000
     0.00000000
     0.00000000
     0.00000000
     0.00000000
     0.00000000
     1.00000000
     1.00000000
     1.00000000
     1.00000000
     1.00000000
     1.00000000
     1.00000000
     1.00000000
     1.00000000
     1.00000000
     1.00000000
     1.00000000
     1.00000000
     0.93230174
     0.79277043
     0.68682715
     0.60364937
     0.53661033
     0.48142838
     0.43521339
     0.39594393
     0.36216369
     0.33279691
     0.30703168
     0.28424374
     0.26394522
     0.24574932
     0.22934542
     0.21448123
     0.20094950
     0.18857908
     0.17722646
     0.16677102
     0.15711041
     0.14815735
     0.13983683
     0.13208413
     0.12484301
     0.11806446
     0.11170554
     0.10572845
     0.10009979
     0.09478998
     0.08977265
     0.08502429
     0.08052383
     0.07625236
     0.07219284
     0.06832986
     0.06464950
     0.06113910
     0.05778715
     0.05458317
     0.05151757
     0.04858157
     0.04576712
     0.04306683
     0.04047389
     0.03798203
     0.03558544
     0.03327877
     0.03105704
     0.02891566
     0.02685033
     0.02485709
     0.02293221
     0.02107224
     0.01927396
     0.01753434
     0.01585056
     0.01421998
     0.01264010
     0.01110861
     0.00962331
     0.00818215
     0.00678318
     0.00542459
     0.00410462
     0.00282169
     0.00157425
     0.00036085
     0.00000000
     0.00000000
     0.00000000
     0.00000000
     0.00000000
     0.00000000
     0.00000000
     0.00000000
     0.00000000
     0.00000000
     0.00000000
     0.00000000
     0.00000000
     0.00000000
     0.00000000
     0.00000000
     0.00000000
     0.00000000
     0.00000000
     1.00000000
     1.00000000
     1.00000000
     1.00000000
     1.00000000
     1.00000000
     1.00000000
     1.00000000
     1.00000000
     1.00000000
     1.00000000
     1.00000000
     1.00000000
     0.93467206
     0.79465798
     0.68837883
     0.60495591
     0.53773116
     0.48240430
     0.43607347
     0.39670953
     0.36285093
     0.33341821
     0.30759680
     0.28476048
     0.26441989
     0.24618710
     0.22975062
     0.21485745
     0.20129979
     0.18890604
     0.17753234
     0.16705774
     0.15737966
     0.14841060
     0.14007539
     0.13230915
     0.12505550
     0.11826534
     0.11189563
     0.10590847
     0.10027043
     0.09495181
     0.08992623
     0.08517012
     0.08066236
     0.07638401
     0.07231798
     0.06844885
     0.06476266
     0.06124673
     0.05788954
     0.05468056
     0.05161020
     0.04866966
     0.04585088
     0.04314646
     0.04054956
     0.03805391
     0.03565370
     0.03334354
     0.03111848
     0.02897389
     0.02690548
     0.02490927
     0.02298154
     0.02111882
     0.01931789
     0.01757571
     0.01588946
     0.01425649
     0.01267431
     0.01114059
     0.00965314
     0.00820989
     0.00680890
     0.00544834
     0.00412648
     0.00284171
     0.00159249
     0.00037734
     0.00000000
     0.00000000
     0.00000000
     0.00000000
     0.00000000
     0.00000000
     0.00000000
     0.00000000
     0.00000000
     0.00000000
     0.00000000
     0.00000000
     0.00000000
     0.00000000
     0.00000000
     0.00000000
     0.00000000
     0.00000000
     0.00000000
     1.00000000
     1.00000000
     1.00000000
     1.00000000
     1.00000000
     1.00000000
     1.00000000
     1.00000000
     1.00000000
     1.00000000
     1.00000000
     1.00000000
     1.00000000
     0.93704843
     0.79654976
     0.68993362
     0.60626481
     0.53885386
     0.48338173
     0.43693479
     0.39747617
     0.36353905
     0.33404027
     0.30816258
     0.28527779
     0.26489507
     0.24662533
     0.23015622
     0.21523403
     0.20165041
     0.18923330
     0.17783848
     0.16734470
     0.15764914
     0.14866407
     0.14031415
     0.13253434
     0.12526816
     0.11846637
     0.11208585
     0.10608863
     0.10044118
     0.09511376
     0.09007992
     0.08531605
     0.08080099
     0.07651574
     0.07244321
     0.06856792
     0.06487590
     0.06135443
     0.05799198
     0.05477800
     0.05170288
     0.04875780
     0.04593469
     0.04322613
     0.04062528
     0.03812584
     0.03572199
     0.03340836
     0.03117995
     0.02903215
     0.02696066
     0.02496148
     0.02303089
     0.02116542
     0.01936183
     0.01761710
     0.01592838
     0.01429302
     0.01270854
     0.01117259
     0.00968298
     0.00823764
     0.00683463
     0.00547211
     0.00414835
     0.00286174
     0.00161072
     0.00039385
     0.00000000
     0.00000000
     0.00000000
     0.00000000
     0.00000000
     0.00000000
     0.00000000
     0.00000000
     0.00000000
     0.00000000
     0.00000000
     0.00000000
     0.00000000
     0.00000000
     0.00000000
     0.00000000
     0.00000000
     0.00000000
     0.00000000
     1.00000000
     1.00000000
     1.00000000
     1.00000000
     1.00000000
     1.00000000
     1.00000000
     1.00000000
     1.00000000
     1.00000000
     1.00000000
     1.00000000
     1.00000000
     0.93943087
     0.79844578
     0.69149152
     0.60757610
     0.53997842
     0.48436066
     0.43779735
     0.39824385
     0.36422806
     0.33466308
     0.30872901
     0.28579568
     0.26537075
     0.24706402
     0.23056223
     0.21561098
     0.20200135
     0.18956086
     0.17814490
     0.16763191
     0.15791884
     0.14891774
     0.14055309
     0.13275971
     0.12548097
     0.11866756
     0.11227622
     0.10626892
     0.10061205
     0.09527582
     0.09023372
     0.08546207
     0.08093970
     0.07664756
     0.07256851
     0.06868707
     0.06498920
     0.06146220
     0.05809449
     0.05487551
     0.05179562
     0.04884600
     0.04601855
     0.04330585
     0.04070103
     0.03819780
     0.03579032
     0.03347321
     0.03124146
     0.02909045
     0.02701587
     0.02501372
     0.02308027
     0.02121205
     0.01940580
     0.01765851
     0.01596732
     0.01432957
     0.01274278
     0.01120460
     0.00971283
     0.00826540
     0.00686037
     0.00549589
     0.00417022
     0.00288177
     0.00162897
     0.00041036
     0.00000000
     0.00000000
     0.00000000
     0.00000000
     0.00000000
     0.00000000
     0.00000000
     0.00000000
     0.00000000
     0.00000000
     0.00000000
     0.00000000
     0.00000000
     0.00000000
     0.00000000
     0.00000000
     0.00000000
     0.00000000
     0.00000000
     1.00000000
     1.00000000
     1.00000000
     1.00000000
     1.00000000
     1.00000000
     1.00000000
     1.00000000
     1.00000000
     1.00000000
     1.00000000
     1.00000000
     1.00000000
     0.94181941
     0.80034604
     0.69305254
     0.60888976
     0.54110486
     0.48534110
     0.43866115
     0.39901257
     0.36491794
     0.33528665
     0.30929611
     0.28631414
     0.26584694
     0.24750315
     0.23096863
     0.21598828
     0.20235262
     0.18988871
     0.17845158
     0.16791937
     0.15818877
     0.14917161
     0.14079222
     0.13298525
     0.12569396
     0.11886889
     0.11246673
     0.10644934
     0.10078304
     0.09543799
     0.09038762
     0.08560820
     0.08107851
     0.07677947
     0.07269390
     0.06880629
     0.06510258
     0.06157004
     0.05819706
     0.05497307
     0.05188841
     0.04893425
     0.04610246
     0.04338561
     0.04077684
     0.03826981
     0.03585870
     0.03353809
     0.03130300
     0.02914877
     0.02707110
     0.02506598
     0.02312967
     0.02125870
     0.01944980
     0.01769994
     0.01600627
     0.01436614
     0.01277704
     0.01123662
     0.00974270
     0.00829318
     0.00688612
     0.00551968
     0.00419211
     0.00290182
     0.00164722
     0.00042687
     0.00000000
     0.00000000
     0.00000000
     0.00000000
     0.00000000
     0.00000000
     0.00000000
     0.00000000
     0.00000000
     0.00000000
     0.00000000
     0.00000000
     0.00000000
     0.00000000
     0.00000000
     0.00000000
     0.00000000
     0.00000000
     0.00000000
     1.00000000
     1.00000000
     1.00000000
     1.00000000
     1.00000000
     1.00000000
     1.00000000
     1.00000000
     1.00000000
     1.00000000
     1.00000000
     1.00000000
     1.00000000
     0.94421408
     0.80225058
     0.69461669
     0.61020581
     0.54223318
     0.48632306
     0.43952619
     0.39978233
     0.36560871
     0.33591098
     0.30986386
     0.28683318
     0.26632364
     0.24794274
     0.23137544
     0.21636595
     0.20270422
     0.19021686
     0.17875853
     0.16820707
     0.15845892
     0.14942570
     0.14103155
     0.13321096
     0.12590710
     0.11907038
     0.11265737
     0.10662988
     0.10095416
     0.09560028
     0.09054162
     0.08575443
     0.08121741
     0.07691146
     0.07281937
     0.06892558
     0.06521603
     0.06167794
     0.05829969
     0.05507069
     0.05198126
     0.04902255
     0.04618642
     0.04346542
     0.04085268
     0.03834186
     0.03592711
     0.03360302
     0.03136457
     0.02920713
     0.02712637
     0.02511828
     0.02317911
     0.02130537
     0.01949381
     0.01774139
     0.01604525
     0.01440272
     0.01281131
     0.01126867
     0.00977258
     0.00832097
     0.00691188
     0.00554348
     0.00421403
     0.00292187
     0.00166548
     0.00044340
     0.00000000
     0.00000000
     0.00000000
     0.00000000
     0.00000000
     0.00000000
     0.00000000
     0.00000000
     0.00000000
     0.00000000
     0.00000000
     0.00000000
     0.00000000
     0.00000000
     0.00000000
     0.00000000
     0.00000000
     0.00000000
     0.00000000
     1.00000000
     1.00000000
     1.00000000
     1.00000000
     1.00000000
     1.00000000
     1.00000000
     1.00000000
     1.00000000
     1.00000000
     1.00000000
     1.00000000
     1.00000000
     0.94661488
     0.80415938
     0.69618397
     0.61152426
     0.54336338
     0.48730653
     0.44039249
     0.40055313
     0.36630036
     0.33653607
     0.31043226
     0.28735279
     0.26680084
     0.24838278
     0.23178265
     0.21674398
     0.20305614
     0.19054530
     0.17906575
     0.16849502
     0.15872930
     0.14967999
     0.14127106
     0.13343686
     0.12612041
     0.11927201
     0.11284816
     0.10681056
     0.10112540
     0.09576268
     0.09069574
     0.08590075
     0.08135641
     0.07704355
     0.07294492
     0.06904496
     0.06532955
     0.06178591
     0.05840239
     0.05516837
     0.05207417
     0.04911090
     0.04627043
     0.04354528
     0.04092857
     0.03841395
     0.03599555
     0.03366797
     0.03142618
     0.02926552
     0.02718167
     0.02517060
     0.02322856
     0.02135207
     0.01953785
     0.01778286
     0.01608424
     0.01443933
     0.01284561
     0.01130072
     0.00980247
     0.00834877
     0.00693766
     0.00556729
     0.00423593
     0.00294193
     0.00168375
     0.00045993
     0.00000000
     0.00000000
     0.00000000
     0.00000000
     0.00000000
     0.00000000
     0.00000000
     0.00000000
     0.00000000
     0.00000000
     0.00000000
     0.00000000
     0.00000000
     0.00000000
     0.00000000
     0.00000000
     0.00000000
     0.00000000
     0.00000000
     1.00000000
     1.00000000
     1.00000000
     1.00000000
     1.00000000
     1.00000000
     1.00000000
     1.00000000
     1.00000000
     1.00000000
     1.00000000
     1.00000000
     1.00000000
     0.94902184
     0.80607248
     0.69775441
     0.61284510
     0.54449547
     0.48829153
     0.44126004
     0.40132498
     0.36699290
     0.33716192
     0.31100133
     0.28787298
     0.26727856
     0.24882327
     0.23219027
     0.21712237
     0.20340839
     0.19087404
     0.17937324
     0.16878322
     0.15899990
     0.14993449
     0.14151077
     0.13366293
     0.12633388
     0.11947380
     0.11303909
     0.10699137
     0.10129676
     0.09592519
     0.09084996
     0.08604718
     0.08149549
     0.07717571
     0.07307055
     0.06916441
     0.06544315
     0.06189395
     0.05850515
     0.05526611
     0.05216713
     0.04919931
     0.04635449
     0.04362519
     0.04100450
     0.03848608
     0.03606404
     0.03373297
     0.03148782
     0.02932394
     0.02723700
     0.02522295
     0.02327805
     0.02139879
     0.01958191
     0.01782435
     0.01612326
     0.01447595
     0.01287991
     0.01133280
     0.00983238
     0.00837658
     0.00696344
     0.00559111
     0.00425785
     0.00296200
     0.00170203
     0.00047646
     0.00000000
     0.00000000
     0.00000000
     0.00000000
     0.00000000
     0.00000000
     0.00000000
     0.00000000
     0.00000000
     0.00000000
     0.00000000
     0.00000000
     0.00000000
     0.00000000
     0.00000000
     0.00000000
     0.00000000
     0.00000000
     0.00000000
     1.00000000
     1.00000000
     1.00000000
     1.00000000
     1.00000000
     1.00000000
     1.00000000
     1.00000000
     1.00000000
     1.00000000
     1.00000000
     1.00000000
     1.00000000
     0.95143500
     0.80798989
     0.69932799
     0.61416835
     0.54562945
     0.48927805
     0.44212884
     0.40209788
     0.36768633
     0.33778854
     0.31157106
     0.28839375
     0.26775679
     0.24926421
     0.23259829
     0.21750112
     0.20376097
     0.19120308
     0.17968100
     0.16907166
     0.15927073
     0.15018919
     0.14175066
     0.13388918
     0.12654751
     0.11967574
     0.11323016
     0.10717231
     0.10146824
     0.09608782
     0.09100428
     0.08619370
     0.08163467
     0.07730797
     0.07319627
     0.06928393
     0.06555681
     0.06200205
     0.05860797
     0.05536391
     0.05226015
     0.04928777
     0.04643860
     0.04370514
     0.04108048
     0.03855825
     0.03613257
     0.03379800
     0.03154950
     0.02938240
     0.02729235
     0.02527533
     0.02332756
     0.02144554
     0.01962599
     0.01786587
     0.01616229
     0.01451259
     0.01291424
     0.01136488
     0.00986230
     0.00840441
     0.00698924
     0.00561495
     0.00427978
     0.00298208
     0.00172032
     0.00049301
     0.00000000
     0.00000000
     0.00000000
     0.00000000
     0.00000000
     0.00000000
     0.00000000
     0.00000000
     0.00000000
     0.00000000
     0.00000000
     0.00000000
     0.00000000
     0.00000000
     0.00000000
     0.00000000
     0.00000000
     0.00000000
     0.00000000
     1.00000000
     1.00000000
     1.00000000
     1.00000000
     1.00000000
     1.00000000
     1.00000000
     1.00000000
     1.00000000
     1.00000000
     1.00000000
     1.00000000
     1.00000000
     0.95385435
     0.80991161
     0.70090475
     0.61549402
     0.54676532
     0.49026610
     0.44299889
     0.40287183
     0.36838065
     0.33841591
     0.31214145
     0.28891510
     0.26823552
     0.24970560
     0.23300672
     0.21788024
     0.20411387
     0.19153241
     0.17998904
     0.16936035
     0.15954179
     0.15044411
     0.14199075
     0.13411560
     0.12676131
     0.11987783
     0.11342136
     0.10735338
     0.10163984
     0.09625056
     0.09115871
     0.08634032
     0.08177394
     0.07744031
     0.07332206
     0.06940354
     0.06567055
     0.06211023
     0.05871086
     0.05546177
     0.05235322
     0.04937628
     0.04652275
     0.04378513
     0.04115650
     0.03863046
     0.03620113
     0.03386306
     0.03161121
     0.02944088
     0.02734774
     0.02532773
     0.02337709
     0.02149231
     0.01967010
     0.01790740
     0.01620135
     0.01454925
     0.01294858
     0.01139699
     0.00989224
     0.00843225
     0.00701505
     0.00563879
     0.00430171
     0.00300216
     0.00173861
     0.00050956
     0.00000000
     0.00000000
     0.00000000
     0.00000000
     0.00000000
     0.00000000
     0.00000000
     0.00000000
     0.00000000
     0.00000000
     0.00000000
     0.00000000
     0.00000000
     0.00000000
     0.00000000
     0.00000000
     0.00000000
     0.00000000
     0.00000000
     1.00000000
     1.00000000
     1.00000000
     1.00000000
     1.00000000
     1.00000000
     1.00000000
     1.00000000
     1.00000000
     1.00000000
     1.00000000
     1.00000000
     1.00000000
     0.95627994
     0.81183766
     0.70248467
     0.61682210
     0.54790309
     0.49125568
     0.44387020
     0.40364682
     0.36907586
     0.33904406
     0.31271251
     0.28943703
     0.26871477
     0.25014745
     0.23341555
     0.21825972
     0.20446711
     0.19186205
     0.18029734
     0.16964929
     0.15981307
     0.15069923
     0.14223103
     0.13434221
     0.12697527
     0.12008007
     0.11361271
     0.10753458
     0.10181156
     0.09641342
     0.09131325
     0.08648705
     0.08191331
     0.07757274
     0.07344794
     0.06952322
     0.06578436
     0.06221847
     0.05881381
     0.05555969
     0.05244635
     0.04946484
     0.04660696
     0.04386518
     0.04123256
     0.03870271
     0.03626973
     0.03392817
     0.03167295
     0.02949940
     0.02740316
     0.02538016
     0.02342665
     0.02153910
     0.01971423
     0.01794896
     0.01624042
     0.01458592
     0.01298294
     0.01142911
     0.00992219
     0.00846011
     0.00704088
     0.00566264
     0.00432366
     0.00302226
     0.00175691
     0.00052611
     0.00000000
     0.00000000
     0.00000000
     0.00000000
     0.00000000
     0.00000000
     0.00000000
     0.00000000
     0.00000000
     0.00000000
     0.00000000
     0.00000000
     0.00000000
     0.00000000
     0.00000000
     0.00000000
     0.00000000
     0.00000000
     0.00000000
     1.00000000
     1.00000000
     1.00000000
     1.00000000
     1.00000000
     1.00000000
     1.00000000
     1.00000000
     1.00000000
     1.00000000
     1.00000000
     1.00000000
     1.00000000
     0.95871178
     0.81376806
     0.70406777
     0.61815260
     0.54904277
     0.49224679
     0.44474278
     0.40442288
     0.36977196
     0.33967296
     0.31328423
     0.28995954
     0.26919453
     0.25058976
     0.23382478
     0.21863957
     0.20482067
     0.19219198
     0.18060591
     0.16993847
     0.16008457
     0.15095456
     0.14247150
     0.13456898
     0.12718939
     0.12028246
     0.11380420
     0.10771592
     0.10198341
     0.09657639
     0.09146789
     0.08663387
     0.08205277
     0.07770525
     0.07357390
     0.06964297
     0.06589824
     0.06232677
     0.05891682
     0.05565767
     0.05253954
     0.04955346
     0.04669121
     0.04394527
     0.04130866
     0.03877500
     0.03633837
     0.03399330
     0.03173473
     0.02955795
     0.02745860
     0.02543263
     0.02347624
     0.02158592
     0.01975838
     0.01799054
     0.01627951
     0.01462262
     0.01301732
     0.01146124
     0.00995216
     0.00848797
     0.00706671
     0.00568651
     0.00434562
     0.00304236
     0.00177522
     0.00054268
     0.00000000
     0.00000000
     0.00000000
     0.00000000
     0.00000000
     0.00000000
     0.00000000
     0.00000000
     0.00000000
     0.00000000
     0.00000000
     0.00000000
     0.00000000
     0.00000000
     0.00000000
     0.00000000
     0.00000000
     0.00000000
     0.00000000
     1.00000000
     1.00000000
     1.00000000
     1.00000000
     1.00000000
     1.00000000
     1.00000000
     1.00000000
     1.00000000
     1.00000000
     1.00000000
     1.00000000
     1.00000000
     0.96114990
     0.81570281
     0.70565407
     0.61948553
     0.55018436
     0.49323943
     0.44561661
     0.40519998
     0.37046896
     0.34030264
     0.31385661
     0.29048263
     0.26967480
     0.25103251
     0.23423443
     0.21901978
     0.20517456
     0.19252221
     0.18091476
     0.17022790
     0.16035631
     0.15121010
     0.14271216
     0.13479594
     0.12740368
     0.12048500
     0.11399584
     0.10789738
     0.10215538
     0.09673947
     0.09162264
     0.08678079
     0.08219232
     0.07783785
     0.07369994
     0.06976281
     0.06601219
     0.06243515
     0.05901990
     0.05575571
     0.05263278
     0.04964212
     0.04677552
     0.04402540
     0.04138481
     0.03884734
     0.03640705
     0.03405848
     0.03179654
     0.02961653
     0.02751408
     0.02548511
     0.02352585
     0.02163277
     0.01980255
     0.01803214
     0.01631863
     0.01465933
     0.01305171
     0.01149339
     0.00998214
     0.00851585
     0.00709256
     0.00571038
     0.00436758
     0.00306248
     0.00179353
     0.00055925
     0.00000000
     0.00000000
     0.00000000
     0.00000000
     0.00000000
     0.00000000
     0.00000000
     0.00000000
     0.00000000
     0.00000000
     0.00000000
     0.00000000
     0.00000000
     0.00000000
     0.00000000
     0.00000000
     0.00000000
     0.00000000
     0.00000000
     1.00000000
     1.00000000
     1.00000000
     1.00000000
     1.00000000
     1.00000000
     1.00000000
     1.00000000
     1.00000000
     1.00000000
     1.00000000
     1.00000000
     1.00000000
     0.96359432
     0.81764194
     0.70724356
     0.62082089
     0.55132786
     0.49423362
     0.44649171
     0.40597815
     0.37116685
     0.34093308
     0.31442966
     0.29100631
     0.27015559
     0.25147573
     0.23464448
     0.21940015
     0.20552879
     0.19285273
     0.18122387
     0.17051758
     0.16062827
     0.15146584
     0.14295302
     0.13502307
     0.12761813
     0.12068770
     0.11418761
     0.10807897
     0.10232747
     0.09690267
     0.09177750
     0.08692781
     0.08233196
     0.07797054
     0.07382606
     0.06988271
     0.06612622
     0.06254359
     0.05912304
     0.05585381
     0.05272608
     0.04973085
     0.04685987
     0.04410559
     0.04146101
     0.03891972
     0.03647577
     0.03412369
     0.03185839
     0.02967514
     0.02756958
     0.02553763
     0.02357549
     0.02167963
     0.01984675
     0.01807376
     0.01635776
     0.01469606
     0.01308612
     0.01152556
     0.01001213
     0.00854375
     0.00711842
     0.00573427
     0.00438956
     0.00308260
     0.00181186
     0.00057583
     0.00000000
     0.00000000
     0.00000000
     0.00000000
     0.00000000
     0.00000000
     0.00000000
     0.00000000
     0.00000000
     0.00000000
     0.00000000
     0.00000000
     0.00000000
     0.00000000
     0.00000000
     0.00000000
     0.00000000
     0.00000000
     0.00000000
     1.00000000
     1.00000000
     1.00000000
     1.00000000
     1.00000000
     1.00000000
     1.00000000
     1.00000000
     1.00000000
     1.00000000
     1.00000000
     1.00000000
     1.00000000
     0.96604823
     0.81958545
     0.70883626
     0.62215870
     0.55247327
     0.49522935
     0.44736808
     0.40675737
     0.37186564
     0.34156430
     0.31500338
     0.29153057
     0.27063689
     0.25191940
     0.23505493
     0.21978109
     0.20588334
     0.19318356
     0.18153326
     0.17080751
     0.16090046
     0.15172180
     0.14319407
     0.13525039
     0.12783275
     0.12089055
     0.11437952
     0.10826070
     0.10249969
     0.09706598
     0.09193247
     0.08707493
     0.08247170
     0.07810332
     0.07395226
     0.07000270
     0.06624031
     0.06265210
     0.05922625
     0.05595197
     0.05281943
     0.04981962
     0.04694428
     0.04418581
     0.04153725
     0.03899213
     0.03654453
     0.03418894
     0.03192027
     0.02973379
     0.02762512
     0.02559018
     0.02362516
     0.02172653
     0.01989097
     0.01811540
     0.01639691
     0.01473281
     0.01312055
     0.01155774
     0.01004214
     0.00857165
     0.00714429
     0.00575817
     0.00441154
     0.00310273
     0.00183019
     0.00059241
     0.00000000
     0.00000000
     0.00000000
     0.00000000
     0.00000000
     0.00000000
     0.00000000
     0.00000000
     0.00000000
     0.00000000
     0.00000000
     0.00000000
     0.00000000
     0.00000000
     0.00000000
     0.00000000
     0.00000000
     0.00000000
     0.00000000
     1.00000000
     1.00000000
     1.00000000
     1.00000000
     1.00000000
     1.00000000
     1.00000000
     1.00000000
     1.00000000
     1.00000000
     1.00000000
     1.00000000
     1.00000000
     0.96850510
     0.82153337
     0.71043218
     0.62349896
     0.55362061
     0.49622663
     0.44824572
     0.40753765
     0.37256533
     0.34219628
     0.31557776
     0.29205541
     0.27111870
     0.25236353
     0.23546580
     0.22016240
     0.20623822
     0.19351469
     0.18184292
     0.17109769
     0.16117288
     0.15197797
     0.14343531
     0.13547788
     0.12804753
     0.12109355
     0.11457158
     0.10844256
     0.10267202
     0.09722941
     0.09208754
     0.08722215
     0.08261153
     0.07823619
     0.07407855
     0.07012276
     0.06635448
     0.06276068
     0.05932951
     0.05605019
     0.05291284
     0.04990845
     0.04702873
     0.04426609
     0.04161353
     0.03906459
     0.03661332
     0.03425422
     0.03198218
     0.02979246
     0.02768068
     0.02564275
     0.02367485
     0.02177344
     0.01993521
     0.01815706
     0.01643609
     0.01476958
     0.01315499
     0.01158994
     0.01007217
     0.00859957
     0.00717017
     0.00578208
     0.00443354
     0.00312287
     0.00184853
     0.00060900
     0.00000000
     0.00000000
     0.00000000
     0.00000000
     0.00000000
     0.00000000
     0.00000000
     0.00000000
     0.00000000
     0.00000000
     0.00000000
     0.00000000
     0.00000000
     0.00000000
     0.00000000
     0.00000000
     0.00000000
     0.00000000
     0.00000000
     1.00000000
     1.00000000
     1.00000000
     1.00000000
     1.00000000
     1.00000000
     1.00000000
     1.00000000
     1.00000000
     1.00000000
     1.00000000
     1.00000000
     1.00000000
     0.97096834
     0.82348569
     0.71203132
     0.62484166
     0.55476987
     0.49722545
     0.44912462
     0.40831900
     0.37326592
     0.34282904
     0.31615282
     0.29258083
     0.27160103
     0.25280811
     0.23587707
     0.22054407
     0.20659343
     0.19384611
     0.18215286
     0.17138812
     0.16144552
     0.15223434
     0.14367674
     0.13570554
     0.12826247
     0.12129671
     0.11476378
     0.10862455
     0.10284448
     0.09739295
     0.09224271
     0.08736947
     0.08275146
     0.07836914
     0.07420492
     0.07024290
     0.06646872
     0.06286933
     0.05943284
     0.05614846
     0.05300631
     0.04999733
     0.04711323
     0.04434641
     0.04168985
     0.03913709
     0.03668216
     0.03431954
     0.03204413
     0.02985117
     0.02773628
     0.02569535
     0.02372457
     0.02182039
     0.01997948
     0.01819874
     0.01647528
     0.01480636
     0.01318945
     0.01162215
     0.01010221
     0.00862751
     0.00719606
     0.00580600
     0.00445554
     0.00314302
     0.00186687
     0.00062560
     0.00000000
     0.00000000
     0.00000000
     0.00000000
     0.00000000
     0.00000000
     0.00000000
     0.00000000
     0.00000000
     0.00000000
     0.00000000
     0.00000000
     0.00000000
     0.00000000
     0.00000000
     0.00000000
     0.00000000
     0.00000000
     0.00000000
     1.00000000
     1.00000000
     1.00000000
     1.00000000
     1.00000000
     1.00000000
     1.00000000
     1.00000000
     1.00000000
     1.00000000
     1.00000000
     1.00000000
     1.00000000
     0.97343796
     0.82544244
     0.71363370
     0.62618683
     0.55592106
     0.49822583
     0.45000481
     0.40910141
     0.37396741
     0.34346256
     0.31672854
     0.29310685
     0.27208388
     0.25325315
     0.23628876
     0.22092611
     0.20694898
     0.19417784
     0.18246306
     0.17167879
     0.16171839
     0.15249092
     0.14391837
     0.13593339
     0.12847758
     0.12150001
     0.11495611
     0.10880667
     0.10301706
     0.09755660
     0.09239800
     0.08751689
     0.08289148
     0.07850218
     0.07433137
     0.07036312
     0.06658304
     0.06297804
     0.05953624
     0.05624680
     0.05309983
     0.05008626
     0.04719779
     0.04442678
     0.04176622
     0.03920963
     0.03675103
     0.03438490
     0.03210611
     0.02990991
     0.02779190
     0.02574798
     0.02377431
     0.02186735
     0.02002377
     0.01824045
     0.01651449
     0.01484317
     0.01322393
     0.01165438
     0.01013226
     0.00865545
     0.00722197
     0.00582993
     0.00447756
     0.00316317
     0.00188523
     0.00064221
     0.00000000
     0.00000000
     0.00000000
     0.00000000
     0.00000000
     0.00000000
     0.00000000
     0.00000000
     0.00000000
     0.00000000
     0.00000000
     0.00000000
     0.00000000
     0.00000000
     0.00000000
     0.00000000
     0.00000000
     0.00000000
     0.00000000
     1.00000000
     1.00000000
     1.00000000
     1.00000000
     1.00000000
     1.00000000
     1.00000000
     1.00000000
     1.00000000
     1.00000000
     1.00000000
     1.00000000
     1.00000000
     0.97591399
     0.82740364
     0.71523932
     0.62753446
     0.55707418
     0.49922776
     0.45088627
     0.40988488
     0.37466980
     0.34409687
     0.31730494
     0.29363344
     0.27256724
     0.25369865
     0.23670085
     0.22130852
     0.20730485
     0.19450986
     0.18277354
     0.17196972
     0.16199149
     0.15274772
     0.14416019
     0.13616141
     0.12869285
     0.12170347
     0.11514859
     0.10898892
     0.10318977
     0.09772037
     0.09255339
     0.08766441
     0.08303159
     0.07863531
     0.07445790
     0.07048341
     0.06669742
     0.06308682
     0.05963970
     0.05634520
     0.05319341
     0.05017524
     0.04728239
     0.04450720
     0.04184263
     0.03928221
     0.03681994
     0.03445029
     0.03216812
     0.02996869
     0.02784756
     0.02580063
     0.02382409
     0.02191434
     0.02006808
     0.01828217
     0.01655372
     0.01487999
     0.01325842
     0.01168662
     0.01016232
     0.00868341
     0.00724789
     0.00585387
     0.00449958
     0.00318334
     0.00190359
     0.00065882
     0.00000000
     0.00000000
     0.00000000
     0.00000000
     0.00000000
     0.00000000
     0.00000000
     0.00000000
     0.00000000
     0.00000000
     0.00000000
     0.00000000
     0.00000000
     0.00000000
     0.00000000
     0.00000000
     0.00000000
     0.00000000
     0.00000000
