     0.00000000
     0.00000000
     0.00000000
     0.00000000
     0.00000000
     0.00000000
     0.00000000
     0.00000000
     0.00000000
     0.00000000
     0.00000000
     0.00000000
     0.00000000
     0.00000000
     0.00000000
     0.00000000
     0.00000000
     0.00000000
     0.00000000
     0.00000000
     0.94586101
     0.94531979
     0.94477347
     0.94407264
     0.94329310
     0.94250336
     0.94177468
     0.94147249
     0.94137696
     0.94128127
     0.94125034
     0.94147995
     0.94170871
     0.94205775
     0.94273465
     0.94340410
     0.94406620
     0.94468493
     0.94526051
     0.94584238
     0.94641842
     0.94698867
     0.94754200
     0.94875569
     0.95002651
     0.95125897
     0.95236964
     0.95345624
     0.95419251
     0.95501212
     0.95585935
     0.95662507
     0.95728749
     0.95789592
     0.95849605
     0.95848638
     0.95844901
     0.95856102
     0.95858251
     0.95851370
     0.95844478
     0.95837576
     0.95830662
     0.95823738
     0.95731888
     0.95681896
     0.95631346
     0.95580231
     0.95528547
     0.95476286
     0.95423444
     0.95370014
     0.95397926
     0.95448240
     0.95498029
     0.95547300
     0.95596056
     0.95633136
     0.95664048
     0.95694752
     0.95718394
     0.95751891
     0.95788800
     0.95825402
     0.95861700
     0.95897696
     0.95931395
     0.95960027
     0.95988467
     0.96016715
     0.96044772
     0.96072639
     0.96100318
     0.96128494
     0.96157402
     0.96191254
     0.96969697
     0.97979798
     0.98989899
     1.00000000
     0.00000000
     0.00000000
     0.00000000
     0.00000000
     0.00000000
     0.00000000
     0.00000000
     0.00000000
     0.00000000
     0.00000000
     0.00000000
     0.00000000
     0.00000000
     0.00000000
     0.00000000
     0.00000000
     0.00000000
     0.00000000
     0.00000000
     0.00000000
     0.94633402
     0.94575487
     0.94499741
     0.94423000
     0.94345252
     0.94266486
     0.94186691
     0.94160720
     0.94140880
     0.94131317
     0.94152675
     0.94175535
     0.94198311
     0.94252122
     0.94319302
     0.94385744
     0.94451455
     0.94515362
     0.94570441
     0.94628183
     0.94683972
     0.94738166
     0.94791837
     0.94901618
     0.95028088
     0.95148951
     0.95259519
     0.95363451
     0.95435505
     0.95516778
     0.95597552
     0.95667532
     0.95736448
     0.95804316
     0.95871151
     0.95888172
     0.95881376
     0.95884213
     0.95877374
     0.95870524
     0.95863663
     0.95856791
     0.95849908
     0.95839517
     0.95754217
     0.95704475
     0.95654177
     0.95603317
     0.95551890
     0.95499889
     0.95447309
     0.95401341
     0.95401725
     0.95451999
     0.95501749
     0.95550981
     0.95589422
     0.95620630
     0.95651627
     0.95682414
     0.95709722
     0.95734365
     0.95771419
     0.95808166
     0.95844607
     0.95880745
     0.95916582
     0.95952121
     0.95985414
     0.96013682
     0.96041760
     0.96069647
     0.96097347
     0.96124859
     0.96152185
     0.96180839
     0.96969697
     0.97979798
     0.98989899
     1.00000000
     0.00000000
     0.00000000
     0.00000000
     0.00000000
     0.00000000
     0.00000000
     0.00000000
     0.00000000
     0.00000000
     0.00000000
     0.00000000
     0.00000000
     0.00000000
     0.00000000
     0.00000000
     0.00000000
     0.00000000
     0.00000000
     0.00000000
     0.00000000
     0.94665339
     0.94590776
     0.94515231
     0.94438693
     0.94361151
     0.94282594
     0.94216587
     0.94193941
     0.94171213
     0.94171197
     0.94180763
     0.94202953
     0.94230704
     0.94298120
     0.94364795
     0.94430736
     0.94495951
     0.94560446
     0.94612856
     0.94667734
     0.94722084
     0.94775911
     0.94829219
     0.94927542
     0.95053403
     0.95171902
     0.95281973
     0.95379893
     0.95451704
     0.95531670
     0.95602648
     0.95672550
     0.95741390
     0.95809183
     0.95875944
     0.95905125
     0.95905323
     0.95903222
     0.95896413
     0.95889593
     0.95882762
     0.95875920
     0.95869068
     0.95825378
     0.95776434
     0.95726941
     0.95676894
     0.95626288
     0.95575116
     0.95523375
     0.95471056
     0.95432968
     0.95425323
     0.95455755
     0.95505466
     0.95545290
     0.95576796
     0.95608089
     0.95639171
     0.95670043
     0.95700706
     0.95724192
     0.95753970
     0.95790861
     0.95827446
     0.95863727
     0.95899706
     0.95935385
     0.95970767
     0.96005853
     0.96038745
     0.96066653
     0.96094373
     0.96121905
     0.96149251
     0.96176412
     0.96969697
     0.97979798
     0.98989899
     1.00000000
     0.00000000
     0.00000000
     0.00000000
     0.00000000
     0.00000000
     0.00000000
     0.00000000
     0.00000000
     0.00000000
     0.00000000
     0.00000000
     0.00000000
     0.00000000
     0.00000000
     0.00000000
     0.00000000
     0.00000000
     0.00000000
     0.00000000
     0.00000000
     0.94680389
     0.94606024
     0.94530680
     0.94454345
     0.94377009
     0.94298659
     0.94249510
     0.94226985
     0.94219024
     0.94228516
     0.94237993
     0.94247455
     0.94280925
     0.94343772
     0.94409945
     0.94475389
     0.94534414
     0.94591101
     0.94647461
     0.94705183
     0.94759939
     0.94813401
     0.94866347
     0.94953341
     0.95078595
     0.95194750
     0.95304325
     0.95396280
     0.95467848
     0.95536839
     0.95607739
     0.95677563
     0.95746327
     0.95814045
     0.95880731
     0.95921390
     0.95921587
     0.95921784
     0.95915367
     0.95908577
     0.95901777
     0.95894965
     0.95888143
     0.95847239
     0.95798540
     0.95749294
     0.95699497
     0.95649144
     0.95598228
     0.95546743
     0.95494685
     0.95464387
     0.95457413
     0.95459508
     0.95500738
     0.95532544
     0.95564136
     0.95595515
     0.95626681
     0.95657638
     0.95688385
     0.95715531
     0.95738614
     0.95773488
     0.95810218
     0.95846642
     0.95882763
     0.95918583
     0.95954105
     0.95989331
     0.96024262
     0.96058902
     0.96091492
     0.96118949
     0.96146315
     0.96173496
     0.96969697
     0.97979798
     0.98989899
     1.00000000
     0.00000000
     0.00000000
     0.00000000
     0.00000000
     0.00000000
     0.00000000
     0.00000000
     0.00000000
     0.00000000
     0.00000000
     0.00000000
     0.00000000
     0.00000000
     0.00000000
     0.00000000
     0.00000000
     0.00000000
     0.00000000
     0.00000000
     0.00000000
     0.94695399
     0.94621232
     0.94546088
     0.94469956
     0.94392824
     0.94314681
     0.94282257
     0.94266483
     0.94275901
     0.94285305
     0.94294694
     0.94304069
     0.94355967
     0.94409268
     0.94455570
     0.94505750
     0.94562717
     0.94619126
     0.94674984
     0.94732119
     0.94788979
     0.94845258
     0.94900962
     0.94979016
     0.95103665
     0.95217495
     0.95326577
     0.95412611
     0.95476010
     0.95542002
     0.95612823
     0.95682571
     0.95751259
     0.95818901
     0.95885513
     0.95937593
     0.95937789
     0.95937985
     0.95934238
     0.95927478
     0.95920708
     0.95913926
     0.95907134
     0.95868990
     0.95820535
     0.95771536
     0.95721988
     0.95671886
     0.95621223
     0.95569996
     0.95518197
     0.95495732
     0.95489289
     0.95469224
     0.95487871
     0.95519763
     0.95551441
     0.95582906
     0.95614158
     0.95645198
     0.95676030
     0.95706652
     0.95729982
     0.95756047
     0.95792921
     0.95829489
     0.95865753
     0.95901715
     0.95937377
     0.95972742
     0.96007812
     0.96042590
     0.96077076
     0.96111275
     0.96143855
     0.96170578
     0.96969697
     0.97979798
     0.98989899
     1.00000000
     0.00000000
     0.00000000
     0.00000000
     0.00000000
     0.00000000
     0.00000000
     0.00000000
     0.00000000
     0.00000000
     0.00000000
     0.00000000
     0.00000000
     0.00000000
     0.00000000
     0.00000000
     0.00000000
     0.00000000
     0.00000000
     0.00000000
     0.00000000
     0.94710369
     0.94636400
     0.94561456
     0.94485525
     0.94408598
     0.94337031
     0.94314829
     0.94322921
     0.94332252
     0.94341569
     0.94350871
     0.94376969
     0.94422767
     0.94467932
     0.94512752
     0.94557230
     0.94601369
     0.94647015
     0.94702599
     0.94758927
     0.94815513
     0.94871521
     0.94926956
     0.94996376
     0.95128614
     0.95240138
     0.95348729
     0.95424041
     0.95481654
     0.95547159
     0.95617902
     0.95687573
     0.95756184
     0.95823752
     0.95890290
     0.95953734
     0.95953929
     0.95954125
     0.95953025
     0.95946295
     0.95939555
     0.95932803
     0.95934981
     0.95890633
     0.95842420
     0.95793666
     0.95744366
     0.95694514
     0.95644105
     0.95593132
     0.95541720
     0.95527351
     0.95509299
     0.95470734
     0.95474968
     0.95506948
     0.95538712
     0.95570262
     0.95601599
     0.95632725
     0.95663641
     0.95694347
     0.95721333
     0.95744386
     0.95775556
     0.95812268
     0.95848676
     0.95884780
     0.95920583
     0.95956088
     0.95991297
     0.96026213
     0.96060836
     0.96095170
     0.96129217
     0.96162979
     0.96969697
     0.97979798
     0.98989899
     1.00000000
     0.00000000
     0.00000000
     0.00000000
     0.00000000
     0.00000000
     0.00000000
     0.00000000
     0.00000000
     0.00000000
     0.00000000
     0.00000000
     0.00000000
     0.00000000
     0.00000000
     0.00000000
     0.00000000
     0.00000000
     0.00000000
     0.00000000
     0.00000000
     0.94725299
     0.94651527
     0.94576782
     0.94501053
     0.94424330
     0.94369310
     0.94369578
     0.94378837
     0.94388081
     0.94396839
     0.94398425
     0.94435198
     0.94480268
     0.94524994
     0.94569379
     0.94613424
     0.94657132
     0.94700506
     0.94743547
     0.94787014
     0.94841919
     0.94897657
     0.94952824
     0.95010121
     0.95144223
     0.95262679
     0.95370645
     0.95429746
     0.95487291
     0.95552310
     0.95622976
     0.95692569
     0.95761105
     0.95828598
     0.95895062
     0.95960512
     0.95970008
     0.95970203
     0.95970397
     0.95965029
     0.95958318
     0.95951597
     0.95959605
     0.95912166
     0.95864195
     0.95815686
     0.95766632
     0.95717030
     0.95666872
     0.95616154
     0.95570480
     0.95549036
     0.95510796
     0.95472243
     0.95462030
     0.95494097
     0.95525948
     0.95557584
     0.95589007
     0.95620218
     0.95651218
     0.95682008
     0.95712590
     0.95735765
     0.95758743
     0.95794980
     0.95831531
     0.95867778
     0.95903723
     0.95939368
     0.95974717
     0.96009771
     0.96044532
     0.96079002
     0.96113184
     0.96147080
     0.96969697
     0.97979798
     0.98989899
     1.00000000
     0.00000000
     0.00000000
     0.00000000
     0.00000000
     0.00000000
     0.00000000
     0.00000000
     0.00000000
     0.00000000
     0.00000000
     0.00000000
     0.00000000
     0.00000000
     0.00000000
     0.00000000
     0.00000000
     0.00000000
     0.00000000
     0.00000000
     0.00000000
     0.94740190
     0.94666614
     0.94592068
     0.94516540
     0.94440020
     0.94415873
     0.94425061
     0.94433010
     0.94434586
     0.94436162
     0.94447602
     0.94492578
     0.94537210
     0.94581502
     0.94625454
     0.94669070
     0.94712352
     0.94755302
     0.94797923
     0.94840444
     0.94884484
     0.94928167
     0.94978568
     0.95032907
     0.95155797
     0.95277370
     0.95377271
     0.95435445
     0.95492921
     0.95557456
     0.95628044
     0.95697560
     0.95766020
     0.95833438
     0.95899828
     0.95965205
     0.95986026
     0.95986220
     0.95986414
     0.95983680
     0.95976999
     0.95970307
     0.95978287
     0.95927949
     0.95877008
     0.95825458
     0.95773292
     0.95720503
     0.95667085
     0.95613030
     0.95573326
     0.95550521
     0.95512293
     0.95473752
     0.95449057
     0.95481212
     0.95513149
     0.95544872
     0.95576380
     0.95607676
     0.95638761
     0.95669636
     0.95700302
     0.95727127
     0.95750150
     0.95777623
     0.95814318
     0.95850708
     0.95886796
     0.95922582
     0.95958071
     0.95993263
     0.96028162
     0.96062769
     0.96097087
     0.96130732
     0.96969697
     0.97979798
     0.98989899
     1.00000000
     0.00000000
     0.00000000
     0.00000000
     0.00000000
     0.00000000
     0.00000000
     0.00000000
     0.00000000
     0.00000000
     0.00000000
     0.00000000
     0.00000000
     0.00000000
     0.00000000
     0.00000000
     0.00000000
     0.00000000
     0.00000000
     0.00000000
     0.00000000
     0.94755040
     0.94681661
     0.94607313
     0.94531986
     0.94461811
     0.94468961
     0.94470527
     0.94472094
     0.94473659
     0.94475225
     0.94504862
     0.94549401
     0.94593599
     0.94637459
     0.94680983
     0.94724174
     0.94767033
     0.94809563
     0.94851767
     0.94893645
     0.94936968
     0.94980227
     0.95023136
     0.95065698
     0.95167345
     0.95285844
     0.95362607
     0.95433489
     0.95498545
     0.95562596
     0.95633106
     0.95702545
     0.95770929
     0.95838150
     0.95902202
     0.95965311
     0.95994396
     0.95992103
     0.95989807
     0.95987196
     0.95978025
     0.95985344
     0.95974109
     0.95923722
     0.95872731
     0.95821129
     0.95768911
     0.95716070
     0.95662599
     0.95608491
     0.95576170
     0.95552005
     0.95513789
     0.95475260
     0.95436417
     0.95468291
     0.95500316
     0.95532125
     0.95563719
     0.95595101
     0.95626270
     0.95657229
     0.95687979
     0.95718472
     0.95741540
     0.95764489
     0.95797038
     0.95833572
     0.95869802
     0.95905730
     0.95941359
     0.95976691
     0.96011728
     0.96046472
     0.96077959
     0.96103581
     0.96969697
     0.97979798
     0.98989899
     1.00000000
     0.00000000
     0.00000000
     0.00000000
     0.00000000
     0.00000000
     0.00000000
     0.00000000
     0.00000000
     0.00000000
     0.00000000
     0.00000000
     0.00000000
     0.00000000
     0.00000000
     0.00000000
     0.00000000
     0.00000000
     0.00000000
     0.00000000
     0.00000000
     0.94765976
     0.94696667
     0.94622518
     0.94546944
     0.94506250
     0.94507807
     0.94509363
     0.94510919
     0.94512474
     0.94517121
     0.94561566
     0.94605671
     0.94649438
     0.94692871
     0.94735970
     0.94778739
     0.94821179
     0.94863293
     0.94905083
     0.94946551
     0.94988943
     0.95031781
     0.95074272
     0.95116419
     0.95201785
     0.95290731
     0.95346933
     0.95418043
     0.95488118
     0.95557235
     0.95625414
     0.95692594
     0.95758788
     0.95824009
     0.95888270
     0.95951584
     0.95989863
     0.95987567
     0.95985269
     0.95982970
     0.95976092
     0.96007071
     0.95969928
     0.95919490
     0.95868448
     0.95816796
     0.95764526
     0.95711633
     0.95658109
     0.95603947
     0.95579012
     0.95553488
     0.95515285
     0.95476768
     0.95437937
     0.95455335
     0.95487447
     0.95519343
     0.95551023
     0.95582490
     0.95613745
     0.95644789
     0.95675623
     0.95706248
     0.95732913
     0.95755907
     0.95779689
     0.95816367
     0.95852740
     0.95888811
     0.95924581
     0.95960052
     0.95995228
     0.96024497
     0.96050453
     0.96076247
     0.96969697
     0.97979798
     0.98989899
     1.00000000
     0.00000000
     0.00000000
     0.00000000
     0.00000000
     0.00000000
     0.00000000
     0.00000000
     0.00000000
     0.00000000
     0.00000000
     0.00000000
     0.00000000
     0.00000000
     0.00000000
     0.00000000
     0.00000000
     0.00000000
     0.00000000
     0.00000000
     0.00000000
     0.94772881
     0.94708401
     0.94635898
     0.94572569
     0.94544850
     0.94546396
     0.94547942
     0.94549487
     0.94551033
     0.94573705
     0.94617717
     0.94661392
     0.94704733
     0.94747742
     0.94790420
     0.94832771
     0.94874796
     0.94916497
     0.94957877
     0.94998938
     0.95040412
     0.95082833
     0.95124910
     0.95164355
     0.95231131
     0.95312227
     0.95368557
     0.95422605
     0.95476052
     0.95542184
     0.95610584
     0.95677981
     0.95744389
     0.95809822
     0.95874292
     0.95937812
     0.95985325
     0.95983026
     0.95980726
     0.95978424
     0.95974159
     0.96015632
     0.95965742
     0.95915255
     0.95864162
     0.95812458
     0.95760137
     0.95707191
     0.95653614
     0.95600136
     0.95581852
     0.95554972
     0.95516780
     0.95478276
     0.95439457
     0.95442344
     0.95474543
     0.95506526
     0.95538293
     0.95569846
     0.95601186
     0.95632315
     0.95663233
     0.95693942
     0.95724270
     0.95747308
     0.95770227
     0.95799095
     0.95835612
     0.95871824
     0.95907736
     0.95943348
     0.95970336
     0.95996631
     0.96022762
     0.96048729
     0.96969697
     0.97979798
     0.98989899
     1.00000000
     0.00000000
     0.00000000
     0.00000000
     0.00000000
     0.00000000
     0.00000000
     0.00000000
     0.00000000
     0.00000000
     0.00000000
     0.00000000
     0.00000000
     0.00000000
     0.00000000
     0.00000000
     0.00000000
     0.00000000
     0.00000000
     0.00000000
     0.00000000
     0.94786173
     0.94723481
     0.94656784
     0.94598624
     0.94583193
     0.94584729
     0.94586265
     0.94587800
     0.94589335
     0.94629738
     0.94673321
     0.94716571
     0.94759489
     0.94802077
     0.94844338
     0.94886273
     0.94927886
     0.94969179
     0.95010153
     0.95050810
     0.95091379
     0.95133387
     0.95175053
     0.95205294
     0.95260305
     0.95331749
     0.95388316
     0.95444229
     0.95498355
     0.95551016
     0.95603168
     0.95663321
     0.95729944
     0.95795589
     0.95860269
     0.95923996
     0.95980782
     0.95978480
     0.95976178
     0.95973874
     0.95991310
     0.96011492
     0.95961553
     0.95911015
     0.95859871
     0.95808117
     0.95755743
     0.95702745
     0.95649115
     0.95602964
     0.95584691
     0.95556454
     0.95518275
     0.95479783
     0.95440976
     0.95429317
     0.95461604
     0.95493674
     0.95525528
     0.95557167
     0.95588593
     0.95619806
     0.95650809
     0.95681602
     0.95712187
     0.95738692
     0.95761656
     0.95784501
     0.95818415
     0.95854771
     0.95888663
     0.95915469
     0.95942107
     0.95968578
     0.95994885
     0.96021026
     0.96969697
     0.97979798
     0.98989899
     1.00000000
     0.00000000
     0.00000000
     0.00000000
     0.00000000
     0.00000000
     0.00000000
     0.00000000
     0.00000000
     0.00000000
     0.00000000
     0.00000000
     0.00000000
     0.00000000
     0.00000000
     0.00000000
     0.00000000
     0.00000000
     0.00000000
     0.00000000
     0.00000000
     0.94801645
     0.94739765
     0.94682458
     0.94624562
     0.94621283
     0.94622809
     0.94624334
     0.94625859
     0.94641734
     0.94685225
     0.94728383
     0.94771210
     0.94813709
     0.94855880
     0.94897727
     0.94939252
     0.94980457
     0.95021343
     0.95061914
     0.95102172
     0.95141361
     0.95183447
     0.95216286
     0.95245904
     0.95289311
     0.95351194
     0.95407536
     0.95463228
     0.95518276
     0.95572962
     0.95624869
     0.95676195
     0.95726946
     0.95781310
     0.95846200
     0.95910134
     0.95973125
     0.95973930
     0.95971625
     0.95969318
     0.95998028
     0.96007348
     0.95957359
     0.95906771
     0.95855577
     0.95803770
     0.95751345
     0.95698294
     0.95644611
     0.95605789
     0.95587528
     0.95557936
     0.95519769
     0.95481289
     0.95442495
     0.95416255
     0.95448630
     0.95480787
     0.95512728
     0.95544453
     0.95575965
     0.95607263
     0.95638351
     0.95669228
     0.95699897
     0.95730060
     0.95753068
     0.95775958
     0.95801151
     0.95832732
     0.95859887
     0.95886872
     0.95913688
     0.95940338
     0.95966820
     0.95993137
     0.96969697
     0.97979798
     0.98989899
     1.00000000
     0.00000000
     0.00000000
     0.00000000
     0.00000000
     0.00000000
     0.00000000
     0.00000000
     0.00000000
     0.00000000
     0.00000000
     0.00000000
     0.00000000
     0.00000000
     0.00000000
     0.00000000
     0.00000000
     0.00000000
     0.00000000
     0.00000000
     0.00000000
     0.94817072
     0.94762419
     0.94707379
     0.94657604
     0.94659120
     0.94660636
     0.94662151
     0.94663666
     0.94697104
     0.94740171
     0.94782908
     0.94825316
     0.94867398
     0.94909156
     0.94950593
     0.94991625
     0.95031323
     0.95070723
     0.95109827
     0.95148637
     0.95187154
     0.95225617
     0.95256807
     0.95286187
     0.95313788
     0.95370562
     0.95426680
     0.95482151
     0.95536980
     0.95592098
     0.95646468
     0.95697552
     0.95748063
     0.95798008
     0.95847391
     0.95896227
     0.95959424
     0.95969374
     0.95967067
     0.95964758
     0.96004735
     0.96003200
     0.95953161
     0.95902522
     0.95851277
     0.95799420
     0.95746943
     0.95693839
     0.95640103
     0.95608613
     0.95590363
     0.95559418
     0.95521263
     0.95482795
     0.95444013
     0.95404914
     0.95435621
     0.95467866
     0.95499893
     0.95531705
     0.95563302
     0.95594687
     0.95625859
     0.95656821
     0.95687573
     0.95718118
     0.95744464
     0.95767398
     0.95781700
     0.95803581
     0.95830917
     0.95858083
     0.95885079
     0.95911907
     0.95938568
     0.95965061
     0.96969697
     0.97979798
     0.98989899
     1.00000000
     0.00000000
     0.00000000
     0.00000000
     0.00000000
     0.00000000
     0.00000000
     0.00000000
     0.00000000
     0.00000000
     0.00000000
     0.00000000
     0.00000000
     0.00000000
     0.00000000
     0.00000000
     0.00000000
     0.00000000
     0.00000000
     0.00000000
     0.00000000
     0.94837673
     0.94783381
     0.94728550
     0.94692596
     0.94695933
     0.94698211
     0.94699716
     0.94708958
     0.94751934
     0.94794580
     0.94836898
     0.94878379
     0.94918927
     0.94959171
     0.94999113
     0.95038756
     0.95078100
     0.95117148
     0.95155902
     0.95194365
     0.95230273
     0.95262566
     0.95297002
     0.95326145
     0.95340906
     0.95389852
     0.95445748
     0.95500999
     0.95555610
     0.95610437
     0.95666314
     0.95718807
     0.95769080
     0.95818789
     0.95867938
     0.95916535
     0.95964584
     0.95969245
     0.95962504
     0.95960192
     0.96011432
     0.95997743
     0.95948959
     0.95898270
     0.95846974
     0.95795065
     0.95742536
     0.95689380
     0.95635591
     0.95611436
     0.95593197
     0.95560899
     0.95522756
     0.95484301
     0.95445531
     0.95406444
     0.95422576
     0.95454909
     0.95487023
     0.95518922
     0.95550605
     0.95582075
     0.95613333
     0.95644379
     0.95675216
     0.95705844
     0.95734454
     0.95747183
     0.95759876
     0.95774235
     0.95801754
     0.95829102
     0.95856279
     0.95883286
     0.95910125
     0.95959596
     0.96969697
     0.97979798
     0.98989899
     1.00000000
     0.00000000
     0.00000000
     0.00000000
     0.00000000
     0.00000000
     0.00000000
     0.00000000
     0.00000000
     0.00000000
     0.00000000
     0.00000000
     0.00000000
     0.00000000
     0.00000000
     0.00000000
     0.00000000
     0.00000000
     0.00000000
     0.00000000
     0.00000000
     0.94858350
     0.94804264
     0.94749640
     0.94726121
     0.94729438
     0.94732753
     0.94736067
     0.94762714
     0.94804127
     0.94845231
     0.94886028
     0.94926519
     0.94966706
     0.95006591
     0.95046177
     0.95085466
     0.95124459
     0.95163158
     0.95201565
     0.95239331
     0.95268960
     0.95299243
     0.95335545
     0.95365781
     0.95370362
     0.95409067
     0.95464741
     0.95519772
     0.95574165
     0.95628704
     0.95684359
     0.95739336
     0.95789998
     0.95839472
     0.95888388
     0.95936755
     0.95984576
     0.96002024
     0.95983308
     0.95964509
     0.96018117
     0.95991486
     0.95944752
     0.95894013
     0.95842666
     0.95790706
     0.95738125
     0.95684916
     0.95632412
     0.95614256
     0.95596028
     0.95562380
     0.95524249
     0.95485806
     0.95447048
     0.95407974
     0.95409496
     0.95441916
     0.95474118
     0.95506104
     0.95537874
     0.95569430
     0.95600773
     0.95631904
     0.95662825
     0.95689031
     0.95709222
     0.95725188
     0.95737944
     0.95750663
     0.95772396
     0.95799927
     0.95827285
     0.95854474
     0.95881493
     0.95959596
     0.96969697
     0.97979798
     0.98989899
     1.00000000
     0.00000000
     0.00000000
     0.00000000
     0.00000000
     0.00000000
     0.00000000
     0.00000000
     0.00000000
     0.00000000
     0.00000000
     0.00000000
     0.00000000
     0.00000000
     0.00000000
     0.00000000
     0.00000000
     0.00000000
     0.00000000
     0.00000000
     0.00000000
     0.94878949
     0.94825068
     0.94770650
     0.94759446
     0.94762743
     0.94766039
     0.94770526
     0.94811881
     0.94852927
     0.94893666
     0.94934099
     0.94974230
     0.95014059
     0.95053589
     0.95092821
     0.95131759
     0.95170403
     0.95208756
     0.95246819
     0.95277949
     0.95307349
     0.95336576
     0.95371684
     0.95405097
     0.95399641
     0.95428205
     0.95483658
     0.95538470
     0.95592647
     0.95646898
     0.95702332
     0.95757090
     0.95810817
     0.95860057
     0.95908742
     0.95956878
     0.96004472
     0.96034548
     0.96015978
     0.95997325
     0.96050135
     0.95997658
     0.95940542
     0.95889752
     0.95838354
     0.95786342
     0.95733709
     0.95680448
     0.95635220
     0.95617075
     0.95598858
     0.95563860
     0.95525742
     0.95487311
     0.95448565
     0.95409503
     0.95396380
     0.95428889
     0.95461178
     0.95493251
     0.95525108
     0.95556750
     0.95588178
     0.95619394
     0.95642715
     0.95663113
     0.95683420
     0.95703085
     0.95715904
     0.95728686
     0.95742842
     0.95770556
     0.95798098
     0.95825468
     0.95852668
     0.95959596
     0.96969697
     0.97979798
     0.98989899
     1.00000000
     0.00000000
     0.00000000
     0.00000000
     0.00000000
     0.00000000
     0.00000000
     0.00000000
     0.00000000
     0.00000000
     0.00000000
     0.00000000
     0.00000000
     0.00000000
     0.00000000
     0.00000000
     0.00000000
     0.00000000
     0.00000000
     0.00000000
     0.00000000
     0.94899470
     0.94845793
     0.94791581
     0.94792572
     0.94795850
     0.94799125
     0.94819624
     0.94860612
     0.94901293
     0.94941669
     0.94981743
     0.95021515
     0.95060989
     0.95100166
     0.95139048
     0.95177638
     0.95215936
     0.95253945
     0.95286921
     0.95316268
     0.95345442
     0.95374443
     0.95407557
     0.95440901
     0.95428743
     0.95447267
     0.95502500
     0.95557094
     0.95611055
     0.95665020
     0.95720233
     0.95774774
     0.95828650
     0.95880544
     0.95928998
     0.95976907
     0.96024275
     0.96066818
     0.96048393
     0.96029885
     0.96085156
     0.96026279
     0.95966553
     0.95902368
     0.95835225
     0.95781974
     0.95729289
     0.95675975
     0.95638026
     0.95619892
     0.95601686
     0.95565340
     0.95527233
     0.95488815
     0.95450082
     0.95411032
     0.95383229
     0.95415825
     0.95448203
     0.95480363
     0.95512307
     0.95544035
     0.95575225
     0.95595924
     0.95616531
     0.95637046
     0.95657470
     0.95677802
     0.95693754
     0.95706600
     0.95719408
     0.95740990
     0.95768716
     0.95796269
     0.95823650
     0.95959596
     0.96969697
     0.97979798
     0.98989899
     1.00000000
     0.00000000
     0.00000000
     0.00000000
     0.00000000
     0.00000000
     0.00000000
     0.00000000
     0.00000000
     0.00000000
     0.00000000
     0.00000000
     0.00000000
     0.00000000
     0.00000000
     0.00000000
     0.00000000
     0.00000000
     0.00000000
     0.00000000
     0.00000000
     0.94919913
     0.94866439
     0.94822240
     0.94825500
     0.94828758
     0.94832014
     0.94868285
     0.94908909
     0.94949228
     0.94989245
     0.95028962
     0.95068379
     0.95107501
     0.95146328
     0.95184862
     0.95223106
     0.95261061
     0.95295877
     0.95325172
     0.95354292
     0.95383241
     0.95412017
     0.95443165
     0.95464351
     0.95457670
     0.95466254
     0.95521267
     0.95575643
     0.95629390
     0.95683070
     0.95738063
     0.95792387
     0.95846048
     0.95899054
     0.95949159
     0.95996840
     0.96043983
     0.96090594
     0.96080554
     0.96062191
     0.96113177
     0.96054704
     0.95995388
     0.95933575
     0.95866922
     0.95799224
     0.95730467
     0.95671498
     0.95640830
     0.95622707
     0.95604513
     0.95566819
     0.95528725
     0.95490318
     0.95451598
     0.95412561
     0.95373205
     0.95402727
     0.95435193
     0.95467440
     0.95499471
     0.95527743
     0.95548654
     0.95569472
     0.95590198
     0.95610830
     0.95631371
     0.95651819
     0.95671496
     0.95684404
     0.95697276
     0.95711226
     0.95739137
     0.95766874
     0.95794439
     0.95959596
     0.96969697
     0.97979798
     0.98989899
     1.00000000
     0.00000000
     0.00000000
     0.00000000
     0.00000000
     0.00000000
     0.00000000
     0.00000000
     0.00000000
     0.00000000
     0.00000000
     0.00000000
     0.00000000
     0.00000000
     0.00000000
     0.00000000
     0.00000000
     0.00000000
     0.00000000
     0.00000000
     0.00000000
     0.94940279
     0.94887007
     0.94854991
     0.94858231
     0.94861470
     0.94875948
     0.94916515
     0.94956777
     0.94996737
     0.95036397
     0.95075759
     0.95114825
     0.95153597
     0.95192076
     0.95230266
     0.95268167
     0.95304817
     0.95334059
     0.95363127
     0.95392022
     0.95420747
     0.95449301
     0.95478510
     0.95487686
     0.95485200
     0.95485165
     0.95539959
     0.95594119
     0.95647651
     0.95701048
     0.95755823
     0.95809930
     0.95863377
     0.95916171
     0.95968320
     0.96016679
     0.96063598
     0.96109987
     0.96112465
     0.96094245
     0.96141005
     0.96082934
     0.96024025
     0.95964267
     0.95898388
     0.95831183
     0.95762926
     0.95693601
     0.95653003
     0.95625521
     0.95606071
     0.95568298
     0.95530216
     0.95491822
     0.95453113
     0.95414088
     0.95374745
     0.95389593
     0.95422147
     0.95454482
     0.95479776
     0.95500901
     0.95521932
     0.95542869
     0.95563713
     0.95584464
     0.95605122
     0.95625688
     0.95646162
     0.95662100
     0.95675035
     0.95687933
     0.95709360
     0.95737287
     0.95765042
     0.95959596
     0.96969697
     0.97979798
     0.98989899
     1.00000000
     0.00000000
     0.00000000
     0.00000000
     0.00000000
     0.00000000
     0.00000000
     0.00000000
     0.00000000
     0.00000000
     0.00000000
     0.00000000
     0.00000000
     0.00000000
     0.00000000
     0.00000000
     0.00000000
     0.00000000
     0.00000000
     0.00000000
     0.00000000
     0.94960567
     0.94907498
     0.94887545
     0.94890766
     0.94893985
     0.94924110
     0.94964315
     0.95004218
     0.95043822
     0.95083128
     0.95122139
     0.95160856
     0.95199280
     0.95237415
     0.95275263
     0.95312824
     0.95342929
     0.95371945
     0.95400788
     0.95429461
     0.95457963
     0.95486296
     0.95511249
     0.95510907
     0.95508432
     0.95504000
     0.95558577
     0.95612521
     0.95665153
     0.95718955
     0.95773511
     0.95827402
     0.95880636
     0.95933219
     0.95985160
     0.96036423
     0.96083119
     0.96129287
     0.96144126
     0.96126049
     0.96168642
     0.96110970
     0.96052465
     0.95993117
     0.95929624
     0.95862909
     0.95795148
     0.95726327
     0.95690342
     0.95657162
     0.95621123
     0.95569777
     0.95531706
     0.95493324
     0.95454628
     0.95415616
     0.95376285
     0.95376423
     0.95409065
     0.95431319
     0.95452660
     0.95473906
     0.95495057
     0.95516114
     0.95537077
     0.95557946
     0.95578723
     0.95599407
     0.95619998
     0.95640190
     0.95654054
     0.95667876
     0.95681656
     0.95707522
     0.95735462
     0.95959596
     0.96969697
     0.97979798
     0.98989899
     1.00000000
     0.00000000
     0.00000000
     0.00000000
     0.00000000
     0.00000000
     0.00000000
     0.00000000
     0.00000000
     0.00000000
     0.00000000
     0.00000000
     0.00000000
     0.00000000
     0.00000000
     0.00000000
     0.00000000
     0.00000000
     0.00000000
     0.00000000
     0.00000000
     0.94980778
     0.94927910
     0.94919905
     0.94923107
     0.94931694
     0.94971842
     0.95011689
     0.95051237
     0.95090487
     0.95129442
     0.95168104
     0.95206474
     0.95244555
     0.95282348
     0.95319856
     0.95351784
     0.95380747
     0.95409539
     0.95438159
     0.95466609
     0.95494891
     0.95516090
     0.95530227
     0.95534013
     0.95531551
     0.95529088
     0.95576074
     0.95628261
     0.95679860
     0.95733169
     0.95791129
     0.95844806
     0.95897827
     0.95950200
     0.96001932
     0.96053031
     0.96102548
     0.96148496
     0.96175540
     0.96160772
     0.96196089
     0.96138813
     0.96080710
     0.96021769
     0.95960633
     0.95894404
     0.95827137
     0.95760042
     0.95727375
     0.95694467
     0.95657381
     0.95604599
     0.95551206
     0.95497194
     0.95456143
     0.95417143
     0.95377824
     0.95360714
     0.95382368
     0.95403927
     0.95425389
     0.95446756
     0.95468028
     0.95489205
     0.95510288
     0.95531422
     0.95552622
     0.95573726
     0.95594734
     0.95615648
     0.95634983
     0.95648863
     0.95662700
     0.95677558
     0.95705685
     0.95959596
     0.96969697
     0.97979798
     0.98989899
     1.00000000
     0.00000000
     0.00000000
     0.00000000
     0.00000000
     0.00000000
     0.00000000
     0.00000000
     0.00000000
     0.00000000
     0.00000000
     0.00000000
     0.00000000
     0.00000000
     0.00000000
     0.00000000
     0.00000000
     0.00000000
     0.00000000
     0.00000000
     0.00000000
     0.95000912
     0.94948886
     0.94952071
     0.94955253
     0.94979359
     0.95019149
     0.95058641
     0.95097836
     0.95136735
     0.95175342
     0.95213658
     0.95251684
     0.95289424
     0.95326878
     0.95360623
     0.95389534
     0.95418273
     0.95446841
     0.95475240
     0.95503470
     0.95520925
     0.95535048
     0.95549129
     0.95557007
     0.95554557
     0.95552105
     0.95591069
     0.95643087
     0.95694518
     0.95747199
     0.95808677
     0.95862139
     0.95914949
     0.95967112
     0.96018638
     0.96069532
     0.96119801
     0.96167613
     0.96206708
     0.96197938
     0.96223347
     0.96166465
     0.96108762
     0.96050225
     0.95990844
     0.95925670
     0.95858892
     0.95796502
     0.95764103
     0.95731466
     0.95693352
     0.95640988
     0.95588016
     0.95534430
     0.95480224
     0.95425392
     0.95375234
     0.95332918
     0.95354696
     0.95376377
     0.95397962
     0.95419564
     0.95441270
     0.95462877
     0.95484387
     0.95505800
     0.95527116
     0.95548335
     0.95569459
     0.95590486
     0.95611419
     0.95629770
     0.95643666
     0.95657519
     0.95675709
     0.95959596
     0.96969697
     0.97979798
     0.98989899
     1.00000000
     0.00000000
     0.00000000
     0.00000000
     0.00000000
     0.00000000
     0.00000000
     0.00000000
     0.00000000
     0.00000000
     0.00000000
     0.00000000
     0.00000000
     0.00000000
     0.00000000
     0.00000000
     0.00000000
     0.00000000
     0.00000000
     0.00000000
     0.95072918
     0.95020970
     0.94980878
     0.94984043
     0.94987207
     0.95026599
     0.95066034
     0.95105174
     0.95144018
     0.95182570
     0.95220831
     0.95258803
     0.95296489
     0.95333890
     0.95369446
     0.95398304
     0.95426991
     0.95455508
     0.95483855
     0.95511605
     0.95525756
     0.95539864
     0.95553930
     0.95567954
     0.95579887
     0.95577449
     0.95575010
     0.95606015
     0.95657864
     0.95709129
     0.95761185
     0.95826155
     0.95879404
     0.95932002
     0.95983957
     0.96035276
     0.96085966
     0.96136034
     0.96185487
     0.96231635
     0.96234759
     0.96250417
     0.96193927
     0.96136620
     0.96078486
     0.96019512
     0.95956707
     0.95890417
     0.95832662
     0.95800530
     0.95768161
     0.95729039
     0.95677089
     0.95624535
     0.95571372
     0.95517594
     0.95461927
     0.95397104
     0.95331177
     0.95327266
     0.95349388
     0.95371409
     0.95393332
     0.95415156
     0.95436881
     0.95458508
     0.95480038
     0.95501470
     0.95522805
     0.95544044
     0.95565187
     0.95586235
     0.95607186
     0.95624551
     0.95638462
     0.95652332
     0.95959596
     0.96969697
     0.97979798
     0.98989899
     1.00000000
     0.00000000
     0.00000000
     0.00000000
     0.00000000
     0.00000000
     0.00000000
     0.00000000
     0.00000000
     0.00000000
     0.00000000
     0.00000000
     0.00000000
     0.00000000
     0.00000000
     0.00000000
     0.00000000
     0.00000000
     0.00000000
     0.00000000
     0.95092702
     0.95040951
     0.95012678
     0.95015824
     0.95034038
     0.95073418
     0.95112501
     0.95151290
     0.95189787
     0.95227994
     0.95265912
     0.95303544
     0.95340891
     0.95377956
     0.95407059
     0.95435694
     0.95464159
     0.95492455
     0.95516445
     0.95530582
     0.95544675
     0.95558727
     0.95572736
     0.95586703
     0.95600628
     0.95600229
     0.95597802
     0.95620913
     0.95672594
     0.95723693
     0.95775127
     0.95841279
     0.95896599
     0.95948987
     0.96000735
     0.96051848
     0.96102335
     0.96152202
     0.96201456
     0.96250104
     0.96271237
     0.96277301
     0.96221200
     0.96164287
     0.96106552
     0.96047984
     0.95987518
     0.95921711
     0.95868525
     0.95836657
     0.95804555
     0.95764443
     0.95712904
     0.95660766
     0.95607756
     0.95552452
     0.95491869
     0.95426576
     0.95360383
     0.95325350
     0.95334864
     0.95344915
     0.95366957
     0.95388899
     0.95410743
     0.95432488
     0.95454135
     0.95475684
     0.95497136
     0.95518491
     0.95539750
     0.95560912
     0.95581979
     0.95602950
     0.95619326
     0.95633253
     0.95959596
     0.96969697
     0.97979798
     0.98989899
     1.00000000
     0.00000000
     0.00000000
     0.00000000
     0.00000000
     0.00000000
     0.00000000
     0.00000000
     0.00000000
     0.00000000
     0.00000000
     0.00000000
     0.00000000
     0.00000000
     0.00000000
     0.00000000
     0.00000000
     0.00000000
     0.00000000
     0.00000000
     0.95112410
     0.95060857
     0.95044287
     0.95047414
     0.95080790
     0.95119818
     0.95158552
     0.95196995
     0.95235147
     0.95273011
     0.95310589
     0.95347883
     0.95384895
     0.95415798
     0.95444381
     0.95472794
     0.95501039
     0.95521281
     0.95535402
     0.95549482
     0.95563519
     0.95577514
     0.95591466
     0.95605377
     0.95619246
     0.95622897
     0.95620482
     0.95635762
     0.95687276
     0.95738209
     0.95789026
     0.95854970
     0.95913726
     0.95965905
     0.96017445
     0.96068354
     0.96118638
     0.96168304
     0.96217360
     0.96265813
     0.96307375
     0.96304000
     0.96248285
     0.96191764
     0.96134426
     0.96076260
     0.96017254
     0.95952778
     0.95904092
     0.95872487
     0.95840597
     0.95797670
     0.95744651
     0.95690993
     0.95636689
     0.95581733
     0.95520117
     0.95455214
     0.95389416
     0.95327392
     0.95336902
     0.95346394
     0.95355867
     0.95365322
     0.95384462
     0.95406326
     0.95428091
     0.95449758
     0.95471327
     0.95492799
     0.95514173
     0.95535451
     0.95556633
     0.95577719
     0.95598709
     0.95614095
     0.95959596
     0.96969697
     0.97979798
     0.98989899
     1.00000000
     0.00000000
     0.00000000
     0.00000000
     0.00000000
     0.00000000
     0.00000000
     0.00000000
     0.00000000
     0.00000000
     0.00000000
     0.00000000
     0.00000000
     0.00000000
     0.00000000
     0.00000000
     0.00000000
     0.00000000
     0.00000000
     0.00000000
     0.95132043
     0.95080686
     0.95075706
     0.95088152
     0.95127125
     0.95165804
     0.95204191
     0.95242289
     0.95280100
     0.95317624
     0.95354865
     0.95391824
     0.95424521
     0.95453052
     0.95481414
     0.95509607
     0.95526111
     0.95540218
     0.95554283
     0.95568306
     0.95582286
     0.95596224
     0.95610121
     0.95623975
     0.95637788
     0.95645454
     0.95643050
     0.95650564
     0.95701911
     0.95752679
     0.95802880
     0.95868617
     0.95930785
     0.95982755
     0.96034088
     0.96084793
     0.96134875
     0.96184342
     0.96233201
     0.96281458
     0.96344679
     0.96330514
     0.96275184
     0.96219052
     0.96162108
     0.96104342
     0.96045741
     0.95981534
     0.95935942
     0.95902772
     0.95869344
     0.95825407
     0.95772723
     0.95719403
     0.95665441
     0.95610831
     0.95548197
     0.95483681
     0.95418275
     0.95351968
     0.95338940
     0.95348427
     0.95357897
     0.95367347
     0.95376780
     0.95386194
     0.95401905
     0.95423690
     0.95445377
     0.95466966
     0.95488457
     0.95509851
     0.95531149
     0.95552350
     0.95573455
     0.95594465
     0.95959596
     0.96969697
     0.97979798
     0.98989899
     1.00000000
     0.00000000
     0.00000000
     0.00000000
     0.00000000
     0.00000000
     0.00000000
     0.00000000
     0.00000000
     0.00000000
     0.00000000
     0.00000000
     0.00000000
     0.00000000
     0.00000000
     0.00000000
     0.00000000
     0.00000000
     0.00000000
     0.00000000
     0.95151602
     0.95103844
     0.95106936
     0.95134421
     0.95173045
     0.95211378
     0.95249422
     0.95287178
     0.95324649
     0.95361837
     0.95398743
     0.95433228
     0.95461707
     0.95490018
     0.95516801
     0.95530936
     0.95545029
     0.95559079
     0.95573088
     0.95587054
     0.95600978
     0.95614860
     0.95628700
     0.95642498
     0.95656255
     0.95667899
     0.95665507
     0.95665317
     0.95716498
     0.95767101
     0.95817133
     0.95882221
     0.95946767
     0.95999537
     0.96050665
     0.96101166
     0.96151047
     0.96200316
     0.96248978
     0.96297041
     0.96370037
     0.96358000
     0.96301897
     0.96244250
     0.96185278
     0.96125418
     0.96064657
     0.96002982
     0.95964058
     0.95931108
     0.95897900
     0.95852969
     0.95800618
     0.95747634
     0.95694012
     0.95639364
     0.95576109
     0.95511978
     0.95446963
     0.95381051
     0.95340976
     0.95350460
     0.95359925
     0.95369372
     0.95378801
     0.95388211
     0.95397603
     0.95406977
     0.95419285
     0.95440992
     0.95462600
     0.95484111
     0.95505525
     0.95526842
     0.95548063
     0.95569188
     0.95959596
     0.96969697
     0.97979798
     0.98989899
     1.00000000
     0.00000000
     0.00000000
     0.00000000
     0.00000000
     0.00000000
     0.00000000
     0.00000000
     0.00000000
     0.00000000
     0.00000000
     0.00000000
     0.00000000
     0.00000000
     0.00000000
     0.00000000
     0.00000000
     0.00000000
     0.00000000
     0.00000000
     0.95171086
     0.95134905
     0.95141707
     0.95180276
     0.95218555
     0.95256544
     0.95294247
     0.95331665
     0.95368799
     0.95405653
     0.95441919
     0.95470347
     0.95498606
     0.95521636
     0.95535757
     0.95549835
     0.95563871
     0.95577865
     0.95591816
     0.95605726
     0.95619594
     0.95633420
     0.95647204
     0.95660947
     0.95674648
     0.95688308
     0.95687854
     0.95685473
     0.95731038
     0.95781477
     0.95831346
     0.95895782
     0.95960124
     0.96016252
     0.96067175
     0.96117474
     0.96167155
     0.96216225
     0.96264691
     0.96309786
     0.96383091
     0.96356967
     0.96319890
     0.96262060
     0.96203357
     0.96143769
     0.96083283
     0.96021889
     0.95991987
     0.95959255
     0.95926268
     0.95880357
     0.95828336
     0.95775687
     0.95722403
     0.95666730
     0.95603853
     0.95540107
     0.95475479
     0.95409960
     0.95343539
     0.95352492
     0.95361953
     0.95371396
     0.95380821
     0.95390227
     0.95399616
     0.95408986
     0.95418338
     0.95427671
     0.95436987
     0.95458231
     0.95479762
     0.95501195
     0.95522532
     0.95543772
     0.95959596
     0.96969697
     0.97979798
     0.98989899
     1.00000000
     0.00000000
     0.00000000
     0.00000000
     0.00000000
     0.00000000
     0.00000000
     0.00000000
     0.00000000
     0.00000000
     0.00000000
     0.00000000
     0.00000000
     0.00000000
     0.00000000
     0.00000000
     0.00000000
     0.00000000
     0.00000000
     0.00000000
     0.95190495
     0.95165779
     0.95187497
     0.95225721
     0.95263656
     0.95301305
     0.95338670
     0.95375751
     0.95412552
     0.95449074
     0.95478971
     0.95507179
     0.95526466
     0.95540572
     0.95554636
     0.95568657
     0.95582637
     0.95596574
     0.95610469
     0.95624323
     0.95638134
     0.95651905
     0.95665633
     0.95679320
     0.95692966
     0.95706571
     0.95710091
     0.95707721
     0.95745530
     0.95795806
     0.95845513
     0.95909300
     0.95973440
     0.96032900
     0.96083619
     0.96131274
     0.96176661
     0.96221537
     0.96265907
     0.96309775
     0.96382505
     0.96346635
     0.96310423
     0.96275573
     0.96221353
     0.96162036
     0.96101825
     0.96045963
     0.96018816
     0.95987216
     0.95954447
     0.95907572
     0.95855880
     0.95803563
     0.95750615
     0.95693933
     0.95631432
     0.95568067
     0.95503825
     0.95438697
     0.95372671
     0.95354523
     0.95363980
     0.95373419
     0.95382840
     0.95392243
     0.95401627
     0.95410993
     0.95420341
     0.95429671
     0.95438983
     0.95448276
     0.95457552
     0.95475408
     0.95496861
     0.95518218
     0.95959596
     0.96969697
     0.97979798
     0.98989899
     1.00000000
     0.00000000
     0.00000000
     0.00000000
     0.00000000
     0.00000000
     0.00000000
     0.00000000
     0.00000000
     0.00000000
     0.00000000
     0.00000000
     0.00000000
     0.00000000
     0.00000000
     0.00000000
     0.00000000
     0.00000000
     0.00000000
     0.00000000
     0.95209831
     0.95196466
     0.95232877
     0.95270758
     0.95308354
     0.95345665
     0.95382693
     0.95419441
     0.95455911
     0.95487580
     0.95515736
     0.95531291
     0.95545382
     0.95559432
     0.95573439
     0.95587404
     0.95601327
     0.95615208
     0.95629047
     0.95642845
     0.95656600
     0.95670315
     0.95683988
     0.95697620
     0.95711211
     0.95724760
     0.95732218
     0.95729860
     0.95759976
     0.95810088
     0.95859634
     0.95922277
     0.95985186
     0.96038932
     0.96085358
     0.96131263
     0.96176651
     0.96221527
     0.96265896
     0.96309765
     0.96372242
     0.96336274
     0.96299964
     0.96264367
     0.96229335
     0.96180220
     0.96120283
     0.96070549
     0.96043563
     0.96014992
     0.95982440
     0.95934615
     0.95883250
     0.95831264
     0.95778650
     0.95720971
     0.95658846
     0.95595860
     0.95532002
     0.95467263
     0.95401631
     0.95356553
     0.95366006
     0.95375442
     0.95384858
     0.95394257
     0.95403638
     0.95413000
     0.95422344
     0.95431670
     0.95440978
     0.95450268
     0.95459539
     0.95468793
     0.95478029
     0.95492523
     0.95959596
     0.96969697
     0.97979798
     0.98989899
     1.00000000
     0.00000000
     0.00000000
     0.00000000
     0.00000000
     0.00000000
     0.00000000
     0.00000000
     0.00000000
     0.00000000
     0.00000000
     0.00000000
     0.00000000
     0.00000000
     0.00000000
     0.00000000
     0.00000000
     0.00000000
     0.00000000
     0.00000000
     0.95229092
     0.95240023
     0.95277850
     0.95315392
     0.95352650
     0.95389625
     0.95426321
     0.95462739
     0.95496172
     0.95521991
     0.95536111
     0.95550188
     0.95564223
     0.95578216
     0.95592166
     0.95606075
     0.95619941
     0.95633766
     0.95647550
     0.95661291
     0.95674992
     0.95688651
     0.95702269
     0.95715845
     0.95729381
     0.95742876
     0.95754236
     0.95751492
     0.95772891
     0.95821781
     0.95870131
     0.95931635
     0.95991966
     0.96038921
     0.96085348
     0.96131252
     0.96176640
     0.96221516
     0.96265886
     0.96309755
     0.96361952
     0.96325886
     0.96289476
     0.96253129
     0.96217995
     0.96182545
     0.96138657
     0.96094988
     0.96068163
     0.96041162
     0.96010247
     0.95961487
     0.95910446
     0.95858789
     0.95806507
     0.95747848
     0.95686095
     0.95623486
     0.95560011
     0.95495658
     0.95430417
     0.95364278
     0.95368032
     0.95377463
     0.95386876
     0.95396271
     0.95405647
     0.95415006
     0.95424346
     0.95433668
     0.95442972
     0.95452258
     0.95461526
     0.95470776
     0.95480008
     0.95489222
     0.95959596
     0.96969697
     0.97979798
     0.98989899
     1.00000000
     0.00000000
     0.00000000
     0.00000000
     0.00000000
     0.00000000
     0.00000000
     0.00000000
     0.00000000
     0.00000000
     0.00000000
     0.00000000
     0.00000000
     0.00000000
     0.00000000
     0.00000000
     0.00000000
     0.00000000
     0.00000000
     0.00000000
     0.95254286
     0.95284932
     0.95322420
     0.95359625
     0.95396548
     0.95433191
     0.95469556
     0.95504750
     0.95526821
     0.95540926
     0.95554989
     0.95569009
     0.95582987
     0.95596924
     0.95610818
     0.95624670
     0.95638481
     0.95652250
     0.95665978
     0.95679664
     0.95693309
     0.95706912
     0.95720475
     0.95733719
     0.95746106
     0.95758459
     0.95770778
     0.95769182
     0.95783028
     0.95831806
     0.95880044
     0.95940971
     0.95991955
     0.96038910
     0.96085337
     0.96131242
     0.96176630
     0.96221506
     0.96265876
     0.96309745
     0.96351634
     0.96315469
     0.96278960
     0.96242103
     0.96206622
     0.96171070
     0.96135198
     0.96119281
     0.96092616
     0.96065776
     0.96037870
     0.95988188
     0.95937471
     0.95886140
     0.95834189
     0.95774563
     0.95713181
     0.95650947
     0.95587852
     0.95523884
     0.95459033
     0.95393287
     0.95370056
     0.95379484
     0.95388893
     0.95398283
     0.95407656
     0.95417011
     0.95426347
     0.95435665
     0.95444965
     0.95454247
     0.95463511
     0.95472757
     0.95481986
     0.95491196
     0.95959596
     0.96969697
     0.97979798
     0.98989899
     1.00000000
     0.00000000
     0.00000000
     0.00000000
     0.00000000
     0.00000000
     0.00000000
     0.00000000
     0.00000000
     0.00000000
     0.00000000
     0.00000000
     0.00000000
     0.00000000
     0.00000000
     0.00000000
     0.00000000
     0.00000000
     0.00000000
     0.00000000
     0.95292004
     0.95329439
     0.95366590
     0.95403460
     0.95440051
     0.95476364
     0.95512402
     0.95531645
     0.95545736
     0.95559784
     0.95573790
     0.95587754
     0.95601676
     0.95615556
     0.95629394
     0.95643191
     0.95656945
     0.95670659
     0.95684331
     0.95697804
     0.95710291
     0.95722744
     0.95735161
     0.95747545
     0.95759894
     0.95772208
     0.95784489
     0.95786802
     0.95793142
     0.95841808
     0.95889935
     0.95944456
     0.95991944
     0.96038899
     0.96085326
     0.96131231
     0.96176619
     0.96221495
     0.96265866
     0.96309735
     0.96341287
     0.96305024
     0.96268415
     0.96231458
     0.96195217
     0.96159562
     0.96123587
     0.96128012
     0.96116924
     0.96090244
     0.96062477
     0.96014720
     0.95964325
     0.95913318
     0.95861296
     0.95801118
     0.95740104
     0.95678244
     0.95615526
     0.95551941
     0.95487477
     0.95422123
     0.95372080
     0.95381503
     0.95390908
     0.95400295
     0.95409664
     0.95419015
     0.95428347
     0.95437661
     0.95446958
     0.95456236
     0.95465496
     0.95474738
     0.95483963
     0.95493169
     0.95959596
     0.96969697
     0.97979798
     0.98989899
     1.00000000
     0.00000000
     0.00000000
     0.00000000
     0.00000000
     0.00000000
     0.00000000
     0.00000000
     0.00000000
     0.00000000
     0.00000000
     0.00000000
     0.00000000
     0.00000000
     0.00000000
     0.00000000
     0.00000000
     0.00000000
     0.00000000
     0.00000000
     0.95336447
     0.95373545
     0.95410363
     0.95446901
     0.95483163
     0.95516677
     0.95536465
     0.95550541
     0.95564575
     0.95578567
     0.95592516
     0.95606424
     0.95620289
     0.95634113
     0.95647895
     0.95661601
     0.95674188
     0.95686740
     0.95699258
     0.95711741
     0.95724189
     0.95736603
     0.95748982
     0.95761327
     0.95773638
     0.95785914
     0.95798157
     0.95804351
     0.95803232
     0.95850813
     0.95896947
     0.95944445
     0.95991933
     0.96038888
     0.96085315
     0.96131220
     0.96176608
     0.96221485
     0.96265855
     0.96310034
     0.96330912
     0.96294550
     0.96257842
     0.96220784
     0.96183778
     0.96148021
     0.96112420
     0.96124683
     0.96136909
     0.96114565
     0.96085575
     0.96038661
     0.95991008
     0.95940325
     0.95887329
     0.95827514
     0.95766866
     0.95705377
     0.95643035
     0.95579830
     0.95515751
     0.95450788
     0.95384929
     0.95383522
     0.95392923
     0.95402306
     0.95411671
     0.95421018
     0.95430347
     0.95439657
     0.95448949
     0.95458224
     0.95467480
     0.95476718
     0.95485939
     0.95495141
     0.95959596
     0.96969697
     0.97979798
     0.98989899
     1.00000000
     0.00000000
     0.00000000
     0.00000000
     0.00000000
     0.00000000
     0.00000000
     0.00000000
     0.00000000
     0.00000000
     0.00000000
     0.00000000
     0.00000000
     0.00000000
     0.00000000
     0.00000000
     0.00000000
     0.00000000
     0.00000000
     0.00000000
     0.95380490
     0.95417255
     0.95453742
     0.95487173
     0.95517744
     0.95541280
     0.95555341
     0.95569361
     0.95583338
     0.95597273
     0.95611166
     0.95625018
     0.95637795
     0.95650448
     0.95663066
     0.95675649
     0.95688198
     0.95700711
     0.95713190
     0.95725634
     0.95738044
     0.95750419
     0.95762760
     0.95775067
     0.95787340
     0.95799578
     0.95811783
     0.95821831
     0.95810570
     0.95850869
     0.95897002
     0.95944434
     0.95991922
     0.96038877
     0.96085305
     0.96131210
     0.96176598
     0.96221475
     0.96265845
     0.96311411
     0.96320509
     0.96284048
     0.96247240
     0.96210081
     0.96172570
     0.96136446
     0.96109078
     0.96121352
     0.96133588
     0.96138741
     0.96108542
     0.96061893
     0.96014708
     0.95966981
     0.95913206
     0.95853750
     0.95793467
     0.95732347
     0.95670379
     0.95607553
     0.95543857
     0.95479281
     0.95413815
     0.95385540
     0.95394938
     0.95404317
     0.95413678
     0.95423020
     0.95432345
     0.95441652
     0.95450940
     0.95460211
     0.95469463
     0.95478698
     0.95487914
     0.95497113
     0.95959596
     0.96969697
     0.97979798
     0.98989899
     1.00000000
     0.00000000
     0.00000000
     0.00000000
     0.00000000
     0.00000000
     0.00000000
     0.00000000
     0.00000000
     0.00000000
     0.00000000
     0.00000000
     0.00000000
     0.00000000
     0.00000000
     0.00000000
     0.00000000
     0.00000000
     0.00000000
     0.00000000
     0.95424138
     0.95457483
     0.95488245
     0.95518809
     0.95546089
     0.95560137
     0.95574142
     0.95588104
     0.95601110
     0.95613864
     0.95626584
     0.95639268
     0.95651917
     0.95664531
     0.95677110
     0.95689655
     0.95702164
     0.95714639
     0.95727079
     0.95739485
     0.95751856
     0.95764193
     0.95776496
     0.95788764
     0.95800999
     0.95813199
     0.95825366
     0.95834337
     0.95819742
     0.95850924
     0.95897057
     0.95944423
     0.95991911
     0.96038866
     0.96085294
     0.96131199
     0.96176587
     0.96221464
     0.96265835
     0.96312788
     0.96310078
     0.96273517
     0.96236609
     0.96199349
     0.96161735
     0.96124838
     0.96105734
     0.96118017
     0.96130263
     0.96142472
     0.96131381
     0.96084994
     0.96038074
     0.95990615
     0.95938360
     0.95879829
     0.95819909
     0.95759156
     0.95697560
     0.95635109
     0.95571795
     0.95507605
     0.95442529
     0.95387558
     0.95396951
     0.95406326
     0.95415683
     0.95425022
     0.95434343
     0.95443646
     0.95452930
     0.95462197
     0.95471445
     0.95480676
     0.95489889
     0.95499084
     0.95959596
     0.96969697
     0.97979798
     0.98989899
     1.00000000
     0.00000000
     0.00000000
     0.00000000
     0.00000000
     0.00000000
     0.00000000
     0.00000000
     0.00000000
     0.00000000
     0.00000000
     0.00000000
     0.00000000
     0.00000000
     0.00000000
     0.00000000
     0.00000000
     0.00000000
     0.00000000
     0.00000000
     0.95458562
     0.95489318
     0.95519875
     0.95550235
     0.95564130
     0.95576987
     0.95589809
     0.95602595
     0.95615345
     0.95628061
     0.95640741
     0.95653386
     0.95665996
     0.95678571
     0.95691111
     0.95703616
     0.95716087
     0.95728523
     0.95740925
     0.95753292
     0.95765625
     0.95777924
     0.95790189
     0.95802419
     0.95814616
     0.95826231
     0.95832000
     0.95837761
     0.95828894
     0.95850980
     0.95897112
     0.95944412
     0.95991900
     0.96038855
     0.96085283
     0.96131188
     0.96176577
     0.96221454
     0.96265824
     0.96314165
     0.96299618
     0.96262958
     0.96225949
     0.96188588
     0.96150872
     0.96113197
     0.96102386
     0.96114680
     0.96126936
     0.96139155
     0.96140616
     0.96107965
     0.96061309
     0.96014117
     0.95960875
     0.95904792
     0.95846191
     0.95785803
     0.95724577
     0.95662501
     0.95599565
     0.95535759
     0.95471072
     0.95405492
     0.95398963
     0.95408335
     0.95417688
     0.95427023
     0.95436340
     0.95445639
     0.95454919
     0.95464182
     0.95473427
     0.95482654
     0.95491863
     0.95501054
     0.95959596
     0.96969697
     0.97979798
     0.98989899
     1.00000000
     0.00000000
     0.00000000
     0.00000000
     0.00000000
     0.00000000
     0.00000000
     0.00000000
     0.00000000
     0.00000000
     0.00000000
     0.00000000
     0.00000000
     0.00000000
     0.00000000
     0.00000000
     0.00000000
     0.00000000
     0.00000000
     0.00000000
     0.95489709
     0.95519113
     0.95548335
     0.95565627
     0.95578480
     0.95591297
     0.95604079
     0.95616826
     0.95629537
     0.95642213
     0.95654854
     0.95667460
     0.95680031
     0.95692567
     0.95705068
     0.95717535
     0.95729967
     0.95742365
     0.95754728
     0.95767057
     0.95779352
     0.95791613
     0.95803839
     0.95816032
     0.95823889
     0.95829662
     0.95835426
     0.95841183
     0.95838027
     0.95851035
     0.95897167
     0.95944401
     0.95991889
     0.96038845
     0.96085272
     0.96131178
     0.96176566
     0.96221443
     0.96265814
     0.96315541
     0.96289129
     0.96252370
     0.96215260
     0.96177797
     0.96139979
     0.96101801
     0.96099036
     0.96111340
     0.96123606
     0.96135835
     0.96134987
     0.96114140
     0.96084413
     0.96037486
     0.95983271
     0.95927485
     0.95870959
     0.95812290
     0.95751432
     0.95689728
     0.95627170
     0.95563745
     0.95499444
     0.95434256
     0.95400975
     0.95410342
     0.95419692
     0.95429023
     0.95438336
     0.95447631
     0.95456908
     0.95466167
     0.95475408
     0.95484630
     0.95493836
     0.95503023
     0.95959596
     0.96969697
     0.97979798
     0.98989899
     1.00000000
     0.00000000
     0.00000000
     0.00000000
     0.00000000
     0.00000000
     0.00000000
     0.00000000
     0.00000000
     0.00000000
     0.00000000
     0.00000000
     0.00000000
     0.00000000
     0.00000000
     0.00000000
     0.00000000
     0.00000000
     0.00000000
     0.00000000
     0.95516855
     0.95546090
     0.95567123
     0.95579972
     0.95592785
     0.95605563
     0.95618305
     0.95631012
     0.95643684
     0.95656321
     0.95668923
     0.95681490
     0.95694022
     0.95706520
     0.95718982
     0.95731411
     0.95743804
     0.95756164
     0.95768489
     0.95780779
     0.95793036
     0.95805259
     0.95815764
     0.95821547
     0.95827322
     0.95833090
     0.95838850
     0.95844603
     0.95847141
     0.95851091
     0.95897222
     0.95944390
     0.95991878
     0.96038834
     0.96085262
     0.96131167
     0.96176556
     0.96221433
     0.96265804
     0.96315125
     0.96278612
     0.96241752
     0.96204542
     0.96166977
     0.96129056
     0.96090775
     0.96095683
     0.96107997
     0.96120273
     0.96132513
     0.96129350
     0.96108474
     0.96087491
     0.96060308
     0.96005548
     0.95950058
     0.95893831
     0.95836858
     0.95778126
     0.95716793
     0.95654609
     0.95591564
     0.95527647
     0.95462848
     0.95402986
     0.95412349
     0.95421695
     0.95431022
     0.95440331
     0.95449622
     0.95458895
     0.95468150
     0.95477387
     0.95486606
     0.95495808
     0.95504991
     0.95959596
     0.96969697
     0.97979798
     0.98989899
     1.00000000
     0.00000000
     0.00000000
     0.00000000
     0.00000000
     0.00000000
     0.00000000
     0.00000000
     0.00000000
     0.00000000
     0.00000000
     0.00000000
     0.00000000
     0.00000000
     0.00000000
     0.00000000
     0.00000000
     0.00000000
     0.00000000
     0.00000000
     0.95543845
     0.95568619
     0.95581464
     0.95594273
     0.95607046
     0.95619785
     0.95632488
     0.95645156
     0.95657788
     0.95670386
     0.95682949
     0.95695477
     0.95707971
     0.95720429
     0.95732853
     0.95745243
     0.95757598
     0.95769920
     0.95782206
     0.95794459
     0.95806678
     0.95813417
     0.95819203
     0.95824982
     0.95830752
     0.95836516
     0.95842271
     0.95848019
     0.95853760
     0.95851146
     0.95897277
     0.95944378
     0.95991867
     0.96038823
     0.96085251
     0.96131156
     0.96176545
     0.96221423
     0.96265794
     0.96304679
     0.96268067
     0.96231106
     0.96193795
     0.96156128
     0.96118104
     0.96081613
     0.96092327
     0.96104651
     0.96116938
     0.96129187
     0.96123705
     0.96102800
     0.96081787
     0.96057312
     0.96020933
     0.95972511
     0.95916583
     0.95859911
     0.95802487
     0.95743694
     0.95681884
     0.95619216
     0.95555682
     0.95491270
     0.95425968
     0.95414355
     0.95423697
     0.95433020
     0.95442325
     0.95451613
     0.95460882
     0.95470133
     0.95479366
     0.95488582
     0.95497779
     0.95506958
     0.95959596
     0.96969697
     0.97979798
     0.98989899
     1.00000000
     0.00000000
     0.00000000
     0.00000000
     0.00000000
     0.00000000
     0.00000000
     0.00000000
     0.00000000
     0.00000000
     0.00000000
     0.00000000
     0.00000000
     0.00000000
     0.00000000
     0.00000000
     0.00000000
     0.00000000
     0.00000000
     0.00000000
     0.95570115
     0.95582955
     0.95595760
     0.95608529
     0.95621264
     0.95633963
     0.95646626
     0.95659255
     0.95671849
     0.95684408
     0.95696932
     0.95709421
     0.95721876
     0.95734296
     0.95746682
     0.95759033
     0.95771350
     0.95783633
     0.95795882
     0.95805272
     0.95811069
     0.95816858
     0.95822640
     0.95828414
     0.95834180
     0.95839939
     0.95845690
     0.95851433
     0.95857169
     0.95851202
     0.95897332
     0.95944367
     0.95991856
     0.96038812
     0.96085240
     0.96131146
     0.96176535
     0.96221412
     0.96265783
     0.96294204
     0.96257492
     0.96220431
     0.96183018
     0.96145249
     0.96107122
     0.96078930
     0.96089262
     0.96101303
     0.96113600
     0.96125859
     0.96118052
     0.96097118
     0.96076076
     0.96049046
     0.96012594
     0.95975820
     0.95938722
     0.95882842
     0.95825723
     0.95767846
     0.95708995
     0.95646703
     0.95583549
     0.95519522
     0.95454610
     0.95416361
     0.95425698
     0.95435018
     0.95444319
     0.95453602
     0.95462868
     0.95472115
     0.95481344
     0.95490556
     0.95500677
     0.95514597
     0.95959596
     0.96969697
     0.97979798
     0.98989899
     1.00000000
     0.00000000
     0.00000000
     0.00000000
     0.00000000
     0.00000000
     0.00000000
     0.00000000
     0.00000000
     0.00000000
     0.00000000
     0.00000000
     0.00000000
     0.00000000
     0.00000000
     0.00000000
     0.00000000
     0.00000000
     0.00000000
     0.00000000
     0.95584446
     0.95597247
     0.95610012
     0.95622742
     0.95635437
     0.95648097
     0.95660721
     0.95673311
     0.95685866
     0.95698386
     0.95710871
     0.95723322
     0.95735738
     0.95748119
     0.95760467
     0.95772780
     0.95785059
     0.95797112
     0.95802919
     0.95808719
     0.95814512
     0.95820296
     0.95826073
     0.95831843
     0.95837605
     0.95843359
     0.95849105
     0.95854844
     0.95860576
     0.95857344
     0.95897387
     0.95944356
     0.95991845
     0.96038801
     0.96085229
     0.96131135
     0.96176524
     0.96221402
     0.96265773
     0.96283701
     0.96246889
     0.96209727
     0.96172212
     0.96134341
     0.96096110
     0.96076244
     0.96086583
     0.96097952
     0.96110259
     0.96122528
     0.96112391
     0.96091428
     0.96070356
     0.96040763
     0.96004238
     0.95967390
     0.95930217
     0.95892716
     0.95848835
     0.95791264
     0.95732931
     0.95673825
     0.95611249
     0.95547605
     0.95483081
     0.95418365
     0.95427699
     0.95437014
     0.95446312
     0.95455591
     0.95464853
     0.95474096
     0.95483322
     0.95495193
     0.95509129
     0.95523023
     0.95959596
     0.96969697
     0.97979798
     0.98989899
     1.00000000
     0.00000000
     0.00000000
     0.00000000
     0.00000000
     0.00000000
     0.00000000
     0.00000000
     0.00000000
     0.00000000
     0.00000000
     0.00000000
     0.00000000
     0.00000000
     0.00000000
     0.00000000
     0.00000000
     0.00000000
     0.00000000
     0.00000000
     0.95598733
     0.95611494
     0.95624220
     0.95636911
     0.95649566
     0.95662187
     0.95674772
     0.95687323
     0.95699839
     0.95712320
     0.95724767
     0.95737179
     0.95749557
     0.95761900
     0.95774209
     0.95786484
     0.95794755
     0.95800566
     0.95806369
     0.95812164
     0.95817952
     0.95823732
     0.95829505
     0.95835269
     0.95841027
     0.95846776
     0.95852518
     0.95858253
     0.95863980
     0.95866418
     0.95897442
     0.95944345
     0.95991834
     0.96038790
     0.96085218
     0.96131125
     0.96176514
     0.96221391
     0.96265763
     0.96273169
     0.96236257
     0.96198994
     0.96161377
     0.96123403
     0.96085068
     0.96073557
     0.96083902
     0.96094598
     0.96106915
     0.96119195
     0.96106722
     0.96085730
     0.96064629
     0.96032463
     0.95995865
     0.95958943
     0.95921696
     0.95884120
     0.95846212
     0.95807971
     0.95756534
     0.95697741
     0.95638170
     0.95575520
     0.95511382
     0.95446358
     0.95429698
     0.95439010
     0.95448304
     0.95457579
     0.95466837
     0.95476077
     0.95489702
     0.95503654
     0.95517565
     0.95537596
     0.95959596
     0.96969697
     0.97979798
     0.98989899
     1.00000000
     0.00000000
     0.00000000
     0.00000000
     0.00000000
     0.00000000
     0.00000000
     0.00000000
     0.00000000
     0.00000000
     0.00000000
     0.00000000
     0.00000000
     0.00000000
     0.00000000
     0.00000000
     0.00000000
     0.00000000
     0.00000000
     0.00000000
     0.95612975
     0.95625697
     0.95638384
     0.95651036
     0.95663652
     0.95676234
     0.95688780
     0.95701292
     0.95713769
     0.95726212
     0.95738620
     0.95750994
     0.95763333
     0.95775638
     0.95786575
     0.95792397
     0.95798211
     0.95804017
     0.95809815
     0.95815606
     0.95821390
     0.95827165
     0.95832933
     0.95838693
     0.95844446
     0.95850191
     0.95855929
     0.95861659
     0.95867381
     0.95873096
     0.95897497
     0.95944334
     0.95991823
     0.96038779
     0.96085208
     0.96131114
     0.96176503
     0.96221381
     0.96265752
     0.96262609
     0.96225596
     0.96188232
     0.96150513
     0.96112435
     0.96073996
     0.96070868
     0.96081220
     0.96091546
     0.96103568
     0.96115858
     0.96101046
     0.96080024
     0.96058893
     0.96024147
     0.95987475
     0.95950480
     0.95913157
     0.95875506
     0.95837523
     0.95799205
     0.95760550
     0.95721530
     0.95662274
     0.95602235
     0.95539513
     0.95474878
     0.95431697
     0.95441005
     0.95450295
     0.95459567
     0.95470195
     0.95484205
     0.95498173
     0.95512100
     0.95525986
     0.95568471
     0.95959596
     0.96969697
     0.97979798
     0.98989899
     1.00000000
     0.00000000
     0.00000000
     0.00000000
     0.00000000
     0.00000000
     0.00000000
     0.00000000
     0.00000000
     0.00000000
     0.00000000
     0.00000000
     0.00000000
     0.00000000
     0.00000000
     0.00000000
     0.00000000
     0.00000000
     0.00000000
     0.00000000
     0.95627174
     0.95639857
     0.95652504
     0.95665117
     0.95677694
     0.95690237
     0.95702745
     0.95715218
     0.95727657
     0.95740061
     0.95752431
     0.95764766
     0.95777067
     0.95784213
     0.95790037
     0.95795854
     0.95801664
     0.95807465
     0.95813259
     0.95819046
     0.95824824
     0.95830595
     0.95836359
     0.95842115
     0.95847863
     0.95853603
     0.95859336
     0.95865062
     0.95870780
     0.95876490
     0.95897552
     0.95944323
     0.95991812
     0.96038768
     0.96085197
     0.96131103
     0.96176493
     0.96221371
     0.96265742
     0.96252019
     0.96214906
     0.96177440
     0.96139619
     0.96101438
     0.96062894
     0.96068177
     0.96078536
     0.96088869
     0.96100219
     0.96112519
     0.96095361
     0.96074310
     0.96052238
     0.96015814
     0.95979069
     0.95941999
     0.95904602
     0.95866875
     0.95828816
     0.95790421
     0.95751689
     0.95712617
     0.95673201
     0.95626528
     0.95566017
     0.95503227
     0.95438091
     0.95442999
     0.95452285
     0.95464676
     0.95478701
     0.95492686
     0.95506629
     0.95520531
     0.95546893
     0.95599143
     0.95959596
     0.96969697
     0.97979798
     0.98989899
     1.00000000
     0.00000000
     0.00000000
     0.00000000
     0.00000000
     0.00000000
     0.00000000
     0.00000000
     0.00000000
     0.00000000
     0.00000000
     0.00000000
     0.00000000
     0.00000000
     0.00000000
     0.00000000
     0.00000000
     0.00000000
     0.00000000
     0.00000000
     0.95641329
     0.95653973
     0.95666581
     0.95679155
     0.95691693
     0.95704197
     0.95716666
     0.95729101
     0.95741501
     0.95753867
     0.95766198
     0.95776013
     0.95781849
     0.95787677
     0.95793497
     0.95799309
     0.95805114
     0.95810911
     0.95816701
     0.95822482
     0.95828256
     0.95834023
     0.95839782
     0.95845533
     0.95851277
     0.95857013
     0.95862741
     0.95868462
     0.95874176
     0.95879881
     0.95897607
     0.95944312
     0.95991801
     0.96038757
     0.96085186
     0.96131093
     0.96176482
     0.96221360
     0.96265732
     0.96241401
     0.96204187
     0.96166620
     0.96128695
     0.96090410
     0.96055092
     0.96065484
     0.96075850
     0.96086190
     0.96096867
     0.96109177
     0.96089669
     0.96068588
     0.96043961
     0.96007465
     0.95970646
     0.95933501
     0.95896029
     0.95858227
     0.95820091
     0.95781620
     0.95742811
     0.95703660
     0.95664166
     0.95624325
     0.95584135
     0.95529515
     0.95466660
     0.95445066
     0.95459149
     0.95473191
     0.95487192
     0.95501151
     0.95515069
     0.95528947
     0.95577707
     0.95629612
     0.95959596
     0.96969697
     0.97979798
     0.98989899
     1.00000000
     0.00000000
     0.00000000
     0.00000000
     0.00000000
     0.00000000
     0.00000000
     0.00000000
     0.00000000
     0.00000000
     0.00000000
     0.00000000
     0.00000000
     0.00000000
     0.00000000
     0.00000000
     0.00000000
     0.00000000
     0.00000000
     0.00000000
     0.95655441
     0.95668045
     0.95680614
     0.95693149
     0.95705649
     0.95718114
     0.95730544
     0.95742941
     0.95755302
     0.95767630
     0.95773645
     0.95779484
     0.95785315
     0.95791138
     0.95796954
     0.95802761
     0.95808562
     0.95814354
     0.95820139
     0.95825916
     0.95831686
     0.95837448
     0.95843202
     0.95848949
     0.95854688
     0.95860420
     0.95866144
     0.95871860
     0.95877569
     0.95883270
     0.95897662
     0.95944300
     0.95991790
     0.96038747
     0.96085175
     0.96131082
     0.96176472
     0.96221350
     0.96265721
     0.96230754
     0.96193439
     0.96155769
     0.96117742
     0.96079353
     0.96052390
     0.96062790
     0.96073162
     0.96083509
     0.96093830
     0.96104970
     0.96083968
     0.96062858
     0.96035668
     0.95999098
     0.95962205
     0.95924987
     0.95887439
     0.95849561
     0.95811350
     0.95772801
     0.95733914
     0.95694686
     0.95655113
     0.95615193
     0.95574923
     0.95534300
     0.95491335
     0.95453617
     0.95467675
     0.95481692
     0.95495667
     0.95509602
     0.95523495
     0.95556172
     0.95608318
     0.95659879
     0.95959596
     0.96969697
     0.97979798
     0.98989899
     1.00000000
     0.00000000
     0.00000000
     0.00000000
     0.00000000
     0.00000000
     0.00000000
     0.00000000
     0.00000000
     0.00000000
     0.00000000
     0.00000000
     0.00000000
     0.00000000
     0.00000000
     0.00000000
     0.00000000
     0.00000000
     0.00000000
     0.00000000
     0.95669508
     0.95682074
     0.95694604
     0.95707100
     0.95719561
     0.95731988
     0.95744380
     0.95756737
     0.95765426
     0.95771276
     0.95777117
     0.95782951
     0.95788778
     0.95794597
     0.95800408
     0.95806211
     0.95812007
     0.95817794
     0.95823575
     0.95829348
     0.95835113
     0.95840870
     0.95846620
     0.95852362
     0.95858097
     0.95863824
     0.95869543
     0.95875255
     0.95880959
     0.95886656
     0.95895441
     0.95944289
     0.95991779
     0.96038736
     0.96085165
     0.96131071
     0.96176461
     0.96221339
     0.96265711
     0.96220078
     0.96182662
     0.96144889
     0.96106758
     0.96068266
     0.96049687
     0.96060093
     0.96070473
     0.96080827
     0.96091154
     0.96099291
     0.96078260
     0.96057120
     0.96027359
     0.95990715
     0.95953748
     0.95916455
     0.95878832
     0.95840878
     0.95802590
     0.95763965
     0.95725000
     0.95685693
     0.95646042
     0.95606042
     0.95565692
     0.95527736
     0.95490427
     0.95452647
     0.95476185
     0.95490177
     0.95504128
     0.95518037
     0.95534537
     0.95586925
     0.95638726
     0.95688046
     0.95959596
     0.96969697
     0.97979798
     0.98989899
     1.00000000
     0.00000000
     0.00000000
     0.00000000
     0.00000000
     0.00000000
     0.00000000
     0.00000000
     0.00000000
     0.00000000
     0.00000000
     0.00000000
     0.00000000
     0.00000000
     0.00000000
     0.00000000
     0.00000000
     0.00000000
     0.00000000
     0.00000000
     0.95683532
     0.95696059
     0.95708551
     0.95721008
     0.95733430
     0.95745818
     0.95757192
     0.95763052
     0.95768905
     0.95774750
     0.95780587
     0.95786416
     0.95792238
     0.95798052
     0.95803859
     0.95809658
     0.95815449
     0.95821232
     0.95827008
     0.95832776
     0.95838537
     0.95844290
     0.95850035
     0.95855773
     0.95861503
     0.95867225
     0.95872940
     0.95878648
     0.95884347
     0.95890040
     0.95895724
     0.95944278
     0.95991768
     0.96038725
     0.96085154
     0.96131061
     0.96176451
     0.96221329
     0.96265701
     0.96209373
     0.96171855
     0.96133980
     0.96095746
     0.96057148
     0.96046983
     0.96057396
     0.96067782
     0.96078142
     0.96088476
     0.96093604
     0.96072544
     0.96051374
     0.96019032
     0.95982315
     0.95945274
     0.95907906
     0.95870208
     0.95832178
     0.95793813
     0.95755111
     0.95716069
     0.95676683
     0.95636952
     0.95597264
     0.95560508
     0.95523460
     0.95486117
     0.95448477
     0.95470653
     0.95498647
     0.95512573
     0.95526457
     0.95565433
     0.95613829
     0.95661144
     0.95707971
     0.95959596
     0.96969697
     0.97979798
     0.98989899
     1.00000000
     0.00000000
     0.00000000
     0.00000000
     0.00000000
     0.00000000
     0.00000000
     0.00000000
     0.00000000
     0.00000000
     0.00000000
     0.00000000
     0.00000000
     0.00000000
     0.00000000
     0.00000000
     0.00000000
     0.00000000
     0.00000000
     0.00000000
     0.00000000
     0.95710001
     0.95722454
     0.95734872
     0.95747257
     0.95754814
     0.95760677
     0.95766533
     0.95772381
     0.95778221
     0.95784054
     0.95789879
     0.95795696
     0.95801506
     0.95807307
     0.95813102
     0.95818888
     0.95824667
     0.95830438
     0.95836202
     0.95841958
     0.95847706
     0.95853447
     0.95859180
     0.95864906
     0.95870624
     0.95876334
     0.95882037
     0.95887733
     0.95893421
     0.95899101
     0.95944267
     0.95991757
     0.96038714
     0.96085143
     0.96131050
     0.96176440
     0.96221318
     0.96255879
     0.96198639
     0.96161019
     0.96123041
     0.96084703
     0.96046001
     0.96044276
     0.96054696
     0.96065089
     0.96075456
     0.96085797
     0.96088622
     0.96067121
     0.96045620
     0.96010689
     0.95973899
     0.95936783
     0.95899340
     0.95861567
     0.95823460
     0.95785019
     0.95746239
     0.95707119
     0.95667655
     0.95629550
     0.95593051
     0.95556261
     0.95519179
     0.95481802
     0.95444129
     0.95447174
     0.95482744
     0.95517009
     0.95538395
     0.95586486
     0.95634082
     0.95681188
     0.95727809
     0.95959596
     0.96969697
     0.97979798
     0.98989899
     1.00000000
     0.00000000
     0.00000000
     0.00000000
     0.00000000
     0.00000000
     0.00000000
     0.00000000
     0.00000000
     0.00000000
     0.00000000
     0.00000000
     0.00000000
     0.00000000
     0.00000000
     0.00000000
     0.00000000
     0.00000000
     0.00000000
     0.00000000
     0.00000000
     0.95723900
     0.95736314
     0.95746560
     0.95752434
     0.95758301
     0.95764160
     0.95770011
     0.95775854
     0.95781690
     0.95787518
     0.95793338
     0.95799151
     0.95804956
     0.95810753
     0.95816543
     0.95822325
     0.95828099
     0.95833866
     0.95839625
     0.95845377
     0.95851120
     0.95856857
     0.95862585
     0.95868307
     0.95874020
     0.95879726
     0.95885424
     0.95891115
     0.95896799
     0.95902474
     0.95944256
     0.95991746
     0.96038703
     0.96085132
     0.96131039
     0.96176429
     0.96221308
     0.96243527
     0.96187876
     0.96150153
     0.96112072
     0.96073630
     0.96034823
     0.96041568
     0.96051994
     0.96062394
     0.96072768
     0.96083116
     0.96083716
     0.96062190
     0.96039563
     0.96002607
     0.95965465
     0.95928275
     0.95890757
     0.95852908
     0.95814725
     0.95776207
     0.95737350
     0.95698151
     0.95661609
     0.95625366
     0.95588834
     0.95552011
     0.95514895
     0.95477484
     0.95439776
     0.95423580
     0.95459325
     0.95494804
     0.95558594
     0.95606859
     0.95654246
     0.95701144
     0.95747558
     0.95959596
     0.96969697
     0.97979798
     0.98989899
     1.00000000
     0.00000000
     0.00000000
     0.00000000
     0.00000000
     0.00000000
     0.00000000
     0.00000000
     0.00000000
     0.00000000
     0.00000000
     0.00000000
     0.00000000
     0.00000000
     0.00000000
     0.00000000
     0.00000000
     0.00000000
     0.00000000
     0.00000000
     0.00000000
     0.95737756
     0.95744176
     0.95750053
     0.95755923
     0.95761785
     0.95767639
     0.95773486
     0.95779325
     0.95785156
     0.95790979
     0.95796795
     0.95802603
     0.95808404
     0.95814197
     0.95819982
     0.95825759
     0.95831529
     0.95837291
     0.95843046
     0.95848793
     0.95854532
     0.95860264
     0.95865988
     0.95871704
     0.95877413
     0.95883115
     0.95888809
     0.95894495
     0.95900174
     0.95905846
     0.95942080
     0.95991735
     0.96038692
     0.96085121
     0.96131029
     0.96176419
     0.96221298
     0.96231135
     0.96177084
     0.96139258
     0.96101074
     0.96062527
     0.96028398
     0.96038858
     0.96049291
     0.96059698
     0.96070079
     0.96080433
     0.96078805
     0.96057253
     0.96032068
     0.95995044
     0.95957690
     0.95920002
     0.95882156
     0.95844232
     0.95805973
     0.95767377
     0.95729148
     0.95693444
     0.95657455
     0.95621178
     0.95584613
     0.95547756
     0.95510607
     0.95473162
     0.95435419
     0.95399869
     0.95435790
     0.95485520
     0.95555988
     0.95625406
     0.95674320
     0.95721011
     0.95767221
     0.95959596
     0.96969697
     0.97979798
     0.98989899
     1.00000000
     0.00000000
     0.00000000
     0.00000000
     0.00000000
     0.00000000
     0.00000000
     0.00000000
     0.00000000
     0.00000000
     0.00000000
     0.00000000
     0.00000000
     0.00000000
     0.00000000
     0.00000000
     0.00000000
     0.00000000
     0.00000000
     0.00000000
     0.00000000
     0.95741790
     0.95747671
     0.95753544
     0.95759409
     0.95765267
     0.95771116
     0.95776958
     0.95782793
     0.95788619
     0.95794438
     0.95800249
     0.95806053
     0.95811849
     0.95817637
     0.95823418
     0.95829190
     0.95834956
     0.95840713
     0.95846463
     0.95852206
     0.95857941
     0.95863668
     0.95869388
     0.95875100
     0.95880804
     0.95886501
     0.95892191
     0.95897873
     0.95903547
     0.95909214
     0.95936502
     0.95991724
     0.96038681
     0.96085111
     0.96131018
     0.96176408
     0.96221287
     0.96218705
     0.96166262
     0.96128334
     0.96090046
     0.96051394
     0.96025679
     0.96036146
     0.96046586
     0.96057000
     0.96067387
     0.96077749
     0.96073887
     0.96052309
     0.96024559
     0.95987468
     0.95950046
     0.95912290
     0.95874198
     0.95835765
     0.95797203
     0.95760510
     0.95725056
     0.95689319
     0.95653296
     0.95616987
     0.95580388
     0.95543498
     0.95506314
     0.95468835
     0.95431059
     0.95392982
     0.95412139
     0.95482874
     0.95553381
     0.95622838
     0.95691259
     0.95740791
     0.95786797
     0.95959596
     0.96969697
     0.97979798
     0.98989899
     1.00000000
     0.00000000
     0.00000000
     0.00000000
     0.00000000
     0.00000000
     0.00000000
     0.00000000
     0.00000000
     0.00000000
     0.00000000
     0.00000000
     0.00000000
     0.00000000
     0.00000000
     0.00000000
     0.00000000
     0.00000000
     0.00000000
     0.00000000
     0.00000000
     0.95745288
     0.95751164
     0.95757032
     0.95762893
     0.95768746
     0.95774591
     0.95780428
     0.95786258
     0.95792080
     0.95797894
     0.95803701
     0.95809500
     0.95815291
     0.95821075
     0.95826851
     0.95832619
     0.95838380
     0.95844133
     0.95849878
     0.95855616
     0.95861347
     0.95867069
     0.95872785
     0.95878492
     0.95884192
     0.95889885
     0.95895570
     0.95901247
     0.95906917
     0.95912580
     0.95930916
     0.95991713
     0.96038670
     0.96085100
     0.96131007
     0.96176398
     0.96221277
     0.96206235
     0.96155410
     0.96117379
     0.96078987
     0.96040231
     0.96022959
     0.96033432
     0.96043879
     0.96054300
     0.96064694
     0.96075062
     0.96068964
     0.96047360
     0.96017036
     0.95979878
     0.95942389
     0.95904564
     0.95866403
     0.95827901
     0.95792051
     0.95756446
     0.95720959
     0.95685190
     0.95649135
     0.95612792
     0.95576160
     0.95539236
     0.95502018
     0.95464505
     0.95426694
     0.95388583
     0.95408614
     0.95480226
     0.95550772
     0.95620268
     0.95688727
     0.95756164
     0.95806286
     0.95959596
     0.96969697
     0.97979798
     0.98989899
     1.00000000
     0.00000000
     0.00000000
     0.00000000
     0.00000000
     0.00000000
     0.00000000
     0.00000000
     0.00000000
     0.00000000
     0.00000000
     0.00000000
     0.00000000
     0.00000000
     0.00000000
     0.00000000
     0.00000000
     0.00000000
     0.00000000
     0.00000000
     0.00000000
     0.95748782
     0.95754654
     0.95760517
     0.95766373
     0.95772222
     0.95778062
     0.95783895
     0.95789720
     0.95795538
     0.95801347
     0.95807150
     0.95812944
     0.95818731
     0.95824510
     0.95830281
     0.95836045
     0.95841801
     0.95847550
     0.95853291
     0.95859024
     0.95864750
     0.95870468
     0.95876179
     0.95881882
     0.95887578
     0.95893266
     0.95898946
     0.95904619
     0.95910285
     0.95915943
     0.95925322
     0.95991702
     0.96038659
     0.96085089
     0.96130997
     0.96176387
     0.96221266
     0.96193725
     0.96144530
     0.96106395
     0.96067899
     0.96029038
     0.96020236
     0.96030717
     0.96041171
     0.96051598
     0.96061999
     0.96072374
     0.96064035
     0.96042405
     0.96009500
     0.95972275
     0.95934717
     0.95896824
     0.95859521
     0.95824162
     0.95788515
     0.95752577
     0.95716859
     0.95681057
     0.95644969
     0.95608593
     0.95571927
     0.95534970
     0.95497718
     0.95460171
     0.95422325
     0.95389635
     0.95405925
     0.95477576
     0.95548162
     0.95617697
     0.95686194
     0.95753669
     0.95820134
     0.95959596
     0.96969697
     0.97979798
     0.98989899
     1.00000000
     0.00000000
     0.00000000
     0.00000000
     0.00000000
     0.00000000
     0.00000000
     0.00000000
     0.00000000
     0.00000000
     0.00000000
     0.00000000
     0.00000000
     0.00000000
     0.00000000
     0.00000000
     0.00000000
     0.00000000
     0.00000000
     0.00000000
     0.00000000
     0.95752274
     0.95758141
     0.95764000
     0.95769852
     0.95775695
     0.95781531
     0.95787359
     0.95793180
     0.95798993
     0.95804798
     0.95810596
     0.95816385
     0.95822168
     0.95827942
     0.95833709
     0.95839468
     0.95845220
     0.95850964
     0.95856701
     0.95862430
     0.95868151
     0.95873865
     0.95879571
     0.95885269
     0.95890960
     0.95896644
     0.95902320
     0.95907989
     0.95913650
     0.95919303
     0.95925364
     0.95989637
     0.96038648
     0.96085078
     0.96130986
     0.96176377
     0.96221256
     0.96181176
     0.96133619
     0.96095381
     0.96056781
     0.96017815
     0.96017512
     0.96027999
     0.96038460
     0.96048895
     0.96059303
     0.96069684
     0.96059100
     0.96037444
     0.96001950
     0.95964657
     0.95927032
     0.95891139
     0.95856039
     0.95820652
     0.95784976
     0.95749010
     0.95712756
     0.95676920
     0.95640799
     0.95604390
     0.95567691
     0.95530700
     0.95493414
     0.95455833
     0.95417953
     0.95407781
     0.95408335
     0.95474925
     0.95545550
     0.95615124
     0.95683660
     0.95751172
     0.95817675
     0.95959596
     0.96969697
     0.97979798
     0.98989899
     1.00000000
     0.00000000
     0.00000000
     0.00000000
     0.00000000
     0.00000000
     0.00000000
     0.00000000
     0.00000000
     0.00000000
     0.00000000
     0.00000000
     0.00000000
     0.00000000
     0.00000000
     0.00000000
     0.00000000
     0.00000000
     0.00000000
     0.00000000
     0.00000000
     0.95755763
     0.95761625
     0.95767480
     0.95773327
     0.95779166
     0.95784997
     0.95790821
     0.95796637
     0.95802445
     0.95808246
     0.95814039
     0.95819824
     0.95825602
     0.95831372
     0.95837134
     0.95842889
     0.95848636
     0.95854376
     0.95860108
     0.95865832
     0.95871549
     0.95877258
     0.95882960
     0.95888654
     0.95894341
     0.95900020
     0.95905691
     0.95911355
     0.95917012
     0.95922661
     0.95928651
     0.95984121
     0.96038638
     0.96085068
     0.96130975
     0.96176366
     0.96221246
     0.96168588
     0.96122679
     0.96084338
     0.96045632
     0.96006561
     0.96014786
     0.96025280
     0.96035748
     0.96046189
     0.96056604
     0.96066993
     0.96054159
     0.96031415
     0.95994386
     0.95957088
     0.95922527
     0.95887683
     0.95852555
     0.95817140
     0.95781435
     0.95745439
     0.95709150
     0.95672780
     0.95636626
     0.95600183
     0.95563451
     0.95526426
     0.95489107
     0.95451491
     0.95425307
     0.95425859
     0.95426411
     0.95472273
     0.95542937
     0.95612550
     0.95681124
     0.95748675
     0.95815215
     0.95959596
     0.96969697
     0.97979798
     0.98989899
     1.00000000
     0.00000000
     0.00000000
     0.00000000
     0.00000000
     0.00000000
     0.00000000
     0.00000000
     0.00000000
     0.00000000
     0.00000000
     0.00000000
     0.00000000
     0.00000000
     0.00000000
     0.00000000
     0.00000000
     0.00000000
     0.00000000
     0.00000000
     0.00000000
     0.95759250
     0.95765107
     0.95770957
     0.95776799
     0.95782634
     0.95788461
     0.95794280
     0.95800091
     0.95805895
     0.95811691
     0.95817479
     0.95823260
     0.95829033
     0.95834799
     0.95840557
     0.95846307
     0.95852050
     0.95857785
     0.95863512
     0.95869232
     0.95874944
     0.95880649
     0.95886346
     0.95892036
     0.95897718
     0.95903393
     0.95909060
     0.95914719
     0.95920371
     0.95926016
     0.95931936
     0.95978597
     0.96038627
     0.96085057
     0.96130965
     0.96176356
     0.96221235
     0.96155959
     0.96111710
     0.96073264
     0.96034454
     0.96001531
     0.96012059
     0.96022560
     0.96033034
     0.96043482
     0.96053904
     0.96064299
     0.96049212
     0.96023905
     0.95987992
     0.95953685
     0.95919096
     0.95884225
     0.95849068
     0.95813624
     0.95777891
     0.95741866
     0.95705548
     0.95668934
     0.95632448
     0.95595973
     0.95559207
     0.95522148
     0.95484795
     0.95447145
     0.95443320
     0.95443870
     0.95444420
     0.95469618
     0.95540323
     0.95609974
     0.95678587
     0.95746175
     0.95812753
     0.95959596
     0.96969697
     0.97979798
     0.98989899
     1.00000000
     0.00000000
     0.00000000
     0.00000000
     0.00000000
     0.00000000
     0.00000000
     0.00000000
     0.00000000
     0.00000000
     0.00000000
     0.00000000
     0.00000000
     0.00000000
     0.00000000
     0.00000000
     0.00000000
     0.00000000
     0.00000000
     0.00000000
     0.00000000
     0.95762733
     0.95768586
     0.95774432
     0.95780269
     0.95786099
     0.95791921
     0.95797736
     0.95803543
     0.95809342
     0.95815133
     0.95820917
     0.95826694
     0.95832462
     0.95838223
     0.95843976
     0.95849722
     0.95855460
     0.95861191
     0.95866914
     0.95872629
     0.95878337
     0.95884037
     0.95889730
     0.95895415
     0.95901093
     0.95906763
     0.95912425
     0.95918081
     0.95923728
     0.95929368
     0.95935218
     0.95973067
     0.96038616
     0.96085046
     0.96130954
     0.96176345
     0.96221225
     0.96143290
     0.96100710
     0.96062160
     0.96023245
     0.95998795
     0.96009329
     0.96019837
     0.96030318
     0.96040773
     0.96051202
     0.96061604
     0.96044259
     0.96018671
     0.95984614
     0.95950279
     0.95915663
     0.95880763
     0.95845578
     0.95810106
     0.95774344
     0.95738290
     0.95701943
     0.95665300
     0.95628358
     0.95591759
     0.95554959
     0.95517866
     0.95480479
     0.95460717
     0.95461265
     0.95461812
     0.95462360
     0.95466963
     0.95537707
     0.95607397
     0.95676049
     0.95743675
     0.95810290
     0.95959596
     0.96969697
     0.97979798
     0.98989899
     1.00000000
     0.00000000
     0.00000000
     0.00000000
     0.00000000
     0.00000000
     0.00000000
     0.00000000
     0.00000000
     0.00000000
     0.00000000
     0.00000000
     0.00000000
     0.00000000
     0.00000000
     0.00000000
     0.00000000
     0.00000000
     0.00000000
     0.00000000
     0.00000000
     0.95766214
     0.95772063
     0.95777903
     0.95783736
     0.95789562
     0.95795379
     0.95801189
     0.95806992
     0.95812786
     0.95818573
     0.95824353
     0.95830124
     0.95835888
     0.95841645
     0.95847393
     0.95853135
     0.95858868
     0.95864594
     0.95870313
     0.95876024
     0.95881727
     0.95887423
     0.95893111
     0.95898792
     0.95904465
     0.95910130
     0.95915789
     0.95921439
     0.95927082
     0.95932718
     0.95938498
     0.95967529
     0.96036659
     0.96085035
     0.96130943
     0.96176335
     0.96217406
     0.96130582
     0.96089681
     0.96051026
     0.96012006
     0.95996057
     0.96006598
     0.96017113
     0.96027601
     0.96038063
     0.96048498
     0.96059087
     0.96041097
     0.96015318
     0.95981234
     0.95946871
     0.95912226
     0.95877299
     0.95842085
     0.95806584
     0.95770794
     0.95734711
     0.95698335
     0.95661662
     0.95624691
     0.95587540
     0.95550707
     0.95513581
     0.95478050
     0.95478596
     0.95479142
     0.95479688
     0.95480234
     0.95480779
     0.95535089
     0.95604819
     0.95673509
     0.95741173
     0.95807825
     0.95959596
     0.96969697
     0.97979798
     0.98989899
     1.00000000
     0.00000000
     0.00000000
     0.00000000
     0.00000000
     0.00000000
     0.00000000
     0.00000000
     0.00000000
     0.00000000
     0.00000000
     0.00000000
     0.00000000
     0.00000000
     0.00000000
     0.00000000
     0.00000000
     0.00000000
     0.00000000
     0.00000000
     0.00000000
     0.95769692
     0.95775536
     0.95781372
     0.95787201
     0.95793022
     0.95798835
     0.95804640
     0.95810438
     0.95816228
     0.95822010
     0.95827785
     0.95833552
     0.95839312
     0.95845064
     0.95850808
     0.95856545
     0.95862274
     0.95867995
     0.95873709
     0.95879415
     0.95885114
     0.95890806
     0.95896489
     0.95902166
     0.95907834
     0.95913495
     0.95919149
     0.95924795
     0.95930434
     0.95936065
     0.95941775
     0.95961984
     0.96031205
     0.96085025
     0.96130933
     0.96176324
     0.96204932
     0.96117833
     0.96078622
     0.96039862
     0.96000736
     0.95993317
     0.96003865
     0.96014387
     0.96024882
     0.96035350
     0.96046560
     0.96058383
     0.96038340
     0.96011962
     0.95977850
     0.95943460
     0.95908787
     0.95873831
     0.95838590
     0.95803060
     0.95767241
     0.95731130
     0.95694724
     0.95658022
     0.95621021
     0.95583720
     0.95546451
     0.95509291
     0.95495865
     0.95496408
     0.95496952
     0.95497496
     0.95498040
     0.95498584
     0.95532470
     0.95602239
     0.95670967
     0.95738669
     0.95805359
     0.95959596
     0.96969697
     0.97979798
     0.98989899
     1.00000000
     0.00000000
     0.00000000
     0.00000000
     0.00000000
     0.00000000
     0.00000000
     0.00000000
     0.00000000
     0.00000000
     0.00000000
     0.00000000
     0.00000000
     0.00000000
     0.00000000
     0.00000000
     0.00000000
     0.00000000
     0.00000000
     0.00000000
     0.00000000
     0.95773168
     0.95779007
     0.95784839
     0.95790663
     0.95796479
     0.95802287
     0.95808088
     0.95813881
     0.95819667
     0.95825445
     0.95831215
     0.95836977
     0.95842732
     0.95848480
     0.95854220
     0.95859952
     0.95865676
     0.95871393
     0.95877103
     0.95882805
     0.95888499
     0.95894186
     0.95899865
     0.95905537
     0.95911201
     0.95916858
     0.95922507
     0.95928149
     0.95933783
     0.95939410
     0.95945050
     0.95956432
     0.96025744
     0.96085014
     0.96130922
     0.96176314
     0.96192419
     0.96106032
     0.96067533
     0.96028668
     0.95989436
     0.95990575
     0.96001130
     0.96011659
     0.96022161
     0.96033996
     0.96046055
     0.96055637
     0.96035581
     0.96008603
     0.95974464
     0.95940046
     0.95905346
     0.95870362
     0.95835092
     0.95799534
     0.95763686
     0.95727545
     0.95691110
     0.95654379
     0.95617349
     0.95580017
     0.95542383
     0.95513070
     0.95513612
     0.95514154
     0.95514696
     0.95515238
     0.95515779
     0.95516321
     0.95529850
     0.95599657
     0.95668424
     0.95736164
     0.95802892
     0.95959596
     0.96969697
     0.97979798
     0.98989899
     1.00000000
     0.00000000
     0.00000000
     0.00000000
     0.00000000
     0.00000000
     0.00000000
     0.00000000
     0.00000000
     0.00000000
     0.00000000
     0.00000000
     0.00000000
     0.00000000
     0.00000000
     0.00000000
     0.00000000
     0.00000000
     0.00000000
     0.00000000
     0.00000000
     0.95776640
     0.95782475
     0.95788302
     0.95794121
     0.95799933
     0.95805737
     0.95811533
     0.95817322
     0.95823103
     0.95828876
     0.95834642
     0.95840400
     0.95846150
     0.95851893
     0.95857629
     0.95863356
     0.95869076
     0.95874789
     0.95880494
     0.95886191
     0.95891881
     0.95897563
     0.95903238
     0.95908905
     0.95914565
     0.95920217
     0.95925862
     0.95931500
     0.95937129
     0.95942752
     0.95948367
     0.95956300
     0.96020275
     0.96085003
     0.96130912
     0.96176303
     0.96179865
     0.96095017
     0.96056413
     0.96017443
     0.95978105
     0.95987831
     0.95998393
     0.96009261
     0.96021393
     0.96033489
     0.96045550
     0.96052890
     0.96032820
     0.96005242
     0.95971075
     0.95936629
     0.95901901
     0.95866889
     0.95831591
     0.95796004
     0.95760127
     0.95723958
     0.95687494
     0.95650733
     0.95613673
     0.95576312
     0.95538647
     0.95531017
     0.95531293
     0.95531833
     0.95532373
     0.95532912
     0.95533452
     0.95533992
     0.95534531
     0.95597075
     0.95665880
     0.95733658
     0.95800423
     0.95959596
     0.96969697
     0.97979798
     0.98989899
     1.00000000
     0.00000000
     0.00000000
     0.00000000
     0.00000000
     0.00000000
     0.00000000
     0.00000000
     0.00000000
     0.00000000
     0.00000000
     0.00000000
     0.00000000
     0.00000000
     0.00000000
     0.00000000
     0.00000000
     0.00000000
     0.00000000
     0.00000000
     0.00000000
     0.95780110
     0.95785941
     0.95791763
     0.95797578
     0.95803385
     0.95809184
     0.95814976
     0.95820760
     0.95826536
     0.95832305
     0.95838066
     0.95843820
     0.95849566
     0.95855304
     0.95861035
     0.95866758
     0.95872474
     0.95878182
     0.95883882
     0.95889575
     0.95895260
     0.95900938
     0.95906609
     0.95912271
     0.95917927
     0.95923575
     0.95929215
     0.95934848
     0.95940473
     0.95946091
     0.95951702
     0.95959564
     0.96014800
     0.96083152
     0.96130901
     0.96176293
     0.96167273
     0.96083972
     0.96045264
     0.96006188
     0.95974490
     0.95985086
     0.95996583
     0.96008751
     0.96020884
     0.96032982
     0.96045044
     0.96050141
     0.96030058
     0.96001878
     0.95967684
     0.95933210
     0.95898454
     0.95863413
     0.95828087
     0.95792471
     0.95756566
     0.95720367
     0.95683874
     0.95647084
     0.95609994
     0.95572603
     0.95549211
     0.95549368
     0.95549526
     0.95549683
     0.95549983
     0.95550521
     0.95551058
     0.95551596
     0.95552134
     0.95594490
     0.95663334
     0.95731151
     0.95797953
     0.95959596
     0.96969697
     0.97979798
     0.98989899
     1.00000000
     0.00000000
     0.00000000
     0.00000000
     0.00000000
     0.00000000
     0.00000000
     0.00000000
     0.00000000
     0.00000000
     0.00000000
     0.00000000
     0.00000000
     0.00000000
     0.00000000
     0.00000000
     0.00000000
     0.00000000
     0.00000000
     0.00000000
     0.00000000
     0.00000000
     0.95789403
     0.95795221
     0.95801031
     0.95806834
     0.95812629
     0.95818416
     0.95824195
     0.95829967
     0.95835731
     0.95841488
     0.95847237
     0.95852978
     0.95858712
     0.95864438
     0.95870157
     0.95875868
     0.95881572
     0.95887268
     0.95892956
     0.95898637
     0.95904310
     0.95909976
     0.95915635
     0.95921286
     0.95926929
     0.95932565
     0.95938193
     0.95943814
     0.95949428
     0.95955034
     0.95962824
     0.96009317
     0.96077759
     0.96130890
     0.96176282
     0.96154640
     0.96072898
     0.96034084
     0.95994903
     0.95971736
     0.95983866
     0.95996071
     0.96008241
     0.96020376
     0.96032475
     0.96044539
     0.96047390
     0.96027293
     0.95998511
     0.95964289
     0.95929788
     0.95895004
     0.95859935
     0.95824580
     0.95788936
     0.95753002
     0.95716774
     0.95680252
     0.95643432
     0.95606313
     0.95568892
     0.95567491
     0.95567648
     0.95567805
     0.95567962
     0.95568119
     0.95568275
     0.95568599
     0.95569134
     0.95569670
     0.95591905
     0.95660787
     0.95728641
     0.95795481
     0.95959596
     0.96969697
     0.97979798
     0.98989899
     1.00000000
     0.00000000
     0.00000000
     0.00000000
     0.00000000
     0.00000000
     0.00000000
     0.00000000
     0.00000000
     0.00000000
     0.00000000
     0.00000000
     0.00000000
     0.00000000
     0.00000000
     0.00000000
     0.00000000
     0.00000000
     0.00000000
     0.00000000
     0.00000000
     0.00000000
     0.95792863
     0.95798676
     0.95804482
     0.95810280
     0.95816070
     0.95821853
     0.95827628
     0.95833395
     0.95839155
     0.95844907
     0.95850652
     0.95856388
     0.95862118
     0.95867839
     0.95873554
     0.95879260
     0.95884959
     0.95890651
     0.95896335
     0.95902011
     0.95907680
     0.95913341
     0.95918995
     0.95924642
     0.95930281
     0.95935912
     0.95941536
     0.95947153
     0.95952762
     0.95958363
     0.95966083
     0.96003827
     0.96072360
     0.96130880
     0.96176272
     0.96141967
     0.96061793
     0.96022874
     0.95984043
     0.95971110
     0.95983353
     0.95995560
     0.96007731
     0.96019867
     0.96031968
     0.96044033
     0.96044637
     0.96024527
     0.95995141
     0.95960892
     0.95926363
     0.95891551
     0.95856454
     0.95821070
     0.95785398
     0.95749435
     0.95713178
     0.95676626
     0.95639777
     0.95602628
     0.95585543
     0.95585699
     0.95585856
     0.95586012
     0.95586168
     0.95586325
     0.95586481
     0.95586637
     0.95586793
     0.95587140
     0.95589318
     0.95658239
     0.95726131
     0.95793008
     0.95959596
     0.96969697
     0.97979798
     0.98989899
     1.00000000
     0.00000000
     0.00000000
     0.00000000
     0.00000000
     0.00000000
     0.00000000
     0.00000000
     0.00000000
     0.00000000
     0.00000000
     0.00000000
     0.00000000
     0.00000000
     0.00000000
     0.00000000
     0.00000000
     0.00000000
     0.00000000
     0.00000000
     0.00000000
     0.00000000
     0.95796320
     0.95802129
     0.95807930
     0.95813724
     0.95819509
     0.95825287
     0.95831058
     0.95836821
     0.95842576
     0.95848323
     0.95854063
     0.95859796
     0.95865521
     0.95871238
     0.95876947
     0.95882649
     0.95888344
     0.95894031
     0.95899711
     0.95905382
     0.95911047
     0.95916704
     0.95922353
     0.95927995
     0.95933630
     0.95939257
     0.95944876
     0.95950488
     0.95956093
     0.95961690
     0.95969338
     0.95998329
     0.96066953
     0.96130869
     0.96176261
     0.96129254
     0.96050658
     0.96012643
     0.95974801
     0.95970595
     0.95982840
     0.95995048
     0.96007221
     0.96019359
     0.96031461
     0.96043527
     0.96041882
     0.96021759
     0.95991769
     0.95957493
     0.95922935
     0.95888095
     0.95852970
     0.95817558
     0.95781857
     0.95745865
     0.95709579
     0.95672998
     0.95636119
     0.95603525
     0.95603681
     0.95603837
     0.95603992
     0.95604148
     0.95604303
     0.95604459
     0.95604615
     0.95604770
     0.95604926
     0.95605082
     0.95605237
     0.95655689
     0.95723619
     0.95790534
     0.95959596
     0.96969697
     0.97979798
     0.98989899
     1.00000000
     0.00000000
     0.00000000
     0.00000000
     0.00000000
     0.00000000
     0.00000000
     0.00000000
     0.00000000
     0.00000000
     0.00000000
     0.00000000
     0.00000000
     0.00000000
     0.00000000
     0.00000000
     0.00000000
     0.00000000
     0.00000000
     0.00000000
     0.00000000
     0.00000000
     0.95799775
     0.95805579
     0.95811376
     0.95817164
     0.95822946
     0.95828719
     0.95834485
     0.95840243
     0.95845994
     0.95851737
     0.95857472
     0.95863200
     0.95868921
     0.95874633
     0.95880338
     0.95886036
     0.95891726
     0.95897409
     0.95903084
     0.95908751
     0.95914411
     0.95920064
     0.95925709
     0.95931346
     0.95936976
     0.95942599
     0.95948214
     0.95953822
     0.95959422
     0.95965015
     0.95972592
     0.95992825
     0.96061539
     0.96129122
     0.96176250
     0.96116744
     0.96041048
     0.96003465
     0.95965539
     0.95970081
     0.95982326
     0.95994536
     0.96006711
     0.96018850
     0.96030953
     0.96043022
     0.96039126
     0.96018989
     0.95988394
     0.95954090
     0.95919505
     0.95884637
     0.95849483
     0.95814043
     0.95778313
     0.95742292
     0.95705977
     0.95669367
     0.95632458
     0.95621592
     0.95621747
     0.95621902
     0.95622058
     0.95622213
     0.95622368
     0.95622523
     0.95622678
     0.95622833
     0.95622988
     0.95623143
     0.95623298
     0.95650091
     0.95720305
     0.95788058
     0.95959596
     0.96969697
     0.97979798
     0.98989899
     1.00000000
     0.00000000
     0.00000000
     0.00000000
     0.00000000
     0.00000000
     0.00000000
     0.00000000
     0.00000000
     0.00000000
     0.00000000
     0.00000000
     0.00000000
     0.00000000
     0.00000000
     0.00000000
     0.00000000
     0.00000000
     0.00000000
     0.00000000
     0.00000000
     0.00000000
     0.95803227
     0.95809026
     0.95814818
     0.95820603
     0.95826379
     0.95832148
     0.95837910
     0.95843663
     0.95849409
     0.95855148
     0.95860879
     0.95866602
     0.95872318
     0.95878026
     0.95883727
     0.95889420
     0.95895106
     0.95900784
     0.95906454
     0.95912117
     0.95917773
     0.95923421
     0.95929061
     0.95934694
     0.95940320
     0.95945938
     0.95951549
     0.95957152
     0.95962748
     0.95968337
     0.95975842
     0.95987313
     0.96056118
     0.96123790
     0.96179472
     0.96117612
     0.96038797
     0.95994266
     0.95957283
     0.95969566
     0.95981813
     0.95994025
     0.96006201
     0.96018341
     0.96030446
     0.96042516
     0.96036367
     0.96016217
     0.95985017
     0.95950685
     0.95916072
     0.95881175
     0.95845994
     0.95810525
     0.95774766
     0.95738716
     0.95702372
     0.95665733
     0.95639434
     0.95639589
     0.95639743
     0.95639898
     0.95640052
     0.95640206
     0.95640361
     0.95640515
     0.95640670
     0.95640824
     0.95640979
     0.95641133
     0.95641287
     0.95643211
     0.95713531
     0.95782766
     0.95959596
     0.96969697
     0.97979798
     0.98989899
     1.00000000
     0.00000000
     0.00000000
     0.00000000
     0.00000000
     0.00000000
     0.00000000
     0.00000000
     0.00000000
     0.00000000
     0.00000000
     0.00000000
     0.00000000
     0.00000000
     0.00000000
     0.00000000
     0.00000000
     0.00000000
     0.00000000
     0.00000000
     0.00000000
     0.00000000
     0.95806676
     0.95812471
     0.95818258
     0.95824038
     0.95829810
     0.95835575
     0.95841331
     0.95847081
     0.95852822
     0.95858556
     0.95864283
     0.95870002
     0.95875713
     0.95881417
     0.95887113
     0.95892801
     0.95898482
     0.95904156
     0.95909822
     0.95915481
     0.95921132
     0.95926775
     0.95932411
     0.95938040
     0.95943661
     0.95949275
     0.95954881
     0.95960480
     0.95966072
     0.95971656
     0.95979091
     0.95987011
     0.96050689
     0.96124801
     0.96190794
     0.96118481
     0.96039682
     0.95985047
     0.95956767
     0.95969051
     0.95981300
     0.95993513
     0.96005690
     0.96017832
     0.96029939
     0.96042010
     0.96033607
     0.96013443
     0.95981636
     0.95947277
     0.95912636
     0.95877711
     0.95842501
     0.95807004
     0.95771217
     0.95735138
     0.95698765
     0.95662096
     0.95657361
     0.95657514
     0.95657668
     0.95657822
     0.95657976
     0.95658130
     0.95658284
     0.95658437
     0.95658591
     0.95658745
     0.95658899
     0.95659053
     0.95659206
     0.95659360
     0.95706746
     0.95776086
     0.95959596
     0.96969697
     0.97979798
     0.98989899
     1.00000000
     0.00000000
     0.00000000
     0.00000000
     0.00000000
     0.00000000
     0.00000000
     0.00000000
     0.00000000
     0.00000000
     0.00000000
     0.00000000
     0.00000000
     0.00000000
     0.00000000
     0.00000000
     0.00000000
     0.00000000
     0.00000000
     0.00000000
     0.00000000
     0.00000000
     0.95810122
     0.95815913
     0.95821696
     0.95827471
     0.95833238
     0.95838998
     0.95844751
     0.95850495
     0.95856232
     0.95861962
     0.95867684
     0.95873398
     0.95879105
     0.95884804
     0.95890496
     0.95896180
     0.95901857
     0.95907526
     0.95913187
     0.95918841
     0.95924488
     0.95930127
     0.95935759
     0.95941383
     0.95947000
     0.95952609
     0.95958211
     0.95963805
     0.95969392
     0.95974972
     0.95982336
     0.95991265
     0.96054844
     0.96130967
     0.96196625
     0.96119349
     0.96040567
     0.95975808
     0.95956251
     0.95968537
     0.95980787
     0.95993001
     0.96005180
     0.96017323
     0.96029432
     0.96041504
     0.96030845
     0.96010668
     0.95978253
     0.95943866
     0.95909197
     0.95874244
     0.95839006
     0.95803480
     0.95767664
     0.95731556
     0.95695154
     0.95675063
     0.95675217
     0.95675370
     0.95675523
     0.95675676
     0.95675829
     0.95675983
     0.95676136
     0.95676289
     0.95676442
     0.95676596
     0.95676749
     0.95676902
     0.95677055
     0.95677208
     0.95699951
     0.95769396
     0.95959596
     0.96969697
     0.97979798
     0.98989899
     1.00000000
     0.00000000
     0.00000000
     0.00000000
     0.00000000
     0.00000000
     0.00000000
     0.00000000
     0.00000000
     0.00000000
     0.00000000
     0.00000000
     0.00000000
     0.00000000
     0.00000000
     0.00000000
     0.00000000
     0.00000000
     0.00000000
     0.00000000
     0.00000000
     0.00000000
     0.95813566
     0.95819352
     0.95825130
     0.95830901
     0.95836664
     0.95842419
     0.95848167
     0.95853907
     0.95859640
     0.95865365
     0.95871082
     0.95876792
     0.95882494
     0.95888189
     0.95893876
     0.95899556
     0.95905228
     0.95910893
     0.95916550
     0.95922200
     0.95927842
     0.95933476
     0.95939104
     0.95944723
     0.95950336
     0.95955941
     0.95961538
     0.95967128
     0.95972711
     0.95978286
     0.95989769
     0.96006360
     0.96061116
     0.96137123
     0.96193024
     0.96120216
     0.96041452
     0.95966548
     0.95955734
     0.95968022
     0.95980273
     0.95992489
     0.96004670
     0.96016815
     0.96028924
     0.96040998
     0.96028081
     0.96007890
     0.95974868
     0.95940452
     0.95905756
     0.95870775
     0.95835508
     0.95799954
     0.95764109
     0.95727972
     0.95692697
     0.95692850
     0.95693002
     0.95693155
     0.95693308
     0.95693460
     0.95693613
     0.95693766
     0.95693918
     0.95694071
     0.95694223
     0.95694376
     0.95694529
     0.95694681
     0.95694834
     0.95694986
     0.95695139
     0.95762696
     0.95959596
     0.96969697
     0.97979798
     0.98989899
     1.00000000
     0.00000000
     0.00000000
     0.00000000
     0.00000000
     0.00000000
     0.00000000
     0.00000000
     0.00000000
     0.00000000
     0.00000000
     0.00000000
     0.00000000
     0.00000000
     0.00000000
     0.00000000
     0.00000000
     0.00000000
     0.00000000
     0.00000000
     0.00000000
     0.00000000
     0.95817007
     0.95822788
     0.95828562
     0.95834328
     0.95840087
     0.95845837
     0.95851581
     0.95857316
     0.95863044
     0.95868765
     0.95874478
     0.95880183
     0.95885881
     0.95891571
     0.95897254
     0.95902929
     0.95908597
     0.95914257
     0.95919910
     0.95925555
     0.95931193
     0.95936823
     0.95942446
     0.95948061
     0.95953669
     0.95959270
     0.95964863
     0.95970448
     0.95976026
     0.95988965
     0.96004869
     0.96021399
     0.96067378
     0.96143269
     0.96179530
     0.96121084
     0.96042336
     0.95962057
     0.95955218
     0.95967507
     0.95979760
     0.95991977
     0.96004159
     0.96016306
     0.96028417
     0.96040492
     0.96025315
     0.96005111
     0.95971479
     0.95937036
     0.95902311
     0.95867302
     0.95832008
     0.95796424
     0.95760551
     0.95724385
     0.95710414
     0.95710566
     0.95710718
     0.95710870
     0.95711022
     0.95711174
     0.95711326
     0.95711479
     0.95711631
     0.95711783
     0.95711935
     0.95712087
     0.95712239
     0.95712391
     0.95712543
     0.95712695
     0.95712846
     0.95755986
     0.95959596
     0.96969697
     0.97979798
     0.98989899
     1.00000000
     0.00000000
     0.00000000
     0.00000000
     0.00000000
     0.00000000
     0.00000000
     0.00000000
     0.00000000
     0.00000000
     0.00000000
     0.00000000
     0.00000000
     0.00000000
     0.00000000
     0.00000000
     0.00000000
     0.00000000
     0.00000000
     0.00000000
     0.00000000
     0.00000000
     0.95820445
     0.95826222
     0.95831991
     0.95837753
     0.95843507
     0.95849253
     0.95854992
     0.95860723
     0.95866447
     0.95872162
     0.95877871
     0.95883572
     0.95889265
     0.95894951
     0.95900629
     0.95906300
     0.95911963
     0.95917619
     0.95923267
     0.95928908
     0.95934541
     0.95940167
     0.95945785
     0.95951396
     0.95957000
     0.95962596
     0.95968184
     0.95975590
     0.95989886
     0.96004133
     0.96019914
     0.96036385
     0.96073631
     0.96149406
     0.96165991
     0.96121952
     0.96043221
     0.95962959
     0.95954701
     0.95966992
     0.95979246
     0.95991465
     0.96003649
     0.96015797
     0.96027909
     0.96039986
     0.96022548
     0.96002278
     0.95968088
     0.95933617
     0.95898864
     0.95863827
     0.95828504
     0.95792892
     0.95756990
     0.95727910
     0.95728062
     0.95728213
     0.95728365
     0.95728516
     0.95728668
     0.95728819
     0.95728970
     0.95729122
     0.95729273
     0.95729425
     0.95729576
     0.95729728
     0.95729879
     0.95730030
     0.95730182
     0.95730333
     0.95730484
     0.95749265
     0.95959596
     0.96969697
     0.97979798
     0.98989899
     1.00000000
     0.00000000
     0.00000000
     0.00000000
     0.00000000
     0.00000000
     0.00000000
     0.00000000
     0.00000000
     0.00000000
     0.00000000
     0.00000000
     0.00000000
     0.00000000
     0.00000000
     0.00000000
     0.00000000
     0.00000000
     0.00000000
     0.00000000
     0.00000000
     0.00000000
     0.95823881
     0.95829653
     0.95835418
     0.95841175
     0.95846924
     0.95852666
     0.95858400
     0.95864127
     0.95869846
     0.95875557
     0.95881261
     0.95886958
     0.95892647
     0.95898328
     0.95904002
     0.95909668
     0.95915327
     0.95920978
     0.95926622
     0.95932258
     0.95937887
     0.95943508
     0.95949122
     0.95954729
     0.95960328
     0.95965919
     0.95976513
     0.95990805
     0.96005049
     0.96019245
     0.96034905
     0.96051316
     0.96079875
     0.96155534
     0.96152405
     0.96122819
     0.96044105
     0.95968178
     0.95955350
     0.95966477
     0.95978733
     0.95990953
     0.96003138
     0.96015287
     0.96027401
     0.96039480
     0.96019778
     0.95998912
     0.95964694
     0.95930195
     0.95895415
     0.95860349
     0.95824998
     0.95789357
     0.95753426
     0.95745489
     0.95745640
     0.95745791
     0.95745942
     0.95746093
     0.95746243
     0.95746394
     0.95746545
     0.95746696
     0.95746847
     0.95746998
     0.95747148
     0.95747299
     0.95747450
     0.95747601
     0.95747752
     0.95747902
     0.95748053
     0.95748204
     0.95959596
     0.96969697
     0.97979798
     0.98989899
     1.00000000
     0.00000000
     0.00000000
     0.00000000
     0.00000000
     0.00000000
     0.00000000
     0.00000000
     0.00000000
     0.00000000
     0.00000000
     0.00000000
     0.00000000
     0.00000000
     0.00000000
     0.00000000
     0.00000000
     0.00000000
     0.00000000
     0.00000000
     0.00000000
     0.00000000
     0.95827314
     0.95833081
     0.95838841
     0.95844594
     0.95850339
     0.95856076
     0.95861806
     0.95867528
     0.95873243
     0.95878950
     0.95884649
     0.95890341
     0.95896025
     0.95901702
     0.95907371
     0.95913033
     0.95918688
     0.95924334
     0.95929974
     0.95935606
     0.95941230
     0.95946847
     0.95952456
     0.95958059
     0.95963653
     0.95977436
     0.95991725
     0.96005966
     0.96020158
     0.96034302
     0.96049842
     0.96066194
     0.96086109
     0.96158075
     0.96138774
     0.96119379
     0.96044989
     0.95980902
     0.95968113
     0.95965961
     0.95978219
     0.95990441
     0.96002627
     0.96014778
     0.96026894
     0.96037153
     0.96017007
     0.95995543
     0.95961297
     0.95926771
     0.95891962
     0.95856869
     0.95821488
     0.95785819
     0.95762848
     0.95762999
     0.95763149
     0.95763299
     0.95763450
     0.95763600
     0.95763750
     0.95763900
     0.95764051
     0.95764201
     0.95764351
     0.95764501
     0.95764651
     0.95764802
     0.95764952
     0.95765102
     0.95765252
     0.95765403
     0.95765553
     0.95765703
     0.95959596
     0.96969697
     0.97979798
     0.98989899
     1.00000000
     0.00000000
     0.00000000
     0.00000000
     0.00000000
     0.00000000
     0.00000000
     0.00000000
     0.00000000
     0.00000000
     0.00000000
     0.00000000
     0.00000000
     0.00000000
     0.00000000
     0.00000000
     0.00000000
     0.00000000
     0.00000000
     0.00000000
     0.00000000
     0.00000000
     0.95830744
     0.95836507
     0.95842263
     0.95848011
     0.95853751
     0.95859484
     0.95865209
     0.95870927
     0.95876637
     0.95882339
     0.95888034
     0.95893722
     0.95899401
     0.95905074
     0.95910739
     0.95916396
     0.95922046
     0.95927688
     0.95933323
     0.95938951
     0.95944571
     0.95950183
     0.95955788
     0.95964023
     0.95978358
     0.95992645
     0.96006882
     0.96021072
     0.96035212
     0.96049305
     0.96064725
     0.96081017
     0.96097246
     0.96144463
     0.96125096
     0.96105635
     0.96045873
     0.95993588
     0.95980837
     0.95968047
     0.95977705
     0.95989929
     0.96002117
     0.96014269
     0.96026386
     0.96034394
     0.96014234
     0.95992171
     0.95957898
     0.95923343
     0.95888507
     0.95853385
     0.95817976
     0.95782279
     0.95780290
     0.95780440
     0.95780589
     0.95780739
     0.95780889
     0.95781038
     0.95781188
     0.95781338
     0.95781487
     0.95781637
     0.95781786
     0.95781936
     0.95782086
     0.95782235
     0.95782385
     0.95782535
     0.95782684
     0.95782834
     0.95782983
     0.95783133
     0.95959596
     0.96969697
     0.97979798
     0.98989899
     1.00000000
     0.00000000
     0.00000000
     0.00000000
     0.00000000
     0.00000000
     0.00000000
     0.00000000
     0.00000000
     0.00000000
     0.00000000
     0.00000000
     0.00000000
     0.00000000
     0.00000000
     0.00000000
     0.00000000
     0.00000000
     0.00000000
     0.00000000
     0.00000000
     0.00000000
     0.95834171
     0.95839930
     0.95845681
     0.95851424
     0.95857160
     0.95862889
     0.95868609
     0.95874322
     0.95880028
     0.95885726
     0.95891416
     0.95897099
     0.95902775
     0.95908443
     0.95914103
     0.95919756
     0.95925401
     0.95931039
     0.95936670
     0.95942293
     0.95947908
     0.95953516
     0.95964949
     0.95979281
     0.95993564
     0.96007799
     0.96021985
     0.96036122
     0.96050212
     0.96064253
     0.96079554
     0.96095788
     0.96111957
     0.96130804
     0.96111371
     0.96091844
     0.96046756
     0.96006235
     0.95993523
     0.95980772
     0.95977192
     0.95989417
     0.96001606
     0.96013760
     0.96025878
     0.96031632
     0.96011459
     0.95988796
     0.95954495
     0.95919913
     0.95885049
     0.95849899
     0.95814462
     0.95797513
     0.95797663
     0.95797812
     0.95797961
     0.95798110
     0.95798259
     0.95798408
     0.95798557
     0.95798706
     0.95798855
     0.95799004
     0.95799153
     0.95799302
     0.95799451
     0.95799600
     0.95799749
     0.95799898
     0.95800047
     0.95800197
     0.95800346
     0.95800495
     0.95959596
     0.96969697
     0.97979798
     0.98989899
     1.00000000
     0.00000000
     0.00000000
     0.00000000
     0.00000000
     0.00000000
     0.00000000
     0.00000000
     0.00000000
     0.00000000
     0.00000000
     0.00000000
     0.00000000
     0.00000000
     0.00000000
     0.00000000
     0.00000000
     0.00000000
     0.00000000
     0.00000000
     0.00000000
     0.00000000
     0.00000000
     0.95843350
     0.95849097
     0.95854836
     0.95860567
     0.95866291
     0.95872007
     0.95877716
     0.95883417
     0.95889110
     0.95894796
     0.95900475
     0.95906146
     0.95911809
     0.95917465
     0.95923113
     0.95928754
     0.95934388
     0.95940014
     0.95945632
     0.95951497
     0.95965874
     0.95980203
     0.95994483
     0.96008715
     0.96022898
     0.96037032
     0.96051119
     0.96065157
     0.96079148
     0.96094329
     0.96110504
     0.96126615
     0.96117099
     0.96097600
     0.96078007
     0.96047640
     0.96018844
     0.96006170
     0.95993458
     0.95980707
     0.95988904
     0.96001095
     0.96013250
     0.96025370
     0.96028869
     0.96008682
     0.95985419
     0.95951090
     0.95916481
     0.95881588
     0.95846409
     0.95814670
     0.95814818
     0.95814967
     0.95815115
     0.95815264
     0.95815412
     0.95815561
     0.95815709
     0.95815858
     0.95816006
     0.95816155
     0.95816303
     0.95816452
     0.95816600
     0.95816749
     0.95816897
     0.95817046
     0.95817194
     0.95817342
     0.95817491
     0.95817639
     0.95817788
     0.95959596
     0.96969697
     0.97979798
     0.98989899
     1.00000000
     0.00000000
     0.00000000
     0.00000000
     0.00000000
     0.00000000
     0.00000000
     0.00000000
     0.00000000
     0.00000000
     0.00000000
     0.00000000
     0.00000000
     0.00000000
     0.00000000
     0.00000000
     0.00000000
     0.00000000
     0.00000000
     0.00000000
     0.00000000
     0.00000000
     0.00000000
     0.95846768
     0.95852510
     0.95858244
     0.95863971
     0.95869690
     0.95875402
     0.95881106
     0.95886803
     0.95892492
     0.95898173
     0.95903847
     0.95909514
     0.95915173
     0.95920824
     0.95926468
     0.95932105
     0.95937734
     0.95943355
     0.95952425
     0.95966800
     0.95981125
     0.95995402
     0.96009630
     0.96023810
     0.96037942
     0.96052025
     0.96066060
     0.96080048
     0.96093988
     0.96109051
     0.96125168
     0.96141221
     0.96103347
     0.96083782
     0.96064122
     0.96044368
     0.96031415
     0.96018780
     0.96006106
     0.95993393
     0.95988392
     0.96000584
     0.96012741
     0.96024862
     0.96026104
     0.96005903
     0.95982039
     0.95947683
     0.95913045
     0.95878124
     0.95842917
     0.95831907
     0.95832055
     0.95832203
     0.95832351
     0.95832499
     0.95832647
     0.95832795
     0.95832943
     0.95833090
     0.95833238
     0.95833386
     0.95833534
     0.95833682
     0.95833830
     0.95833978
     0.95834126
     0.95834273
     0.95834421
     0.95834569
     0.95834717
     0.95834865
     0.95835013
     0.95959596
     0.96969697
     0.97979798
     0.98989899
     1.00000000
     0.00000000
     0.00000000
     0.00000000
     0.00000000
     0.00000000
     0.00000000
     0.00000000
     0.00000000
     0.00000000
     0.00000000
     0.00000000
     0.00000000
     0.00000000
     0.00000000
     0.00000000
     0.00000000
     0.00000000
     0.00000000
     0.00000000
     0.00000000
     0.00000000
     0.00000000
     0.95850183
     0.95855920
     0.95861650
     0.95867372
     0.95873087
     0.95878794
     0.95884494
     0.95890186
     0.95895871
     0.95901548
     0.95907217
     0.95912879
     0.95918534
     0.95924181
     0.95929820
     0.95935452
     0.95941077
     0.95953353
     0.95967725
     0.95982047
     0.95996321
     0.96010546
     0.96024723
     0.96038851
     0.96052931
     0.96066964
     0.96080948
     0.96094885
     0.96108774
     0.96123720
     0.96139778
     0.96138345
     0.96089549
     0.96069917
     0.96050191
     0.96043801
     0.96043948
     0.96031351
     0.96018715
     0.96006041
     0.95993328
     0.96000073
     0.96012231
     0.96024354
     0.96023337
     0.96003123
     0.95978656
     0.95944272
     0.95909607
     0.95874657
     0.95848929
     0.95849077
     0.95849224
     0.95849371
     0.95849519
     0.95849666
     0.95849813
     0.95849961
     0.95850108
     0.95850255
     0.95850403
     0.95850550
     0.95850697
     0.95850844
     0.95850992
     0.95851139
     0.95851286
     0.95851434
     0.95851581
     0.95851728
     0.95851875
     0.95852023
     0.95852170
     0.95959596
     0.96969697
     0.97979798
     0.98989899
     1.00000000
     0.00000000
     0.00000000
     0.00000000
     0.00000000
     0.00000000
     0.00000000
     0.00000000
     0.00000000
     0.00000000
     0.00000000
     0.00000000
     0.00000000
     0.00000000
     0.00000000
     0.00000000
     0.00000000
     0.00000000
     0.00000000
     0.00000000
     0.00000000
     0.00000000
     0.00000000
     0.95853595
     0.95859328
     0.95865053
     0.95870771
     0.95876481
     0.95882184
     0.95887879
     0.95893567
     0.95899247
     0.95904919
     0.95910584
     0.95916242
     0.95921892
     0.95927535
     0.95933170
     0.95939864
     0.95954281
     0.95968649
     0.95982969
     0.95997239
     0.96011461
     0.96025635
     0.96039760
     0.96053837
     0.96067866
     0.96081848
     0.96095781
     0.96109667
     0.96123506
     0.96138335
     0.96154336
     0.96131053
     0.96075703
     0.96056005
     0.96036212
     0.96046372
     0.96056443
     0.96043884
     0.96031286
     0.96018651
     0.96005976
     0.95999562
     0.96011722
     0.96023846
     0.96020568
     0.96000340
     0.95975271
     0.95940859
     0.95906165
     0.95871188
     0.95866031
     0.95866178
     0.95866325
     0.95866472
     0.95866619
     0.95866765
     0.95866912
     0.95867059
     0.95867206
     0.95867352
     0.95867499
     0.95867646
     0.95867792
     0.95867939
     0.95868086
     0.95868233
     0.95868379
     0.95868526
     0.95868673
     0.95868819
     0.95868966
     0.95869113
     0.95869259
     0.95959596
     0.96969697
     0.97979798
     0.98989899
     1.00000000
     0.00000000
     0.00000000
     0.00000000
     0.00000000
     0.00000000
     0.00000000
     0.00000000
     0.00000000
     0.00000000
     0.00000000
     0.00000000
     0.00000000
     0.00000000
     0.00000000
     0.00000000
     0.00000000
     0.00000000
     0.00000000
     0.00000000
     0.00000000
     0.00000000
     0.00000000
     0.95857004
     0.95862733
     0.95868454
     0.95874167
     0.95879873
     0.95885571
     0.95891262
     0.95896945
     0.95902620
     0.95908288
     0.95913949
     0.95919602
     0.95925248
     0.95930886
     0.95940795
     0.95955209
     0.95969574
     0.95983890
     0.95998158
     0.96012377
     0.96026547
     0.96040669
     0.96054743
     0.96068769
     0.96082748
     0.96096678
     0.96110561
     0.96124397
     0.96138185
     0.96152898
     0.96168840
     0.96123748
     0.96061811
     0.96042046
     0.96022185
     0.96048941
     0.96068900
     0.96056379
     0.96043820
     0.96031222
     0.96018586
     0.96005912
     0.96011212
     0.96023338
     0.96017797
     0.95997556
     0.95971883
     0.95937443
     0.95902722
     0.95882920
     0.95883066
     0.95883213
     0.95883359
     0.95883505
     0.95883651
     0.95883797
     0.95883943
     0.95884090
     0.95884236
     0.95884382
     0.95884528
     0.95884674
     0.95884820
     0.95884967
     0.95885113
     0.95885259
     0.95885405
     0.95885551
     0.95885697
     0.95885843
     0.95885989
     0.95886135
     0.95886282
     0.95959596
     0.96969697
     0.97979798
     0.98989899
     1.00000000
     0.00000000
     0.00000000
     0.00000000
     0.00000000
     0.00000000
     0.00000000
     0.00000000
     0.00000000
     0.00000000
     0.00000000
     0.00000000
     0.00000000
     0.00000000
     0.00000000
     0.00000000
     0.00000000
     0.00000000
     0.00000000
     0.00000000
     0.00000000
     0.00000000
     0.00000000
     0.95860411
     0.95866135
     0.95871851
     0.95877560
     0.95883262
     0.95888955
     0.95894641
     0.95900320
     0.95905991
     0.95911655
     0.95917311
     0.95922960
     0.95928601
     0.95941726
     0.95956137
     0.95970498
     0.95984812
     0.95999076
     0.96013292
     0.96027459
     0.96041578
     0.96055649
     0.96069672
     0.96083647
     0.96097574
     0.96111454
     0.96125287
     0.96139072
     0.96152811
     0.96167408
     0.96180340
     0.96116429
     0.96051493
     0.96028039
     0.96024119
     0.96051508
     0.96078716
     0.96068836
     0.96056315
     0.96043756
     0.96031158
     0.96018522
     0.96010703
     0.96022830
     0.96015024
     0.95994770
     0.95968492
     0.95934024
     0.95899743
     0.95899888
     0.95900034
     0.95900180
     0.95900325
     0.95900471
     0.95900616
     0.95900762
     0.95900908
     0.95901053
     0.95901199
     0.95901344
     0.95901490
     0.95901636
     0.95901781
     0.95901927
     0.95902072
     0.95902218
     0.95902363
     0.95902509
     0.95902654
     0.95902800
     0.95902946
     0.95903091
     0.95903237
     0.95959596
     0.96969697
     0.97979798
     0.98989899
     1.00000000
     0.00000000
     0.00000000
     0.00000000
     0.00000000
     0.00000000
     0.00000000
     0.00000000
     0.00000000
     0.00000000
     0.00000000
     0.00000000
     0.00000000
     0.00000000
     0.00000000
     0.00000000
     0.00000000
     0.00000000
     0.00000000
     0.00000000
     0.00000000
     0.00000000
     0.00000000
     0.95863815
     0.95869535
     0.95875247
     0.95880951
     0.95886648
     0.95892337
     0.95898019
     0.95903693
     0.95909360
     0.95915019
     0.95920670
     0.95928199
     0.95942656
     0.95957064
     0.95971423
     0.95985733
     0.95999994
     0.96014206
     0.96028371
     0.96042487
     0.96056554
     0.96070574
     0.96084546
     0.96098471
     0.96112348
     0.96126177
     0.96139959
     0.96153695
     0.96167383
     0.96181865
     0.96173124
     0.96109097
     0.96044044
     0.96013985
     0.96026702
     0.96054074
     0.96081264
     0.96081255
     0.96068772
     0.96056251
     0.96043691
     0.96031094
     0.96018457
     0.96022322
     0.96012250
     0.95991982
     0.95965098
     0.95930603
     0.95916645
     0.95916790
     0.95916935
     0.95917080
     0.95917225
     0.95917370
     0.95917515
     0.95917660
     0.95917805
     0.95917950
     0.95918095
     0.95918240
     0.95918385
     0.95918530
     0.95918675
     0.95918820
     0.95918965
     0.95919110
     0.95919255
     0.95919400
     0.95919545
     0.95919690
     0.95919835
     0.95919980
     0.95920125
     0.95959596
     0.96969697
     0.97979798
     0.98989899
     1.00000000
     0.00000000
     0.00000000
     0.00000000
     0.00000000
     0.00000000
     0.00000000
     0.00000000
     0.00000000
     0.00000000
     0.00000000
     0.00000000
     0.00000000
     0.00000000
     0.00000000
     0.00000000
     0.00000000
     0.00000000
     0.00000000
     0.00000000
     0.00000000
     0.00000000
     0.00000000
     0.95867217
     0.95872932
     0.95878639
     0.95884339
     0.95890031
     0.95895716
     0.95901393
     0.95907063
     0.95912725
     0.95918380
     0.95929133
     0.95943586
     0.95957991
     0.95972347
     0.95986653
     0.96000911
     0.96015121
     0.96029282
     0.96043395
     0.96057460
     0.96071476
     0.96085445
     0.96099367
     0.96113241
     0.96127067
     0.96140846
     0.96154579
     0.96168264
     0.96181902
     0.96196271
     0.96165895
     0.96101753
     0.96036581
     0.96001746
     0.96029283
     0.96056638
     0.96083811
     0.96093637
     0.96081192
     0.96068709
     0.96056187
     0.96043627
     0.96031029
     0.96021813
     0.96009474
     0.95989192
     0.95961702
     0.95933335
     0.95933480
     0.95933624
     0.95933769
     0.95933913
     0.95934058
     0.95934202
     0.95934347
     0.95934491
     0.95934636
     0.95934780
     0.95934924
     0.95935069
     0.95935213
     0.95935358
     0.95935502
     0.95935647
     0.95935791
     0.95935935
     0.95936080
     0.95936224
     0.95936369
     0.95936513
     0.95936657
     0.95936802
     0.95936946
     0.95959596
     0.96969697
     0.97979798
     0.98989899
     1.00000000
     0.00000000
     0.00000000
     0.00000000
     0.00000000
     0.00000000
     0.00000000
     0.00000000
     0.00000000
     0.00000000
     0.00000000
     0.00000000
     0.00000000
     0.00000000
     0.00000000
     0.00000000
     0.00000000
     0.00000000
     0.00000000
     0.00000000
     0.00000000
     0.00000000
     0.00000000
     0.95870615
     0.95876326
     0.95882029
     0.95887724
     0.95893412
     0.95899092
     0.95904765
     0.95910430
     0.95916088
     0.95930066
     0.95944517
     0.95958918
     0.95973270
     0.95987574
     0.96001829
     0.96016035
     0.96030193
     0.96044303
     0.96058365
     0.96072378
     0.96086344
     0.96100263
     0.96114133
     0.96127957
     0.96141733
     0.96155462
     0.96169144
     0.96182780
     0.96196369
     0.96210623
     0.96158653
     0.96094394
     0.96029105
     0.96004343
     0.96031862
     0.96059200
     0.96086357
     0.96105981
     0.96093574
     0.96081128
     0.96068645
     0.96056123
     0.96043563
     0.96030965
     0.96006695
     0.95986401
     0.95958303
     0.95950105
     0.95950249
     0.95950392
     0.95950536
     0.95950680
     0.95950824
     0.95950968
     0.95951112
     0.95951256
     0.95951400
     0.95951544
     0.95951687
     0.95951831
     0.95951975
     0.95952119
     0.95952263
     0.95952407
     0.95952551
     0.95952694
     0.95952838
     0.95952982
     0.95953126
     0.95953270
     0.95953413
     0.95953557
     0.95953701
     0.95959596
     0.96969697
     0.97979798
     0.98989899
     1.00000000
     0.00000000
     0.00000000
     0.00000000
     0.00000000
     0.00000000
     0.00000000
     0.00000000
     0.00000000
     0.00000000
     0.00000000
     0.00000000
     0.00000000
     0.00000000
     0.00000000
     0.00000000
     0.00000000
     0.00000000
     0.00000000
     0.00000000
     0.00000000
     0.00000000
     0.00000000
     0.95874011
     0.95879717
     0.95885416
     0.95891107
     0.95896790
     0.95902466
     0.95908134
     0.95916502
     0.95930999
     0.95945447
     0.95959845
     0.95974194
     0.95988495
     0.96002746
     0.96016950
     0.96031104
     0.96045211
     0.96059270
     0.96073280
     0.96087243
     0.96101158
     0.96115026
     0.96128846
     0.96142620
     0.96156346
     0.96170025
     0.96183657
     0.96197243
     0.96210783
     0.96214756
     0.96151398
     0.96087023
     0.96021615
     0.96006938
     0.96034440
     0.96061761
     0.96088901
     0.96115861
     0.96105918
     0.96093511
     0.96081065
     0.96068581
     0.96056059
     0.96043499
     0.96008911
     0.95983607
     0.95966664
     0.95966808
     0.95966951
     0.95967094
     0.95967238
     0.95967381
     0.95967524
     0.95967668
     0.95967811
     0.95967954
     0.95968098
     0.95968241
     0.95968384
     0.95968527
     0.95968671
     0.95968814
     0.95968957
     0.95969101
     0.95969244
     0.95969387
     0.95969530
     0.95969674
     0.95969817
     0.95969960
     0.95970103
     0.95970247
     0.95970390
     0.95970533
     0.96969697
     0.97979798
     0.98989899
     1.00000000
     0.00000000
     0.00000000
     0.00000000
     0.00000000
     0.00000000
     0.00000000
     0.00000000
     0.00000000
     0.00000000
     0.00000000
     0.00000000
     0.00000000
     0.00000000
     0.00000000
     0.00000000
     0.00000000
     0.00000000
     0.00000000
     0.00000000
     0.00000000
     0.00000000
     0.00000000
     0.95877405
     0.95883106
     0.95888800
     0.95894487
     0.95900166
     0.95905837
     0.95917438
     0.95931932
     0.95946376
     0.95960771
     0.95975117
     0.95989415
     0.96003663
     0.96017864
     0.96032015
     0.96046119
     0.96060174
     0.96074182
     0.96088142
     0.96102054
     0.96115918
     0.96129736
     0.96143506
     0.96157229
     0.96170905
     0.96184535
     0.96198118
     0.96211654
     0.96225144
     0.96207602
     0.96144130
     0.96079638
     0.96023141
     0.96009531
     0.96037017
     0.96064320
     0.96091443
     0.96118387
     0.96118225
     0.96105855
     0.96093447
     0.96081001
     0.96068517
     0.96055995
     0.96019795
     0.95982458
     0.95983302
     0.95983445
     0.95983587
     0.95983730
     0.95983873
     0.95984016
     0.95984158
     0.95984301
     0.95984444
     0.95984587
     0.95984729
     0.95984872
     0.95985015
     0.95985158
     0.95985300
     0.95985443
     0.95985586
     0.95985729
     0.95985871
     0.95986014
     0.95986157
     0.95986299
     0.95986442
     0.95986585
     0.95986727
     0.95986870
     0.95987013
     0.95987155
     0.96969697
     0.97979798
     0.98989899
     1.00000000
     0.00000000
     0.00000000
     0.00000000
     0.00000000
     0.00000000
     0.00000000
     0.00000000
     0.00000000
     0.00000000
     0.00000000
     0.00000000
     0.00000000
     0.00000000
     0.00000000
     0.00000000
     0.00000000
     0.00000000
     0.00000000
     0.00000000
     0.00000000
     0.00000000
     0.00000000
     0.95880796
     0.95886493
     0.95892182
     0.95897864
     0.95903835
     0.95918374
     0.95932865
     0.95947306
     0.95961698
     0.95976041
     0.95990335
     0.96004580
     0.96018777
     0.96032926
     0.96047026
     0.96061079
     0.96075083
     0.96089040
     0.96102949
     0.96116811
     0.96130625
     0.96144392
     0.96158112
     0.96171785
     0.96185412
     0.96198992
     0.96212525
     0.96226012
     0.96239453
     0.96200436
     0.96136848
     0.96072240
     0.96033106
     0.96012123
     0.96039591
     0.96066878
     0.96093984
     0.96120911
     0.96130495
     0.96118162
     0.96105792
     0.96093384
     0.96080938
     0.96067559
     0.96030651
     0.96012094
     0.96004503
     0.96000016
     0.96000158
     0.96000300
     0.96000442
     0.96000585
     0.96000727
     0.96000869
     0.96001011
     0.96001153
     0.96001296
     0.96001438
     0.96001580
     0.96001722
     0.96001864
     0.96002006
     0.96002149
     0.96002291
     0.96002433
     0.96002575
     0.96002717
     0.96002859
     0.96003001
     0.96003144
     0.96003286
     0.96003428
     0.96003570
     0.96003712
     0.96969697
     0.97979798
     0.98989899
     1.00000000
     0.00000000
     0.00000000
     0.00000000
     0.00000000
     0.00000000
     0.00000000
     0.00000000
     0.00000000
     0.00000000
     0.00000000
     0.00000000
     0.00000000
     0.00000000
     0.00000000
     0.00000000
     0.00000000
     0.00000000
     0.00000000
     0.00000000
     0.00000000
     0.00000000
     0.00000000
     0.95884184
     0.95889876
     0.95895561
     0.95904773
     0.95919310
     0.95933797
     0.95948235
     0.95962624
     0.95976964
     0.95991255
     0.96005497
     0.96019691
     0.96033836
     0.96047934
     0.96061983
     0.96075984
     0.96089938
     0.96103844
     0.96117703
     0.96131514
     0.96145278
     0.96158995
     0.96172665
     0.96186289
     0.96199865
     0.96213396
     0.96226880
     0.96240318
     0.96250185
     0.96193257
     0.96129553
     0.96067263
     0.96043046
     0.96018686
     0.96042164
     0.96069434
     0.96096523
     0.96123433
     0.96142728
     0.96130432
     0.96118100
     0.96105729
     0.96093321
     0.96078290
     0.96044638
     0.96044365
     0.96035683
     0.96026452
     0.96017201
     0.96016805
     0.96016947
     0.96017088
     0.96017230
     0.96017371
     0.96017513
     0.96017655
     0.96017796
     0.96017938
     0.96018079
     0.96018221
     0.96018363
     0.96018504
     0.96018646
     0.96018787
     0.96018929
     0.96019071
     0.96019212
     0.96019354
     0.96019495
     0.96019637
     0.96019778
     0.96019920
     0.96020061
     0.96020203
     0.96969697
     0.97979798
     0.98989899
     1.00000000
     0.00000000
     0.00000000
     0.00000000
     0.00000000
     0.00000000
     0.00000000
     0.00000000
     0.00000000
     0.00000000
     0.00000000
     0.00000000
     0.00000000
     0.00000000
     0.00000000
     0.00000000
     0.00000000
     0.00000000
     0.00000000
     0.00000000
     0.00000000
     0.00000000
     0.00000000
     0.00000000
     0.95893257
     0.95905712
     0.95920245
     0.95934729
     0.95949164
     0.95963550
     0.95977886
     0.95992174
     0.96006414
     0.96020604
     0.96034747
     0.96048841
     0.96062887
     0.96076885
     0.96090836
     0.96104739
     0.96118594
     0.96132403
     0.96146164
     0.96159878
     0.96173545
     0.96187165
     0.96200739
     0.96214267
     0.96227748
     0.96241183
     0.96254572
     0.96242894
     0.96186064
     0.96122246
     0.96077121
     0.96052963
     0.96028662
     0.96044736
     0.96071988
     0.96099061
     0.96125954
     0.96152669
     0.96142665
     0.96130370
     0.96118037
     0.96105666
     0.96088993
     0.96076656
     0.96075770
     0.96066629
     0.96057468
     0.96048285
     0.96039083
     0.96033385
     0.96033526
     0.96033667
     0.96033808
     0.96033950
     0.96034091
     0.96034232
     0.96034373
     0.96034514
     0.96034655
     0.96034796
     0.96034937
     0.96035078
     0.96035219
     0.96035360
     0.96035501
     0.96035642
     0.96035783
     0.96035924
     0.96036065
     0.96036206
     0.96036347
     0.96036488
     0.96036629
     0.96969697
     0.97979798
     0.98989899
     1.00000000
     0.00000000
     0.00000000
     0.00000000
     0.00000000
     0.00000000
     0.00000000
     0.00000000
     0.00000000
     0.00000000
     0.00000000
     0.00000000
     0.00000000
     0.00000000
     0.00000000
     0.00000000
     0.00000000
     0.00000000
     0.00000000
     0.00000000
     0.00000000
     0.00000000
     0.00000000
     0.00000000
     0.95906650
     0.95921181
     0.95935661
     0.95950093
     0.95964475
     0.95978809
     0.95993094
     0.96007330
     0.96021518
     0.96035657
     0.96049748
     0.96063791
     0.96077786
     0.96091734
     0.96105634
     0.96119486
     0.96133291
     0.96147049
     0.96160760
     0.96174424
     0.96188042
     0.96201613
     0.96215137
     0.96228615
     0.96242047
     0.96255434
     0.96268774
     0.96235590
     0.96178859
     0.96114924
     0.96086956
     0.96062855
     0.96038613
     0.96047305
     0.96074541
     0.96101597
     0.96128473
     0.96155172
     0.96154861
     0.96142602
     0.96130307
     0.96117974
     0.96108695
     0.96108426
     0.96106417
     0.96097344
     0.96088251
     0.96079137
     0.96070004
     0.96060850
     0.96051675
     0.96050040
     0.96050180
     0.96050321
     0.96050461
     0.96050602
     0.96050742
     0.96050883
     0.96051023
     0.96051164
     0.96051304
     0.96051445
     0.96051585
     0.96051726
     0.96051866
     0.96052007
     0.96052147
     0.96052288
     0.96052428
     0.96052568
     0.96052709
     0.96052849
     0.96052990
     0.96969697
     0.97979798
     0.98989899
     1.00000000
     0.00000000
     0.00000000
     0.00000000
     0.00000000
     0.00000000
     0.00000000
     0.00000000
     0.00000000
     0.00000000
     0.00000000
     0.00000000
     0.00000000
     0.00000000
     0.00000000
     0.00000000
     0.00000000
     0.00000000
     0.00000000
     0.00000000
     0.00000000
     0.00000000
     0.00000000
     0.00000000
     0.95922116
     0.95936593
     0.95951022
     0.95965401
     0.95979731
     0.95994013
     0.96008246
     0.96022430
     0.96036567
     0.96050655
     0.96064695
     0.96078687
     0.96092631
     0.96106528
     0.96120377
     0.96134180
     0.96147934
     0.96161642
     0.96175304
     0.96188918
     0.96202486
     0.96216007
     0.96229483
     0.96242912
     0.96256295
     0.96269632
     0.96282924
     0.96228272
     0.96171640
     0.96120668
     0.96096767
     0.96072724
     0.96048540
     0.96049874
     0.96077092
     0.96104131
     0.96130991
     0.96157673
     0.96167019
     0.96154798
     0.96142540
     0.96130244
     0.96140216
     0.96139949
     0.96136833
     0.96127828
     0.96118803
     0.96109758
     0.96100693
     0.96091607
     0.96082502
     0.96073375
     0.96066488
     0.96066628
     0.96066768
     0.96066907
     0.96067047
     0.96067187
     0.96067327
     0.96067467
     0.96067607
     0.96067747
     0.96067887
     0.96068027
     0.96068167
     0.96068307
     0.96068447
     0.96068586
     0.96068726
     0.96068866
     0.96069006
     0.96069146
     0.96069286
     0.96969697
     0.97979798
     0.98989899
     1.00000000
     0.00000000
     0.00000000
     0.00000000
     0.00000000
     0.00000000
     0.00000000
     0.00000000
     0.00000000
     0.00000000
     0.00000000
     0.00000000
     0.00000000
     0.00000000
     0.00000000
     0.00000000
     0.00000000
     0.00000000
     0.00000000
     0.00000000
     0.00000000
     0.00000000
     0.00000000
     0.00000000
     0.95937525
     0.95951950
     0.95966326
     0.95980654
     0.95994932
     0.96009162
     0.96023343
     0.96037476
     0.96051561
     0.96065598
     0.96079587
     0.96093529
     0.96107422
     0.96121269
     0.96135068
     0.96148820
     0.96162525
     0.96176183
     0.96189794
     0.96203359
     0.96216878
     0.96230350
     0.96243776
     0.96257156
     0.96270491
     0.96283779
     0.96275951
     0.96220941
     0.96164409
     0.96130398
     0.96106554
     0.96082570
     0.96058443
     0.96052440
     0.96079642
     0.96106664
     0.96133507
     0.96160172
     0.96179141
     0.96166957
     0.96154736
     0.96157252
     0.96171491
     0.96171226
     0.96167021
     0.96158084
     0.96149127
     0.96140150
     0.96131152
     0.96122135
     0.96113097
     0.96104039
     0.96094961
     0.96085863
     0.96083009
     0.96083148
     0.96083288
     0.96083427
     0.96083567
     0.96083706
     0.96083845
     0.96083985
     0.96084124
     0.96084263
     0.96084403
     0.96084542
     0.96084681
     0.96084821
     0.96084960
     0.96085099
     0.96085239
     0.96085378
     0.96085517
     0.96969697
     0.97979798
     0.98989899
     1.00000000
     0.00000000
     0.00000000
     0.00000000
     0.00000000
     0.00000000
     0.00000000
     0.00000000
     0.00000000
     0.00000000
     0.00000000
     0.00000000
     0.00000000
     0.00000000
     0.00000000
     0.00000000
     0.00000000
     0.00000000
     0.00000000
     0.00000000
     0.00000000
     0.00000000
     0.00000000
     0.00000000
     0.95952878
     0.95967251
     0.95981576
     0.95995851
     0.96010078
     0.96024256
     0.96038386
     0.96052468
     0.96066501
     0.96080487
     0.96094426
     0.96108316
     0.96122160
     0.96135956
     0.96149705
     0.96163406
     0.96177062
     0.96190670
     0.96204232
     0.96217747
     0.96231217
     0.96244640
     0.96258017
     0.96271349
     0.96284634
     0.96297875
     0.96268709
     0.96213595
     0.96163751
     0.96140104
     0.96116318
     0.96092391
     0.96068323
     0.96055005
     0.96082190
     0.96109195
     0.96136021
     0.96162670
     0.96189142
     0.96179079
     0.96166895
     0.96190041
     0.96202523
     0.96202260
     0.96196983
     0.96188113
     0.96179223
     0.96170313
     0.96161383
     0.96152433
     0.96143463
     0.96134474
     0.96125464
     0.96116433
     0.96107383
     0.96099325
     0.96099464
     0.96099603
     0.96099742
     0.96099880
     0.96100019
     0.96100158
     0.96100297
     0.96100436
     0.96100574
     0.96100713
     0.96100852
     0.96100991
     0.96101129
     0.96101268
     0.96101407
     0.96101546
     0.96101685
     0.96969697
     0.97979798
     0.98989899
     1.00000000
     0.00000000
     0.00000000
     0.00000000
     0.00000000
     0.00000000
     0.00000000
     0.00000000
     0.00000000
     0.00000000
     0.00000000
     0.00000000
     0.00000000
     0.00000000
     0.00000000
     0.00000000
     0.00000000
     0.00000000
     0.00000000
     0.00000000
     0.00000000
     0.00000000
     0.00000000
     0.00000000
     0.95968176
     0.95982497
     0.95996769
     0.96010993
     0.96025168
     0.96039295
     0.96053374
     0.96067405
     0.96081387
     0.96095323
     0.96109210
     0.96123050
     0.96136843
     0.96150589
     0.96164288
     0.96177940
     0.96191546
     0.96205105
     0.96218617
     0.96232083
     0.96245504
     0.96258878
     0.96272206
     0.96285489
     0.96298727
     0.96311919
     0.96261453
     0.96206236
     0.96173377
     0.96149787
     0.96126058
     0.96102189
     0.96078179
     0.96057569
     0.96084737
     0.96111725
     0.96138534
     0.96165166
     0.96191622
     0.96191164
     0.96199437
     0.96222562
     0.96233314
     0.96233053
     0.96226720
     0.96217916
     0.96209093
     0.96200250
     0.96191387
     0.96182505
     0.96173602
     0.96164680
     0.96155737
     0.96146775
     0.96137792
     0.96128790
     0.96119767
     0.96115714
     0.96115852
     0.96115991
     0.96116129
     0.96116267
     0.96116405
     0.96116544
     0.96116682
     0.96116820
     0.96116958
     0.96117097
     0.96117235
     0.96117373
     0.96117511
     0.96117649
     0.96117788
     0.96969697
     0.97979798
     0.98989899
     1.00000000
     0.00000000
     0.00000000
     0.00000000
     0.00000000
     0.00000000
     0.00000000
     0.00000000
     0.00000000
     0.00000000
     0.00000000
     0.00000000
     0.00000000
     0.00000000
     0.00000000
     0.00000000
     0.00000000
     0.00000000
     0.00000000
     0.00000000
     0.00000000
     0.00000000
     0.00000000
     0.00000000
     0.95983419
     0.95997688
     0.96011908
     0.96026080
     0.96040204
     0.96054280
     0.96068307
     0.96082287
     0.96096219
     0.96110104
     0.96123941
     0.96137731
     0.96151474
     0.96165170
     0.96178819
     0.96192421
     0.96205977
     0.96219487
     0.96232950
     0.96246367
     0.96259739
     0.96273064
     0.96286344
     0.96299578
     0.96312767
     0.96308728
     0.96254183
     0.96206220
     0.96182980
     0.96159447
     0.96135775
     0.96111964
     0.96088011
     0.96063917
     0.96087281
     0.96114253
     0.96141045
     0.96167661
     0.96194100
     0.96208810
     0.96231881
     0.96254816
     0.96263864
     0.96263605
     0.96256233
     0.96247495
     0.96238739
     0.96229962
     0.96221166
     0.96212350
     0.96203514
     0.96194659
     0.96185784
     0.96176888
     0.96167973
     0.96159038
     0.96150083
     0.96141108
     0.96132113
     0.96132037
     0.96132175
     0.96132312
     0.96132450
     0.96132588
     0.96132726
     0.96132863
     0.96133001
     0.96133139
     0.96133276
     0.96133414
     0.96133552
     0.96133689
     0.96133827
     0.96969697
     0.97979798
     0.98989899
     1.00000000
     0.00000000
     0.00000000
     0.00000000
     0.00000000
     0.00000000
     0.00000000
     0.00000000
     0.00000000
     0.00000000
     0.00000000
     0.00000000
     0.00000000
     0.00000000
     0.00000000
     0.00000000
     0.00000000
     0.00000000
     0.00000000
     0.00000000
     0.00000000
     0.00000000
     0.00000000
     0.00000000
     0.95998606
     0.96012823
     0.96026992
     0.96041113
     0.96055186
     0.96069210
     0.96083187
     0.96097116
     0.96110997
     0.96124832
     0.96138618
     0.96152358
     0.96166051
     0.96179697
     0.96193297
     0.96206849
     0.96220356
     0.96233816
     0.96247231
     0.96260599
     0.96273922
     0.96287199
     0.96300430
     0.96313616
     0.96326757
     0.96301547
     0.96246900
     0.96215740
     0.96192558
     0.96169084
     0.96145469
     0.96121714
     0.96097819
     0.96073783
     0.96089825
     0.96116779
     0.96143555
     0.96170154
     0.96196577
     0.96241177
     0.96264058
     0.96286805
     0.96294176
     0.96293920
     0.96285524
     0.96276852
     0.96268161
     0.96259451
     0.96250721
     0.96241971
     0.96233202
     0.96224413
     0.96215604
     0.96206776
     0.96197928
     0.96189060
     0.96180172
     0.96171264
     0.96162337
     0.96153389
     0.96148157
     0.96148294
     0.96148431
     0.96148568
     0.96148706
     0.96148843
     0.96148980
     0.96149117
     0.96149254
     0.96149391
     0.96149528
     0.96149666
     0.96149803
     0.96969697
     0.97979798
     0.98989899
     1.00000000
