     0.00000000
     0.00000000
     0.00000000
     0.00000000
     0.00000000
     0.00000000
     0.00000000
     0.00000000
     0.00000000
     0.00000000
     0.00000000
     0.00000000
     0.00000000
     0.00000000
     0.00000000
     0.00000000
     0.00000000
     0.00000000
     0.00000000
     0.00000000
     0.94586101
     0.01113882
     0.01168514
     0.01238597
     0.01316551
     0.01395525
     0.01468393
     0.01498612
     0.01508165
     0.01517734
     0.01520827
     0.01497866
     0.01474990
     0.01440086
     0.01372396
     0.01305451
     0.01239241
     0.01177368
     0.01119810
     0.01061623
     0.01004019
     0.00946994
     0.00891661
     0.00770292
     0.00643210
     0.00519964
     0.00408897
     0.00300237
     0.00226610
     0.00144649
     0.00059926
     0.00016646
     0.00082888
     0.00143731
     0.00203744
     0.00202777
     0.00199040
     0.00210243
     0.00212390
     0.00205509
     0.00198617
     0.00191715
     0.00184801
     0.00177877
     0.00086027
     0.00036035
     0.00014515
     0.00065630
     0.00117314
     0.00169575
     0.00222417
     0.00275847
     0.00247935
     0.00197621
     0.00147832
     0.00098561
     0.00049805
     0.00012725
     0.00018187
     0.00048891
     0.00072533
     0.00106030
     0.00142939
     0.00179541
     0.00215839
     0.00251835
     0.00285534
     0.00314166
     0.00342606
     0.00370854
     0.00398911
     0.00426778
     0.00454457
     0.00482633
     0.00511541
     0.00231658
     0.00000000
     0.00000000
     0.00000000
     0.00000000
     0.00000000
     0.00000000
     0.00000000
     0.00000000
     0.00000000
     0.00000000
     0.00000000
     0.00000000
     0.00000000
     0.00000000
     0.00000000
     0.00000000
     0.00000000
     0.00000000
     0.00000000
     0.00000000
     0.00000000
     0.00000000
     0.00000000
     0.00000000
     0.94633402
     0.01073444
     0.01149190
     0.01225931
     0.01303679
     0.01382445
     0.01462240
     0.01488211
     0.01508051
     0.01517614
     0.01496256
     0.01473396
     0.01450620
     0.01396809
     0.01329629
     0.01263187
     0.01197476
     0.01133569
     0.01078490
     0.01020748
     0.00964959
     0.00910765
     0.00857094
     0.00747313
     0.00620843
     0.00499980
     0.00389412
     0.00285480
     0.00213426
     0.00132153
     0.00051379
     0.00018601
     0.00087517
     0.00155385
     0.00222220
     0.00239241
     0.00232445
     0.00235282
     0.00228443
     0.00221593
     0.00214732
     0.00207860
     0.00200977
     0.00190586
     0.00105286
     0.00055544
     0.00005246
     0.00045614
     0.00097041
     0.00149042
     0.00201622
     0.00247590
     0.00247206
     0.00196932
     0.00147182
     0.00097950
     0.00059509
     0.00028301
     0.00002696
     0.00033483
     0.00060791
     0.00085434
     0.00122488
     0.00159235
     0.00195676
     0.00231814
     0.00267651
     0.00303190
     0.00336483
     0.00364751
     0.00392829
     0.00420716
     0.00448416
     0.00475928
     0.00503254
     0.00221243
     0.00000000
     0.00000000
     0.00000000
     0.00000000
     0.00000000
     0.00000000
     0.00000000
     0.00000000
     0.00000000
     0.00000000
     0.00000000
     0.00000000
     0.00000000
     0.00000000
     0.00000000
     0.00000000
     0.00000000
     0.00000000
     0.00000000
     0.00000000
     0.00000000
     0.00000000
     0.00000000
     0.00000000
     0.94665339
     0.01061219
     0.01136764
     0.01213302
     0.01290844
     0.01369401
     0.01435408
     0.01458054
     0.01480782
     0.01480798
     0.01471232
     0.01449042
     0.01421291
     0.01353875
     0.01287200
     0.01221259
     0.01156044
     0.01091549
     0.01039139
     0.00984261
     0.00929911
     0.00876084
     0.00822776
     0.00724453
     0.00598592
     0.00480093
     0.00370022
     0.00272102
     0.00200291
     0.00120325
     0.00049347
     0.00020555
     0.00089395
     0.00157188
     0.00223949
     0.00253130
     0.00253328
     0.00251227
     0.00244418
     0.00237598
     0.00230767
     0.00223925
     0.00217073
     0.00173383
     0.00124439
     0.00074946
     0.00024899
     0.00025707
     0.00076879
     0.00128620
     0.00180939
     0.00219027
     0.00226672
     0.00196240
     0.00146529
     0.00106705
     0.00075199
     0.00043906
     0.00012824
     0.00018048
     0.00048711
     0.00072197
     0.00101975
     0.00138866
     0.00175451
     0.00211732
     0.00247711
     0.00283390
     0.00318772
     0.00353858
     0.00386750
     0.00414658
     0.00442378
     0.00469910
     0.00497256
     0.00216816
     0.00000000
     0.00000000
     0.00000000
     0.00000000
     0.00000000
     0.00000000
     0.00000000
     0.00000000
     0.00000000
     0.00000000
     0.00000000
     0.00000000
     0.00000000
     0.00000000
     0.00000000
     0.00000000
     0.00000000
     0.00000000
     0.00000000
     0.00000000
     0.00000000
     0.00000000
     0.00000000
     0.00000000
     0.94680389
     0.01049027
     0.01124371
     0.01200706
     0.01278042
     0.01356392
     0.01405541
     0.01428066
     0.01436027
     0.01426535
     0.01417058
     0.01407596
     0.01374126
     0.01311279
     0.01245106
     0.01179662
     0.01120637
     0.01063950
     0.01007590
     0.00949868
     0.00895112
     0.00841650
     0.00788704
     0.00701710
     0.00576456
     0.00460301
     0.00350726
     0.00258771
     0.00187203
     0.00118212
     0.00047312
     0.00022512
     0.00091276
     0.00158994
     0.00225680
     0.00266339
     0.00266536
     0.00266733
     0.00260316
     0.00253526
     0.00246726
     0.00239914
     0.00233092
     0.00192188
     0.00143489
     0.00094243
     0.00044446
     0.00005907
     0.00056823
     0.00108308
     0.00160366
     0.00190664
     0.00197638
     0.00195543
     0.00154313
     0.00122507
     0.00090915
     0.00059536
     0.00028370
     0.00002587
     0.00033334
     0.00060480
     0.00083563
     0.00118437
     0.00155167
     0.00191591
     0.00227712
     0.00263532
     0.00299054
     0.00334280
     0.00369211
     0.00403851
     0.00436441
     0.00463898
     0.00491264
     0.00213900
     0.00000000
     0.00000000
     0.00000000
     0.00000000
     0.00000000
     0.00000000
     0.00000000
     0.00000000
     0.00000000
     0.00000000
     0.00000000
     0.00000000
     0.00000000
     0.00000000
     0.00000000
     0.00000000
     0.00000000
     0.00000000
     0.00000000
     0.00000000
     0.00000000
     0.00000000
     0.00000000
     0.00000000
     0.94695399
     0.01036867
     0.01112011
     0.01188143
     0.01265275
     0.01343418
     0.01375842
     0.01391616
     0.01382198
     0.01372794
     0.01363405
     0.01354030
     0.01302132
     0.01248831
     0.01202529
     0.01152349
     0.01095382
     0.01038973
     0.00983115
     0.00925980
     0.00869120
     0.00812841
     0.00757137
     0.00679083
     0.00554434
     0.00440604
     0.00331522
     0.00245488
     0.00182089
     0.00116097
     0.00045276
     0.00024472
     0.00093160
     0.00160802
     0.00227414
     0.00279494
     0.00279690
     0.00279886
     0.00276139
     0.00269379
     0.00262609
     0.00255827
     0.00249035
     0.00210891
     0.00162436
     0.00113437
     0.00063889
     0.00013787
     0.00036876
     0.00088103
     0.00139902
     0.00162367
     0.00168810
     0.00188875
     0.00170228
     0.00138336
     0.00106658
     0.00075193
     0.00043941
     0.00012901
     0.00017931
     0.00048553
     0.00071883
     0.00097948
     0.00134822
     0.00171390
     0.00207654
     0.00243616
     0.00279278
     0.00314643
     0.00349713
     0.00384491
     0.00418977
     0.00453176
     0.00485756
     0.00210982
     0.00000000
     0.00000000
     0.00000000
     0.00000000
     0.00000000
     0.00000000
     0.00000000
     0.00000000
     0.00000000
     0.00000000
     0.00000000
     0.00000000
     0.00000000
     0.00000000
     0.00000000
     0.00000000
     0.00000000
     0.00000000
     0.00000000
     0.00000000
     0.00000000
     0.00000000
     0.00000000
     0.00000000
     0.94710369
     0.01024741
     0.01099685
     0.01175616
     0.01252543
     0.01324110
     0.01346312
     0.01338220
     0.01328889
     0.01319572
     0.01310270
     0.01284172
     0.01238374
     0.01193209
     0.01148389
     0.01103911
     0.01059772
     0.01014126
     0.00958542
     0.00902214
     0.00845628
     0.00789620
     0.00734185
     0.00664765
     0.00532527
     0.00421003
     0.00312412
     0.00237100
     0.00179487
     0.00113982
     0.00043239
     0.00026432
     0.00095043
     0.00162611
     0.00229149
     0.00292593
     0.00292788
     0.00292984
     0.00291884
     0.00285154
     0.00278414
     0.00271662
     0.00273840
     0.00229492
     0.00181279
     0.00132525
     0.00083225
     0.00033373
     0.00017036
     0.00068009
     0.00119421
     0.00133790
     0.00151842
     0.00190407
     0.00186173
     0.00154193
     0.00122429
     0.00090879
     0.00059542
     0.00028416
     0.00002500
     0.00033206
     0.00060192
     0.00083245
     0.00114415
     0.00151127
     0.00187535
     0.00223639
     0.00259442
     0.00294947
     0.00330156
     0.00365072
     0.00399695
     0.00434029
     0.00468076
     0.00203383
     0.00000000
     0.00000000
     0.00000000
     0.00000000
     0.00000000
     0.00000000
     0.00000000
     0.00000000
     0.00000000
     0.00000000
     0.00000000
     0.00000000
     0.00000000
     0.00000000
     0.00000000
     0.00000000
     0.00000000
     0.00000000
     0.00000000
     0.00000000
     0.00000000
     0.00000000
     0.00000000
     0.00000000
     0.94725299
     0.01012648
     0.01087393
     0.01163122
     0.01239845
     0.01294865
     0.01294597
     0.01285338
     0.01276094
     0.01267336
     0.01265750
     0.01228977
     0.01183907
     0.01139181
     0.01094796
     0.01050751
     0.01007043
     0.00963669
     0.00920628
     0.00877161
     0.00822256
     0.00766518
     0.00711351
     0.00654054
     0.00519952
     0.00401496
     0.00293530
     0.00234429
     0.00176884
     0.00111865
     0.00041199
     0.00028394
     0.00096930
     0.00164423
     0.00230887
     0.00296337
     0.00305833
     0.00306028
     0.00306222
     0.00300854
     0.00294143
     0.00287422
     0.00295430
     0.00247991
     0.00200020
     0.00151511
     0.00102457
     0.00052855
     0.00002697
     0.00048021
     0.00093695
     0.00115139
     0.00153379
     0.00191932
     0.00202145
     0.00170078
     0.00138227
     0.00106591
     0.00075168
     0.00043957
     0.00012957
     0.00017833
     0.00048415
     0.00071590
     0.00094568
     0.00130805
     0.00167356
     0.00203603
     0.00239548
     0.00275193
     0.00310542
     0.00345596
     0.00380357
     0.00414827
     0.00449009
     0.00187484
     0.00000000
     0.00000000
     0.00000000
     0.00000000
     0.00000000
     0.00000000
     0.00000000
     0.00000000
     0.00000000
     0.00000000
     0.00000000
     0.00000000
     0.00000000
     0.00000000
     0.00000000
     0.00000000
     0.00000000
     0.00000000
     0.00000000
     0.00000000
     0.00000000
     0.00000000
     0.00000000
     0.00000000
     0.94740190
     0.01000588
     0.01075134
     0.01150662
     0.01227182
     0.01251329
     0.01242141
     0.01234192
     0.01232616
     0.01231040
     0.01219600
     0.01174624
     0.01129992
     0.01085700
     0.01041748
     0.00998132
     0.00954850
     0.00911900
     0.00869279
     0.00826758
     0.00782718
     0.00739035
     0.00688634
     0.00634295
     0.00511405
     0.00389832
     0.00289931
     0.00231757
     0.00174281
     0.00109746
     0.00039158
     0.00030358
     0.00098818
     0.00166236
     0.00232626
     0.00298003
     0.00318824
     0.00319018
     0.00319212
     0.00316478
     0.00309797
     0.00303105
     0.00311085
     0.00260747
     0.00209806
     0.00158256
     0.00106090
     0.00053301
     0.00000117
     0.00054172
     0.00093876
     0.00116681
     0.00154909
     0.00193450
     0.00218145
     0.00185990
     0.00154053
     0.00122330
     0.00090822
     0.00059526
     0.00028441
     0.00002434
     0.00033100
     0.00059925
     0.00082948
     0.00110421
     0.00147116
     0.00183506
     0.00219594
     0.00255380
     0.00290869
     0.00326061
     0.00360960
     0.00395567
     0.00429885
     0.00171136
     0.00000000
     0.00000000
     0.00000000
     0.00000000
     0.00000000
     0.00000000
     0.00000000
     0.00000000
     0.00000000
     0.00000000
     0.00000000
     0.00000000
     0.00000000
     0.00000000
     0.00000000
     0.00000000
     0.00000000
     0.00000000
     0.00000000
     0.00000000
     0.00000000
     0.00000000
     0.00000000
     0.00000000
     0.94755040
     0.00988560
     0.01062908
     0.01138235
     0.01208410
     0.01201260
     0.01199694
     0.01198127
     0.01196562
     0.01194996
     0.01165359
     0.01120820
     0.01076622
     0.01032762
     0.00989238
     0.00946047
     0.00903188
     0.00860658
     0.00818454
     0.00776576
     0.00733253
     0.00689994
     0.00647085
     0.00604523
     0.00502876
     0.00384377
     0.00307614
     0.00236732
     0.00171676
     0.00107625
     0.00037115
     0.00032324
     0.00100708
     0.00167929
     0.00231981
     0.00295090
     0.00324175
     0.00321882
     0.00319586
     0.00316975
     0.00307804
     0.00315123
     0.00303888
     0.00253501
     0.00202510
     0.00150908
     0.00098690
     0.00045849
     0.00007622
     0.00061730
     0.00094051
     0.00118216
     0.00156432
     0.00194961
     0.00233804
     0.00201930
     0.00169905
     0.00138096
     0.00106502
     0.00075120
     0.00043951
     0.00012992
     0.00017758
     0.00048251
     0.00071319
     0.00094268
     0.00126817
     0.00163351
     0.00199581
     0.00235509
     0.00271138
     0.00306470
     0.00341507
     0.00376251
     0.00407738
     0.00143985
     0.00000000
     0.00000000
     0.00000000
     0.00000000
     0.00000000
     0.00000000
     0.00000000
     0.00000000
     0.00000000
     0.00000000
     0.00000000
     0.00000000
     0.00000000
     0.00000000
     0.00000000
     0.00000000
     0.00000000
     0.00000000
     0.00000000
     0.00000000
     0.00000000
     0.00000000
     0.00000000
     0.00000000
     0.94765976
     0.00976567
     0.01050716
     0.01126290
     0.01166984
     0.01165427
     0.01163871
     0.01162315
     0.01160760
     0.01156113
     0.01111668
     0.01067563
     0.01023796
     0.00980363
     0.00937264
     0.00894495
     0.00852055
     0.00809941
     0.00768151
     0.00726683
     0.00684291
     0.00641453
     0.00598962
     0.00556815
     0.00471449
     0.00382503
     0.00326301
     0.00255191
     0.00185116
     0.00115999
     0.00047820
     0.00019360
     0.00085554
     0.00150775
     0.00215036
     0.00278350
     0.00316629
     0.00314334
     0.00312036
     0.00309737
     0.00302858
     0.00333837
     0.00296694
     0.00246256
     0.00195214
     0.00143562
     0.00091292
     0.00038399
     0.00015125
     0.00069287
     0.00094222
     0.00119746
     0.00157949
     0.00196466
     0.00235297
     0.00217899
     0.00185787
     0.00153891
     0.00122211
     0.00090744
     0.00059489
     0.00028445
     0.00002389
     0.00033014
     0.00059679
     0.00082673
     0.00106455
     0.00143133
     0.00179506
     0.00215577
     0.00251347
     0.00286818
     0.00321994
     0.00351263
     0.00377219
     0.00116651
     0.00000000
     0.00000000
     0.00000000
     0.00000000
     0.00000000
     0.00000000
     0.00000000
     0.00000000
     0.00000000
     0.00000000
     0.00000000
     0.00000000
     0.00000000
     0.00000000
     0.00000000
     0.00000000
     0.00000000
     0.00000000
     0.00000000
     0.00000000
     0.00000000
     0.00000000
     0.00000000
     0.00000000
     0.94772881
     0.00967838
     0.01040341
     0.01103670
     0.01131389
     0.01129843
     0.01128297
     0.01126752
     0.01125206
     0.01102534
     0.01058522
     0.01014847
     0.00971506
     0.00928497
     0.00885819
     0.00843468
     0.00801443
     0.00759742
     0.00718362
     0.00677301
     0.00635827
     0.00593406
     0.00551329
     0.00511884
     0.00445108
     0.00364012
     0.00307682
     0.00253634
     0.00200187
     0.00134055
     0.00065655
     0.00001742
     0.00068150
     0.00133583
     0.00198053
     0.00261573
     0.00309086
     0.00306787
     0.00304487
     0.00302185
     0.00297920
     0.00339393
     0.00289503
     0.00239016
     0.00187923
     0.00136219
     0.00083898
     0.00030952
     0.00022625
     0.00076103
     0.00094387
     0.00121267
     0.00159459
     0.00197963
     0.00236782
     0.00233895
     0.00201696
     0.00169713
     0.00137946
     0.00106393
     0.00075053
     0.00043924
     0.00013006
     0.00017703
     0.00048031
     0.00071069
     0.00093988
     0.00122856
     0.00159373
     0.00195585
     0.00231497
     0.00267109
     0.00294097
     0.00320392
     0.00346523
     0.00089133
     0.00000000
     0.00000000
     0.00000000
     0.00000000
     0.00000000
     0.00000000
     0.00000000
     0.00000000
     0.00000000
     0.00000000
     0.00000000
     0.00000000
     0.00000000
     0.00000000
     0.00000000
     0.00000000
     0.00000000
     0.00000000
     0.00000000
     0.00000000
     0.00000000
     0.00000000
     0.00000000
     0.00000000
     0.94786173
     0.00955756
     0.01022453
     0.01080613
     0.01096044
     0.01094508
     0.01092972
     0.01091437
     0.01089902
     0.01049499
     0.01005916
     0.00962666
     0.00919748
     0.00877160
     0.00834899
     0.00792964
     0.00751351
     0.00710058
     0.00669084
     0.00628427
     0.00587858
     0.00545850
     0.00504184
     0.00473943
     0.00418932
     0.00347488
     0.00290921
     0.00235008
     0.00180882
     0.00128221
     0.00076069
     0.00015916
     0.00050707
     0.00116352
     0.00181032
     0.00244759
     0.00301545
     0.00299243
     0.00296941
     0.00294637
     0.00312073
     0.00332255
     0.00282316
     0.00231778
     0.00180634
     0.00128880
     0.00076506
     0.00023508
     0.00030122
     0.00076273
     0.00094546
     0.00122783
     0.00160962
     0.00199454
     0.00238261
     0.00249920
     0.00217633
     0.00185563
     0.00153709
     0.00122070
     0.00090644
     0.00059431
     0.00028428
     0.00002365
     0.00032950
     0.00059455
     0.00082419
     0.00105264
     0.00139178
     0.00175534
     0.00209426
     0.00236232
     0.00262870
     0.00289341
     0.00315648
     0.00061430
     0.00000000
     0.00000000
     0.00000000
     0.00000000
     0.00000000
     0.00000000
     0.00000000
     0.00000000
     0.00000000
     0.00000000
     0.00000000
     0.00000000
     0.00000000
     0.00000000
     0.00000000
     0.00000000
     0.00000000
     0.00000000
     0.00000000
     0.00000000
     0.00000000
     0.00000000
     0.00000000
     0.00000000
     0.94801645
     0.00942463
     0.00999770
     0.01057666
     0.01060945
     0.01059419
     0.01057894
     0.01056369
     0.01040494
     0.00997003
     0.00953845
     0.00911018
     0.00868519
     0.00826348
     0.00784501
     0.00742976
     0.00701771
     0.00660885
     0.00620314
     0.00580056
     0.00540867
     0.00498781
     0.00465942
     0.00436324
     0.00392917
     0.00331034
     0.00274692
     0.00219000
     0.00163952
     0.00109266
     0.00057359
     0.00006033
     0.00044718
     0.00099082
     0.00163972
     0.00227906
     0.00290897
     0.00291702
     0.00289397
     0.00287090
     0.00315800
     0.00325120
     0.00275131
     0.00224543
     0.00173349
     0.00121542
     0.00069117
     0.00016066
     0.00037617
     0.00076439
     0.00094700
     0.00124292
     0.00162459
     0.00200939
     0.00239733
     0.00265973
     0.00233598
     0.00201441
     0.00169500
     0.00137775
     0.00106263
     0.00074965
     0.00043877
     0.00013000
     0.00017669
     0.00047832
     0.00070840
     0.00093730
     0.00118923
     0.00150504
     0.00177659
     0.00204644
     0.00231460
     0.00258110
     0.00284592
     0.00033541
     0.00000000
     0.00000000
     0.00000000
     0.00000000
     0.00000000
     0.00000000
     0.00000000
     0.00000000
     0.00000000
     0.00000000
     0.00000000
     0.00000000
     0.00000000
     0.00000000
     0.00000000
     0.00000000
     0.00000000
     0.00000000
     0.00000000
     0.00000000
     0.00000000
     0.00000000
     0.00000000
     0.00000000
     0.94817072
     0.00922792
     0.00977832
     0.01027607
     0.01026091
     0.01024575
     0.01023060
     0.01021545
     0.00988107
     0.00945040
     0.00902303
     0.00859895
     0.00817813
     0.00776055
     0.00734618
     0.00693586
     0.00653888
     0.00614488
     0.00575384
     0.00536574
     0.00498057
     0.00459594
     0.00428404
     0.00399024
     0.00371423
     0.00314649
     0.00258531
     0.00203060
     0.00148231
     0.00093113
     0.00038743
     0.00012341
     0.00062852
     0.00112797
     0.00162180
     0.00211016
     0.00274213
     0.00284163
     0.00281856
     0.00279547
     0.00319524
     0.00317989
     0.00267950
     0.00217311
     0.00166066
     0.00114209
     0.00061732
     0.00008628
     0.00045108
     0.00076598
     0.00094848
     0.00125793
     0.00163948
     0.00202416
     0.00241198
     0.00280297
     0.00249590
     0.00217345
     0.00185318
     0.00153506
     0.00121909
     0.00090524
     0.00059352
     0.00028390
     0.00002362
     0.00032907
     0.00059253
     0.00082187
     0.00096489
     0.00118370
     0.00145706
     0.00172872
     0.00199868
     0.00226696
     0.00253357
     0.00005465
     0.00000000
     0.00000000
     0.00000000
     0.00000000
     0.00000000
     0.00000000
     0.00000000
     0.00000000
     0.00000000
     0.00000000
     0.00000000
     0.00000000
     0.00000000
     0.00000000
     0.00000000
     0.00000000
     0.00000000
     0.00000000
     0.00000000
     0.00000000
     0.00000000
     0.00000000
     0.00000000
     0.00000000
     0.94837673
     0.00904807
     0.00959638
     0.00995592
     0.00992255
     0.00989977
     0.00988472
     0.00979230
     0.00936254
     0.00893608
     0.00851290
     0.00809809
     0.00769261
     0.00729017
     0.00689075
     0.00649432
     0.00610088
     0.00571040
     0.00532286
     0.00493823
     0.00457915
     0.00425622
     0.00391186
     0.00362043
     0.00347282
     0.00298336
     0.00242440
     0.00187189
     0.00132578
     0.00077751
     0.00021874
     0.00030619
     0.00080892
     0.00130601
     0.00179750
     0.00228347
     0.00276396
     0.00281057
     0.00274316
     0.00272004
     0.00323244
     0.00309555
     0.00260771
     0.00210082
     0.00158786
     0.00106877
     0.00054348
     0.00001192
     0.00052597
     0.00076752
     0.00094991
     0.00127289
     0.00165432
     0.00203887
     0.00242657
     0.00281744
     0.00265612
     0.00233279
     0.00201165
     0.00169266
     0.00137583
     0.00106113
     0.00074855
     0.00043809
     0.00012972
     0.00017656
     0.00046266
     0.00058995
     0.00071688
     0.00086047
     0.00113566
     0.00140914
     0.00168091
     0.00195098
     0.00221937
     0.00000000
     0.00000000
     0.00000000
     0.00000000
     0.00000000
     0.00000000
     0.00000000
     0.00000000
     0.00000000
     0.00000000
     0.00000000
     0.00000000
     0.00000000
     0.00000000
     0.00000000
     0.00000000
     0.00000000
     0.00000000
     0.00000000
     0.00000000
     0.00000000
     0.00000000
     0.00000000
     0.00000000
     0.00000000
     0.94858350
     0.00886894
     0.00941518
     0.00965037
     0.00961720
     0.00958405
     0.00955091
     0.00928444
     0.00887031
     0.00845927
     0.00805130
     0.00764639
     0.00724452
     0.00684567
     0.00644981
     0.00605692
     0.00566699
     0.00528000
     0.00489593
     0.00451827
     0.00422198
     0.00391915
     0.00355613
     0.00325377
     0.00320796
     0.00282091
     0.00226417
     0.00171386
     0.00116993
     0.00062454
     0.00006799
     0.00048178
     0.00098840
     0.00148314
     0.00197230
     0.00245597
     0.00293418
     0.00310867
     0.00292151
     0.00273352
     0.00326959
     0.00300328
     0.00253594
     0.00202855
     0.00151508
     0.00099548
     0.00046967
     0.00006242
     0.00058746
     0.00076902
     0.00095130
     0.00128778
     0.00166909
     0.00205352
     0.00244110
     0.00283184
     0.00281662
     0.00249242
     0.00217040
     0.00185054
     0.00153284
     0.00121728
     0.00090385
     0.00059254
     0.00028333
     0.00002127
     0.00018064
     0.00034030
     0.00046786
     0.00059505
     0.00081238
     0.00108769
     0.00136127
     0.00163316
     0.00190335
     0.00000000
     0.00000000
     0.00000000
     0.00000000
     0.00000000
     0.00000000
     0.00000000
     0.00000000
     0.00000000
     0.00000000
     0.00000000
     0.00000000
     0.00000000
     0.00000000
     0.00000000
     0.00000000
     0.00000000
     0.00000000
     0.00000000
     0.00000000
     0.00000000
     0.00000000
     0.00000000
     0.00000000
     0.00000000
     0.94878949
     0.00869052
     0.00923470
     0.00934674
     0.00931377
     0.00928081
     0.00923594
     0.00882239
     0.00841193
     0.00800454
     0.00760021
     0.00719890
     0.00680061
     0.00640531
     0.00601299
     0.00562361
     0.00523717
     0.00485364
     0.00447301
     0.00416171
     0.00386771
     0.00357544
     0.00322436
     0.00289023
     0.00294479
     0.00265915
     0.00210462
     0.00155650
     0.00101473
     0.00047222
     0.00008212
     0.00062970
     0.00116697
     0.00165937
     0.00214622
     0.00262758
     0.00310352
     0.00340428
     0.00321858
     0.00303205
     0.00356015
     0.00303538
     0.00246422
     0.00195632
     0.00144234
     0.00092222
     0.00039589
     0.00013672
     0.00058900
     0.00077045
     0.00095262
     0.00130260
     0.00168378
     0.00206809
     0.00245555
     0.00284617
     0.00297740
     0.00265231
     0.00232942
     0.00200869
     0.00169012
     0.00137370
     0.00105942
     0.00074726
     0.00051405
     0.00031007
     0.00010700
     0.00008965
     0.00021784
     0.00034566
     0.00048722
     0.00076436
     0.00103978
     0.00131348
     0.00158548
     0.00000000
     0.00000000
     0.00000000
     0.00000000
     0.00000000
     0.00000000
     0.00000000
     0.00000000
     0.00000000
     0.00000000
     0.00000000
     0.00000000
     0.00000000
     0.00000000
     0.00000000
     0.00000000
     0.00000000
     0.00000000
     0.00000000
     0.00000000
     0.00000000
     0.00000000
     0.00000000
     0.00000000
     0.00000000
     0.94899470
     0.00851282
     0.00905494
     0.00904503
     0.00901225
     0.00897950
     0.00877451
     0.00836463
     0.00795782
     0.00755406
     0.00715332
     0.00675560
     0.00636086
     0.00596909
     0.00558027
     0.00519437
     0.00481139
     0.00443130
     0.00410154
     0.00380807
     0.00351633
     0.00322632
     0.00289518
     0.00256174
     0.00268332
     0.00249808
     0.00194575
     0.00139981
     0.00086020
     0.00032055
     0.00023158
     0.00077699
     0.00131575
     0.00183469
     0.00231923
     0.00279832
     0.00327200
     0.00369743
     0.00351318
     0.00332810
     0.00388081
     0.00329204
     0.00269478
     0.00205293
     0.00138150
     0.00084899
     0.00032214
     0.00021100
     0.00059049
     0.00077183
     0.00095389
     0.00131735
     0.00169842
     0.00208260
     0.00246993
     0.00286043
     0.00313846
     0.00281250
     0.00248872
     0.00216712
     0.00184768
     0.00153040
     0.00121850
     0.00101151
     0.00080544
     0.00060029
     0.00039605
     0.00019273
     0.00003321
     0.00009525
     0.00022333
     0.00043915
     0.00071641
     0.00099194
     0.00126575
     0.00000000
     0.00000000
     0.00000000
     0.00000000
     0.00000000
     0.00000000
     0.00000000
     0.00000000
     0.00000000
     0.00000000
     0.00000000
     0.00000000
     0.00000000
     0.00000000
     0.00000000
     0.00000000
     0.00000000
     0.00000000
     0.00000000
     0.00000000
     0.00000000
     0.00000000
     0.00000000
     0.00000000
     0.00000000
     0.94919913
     0.00833585
     0.00877784
     0.00874524
     0.00871266
     0.00868010
     0.00831739
     0.00791115
     0.00750796
     0.00710779
     0.00671062
     0.00631645
     0.00592523
     0.00553696
     0.00515162
     0.00476918
     0.00438963
     0.00404147
     0.00374852
     0.00345732
     0.00316783
     0.00288007
     0.00256859
     0.00235673
     0.00242354
     0.00233770
     0.00178757
     0.00124381
     0.00070634
     0.00016954
     0.00038039
     0.00092363
     0.00146024
     0.00199030
     0.00249135
     0.00296816
     0.00343959
     0.00390570
     0.00380530
     0.00362167
     0.00413153
     0.00354680
     0.00295364
     0.00233551
     0.00166898
     0.00099200
     0.00030443
     0.00028526
     0.00059194
     0.00077317
     0.00095511
     0.00133205
     0.00171299
     0.00209706
     0.00248426
     0.00287463
     0.00326819
     0.00297297
     0.00264831
     0.00232584
     0.00200553
     0.00172281
     0.00151370
     0.00130552
     0.00109826
     0.00089194
     0.00068653
     0.00048205
     0.00028528
     0.00015620
     0.00002748
     0.00011202
     0.00039113
     0.00066850
     0.00094415
     0.00000000
     0.00000000
     0.00000000
     0.00000000
     0.00000000
     0.00000000
     0.00000000
     0.00000000
     0.00000000
     0.00000000
     0.00000000
     0.00000000
     0.00000000
     0.00000000
     0.00000000
     0.00000000
     0.00000000
     0.00000000
     0.00000000
     0.00000000
     0.00000000
     0.00000000
     0.00000000
     0.00000000
     0.00000000
     0.94940279
     0.00815958
     0.00847974
     0.00844734
     0.00841495
     0.00827017
     0.00786450
     0.00746188
     0.00706228
     0.00666568
     0.00627206
     0.00588140
     0.00549368
     0.00510889
     0.00472699
     0.00434798
     0.00398148
     0.00368906
     0.00339838
     0.00310943
     0.00282218
     0.00253664
     0.00224455
     0.00215279
     0.00217765
     0.00217800
     0.00163006
     0.00108846
     0.00055314
     0.00001917
     0.00052858
     0.00106965
     0.00160412
     0.00213206
     0.00265355
     0.00313714
     0.00360633
     0.00407022
     0.00409500
     0.00391280
     0.00438040
     0.00379969
     0.00321060
     0.00261302
     0.00195423
     0.00128218
     0.00059961
     0.00009364
     0.00049962
     0.00077444
     0.00096894
     0.00134667
     0.00172749
     0.00211143
     0.00249852
     0.00288877
     0.00328220
     0.00313372
     0.00280818
     0.00248483
     0.00223189
     0.00202064
     0.00181033
     0.00160096
     0.00139252
     0.00118501
     0.00097843
     0.00077277
     0.00056803
     0.00040865
     0.00027930
     0.00015032
     0.00006395
     0.00034322
     0.00062077
     0.00000000
     0.00000000
     0.00000000
     0.00000000
     0.00000000
     0.00000000
     0.00000000
     0.00000000
     0.00000000
     0.00000000
     0.00000000
     0.00000000
     0.00000000
     0.00000000
     0.00000000
     0.00000000
     0.00000000
     0.00000000
     0.00000000
     0.00000000
     0.00000000
     0.00000000
     0.00000000
     0.00000000
     0.00000000
     0.94960567
     0.00798402
     0.00818355
     0.00815134
     0.00811915
     0.00781790
     0.00741585
     0.00701682
     0.00662078
     0.00622772
     0.00583761
     0.00545044
     0.00506620
     0.00468485
     0.00430637
     0.00393076
     0.00362971
     0.00333955
     0.00305112
     0.00276439
     0.00247937
     0.00219604
     0.00194651
     0.00194993
     0.00197468
     0.00201900
     0.00147323
     0.00093379
     0.00040747
     0.00013055
     0.00067611
     0.00121502
     0.00174736
     0.00227319
     0.00279260
     0.00330523
     0.00377219
     0.00423387
     0.00438228
     0.00420149
     0.00462742
     0.00405070
     0.00346565
     0.00287217
     0.00223724
     0.00157009
     0.00089248
     0.00020427
     0.00015558
     0.00048738
     0.00084777
     0.00136123
     0.00174194
     0.00212576
     0.00251272
     0.00290284
     0.00329615
     0.00329477
     0.00296835
     0.00274581
     0.00253240
     0.00231994
     0.00210843
     0.00189786
     0.00168823
     0.00147954
     0.00127177
     0.00106493
     0.00085902
     0.00065710
     0.00051846
     0.00038024
     0.00024244
     0.00001622
     0.00029562
     0.00000000
     0.00000000
     0.00000000
     0.00000000
     0.00000000
     0.00000000
     0.00000000
     0.00000000
     0.00000000
     0.00000000
     0.00000000
     0.00000000
     0.00000000
     0.00000000
     0.00000000
     0.00000000
     0.00000000
     0.00000000
     0.00000000
     0.00000000
     0.00000000
     0.00000000
     0.00000000
     0.00000000
     0.00000000
     0.94980778
     0.00780917
     0.00788922
     0.00785720
     0.00777133
     0.00736985
     0.00697138
     0.00657590
     0.00618340
     0.00579385
     0.00540723
     0.00502353
     0.00464272
     0.00426479
     0.00388971
     0.00357043
     0.00328080
     0.00299288
     0.00270668
     0.00242218
     0.00213936
     0.00192737
     0.00178600
     0.00174814
     0.00177276
     0.00179739
     0.00132753
     0.00080566
     0.00028967
     0.00024342
     0.00082302
     0.00135979
     0.00189000
     0.00241373
     0.00293105
     0.00344204
     0.00393721
     0.00439669
     0.00466715
     0.00451945
     0.00487262
     0.00429986
     0.00371883
     0.00312942
     0.00251806
     0.00185577
     0.00118310
     0.00051215
     0.00018548
     0.00014360
     0.00051446
     0.00104228
     0.00157621
     0.00211633
     0.00252684
     0.00291684
     0.00331003
     0.00348113
     0.00326459
     0.00304900
     0.00283438
     0.00262071
     0.00240799
     0.00219622
     0.00198539
     0.00177405
     0.00156205
     0.00135101
     0.00114093
     0.00093179
     0.00073844
     0.00059964
     0.00046127
     0.00031269
     0.00003142
     0.00000000
     0.00000000
     0.00000000
     0.00000000
     0.00000000
     0.00000000
     0.00000000
     0.00000000
     0.00000000
     0.00000000
     0.00000000
     0.00000000
     0.00000000
     0.00000000
     0.00000000
     0.00000000
     0.00000000
     0.00000000
     0.00000000
     0.00000000
     0.00000000
     0.00000000
     0.00000000
     0.00000000
     0.00000000
     0.95000912
     0.00762862
     0.00759677
     0.00756495
     0.00732389
     0.00692599
     0.00653107
     0.00613912
     0.00575013
     0.00536406
     0.00498090
     0.00460064
     0.00422324
     0.00384870
     0.00351125
     0.00322214
     0.00293475
     0.00264907
     0.00236508
     0.00208278
     0.00190823
     0.00176700
     0.00162619
     0.00154741
     0.00157191
     0.00159643
     0.00120679
     0.00068661
     0.00017230
     0.00035451
     0.00096929
     0.00150391
     0.00203201
     0.00255364
     0.00306890
     0.00357784
     0.00408053
     0.00455865
     0.00494962
     0.00486190
     0.00511599
     0.00454717
     0.00397014
     0.00338477
     0.00279096
     0.00213922
     0.00147144
     0.00084754
     0.00052355
     0.00019718
     0.00018396
     0.00070760
     0.00123732
     0.00177318
     0.00231524
     0.00286356
     0.00336514
     0.00378830
     0.00357052
     0.00335371
     0.00313786
     0.00292184
     0.00270478
     0.00248871
     0.00227361
     0.00205948
     0.00184632
     0.00163413
     0.00142289
     0.00121262
     0.00100329
     0.00081978
     0.00068082
     0.00054229
     0.00036039
     0.00000000
     0.00000000
     0.00000000
     0.00000000
     0.00000000
     0.00000000
     0.00000000
     0.00000000
     0.00000000
     0.00000000
     0.00000000
     0.00000000
     0.00000000
     0.00000000
     0.00000000
     0.00000000
     0.00000000
     0.00000000
     0.00000000
     0.00000000
     0.00000000
     0.00000000
     0.00000000
     0.00000000
     0.95072918
     0.95020970
     0.00733783
     0.00730618
     0.00727454
     0.00688062
     0.00648627
     0.00609487
     0.00570643
     0.00532091
     0.00493830
     0.00455858
     0.00418172
     0.00380771
     0.00345215
     0.00316357
     0.00287670
     0.00259153
     0.00230806
     0.00203056
     0.00188905
     0.00174797
     0.00160731
     0.00146707
     0.00134774
     0.00137212
     0.00139651
     0.00108646
     0.00056797
     0.00005532
     0.00046524
     0.00111494
     0.00164743
     0.00217341
     0.00269296
     0.00320615
     0.00371305
     0.00421373
     0.00470826
     0.00516975
     0.00520098
     0.00535756
     0.00479266
     0.00421959
     0.00363825
     0.00304851
     0.00242046
     0.00175756
     0.00118001
     0.00085869
     0.00053500
     0.00014378
     0.00037572
     0.00090126
     0.00143289
     0.00197067
     0.00252734
     0.00317557
     0.00383484
     0.00387395
     0.00365273
     0.00343252
     0.00321329
     0.00299505
     0.00277780
     0.00256153
     0.00234623
     0.00213191
     0.00191856
     0.00170617
     0.00149474
     0.00128426
     0.00107475
     0.00090110
     0.00076199
     0.00062329
     0.00000000
     0.00000000
     0.00000000
     0.00000000
     0.00000000
     0.00000000
     0.00000000
     0.00000000
     0.00000000
     0.00000000
     0.00000000
     0.00000000
     0.00000000
     0.00000000
     0.00000000
     0.00000000
     0.00000000
     0.00000000
     0.00000000
     0.00000000
     0.00000000
     0.00000000
     0.00000000
     0.00000000
     0.95092702
     0.95040951
     0.00704890
     0.00701744
     0.00683530
     0.00644150
     0.00605067
     0.00566278
     0.00527781
     0.00489574
     0.00451656
     0.00414024
     0.00376677
     0.00339612
     0.00310509
     0.00281874
     0.00253409
     0.00225113
     0.00201123
     0.00186986
     0.00172893
     0.00158841
     0.00144832
     0.00130865
     0.00116940
     0.00117339
     0.00119766
     0.00096655
     0.00044974
     0.00006125
     0.00057559
     0.00123711
     0.00179031
     0.00231419
     0.00283167
     0.00334280
     0.00384767
     0.00434634
     0.00483888
     0.00532538
     0.00553669
     0.00559733
     0.00503632
     0.00446719
     0.00388984
     0.00330416
     0.00269950
     0.00204143
     0.00150957
     0.00119089
     0.00086987
     0.00046875
     0.00004664
     0.00056802
     0.00109812
     0.00165116
     0.00225699
     0.00290992
     0.00357185
     0.00392218
     0.00382704
     0.00372653
     0.00350611
     0.00328669
     0.00306825
     0.00285080
     0.00263433
     0.00241884
     0.00220432
     0.00199077
     0.00177818
     0.00156656
     0.00135589
     0.00114618
     0.00098242
     0.00084315
     0.00000000
     0.00000000
     0.00000000
     0.00000000
     0.00000000
     0.00000000
     0.00000000
     0.00000000
     0.00000000
     0.00000000
     0.00000000
     0.00000000
     0.00000000
     0.00000000
     0.00000000
     0.00000000
     0.00000000
     0.00000000
     0.00000000
     0.00000000
     0.00000000
     0.00000000
     0.00000000
     0.00000000
     0.95112410
     0.95060857
     0.00676181
     0.00673054
     0.00639678
     0.00600650
     0.00561916
     0.00523473
     0.00485321
     0.00447457
     0.00409879
     0.00372585
     0.00335573
     0.00304670
     0.00276087
     0.00247674
     0.00219429
     0.00199187
     0.00185066
     0.00170986
     0.00156949
     0.00142954
     0.00129002
     0.00115091
     0.00101222
     0.00097571
     0.00099986
     0.00084706
     0.00033192
     0.00017741
     0.00068558
     0.00134502
     0.00193258
     0.00245437
     0.00296977
     0.00347886
     0.00398170
     0.00447836
     0.00496892
     0.00545347
     0.00586907
     0.00583532
     0.00527817
     0.00471296
     0.00413958
     0.00355792
     0.00296786
     0.00232310
     0.00183624
     0.00152019
     0.00120129
     0.00077202
     0.00024183
     0.00029475
     0.00083779
     0.00138735
     0.00200351
     0.00265254
     0.00331052
     0.00393076
     0.00383566
     0.00374074
     0.00364601
     0.00355146
     0.00336006
     0.00314142
     0.00292377
     0.00270710
     0.00249141
     0.00227669
     0.00206295
     0.00185017
     0.00163835
     0.00142749
     0.00121759
     0.00106373
     0.00000000
     0.00000000
     0.00000000
     0.00000000
     0.00000000
     0.00000000
     0.00000000
     0.00000000
     0.00000000
     0.00000000
     0.00000000
     0.00000000
     0.00000000
     0.00000000
     0.00000000
     0.00000000
     0.00000000
     0.00000000
     0.00000000
     0.00000000
     0.00000000
     0.00000000
     0.00000000
     0.00000000
     0.95132043
     0.95080686
     0.00647655
     0.00635209
     0.00596236
     0.00557557
     0.00519170
     0.00481072
     0.00443261
     0.00405737
     0.00368496
     0.00331537
     0.00298840
     0.00270309
     0.00241947
     0.00213754
     0.00197250
     0.00183143
     0.00169078
     0.00155055
     0.00141075
     0.00127137
     0.00113240
     0.00099386
     0.00085573
     0.00077907
     0.00080311
     0.00072797
     0.00021450
     0.00029318
     0.00079519
     0.00145256
     0.00207424
     0.00259394
     0.00310727
     0.00361432
     0.00411514
     0.00460981
     0.00509840
     0.00558099
     0.00621318
     0.00607153
     0.00551823
     0.00495691
     0.00438747
     0.00380981
     0.00322380
     0.00258173
     0.00212581
     0.00179411
     0.00145983
     0.00102046
     0.00049362
     0.00003958
     0.00057920
     0.00112530
     0.00175164
     0.00239680
     0.00305086
     0.00371393
     0.00384421
     0.00374934
     0.00365464
     0.00356014
     0.00346581
     0.00337167
     0.00321456
     0.00299671
     0.00277984
     0.00256395
     0.00234904
     0.00213510
     0.00192212
     0.00171011
     0.00149906
     0.00128896
     0.00000000
     0.00000000
     0.00000000
     0.00000000
     0.00000000
     0.00000000
     0.00000000
     0.00000000
     0.00000000
     0.00000000
     0.00000000
     0.00000000
     0.00000000
     0.00000000
     0.00000000
     0.00000000
     0.00000000
     0.00000000
     0.00000000
     0.00000000
     0.00000000
     0.00000000
     0.00000000
     0.00000000
     0.95151602
     0.95103844
     0.00619311
     0.00591826
     0.00553202
     0.00514869
     0.00476825
     0.00439069
     0.00401598
     0.00364410
     0.00327504
     0.00293019
     0.00264540
     0.00236229
     0.00209446
     0.00195311
     0.00181218
     0.00167168
     0.00153159
     0.00139193
     0.00125269
     0.00111387
     0.00097547
     0.00083749
     0.00069992
     0.00058348
     0.00060740
     0.00060930
     0.00009749
     0.00040854
     0.00090886
     0.00155974
     0.00220520
     0.00273290
     0.00324418
     0.00374919
     0.00424800
     0.00474069
     0.00522731
     0.00570796
     0.00643790
     0.00631753
     0.00575650
     0.00518003
     0.00459031
     0.00399171
     0.00338410
     0.00276735
     0.00237811
     0.00204861
     0.00171653
     0.00126722
     0.00074371
     0.00021387
     0.00032235
     0.00086883
     0.00150138
     0.00214269
     0.00279284
     0.00345196
     0.00385271
     0.00375787
     0.00366322
     0.00356875
     0.00347446
     0.00338036
     0.00328644
     0.00319270
     0.00306962
     0.00285255
     0.00263647
     0.00242136
     0.00220722
     0.00199405
     0.00178184
     0.00157059
     0.00000000
     0.00000000
     0.00000000
     0.00000000
     0.00000000
     0.00000000
     0.00000000
     0.00000000
     0.00000000
     0.00000000
     0.00000000
     0.00000000
     0.00000000
     0.00000000
     0.00000000
     0.00000000
     0.00000000
     0.00000000
     0.00000000
     0.00000000
     0.00000000
     0.00000000
     0.00000000
     0.00000000
     0.95171086
     0.95134905
     0.00587420
     0.00548851
     0.00510572
     0.00472583
     0.00434880
     0.00397462
     0.00360328
     0.00323474
     0.00287208
     0.00258780
     0.00230521
     0.00207491
     0.00193370
     0.00179292
     0.00165256
     0.00151262
     0.00137311
     0.00123401
     0.00109533
     0.00095707
     0.00081923
     0.00068180
     0.00054479
     0.00040819
     0.00041273
     0.00043654
     0.00001911
     0.00052350
     0.00102219
     0.00166655
     0.00230997
     0.00287125
     0.00338048
     0.00388347
     0.00438028
     0.00487098
     0.00535564
     0.00580661
     0.00653964
     0.00627840
     0.00590763
     0.00532933
     0.00474230
     0.00414642
     0.00354156
     0.00292762
     0.00262860
     0.00230128
     0.00197141
     0.00151230
     0.00099209
     0.00046560
     0.00006724
     0.00062397
     0.00125274
     0.00189020
     0.00253648
     0.00319167
     0.00385588
     0.00376635
     0.00367174
     0.00357731
     0.00348306
     0.00338900
     0.00329511
     0.00320141
     0.00310789
     0.00301456
     0.00292140
     0.00270896
     0.00249365
     0.00227932
     0.00206595
     0.00185355
     0.00000000
     0.00000000
     0.00000000
     0.00000000
     0.00000000
     0.00000000
     0.00000000
     0.00000000
     0.00000000
     0.00000000
     0.00000000
     0.00000000
     0.00000000
     0.00000000
     0.00000000
     0.00000000
     0.00000000
     0.00000000
     0.00000000
     0.00000000
     0.00000000
     0.00000000
     0.00000000
     0.00000000
     0.95190495
     0.95165779
     0.00544502
     0.00506278
     0.00468343
     0.00430694
     0.00393329
     0.00356248
     0.00319447
     0.00282925
     0.00253028
     0.00224820
     0.00205533
     0.00191427
     0.00177363
     0.00163342
     0.00149362
     0.00135425
     0.00121530
     0.00107676
     0.00093865
     0.00080094
     0.00066366
     0.00052679
     0.00039033
     0.00025428
     0.00021908
     0.00024278
     0.00013531
     0.00063807
     0.00113514
     0.00177301
     0.00241441
     0.00300901
     0.00351620
     0.00399275
     0.00444662
     0.00489538
     0.00533908
     0.00577778
     0.00650506
     0.00614636
     0.00578424
     0.00543574
     0.00489354
     0.00430037
     0.00369826
     0.00313964
     0.00286817
     0.00255217
     0.00222448
     0.00175573
     0.00123881
     0.00071564
     0.00018616
     0.00038066
     0.00100567
     0.00163932
     0.00228174
     0.00293302
     0.00359328
     0.00377476
     0.00368019
     0.00358580
     0.00349159
     0.00339756
     0.00330372
     0.00321006
     0.00311658
     0.00302328
     0.00293016
     0.00283723
     0.00274447
     0.00256591
     0.00235138
     0.00213781
     0.00000000
     0.00000000
     0.00000000
     0.00000000
     0.00000000
     0.00000000
     0.00000000
     0.00000000
     0.00000000
     0.00000000
     0.00000000
     0.00000000
     0.00000000
     0.00000000
     0.00000000
     0.00000000
     0.00000000
     0.00000000
     0.00000000
     0.00000000
     0.00000000
     0.00000000
     0.00000000
     0.00000000
     0.95209831
     0.95196466
     0.00501988
     0.00464107
     0.00426511
     0.00389200
     0.00352172
     0.00315424
     0.00278954
     0.00247285
     0.00219129
     0.00203574
     0.00189483
     0.00175433
     0.00161426
     0.00147461
     0.00133538
     0.00119657
     0.00105818
     0.00092020
     0.00078265
     0.00064550
     0.00050877
     0.00037245
     0.00023654
     0.00010105
     0.00002647
     0.00005005
     0.00025111
     0.00075223
     0.00124769
     0.00187412
     0.00250321
     0.00304067
     0.00350493
     0.00396398
     0.00441786
     0.00486662
     0.00531031
     0.00574902
     0.00637377
     0.00601409
     0.00565099
     0.00529502
     0.00494470
     0.00445355
     0.00385418
     0.00335684
     0.00308698
     0.00280127
     0.00247575
     0.00199750
     0.00148385
     0.00096399
     0.00043785
     0.00013894
     0.00076019
     0.00139005
     0.00202863
     0.00267602
     0.00333234
     0.00378312
     0.00368859
     0.00359423
     0.00350007
     0.00340608
     0.00331227
     0.00321865
     0.00312521
     0.00303195
     0.00293887
     0.00284597
     0.00275326
     0.00266072
     0.00256836
     0.00242342
     0.00000000
     0.00000000
     0.00000000
     0.00000000
     0.00000000
     0.00000000
     0.00000000
     0.00000000
     0.00000000
     0.00000000
     0.00000000
     0.00000000
     0.00000000
     0.00000000
     0.00000000
     0.00000000
     0.00000000
     0.00000000
     0.00000000
     0.00000000
     0.00000000
     0.00000000
     0.00000000
     0.00000000
     0.95229092
     0.95240023
     0.00459874
     0.00422332
     0.00385074
     0.00348099
     0.00311403
     0.00274985
     0.00241552
     0.00215733
     0.00201613
     0.00187536
     0.00173501
     0.00159508
     0.00145558
     0.00131649
     0.00117783
     0.00103958
     0.00090174
     0.00076433
     0.00062732
     0.00049073
     0.00035455
     0.00021879
     0.00008343
     0.00005152
     0.00016512
     0.00013768
     0.00035167
     0.00084057
     0.00132407
     0.00193911
     0.00254242
     0.00301197
     0.00347624
     0.00393528
     0.00438916
     0.00483792
     0.00528162
     0.00572033
     0.00624228
     0.00588162
     0.00551752
     0.00515405
     0.00480271
     0.00444821
     0.00400933
     0.00357264
     0.00330439
     0.00303438
     0.00272523
     0.00223763
     0.00172722
     0.00121065
     0.00068783
     0.00010124
     0.00051629
     0.00114238
     0.00177713
     0.00242066
     0.00307307
     0.00373446
     0.00369692
     0.00360261
     0.00350848
     0.00341453
     0.00332077
     0.00322718
     0.00313378
     0.00304056
     0.00294752
     0.00285466
     0.00276198
     0.00266948
     0.00257716
     0.00248502
     0.00000000
     0.00000000
     0.00000000
     0.00000000
     0.00000000
     0.00000000
     0.00000000
     0.00000000
     0.00000000
     0.00000000
     0.00000000
     0.00000000
     0.00000000
     0.00000000
     0.00000000
     0.00000000
     0.00000000
     0.00000000
     0.00000000
     0.00000000
     0.00000000
     0.00000000
     0.00000000
     0.00000000
     0.95254286
     0.95284932
     0.00418157
     0.00380952
     0.00344029
     0.00307386
     0.00271021
     0.00235827
     0.00213756
     0.00199651
     0.00185588
     0.00171568
     0.00157590
     0.00143653
     0.00129759
     0.00115907
     0.00102096
     0.00088327
     0.00074599
     0.00060913
     0.00047268
     0.00033665
     0.00020102
     0.00006858
     0.00005529
     0.00017882
     0.00030201
     0.00028605
     0.00042451
     0.00091229
     0.00139467
     0.00200394
     0.00251378
     0.00298333
     0.00344760
     0.00390665
     0.00436053
     0.00480929
     0.00525299
     0.00569170
     0.00611057
     0.00574892
     0.00538383
     0.00501526
     0.00466045
     0.00430493
     0.00394621
     0.00378704
     0.00352039
     0.00325199
     0.00297293
     0.00247611
     0.00196894
     0.00145563
     0.00093612
     0.00033986
     0.00027396
     0.00089630
     0.00152725
     0.00216693
     0.00281544
     0.00347290
     0.00370521
     0.00361093
     0.00351684
     0.00342294
     0.00332921
     0.00323566
     0.00314230
     0.00304912
     0.00295612
     0.00286330
     0.00277066
     0.00267820
     0.00258591
     0.00249381
     0.00000000
     0.00000000
     0.00000000
     0.00000000
     0.00000000
     0.00000000
     0.00000000
     0.00000000
     0.00000000
     0.00000000
     0.00000000
     0.00000000
     0.00000000
     0.00000000
     0.00000000
     0.00000000
     0.00000000
     0.00000000
     0.00000000
     0.00000000
     0.00000000
     0.00000000
     0.00000000
     0.00000000
     0.95292004
     0.95329439
     0.00376832
     0.00339962
     0.00303371
     0.00267058
     0.00231020
     0.00211777
     0.00197686
     0.00183638
     0.00169632
     0.00155668
     0.00141746
     0.00127866
     0.00114028
     0.00100231
     0.00086477
     0.00072763
     0.00059091
     0.00045618
     0.00033131
     0.00020678
     0.00008261
     0.00004123
     0.00016472
     0.00028786
     0.00041067
     0.00043380
     0.00049720
     0.00098386
     0.00146513
     0.00201034
     0.00248522
     0.00295477
     0.00341904
     0.00387809
     0.00433197
     0.00478073
     0.00522444
     0.00566313
     0.00597865
     0.00561602
     0.00524993
     0.00488036
     0.00451795
     0.00416140
     0.00380165
     0.00384590
     0.00373502
     0.00346822
     0.00319055
     0.00271298
     0.00220903
     0.00169896
     0.00117874
     0.00057696
     0.00003318
     0.00065178
     0.00127896
     0.00191481
     0.00255945
     0.00321299
     0.00371342
     0.00361919
     0.00352514
     0.00343127
     0.00333758
     0.00324407
     0.00315075
     0.00305761
     0.00296464
     0.00287186
     0.00277926
     0.00268684
     0.00259459
     0.00250253
     0.00000000
     0.00000000
     0.00000000
     0.00000000
     0.00000000
     0.00000000
     0.00000000
     0.00000000
     0.00000000
     0.00000000
     0.00000000
     0.00000000
     0.00000000
     0.00000000
     0.00000000
     0.00000000
     0.00000000
     0.00000000
     0.00000000
     0.00000000
     0.00000000
     0.00000000
     0.00000000
     0.00000000
     0.95336447
     0.95373545
     0.00335898
     0.00299360
     0.00263098
     0.00229584
     0.00209796
     0.00195720
     0.00181686
     0.00167694
     0.00153745
     0.00139837
     0.00125972
     0.00112148
     0.00098366
     0.00084660
     0.00072073
     0.00059521
     0.00047003
     0.00034520
     0.00022072
     0.00009658
     0.00002721
     0.00015066
     0.00027377
     0.00039653
     0.00051896
     0.00058090
     0.00056971
     0.00104552
     0.00150686
     0.00198184
     0.00245672
     0.00292627
     0.00339054
     0.00384959
     0.00430347
     0.00475224
     0.00519594
     0.00563773
     0.00584651
     0.00548289
     0.00511581
     0.00474523
     0.00437517
     0.00401760
     0.00366159
     0.00378422
     0.00390648
     0.00368304
     0.00339314
     0.00292400
     0.00244747
     0.00194064
     0.00141068
     0.00081253
     0.00020605
     0.00040884
     0.00103226
     0.00166431
     0.00230510
     0.00295473
     0.00361332
     0.00362739
     0.00353338
     0.00343955
     0.00334590
     0.00325243
     0.00315914
     0.00306604
     0.00297312
     0.00288037
     0.00278781
     0.00269543
     0.00260322
     0.00251120
     0.00000000
     0.00000000
     0.00000000
     0.00000000
     0.00000000
     0.00000000
     0.00000000
     0.00000000
     0.00000000
     0.00000000
     0.00000000
     0.00000000
     0.00000000
     0.00000000
     0.00000000
     0.00000000
     0.00000000
     0.00000000
     0.00000000
     0.00000000
     0.00000000
     0.00000000
     0.00000000
     0.00000000
     0.95380490
     0.95417255
     0.00295352
     0.00261921
     0.00231350
     0.00207814
     0.00193753
     0.00179733
     0.00165756
     0.00151821
     0.00137928
     0.00124076
     0.00111299
     0.00098646
     0.00086028
     0.00073445
     0.00060896
     0.00048383
     0.00035904
     0.00023460
     0.00011050
     0.00001325
     0.00013666
     0.00025973
     0.00038246
     0.00050484
     0.00062689
     0.00072737
     0.00061476
     0.00101775
     0.00147908
     0.00195340
     0.00242828
     0.00289783
     0.00336211
     0.00382116
     0.00427504
     0.00472381
     0.00516751
     0.00562318
     0.00571416
     0.00534954
     0.00498146
     0.00460987
     0.00423476
     0.00387352
     0.00359984
     0.00372258
     0.00384494
     0.00389647
     0.00359448
     0.00312799
     0.00265614
     0.00217887
     0.00164112
     0.00104656
     0.00044373
     0.00016747
     0.00078715
     0.00141541
     0.00205237
     0.00269813
     0.00335279
     0.00363554
     0.00354156
     0.00344777
     0.00335416
     0.00326074
     0.00316749
     0.00307442
     0.00298154
     0.00288883
     0.00279631
     0.00270396
     0.00261180
     0.00251981
     0.00000000
     0.00000000
     0.00000000
     0.00000000
     0.00000000
     0.00000000
     0.00000000
     0.00000000
     0.00000000
     0.00000000
     0.00000000
     0.00000000
     0.00000000
     0.00000000
     0.00000000
     0.00000000
     0.00000000
     0.00000000
     0.00000000
     0.00000000
     0.00000000
     0.00000000
     0.00000000
     0.00000000
     0.95424138
     0.95457483
     0.00263674
     0.00233110
     0.00205830
     0.00191782
     0.00177777
     0.00163815
     0.00150809
     0.00138055
     0.00125335
     0.00112651
     0.00100002
     0.00087388
     0.00074809
     0.00062264
     0.00049755
     0.00037280
     0.00024840
     0.00012434
     0.00000063
     0.00012274
     0.00024577
     0.00036845
     0.00049080
     0.00061280
     0.00073447
     0.00082418
     0.00067823
     0.00099005
     0.00145138
     0.00192504
     0.00239992
     0.00286947
     0.00333375
     0.00379280
     0.00424668
     0.00469545
     0.00513916
     0.00560869
     0.00558159
     0.00521598
     0.00484690
     0.00447430
     0.00409816
     0.00372919
     0.00353815
     0.00366098
     0.00378344
     0.00390553
     0.00379462
     0.00333075
     0.00286155
     0.00238696
     0.00186441
     0.00127910
     0.00067990
     0.00007237
     0.00054359
     0.00116810
     0.00180124
     0.00244314
     0.00309390
     0.00364361
     0.00354968
     0.00345593
     0.00336236
     0.00326897
     0.00317576
     0.00308273
     0.00298989
     0.00289722
     0.00280474
     0.00271243
     0.00262030
     0.00252835
     0.00000000
     0.00000000
     0.00000000
     0.00000000
     0.00000000
     0.00000000
     0.00000000
     0.00000000
     0.00000000
     0.00000000
     0.00000000
     0.00000000
     0.00000000
     0.00000000
     0.00000000
     0.00000000
     0.00000000
     0.00000000
     0.00000000
     0.00000000
     0.00000000
     0.00000000
     0.00000000
     0.00000000
     0.95458562
     0.95489318
     0.00234863
     0.00204503
     0.00190608
     0.00177751
     0.00164929
     0.00152143
     0.00139393
     0.00126677
     0.00113997
     0.00101352
     0.00088742
     0.00076167
     0.00063627
     0.00051122
     0.00038651
     0.00026215
     0.00013813
     0.00001446
     0.00010887
     0.00023186
     0.00035451
     0.00047681
     0.00059878
     0.00071493
     0.00077262
     0.00083023
     0.00074156
     0.00096242
     0.00142374
     0.00189674
     0.00237162
     0.00284117
     0.00330545
     0.00376450
     0.00421839
     0.00466716
     0.00511086
     0.00559427
     0.00544880
     0.00508220
     0.00471211
     0.00433850
     0.00396134
     0.00358459
     0.00347648
     0.00359942
     0.00372198
     0.00384417
     0.00385878
     0.00353227
     0.00306571
     0.00259379
     0.00206137
     0.00150054
     0.00091453
     0.00031065
     0.00030161
     0.00092237
     0.00155173
     0.00218979
     0.00283666
     0.00349246
     0.00355775
     0.00346403
     0.00337050
     0.00327715
     0.00318398
     0.00309099
     0.00299819
     0.00290556
     0.00281311
     0.00272084
     0.00262875
     0.00253684
     0.00000000
     0.00000000
     0.00000000
     0.00000000
     0.00000000
     0.00000000
     0.00000000
     0.00000000
     0.00000000
     0.00000000
     0.00000000
     0.00000000
     0.00000000
     0.00000000
     0.00000000
     0.00000000
     0.00000000
     0.00000000
     0.00000000
     0.00000000
     0.00000000
     0.00000000
     0.00000000
     0.00000000
     0.95489709
     0.95519113
     0.00209216
     0.00191924
     0.00179071
     0.00166254
     0.00153472
     0.00140725
     0.00128014
     0.00115338
     0.00102697
     0.00090091
     0.00077520
     0.00064984
     0.00052483
     0.00040016
     0.00027584
     0.00015186
     0.00002823
     0.00009506
     0.00021801
     0.00034062
     0.00046288
     0.00058481
     0.00066338
     0.00072111
     0.00077875
     0.00083632
     0.00080476
     0.00093484
     0.00139616
     0.00186850
     0.00234338
     0.00281294
     0.00327721
     0.00373627
     0.00419015
     0.00463892
     0.00508263
     0.00557990
     0.00531578
     0.00494819
     0.00457709
     0.00420246
     0.00382428
     0.00344250
     0.00341485
     0.00353789
     0.00366055
     0.00378284
     0.00377436
     0.00356589
     0.00326862
     0.00279935
     0.00225720
     0.00169934
     0.00113408
     0.00054739
     0.00006119
     0.00067823
     0.00130381
     0.00193806
     0.00258107
     0.00323295
     0.00356576
     0.00347209
     0.00337859
     0.00328528
     0.00319215
     0.00309920
     0.00300643
     0.00291384
     0.00282143
     0.00272921
     0.00263715
     0.00254528
     0.00000000
     0.00000000
     0.00000000
     0.00000000
     0.00000000
     0.00000000
     0.00000000
     0.00000000
     0.00000000
     0.00000000
     0.00000000
     0.00000000
     0.00000000
     0.00000000
     0.00000000
     0.00000000
     0.00000000
     0.00000000
     0.00000000
     0.00000000
     0.00000000
     0.00000000
     0.00000000
     0.00000000
     0.95516855
     0.95546090
     0.00193233
     0.00180384
     0.00167571
     0.00154793
     0.00142051
     0.00129344
     0.00116672
     0.00104035
     0.00091433
     0.00078866
     0.00066334
     0.00053836
     0.00041374
     0.00028945
     0.00016552
     0.00004192
     0.00008133
     0.00020423
     0.00032680
     0.00044903
     0.00055408
     0.00061191
     0.00066966
     0.00072734
     0.00078494
     0.00084247
     0.00086785
     0.00090735
     0.00136866
     0.00184034
     0.00231522
     0.00278478
     0.00324906
     0.00370811
     0.00416200
     0.00461077
     0.00505448
     0.00554769
     0.00518256
     0.00481396
     0.00444186
     0.00406621
     0.00368700
     0.00330419
     0.00335327
     0.00347641
     0.00359917
     0.00372157
     0.00368994
     0.00348118
     0.00327135
     0.00299952
     0.00245192
     0.00189702
     0.00133475
     0.00076502
     0.00017770
     0.00043563
     0.00105747
     0.00168792
     0.00232709
     0.00297508
     0.00357370
     0.00348007
     0.00338661
     0.00329334
     0.00320025
     0.00310734
     0.00301461
     0.00292206
     0.00282969
     0.00273750
     0.00264548
     0.00255365
     0.00000000
     0.00000000
     0.00000000
     0.00000000
     0.00000000
     0.00000000
     0.00000000
     0.00000000
     0.00000000
     0.00000000
     0.00000000
     0.00000000
     0.00000000
     0.00000000
     0.00000000
     0.00000000
     0.00000000
     0.00000000
     0.00000000
     0.00000000
     0.00000000
     0.00000000
     0.00000000
     0.00000000
     0.95543845
     0.95568619
     0.00181692
     0.00168883
     0.00156110
     0.00143371
     0.00130668
     0.00118000
     0.00105368
     0.00092770
     0.00080207
     0.00067679
     0.00055185
     0.00042727
     0.00030303
     0.00017913
     0.00005558
     0.00006764
     0.00019050
     0.00031303
     0.00043522
     0.00050261
     0.00056047
     0.00061826
     0.00067596
     0.00073360
     0.00079115
     0.00084863
     0.00090604
     0.00087990
     0.00134121
     0.00181222
     0.00228711
     0.00275667
     0.00322095
     0.00368000
     0.00413389
     0.00458267
     0.00502638
     0.00541523
     0.00504911
     0.00467950
     0.00430639
     0.00392972
     0.00354948
     0.00318457
     0.00329171
     0.00341495
     0.00353782
     0.00366031
     0.00360549
     0.00339644
     0.00318631
     0.00294156
     0.00257777
     0.00209355
     0.00153427
     0.00096755
     0.00039331
     0.00019462
     0.00081272
     0.00143940
     0.00207474
     0.00271886
     0.00337188
     0.00348801
     0.00339459
     0.00330136
     0.00320831
     0.00311543
     0.00302274
     0.00293023
     0.00283790
     0.00274574
     0.00265377
     0.00256198
     0.00000000
     0.00000000
     0.00000000
     0.00000000
     0.00000000
     0.00000000
     0.00000000
     0.00000000
     0.00000000
     0.00000000
     0.00000000
     0.00000000
     0.00000000
     0.00000000
     0.00000000
     0.00000000
     0.00000000
     0.00000000
     0.00000000
     0.00000000
     0.00000000
     0.00000000
     0.00000000
     0.00000000
     0.95570115
     0.95582955
     0.95595760
     0.00157419
     0.00144684
     0.00131985
     0.00119322
     0.00106693
     0.00094099
     0.00081540
     0.00069016
     0.00056527
     0.00044072
     0.00031652
     0.00019266
     0.00006915
     0.00005402
     0.00017685
     0.00029934
     0.00039324
     0.00045121
     0.00050910
     0.00056692
     0.00062466
     0.00068232
     0.00073991
     0.00079742
     0.00085485
     0.00091221
     0.00085254
     0.00131384
     0.00178419
     0.00225908
     0.00272864
     0.00319292
     0.00365198
     0.00410587
     0.00455464
     0.00499835
     0.00528256
     0.00491544
     0.00454483
     0.00417070
     0.00379301
     0.00341174
     0.00312982
     0.00323314
     0.00335355
     0.00347652
     0.00359911
     0.00352104
     0.00331170
     0.00310128
     0.00283098
     0.00246646
     0.00209872
     0.00172774
     0.00116894
     0.00059775
     0.00001898
     0.00056953
     0.00119245
     0.00182399
     0.00246426
     0.00311338
     0.00349587
     0.00340250
     0.00330930
     0.00321629
     0.00312346
     0.00303080
     0.00293833
     0.00284604
     0.00275392
     0.00265271
     0.00251351
     0.00000000
     0.00000000
     0.00000000
     0.00000000
     0.00000000
     0.00000000
     0.00000000
     0.00000000
     0.00000000
     0.00000000
     0.00000000
     0.00000000
     0.00000000
     0.00000000
     0.00000000
     0.00000000
     0.00000000
     0.00000000
     0.00000000
     0.00000000
     0.00000000
     0.00000000
     0.00000000
     0.00000000
     0.95584446
     0.95597247
     0.95610012
     0.00145992
     0.00133297
     0.00120637
     0.00108013
     0.00095423
     0.00082868
     0.00070348
     0.00057863
     0.00045412
     0.00032996
     0.00020615
     0.00008267
     0.00004046
     0.00016325
     0.00028378
     0.00034185
     0.00039985
     0.00045778
     0.00051562
     0.00057339
     0.00063109
     0.00068871
     0.00074625
     0.00080371
     0.00086110
     0.00091842
     0.00088610
     0.00128653
     0.00175622
     0.00223111
     0.00270067
     0.00316495
     0.00362401
     0.00407790
     0.00452668
     0.00497039
     0.00514967
     0.00478155
     0.00440993
     0.00403478
     0.00365607
     0.00327376
     0.00307510
     0.00317849
     0.00329218
     0.00341525
     0.00353794
     0.00343657
     0.00322694
     0.00301622
     0.00272029
     0.00235504
     0.00198656
     0.00161483
     0.00123982
     0.00080101
     0.00022530
     0.00035803
     0.00094909
     0.00157485
     0.00221129
     0.00285653
     0.00350369
     0.00341035
     0.00331720
     0.00322422
     0.00313143
     0.00303881
     0.00294638
     0.00285412
     0.00273541
     0.00259605
     0.00245711
     0.00000000
     0.00000000
     0.00000000
     0.00000000
     0.00000000
     0.00000000
     0.00000000
     0.00000000
     0.00000000
     0.00000000
     0.00000000
     0.00000000
     0.00000000
     0.00000000
     0.00000000
     0.00000000
     0.00000000
     0.00000000
     0.00000000
     0.00000000
     0.00000000
     0.00000000
     0.00000000
     0.00000000
     0.95598733
     0.95611494
     0.95624220
     0.00134603
     0.00121948
     0.00109327
     0.00096742
     0.00084191
     0.00071675
     0.00059194
     0.00046747
     0.00034335
     0.00021957
     0.00009614
     0.00002695
     0.00014970
     0.00023241
     0.00029052
     0.00034855
     0.00040650
     0.00046438
     0.00052218
     0.00057991
     0.00063755
     0.00069513
     0.00075262
     0.00081004
     0.00086739
     0.00092466
     0.00094904
     0.00125928
     0.00172831
     0.00220320
     0.00267276
     0.00313704
     0.00359611
     0.00405000
     0.00449877
     0.00494249
     0.00501655
     0.00464743
     0.00427480
     0.00389863
     0.00351889
     0.00313554
     0.00302043
     0.00312388
     0.00323084
     0.00335401
     0.00347681
     0.00335208
     0.00314216
     0.00293115
     0.00260949
     0.00224351
     0.00187429
     0.00150182
     0.00112606
     0.00074698
     0.00036457
     0.00014980
     0.00073773
     0.00133344
     0.00195994
     0.00260132
     0.00325156
     0.00341816
     0.00332504
     0.00323210
     0.00313935
     0.00304677
     0.00295437
     0.00281812
     0.00267860
     0.00253949
     0.00233918
     0.00000000
     0.00000000
     0.00000000
     0.00000000
     0.00000000
     0.00000000
     0.00000000
     0.00000000
     0.00000000
     0.00000000
     0.00000000
     0.00000000
     0.00000000
     0.00000000
     0.00000000
     0.00000000
     0.00000000
     0.00000000
     0.00000000
     0.00000000
     0.00000000
     0.00000000
     0.00000000
     0.00000000
     0.95612975
     0.95625697
     0.95638384
     0.00123251
     0.00110635
     0.00098053
     0.00085507
     0.00072995
     0.00060518
     0.00048075
     0.00035667
     0.00023293
     0.00010954
     0.00001351
     0.00012288
     0.00018110
     0.00023924
     0.00029730
     0.00035528
     0.00041319
     0.00047103
     0.00052878
     0.00058646
     0.00064406
     0.00070159
     0.00075904
     0.00081642
     0.00087372
     0.00093094
     0.00098809
     0.00123210
     0.00170047
     0.00217536
     0.00264492
     0.00310921
     0.00356827
     0.00402216
     0.00447094
     0.00491465
     0.00488322
     0.00451309
     0.00413945
     0.00376226
     0.00338148
     0.00299709
     0.00296581
     0.00306933
     0.00317259
     0.00329281
     0.00341571
     0.00326759
     0.00305737
     0.00284606
     0.00249860
     0.00213188
     0.00176193
     0.00138870
     0.00101219
     0.00063236
     0.00024918
     0.00013737
     0.00052757
     0.00112013
     0.00172052
     0.00234774
     0.00299409
     0.00342590
     0.00333282
     0.00323992
     0.00314720
     0.00304092
     0.00290082
     0.00276114
     0.00262187
     0.00248301
     0.00205816
     0.00000000
     0.00000000
     0.00000000
     0.00000000
     0.00000000
     0.00000000
     0.00000000
     0.00000000
     0.00000000
     0.00000000
     0.00000000
     0.00000000
     0.00000000
     0.00000000
     0.00000000
     0.00000000
     0.00000000
     0.00000000
     0.00000000
     0.00000000
     0.00000000
     0.00000000
     0.00000000
     0.00000000
     0.95627174
     0.95639857
     0.95652504
     0.00111937
     0.00099360
     0.00086817
     0.00074309
     0.00061836
     0.00049397
     0.00036993
     0.00024623
     0.00012288
     0.00000013
     0.00007159
     0.00012983
     0.00018800
     0.00024610
     0.00030411
     0.00036205
     0.00041992
     0.00047770
     0.00053541
     0.00059305
     0.00065061
     0.00070809
     0.00076549
     0.00082282
     0.00088008
     0.00093726
     0.00099436
     0.00120498
     0.00167269
     0.00214758
     0.00261714
     0.00308143
     0.00354049
     0.00399439
     0.00444317
     0.00488688
     0.00474965
     0.00437852
     0.00400386
     0.00362565
     0.00324384
     0.00285840
     0.00291123
     0.00301482
     0.00311815
     0.00323165
     0.00335465
     0.00318307
     0.00297256
     0.00275184
     0.00238760
     0.00202015
     0.00164945
     0.00127548
     0.00089821
     0.00051762
     0.00013367
     0.00025365
     0.00064437
     0.00103853
     0.00150526
     0.00211037
     0.00273827
     0.00338963
     0.00334055
     0.00324769
     0.00312378
     0.00298353
     0.00284368
     0.00270425
     0.00256523
     0.00230161
     0.00177911
     0.00000000
     0.00000000
     0.00000000
     0.00000000
     0.00000000
     0.00000000
     0.00000000
     0.00000000
     0.00000000
     0.00000000
     0.00000000
     0.00000000
     0.00000000
     0.00000000
     0.00000000
     0.00000000
     0.00000000
     0.00000000
     0.00000000
     0.00000000
     0.00000000
     0.00000000
     0.00000000
     0.00000000
     0.95641329
     0.95653973
     0.95666581
     0.00100659
     0.00088121
     0.00075617
     0.00063148
     0.00050713
     0.00038313
     0.00025947
     0.00013616
     0.00003801
     0.00002035
     0.00007863
     0.00013683
     0.00019495
     0.00025300
     0.00031097
     0.00036887
     0.00042668
     0.00048442
     0.00054209
     0.00059968
     0.00065719
     0.00071463
     0.00077199
     0.00082927
     0.00088648
     0.00094362
     0.00100067
     0.00117793
     0.00164498
     0.00211987
     0.00258943
     0.00305372
     0.00351279
     0.00396668
     0.00441546
     0.00485918
     0.00461587
     0.00424373
     0.00386806
     0.00348881
     0.00310596
     0.00275278
     0.00285670
     0.00296036
     0.00306376
     0.00317053
     0.00329363
     0.00309855
     0.00288774
     0.00264147
     0.00227651
     0.00190832
     0.00153687
     0.00116215
     0.00078413
     0.00040277
     0.00001806
     0.00037003
     0.00076154
     0.00115648
     0.00155489
     0.00195679
     0.00250299
     0.00313154
     0.00334748
     0.00320665
     0.00306623
     0.00292622
     0.00278663
     0.00264745
     0.00250867
     0.00202107
     0.00150202
     0.00000000
     0.00000000
     0.00000000
     0.00000000
     0.00000000
     0.00000000
     0.00000000
     0.00000000
     0.00000000
     0.00000000
     0.00000000
     0.00000000
     0.00000000
     0.00000000
     0.00000000
     0.00000000
     0.00000000
     0.00000000
     0.00000000
     0.00000000
     0.00000000
     0.00000000
     0.00000000
     0.00000000
     0.95655441
     0.95668045
     0.95680614
     0.00089419
     0.00076919
     0.00064454
     0.00052024
     0.00039627
     0.00027266
     0.00014938
     0.00008923
     0.00003084
     0.00002747
     0.00008570
     0.00014386
     0.00020193
     0.00025994
     0.00031786
     0.00037571
     0.00043348
     0.00049118
     0.00054880
     0.00060634
     0.00066381
     0.00072120
     0.00077852
     0.00083576
     0.00089292
     0.00095001
     0.00100702
     0.00115094
     0.00161732
     0.00209222
     0.00256179
     0.00302607
     0.00348514
     0.00393904
     0.00438782
     0.00483153
     0.00448186
     0.00410871
     0.00373201
     0.00335174
     0.00296785
     0.00269822
     0.00280222
     0.00290594
     0.00300941
     0.00311262
     0.00322402
     0.00301400
     0.00280290
     0.00253100
     0.00216530
     0.00179637
     0.00142419
     0.00104871
     0.00066993
     0.00028782
     0.00009767
     0.00048654
     0.00087882
     0.00127455
     0.00167375
     0.00207645
     0.00248268
     0.00291233
     0.00328951
     0.00314893
     0.00300876
     0.00286901
     0.00272966
     0.00259073
     0.00226396
     0.00174250
     0.00122689
     0.00000000
     0.00000000
     0.00000000
     0.00000000
     0.00000000
     0.00000000
     0.00000000
     0.00000000
     0.00000000
     0.00000000
     0.00000000
     0.00000000
     0.00000000
     0.00000000
     0.00000000
     0.00000000
     0.00000000
     0.00000000
     0.00000000
     0.00000000
     0.00000000
     0.00000000
     0.00000000
     0.00000000
     0.95669508
     0.95682074
     0.95694604
     0.00078215
     0.00065754
     0.00053327
     0.00040935
     0.00028578
     0.00019889
     0.00014039
     0.00008198
     0.00002364
     0.00003463
     0.00009282
     0.00015093
     0.00020896
     0.00026692
     0.00032479
     0.00038260
     0.00044033
     0.00049798
     0.00055555
     0.00061305
     0.00067047
     0.00072782
     0.00078509
     0.00084228
     0.00089940
     0.00095644
     0.00101341
     0.00110126
     0.00158974
     0.00206464
     0.00253421
     0.00299850
     0.00345756
     0.00391146
     0.00436024
     0.00480396
     0.00434763
     0.00397347
     0.00359574
     0.00321443
     0.00282951
     0.00264372
     0.00274778
     0.00285158
     0.00295512
     0.00305839
     0.00313976
     0.00292945
     0.00271805
     0.00242044
     0.00205400
     0.00168433
     0.00131140
     0.00093517
     0.00055563
     0.00017275
     0.00021350
     0.00060315
     0.00099622
     0.00139273
     0.00179273
     0.00219623
     0.00257579
     0.00294888
     0.00332668
     0.00309130
     0.00295138
     0.00281187
     0.00267278
     0.00250778
     0.00198390
     0.00146589
     0.00097269
     0.00000000
     0.00000000
     0.00000000
     0.00000000
     0.00000000
     0.00000000
     0.00000000
     0.00000000
     0.00000000
     0.00000000
     0.00000000
     0.00000000
     0.00000000
     0.00000000
     0.00000000
     0.00000000
     0.00000000
     0.00000000
     0.00000000
     0.00000000
     0.00000000
     0.00000000
     0.00000000
     0.00000000
     0.95683532
     0.95696059
     0.95708551
     0.00067048
     0.00054626
     0.00042238
     0.00030864
     0.00025004
     0.00019151
     0.00013306
     0.00007469
     0.00001640
     0.00004182
     0.00009996
     0.00015803
     0.00021602
     0.00027393
     0.00033176
     0.00038952
     0.00044720
     0.00050481
     0.00056234
     0.00061979
     0.00067717
     0.00073447
     0.00079169
     0.00084884
     0.00090592
     0.00096291
     0.00101984
     0.00107668
     0.00156222
     0.00203712
     0.00250669
     0.00297098
     0.00343005
     0.00388395
     0.00433273
     0.00477645
     0.00421317
     0.00383799
     0.00345924
     0.00307690
     0.00269092
     0.00258927
     0.00269340
     0.00279726
     0.00290086
     0.00300420
     0.00305548
     0.00284488
     0.00263318
     0.00230976
     0.00194259
     0.00157218
     0.00119850
     0.00082152
     0.00044122
     0.00005757
     0.00032945
     0.00071987
     0.00111373
     0.00151104
     0.00190792
     0.00227548
     0.00264596
     0.00301939
     0.00339579
     0.00317403
     0.00289409
     0.00275483
     0.00261599
     0.00222623
     0.00174227
     0.00126912
     0.00080085
     0.00000000
     0.00000000
     0.00000000
     0.00000000
     0.00000000
     0.00000000
     0.00000000
     0.00000000
     0.00000000
     0.00000000
     0.00000000
     0.00000000
     0.00000000
     0.00000000
     0.00000000
     0.00000000
     0.00000000
     0.00000000
     0.00000000
     0.00000000
     0.00000000
     0.00000000
     0.00000000
     0.00000000
     0.00000000
     0.95710001
     0.95722454
     0.00055919
     0.00043534
     0.00035977
     0.00030114
     0.00024258
     0.00018410
     0.00012570
     0.00006737
     0.00000912
     0.00004905
     0.00010715
     0.00016516
     0.00022311
     0.00028097
     0.00033876
     0.00039647
     0.00045411
     0.00051167
     0.00056915
     0.00062656
     0.00068389
     0.00074115
     0.00079833
     0.00085543
     0.00091246
     0.00096942
     0.00102630
     0.00108310
     0.00153476
     0.00200966
     0.00247923
     0.00294352
     0.00340259
     0.00385649
     0.00430527
     0.00465088
     0.00407848
     0.00370228
     0.00332250
     0.00293912
     0.00255210
     0.00253485
     0.00263905
     0.00274298
     0.00284665
     0.00295006
     0.00297831
     0.00276330
     0.00254829
     0.00219898
     0.00183108
     0.00145992
     0.00108549
     0.00070776
     0.00032669
     0.00005772
     0.00044552
     0.00083672
     0.00123136
     0.00161241
     0.00197740
     0.00234530
     0.00271612
     0.00308989
     0.00346662
     0.00343617
     0.00308047
     0.00273782
     0.00252396
     0.00204305
     0.00156709
     0.00109603
     0.00062982
     0.00000000
     0.00000000
     0.00000000
     0.00000000
     0.00000000
     0.00000000
     0.00000000
     0.00000000
     0.00000000
     0.00000000
     0.00000000
     0.00000000
     0.00000000
     0.00000000
     0.00000000
     0.00000000
     0.00000000
     0.00000000
     0.00000000
     0.00000000
     0.00000000
     0.00000000
     0.00000000
     0.00000000
     0.00000000
     0.95723900
     0.95736314
     0.00046959
     0.00041085
     0.00035218
     0.00029359
     0.00023508
     0.00017665
     0.00011829
     0.00006001
     0.00000181
     0.00005632
     0.00011437
     0.00017234
     0.00023024
     0.00028806
     0.00034580
     0.00040347
     0.00046106
     0.00051858
     0.00057601
     0.00063338
     0.00069066
     0.00074788
     0.00080501
     0.00086207
     0.00091905
     0.00097596
     0.00103280
     0.00108955
     0.00150737
     0.00198227
     0.00245184
     0.00291613
     0.00337520
     0.00382910
     0.00427789
     0.00450008
     0.00394357
     0.00356634
     0.00318553
     0.00280111
     0.00241304
     0.00248049
     0.00258475
     0.00268875
     0.00279249
     0.00289597
     0.00290197
     0.00268671
     0.00246044
     0.00209088
     0.00171946
     0.00134756
     0.00097238
     0.00059389
     0.00021206
     0.00017312
     0.00056169
     0.00095368
     0.00131910
     0.00168153
     0.00204685
     0.00241508
     0.00278624
     0.00316035
     0.00353743
     0.00369939
     0.00334194
     0.00298715
     0.00234925
     0.00186660
     0.00139273
     0.00092375
     0.00045961
     0.00000000
     0.00000000
     0.00000000
     0.00000000
     0.00000000
     0.00000000
     0.00000000
     0.00000000
     0.00000000
     0.00000000
     0.00000000
     0.00000000
     0.00000000
     0.00000000
     0.00000000
     0.00000000
     0.00000000
     0.00000000
     0.00000000
     0.00000000
     0.00000000
     0.00000000
     0.00000000
     0.00000000
     0.00000000
     0.95737756
     0.95744176
     0.00046188
     0.00040318
     0.00034456
     0.00028602
     0.00022755
     0.00016916
     0.00011085
     0.00005262
     0.00000554
     0.00006362
     0.00012163
     0.00017956
     0.00023741
     0.00029518
     0.00035288
     0.00041050
     0.00046805
     0.00052552
     0.00058291
     0.00064023
     0.00069747
     0.00075463
     0.00081172
     0.00086874
     0.00092568
     0.00098254
     0.00103933
     0.00109605
     0.00145839
     0.00195494
     0.00242451
     0.00288880
     0.00334788
     0.00380178
     0.00425057
     0.00434894
     0.00380843
     0.00343017
     0.00304833
     0.00266286
     0.00232157
     0.00242617
     0.00253050
     0.00263457
     0.00273838
     0.00284192
     0.00282564
     0.00261012
     0.00235827
     0.00198803
     0.00161449
     0.00123761
     0.00085915
     0.00047991
     0.00009732
     0.00028864
     0.00067093
     0.00102797
     0.00138786
     0.00175063
     0.00211628
     0.00248485
     0.00285634
     0.00323079
     0.00360822
     0.00396372
     0.00360451
     0.00310721
     0.00240253
     0.00170835
     0.00121921
     0.00075230
     0.00029020
     0.00000000
     0.00000000
     0.00000000
     0.00000000
     0.00000000
     0.00000000
     0.00000000
     0.00000000
     0.00000000
     0.00000000
     0.00000000
     0.00000000
     0.00000000
     0.00000000
     0.00000000
     0.00000000
     0.00000000
     0.00000000
     0.00000000
     0.00000000
     0.00000000
     0.00000000
     0.00000000
     0.00000000
     0.00000000
     0.95741790
     0.95747671
     0.00045412
     0.00039547
     0.00033689
     0.00027840
     0.00021998
     0.00016163
     0.00010337
     0.00004518
     0.00001293
     0.00007097
     0.00012893
     0.00018681
     0.00024462
     0.00030234
     0.00036000
     0.00041757
     0.00047507
     0.00053250
     0.00058985
     0.00064712
     0.00070432
     0.00076144
     0.00081848
     0.00087545
     0.00093235
     0.00098917
     0.00104591
     0.00110258
     0.00137546
     0.00192768
     0.00239725
     0.00286155
     0.00332062
     0.00377452
     0.00422331
     0.00419749
     0.00367306
     0.00329378
     0.00291090
     0.00252438
     0.00226723
     0.00237190
     0.00247630
     0.00258044
     0.00268431
     0.00278793
     0.00274931
     0.00253353
     0.00225603
     0.00188512
     0.00151090
     0.00113334
     0.00075242
     0.00036809
     0.00001753
     0.00038446
     0.00073900
     0.00109637
     0.00145660
     0.00181969
     0.00218568
     0.00255458
     0.00292642
     0.00330121
     0.00367897
     0.00405974
     0.00386817
     0.00316082
     0.00245575
     0.00176118
     0.00107697
     0.00058165
     0.00012159
     0.00000000
     0.00000000
     0.00000000
     0.00000000
     0.00000000
     0.00000000
     0.00000000
     0.00000000
     0.00000000
     0.00000000
     0.00000000
     0.00000000
     0.00000000
     0.00000000
     0.00000000
     0.00000000
     0.00000000
     0.00000000
     0.00000000
     0.00000000
     0.00000000
     0.00000000
     0.00000000
     0.00000000
     0.00000000
     0.95745288
     0.95751164
     0.00044634
     0.00038773
     0.00032920
     0.00027075
     0.00021238
     0.00015408
     0.00009586
     0.00003772
     0.00002035
     0.00007834
     0.00013625
     0.00019409
     0.00025185
     0.00030953
     0.00036714
     0.00042467
     0.00048212
     0.00053950
     0.00059681
     0.00065403
     0.00071119
     0.00076826
     0.00082526
     0.00088219
     0.00093904
     0.00099581
     0.00105251
     0.00110914
     0.00129250
     0.00190047
     0.00237004
     0.00283434
     0.00329341
     0.00374732
     0.00419611
     0.00404569
     0.00353744
     0.00315713
     0.00277321
     0.00238565
     0.00221293
     0.00231766
     0.00242213
     0.00252634
     0.00263028
     0.00273396
     0.00267298
     0.00245694
     0.00215370
     0.00178212
     0.00140723
     0.00102898
     0.00064737
     0.00026235
     0.00009615
     0.00045220
     0.00080707
     0.00116476
     0.00152531
     0.00188874
     0.00225506
     0.00262430
     0.00299648
     0.00337161
     0.00374972
     0.00413083
     0.00393052
     0.00321440
     0.00250894
     0.00181398
     0.00112939
     0.00045502
     0.00004620
     0.00000000
     0.00000000
     0.00000000
     0.00000000
     0.00000000
     0.00000000
     0.00000000
     0.00000000
     0.00000000
     0.00000000
     0.00000000
     0.00000000
     0.00000000
     0.00000000
     0.00000000
     0.00000000
     0.00000000
     0.00000000
     0.00000000
     0.00000000
     0.00000000
     0.00000000
     0.00000000
     0.00000000
     0.00000000
     0.95748782
     0.95754654
     0.00043852
     0.00037996
     0.00032147
     0.00026307
     0.00020474
     0.00014649
     0.00008831
     0.00003022
     0.00002781
     0.00008575
     0.00014362
     0.00020141
     0.00025912
     0.00031676
     0.00037432
     0.00043181
     0.00048922
     0.00054655
     0.00060381
     0.00066099
     0.00071810
     0.00077513
     0.00083209
     0.00088897
     0.00094577
     0.00100250
     0.00105916
     0.00111574
     0.00120953
     0.00187333
     0.00234290
     0.00280720
     0.00326628
     0.00372018
     0.00416897
     0.00389356
     0.00340161
     0.00302026
     0.00263530
     0.00224669
     0.00215867
     0.00226348
     0.00236802
     0.00247229
     0.00257630
     0.00268005
     0.00259666
     0.00238036
     0.00205131
     0.00167906
     0.00130348
     0.00092455
     0.00055152
     0.00019793
     0.00015854
     0.00051792
     0.00087510
     0.00123312
     0.00159400
     0.00195776
     0.00232442
     0.00269399
     0.00306651
     0.00344198
     0.00382044
     0.00414734
     0.00398444
     0.00326793
     0.00256207
     0.00186672
     0.00118175
     0.00050700
     0.00015765
     0.00000000
     0.00000000
     0.00000000
     0.00000000
     0.00000000
     0.00000000
     0.00000000
     0.00000000
     0.00000000
     0.00000000
     0.00000000
     0.00000000
     0.00000000
     0.00000000
     0.00000000
     0.00000000
     0.00000000
     0.00000000
     0.00000000
     0.00000000
     0.00000000
     0.00000000
     0.00000000
     0.00000000
     0.00000000
     0.95752274
     0.95758141
     0.00043065
     0.00037213
     0.00031370
     0.00025534
     0.00019706
     0.00013885
     0.00008072
     0.00002267
     0.00003531
     0.00009320
     0.00015103
     0.00020877
     0.00026644
     0.00032403
     0.00038155
     0.00043899
     0.00049636
     0.00055365
     0.00061086
     0.00066800
     0.00072506
     0.00078204
     0.00083895
     0.00089579
     0.00095255
     0.00100924
     0.00106585
     0.00112238
     0.00118299
     0.00182572
     0.00231583
     0.00278013
     0.00323921
     0.00369312
     0.00414191
     0.00374111
     0.00326554
     0.00288318
     0.00249716
     0.00210750
     0.00210447
     0.00220934
     0.00231395
     0.00241830
     0.00252238
     0.00262619
     0.00252035
     0.00230379
     0.00194885
     0.00157592
     0.00119967
     0.00084074
     0.00048974
     0.00013587
     0.00022089
     0.00058055
     0.00094309
     0.00130145
     0.00166266
     0.00202675
     0.00239374
     0.00276365
     0.00313651
     0.00351232
     0.00389112
     0.00399284
     0.00398730
     0.00332140
     0.00261515
     0.00191941
     0.00123405
     0.00055893
     0.00010610
     0.00000000
     0.00000000
     0.00000000
     0.00000000
     0.00000000
     0.00000000
     0.00000000
     0.00000000
     0.00000000
     0.00000000
     0.00000000
     0.00000000
     0.00000000
     0.00000000
     0.00000000
     0.00000000
     0.00000000
     0.00000000
     0.00000000
     0.00000000
     0.00000000
     0.00000000
     0.00000000
     0.00000000
     0.00000000
     0.95755763
     0.95761625
     0.00042276
     0.00036429
     0.00030590
     0.00024759
     0.00018935
     0.00013119
     0.00007311
     0.00001510
     0.00004283
     0.00010068
     0.00015846
     0.00021616
     0.00027378
     0.00033133
     0.00038880
     0.00044620
     0.00050352
     0.00056076
     0.00061793
     0.00067502
     0.00073204
     0.00078898
     0.00084585
     0.00090264
     0.00095935
     0.00101599
     0.00107256
     0.00112905
     0.00118895
     0.00174365
     0.00228882
     0.00275312
     0.00321219
     0.00366610
     0.00411490
     0.00358832
     0.00312923
     0.00274584
     0.00235876
     0.00196805
     0.00205030
     0.00215524
     0.00225992
     0.00236433
     0.00246848
     0.00257237
     0.00244403
     0.00221659
     0.00184630
     0.00147332
     0.00112771
     0.00077927
     0.00042799
     0.00007384
     0.00028321
     0.00064317
     0.00100606
     0.00136976
     0.00173130
     0.00209573
     0.00246305
     0.00283330
     0.00320649
     0.00358265
     0.00384449
     0.00383897
     0.00383345
     0.00337483
     0.00266819
     0.00197206
     0.00128632
     0.00061081
     0.00005459
     0.00000000
     0.00000000
     0.00000000
     0.00000000
     0.00000000
     0.00000000
     0.00000000
     0.00000000
     0.00000000
     0.00000000
     0.00000000
     0.00000000
     0.00000000
     0.00000000
     0.00000000
     0.00000000
     0.00000000
     0.00000000
     0.00000000
     0.00000000
     0.00000000
     0.00000000
     0.00000000
     0.00000000
     0.00000000
     0.95759250
     0.95765107
     0.00041483
     0.00035641
     0.00029806
     0.00023979
     0.00018160
     0.00012349
     0.00006545
     0.00000749
     0.00005039
     0.00010820
     0.00016593
     0.00022359
     0.00028117
     0.00033867
     0.00039610
     0.00045345
     0.00051072
     0.00056792
     0.00062504
     0.00068209
     0.00073906
     0.00079596
     0.00085278
     0.00090953
     0.00096620
     0.00102279
     0.00107931
     0.00113576
     0.00119496
     0.00166157
     0.00226187
     0.00272617
     0.00318525
     0.00363916
     0.00408795
     0.00343519
     0.00299270
     0.00260826
     0.00222014
     0.00189091
     0.00199619
     0.00210120
     0.00220594
     0.00231042
     0.00241464
     0.00251859
     0.00236772
     0.00211465
     0.00175552
     0.00141245
     0.00106656
     0.00071785
     0.00036628
     0.00001184
     0.00034549
     0.00070574
     0.00106892
     0.00143506
     0.00179992
     0.00216467
     0.00253233
     0.00290292
     0.00327645
     0.00365295
     0.00369120
     0.00368570
     0.00368020
     0.00342822
     0.00272117
     0.00202466
     0.00133853
     0.00066265
     0.00000313
     0.00000000
     0.00000000
     0.00000000
     0.00000000
     0.00000000
     0.00000000
     0.00000000
     0.00000000
     0.00000000
     0.00000000
     0.00000000
     0.00000000
     0.00000000
     0.00000000
     0.00000000
     0.00000000
     0.00000000
     0.00000000
     0.00000000
     0.00000000
     0.00000000
     0.00000000
     0.00000000
     0.00000000
     0.00000000
     0.95762733
     0.95768586
     0.00040686
     0.00034849
     0.00029019
     0.00023197
     0.00017382
     0.00011575
     0.00005776
     0.00000015
     0.00005799
     0.00011576
     0.00017344
     0.00023105
     0.00028858
     0.00034604
     0.00040342
     0.00046073
     0.00051796
     0.00057511
     0.00063219
     0.00068919
     0.00074612
     0.00080297
     0.00085975
     0.00091645
     0.00097307
     0.00102963
     0.00108610
     0.00114250
     0.00120100
     0.00157949
     0.00223498
     0.00269928
     0.00315836
     0.00361227
     0.00406107
     0.00328172
     0.00285592
     0.00247044
     0.00208127
     0.00183677
     0.00194211
     0.00204719
     0.00215200
     0.00225655
     0.00236084
     0.00246486
     0.00229141
     0.00203553
     0.00169496
     0.00135161
     0.00100545
     0.00065645
     0.00030460
     0.00005012
     0.00040774
     0.00076828
     0.00113175
     0.00149818
     0.00186760
     0.00223359
     0.00260159
     0.00297252
     0.00334639
     0.00354401
     0.00353853
     0.00353306
     0.00352758
     0.00348155
     0.00277411
     0.00207721
     0.00139069
     0.00071443
     0.00004828
     0.00000000
     0.00000000
     0.00000000
     0.00000000
     0.00000000
     0.00000000
     0.00000000
     0.00000000
     0.00000000
     0.00000000
     0.00000000
     0.00000000
     0.00000000
     0.00000000
     0.00000000
     0.00000000
     0.00000000
     0.00000000
     0.00000000
     0.00000000
     0.00000000
     0.00000000
     0.00000000
     0.00000000
     0.00000000
     0.95766214
     0.95772063
     0.00039887
     0.00034054
     0.00028228
     0.00022411
     0.00016601
     0.00010798
     0.00005004
     0.00000783
     0.00006563
     0.00012334
     0.00018098
     0.00023855
     0.00029603
     0.00035345
     0.00041078
     0.00046804
     0.00052523
     0.00058234
     0.00063937
     0.00069633
     0.00075321
     0.00081002
     0.00086675
     0.00092340
     0.00097999
     0.00103649
     0.00109292
     0.00114928
     0.00120708
     0.00149739
     0.00218869
     0.00267245
     0.00313153
     0.00358545
     0.00399616
     0.00312792
     0.00271891
     0.00233239
     0.00194216
     0.00178267
     0.00188808
     0.00199323
     0.00209811
     0.00220273
     0.00230708
     0.00241297
     0.00223307
     0.00197528
     0.00163444
     0.00129081
     0.00094436
     0.00059509
     0.00024295
     0.00011206
     0.00046996
     0.00083079
     0.00119455
     0.00156128
     0.00193099
     0.00230250
     0.00267083
     0.00304209
     0.00339740
     0.00339194
     0.00338648
     0.00338102
     0.00337556
     0.00337011
     0.00282701
     0.00212971
     0.00144281
     0.00076617
     0.00009965
     0.00000000
     0.00000000
     0.00000000
     0.00000000
     0.00000000
     0.00000000
     0.00000000
     0.00000000
     0.00000000
     0.00000000
     0.00000000
     0.00000000
     0.00000000
     0.00000000
     0.00000000
     0.00000000
     0.00000000
     0.00000000
     0.00000000
     0.00000000
     0.00000000
     0.00000000
     0.00000000
     0.00000000
     0.00000000
     0.95769692
     0.95775536
     0.00039083
     0.00033254
     0.00027433
     0.00021620
     0.00015815
     0.00010017
     0.00004227
     0.00001555
     0.00007330
     0.00013097
     0.00018857
     0.00024609
     0.00030353
     0.00036090
     0.00041819
     0.00047540
     0.00053254
     0.00058960
     0.00064659
     0.00070351
     0.00076034
     0.00081711
     0.00087379
     0.00093040
     0.00098694
     0.00104340
     0.00109979
     0.00115610
     0.00121320
     0.00141529
     0.00210750
     0.00264570
     0.00310478
     0.00355869
     0.00384477
     0.00297378
     0.00258167
     0.00219409
     0.00180281
     0.00172862
     0.00183410
     0.00193932
     0.00204427
     0.00214895
     0.00226105
     0.00237928
     0.00217885
     0.00191507
     0.00157395
     0.00123005
     0.00088332
     0.00053376
     0.00018135
     0.00017395
     0.00053214
     0.00089325
     0.00125731
     0.00162433
     0.00199434
     0.00236735
     0.00274004
     0.00311164
     0.00324590
     0.00324047
     0.00323503
     0.00322959
     0.00322415
     0.00321871
     0.00287985
     0.00218216
     0.00149488
     0.00081786
     0.00015096
     0.00000000
     0.00000000
     0.00000000
     0.00000000
     0.00000000
     0.00000000
     0.00000000
     0.00000000
     0.00000000
     0.00000000
     0.00000000
     0.00000000
     0.00000000
     0.00000000
     0.00000000
     0.00000000
     0.00000000
     0.00000000
     0.00000000
     0.00000000
     0.00000000
     0.00000000
     0.00000000
     0.00000000
     0.00000000
     0.95773168
     0.95779007
     0.00038276
     0.00032452
     0.00026636
     0.00020828
     0.00015027
     0.00009234
     0.00003448
     0.00002330
     0.00008100
     0.00013862
     0.00019617
     0.00025365
     0.00031105
     0.00036837
     0.00042561
     0.00048278
     0.00053988
     0.00059690
     0.00065384
     0.00071071
     0.00076750
     0.00082422
     0.00088086
     0.00093743
     0.00099392
     0.00105034
     0.00110668
     0.00116295
     0.00121935
     0.00133317
     0.00202629
     0.00261899
     0.00307807
     0.00353199
     0.00369304
     0.00282917
     0.00244418
     0.00205556
     0.00166321
     0.00167460
     0.00178015
     0.00188544
     0.00199046
     0.00210881
     0.00222940
     0.00232522
     0.00212466
     0.00185488
     0.00151349
     0.00116931
     0.00082231
     0.00047247
     0.00011977
     0.00023581
     0.00059429
     0.00095570
     0.00132005
     0.00168736
     0.00205766
     0.00243098
     0.00280732
     0.00310045
     0.00309503
     0.00308961
     0.00308419
     0.00307877
     0.00307336
     0.00306794
     0.00293265
     0.00223458
     0.00154691
     0.00086951
     0.00020223
     0.00000000
     0.00000000
     0.00000000
     0.00000000
     0.00000000
     0.00000000
     0.00000000
     0.00000000
     0.00000000
     0.00000000
     0.00000000
     0.00000000
     0.00000000
     0.00000000
     0.00000000
     0.00000000
     0.00000000
     0.00000000
     0.00000000
     0.00000000
     0.00000000
     0.00000000
     0.00000000
     0.00000000
     0.00000000
     0.95776640
     0.95782475
     0.00037466
     0.00031647
     0.00025835
     0.00020031
     0.00014235
     0.00008446
     0.00002665
     0.00003108
     0.00008874
     0.00014632
     0.00020382
     0.00026125
     0.00031861
     0.00037588
     0.00043308
     0.00049021
     0.00054726
     0.00060423
     0.00066113
     0.00071795
     0.00077470
     0.00083137
     0.00088797
     0.00094449
     0.00100094
     0.00105732
     0.00111361
     0.00116984
     0.00122599
     0.00130532
     0.00194507
     0.00259235
     0.00305144
     0.00350535
     0.00354097
     0.00269249
     0.00230645
     0.00191677
     0.00152337
     0.00162063
     0.00172625
     0.00183493
     0.00195625
     0.00207721
     0.00219782
     0.00227122
     0.00207052
     0.00179474
     0.00145307
     0.00110861
     0.00076133
     0.00041121
     0.00005823
     0.00029764
     0.00065641
     0.00101810
     0.00138274
     0.00175035
     0.00212095
     0.00249456
     0.00287121
     0.00294751
     0.00294475
     0.00293935
     0.00293395
     0.00292856
     0.00292316
     0.00291776
     0.00291237
     0.00228693
     0.00159888
     0.00092110
     0.00025345
     0.00000000
     0.00000000
     0.00000000
     0.00000000
     0.00000000
     0.00000000
     0.00000000
     0.00000000
     0.00000000
     0.00000000
     0.00000000
     0.00000000
     0.00000000
     0.00000000
     0.00000000
     0.00000000
     0.00000000
     0.00000000
     0.00000000
     0.00000000
     0.00000000
     0.00000000
     0.00000000
     0.00000000
     0.00000000
     0.95780110
     0.95785941
     0.00036652
     0.00030837
     0.00025030
     0.00019231
     0.00013439
     0.00007655
     0.00001879
     0.00003890
     0.00009651
     0.00015405
     0.00021151
     0.00026889
     0.00032620
     0.00038343
     0.00044059
     0.00049767
     0.00055467
     0.00061160
     0.00066845
     0.00072523
     0.00078194
     0.00083856
     0.00089512
     0.00095160
     0.00100800
     0.00106433
     0.00112058
     0.00117676
     0.00123287
     0.00131149
     0.00186385
     0.00254737
     0.00302486
     0.00347878
     0.00338858
     0.00255557
     0.00216849
     0.00177775
     0.00146075
     0.00156671
     0.00168168
     0.00180336
     0.00192469
     0.00204567
     0.00216629
     0.00221726
     0.00201643
     0.00173463
     0.00139269
     0.00104795
     0.00070039
     0.00034998
     0.00000328
     0.00035944
     0.00071849
     0.00108048
     0.00144541
     0.00181331
     0.00218421
     0.00255812
     0.00279204
     0.00279047
     0.00278889
     0.00278732
     0.00278432
     0.00277894
     0.00277357
     0.00276819
     0.00276281
     0.00233925
     0.00165081
     0.00097264
     0.00030462
     0.00000000
     0.00000000
     0.00000000
     0.00000000
     0.00000000
     0.00000000
     0.00000000
     0.00000000
     0.00000000
     0.00000000
     0.00000000
     0.00000000
     0.00000000
     0.00000000
     0.00000000
     0.00000000
     0.00000000
     0.00000000
     0.00000000
     0.00000000
     0.00000000
     0.00000000
     0.00000000
     0.00000000
     0.00000000
     0.00000000
     0.95789403
     0.00035835
     0.00030025
     0.00024222
     0.00018427
     0.00012640
     0.00006861
     0.00001089
     0.00004675
     0.00010432
     0.00016181
     0.00021922
     0.00027656
     0.00033382
     0.00039101
     0.00044812
     0.00050516
     0.00056212
     0.00061900
     0.00067581
     0.00073254
     0.00078920
     0.00084579
     0.00090230
     0.00095873
     0.00101509
     0.00107137
     0.00112758
     0.00118372
     0.00123978
     0.00131768
     0.00178261
     0.00246703
     0.00299834
     0.00345226
     0.00323584
     0.00241842
     0.00203028
     0.00163849
     0.00140680
     0.00152810
     0.00165015
     0.00177185
     0.00189320
     0.00201419
     0.00213483
     0.00216334
     0.00196237
     0.00167455
     0.00133233
     0.00098732
     0.00063948
     0.00028879
     0.00006476
     0.00042120
     0.00078054
     0.00114282
     0.00150804
     0.00187624
     0.00224743
     0.00262164
     0.00263565
     0.00263408
     0.00263251
     0.00263094
     0.00262937
     0.00262781
     0.00262457
     0.00261922
     0.00261386
     0.00239151
     0.00170269
     0.00102415
     0.00035575
     0.00000000
     0.00000000
     0.00000000
     0.00000000
     0.00000000
     0.00000000
     0.00000000
     0.00000000
     0.00000000
     0.00000000
     0.00000000
     0.00000000
     0.00000000
     0.00000000
     0.00000000
     0.00000000
     0.00000000
     0.00000000
     0.00000000
     0.00000000
     0.00000000
     0.00000000
     0.00000000
     0.00000000
     0.00000000
     0.00000000
     0.95792863
     0.00035015
     0.00029209
     0.00023411
     0.00017621
     0.00011838
     0.00006063
     0.00000296
     0.00005464
     0.00011216
     0.00016961
     0.00022697
     0.00028427
     0.00034148
     0.00039863
     0.00045569
     0.00051268
     0.00056960
     0.00062644
     0.00068320
     0.00073989
     0.00079650
     0.00085304
     0.00090951
     0.00096590
     0.00102221
     0.00107845
     0.00113462
     0.00119071
     0.00124672
     0.00132392
     0.00170136
     0.00238669
     0.00297189
     0.00342581
     0.00308276
     0.00228102
     0.00189183
     0.00150352
     0.00137419
     0.00149662
     0.00161869
     0.00174040
     0.00186176
     0.00198277
     0.00210342
     0.00210946
     0.00190836
     0.00161450
     0.00127201
     0.00092672
     0.00057860
     0.00022763
     0.00012621
     0.00048293
     0.00084256
     0.00120513
     0.00157065
     0.00193914
     0.00231063
     0.00248148
     0.00247992
     0.00247835
     0.00247679
     0.00247523
     0.00247366
     0.00247210
     0.00247054
     0.00246898
     0.00246551
     0.00244373
     0.00175452
     0.00107560
     0.00040683
     0.00000000
     0.00000000
     0.00000000
     0.00000000
     0.00000000
     0.00000000
     0.00000000
     0.00000000
     0.00000000
     0.00000000
     0.00000000
     0.00000000
     0.00000000
     0.00000000
     0.00000000
     0.00000000
     0.00000000
     0.00000000
     0.00000000
     0.00000000
     0.00000000
     0.00000000
     0.00000000
     0.00000000
     0.00000000
     0.00000000
     0.95796320
     0.00034191
     0.00028390
     0.00022596
     0.00016811
     0.00011033
     0.00005262
     0.00000501
     0.00006256
     0.00012003
     0.00017743
     0.00023476
     0.00029201
     0.00034918
     0.00040627
     0.00046329
     0.00052024
     0.00057711
     0.00063391
     0.00069062
     0.00074727
     0.00080384
     0.00086033
     0.00091675
     0.00097310
     0.00102937
     0.00108556
     0.00114168
     0.00119773
     0.00125370
     0.00133018
     0.00162009
     0.00230633
     0.00294549
     0.00339941
     0.00292934
     0.00214338
     0.00176323
     0.00138481
     0.00134275
     0.00146520
     0.00158728
     0.00170901
     0.00183039
     0.00195141
     0.00207207
     0.00205562
     0.00185439
     0.00155449
     0.00121173
     0.00086615
     0.00051775
     0.00016650
     0.00018762
     0.00054463
     0.00090455
     0.00126741
     0.00163322
     0.00200201
     0.00232795
     0.00232639
     0.00232483
     0.00232328
     0.00232172
     0.00232017
     0.00231861
     0.00231705
     0.00231550
     0.00231394
     0.00231238
     0.00231083
     0.00180631
     0.00112701
     0.00045786
     0.00000000
     0.00000000
     0.00000000
     0.00000000
     0.00000000
     0.00000000
     0.00000000
     0.00000000
     0.00000000
     0.00000000
     0.00000000
     0.00000000
     0.00000000
     0.00000000
     0.00000000
     0.00000000
     0.00000000
     0.00000000
     0.00000000
     0.00000000
     0.00000000
     0.00000000
     0.00000000
     0.00000000
     0.00000000
     0.00000000
     0.95799775
     0.00033364
     0.00027567
     0.00021779
     0.00015997
     0.00010224
     0.00004458
     0.00001300
     0.00007051
     0.00012794
     0.00018529
     0.00024257
     0.00029978
     0.00035690
     0.00041395
     0.00047093
     0.00052783
     0.00058466
     0.00064141
     0.00069808
     0.00075468
     0.00081121
     0.00086766
     0.00092403
     0.00098033
     0.00103656
     0.00109271
     0.00114879
     0.00120479
     0.00126072
     0.00133649
     0.00153882
     0.00222596
     0.00290179
     0.00337307
     0.00277801
     0.00202105
     0.00164522
     0.00126596
     0.00131138
     0.00143383
     0.00155593
     0.00167768
     0.00179907
     0.00192010
     0.00204079
     0.00200183
     0.00180046
     0.00149451
     0.00115147
     0.00080562
     0.00045694
     0.00010540
     0.00024900
     0.00060630
     0.00096651
     0.00132966
     0.00169576
     0.00206485
     0.00217351
     0.00217196
     0.00217041
     0.00216885
     0.00216730
     0.00216575
     0.00216420
     0.00216265
     0.00216110
     0.00215955
     0.00215800
     0.00215645
     0.00188852
     0.00118638
     0.00050885
     0.00000000
     0.00000000
     0.00000000
     0.00000000
     0.00000000
     0.00000000
     0.00000000
     0.00000000
     0.00000000
     0.00000000
     0.00000000
     0.00000000
     0.00000000
     0.00000000
     0.00000000
     0.00000000
     0.00000000
     0.00000000
     0.00000000
     0.00000000
     0.00000000
     0.00000000
     0.00000000
     0.00000000
     0.00000000
     0.00000000
     0.95803227
     0.00032534
     0.00026742
     0.00020957
     0.00015181
     0.00009412
     0.00003650
     0.00002103
     0.00007849
     0.00013588
     0.00019319
     0.00025042
     0.00030758
     0.00036466
     0.00042167
     0.00047860
     0.00053546
     0.00059224
     0.00064894
     0.00070557
     0.00076213
     0.00081861
     0.00087501
     0.00093134
     0.00098760
     0.00104378
     0.00109989
     0.00115592
     0.00121188
     0.00126777
     0.00134282
     0.00145753
     0.00214558
     0.00282230
     0.00337912
     0.00276052
     0.00197237
     0.00152706
     0.00115724
     0.00128007
     0.00140253
     0.00152465
     0.00164641
     0.00176781
     0.00188886
     0.00200956
     0.00194807
     0.00174657
     0.00143457
     0.00109125
     0.00074512
     0.00039615
     0.00004434
     0.00031035
     0.00066794
     0.00102844
     0.00139188
     0.00175827
     0.00202126
     0.00201971
     0.00201817
     0.00201662
     0.00201508
     0.00201354
     0.00201199
     0.00201045
     0.00200890
     0.00200736
     0.00200581
     0.00200427
     0.00200273
     0.00198349
     0.00128029
     0.00058794
     0.00000000
     0.00000000
     0.00000000
     0.00000000
     0.00000000
     0.00000000
     0.00000000
     0.00000000
     0.00000000
     0.00000000
     0.00000000
     0.00000000
     0.00000000
     0.00000000
     0.00000000
     0.00000000
     0.00000000
     0.00000000
     0.00000000
     0.00000000
     0.00000000
     0.00000000
     0.00000000
     0.00000000
     0.00000000
     0.00000000
     0.95806676
     0.00031699
     0.00025912
     0.00020132
     0.00014360
     0.00008595
     0.00002839
     0.00002911
     0.00008652
     0.00014386
     0.00020113
     0.00025832
     0.00031543
     0.00037247
     0.00042943
     0.00048631
     0.00054312
     0.00059986
     0.00065652
     0.00071311
     0.00076962
     0.00082605
     0.00088241
     0.00093870
     0.00099491
     0.00105105
     0.00110711
     0.00116310
     0.00121902
     0.00127486
     0.00134921
     0.00142841
     0.00206519
     0.00280631
     0.00346624
     0.00274311
     0.00195512
     0.00140877
     0.00112597
     0.00124881
     0.00137130
     0.00149343
     0.00161520
     0.00173662
     0.00185769
     0.00197840
     0.00189437
     0.00169273
     0.00137466
     0.00103107
     0.00068466
     0.00033541
     0.00001669
     0.00037166
     0.00072953
     0.00109032
     0.00145405
     0.00182074
     0.00186809
     0.00186656
     0.00186502
     0.00186348
     0.00186194
     0.00186040
     0.00185886
     0.00185733
     0.00185579
     0.00185425
     0.00185271
     0.00185117
     0.00184964
     0.00184810
     0.00137424
     0.00068084
     0.00000000
     0.00000000
     0.00000000
     0.00000000
     0.00000000
     0.00000000
     0.00000000
     0.00000000
     0.00000000
     0.00000000
     0.00000000
     0.00000000
     0.00000000
     0.00000000
     0.00000000
     0.00000000
     0.00000000
     0.00000000
     0.00000000
     0.00000000
     0.00000000
     0.00000000
     0.00000000
     0.00000000
     0.00000000
     0.00000000
     0.95810122
     0.00030862
     0.00025079
     0.00019304
     0.00013537
     0.00007777
     0.00002024
     0.00003720
     0.00009457
     0.00015187
     0.00020909
     0.00026623
     0.00032330
     0.00038029
     0.00043721
     0.00049405
     0.00055082
     0.00060751
     0.00066412
     0.00072066
     0.00077713
     0.00083352
     0.00088984
     0.00094608
     0.00100225
     0.00105834
     0.00111436
     0.00117030
     0.00122617
     0.00128197
     0.00135561
     0.00144490
     0.00208069
     0.00284192
     0.00349850
     0.00272574
     0.00193792
     0.00129033
     0.00109476
     0.00121762
     0.00134012
     0.00146226
     0.00158405
     0.00170548
     0.00182657
     0.00194729
     0.00184070
     0.00163893
     0.00131478
     0.00097091
     0.00062422
     0.00027469
     0.00007769
     0.00043295
     0.00079111
     0.00115219
     0.00151621
     0.00171712
     0.00171558
     0.00171405
     0.00171252
     0.00171099
     0.00170946
     0.00170792
     0.00170639
     0.00170486
     0.00170333
     0.00170179
     0.00170026
     0.00169873
     0.00169720
     0.00169567
     0.00146824
     0.00077379
     0.00000000
     0.00000000
     0.00000000
     0.00000000
     0.00000000
     0.00000000
     0.00000000
     0.00000000
     0.00000000
     0.00000000
     0.00000000
     0.00000000
     0.00000000
     0.00000000
     0.00000000
     0.00000000
     0.00000000
     0.00000000
     0.00000000
     0.00000000
     0.00000000
     0.00000000
     0.00000000
     0.00000000
     0.00000000
     0.00000000
     0.95813566
     0.00030022
     0.00024244
     0.00018473
     0.00012710
     0.00006955
     0.00001207
     0.00004533
     0.00010266
     0.00015991
     0.00021708
     0.00027418
     0.00033120
     0.00038815
     0.00044502
     0.00050182
     0.00055854
     0.00061519
     0.00067176
     0.00072826
     0.00078468
     0.00084102
     0.00089730
     0.00095349
     0.00100962
     0.00106567
     0.00112164
     0.00117754
     0.00123337
     0.00128912
     0.00140395
     0.00156986
     0.00211742
     0.00287749
     0.00343650
     0.00270842
     0.00192078
     0.00117174
     0.00106360
     0.00118648
     0.00130899
     0.00143115
     0.00155296
     0.00167441
     0.00179550
     0.00191624
     0.00178707
     0.00158516
     0.00125494
     0.00091078
     0.00056382
     0.00021401
     0.00013866
     0.00049420
     0.00085265
     0.00121402
     0.00156677
     0.00156524
     0.00156372
     0.00156219
     0.00156066
     0.00155914
     0.00155761
     0.00155608
     0.00155456
     0.00155303
     0.00155151
     0.00154998
     0.00154845
     0.00154693
     0.00154540
     0.00154388
     0.00154235
     0.00086678
     0.00000000
     0.00000000
     0.00000000
     0.00000000
     0.00000000
     0.00000000
     0.00000000
     0.00000000
     0.00000000
     0.00000000
     0.00000000
     0.00000000
     0.00000000
     0.00000000
     0.00000000
     0.00000000
     0.00000000
     0.00000000
     0.00000000
     0.00000000
     0.00000000
     0.00000000
     0.00000000
     0.00000000
     0.00000000
     0.00000000
     0.95817007
     0.00029179
     0.00023405
     0.00017639
     0.00011880
     0.00006130
     0.00000386
     0.00005349
     0.00011077
     0.00016798
     0.00022511
     0.00028216
     0.00033914
     0.00039604
     0.00045287
     0.00050962
     0.00056630
     0.00062290
     0.00067943
     0.00073588
     0.00079226
     0.00084856
     0.00090479
     0.00096094
     0.00101702
     0.00107303
     0.00112896
     0.00118481
     0.00124059
     0.00136998
     0.00152902
     0.00169432
     0.00215411
     0.00291302
     0.00327563
     0.00269117
     0.00190369
     0.00110090
     0.00103251
     0.00115540
     0.00127793
     0.00140010
     0.00152192
     0.00164339
     0.00176450
     0.00188525
     0.00173348
     0.00153144
     0.00119512
     0.00085069
     0.00050344
     0.00015335
     0.00019959
     0.00055543
     0.00091416
     0.00127582
     0.00141553
     0.00141401
     0.00141249
     0.00141097
     0.00140945
     0.00140793
     0.00140641
     0.00140488
     0.00140336
     0.00140184
     0.00140032
     0.00139880
     0.00139728
     0.00139576
     0.00139424
     0.00139272
     0.00139121
     0.00095981
     0.00000000
     0.00000000
     0.00000000
     0.00000000
     0.00000000
     0.00000000
     0.00000000
     0.00000000
     0.00000000
     0.00000000
     0.00000000
     0.00000000
     0.00000000
     0.00000000
     0.00000000
     0.00000000
     0.00000000
     0.00000000
     0.00000000
     0.00000000
     0.00000000
     0.00000000
     0.00000000
     0.00000000
     0.00000000
     0.00000000
     0.95820445
     0.00028331
     0.00022562
     0.00016800
     0.00011046
     0.00005300
     0.00000439
     0.00006170
     0.00011894
     0.00017609
     0.00023318
     0.00029019
     0.00034712
     0.00040398
     0.00046076
     0.00051747
     0.00057410
     0.00063066
     0.00068714
     0.00074355
     0.00079988
     0.00085614
     0.00091232
     0.00096843
     0.00102447
     0.00108043
     0.00113631
     0.00121037
     0.00135333
     0.00149580
     0.00165361
     0.00181832
     0.00219078
     0.00294853
     0.00311438
     0.00267399
     0.00188668
     0.00108406
     0.00100148
     0.00112439
     0.00124693
     0.00136912
     0.00149096
     0.00161244
     0.00173356
     0.00185433
     0.00167995
     0.00147725
     0.00113535
     0.00079064
     0.00044311
     0.00009274
     0.00026049
     0.00061661
     0.00097563
     0.00126643
     0.00126491
     0.00126340
     0.00126188
     0.00126037
     0.00125885
     0.00125734
     0.00125583
     0.00125431
     0.00125280
     0.00125128
     0.00124977
     0.00124825
     0.00124674
     0.00124523
     0.00124371
     0.00124220
     0.00124069
     0.00105288
     0.00000000
     0.00000000
     0.00000000
     0.00000000
     0.00000000
     0.00000000
     0.00000000
     0.00000000
     0.00000000
     0.00000000
     0.00000000
     0.00000000
     0.00000000
     0.00000000
     0.00000000
     0.00000000
     0.00000000
     0.00000000
     0.00000000
     0.00000000
     0.00000000
     0.00000000
     0.00000000
     0.00000000
     0.00000000
     0.00000000
     0.95823881
     0.00027481
     0.00021716
     0.00015959
     0.00010210
     0.00004468
     0.00001266
     0.00006993
     0.00012712
     0.00018423
     0.00024127
     0.00029824
     0.00035513
     0.00041194
     0.00046868
     0.00052534
     0.00058193
     0.00063844
     0.00069488
     0.00075124
     0.00080753
     0.00086374
     0.00091988
     0.00097595
     0.00103194
     0.00108785
     0.00119379
     0.00133671
     0.00147915
     0.00162111
     0.00177771
     0.00194182
     0.00222741
     0.00298400
     0.00295271
     0.00265685
     0.00186971
     0.00111044
     0.00098216
     0.00109343
     0.00121599
     0.00133819
     0.00146004
     0.00158153
     0.00170267
     0.00182346
     0.00162644
     0.00141778
     0.00107560
     0.00073061
     0.00038281
     0.00003215
     0.00032136
     0.00067777
     0.00103708
     0.00111645
     0.00111494
     0.00111343
     0.00111192
     0.00111041
     0.00110891
     0.00110740
     0.00110589
     0.00110438
     0.00110287
     0.00110136
     0.00109986
     0.00109835
     0.00109684
     0.00109533
     0.00109382
     0.00109232
     0.00109081
     0.00108930
     0.00000000
     0.00000000
     0.00000000
     0.00000000
     0.00000000
     0.00000000
     0.00000000
     0.00000000
     0.00000000
     0.00000000
     0.00000000
     0.00000000
     0.00000000
     0.00000000
     0.00000000
     0.00000000
     0.00000000
     0.00000000
     0.00000000
     0.00000000
     0.00000000
     0.00000000
     0.00000000
     0.00000000
     0.00000000
     0.00000000
     0.95827314
     0.00026628
     0.00020868
     0.00015115
     0.00009370
     0.00003633
     0.00002097
     0.00007819
     0.00013534
     0.00019241
     0.00024940
     0.00030632
     0.00036316
     0.00041993
     0.00047662
     0.00053324
     0.00058979
     0.00064625
     0.00070265
     0.00075897
     0.00081521
     0.00087138
     0.00092747
     0.00098350
     0.00103944
     0.00117727
     0.00132016
     0.00146257
     0.00160449
     0.00174593
     0.00190133
     0.00206485
     0.00226400
     0.00298366
     0.00279065
     0.00259670
     0.00185280
     0.00121193
     0.00108404
     0.00106252
     0.00118510
     0.00130732
     0.00142918
     0.00155069
     0.00167185
     0.00177444
     0.00157298
     0.00135834
     0.00101588
     0.00067062
     0.00032253
     0.00002840
     0.00038221
     0.00073890
     0.00096861
     0.00096710
     0.00096560
     0.00096410
     0.00096259
     0.00096109
     0.00095959
     0.00095809
     0.00095658
     0.00095508
     0.00095358
     0.00095208
     0.00095058
     0.00094907
     0.00094757
     0.00094607
     0.00094457
     0.00094306
     0.00094156
     0.00094006
     0.00000000
     0.00000000
     0.00000000
     0.00000000
     0.00000000
     0.00000000
     0.00000000
     0.00000000
     0.00000000
     0.00000000
     0.00000000
     0.00000000
     0.00000000
     0.00000000
     0.00000000
     0.00000000
     0.00000000
     0.00000000
     0.00000000
     0.00000000
     0.00000000
     0.00000000
     0.00000000
     0.00000000
     0.00000000
     0.00000000
     0.95830744
     0.00025771
     0.00020015
     0.00014267
     0.00008527
     0.00002794
     0.00002931
     0.00008649
     0.00014359
     0.00020061
     0.00025756
     0.00031444
     0.00037123
     0.00042796
     0.00048461
     0.00054118
     0.00059768
     0.00065410
     0.00071045
     0.00076673
     0.00082293
     0.00087905
     0.00093510
     0.00101745
     0.00116080
     0.00130367
     0.00144604
     0.00158794
     0.00172934
     0.00187027
     0.00202447
     0.00218739
     0.00234968
     0.00282185
     0.00262818
     0.00243357
     0.00183595
     0.00131310
     0.00118559
     0.00105769
     0.00115427
     0.00127651
     0.00139839
     0.00151991
     0.00164108
     0.00172116
     0.00151956
     0.00129893
     0.00095620
     0.00061065
     0.00026229
     0.00008893
     0.00044302
     0.00079999
     0.00081988
     0.00081838
     0.00081689
     0.00081539
     0.00081389
     0.00081240
     0.00081090
     0.00080940
     0.00080791
     0.00080641
     0.00080492
     0.00080342
     0.00080192
     0.00080043
     0.00079893
     0.00079743
     0.00079594
     0.00079444
     0.00079295
     0.00079145
     0.00000000
     0.00000000
     0.00000000
     0.00000000
     0.00000000
     0.00000000
     0.00000000
     0.00000000
     0.00000000
     0.00000000
     0.00000000
     0.00000000
     0.00000000
     0.00000000
     0.00000000
     0.00000000
     0.00000000
     0.00000000
     0.00000000
     0.00000000
     0.00000000
     0.00000000
     0.00000000
     0.00000000
     0.00000000
     0.00000000
     0.95834171
     0.00024912
     0.00019161
     0.00013418
     0.00007682
     0.00001953
     0.00003767
     0.00009480
     0.00015186
     0.00020884
     0.00026574
     0.00032257
     0.00037933
     0.00043601
     0.00049261
     0.00054914
     0.00060559
     0.00066197
     0.00071828
     0.00077451
     0.00083066
     0.00088674
     0.00100107
     0.00114439
     0.00128722
     0.00142957
     0.00157143
     0.00171280
     0.00185370
     0.00199411
     0.00214712
     0.00230946
     0.00247115
     0.00265962
     0.00246529
     0.00227002
     0.00181914
     0.00141393
     0.00128682
     0.00115931
     0.00112350
     0.00124575
     0.00136764
     0.00148918
     0.00161036
     0.00166790
     0.00146617
     0.00123954
     0.00089653
     0.00055071
     0.00020207
     0.00014943
     0.00050380
     0.00067329
     0.00067179
     0.00067030
     0.00066881
     0.00066732
     0.00066583
     0.00066434
     0.00066285
     0.00066136
     0.00065987
     0.00065838
     0.00065689
     0.00065540
     0.00065391
     0.00065242
     0.00065093
     0.00064944
     0.00064795
     0.00064645
     0.00064496
     0.00064347
     0.00000000
     0.00000000
     0.00000000
     0.00000000
     0.00000000
     0.00000000
     0.00000000
     0.00000000
     0.00000000
     0.00000000
     0.00000000
     0.00000000
     0.00000000
     0.00000000
     0.00000000
     0.00000000
     0.00000000
     0.00000000
     0.00000000
     0.00000000
     0.00000000
     0.00000000
     0.00000000
     0.00000000
     0.00000000
     0.00000000
     0.00000000
     0.00024049
     0.00018302
     0.00012563
     0.00006832
     0.00001108
     0.00004608
     0.00010317
     0.00016018
     0.00021711
     0.00027397
     0.00033076
     0.00038747
     0.00044410
     0.00050066
     0.00055714
     0.00061355
     0.00066989
     0.00072615
     0.00078233
     0.00084098
     0.00098475
     0.00112804
     0.00127084
     0.00141316
     0.00155499
     0.00169633
     0.00183720
     0.00197758
     0.00211749
     0.00226930
     0.00243105
     0.00259216
     0.00249700
     0.00230201
     0.00210608
     0.00180241
     0.00151445
     0.00138771
     0.00126059
     0.00113308
     0.00121505
     0.00133696
     0.00145851
     0.00157971
     0.00161470
     0.00141283
     0.00118020
     0.00083691
     0.00049082
     0.00014189
     0.00020990
     0.00052729
     0.00052581
     0.00052432
     0.00052284
     0.00052135
     0.00051987
     0.00051838
     0.00051690
     0.00051541
     0.00051393
     0.00051244
     0.00051096
     0.00050947
     0.00050799
     0.00050650
     0.00050502
     0.00050353
     0.00050205
     0.00050057
     0.00049908
     0.00049760
     0.00049611
     0.00000000
     0.00000000
     0.00000000
     0.00000000
     0.00000000
     0.00000000
     0.00000000
     0.00000000
     0.00000000
     0.00000000
     0.00000000
     0.00000000
     0.00000000
     0.00000000
     0.00000000
     0.00000000
     0.00000000
     0.00000000
     0.00000000
     0.00000000
     0.00000000
     0.00000000
     0.00000000
     0.00000000
     0.00000000
     0.00000000
     0.00000000
     0.00023182
     0.00017440
     0.00011706
     0.00005979
     0.00000260
     0.00005452
     0.00011156
     0.00016853
     0.00022542
     0.00028223
     0.00033897
     0.00039564
     0.00045223
     0.00050874
     0.00056518
     0.00062155
     0.00067784
     0.00073405
     0.00082475
     0.00096850
     0.00111175
     0.00125452
     0.00139680
     0.00153860
     0.00167992
     0.00182075
     0.00196110
     0.00210098
     0.00224038
     0.00239101
     0.00255218
     0.00271271
     0.00233397
     0.00213832
     0.00194172
     0.00174418
     0.00161465
     0.00148830
     0.00136156
     0.00123443
     0.00118442
     0.00130634
     0.00142791
     0.00154912
     0.00156154
     0.00135953
     0.00112089
     0.00077733
     0.00043095
     0.00008174
     0.00027033
     0.00038043
     0.00037895
     0.00037747
     0.00037599
     0.00037451
     0.00037303
     0.00037155
     0.00037007
     0.00036860
     0.00036712
     0.00036564
     0.00036416
     0.00036268
     0.00036120
     0.00035972
     0.00035824
     0.00035677
     0.00035529
     0.00035381
     0.00035233
     0.00035085
     0.00034937
     0.00000000
     0.00000000
     0.00000000
     0.00000000
     0.00000000
     0.00000000
     0.00000000
     0.00000000
     0.00000000
     0.00000000
     0.00000000
     0.00000000
     0.00000000
     0.00000000
     0.00000000
     0.00000000
     0.00000000
     0.00000000
     0.00000000
     0.00000000
     0.00000000
     0.00000000
     0.00000000
     0.00000000
     0.00000000
     0.00000000
     0.00000000
     0.00022313
     0.00016576
     0.00010846
     0.00005124
     0.00000591
     0.00006298
     0.00011998
     0.00017690
     0.00023375
     0.00029052
     0.00034721
     0.00040383
     0.00046038
     0.00051685
     0.00057324
     0.00062956
     0.00068581
     0.00080857
     0.00095229
     0.00109551
     0.00123825
     0.00138050
     0.00152227
     0.00166355
     0.00180435
     0.00194468
     0.00208452
     0.00222389
     0.00236278
     0.00251224
     0.00267282
     0.00265849
     0.00217053
     0.00197421
     0.00177695
     0.00171305
     0.00171452
     0.00158855
     0.00146219
     0.00133545
     0.00120832
     0.00127577
     0.00139735
     0.00151858
     0.00150841
     0.00130627
     0.00106160
     0.00071776
     0.00037111
     0.00002161
     0.00023567
     0.00023419
     0.00023272
     0.00023125
     0.00022977
     0.00022830
     0.00022683
     0.00022535
     0.00022388
     0.00022241
     0.00022093
     0.00021946
     0.00021799
     0.00021652
     0.00021504
     0.00021357
     0.00021210
     0.00021062
     0.00020915
     0.00020768
     0.00020621
     0.00020473
     0.00020326
     0.00000000
     0.00000000
     0.00000000
     0.00000000
     0.00000000
     0.00000000
     0.00000000
     0.00000000
     0.00000000
     0.00000000
     0.00000000
     0.00000000
     0.00000000
     0.00000000
     0.00000000
     0.00000000
     0.00000000
     0.00000000
     0.00000000
     0.00000000
     0.00000000
     0.00000000
     0.00000000
     0.00000000
     0.00000000
     0.00000000
     0.00000000
     0.00021441
     0.00015708
     0.00009983
     0.00004265
     0.00001445
     0.00007148
     0.00012843
     0.00018531
     0.00024211
     0.00029883
     0.00035548
     0.00041206
     0.00046856
     0.00052499
     0.00058134
     0.00064828
     0.00079245
     0.00093613
     0.00107933
     0.00122203
     0.00136425
     0.00150599
     0.00164724
     0.00178801
     0.00192830
     0.00206812
     0.00220745
     0.00234631
     0.00248470
     0.00263299
     0.00279300
     0.00256017
     0.00200667
     0.00180969
     0.00161176
     0.00171336
     0.00181407
     0.00168848
     0.00156250
     0.00143615
     0.00130940
     0.00124526
     0.00136686
     0.00148810
     0.00145532
     0.00125304
     0.00100235
     0.00065823
     0.00031129
     0.00003848
     0.00009005
     0.00008858
     0.00008711
     0.00008564
     0.00008417
     0.00008271
     0.00008124
     0.00007977
     0.00007830
     0.00007684
     0.00007537
     0.00007390
     0.00007244
     0.00007097
     0.00006950
     0.00006803
     0.00006657
     0.00006510
     0.00006363
     0.00006217
     0.00006070
     0.00005923
     0.00005777
     0.00000000
     0.00000000
     0.00000000
     0.00000000
     0.00000000
     0.00000000
     0.00000000
     0.00000000
     0.00000000
     0.00000000
     0.00000000
     0.00000000
     0.00000000
     0.00000000
     0.00000000
     0.00000000
     0.00000000
     0.00000000
     0.00000000
     0.00000000
     0.00000000
     0.00000000
     0.00000000
     0.00000000
     0.00000000
     0.00000000
     0.00000000
     0.00020566
     0.00014837
     0.00009116
     0.00003403
     0.00002303
     0.00008001
     0.00013692
     0.00019375
     0.00025050
     0.00030718
     0.00036379
     0.00042032
     0.00047678
     0.00053316
     0.00063225
     0.00077639
     0.00092004
     0.00106320
     0.00120588
     0.00134807
     0.00148977
     0.00163099
     0.00177173
     0.00191199
     0.00205178
     0.00219108
     0.00232991
     0.00246827
     0.00260615
     0.00275328
     0.00291270
     0.00246178
     0.00184241
     0.00164476
     0.00144615
     0.00171371
     0.00191330
     0.00178809
     0.00166250
     0.00153652
     0.00141016
     0.00128342
     0.00133642
     0.00145768
     0.00140227
     0.00119986
     0.00094313
     0.00059873
     0.00025152
     0.00005350
     0.00005496
     0.00005643
     0.00005789
     0.00005935
     0.00006081
     0.00006227
     0.00006373
     0.00006520
     0.00006666
     0.00006812
     0.00006958
     0.00007104
     0.00007250
     0.00007397
     0.00007543
     0.00007689
     0.00007835
     0.00007981
     0.00008127
     0.00008273
     0.00008419
     0.00008565
     0.00008712
     0.00000000
     0.00000000
     0.00000000
     0.00000000
     0.00000000
     0.00000000
     0.00000000
     0.00000000
     0.00000000
     0.00000000
     0.00000000
     0.00000000
     0.00000000
     0.00000000
     0.00000000
     0.00000000
     0.00000000
     0.00000000
     0.00000000
     0.00000000
     0.00000000
     0.00000000
     0.00000000
     0.00000000
     0.00000000
     0.00000000
     0.00000000
     0.00019687
     0.00013963
     0.00008247
     0.00002538
     0.00003164
     0.00008857
     0.00014543
     0.00020222
     0.00025893
     0.00031557
     0.00037213
     0.00042862
     0.00048503
     0.00061628
     0.00076039
     0.00090400
     0.00104714
     0.00118978
     0.00133194
     0.00147361
     0.00161480
     0.00175551
     0.00189574
     0.00203549
     0.00217476
     0.00231356
     0.00245189
     0.00258974
     0.00272713
     0.00287310
     0.00300242
     0.00236331
     0.00171395
     0.00147941
     0.00144021
     0.00171410
     0.00198618
     0.00188738
     0.00176217
     0.00163658
     0.00151060
     0.00138424
     0.00130605
     0.00142732
     0.00134926
     0.00114672
     0.00088394
     0.00053926
     0.00019645
     0.00019790
     0.00019936
     0.00020082
     0.00020227
     0.00020373
     0.00020518
     0.00020664
     0.00020810
     0.00020955
     0.00021101
     0.00021246
     0.00021392
     0.00021538
     0.00021683
     0.00021829
     0.00021974
     0.00022120
     0.00022265
     0.00022411
     0.00022556
     0.00022702
     0.00022848
     0.00022993
     0.00023139
     0.00000000
     0.00000000
     0.00000000
     0.00000000
     0.00000000
     0.00000000
     0.00000000
     0.00000000
     0.00000000
     0.00000000
     0.00000000
     0.00000000
     0.00000000
     0.00000000
     0.00000000
     0.00000000
     0.00000000
     0.00000000
     0.00000000
     0.00000000
     0.00000000
     0.00000000
     0.00000000
     0.00000000
     0.00000000
     0.00000000
     0.00000000
     0.00018805
     0.00013085
     0.00007373
     0.00001669
     0.00004028
     0.00009717
     0.00015399
     0.00021073
     0.00026740
     0.00032399
     0.00038050
     0.00045579
     0.00060036
     0.00074444
     0.00088803
     0.00103113
     0.00117374
     0.00131586
     0.00145751
     0.00159867
     0.00173934
     0.00187954
     0.00201926
     0.00215851
     0.00229728
     0.00243557
     0.00257339
     0.00271075
     0.00284763
     0.00299245
     0.00290504
     0.00226477
     0.00161424
     0.00131365
     0.00144082
     0.00171454
     0.00198644
     0.00198635
     0.00186152
     0.00173631
     0.00161071
     0.00148474
     0.00135837
     0.00139702
     0.00129630
     0.00109362
     0.00082478
     0.00047983
     0.00034025
     0.00034170
     0.00034315
     0.00034460
     0.00034605
     0.00034750
     0.00034895
     0.00035040
     0.00035185
     0.00035330
     0.00035475
     0.00035620
     0.00035765
     0.00035910
     0.00036055
     0.00036200
     0.00036345
     0.00036490
     0.00036635
     0.00036780
     0.00036925
     0.00037070
     0.00037215
     0.00037360
     0.00037505
     0.00000000
     0.00000000
     0.00000000
     0.00000000
     0.00000000
     0.00000000
     0.00000000
     0.00000000
     0.00000000
     0.00000000
     0.00000000
     0.00000000
     0.00000000
     0.00000000
     0.00000000
     0.00000000
     0.00000000
     0.00000000
     0.00000000
     0.00000000
     0.00000000
     0.00000000
     0.00000000
     0.00000000
     0.00000000
     0.00000000
     0.00000000
     0.00017920
     0.00012205
     0.00006498
     0.00000798
     0.00004894
     0.00010579
     0.00016256
     0.00021926
     0.00027588
     0.00033243
     0.00043996
     0.00058449
     0.00072854
     0.00087210
     0.00101516
     0.00115774
     0.00129984
     0.00144145
     0.00158258
     0.00172323
     0.00186339
     0.00200308
     0.00214230
     0.00228104
     0.00241930
     0.00255709
     0.00269442
     0.00283127
     0.00296765
     0.00311134
     0.00280758
     0.00216616
     0.00151444
     0.00116609
     0.00144146
     0.00171501
     0.00198674
     0.00208500
     0.00196055
     0.00183572
     0.00171050
     0.00158490
     0.00145892
     0.00136676
     0.00124337
     0.00104055
     0.00076565
     0.00048198
     0.00048343
     0.00048487
     0.00048632
     0.00048776
     0.00048921
     0.00049065
     0.00049210
     0.00049354
     0.00049499
     0.00049643
     0.00049787
     0.00049932
     0.00050076
     0.00050221
     0.00050365
     0.00050510
     0.00050654
     0.00050798
     0.00050943
     0.00051087
     0.00051232
     0.00051376
     0.00051520
     0.00051665
     0.00051809
     0.00000000
     0.00000000
     0.00000000
     0.00000000
     0.00000000
     0.00000000
     0.00000000
     0.00000000
     0.00000000
     0.00000000
     0.00000000
     0.00000000
     0.00000000
     0.00000000
     0.00000000
     0.00000000
     0.00000000
     0.00000000
     0.00000000
     0.00000000
     0.00000000
     0.00000000
     0.00000000
     0.00000000
     0.00000000
     0.00000000
     0.00000000
     0.95870615
     0.00011322
     0.00005619
     0.00000076
     0.00005764
     0.00011444
     0.00017117
     0.00022782
     0.00028440
     0.00042418
     0.00056869
     0.00071270
     0.00085622
     0.00099926
     0.00114181
     0.00128387
     0.00142545
     0.00156655
     0.00170717
     0.00184730
     0.00198696
     0.00212615
     0.00226485
     0.00240309
     0.00254085
     0.00267814
     0.00281496
     0.00295132
     0.00308721
     0.00322975
     0.00271005
     0.00206746
     0.00141457
     0.00116695
     0.00144214
     0.00171552
     0.00198709
     0.00218333
     0.00205926
     0.00193480
     0.00180997
     0.00168475
     0.00155915
     0.00143317
     0.00119047
     0.00098753
     0.00070655
     0.00062457
     0.00062601
     0.00062744
     0.00062888
     0.00063032
     0.00063176
     0.00063320
     0.00063464
     0.00063608
     0.00063752
     0.00063896
     0.00064039
     0.00064183
     0.00064327
     0.00064471
     0.00064615
     0.00064759
     0.00064903
     0.00065046
     0.00065190
     0.00065334
     0.00065478
     0.00065622
     0.00065765
     0.00065909
     0.00066053
     0.00000000
     0.00000000
     0.00000000
     0.00000000
     0.00000000
     0.00000000
     0.00000000
     0.00000000
     0.00000000
     0.00000000
     0.00000000
     0.00000000
     0.00000000
     0.00000000
     0.00000000
     0.00000000
     0.00000000
     0.00000000
     0.00000000
     0.00000000
     0.00000000
     0.00000000
     0.00000000
     0.00000000
     0.00000000
     0.00000000
     0.00000000
     0.95874011
     0.00010436
     0.00004737
     0.00000954
     0.00006637
     0.00012313
     0.00017981
     0.00026349
     0.00040846
     0.00055294
     0.00069692
     0.00084041
     0.00098342
     0.00112593
     0.00126797
     0.00140951
     0.00155058
     0.00169117
     0.00183127
     0.00197090
     0.00211005
     0.00224873
     0.00238693
     0.00252467
     0.00266193
     0.00279872
     0.00293504
     0.00307090
     0.00320630
     0.00324603
     0.00261245
     0.00196870
     0.00131462
     0.00116785
     0.00144287
     0.00171608
     0.00198748
     0.00225708
     0.00215765
     0.00203358
     0.00190912
     0.00178428
     0.00165906
     0.00153346
     0.00118758
     0.00093454
     0.00076511
     0.00076655
     0.00076798
     0.00076941
     0.00077085
     0.00077228
     0.00077371
     0.00077515
     0.00077658
     0.00077801
     0.00077945
     0.00078088
     0.00078231
     0.00078374
     0.00078518
     0.00078661
     0.00078804
     0.00078948
     0.00079091
     0.00079234
     0.00079377
     0.00079521
     0.00079664
     0.00079807
     0.00079950
     0.00080094
     0.00080237
     0.00010937
     0.00000000
     0.00000000
     0.00000000
     0.00000000
     0.00000000
     0.00000000
     0.00000000
     0.00000000
     0.00000000
     0.00000000
     0.00000000
     0.00000000
     0.00000000
     0.00000000
     0.00000000
     0.00000000
     0.00000000
     0.00000000
     0.00000000
     0.00000000
     0.00000000
     0.00000000
     0.00000000
     0.00000000
     0.00000000
     0.00000000
     0.95877405
     0.00009547
     0.00003853
     0.00001834
     0.00007513
     0.00013184
     0.00024785
     0.00039279
     0.00053723
     0.00068118
     0.00082464
     0.00096762
     0.00111010
     0.00125211
     0.00139362
     0.00153466
     0.00167521
     0.00181529
     0.00195489
     0.00209401
     0.00223265
     0.00237083
     0.00250853
     0.00264576
     0.00278252
     0.00291882
     0.00305465
     0.00319001
     0.00332491
     0.00314949
     0.00251477
     0.00186985
     0.00130488
     0.00116878
     0.00144364
     0.00171667
     0.00198790
     0.00225734
     0.00225572
     0.00213202
     0.00200794
     0.00188348
     0.00175864
     0.00163342
     0.00127142
     0.00089805
     0.00090649
     0.00090792
     0.00090934
     0.00091077
     0.00091220
     0.00091363
     0.00091505
     0.00091648
     0.00091791
     0.00091934
     0.00092076
     0.00092219
     0.00092362
     0.00092505
     0.00092647
     0.00092790
     0.00092933
     0.00093076
     0.00093218
     0.00093361
     0.00093504
     0.00093646
     0.00093789
     0.00093932
     0.00094074
     0.00094217
     0.00094360
     0.00027559
     0.00000000
     0.00000000
     0.00000000
     0.00000000
     0.00000000
     0.00000000
     0.00000000
     0.00000000
     0.00000000
     0.00000000
     0.00000000
     0.00000000
     0.00000000
     0.00000000
     0.00000000
     0.00000000
     0.00000000
     0.00000000
     0.00000000
     0.00000000
     0.00000000
     0.00000000
     0.00000000
     0.00000000
     0.00000000
     0.00000000
     0.95880796
     0.00008653
     0.00002964
     0.00002718
     0.00008689
     0.00023228
     0.00037719
     0.00052160
     0.00066552
     0.00080895
     0.00095189
     0.00109434
     0.00123631
     0.00137780
     0.00151880
     0.00165933
     0.00179937
     0.00193894
     0.00207803
     0.00221665
     0.00235479
     0.00249246
     0.00262966
     0.00276639
     0.00290266
     0.00303846
     0.00317379
     0.00330866
     0.00344307
     0.00305290
     0.00241702
     0.00177094
     0.00137960
     0.00116977
     0.00144445
     0.00171732
     0.00198838
     0.00225765
     0.00235349
     0.00223016
     0.00210646
     0.00198238
     0.00185792
     0.00172413
     0.00135505
     0.00116948
     0.00109357
     0.00104870
     0.00105012
     0.00105154
     0.00105296
     0.00105439
     0.00105581
     0.00105723
     0.00105865
     0.00106007
     0.00106150
     0.00106292
     0.00106434
     0.00106576
     0.00106718
     0.00106860
     0.00107003
     0.00107145
     0.00107287
     0.00107429
     0.00107571
     0.00107713
     0.00107855
     0.00107998
     0.00108140
     0.00108282
     0.00108424
     0.00044116
     0.00000000
     0.00000000
     0.00000000
     0.00000000
     0.00000000
     0.00000000
     0.00000000
     0.00000000
     0.00000000
     0.00000000
     0.00000000
     0.00000000
     0.00000000
     0.00000000
     0.00000000
     0.00000000
     0.00000000
     0.00000000
     0.00000000
     0.00000000
     0.00000000
     0.00000000
     0.00000000
     0.00000000
     0.00000000
     0.00000000
     0.95884184
     0.00007759
     0.00002074
     0.00007138
     0.00021675
     0.00036162
     0.00050600
     0.00064989
     0.00079329
     0.00093620
     0.00107862
     0.00122056
     0.00136201
     0.00150299
     0.00164348
     0.00178349
     0.00192303
     0.00206209
     0.00220068
     0.00233879
     0.00247643
     0.00261360
     0.00275030
     0.00288654
     0.00302230
     0.00315761
     0.00329245
     0.00342683
     0.00352550
     0.00295622
     0.00231918
     0.00169628
     0.00145411
     0.00121051
     0.00144529
     0.00171799
     0.00198888
     0.00225798
     0.00245094
     0.00232797
     0.00220465
     0.00208094
     0.00195686
     0.00180655
     0.00147003
     0.00146730
     0.00138048
     0.00128817
     0.00119566
     0.00119170
     0.00119312
     0.00119453
     0.00119595
     0.00119736
     0.00119878
     0.00120020
     0.00120161
     0.00120303
     0.00120444
     0.00120586
     0.00120728
     0.00120869
     0.00121011
     0.00121152
     0.00121294
     0.00121436
     0.00121577
     0.00121719
     0.00121860
     0.00122002
     0.00122143
     0.00122285
     0.00122426
     0.00060607
     0.00000000
     0.00000000
     0.00000000
     0.00000000
     0.00000000
     0.00000000
     0.00000000
     0.00000000
     0.00000000
     0.00000000
     0.00000000
     0.00000000
     0.00000000
     0.00000000
     0.00000000
     0.00000000
     0.00000000
     0.00000000
     0.00000000
     0.00000000
     0.00000000
     0.00000000
     0.00000000
     0.00000000
     0.00000000
     0.00000000
     0.00000000
     0.00006860
     0.00005595
     0.00020128
     0.00034612
     0.00049047
     0.00063433
     0.00077769
     0.00092057
     0.00106297
     0.00120487
     0.00134630
     0.00148724
     0.00162770
     0.00176768
     0.00190719
     0.00204622
     0.00218477
     0.00232286
     0.00246047
     0.00259761
     0.00273428
     0.00287048
     0.00300622
     0.00314150
     0.00327631
     0.00341066
     0.00354455
     0.00342777
     0.00285947
     0.00222129
     0.00177004
     0.00152846
     0.00128545
     0.00144619
     0.00171871
     0.00198944
     0.00225837
     0.00252554
     0.00242548
     0.00230253
     0.00217920
     0.00205549
     0.00188876
     0.00176539
     0.00175653
     0.00166512
     0.00157351
     0.00148168
     0.00138966
     0.00133268
     0.00133409
     0.00133550
     0.00133691
     0.00133833
     0.00133974
     0.00134115
     0.00134256
     0.00134397
     0.00134538
     0.00134679
     0.00134820
     0.00134961
     0.00135102
     0.00135243
     0.00135384
     0.00135525
     0.00135666
     0.00135807
     0.00135948
     0.00136089
     0.00136230
     0.00136371
     0.00077033
     0.00000000
     0.00000000
     0.00000000
     0.00000000
     0.00000000
     0.00000000
     0.00000000
     0.00000000
     0.00000000
     0.00000000
     0.00000000
     0.00000000
     0.00000000
     0.00000000
     0.00000000
     0.00000000
     0.00000000
     0.00000000
     0.00000000
     0.00000000
     0.00000000
     0.00000000
     0.00000000
     0.00000000
     0.00000000
     0.00000000
     0.00000000
     0.00004056
     0.00018587
     0.00033067
     0.00047499
     0.00061881
     0.00076215
     0.00090500
     0.00104736
     0.00118924
     0.00133063
     0.00147154
     0.00161197
     0.00175192
     0.00189140
     0.00203040
     0.00216892
     0.00230697
     0.00244455
     0.00258166
     0.00271830
     0.00285448
     0.00299019
     0.00312543
     0.00326021
     0.00339453
     0.00352840
     0.00366180
     0.00332996
     0.00276265
     0.00212330
     0.00184362
     0.00160261
     0.00136019
     0.00144711
     0.00171947
     0.00199003
     0.00225879
     0.00252581
     0.00252267
     0.00240008
     0.00227713
     0.00215380
     0.00206101
     0.00205832
     0.00203823
     0.00194750
     0.00185657
     0.00176543
     0.00167410
     0.00158256
     0.00149081
     0.00147446
     0.00147586
     0.00147727
     0.00147867
     0.00148008
     0.00148148
     0.00148289
     0.00148429
     0.00148570
     0.00148710
     0.00148851
     0.00148991
     0.00149132
     0.00149272
     0.00149413
     0.00149553
     0.00149694
     0.00149834
     0.00149974
     0.00150115
     0.00150255
     0.00093394
     0.00000000
     0.00000000
     0.00000000
     0.00000000
     0.00000000
     0.00000000
     0.00000000
     0.00000000
     0.00000000
     0.00000000
     0.00000000
     0.00000000
     0.00000000
     0.00000000
     0.00000000
     0.00000000
     0.00000000
     0.00000000
     0.00000000
     0.00000000
     0.00000000
     0.00000000
     0.00000000
     0.00000000
     0.00000000
     0.00000000
     0.00000000
     0.00017051
     0.00031528
     0.00045957
     0.00060336
     0.00074666
     0.00088948
     0.00103181
     0.00117365
     0.00131502
     0.00145590
     0.00159630
     0.00173622
     0.00187566
     0.00201463
     0.00215312
     0.00229115
     0.00242869
     0.00256577
     0.00270239
     0.00283853
     0.00297421
     0.00310942
     0.00324418
     0.00337847
     0.00351230
     0.00364567
     0.00377859
     0.00323207
     0.00266575
     0.00215603
     0.00191702
     0.00167659
     0.00143475
     0.00144809
     0.00172027
     0.00199066
     0.00225926
     0.00252610
     0.00261954
     0.00249733
     0.00237475
     0.00225179
     0.00235151
     0.00234884
     0.00231768
     0.00222763
     0.00213738
     0.00204693
     0.00195628
     0.00186542
     0.00177437
     0.00168310
     0.00161423
     0.00161563
     0.00161703
     0.00161842
     0.00161982
     0.00162122
     0.00162262
     0.00162402
     0.00162542
     0.00162682
     0.00162822
     0.00162962
     0.00163102
     0.00163242
     0.00163382
     0.00163521
     0.00163661
     0.00163801
     0.00163941
     0.00164081
     0.00109690
     0.00000000
     0.00000000
     0.00000000
     0.00000000
     0.00000000
     0.00000000
     0.00000000
     0.00000000
     0.00000000
     0.00000000
     0.00000000
     0.00000000
     0.00000000
     0.00000000
     0.00000000
     0.00000000
     0.00000000
     0.00000000
     0.00000000
     0.00000000
     0.00000000
     0.00000000
     0.00000000
     0.00000000
     0.00000000
     0.00000000
     0.00000000
     0.00029994
     0.00044419
     0.00058795
     0.00073123
     0.00087401
     0.00101631
     0.00115812
     0.00129945
     0.00144030
     0.00158067
     0.00172056
     0.00185998
     0.00199891
     0.00213738
     0.00227537
     0.00241289
     0.00254994
     0.00268652
     0.00282263
     0.00295828
     0.00309347
     0.00322819
     0.00336245
     0.00349625
     0.00362960
     0.00376248
     0.00368420
     0.00313410
     0.00256878
     0.00222867
     0.00199023
     0.00175039
     0.00150912
     0.00144909
     0.00172111
     0.00199133
     0.00225976
     0.00252644
     0.00271610
     0.00259426
     0.00247205
     0.00249721
     0.00263960
     0.00263695
     0.00259490
     0.00250553
     0.00241596
     0.00232619
     0.00223621
     0.00214604
     0.00205566
     0.00196508
     0.00187430
     0.00178332
     0.00175478
     0.00175617
     0.00175757
     0.00175896
     0.00176036
     0.00176175
     0.00176314
     0.00176454
     0.00176593
     0.00176732
     0.00176872
     0.00177011
     0.00177150
     0.00177290
     0.00177429
     0.00177568
     0.00177708
     0.00177847
     0.00125921
     0.00000000
     0.00000000
     0.00000000
     0.00000000
     0.00000000
     0.00000000
     0.00000000
     0.00000000
     0.00000000
     0.00000000
     0.00000000
     0.00000000
     0.00000000
     0.00000000
     0.00000000
     0.00000000
     0.00000000
     0.00000000
     0.00000000
     0.00000000
     0.00000000
     0.00000000
     0.00000000
     0.00000000
     0.00000000
     0.00000000
     0.00000000
     0.00042887
     0.00057260
     0.00071585
     0.00085860
     0.00100087
     0.00114265
     0.00128395
     0.00142477
     0.00156510
     0.00170496
     0.00184435
     0.00198325
     0.00212169
     0.00225965
     0.00239714
     0.00253415
     0.00267071
     0.00280679
     0.00294241
     0.00307756
     0.00321226
     0.00334649
     0.00348026
     0.00361358
     0.00374643
     0.00387884
     0.00358718
     0.00303604
     0.00253760
     0.00230113
     0.00206327
     0.00182400
     0.00158332
     0.00145014
     0.00172199
     0.00199204
     0.00226030
     0.00252682
     0.00279151
     0.00269088
     0.00256904
     0.00280050
     0.00292532
     0.00292269
     0.00286992
     0.00278122
     0.00269232
     0.00260322
     0.00251392
     0.00242442
     0.00233472
     0.00224483
     0.00215473
     0.00206442
     0.00197392
     0.00189334
     0.00189473
     0.00189612
     0.00189751
     0.00189889
     0.00190028
     0.00190167
     0.00190306
     0.00190445
     0.00190583
     0.00190722
     0.00190861
     0.00191000
     0.00191138
     0.00191277
     0.00191416
     0.00191555
     0.00142089
     0.00000000
     0.00000000
     0.00000000
     0.00000000
     0.00000000
     0.00000000
     0.00000000
     0.00000000
     0.00000000
     0.00000000
     0.00000000
     0.00000000
     0.00000000
     0.00000000
     0.00000000
     0.00000000
     0.00000000
     0.00000000
     0.00000000
     0.00000000
     0.00000000
     0.00000000
     0.00000000
     0.00000000
     0.00000000
     0.00000000
     0.00000000
     0.00055731
     0.00070052
     0.00084324
     0.00098548
     0.00112723
     0.00126850
     0.00140929
     0.00154960
     0.00168942
     0.00182878
     0.00196765
     0.00210605
     0.00224398
     0.00238144
     0.00251843
     0.00265495
     0.00279101
     0.00292660
     0.00306172
     0.00319638
     0.00333059
     0.00346433
     0.00359761
     0.00373044
     0.00386282
     0.00399474
     0.00349008
     0.00293791
     0.00260932
     0.00237342
     0.00213613
     0.00189744
     0.00165734
     0.00145124
     0.00172292
     0.00199280
     0.00226089
     0.00252724
     0.00279177
     0.00278719
     0.00286992
     0.00310117
     0.00320869
     0.00320608
     0.00314275
     0.00305471
     0.00296648
     0.00287805
     0.00278942
     0.00270060
     0.00261157
     0.00252235
     0.00243292
     0.00234330
     0.00225347
     0.00216345
     0.00207322
     0.00203269
     0.00203407
     0.00203546
     0.00203684
     0.00203822
     0.00203960
     0.00204099
     0.00204237
     0.00204375
     0.00204513
     0.00204652
     0.00204790
     0.00204928
     0.00205066
     0.00205204
     0.00158192
     0.00000000
     0.00000000
     0.00000000
     0.00000000
     0.00000000
     0.00000000
     0.00000000
     0.00000000
     0.00000000
     0.00000000
     0.00000000
     0.00000000
     0.00000000
     0.00000000
     0.00000000
     0.00000000
     0.00000000
     0.00000000
     0.00000000
     0.00000000
     0.00000000
     0.00000000
     0.00000000
     0.00000000
     0.00000000
     0.00000000
     0.00000000
     0.00068525
     0.00082794
     0.00097014
     0.00111186
     0.00125310
     0.00139386
     0.00153413
     0.00167393
     0.00181325
     0.00195210
     0.00209047
     0.00222837
     0.00236580
     0.00250276
     0.00263925
     0.00277527
     0.00291083
     0.00304593
     0.00318056
     0.00331473
     0.00344845
     0.00358170
     0.00371450
     0.00384684
     0.00397873
     0.00393834
     0.00339289
     0.00291326
     0.00268086
     0.00244553
     0.00220881
     0.00197070
     0.00173117
     0.00149023
     0.00172387
     0.00199359
     0.00226151
     0.00252770
     0.00279206
     0.00293916
     0.00316987
     0.00339922
     0.00348970
     0.00348711
     0.00341339
     0.00332601
     0.00323845
     0.00315068
     0.00306272
     0.00297456
     0.00288620
     0.00279765
     0.00270890
     0.00261994
     0.00253079
     0.00244144
     0.00235189
     0.00226214
     0.00217219
     0.00217143
     0.00217281
     0.00217418
     0.00217556
     0.00217694
     0.00217832
     0.00217969
     0.00218107
     0.00218245
     0.00218382
     0.00218520
     0.00218658
     0.00218795
     0.00174231
     0.00000000
     0.00000000
     0.00000000
     0.00000000
     0.00000000
     0.00000000
     0.00000000
     0.00000000
     0.00000000
     0.00000000
     0.00000000
     0.00000000
     0.00000000
     0.00000000
     0.00000000
     0.00000000
     0.00000000
     0.00000000
     0.00000000
     0.00000000
     0.00000000
     0.00000000
     0.00000000
     0.00000000
     0.00000000
     0.00000000
     0.00000000
     0.00081269
     0.00095486
     0.00109655
     0.00123776
     0.00137849
     0.00151873
     0.00165850
     0.00179779
     0.00193660
     0.00207495
     0.00221281
     0.00235021
     0.00248714
     0.00262360
     0.00275960
     0.00289512
     0.00303019
     0.00316479
     0.00329894
     0.00343262
     0.00356585
     0.00369862
     0.00383093
     0.00396279
     0.00409420
     0.00384210
     0.00329563
     0.00298403
     0.00275221
     0.00251747
     0.00228132
     0.00204377
     0.00180482
     0.00156446
     0.00172488
     0.00199442
     0.00226218
     0.00252817
     0.00279240
     0.00323840
     0.00346721
     0.00369468
     0.00376839
     0.00376583
     0.00368187
     0.00359515
     0.00350824
     0.00342114
     0.00333384
     0.00324634
     0.00315865
     0.00307076
     0.00298267
     0.00289439
     0.00280591
     0.00271723
     0.00262835
     0.00253927
     0.00245000
     0.00236052
     0.00230820
     0.00230957
     0.00231094
     0.00231231
     0.00231369
     0.00231506
     0.00231643
     0.00231780
     0.00231917
     0.00232054
     0.00232191
     0.00232329
     0.00190207
     0.00000000
     0.00000000
     0.00000000
     0.00000000
