     0.00000000
     0.01010101
     0.02020202
     0.03030303
     0.04040404
     0.05050505
     0.06060606
     0.07070707
     0.08080808
     0.09090909
     0.10101010
     0.11111111
     0.12121212
     0.13131313
     0.14141414
     0.15151515
     0.16161616
     0.17171717
     0.18181818
     0.19191919
     0.20202020
     0.20323245
     0.20323255
     0.20323264
     0.20323242
     0.20323244
     0.20323245
     0.20323247
     0.20323248
     0.20323250
     0.20323251
     0.20323253
     0.20323255
     0.20323257
     0.20323258
     0.20323260
     0.20323262
     0.20323264
     0.20323266
     0.20323268
     0.20323241
     0.20323242
     0.20323242
     0.20323242
     0.20323243
     0.20323243
     0.20323243
     0.20323244
     0.20323244
     0.20323244
     0.20323245
     0.20323245
     0.20323245
     0.20323246
     0.20323246
     0.20323246
     0.20323263
     0.20323262
     0.20323223
     0.20323209
     0.20323231
     0.20323229
     0.20323228
     0.20323227
     0.20323226
     0.20323225
     0.20323224
     0.20323224
     0.20323223
     0.20323222
     0.20323222
     0.20323221
     0.20323221
     0.20323221
     0.20323220
     0.20323220
     0.20323220
     0.20323220
     0.20323220
     0.20323220
     0.20323220
     0.20323220
     0.20323220
     0.20323220
     0.20323220
     0.20323221
     0.20323221
     0.20323221
     0.20323222
     0.20323223
     0.20323224
     0.20323225
     0.20323227
     0.20323230
     0.20323212
     0.00000000
     0.00000000
     0.00000000
     0.00000000
     0.00000000
     0.00000000
     0.01010101
     0.02020202
     0.03030303
     0.04040404
     0.05050505
     0.06060606
     0.07070707
     0.08080808
     0.09090909
     0.10101010
     0.11111111
     0.12121212
     0.13131313
     0.14141414
     0.15151515
     0.16161616
     0.17171717
     0.18181818
     0.19191919
     0.20202020
     0.20345268
     0.20345278
     0.20345288
     0.20345265
     0.20345267
     0.20345268
     0.20345270
     0.20345272
     0.20345273
     0.20345275
     0.20345276
     0.20345278
     0.20345280
     0.20345282
     0.20345284
     0.20345285
     0.20345287
     0.20345289
     0.20345291
     0.20345265
     0.20345265
     0.20345265
     0.20345266
     0.20345266
     0.20345266
     0.20345267
     0.20345267
     0.20345267
     0.20345268
     0.20345268
     0.20345268
     0.20345269
     0.20345269
     0.20345270
     0.20345269
     0.20345288
     0.20345264
     0.20345246
     0.20345232
     0.20345254
     0.20345253
     0.20345251
     0.20345250
     0.20345249
     0.20345248
     0.20345247
     0.20345247
     0.20345246
     0.20345246
     0.20345245
     0.20345245
     0.20345244
     0.20345244
     0.20345244
     0.20345243
     0.20345243
     0.20345243
     0.20345243
     0.20345243
     0.20345243
     0.20345243
     0.20345243
     0.20345243
     0.20345243
     0.20345244
     0.20345244
     0.20345245
     0.20345245
     0.20345246
     0.20345247
     0.20345248
     0.20345250
     0.20345253
     0.20345235
     0.00000000
     0.00000000
     0.00000000
     0.00000000
     0.00000000
     0.00000000
     0.01010101
     0.02020202
     0.03030303
     0.04040404
     0.05050505
     0.06060606
     0.07070707
     0.08080808
     0.09090909
     0.10101010
     0.11111111
     0.12121212
     0.13131313
     0.14141414
     0.15151515
     0.16161616
     0.17171717
     0.18181818
     0.19191919
     0.20202020
     0.20367291
     0.20367301
     0.20367311
     0.20367288
     0.20367290
     0.20367291
     0.20367293
     0.20367295
     0.20367296
     0.20367298
     0.20367299
     0.20367301
     0.20367303
     0.20367305
     0.20367307
     0.20367308
     0.20367310
     0.20367312
     0.20367314
     0.20367288
     0.20367288
     0.20367288
     0.20367289
     0.20367289
     0.20367289
     0.20367290
     0.20367290
     0.20367290
     0.20367291
     0.20367291
     0.20367291
     0.20367292
     0.20367292
     0.20367293
     0.20367292
     0.20367312
     0.20367288
     0.20367270
     0.20367255
     0.20367277
     0.20367275
     0.20367274
     0.20367273
     0.20367272
     0.20367271
     0.20367270
     0.20367270
     0.20367269
     0.20367268
     0.20367268
     0.20367267
     0.20367267
     0.20367267
     0.20367266
     0.20367266
     0.20367266
     0.20367266
     0.20367266
     0.20367266
     0.20367266
     0.20367266
     0.20367266
     0.20367266
     0.20367266
     0.20367266
     0.20367267
     0.20367267
     0.20367268
     0.20367269
     0.20367270
     0.20367271
     0.20367273
     0.20367276
     0.20367258
     0.00000000
     0.00000000
     0.00000000
     0.00000000
     0.00000000
     0.00000000
     0.01010101
     0.02020202
     0.03030303
     0.04040404
     0.05050505
     0.06060606
     0.07070707
     0.08080808
     0.09090909
     0.10101010
     0.11111111
     0.12121212
     0.13131313
     0.14141414
     0.15151515
     0.16161616
     0.17171717
     0.18181818
     0.19191919
     0.20202020
     0.20389313
     0.20389323
     0.20389333
     0.20389311
     0.20389312
     0.20389314
     0.20389316
     0.20389317
     0.20389319
     0.20389320
     0.20389322
     0.20389324
     0.20389326
     0.20389327
     0.20389329
     0.20389331
     0.20389333
     0.20389335
     0.20389337
     0.20389310
     0.20389311
     0.20389311
     0.20389311
     0.20389312
     0.20389312
     0.20389312
     0.20389313
     0.20389313
     0.20389313
     0.20389314
     0.20389314
     0.20389314
     0.20389315
     0.20389315
     0.20389315
     0.20389336
     0.20389311
     0.20389292
     0.20389278
     0.20389299
     0.20389298
     0.20389297
     0.20389295
     0.20389294
     0.20389293
     0.20389293
     0.20389292
     0.20389291
     0.20389291
     0.20389290
     0.20389290
     0.20389289
     0.20389289
     0.20389289
     0.20389288
     0.20389288
     0.20389288
     0.20389288
     0.20389288
     0.20389288
     0.20389288
     0.20389288
     0.20389288
     0.20389288
     0.20389289
     0.20389289
     0.20389290
     0.20389290
     0.20389291
     0.20389292
     0.20389294
     0.20389295
     0.20389298
     0.20389280
     0.00000000
     0.00000000
     0.00000000
     0.00000000
     0.00000000
     0.00000000
     0.01010101
     0.02020202
     0.03030303
     0.04040404
     0.05050505
     0.06060606
     0.07070707
     0.08080808
     0.09090909
     0.10101010
     0.11111111
     0.12121212
     0.13131313
     0.14141414
     0.15151515
     0.16161616
     0.17171717
     0.18181818
     0.19191919
     0.20202020
     0.20411335
     0.20411345
     0.20411355
     0.20411333
     0.20411335
     0.20411336
     0.20411338
     0.20411339
     0.20411341
     0.20411343
     0.20411344
     0.20411346
     0.20411348
     0.20411350
     0.20411352
     0.20411354
     0.20411355
     0.20411357
     0.20411359
     0.20411332
     0.20411333
     0.20411333
     0.20411333
     0.20411334
     0.20411334
     0.20411334
     0.20411335
     0.20411335
     0.20411335
     0.20411336
     0.20411336
     0.20411337
     0.20411337
     0.20411337
     0.20411338
     0.20411359
     0.20411334
     0.20411315
     0.20411300
     0.20411322
     0.20411320
     0.20411319
     0.20411318
     0.20411316
     0.20411316
     0.20411315
     0.20411314
     0.20411313
     0.20411313
     0.20411312
     0.20411312
     0.20411311
     0.20411311
     0.20411311
     0.20411310
     0.20411310
     0.20411310
     0.20411310
     0.20411310
     0.20411310
     0.20411310
     0.20411310
     0.20411310
     0.20411310
     0.20411311
     0.20411311
     0.20411312
     0.20411312
     0.20411313
     0.20411314
     0.20411316
     0.20411318
     0.20411320
     0.20411302
     0.00000000
     0.00000000
     0.00000000
     0.00000000
     0.00000000
     0.00000000
     0.01010101
     0.02020202
     0.03030303
     0.04040404
     0.05050505
     0.06060606
     0.07070707
     0.08080808
     0.09090909
     0.10101010
     0.11111111
     0.12121212
     0.13131313
     0.14141414
     0.15151515
     0.16161616
     0.17171717
     0.18181818
     0.19191919
     0.20202020
     0.20433357
     0.20433367
     0.20433377
     0.20433355
     0.20433356
     0.20433358
     0.20433360
     0.20433361
     0.20433363
     0.20433365
     0.20433366
     0.20433368
     0.20433370
     0.20433372
     0.20433374
     0.20433376
     0.20433377
     0.20433379
     0.20433381
     0.20433354
     0.20433355
     0.20433355
     0.20433355
     0.20433356
     0.20433356
     0.20433356
     0.20433357
     0.20433357
     0.20433357
     0.20433358
     0.20433358
     0.20433359
     0.20433359
     0.20433359
     0.20433360
     0.20433354
     0.20433356
     0.20433337
     0.20433322
     0.20433343
     0.20433342
     0.20433340
     0.20433339
     0.20433338
     0.20433337
     0.20433336
     0.20433336
     0.20433335
     0.20433334
     0.20433334
     0.20433333
     0.20433333
     0.20433333
     0.20433332
     0.20433332
     0.20433332
     0.20433332
     0.20433332
     0.20433332
     0.20433332
     0.20433332
     0.20433332
     0.20433332
     0.20433332
     0.20433332
     0.20433333
     0.20433333
     0.20433334
     0.20433335
     0.20433336
     0.20433337
     0.20433339
     0.20433342
     0.20433323
     0.00000000
     0.00000000
     0.00000000
     0.00000000
     0.00000000
     0.00000000
     0.01010101
     0.02020202
     0.03030303
     0.04040404
     0.05050505
     0.06060606
     0.07070707
     0.08080808
     0.09090909
     0.10101010
     0.11111111
     0.12121212
     0.13131313
     0.14141414
     0.15151515
     0.16161616
     0.17171717
     0.18181818
     0.19191919
     0.20202020
     0.20455378
     0.20455388
     0.20455398
     0.20455376
     0.20455378
     0.20455379
     0.20455381
     0.20455383
     0.20455384
     0.20455386
     0.20455388
     0.20455390
     0.20455391
     0.20455393
     0.20455395
     0.20455397
     0.20455399
     0.20455401
     0.20455403
     0.20455376
     0.20455376
     0.20455376
     0.20455377
     0.20455377
     0.20455377
     0.20455378
     0.20455378
     0.20455378
     0.20455379
     0.20455379
     0.20455380
     0.20455380
     0.20455380
     0.20455381
     0.20455382
     0.20455376
     0.20455379
     0.20455359
     0.20455343
     0.20455365
     0.20455363
     0.20455362
     0.20455361
     0.20455360
     0.20455359
     0.20455358
     0.20455357
     0.20455356
     0.20455356
     0.20455355
     0.20455355
     0.20455354
     0.20455354
     0.20455354
     0.20455353
     0.20455353
     0.20455353
     0.20455353
     0.20455353
     0.20455353
     0.20455353
     0.20455353
     0.20455353
     0.20455353
     0.20455354
     0.20455354
     0.20455355
     0.20455355
     0.20455356
     0.20455357
     0.20455359
     0.20455361
     0.20455363
     0.20455345
     0.00000000
     0.00000000
     0.00000000
     0.00000000
     0.00000000
     0.00000000
     0.01010101
     0.02020202
     0.03030303
     0.04040404
     0.05050505
     0.06060606
     0.07070707
     0.08080808
     0.09090909
     0.10101010
     0.11111111
     0.12121212
     0.13131313
     0.14141414
     0.15151515
     0.16161616
     0.17171717
     0.18181818
     0.19191919
     0.20202020
     0.20477399
     0.20477409
     0.20477420
     0.20477397
     0.20477399
     0.20477401
     0.20477402
     0.20477404
     0.20477406
     0.20477407
     0.20477409
     0.20477411
     0.20477413
     0.20477415
     0.20477416
     0.20477418
     0.20477420
     0.20477422
     0.20477424
     0.20477397
     0.20477397
     0.20477398
     0.20477398
     0.20477398
     0.20477399
     0.20477399
     0.20477399
     0.20477400
     0.20477400
     0.20477400
     0.20477401
     0.20477401
     0.20477402
     0.20477402
     0.20477404
     0.20477397
     0.20477400
     0.20477380
     0.20477364
     0.20477386
     0.20477384
     0.20477383
     0.20477382
     0.20477381
     0.20477380
     0.20477379
     0.20477378
     0.20477377
     0.20477377
     0.20477376
     0.20477376
     0.20477375
     0.20477375
     0.20477375
     0.20477374
     0.20477374
     0.20477374
     0.20477374
     0.20477374
     0.20477374
     0.20477374
     0.20477374
     0.20477374
     0.20477374
     0.20477375
     0.20477375
     0.20477376
     0.20477376
     0.20477377
     0.20477378
     0.20477380
     0.20477382
     0.20477384
     0.20477365
     0.00000000
     0.00000000
     0.00000000
     0.00000000
     0.00000000
     0.00000000
     0.01010101
     0.02020202
     0.03030303
     0.04040404
     0.05050505
     0.06060606
     0.07070707
     0.08080808
     0.09090909
     0.10101010
     0.11111111
     0.12121212
     0.13131313
     0.14141414
     0.15151515
     0.16161616
     0.17171717
     0.18181818
     0.19191919
     0.20202020
     0.20499420
     0.20499430
     0.20499440
     0.20499418
     0.20499420
     0.20499421
     0.20499423
     0.20499425
     0.20499426
     0.20499428
     0.20499430
     0.20499432
     0.20499433
     0.20499435
     0.20499437
     0.20499439
     0.20499441
     0.20499443
     0.20499417
     0.20499418
     0.20499418
     0.20499418
     0.20499419
     0.20499419
     0.20499419
     0.20499420
     0.20499420
     0.20499420
     0.20499421
     0.20499421
     0.20499422
     0.20499422
     0.20499422
     0.20499423
     0.20499425
     0.20499418
     0.20499422
     0.20499401
     0.20499385
     0.20499407
     0.20499405
     0.20499403
     0.20499402
     0.20499401
     0.20499400
     0.20499399
     0.20499399
     0.20499398
     0.20499397
     0.20499397
     0.20499396
     0.20499396
     0.20499395
     0.20499395
     0.20499395
     0.20499395
     0.20499394
     0.20499394
     0.20499394
     0.20499394
     0.20499394
     0.20499394
     0.20499395
     0.20499395
     0.20499395
     0.20499396
     0.20499396
     0.20499397
     0.20499398
     0.20499399
     0.20499400
     0.20499402
     0.20499405
     0.20499386
     0.00000000
     0.00000000
     0.00000000
     0.00000000
     0.00000000
     0.00000000
     0.01010101
     0.02020202
     0.03030303
     0.04040404
     0.05050505
     0.06060606
     0.07070707
     0.08080808
     0.09090909
     0.10101010
     0.11111111
     0.12121212
     0.13131313
     0.14141414
     0.15151515
     0.16161616
     0.17171717
     0.18181818
     0.19191919
     0.20202020
     0.20521440
     0.20521450
     0.20521461
     0.20521438
     0.20521440
     0.20521442
     0.20521443
     0.20521445
     0.20521447
     0.20521448
     0.20521450
     0.20521452
     0.20521454
     0.20521456
     0.20521458
     0.20521460
     0.20521462
     0.20521464
     0.20521438
     0.20521438
     0.20521438
     0.20521439
     0.20521439
     0.20521439
     0.20521440
     0.20521440
     0.20521440
     0.20521441
     0.20521441
     0.20521442
     0.20521442
     0.20521442
     0.20521443
     0.20521443
     0.20521446
     0.20521438
     0.20521443
     0.20521422
     0.20521406
     0.20521427
     0.20521425
     0.20521424
     0.20521422
     0.20521421
     0.20521420
     0.20521419
     0.20521419
     0.20521418
     0.20521417
     0.20521417
     0.20521416
     0.20521416
     0.20521416
     0.20521415
     0.20521415
     0.20521415
     0.20521415
     0.20521414
     0.20521414
     0.20521414
     0.20521414
     0.20521415
     0.20521415
     0.20521415
     0.20521415
     0.20521416
     0.20521416
     0.20521417
     0.20521418
     0.20521419
     0.20521420
     0.20521422
     0.20521425
     0.20521406
     0.00000000
     0.00000000
     0.00000000
     0.00000000
     0.00000000
     0.00000000
     0.01010101
     0.02020202
     0.03030303
     0.04040404
     0.05050505
     0.06060606
     0.07070707
     0.08080808
     0.09090909
     0.10101010
     0.11111111
     0.12121212
     0.13131313
     0.14141414
     0.15151515
     0.16161616
     0.17171717
     0.18181818
     0.19191919
     0.20202020
     0.20543460
     0.20543470
     0.20543480
     0.20543458
     0.20543460
     0.20543462
     0.20543463
     0.20543465
     0.20543467
     0.20543469
     0.20543470
     0.20543472
     0.20543474
     0.20543476
     0.20543478
     0.20543480
     0.20543482
     0.20543484
     0.20543458
     0.20543458
     0.20543458
     0.20543459
     0.20543459
     0.20543459
     0.20543460
     0.20543460
     0.20543460
     0.20543461
     0.20543461
     0.20543462
     0.20543462
     0.20543462
     0.20543463
     0.20543463
     0.20543466
     0.20543459
     0.20543464
     0.20543443
     0.20543426
     0.20543447
     0.20543445
     0.20543444
     0.20543442
     0.20543441
     0.20543440
     0.20543439
     0.20543439
     0.20543438
     0.20543437
     0.20543437
     0.20543436
     0.20543436
     0.20543435
     0.20543435
     0.20543435
     0.20543435
     0.20543434
     0.20543434
     0.20543434
     0.20543434
     0.20543434
     0.20543434
     0.20543435
     0.20543435
     0.20543435
     0.20543436
     0.20543436
     0.20543437
     0.20543438
     0.20543439
     0.20543440
     0.20543442
     0.20543445
     0.20543425
     0.00000000
     0.00000000
     0.00000000
     0.00000000
     0.00000000
     0.00000000
     0.01010101
     0.02020202
     0.03030303
     0.04040404
     0.05050505
     0.06060606
     0.07070707
     0.08080808
     0.09090909
     0.10101010
     0.11111111
     0.12121212
     0.13131313
     0.14141414
     0.15151515
     0.16161616
     0.17171717
     0.18181818
     0.19191919
     0.20202020
     0.20565479
     0.20565489
     0.20565500
     0.20565478
     0.20565480
     0.20565481
     0.20565483
     0.20565485
     0.20565486
     0.20565488
     0.20565490
     0.20565492
     0.20565494
     0.20565496
     0.20565498
     0.20565500
     0.20565502
     0.20565504
     0.20565477
     0.20565478
     0.20565478
     0.20565478
     0.20565479
     0.20565479
     0.20565479
     0.20565480
     0.20565480
     0.20565481
     0.20565481
     0.20565481
     0.20565482
     0.20565482
     0.20565483
     0.20565483
     0.20565487
     0.20565479
     0.20565484
     0.20565463
     0.20565446
     0.20565466
     0.20565465
     0.20565463
     0.20565462
     0.20565461
     0.20565460
     0.20565459
     0.20565458
     0.20565457
     0.20565457
     0.20565456
     0.20565456
     0.20565455
     0.20565455
     0.20565454
     0.20565454
     0.20565454
     0.20565454
     0.20565454
     0.20565454
     0.20565454
     0.20565454
     0.20565454
     0.20565454
     0.20565454
     0.20565455
     0.20565455
     0.20565456
     0.20565456
     0.20565457
     0.20565458
     0.20565460
     0.20565462
     0.20565464
     0.20565445
     0.00000000
     0.00000000
     0.00000000
     0.00000000
     0.00000000
     0.00000000
     0.01010101
     0.02020202
     0.03030303
     0.04040404
     0.05050505
     0.06060606
     0.07070707
     0.08080808
     0.09090909
     0.10101010
     0.11111111
     0.12121212
     0.13131313
     0.14141414
     0.15151515
     0.16161616
     0.17171717
     0.18181818
     0.19191919
     0.20202020
     0.20587498
     0.20587509
     0.20587519
     0.20587497
     0.20587499
     0.20587501
     0.20587502
     0.20587504
     0.20587506
     0.20587508
     0.20587509
     0.20587511
     0.20587513
     0.20587515
     0.20587517
     0.20587519
     0.20587521
     0.20587523
     0.20587497
     0.20587497
     0.20587497
     0.20587498
     0.20587498
     0.20587498
     0.20587499
     0.20587499
     0.20587499
     0.20587500
     0.20587500
     0.20587501
     0.20587501
     0.20587501
     0.20587502
     0.20587502
     0.20587507
     0.20587498
     0.20587504
     0.20587482
     0.20587465
     0.20587486
     0.20587484
     0.20587482
     0.20587481
     0.20587480
     0.20587479
     0.20587478
     0.20587477
     0.20587476
     0.20587476
     0.20587475
     0.20587475
     0.20587474
     0.20587474
     0.20587474
     0.20587473
     0.20587473
     0.20587473
     0.20587473
     0.20587473
     0.20587473
     0.20587473
     0.20587473
     0.20587473
     0.20587473
     0.20587474
     0.20587474
     0.20587475
     0.20587475
     0.20587476
     0.20587477
     0.20587479
     0.20587481
     0.20587484
     0.20587463
     0.00000000
     0.00000000
     0.00000000
     0.00000000
     0.00000000
     0.00000000
     0.01010101
     0.02020202
     0.03030303
     0.04040404
     0.05050505
     0.06060606
     0.07070707
     0.08080808
     0.09090909
     0.10101010
     0.11111111
     0.12121212
     0.13131313
     0.14141414
     0.15151515
     0.16161616
     0.17171717
     0.18181818
     0.19191919
     0.20202020
     0.20609517
     0.20609527
     0.20609538
     0.20609516
     0.20609518
     0.20609520
     0.20609521
     0.20609523
     0.20609525
     0.20609527
     0.20609528
     0.20609530
     0.20609532
     0.20609534
     0.20609536
     0.20609538
     0.20609540
     0.20609542
     0.20609516
     0.20609516
     0.20609516
     0.20609517
     0.20609517
     0.20609517
     0.20609518
     0.20609518
     0.20609518
     0.20609519
     0.20609519
     0.20609520
     0.20609520
     0.20609520
     0.20609521
     0.20609521
     0.20609526
     0.20609517
     0.20609524
     0.20609502
     0.20609484
     0.20609505
     0.20609503
     0.20609501
     0.20609500
     0.20609499
     0.20609498
     0.20609497
     0.20609496
     0.20609495
     0.20609495
     0.20609494
     0.20609493
     0.20609493
     0.20609493
     0.20609492
     0.20609492
     0.20609492
     0.20609492
     0.20609491
     0.20609491
     0.20609491
     0.20609491
     0.20609492
     0.20609492
     0.20609492
     0.20609492
     0.20609493
     0.20609493
     0.20609494
     0.20609495
     0.20609496
     0.20609498
     0.20609500
     0.20609502
     0.20609482
     0.00000000
     0.00000000
     0.00000000
     0.00000000
     0.00000000
     0.00000000
     0.01010101
     0.02020202
     0.03030303
     0.04040404
     0.05050505
     0.06060606
     0.07070707
     0.08080808
     0.09090909
     0.10101010
     0.11111111
     0.12121212
     0.13131313
     0.14141414
     0.15151515
     0.16161616
     0.17171717
     0.18181818
     0.19191919
     0.20202020
     0.20631535
     0.20631546
     0.20631557
     0.20631535
     0.20631536
     0.20631538
     0.20631540
     0.20631542
     0.20631543
     0.20631545
     0.20631547
     0.20631549
     0.20631551
     0.20631553
     0.20631555
     0.20631557
     0.20631559
     0.20631561
     0.20631534
     0.20631534
     0.20631535
     0.20631535
     0.20631535
     0.20631536
     0.20631536
     0.20631537
     0.20631537
     0.20631537
     0.20631538
     0.20631538
     0.20631539
     0.20631539
     0.20631540
     0.20631540
     0.20631546
     0.20631536
     0.20631544
     0.20631521
     0.20631503
     0.20631523
     0.20631521
     0.20631520
     0.20631518
     0.20631517
     0.20631516
     0.20631515
     0.20631514
     0.20631514
     0.20631513
     0.20631512
     0.20631512
     0.20631511
     0.20631511
     0.20631511
     0.20631510
     0.20631510
     0.20631510
     0.20631510
     0.20631510
     0.20631510
     0.20631510
     0.20631510
     0.20631510
     0.20631510
     0.20631511
     0.20631511
     0.20631512
     0.20631512
     0.20631513
     0.20631514
     0.20631516
     0.20631518
     0.20631521
     0.20631500
     0.00000000
     0.00000000
     0.00000000
     0.00000000
     0.00000000
     0.00000000
     0.01010101
     0.02020202
     0.03030303
     0.04040404
     0.05050505
     0.06060606
     0.07070707
     0.08080808
     0.09090909
     0.10101010
     0.11111111
     0.12121212
     0.13131313
     0.14141414
     0.15151515
     0.16161616
     0.17171717
     0.18181818
     0.19191919
     0.20202020
     0.20653553
     0.20653564
     0.20653575
     0.20653553
     0.20653555
     0.20653556
     0.20653558
     0.20653560
     0.20653562
     0.20653563
     0.20653565
     0.20653567
     0.20653569
     0.20653571
     0.20653573
     0.20653575
     0.20653577
     0.20653580
     0.20653552
     0.20653553
     0.20653553
     0.20653553
     0.20653554
     0.20653554
     0.20653554
     0.20653555
     0.20653555
     0.20653556
     0.20653556
     0.20653556
     0.20653557
     0.20653557
     0.20653558
     0.20653558
     0.20653565
     0.20653554
     0.20653563
     0.20653539
     0.20653521
     0.20653541
     0.20653539
     0.20653538
     0.20653536
     0.20653535
     0.20653534
     0.20653533
     0.20653532
     0.20653532
     0.20653531
     0.20653530
     0.20653530
     0.20653529
     0.20653529
     0.20653529
     0.20653528
     0.20653528
     0.20653528
     0.20653528
     0.20653528
     0.20653528
     0.20653528
     0.20653528
     0.20653528
     0.20653528
     0.20653529
     0.20653529
     0.20653530
     0.20653530
     0.20653531
     0.20653532
     0.20653534
     0.20653536
     0.20653539
     0.20653518
     0.00000000
     0.00000000
     0.00000000
     0.00000000
     0.00000000
     0.00000000
     0.01010101
     0.02020202
     0.03030303
     0.04040404
     0.05050505
     0.06060606
     0.07070707
     0.08080808
     0.09090909
     0.10101010
     0.11111111
     0.12121212
     0.13131313
     0.14141414
     0.15151515
     0.16161616
     0.17171717
     0.18181818
     0.19191919
     0.20202020
     0.20675571
     0.20675581
     0.20675593
     0.20675571
     0.20675572
     0.20675574
     0.20675576
     0.20675578
     0.20675580
     0.20675581
     0.20675583
     0.20675585
     0.20675587
     0.20675589
     0.20675591
     0.20675593
     0.20675596
     0.20675598
     0.20675570
     0.20675571
     0.20675571
     0.20675571
     0.20675572
     0.20675572
     0.20675572
     0.20675573
     0.20675573
     0.20675574
     0.20675574
     0.20675574
     0.20675575
     0.20675575
     0.20675576
     0.20675576
     0.20675585
     0.20675573
     0.20675582
     0.20675558
     0.20675539
     0.20675559
     0.20675557
     0.20675556
     0.20675554
     0.20675553
     0.20675552
     0.20675551
     0.20675550
     0.20675549
     0.20675549
     0.20675548
     0.20675547
     0.20675547
     0.20675547
     0.20675546
     0.20675546
     0.20675546
     0.20675546
     0.20675545
     0.20675545
     0.20675545
     0.20675545
     0.20675545
     0.20675546
     0.20675546
     0.20675546
     0.20675547
     0.20675547
     0.20675548
     0.20675549
     0.20675550
     0.20675552
     0.20675554
     0.20675557
     0.20675535
     0.00000000
     0.00000000
     0.00000000
     0.00000000
     0.00000000
     0.00000000
     0.01010101
     0.02020202
     0.03030303
     0.04040404
     0.05050505
     0.06060606
     0.07070707
     0.08080808
     0.09090909
     0.10101010
     0.11111111
     0.12121212
     0.13131313
     0.14141414
     0.15151515
     0.16161616
     0.17171717
     0.18181818
     0.19191919
     0.20202020
     0.20697588
     0.20697599
     0.20697610
     0.20697588
     0.20697590
     0.20697592
     0.20697593
     0.20697595
     0.20697597
     0.20697599
     0.20697601
     0.20697603
     0.20697605
     0.20697607
     0.20697609
     0.20697611
     0.20697613
     0.20697615
     0.20697588
     0.20697588
     0.20697588
     0.20697589
     0.20697589
     0.20697589
     0.20697590
     0.20697590
     0.20697591
     0.20697591
     0.20697591
     0.20697592
     0.20697592
     0.20697593
     0.20697593
     0.20697594
     0.20697594
     0.20697590
     0.20697600
     0.20697576
     0.20697557
     0.20697576
     0.20697575
     0.20697573
     0.20697572
     0.20697570
     0.20697569
     0.20697568
     0.20697567
     0.20697567
     0.20697566
     0.20697565
     0.20697565
     0.20697564
     0.20697564
     0.20697564
     0.20697563
     0.20697563
     0.20697563
     0.20697563
     0.20697563
     0.20697563
     0.20697563
     0.20697563
     0.20697563
     0.20697563
     0.20697564
     0.20697564
     0.20697565
     0.20697565
     0.20697566
     0.20697567
     0.20697569
     0.20697571
     0.20697574
     0.20697553
     0.00000000
     0.00000000
     0.00000000
     0.00000000
     0.00000000
     0.00000000
     0.01010101
     0.02020202
     0.03030303
     0.04040404
     0.05050505
     0.06060606
     0.07070707
     0.08080808
     0.09090909
     0.10101010
     0.11111111
     0.12121212
     0.13131313
     0.14141414
     0.15151515
     0.16161616
     0.17171717
     0.18181818
     0.19191919
     0.20202020
     0.20719605
     0.20719616
     0.20719627
     0.20719605
     0.20719607
     0.20719609
     0.20719611
     0.20719612
     0.20719614
     0.20719616
     0.20719618
     0.20719620
     0.20719622
     0.20719624
     0.20719626
     0.20719628
     0.20719631
     0.20719633
     0.20719605
     0.20719605
     0.20719606
     0.20719606
     0.20719606
     0.20719607
     0.20719607
     0.20719607
     0.20719608
     0.20719608
     0.20719609
     0.20719609
     0.20719610
     0.20719610
     0.20719610
     0.20719611
     0.20719611
     0.20719608
     0.20719618
     0.20719593
     0.20719574
     0.20719594
     0.20719592
     0.20719590
     0.20719589
     0.20719587
     0.20719586
     0.20719585
     0.20719584
     0.20719584
     0.20719583
     0.20719582
     0.20719582
     0.20719581
     0.20719581
     0.20719580
     0.20719580
     0.20719580
     0.20719580
     0.20719580
     0.20719580
     0.20719580
     0.20719580
     0.20719580
     0.20719580
     0.20719580
     0.20719580
     0.20719581
     0.20719582
     0.20719582
     0.20719583
     0.20719584
     0.20719586
     0.20719588
     0.20719591
     0.20719569
     0.00000000
     0.00000000
     0.00000000
     0.00000000
     0.00000000
     0.00000000
     0.01010101
     0.02020202
     0.03030303
     0.04040404
     0.05050505
     0.06060606
     0.07070707
     0.08080808
     0.09090909
     0.10101010
     0.11111111
     0.12121212
     0.13131313
     0.14141414
     0.15151515
     0.16161616
     0.17171717
     0.18181818
     0.19191919
     0.20202020
     0.20741621
     0.20741632
     0.20741644
     0.20741622
     0.20741624
     0.20741626
     0.20741627
     0.20741629
     0.20741631
     0.20741633
     0.20741635
     0.20741637
     0.20741639
     0.20741641
     0.20741643
     0.20741645
     0.20741647
     0.20741621
     0.20741622
     0.20741622
     0.20741622
     0.20741623
     0.20741623
     0.20741623
     0.20741624
     0.20741624
     0.20741625
     0.20741625
     0.20741625
     0.20741626
     0.20741626
     0.20741627
     0.20741627
     0.20741628
     0.20741628
     0.20741625
     0.20741636
     0.20741611
     0.20741591
     0.20741610
     0.20741608
     0.20741607
     0.20741605
     0.20741604
     0.20741603
     0.20741602
     0.20741601
     0.20741600
     0.20741599
     0.20741599
     0.20741598
     0.20741598
     0.20741597
     0.20741597
     0.20741597
     0.20741596
     0.20741596
     0.20741596
     0.20741596
     0.20741596
     0.20741596
     0.20741596
     0.20741596
     0.20741597
     0.20741597
     0.20741597
     0.20741598
     0.20741599
     0.20741600
     0.20741601
     0.20741603
     0.20741605
     0.20741608
     0.20741586
     0.00000000
     0.00000000
     0.00000000
     0.00000000
     0.00000000
     0.00000000
     0.01010101
     0.02020202
     0.03030303
     0.04040404
     0.05050505
     0.06060606
     0.07070707
     0.08080808
     0.09090909
     0.10101010
     0.11111111
     0.12121212
     0.13131313
     0.14141414
     0.15151515
     0.16161616
     0.17171717
     0.18181818
     0.19191919
     0.20202020
     0.20763665
     0.20763649
     0.20763660
     0.20763639
     0.20763640
     0.20763642
     0.20763644
     0.20763646
     0.20763648
     0.20763650
     0.20763651
     0.20763653
     0.20763656
     0.20763658
     0.20763660
     0.20763662
     0.20763664
     0.20763638
     0.20763638
     0.20763638
     0.20763639
     0.20763639
     0.20763640
     0.20763640
     0.20763640
     0.20763641
     0.20763641
     0.20763642
     0.20763642
     0.20763642
     0.20763643
     0.20763643
     0.20763644
     0.20763644
     0.20763645
     0.20763642
     0.20763654
     0.20763599
     0.20763608
     0.20763627
     0.20763625
     0.20763623
     0.20763622
     0.20763620
     0.20763619
     0.20763618
     0.20763617
     0.20763616
     0.20763616
     0.20763615
     0.20763615
     0.20763614
     0.20763614
     0.20763613
     0.20763613
     0.20763613
     0.20763613
     0.20763612
     0.20763612
     0.20763612
     0.20763612
     0.20763612
     0.20763613
     0.20763613
     0.20763613
     0.20763614
     0.20763614
     0.20763615
     0.20763616
     0.20763617
     0.20763619
     0.20763621
     0.20763624
     0.20763602
     0.00000000
     0.00000000
     0.00000000
     0.00000000
     0.00000000
     0.00000000
     0.01010101
     0.02020202
     0.03030303
     0.04040404
     0.05050505
     0.06060606
     0.07070707
     0.08080808
     0.09090909
     0.10101010
     0.11111111
     0.12121212
     0.13131313
     0.14141414
     0.15151515
     0.16161616
     0.17171717
     0.18181818
     0.19191919
     0.20202020
     0.20785680
     0.20785665
     0.20785676
     0.20785655
     0.20785656
     0.20785658
     0.20785660
     0.20785662
     0.20785664
     0.20785666
     0.20785668
     0.20785670
     0.20785672
     0.20785674
     0.20785676
     0.20785678
     0.20785680
     0.20785654
     0.20785654
     0.20785655
     0.20785655
     0.20785655
     0.20785656
     0.20785656
     0.20785656
     0.20785657
     0.20785657
     0.20785658
     0.20785658
     0.20785659
     0.20785659
     0.20785659
     0.20785660
     0.20785660
     0.20785661
     0.20785658
     0.20785671
     0.20785619
     0.20785624
     0.20785643
     0.20785641
     0.20785639
     0.20785638
     0.20785636
     0.20785635
     0.20785634
     0.20785633
     0.20785632
     0.20785632
     0.20785631
     0.20785630
     0.20785630
     0.20785629
     0.20785629
     0.20785629
     0.20785629
     0.20785628
     0.20785628
     0.20785628
     0.20785628
     0.20785628
     0.20785628
     0.20785628
     0.20785629
     0.20785629
     0.20785630
     0.20785630
     0.20785631
     0.20785632
     0.20785633
     0.20785635
     0.20785637
     0.20785640
     0.20785617
     0.00000000
     0.00000000
     0.00000000
     0.00000000
     0.00000000
     0.00000000
     0.01010101
     0.02020202
     0.03030303
     0.04040404
     0.05050505
     0.06060606
     0.07070707
     0.08080808
     0.09090909
     0.10101010
     0.11111111
     0.12121212
     0.13131313
     0.14141414
     0.15151515
     0.16161616
     0.17171717
     0.18181818
     0.19191919
     0.20202020
     0.20807694
     0.20807680
     0.20807692
     0.20807670
     0.20807672
     0.20807674
     0.20807676
     0.20807678
     0.20807680
     0.20807681
     0.20807683
     0.20807685
     0.20807688
     0.20807690
     0.20807692
     0.20807694
     0.20807696
     0.20807670
     0.20807670
     0.20807670
     0.20807671
     0.20807671
     0.20807671
     0.20807672
     0.20807672
     0.20807673
     0.20807673
     0.20807673
     0.20807674
     0.20807674
     0.20807675
     0.20807675
     0.20807676
     0.20807676
     0.20807677
     0.20807674
     0.20807688
     0.20807639
     0.20807640
     0.20807658
     0.20807656
     0.20807655
     0.20807653
     0.20807652
     0.20807651
     0.20807650
     0.20807649
     0.20807648
     0.20807647
     0.20807647
     0.20807646
     0.20807645
     0.20807645
     0.20807645
     0.20807644
     0.20807644
     0.20807644
     0.20807644
     0.20807644
     0.20807644
     0.20807644
     0.20807644
     0.20807644
     0.20807644
     0.20807645
     0.20807645
     0.20807646
     0.20807646
     0.20807647
     0.20807649
     0.20807650
     0.20807652
     0.20807655
     0.20807633
     0.00000000
     0.00000000
     0.00000000
     0.00000000
     0.00000000
     0.00000000
     0.01010101
     0.02020202
     0.03030303
     0.04040404
     0.05050505
     0.06060606
     0.07070707
     0.08080808
     0.09090909
     0.10101010
     0.11111111
     0.12121212
     0.13131313
     0.14141414
     0.15151515
     0.16161616
     0.17171717
     0.18181818
     0.19191919
     0.20202020
     0.20829708
     0.20829695
     0.20829707
     0.20829686
     0.20829687
     0.20829689
     0.20829691
     0.20829693
     0.20829695
     0.20829697
     0.20829699
     0.20829701
     0.20829703
     0.20829705
     0.20829707
     0.20829710
     0.20829712
     0.20829685
     0.20829685
     0.20829686
     0.20829686
     0.20829686
     0.20829687
     0.20829687
     0.20829688
     0.20829688
     0.20829688
     0.20829689
     0.20829689
     0.20829690
     0.20829690
     0.20829691
     0.20829691
     0.20829692
     0.20829692
     0.20829690
     0.20829704
     0.20829659
     0.20829656
     0.20829674
     0.20829672
     0.20829670
     0.20829668
     0.20829667
     0.20829666
     0.20829665
     0.20829664
     0.20829663
     0.20829662
     0.20829662
     0.20829661
     0.20829661
     0.20829660
     0.20829660
     0.20829659
     0.20829659
     0.20829659
     0.20829659
     0.20829659
     0.20829659
     0.20829659
     0.20829659
     0.20829659
     0.20829659
     0.20829660
     0.20829660
     0.20829661
     0.20829662
     0.20829663
     0.20829664
     0.20829666
     0.20829668
     0.20829671
     0.20829648
     0.00000000
     0.00000000
     0.00000000
     0.00000000
     0.00000000
     0.00000000
     0.01010101
     0.02020202
     0.03030303
     0.04040404
     0.05050505
     0.06060606
     0.07070707
     0.08080808
     0.09090909
     0.10101010
     0.11111111
     0.12121212
     0.13131313
     0.14141414
     0.15151515
     0.16161616
     0.17171717
     0.18181818
     0.19191919
     0.20202020
     0.20851722
     0.20851710
     0.20851722
     0.20851701
     0.20851702
     0.20851704
     0.20851706
     0.20851708
     0.20851710
     0.20851712
     0.20851714
     0.20851716
     0.20851718
     0.20851720
     0.20851723
     0.20851725
     0.20851727
     0.20851700
     0.20851700
     0.20851701
     0.20851701
     0.20851701
     0.20851702
     0.20851702
     0.20851703
     0.20851703
     0.20851703
     0.20851704
     0.20851704
     0.20851705
     0.20851705
     0.20851706
     0.20851706
     0.20851707
     0.20851707
     0.20851705
     0.20851721
     0.20851678
     0.20851671
     0.20851689
     0.20851687
     0.20851685
     0.20851683
     0.20851682
     0.20851681
     0.20851680
     0.20851679
     0.20851678
     0.20851677
     0.20851677
     0.20851676
     0.20851675
     0.20851675
     0.20851675
     0.20851674
     0.20851674
     0.20851674
     0.20851674
     0.20851674
     0.20851674
     0.20851674
     0.20851674
     0.20851674
     0.20851674
     0.20851675
     0.20851675
     0.20851676
     0.20851676
     0.20851677
     0.20851679
     0.20851680
     0.20851683
     0.20851686
     0.20851662
     0.00000000
     0.00000000
     0.00000000
     0.00000000
     0.00000000
     0.00000000
     0.01010101
     0.02020202
     0.03030303
     0.04040404
     0.05050505
     0.06060606
     0.07070707
     0.08080808
     0.09090909
     0.10101010
     0.11111111
     0.12121212
     0.13131313
     0.14141414
     0.15151515
     0.16161616
     0.17171717
     0.18181818
     0.19191919
     0.20202020
     0.20873735
     0.20873725
     0.20873736
     0.20873715
     0.20873717
     0.20873719
     0.20873721
     0.20873723
     0.20873725
     0.20873727
     0.20873729
     0.20873731
     0.20873733
     0.20873735
     0.20873737
     0.20873740
     0.20873742
     0.20873715
     0.20873715
     0.20873715
     0.20873716
     0.20873716
     0.20873717
     0.20873717
     0.20873717
     0.20873718
     0.20873718
     0.20873719
     0.20873719
     0.20873720
     0.20873720
     0.20873721
     0.20873721
     0.20873722
     0.20873722
     0.20873720
     0.20873737
     0.20873698
     0.20873686
     0.20873703
     0.20873701
     0.20873699
     0.20873698
     0.20873696
     0.20873695
     0.20873694
     0.20873693
     0.20873692
     0.20873692
     0.20873691
     0.20873690
     0.20873690
     0.20873689
     0.20873689
     0.20873689
     0.20873688
     0.20873688
     0.20873688
     0.20873688
     0.20873688
     0.20873688
     0.20873688
     0.20873688
     0.20873689
     0.20873689
     0.20873690
     0.20873690
     0.20873691
     0.20873692
     0.20873693
     0.20873695
     0.20873697
     0.20873700
     0.20873676
     0.00000000
     0.00000000
     0.00000000
     0.00000000
     0.00000000
     0.00000000
     0.01010101
     0.02020202
     0.03030303
     0.04040404
     0.05050505
     0.06060606
     0.07070707
     0.08080808
     0.09090909
     0.10101010
     0.11111111
     0.12121212
     0.13131313
     0.14141414
     0.15151515
     0.16161616
     0.17171717
     0.18181818
     0.19191919
     0.20202020
     0.20895748
     0.20895739
     0.20895751
     0.20895730
     0.20895731
     0.20895733
     0.20895735
     0.20895737
     0.20895739
     0.20895741
     0.20895743
     0.20895745
     0.20895747
     0.20895750
     0.20895752
     0.20895754
     0.20895756
     0.20895729
     0.20895729
     0.20895730
     0.20895730
     0.20895731
     0.20895731
     0.20895731
     0.20895732
     0.20895732
     0.20895733
     0.20895733
     0.20895733
     0.20895734
     0.20895734
     0.20895735
     0.20895735
     0.20895736
     0.20895736
     0.20895735
     0.20895752
     0.20895717
     0.20895701
     0.20895718
     0.20895716
     0.20895714
     0.20895712
     0.20895711
     0.20895709
     0.20895708
     0.20895707
     0.20895707
     0.20895706
     0.20895705
     0.20895705
     0.20895704
     0.20895704
     0.20895703
     0.20895703
     0.20895703
     0.20895702
     0.20895702
     0.20895702
     0.20895702
     0.20895702
     0.20895702
     0.20895702
     0.20895703
     0.20895703
     0.20895704
     0.20895704
     0.20895705
     0.20895706
     0.20895707
     0.20895709
     0.20895711
     0.20895714
     0.20895690
     0.00000000
     0.00000000
     0.00000000
     0.00000000
     0.00000000
     0.00000000
     0.01010101
     0.02020202
     0.03030303
     0.04040404
     0.05050505
     0.06060606
     0.07070707
     0.08080808
     0.09090909
     0.10101010
     0.11111111
     0.12121212
     0.13131313
     0.14141414
     0.15151515
     0.16161616
     0.17171717
     0.18181818
     0.19191919
     0.20202020
     0.20917760
     0.20917753
     0.20917765
     0.20917744
     0.20917745
     0.20917747
     0.20917749
     0.20917751
     0.20917753
     0.20917755
     0.20917757
     0.20917759
     0.20917762
     0.20917764
     0.20917766
     0.20917768
     0.20917771
     0.20917743
     0.20917743
     0.20917744
     0.20917744
     0.20917745
     0.20917745
     0.20917745
     0.20917746
     0.20917746
     0.20917747
     0.20917747
     0.20917748
     0.20917748
     0.20917748
     0.20917749
     0.20917749
     0.20917750
     0.20917751
     0.20917750
     0.20917768
     0.20917736
     0.20917715
     0.20917732
     0.20917729
     0.20917728
     0.20917726
     0.20917725
     0.20917723
     0.20917722
     0.20917721
     0.20917720
     0.20917720
     0.20917719
     0.20917718
     0.20917718
     0.20917717
     0.20917717
     0.20917717
     0.20917716
     0.20917716
     0.20917716
     0.20917716
     0.20917716
     0.20917716
     0.20917716
     0.20917716
     0.20917717
     0.20917717
     0.20917717
     0.20917718
     0.20917719
     0.20917720
     0.20917721
     0.20917723
     0.20917725
     0.20917728
     0.20917733
     0.00000000
     0.00000000
     0.00000000
     0.00000000
     0.00000000
     0.00000000
     0.01010101
     0.02020202
     0.03030303
     0.04040404
     0.05050505
     0.06060606
     0.07070707
     0.08080808
     0.09090909
     0.10101010
     0.11111111
     0.12121212
     0.13131313
     0.14141414
     0.15151515
     0.16161616
     0.17171717
     0.18181818
     0.19191919
     0.20202020
     0.20939772
     0.20939766
     0.20939778
     0.20939757
     0.20939759
     0.20939761
     0.20939763
     0.20939765
     0.20939767
     0.20939769
     0.20939771
     0.20939773
     0.20939775
     0.20939778
     0.20939780
     0.20939782
     0.20939785
     0.20939757
     0.20939757
     0.20939757
     0.20939758
     0.20939758
     0.20939759
     0.20939759
     0.20939759
     0.20939760
     0.20939760
     0.20939761
     0.20939761
     0.20939762
     0.20939762
     0.20939763
     0.20939763
     0.20939764
     0.20939764
     0.20939764
     0.20939783
     0.20939754
     0.20939729
     0.20939745
     0.20939743
     0.20939741
     0.20939740
     0.20939738
     0.20939737
     0.20939736
     0.20939735
     0.20939734
     0.20939733
     0.20939732
     0.20939732
     0.20939731
     0.20939731
     0.20939730
     0.20939730
     0.20939730
     0.20939730
     0.20939729
     0.20939729
     0.20939729
     0.20939729
     0.20939729
     0.20939730
     0.20939730
     0.20939730
     0.20939731
     0.20939731
     0.20939732
     0.20939733
     0.20939735
     0.20939736
     0.20939739
     0.20939742
     0.20939746
     0.00000000
     0.00000000
     0.00000000
     0.00000000
     0.00000000
     0.00000000
     0.01010101
     0.02020202
     0.03030303
     0.04040404
     0.05050505
     0.06060606
     0.07070707
     0.08080808
     0.09090909
     0.10101010
     0.11111111
     0.12121212
     0.13131313
     0.14141414
     0.15151515
     0.16161616
     0.17171717
     0.18181818
     0.19191919
     0.20202020
     0.20961784
     0.20961779
     0.20961791
     0.20961770
     0.20961772
     0.20961774
     0.20961776
     0.20961778
     0.20961780
     0.20961782
     0.20961784
     0.20961787
     0.20961789
     0.20961791
     0.20961793
     0.20961796
     0.20961798
     0.20961770
     0.20961770
     0.20961771
     0.20961771
     0.20961772
     0.20961772
     0.20961772
     0.20961773
     0.20961773
     0.20961774
     0.20961774
     0.20961775
     0.20961775
     0.20961776
     0.20961776
     0.20961777
     0.20961777
     0.20961778
     0.20961778
     0.20961798
     0.20961773
     0.20961743
     0.20961759
     0.20961756
     0.20961754
     0.20961753
     0.20961751
     0.20961750
     0.20961749
     0.20961748
     0.20961747
     0.20961746
     0.20961745
     0.20961745
     0.20961744
     0.20961744
     0.20961743
     0.20961743
     0.20961743
     0.20961743
     0.20961742
     0.20961742
     0.20961742
     0.20961742
     0.20961743
     0.20961743
     0.20961743
     0.20961743
     0.20961744
     0.20961745
     0.20961745
     0.20961746
     0.20961748
     0.20961749
     0.20961752
     0.20961755
     0.20961759
     0.00000000
     0.00000000
     0.00000000
     0.00000000
     0.00000000
     0.00000000
     0.01010101
     0.02020202
     0.03030303
     0.04040404
     0.05050505
     0.06060606
     0.07070707
     0.08080808
     0.09090909
     0.10101010
     0.11111111
     0.12121212
     0.13131313
     0.14141414
     0.15151515
     0.16161616
     0.17171717
     0.18181818
     0.19191919
     0.20202020
     0.20983795
     0.20983792
     0.20983804
     0.20983783
     0.20983785
     0.20983787
     0.20983789
     0.20983791
     0.20983793
     0.20983795
     0.20983797
     0.20983800
     0.20983802
     0.20983804
     0.20983806
     0.20983809
     0.20983811
     0.20983783
     0.20983783
     0.20983784
     0.20983784
     0.20983785
     0.20983785
     0.20983785
     0.20983786
     0.20983786
     0.20983787
     0.20983787
     0.20983788
     0.20983788
     0.20983789
     0.20983789
     0.20983790
     0.20983790
     0.20983791
     0.20983791
     0.20983783
     0.20983791
     0.20983756
     0.20983771
     0.20983769
     0.20983767
     0.20983766
     0.20983764
     0.20983763
     0.20983762
     0.20983761
     0.20983760
     0.20983759
     0.20983758
     0.20983758
     0.20983757
     0.20983757
     0.20983756
     0.20983756
     0.20983756
     0.20983755
     0.20983755
     0.20983755
     0.20983755
     0.20983755
     0.20983755
     0.20983755
     0.20983756
     0.20983756
     0.20983757
     0.20983757
     0.20983758
     0.20983759
     0.20983760
     0.20983762
     0.20983765
     0.20983768
     0.20983772
     0.00000000
     0.00000000
     0.00000000
     0.00000000
     0.00000000
     0.00000000
     0.01010101
     0.02020202
     0.03030303
     0.04040404
     0.05050505
     0.06060606
     0.07070707
     0.08080808
     0.09090909
     0.10101010
     0.11111111
     0.12121212
     0.13131313
     0.14141414
     0.15151515
     0.16161616
     0.17171717
     0.18181818
     0.19191919
     0.20202020
     0.21005806
     0.21005805
     0.21005817
     0.21005796
     0.21005798
     0.21005800
     0.21005802
     0.21005804
     0.21005806
     0.21005808
     0.21005810
     0.21005812
     0.21005815
     0.21005817
     0.21005819
     0.21005822
     0.21005795
     0.21005796
     0.21005796
     0.21005796
     0.21005797
     0.21005797
     0.21005798
     0.21005798
     0.21005798
     0.21005799
     0.21005799
     0.21005800
     0.21005800
     0.21005801
     0.21005801
     0.21005802
     0.21005802
     0.21005803
     0.21005803
     0.21005804
     0.21005796
     0.21005809
     0.21005769
     0.21005784
     0.21005782
     0.21005780
     0.21005778
     0.21005777
     0.21005775
     0.21005774
     0.21005773
     0.21005772
     0.21005771
     0.21005771
     0.21005770
     0.21005769
     0.21005769
     0.21005769
     0.21005768
     0.21005768
     0.21005768
     0.21005768
     0.21005767
     0.21005767
     0.21005767
     0.21005768
     0.21005768
     0.21005768
     0.21005768
     0.21005769
     0.21005770
     0.21005770
     0.21005772
     0.21005773
     0.21005775
     0.21005777
     0.21005780
     0.21005785
     0.00000000
     0.00000000
     0.00000000
     0.00000000
     0.00000000
     0.00000000
     0.01010101
     0.02020202
     0.03030303
     0.04040404
     0.05050505
     0.06060606
     0.07070707
     0.08080808
     0.09090909
     0.10101010
     0.11111111
     0.12121212
     0.13131313
     0.14141414
     0.15151515
     0.16161616
     0.17171717
     0.18181818
     0.19191919
     0.20202020
     0.21027817
     0.21027817
     0.21027829
     0.21027808
     0.21027810
     0.21027812
     0.21027814
     0.21027816
     0.21027818
     0.21027820
     0.21027823
     0.21027825
     0.21027827
     0.21027829
     0.21027832
     0.21027834
     0.21027808
     0.21027808
     0.21027808
     0.21027809
     0.21027809
     0.21027809
     0.21027810
     0.21027810
     0.21027811
     0.21027811
     0.21027812
     0.21027812
     0.21027813
     0.21027813
     0.21027814
     0.21027814
     0.21027815
     0.21027815
     0.21027816
     0.21027817
     0.21027808
     0.21027827
     0.21027782
     0.21027796
     0.21027794
     0.21027792
     0.21027790
     0.21027789
     0.21027787
     0.21027786
     0.21027785
     0.21027784
     0.21027783
     0.21027783
     0.21027782
     0.21027782
     0.21027781
     0.21027781
     0.21027780
     0.21027780
     0.21027780
     0.21027780
     0.21027780
     0.21027779
     0.21027780
     0.21027780
     0.21027780
     0.21027780
     0.21027781
     0.21027781
     0.21027782
     0.21027783
     0.21027784
     0.21027785
     0.21027787
     0.21027789
     0.21027792
     0.21027797
     0.00000000
     0.00000000
     0.00000000
     0.00000000
     0.00000000
     0.00000000
     0.01010101
     0.02020202
     0.03030303
     0.04040404
     0.05050505
     0.06060606
     0.07070707
     0.08080808
     0.09090909
     0.10101010
     0.11111111
     0.12121212
     0.13131313
     0.14141414
     0.15151515
     0.16161616
     0.17171717
     0.18181818
     0.19191919
     0.20202020
     0.21049827
     0.21049828
     0.21049841
     0.21049820
     0.21049822
     0.21049824
     0.21049826
     0.21049828
     0.21049830
     0.21049832
     0.21049835
     0.21049837
     0.21049839
     0.21049841
     0.21049844
     0.21049846
     0.21049819
     0.21049820
     0.21049820
     0.21049821
     0.21049821
     0.21049821
     0.21049822
     0.21049822
     0.21049823
     0.21049823
     0.21049824
     0.21049824
     0.21049825
     0.21049825
     0.21049826
     0.21049826
     0.21049827
     0.21049827
     0.21049828
     0.21049830
     0.21049820
     0.21049819
     0.21049794
     0.21049808
     0.21049806
     0.21049804
     0.21049802
     0.21049801
     0.21049799
     0.21049798
     0.21049797
     0.21049796
     0.21049795
     0.21049794
     0.21049794
     0.21049793
     0.21049793
     0.21049792
     0.21049792
     0.21049792
     0.21049791
     0.21049791
     0.21049791
     0.21049791
     0.21049791
     0.21049791
     0.21049792
     0.21049792
     0.21049792
     0.21049793
     0.21049793
     0.21049794
     0.21049795
     0.21049797
     0.21049798
     0.21049801
     0.21049804
     0.21049809
     0.00000000
     0.00000000
     0.00000000
     0.00000000
     0.00000000
     0.00000000
     0.01010101
     0.02020202
     0.03030303
     0.04040404
     0.05050505
     0.06060606
     0.07070707
     0.08080808
     0.09090909
     0.10101010
     0.11111111
     0.12121212
     0.13131313
     0.14141414
     0.15151515
     0.16161616
     0.17171717
     0.18181818
     0.19191919
     0.20202020
     0.21071837
     0.21071840
     0.21071852
     0.21071832
     0.21071834
     0.21071836
     0.21071838
     0.21071840
     0.21071842
     0.21071844
     0.21071846
     0.21071849
     0.21071851
     0.21071853
     0.21071856
     0.21071858
     0.21071831
     0.21071831
     0.21071832
     0.21071832
     0.21071833
     0.21071833
     0.21071834
     0.21071834
     0.21071834
     0.21071835
     0.21071835
     0.21071836
     0.21071836
     0.21071837
     0.21071837
     0.21071838
     0.21071838
     0.21071839
     0.21071840
     0.21071843
     0.21071832
     0.21071831
     0.21071806
     0.21071820
     0.21071817
     0.21071815
     0.21071814
     0.21071812
     0.21071811
     0.21071809
     0.21071808
     0.21071807
     0.21071807
     0.21071806
     0.21071805
     0.21071805
     0.21071804
     0.21071804
     0.21071803
     0.21071803
     0.21071803
     0.21071803
     0.21071803
     0.21071803
     0.21071803
     0.21071803
     0.21071803
     0.21071803
     0.21071804
     0.21071804
     0.21071805
     0.21071806
     0.21071807
     0.21071808
     0.21071810
     0.21071812
     0.21071816
     0.21071820
     0.00000000
     0.00000000
     0.00000000
     0.00000000
     0.00000000
     0.00000000
     0.01010101
     0.02020202
     0.03030303
     0.04040404
     0.05050505
     0.06060606
     0.07070707
     0.08080808
     0.09090909
     0.10101010
     0.11111111
     0.12121212
     0.13131313
     0.14141414
     0.15151515
     0.16161616
     0.17171717
     0.18181818
     0.19191919
     0.20202020
     0.21093847
     0.21093851
     0.21093863
     0.21093843
     0.21093845
     0.21093847
     0.21093849
     0.21093851
     0.21093853
     0.21093855
     0.21093858
     0.21093860
     0.21093862
     0.21093865
     0.21093867
     0.21093869
     0.21093842
     0.21093843
     0.21093843
     0.21093844
     0.21093844
     0.21093844
     0.21093845
     0.21093845
     0.21093846
     0.21093846
     0.21093847
     0.21093847
     0.21093848
     0.21093848
     0.21093849
     0.21093849
     0.21093850
     0.21093850
     0.21093851
     0.21093855
     0.21093844
     0.21093844
     0.21093818
     0.21093831
     0.21093829
     0.21093827
     0.21093825
     0.21093823
     0.21093822
     0.21093821
     0.21093819
     0.21093819
     0.21093818
     0.21093817
     0.21093816
     0.21093816
     0.21093815
     0.21093815
     0.21093814
     0.21093814
     0.21093814
     0.21093814
     0.21093814
     0.21093814
     0.21093814
     0.21093814
     0.21093814
     0.21093814
     0.21093815
     0.21093815
     0.21093816
     0.21093817
     0.21093818
     0.21093819
     0.21093821
     0.21093823
     0.21093827
     0.21093831
     0.00000000
     0.00000000
     0.00000000
     0.00000000
     0.00000000
     0.00000000
     0.01010101
     0.02020202
     0.03030303
     0.04040404
     0.05050505
     0.06060606
     0.07070707
     0.08080808
     0.09090909
     0.10101010
     0.11111111
     0.12121212
     0.13131313
     0.14141414
     0.15151515
     0.16161616
     0.17171717
     0.18181818
     0.19191919
     0.20202020
     0.21115856
     0.21115862
     0.21115874
     0.21115854
     0.21115856
     0.21115858
     0.21115860
     0.21115862
     0.21115864
     0.21115866
     0.21115869
     0.21115871
     0.21115873
     0.21115876
     0.21115878
     0.21115881
     0.21115853
     0.21115854
     0.21115854
     0.21115855
     0.21115855
     0.21115855
     0.21115856
     0.21115856
     0.21115857
     0.21115857
     0.21115858
     0.21115858
     0.21115859
     0.21115859
     0.21115860
     0.21115860
     0.21115861
     0.21115861
     0.21115862
     0.21115867
     0.21115855
     0.21115855
     0.21115829
     0.21115842
     0.21115839
     0.21115837
     0.21115836
     0.21115834
     0.21115833
     0.21115831
     0.21115830
     0.21115829
     0.21115828
     0.21115828
     0.21115827
     0.21115826
     0.21115826
     0.21115825
     0.21115825
     0.21115825
     0.21115825
     0.21115824
     0.21115824
     0.21115824
     0.21115824
     0.21115824
     0.21115825
     0.21115825
     0.21115825
     0.21115826
     0.21115827
     0.21115827
     0.21115828
     0.21115830
     0.21115832
     0.21115834
     0.21115837
     0.21115842
     0.00000000
     0.00000000
     0.00000000
     0.00000000
     0.00000000
     0.00000000
     0.01010101
     0.02020202
     0.03030303
     0.04040404
     0.05050505
     0.06060606
     0.07070707
     0.08080808
     0.09090909
     0.10101010
     0.11111111
     0.12121212
     0.13131313
     0.14141414
     0.15151515
     0.16161616
     0.17171717
     0.18181818
     0.19191919
     0.20202020
     0.21137865
     0.21137872
     0.21137885
     0.21137865
     0.21137867
     0.21137869
     0.21137871
     0.21137873
     0.21137875
     0.21137877
     0.21137879
     0.21137882
     0.21137884
     0.21137886
     0.21137889
     0.21137891
     0.21137864
     0.21137864
     0.21137865
     0.21137865
     0.21137866
     0.21137866
     0.21137866
     0.21137867
     0.21137867
     0.21137868
     0.21137868
     0.21137869
     0.21137869
     0.21137870
     0.21137870
     0.21137871
     0.21137871
     0.21137872
     0.21137873
     0.21137879
     0.21137866
     0.21137867
     0.21137840
     0.21137853
     0.21137850
     0.21137848
     0.21137846
     0.21137844
     0.21137843
     0.21137842
     0.21137841
     0.21137840
     0.21137839
     0.21137838
     0.21137837
     0.21137837
     0.21137836
     0.21137836
     0.21137835
     0.21137835
     0.21137835
     0.21137835
     0.21137835
     0.21137835
     0.21137835
     0.21137835
     0.21137835
     0.21137835
     0.21137836
     0.21137836
     0.21137837
     0.21137838
     0.21137839
     0.21137840
     0.21137842
     0.21137845
     0.21137848
     0.21137853
     0.00000000
     0.00000000
     0.00000000
     0.00000000
     0.00000000
     0.00000000
     0.01010101
     0.02020202
     0.03030303
     0.04040404
     0.05050505
     0.06060606
     0.07070707
     0.08080808
     0.09090909
     0.10101010
     0.11111111
     0.12121212
     0.13131313
     0.14141414
     0.15151515
     0.16161616
     0.17171717
     0.18181818
     0.19191919
     0.20202020
     0.21159897
     0.21159882
     0.21159895
     0.21159875
     0.21159877
     0.21159879
     0.21159881
     0.21159883
     0.21159885
     0.21159887
     0.21159890
     0.21159892
     0.21159894
     0.21159897
     0.21159899
     0.21159902
     0.21159874
     0.21159875
     0.21159875
     0.21159875
     0.21159876
     0.21159876
     0.21159877
     0.21159877
     0.21159878
     0.21159878
     0.21159879
     0.21159879
     0.21159880
     0.21159880
     0.21159881
     0.21159881
     0.21159882
     0.21159882
     0.21159883
     0.21159892
     0.21159876
     0.21159878
     0.21159851
     0.21159863
     0.21159860
     0.21159858
     0.21159856
     0.21159855
     0.21159853
     0.21159852
     0.21159851
     0.21159850
     0.21159849
     0.21159848
     0.21159847
     0.21159847
     0.21159846
     0.21159846
     0.21159845
     0.21159845
     0.21159845
     0.21159845
     0.21159845
     0.21159845
     0.21159845
     0.21159845
     0.21159845
     0.21159845
     0.21159846
     0.21159846
     0.21159847
     0.21159848
     0.21159849
     0.21159850
     0.21159852
     0.21159855
     0.21159858
     0.21159863
     0.00000000
     0.00000000
     0.00000000
     0.00000000
     0.00000000
     0.00000000
     0.01010101
     0.02020202
     0.03030303
     0.04040404
     0.05050505
     0.06060606
     0.07070707
     0.08080808
     0.09090909
     0.10101010
     0.11111111
     0.12121212
     0.13131313
     0.14141414
     0.15151515
     0.16161616
     0.17171717
     0.18181818
     0.19191919
     0.20202020
     0.21181895
     0.21181892
     0.21181905
     0.21181885
     0.21181887
     0.21181889
     0.21181891
     0.21181893
     0.21181895
     0.21181898
     0.21181900
     0.21181902
     0.21181904
     0.21181907
     0.21181909
     0.21181912
     0.21181884
     0.21181885
     0.21181885
     0.21181885
     0.21181886
     0.21181886
     0.21181887
     0.21181887
     0.21181888
     0.21181888
     0.21181889
     0.21181889
     0.21181890
     0.21181890
     0.21181891
     0.21181891
     0.21181892
     0.21181892
     0.21181893
     0.21181894
     0.21181887
     0.21181889
     0.21181861
     0.21181873
     0.21181870
     0.21181868
     0.21181866
     0.21181864
     0.21181863
     0.21181862
     0.21181860
     0.21181859
     0.21181859
     0.21181858
     0.21181857
     0.21181857
     0.21181856
     0.21181856
     0.21181855
     0.21181855
     0.21181855
     0.21181854
     0.21181854
     0.21181854
     0.21181854
     0.21181854
     0.21181855
     0.21181855
     0.21181855
     0.21181856
     0.21181857
     0.21181857
     0.21181859
     0.21181860
     0.21181862
     0.21181864
     0.21181868
     0.21181873
     0.00000000
     0.00000000
     0.00000000
     0.00000000
     0.00000000
     0.00000000
     0.01010101
     0.02020202
     0.03030303
     0.04040404
     0.05050505
     0.06060606
     0.07070707
     0.08080808
     0.09090909
     0.10101010
     0.11111111
     0.12121212
     0.13131313
     0.14141414
     0.15151515
     0.16161616
     0.17171717
     0.18181818
     0.19191919
     0.20202020
     0.21203917
     0.21203901
     0.21203914
     0.21203894
     0.21203896
     0.21203898
     0.21203901
     0.21203903
     0.21203905
     0.21203907
     0.21203909
     0.21203912
     0.21203914
     0.21203917
     0.21203919
     0.21203922
     0.21203894
     0.21203894
     0.21203895
     0.21203895
     0.21203895
     0.21203896
     0.21203896
     0.21203897
     0.21203897
     0.21203898
     0.21203898
     0.21203899
     0.21203899
     0.21203900
     0.21203900
     0.21203901
     0.21203901
     0.21203902
     0.21203903
     0.21203903
     0.21203897
     0.21203900
     0.21203871
     0.21203882
     0.21203880
     0.21203877
     0.21203875
     0.21203874
     0.21203872
     0.21203871
     0.21203870
     0.21203869
     0.21203868
     0.21203867
     0.21203866
     0.21203866
     0.21203865
     0.21203865
     0.21203865
     0.21203864
     0.21203864
     0.21203864
     0.21203864
     0.21203864
     0.21203864
     0.21203864
     0.21203864
     0.21203864
     0.21203865
     0.21203865
     0.21203866
     0.21203867
     0.21203868
     0.21203869
     0.21203871
     0.21203874
     0.21203877
     0.21203882
     0.00000000
     0.00000000
     0.00000000
     0.00000000
     0.00000000
     0.00000000
     0.01010101
     0.02020202
     0.03030303
     0.04040404
     0.05050505
     0.06060606
     0.07070707
     0.08080808
     0.09090909
     0.10101010
     0.11111111
     0.12121212
     0.13131313
     0.14141414
     0.15151515
     0.16161616
     0.17171717
     0.18181818
     0.19191919
     0.20202020
     0.21212121
     0.21225910
     0.21225923
     0.21225903
     0.21225906
     0.21225908
     0.21225910
     0.21225912
     0.21225914
     0.21225917
     0.21225919
     0.21225921
     0.21225924
     0.21225926
     0.21225929
     0.21225931
     0.21225903
     0.21225903
     0.21225904
     0.21225904
     0.21225905
     0.21225905
     0.21225906
     0.21225906
     0.21225907
     0.21225907
     0.21225908
     0.21225908
     0.21225909
     0.21225909
     0.21225910
     0.21225910
     0.21225911
     0.21225911
     0.21225912
     0.21225913
     0.21225906
     0.21225910
     0.21225881
     0.21225892
     0.21225889
     0.21225887
     0.21225885
     0.21225883
     0.21225881
     0.21225880
     0.21225879
     0.21225878
     0.21225877
     0.21225876
     0.21225876
     0.21225875
     0.21225874
     0.21225874
     0.21225874
     0.21225873
     0.21225873
     0.21225873
     0.21225873
     0.21225873
     0.21225873
     0.21225873
     0.21225873
     0.21225873
     0.21225874
     0.21225874
     0.21225875
     0.21225876
     0.21225877
     0.21225879
     0.21225880
     0.21225883
     0.21225886
     0.21225891
     0.00000000
     0.00000000
     0.00000000
     0.00000000
     0.00000000
     0.00000000
     0.01010101
     0.02020202
     0.03030303
     0.04040404
     0.05050505
     0.06060606
     0.07070707
     0.08080808
     0.09090909
     0.10101010
     0.11111111
     0.12121212
     0.13131313
     0.14141414
     0.15151515
     0.16161616
     0.17171717
     0.18181818
     0.19191919
     0.20202020
     0.21212121
     0.21247919
     0.21247932
     0.21247912
     0.21247915
     0.21247917
     0.21247919
     0.21247921
     0.21247923
     0.21247926
     0.21247928
     0.21247930
     0.21247933
     0.21247935
     0.21247938
     0.21247940
     0.21247912
     0.21247912
     0.21247913
     0.21247913
     0.21247914
     0.21247914
     0.21247915
     0.21247915
     0.21247916
     0.21247916
     0.21247917
     0.21247917
     0.21247918
     0.21247918
     0.21247919
     0.21247919
     0.21247920
     0.21247920
     0.21247921
     0.21247922
     0.21247915
     0.21247920
     0.21247891
     0.21247901
     0.21247898
     0.21247895
     0.21247893
     0.21247892
     0.21247890
     0.21247889
     0.21247888
     0.21247887
     0.21247886
     0.21247885
     0.21247884
     0.21247884
     0.21247883
     0.21247883
     0.21247882
     0.21247882
     0.21247882
     0.21247881
     0.21247881
     0.21247881
     0.21247881
     0.21247881
     0.21247882
     0.21247882
     0.21247882
     0.21247883
     0.21247884
     0.21247885
     0.21247886
     0.21247887
     0.21247889
     0.21247892
     0.21247895
     0.21247900
     0.00000000
     0.00000000
     0.00000000
     0.00000000
     0.00000000
     0.00000000
     0.01010101
     0.02020202
     0.03030303
     0.04040404
     0.05050505
     0.06060606
     0.07070707
     0.08080808
     0.09090909
     0.10101010
     0.11111111
     0.12121212
     0.13131313
     0.14141414
     0.15151515
     0.16161616
     0.17171717
     0.18181818
     0.19191919
     0.20202020
     0.21212121
     0.21269927
     0.21269941
     0.21269921
     0.21269923
     0.21269925
     0.21269927
     0.21269930
     0.21269932
     0.21269934
     0.21269937
     0.21269939
     0.21269941
     0.21269944
     0.21269947
     0.21269949
     0.21269921
     0.21269921
     0.21269922
     0.21269922
     0.21269922
     0.21269923
     0.21269923
     0.21269924
     0.21269924
     0.21269925
     0.21269925
     0.21269926
     0.21269926
     0.21269927
     0.21269927
     0.21269928
     0.21269929
     0.21269929
     0.21269930
     0.21269930
     0.21269924
     0.21269930
     0.21269900
     0.21269909
     0.21269906
     0.21269904
     0.21269902
     0.21269900
     0.21269899
     0.21269897
     0.21269896
     0.21269895
     0.21269894
     0.21269893
     0.21269893
     0.21269892
     0.21269891
     0.21269891
     0.21269891
     0.21269890
     0.21269890
     0.21269890
     0.21269890
     0.21269890
     0.21269890
     0.21269890
     0.21269890
     0.21269890
     0.21269891
     0.21269891
     0.21269892
     0.21269893
     0.21269894
     0.21269896
     0.21269898
     0.21269900
     0.21269904
     0.21269909
     0.00000000
     0.00000000
     0.00000000
     0.00000000
     0.00000000
     0.00000000
     0.01010101
     0.02020202
     0.03030303
     0.04040404
     0.05050505
     0.06060606
     0.07070707
     0.08080808
     0.09090909
     0.10101010
     0.11111111
     0.12121212
     0.13131313
     0.14141414
     0.15151515
     0.16161616
     0.17171717
     0.18181818
     0.19191919
     0.20202020
     0.21212121
     0.21291935
     0.21291949
     0.21291929
     0.21291931
     0.21291934
     0.21291936
     0.21291938
     0.21291940
     0.21291943
     0.21291945
     0.21291947
     0.21291950
     0.21291952
     0.21291955
     0.21291929
     0.21291929
     0.21291929
     0.21291930
     0.21291930
     0.21291931
     0.21291931
     0.21291932
     0.21291932
     0.21291933
     0.21291933
     0.21291934
     0.21291934
     0.21291935
     0.21291935
     0.21291936
     0.21291936
     0.21291937
     0.21291938
     0.21291938
     0.21291939
     0.21291933
     0.21291940
     0.21291909
     0.21291917
     0.21291915
     0.21291912
     0.21291910
     0.21291908
     0.21291907
     0.21291905
     0.21291904
     0.21291903
     0.21291902
     0.21291901
     0.21291901
     0.21291900
     0.21291900
     0.21291899
     0.21291899
     0.21291898
     0.21291898
     0.21291898
     0.21291898
     0.21291898
     0.21291898
     0.21291898
     0.21291898
     0.21291898
     0.21291899
     0.21291899
     0.21291900
     0.21291901
     0.21291902
     0.21291904
     0.21291906
     0.21291908
     0.21291912
     0.21291917
     0.00000000
     0.00000000
     0.00000000
     0.00000000
     0.00000000
     0.00000000
     0.01010101
     0.02020202
     0.03030303
     0.04040404
     0.05050505
     0.06060606
     0.07070707
     0.08080808
     0.09090909
     0.10101010
     0.11111111
     0.12121212
     0.13131313
     0.14141414
     0.15151515
     0.16161616
     0.17171717
     0.18181818
     0.19191919
     0.20202020
     0.21212121
     0.21313943
     0.21313957
     0.21313937
     0.21313939
     0.21313942
     0.21313944
     0.21313946
     0.21313948
     0.21313951
     0.21313953
     0.21313956
     0.21313958
     0.21313961
     0.21313963
     0.21313937
     0.21313937
     0.21313937
     0.21313938
     0.21313938
     0.21313939
     0.21313939
     0.21313940
     0.21313940
     0.21313941
     0.21313941
     0.21313942
     0.21313942
     0.21313943
     0.21313943
     0.21313944
     0.21313944
     0.21313945
     0.21313946
     0.21313946
     0.21313947
     0.21313942
     0.21313949
     0.21313917
     0.21313925
     0.21313922
     0.21313920
     0.21313918
     0.21313916
     0.21313915
     0.21313913
     0.21313912
     0.21313911
     0.21313910
     0.21313909
     0.21313908
     0.21313908
     0.21313907
     0.21313907
     0.21313906
     0.21313906
     0.21313906
     0.21313906
     0.21313905
     0.21313905
     0.21313905
     0.21313906
     0.21313906
     0.21313906
     0.21313907
     0.21313907
     0.21313908
     0.21313909
     0.21313910
     0.21313911
     0.21313913
     0.21313916
     0.21313920
     0.21313925
     0.00000000
     0.00000000
     0.00000000
     0.00000000
     0.00000000
     0.00000000
     0.01010101
     0.02020202
     0.03030303
     0.04040404
     0.05050505
     0.06060606
     0.07070707
     0.08080808
     0.09090909
     0.10101010
     0.11111111
     0.12121212
     0.13131313
     0.14141414
     0.15151515
     0.16161616
     0.17171717
     0.18181818
     0.19191919
     0.20202020
     0.21212121
     0.21335951
     0.21335964
     0.21335945
     0.21335947
     0.21335949
     0.21335951
     0.21335954
     0.21335956
     0.21335958
     0.21335961
     0.21335963
     0.21335966
     0.21335968
     0.21335971
     0.21335944
     0.21335945
     0.21335945
     0.21335945
     0.21335946
     0.21335946
     0.21335947
     0.21335947
     0.21335948
     0.21335948
     0.21335949
     0.21335949
     0.21335950
     0.21335950
     0.21335951
     0.21335952
     0.21335952
     0.21335953
     0.21335953
     0.21335954
     0.21335955
     0.21335950
     0.21335958
     0.21335925
     0.21335933
     0.21335930
     0.21335928
     0.21335926
     0.21335924
     0.21335922
     0.21335921
     0.21335919
     0.21335918
     0.21335917
     0.21335917
     0.21335916
     0.21335915
     0.21335915
     0.21335914
     0.21335914
     0.21335913
     0.21335913
     0.21335913
     0.21335913
     0.21335913
     0.21335913
     0.21335913
     0.21335913
     0.21335913
     0.21335914
     0.21335914
     0.21335915
     0.21335916
     0.21335917
     0.21335919
     0.21335921
     0.21335923
     0.21335927
     0.21335932
     0.00000000
     0.00000000
     0.00000000
     0.00000000
     0.00000000
     0.00000000
     0.01010101
     0.02020202
     0.03030303
     0.04040404
     0.05050505
     0.06060606
     0.07070707
     0.08080808
     0.09090909
     0.10101010
     0.11111111
     0.12121212
     0.13131313
     0.14141414
     0.15151515
     0.16161616
     0.17171717
     0.18181818
     0.19191919
     0.20202020
     0.21212121
     0.21357958
     0.21357971
     0.21357952
     0.21357954
     0.21357957
     0.21357959
     0.21357961
     0.21357963
     0.21357966
     0.21357968
     0.21357971
     0.21357973
     0.21357976
     0.21357978
     0.21357952
     0.21357952
     0.21357952
     0.21357953
     0.21357953
     0.21357954
     0.21357954
     0.21357955
     0.21357955
     0.21357956
     0.21357956
     0.21357957
     0.21357957
     0.21357958
     0.21357958
     0.21357959
     0.21357960
     0.21357960
     0.21357961
     0.21357961
     0.21357962
     0.21357957
     0.21357967
     0.21357933
     0.21357940
     0.21357937
     0.21357935
     0.21357933
     0.21357931
     0.21357929
     0.21357928
     0.21357927
     0.21357926
     0.21357925
     0.21357924
     0.21357923
     0.21357922
     0.21357922
     0.21357921
     0.21357921
     0.21357920
     0.21357920
     0.21357920
     0.21357920
     0.21357920
     0.21357920
     0.21357920
     0.21357920
     0.21357920
     0.21357921
     0.21357922
     0.21357922
     0.21357923
     0.21357924
     0.21357926
     0.21357928
     0.21357931
     0.21357934
     0.21357940
     0.00000000
     0.00000000
     0.00000000
     0.00000000
     0.00000000
     0.00000000
     0.01010101
     0.02020202
     0.03030303
     0.04040404
     0.05050505
     0.06060606
     0.07070707
     0.08080808
     0.09090909
     0.10101010
     0.11111111
     0.12121212
     0.13131313
     0.14141414
     0.15151515
     0.16161616
     0.17171717
     0.18181818
     0.19191919
     0.20202020
     0.21212121
     0.21379964
     0.21379978
     0.21379959
     0.21379961
     0.21379964
     0.21379966
     0.21379968
     0.21379970
     0.21379973
     0.21379975
     0.21379978
     0.21379980
     0.21379983
     0.21379986
     0.21379959
     0.21379959
     0.21379959
     0.21379960
     0.21379960
     0.21379961
     0.21379961
     0.21379962
     0.21379962
     0.21379963
     0.21379963
     0.21379964
     0.21379964
     0.21379965
     0.21379965
     0.21379966
     0.21379967
     0.21379967
     0.21379968
     0.21379969
     0.21379969
     0.21379965
     0.21379975
     0.21379941
     0.21379947
     0.21379944
     0.21379942
     0.21379940
     0.21379938
     0.21379936
     0.21379935
     0.21379933
     0.21379932
     0.21379931
     0.21379930
     0.21379930
     0.21379929
     0.21379928
     0.21379928
     0.21379928
     0.21379927
     0.21379927
     0.21379927
     0.21379927
     0.21379927
     0.21379927
     0.21379927
     0.21379927
     0.21379927
     0.21379928
     0.21379928
     0.21379929
     0.21379930
     0.21379931
     0.21379933
     0.21379935
     0.21379937
     0.21379941
     0.21379946
     0.00000000
     0.00000000
     0.00000000
     0.00000000
     0.00000000
     0.00000000
     0.01010101
     0.02020202
     0.03030303
     0.04040404
     0.05050505
     0.06060606
     0.07070707
     0.08080808
     0.09090909
     0.10101010
     0.11111111
     0.12121212
     0.13131313
     0.14141414
     0.15151515
     0.16161616
     0.17171717
     0.18181818
     0.19191919
     0.20202020
     0.21212121
     0.21401971
     0.21401985
     0.21401966
     0.21401968
     0.21401970
     0.21401972
     0.21401975
     0.21401977
     0.21401980
     0.21401982
     0.21401985
     0.21401987
     0.21401990
     0.21401993
     0.21401965
     0.21401966
     0.21401966
     0.21401967
     0.21401967
     0.21401967
     0.21401968
     0.21401968
     0.21401969
     0.21401969
     0.21401970
     0.21401971
     0.21401971
     0.21401972
     0.21401972
     0.21401973
     0.21401973
     0.21401974
     0.21401975
     0.21401975
     0.21401976
     0.21401972
     0.21401983
     0.21401948
     0.21401954
     0.21401951
     0.21401948
     0.21401946
     0.21401944
     0.21401943
     0.21401941
     0.21401940
     0.21401939
     0.21401938
     0.21401937
     0.21401936
     0.21401935
     0.21401935
     0.21401934
     0.21401934
     0.21401934
     0.21401933
     0.21401933
     0.21401933
     0.21401933
     0.21401933
     0.21401933
     0.21401933
     0.21401934
     0.21401934
     0.21401935
     0.21401935
     0.21401936
     0.21401938
     0.21401939
     0.21401941
     0.21401944
     0.21401948
     0.21401953
     0.00000000
     0.00000000
     0.00000000
     0.00000000
     0.00000000
     0.00000000
     0.01010101
     0.02020202
     0.03030303
     0.04040404
     0.05050505
     0.06060606
     0.07070707
     0.08080808
     0.09090909
     0.10101010
     0.11111111
     0.12121212
     0.13131313
     0.14141414
     0.15151515
     0.16161616
     0.17171717
     0.18181818
     0.19191919
     0.20202020
     0.21212121
     0.21423977
     0.21423991
     0.21423972
     0.21423974
     0.21423977
     0.21423979
     0.21423981
     0.21423984
     0.21423986
     0.21423989
     0.21423991
     0.21423994
     0.21423996
     0.21423999
     0.21423972
     0.21423972
     0.21423972
     0.21423973
     0.21423973
     0.21423974
     0.21423974
     0.21423975
     0.21423975
     0.21423976
     0.21423976
     0.21423977
     0.21423977
     0.21423978
     0.21423979
     0.21423979
     0.21423980
     0.21423980
     0.21423981
     0.21423982
     0.21423982
     0.21423979
     0.21423991
     0.21423956
     0.21423960
     0.21423957
     0.21423955
     0.21423952
     0.21423950
     0.21423949
     0.21423947
     0.21423946
     0.21423945
     0.21423944
     0.21423943
     0.21423942
     0.21423942
     0.21423941
     0.21423940
     0.21423940
     0.21423940
     0.21423939
     0.21423939
     0.21423939
     0.21423939
     0.21423939
     0.21423939
     0.21423939
     0.21423940
     0.21423940
     0.21423941
     0.21423942
     0.21423942
     0.21423944
     0.21423945
     0.21423947
     0.21423950
     0.21423954
     0.21423959
     0.00000000
     0.00000000
     0.00000000
     0.00000000
     0.00000000
     0.00000000
     0.01010101
     0.02020202
     0.03030303
     0.04040404
     0.05050505
     0.06060606
     0.07070707
     0.08080808
     0.09090909
     0.10101010
     0.11111111
     0.12121212
     0.13131313
     0.14141414
     0.15151515
     0.16161616
     0.17171717
     0.18181818
     0.19191919
     0.20202020
     0.21212121
     0.21445983
     0.21445997
     0.21445978
     0.21445980
     0.21445983
     0.21445985
     0.21445987
     0.21445990
     0.21445992
     0.21445995
     0.21445997
     0.21446000
     0.21446003
     0.21446005
     0.21445978
     0.21445978
     0.21445979
     0.21445979
     0.21445979
     0.21445980
     0.21445980
     0.21445981
     0.21445981
     0.21445982
     0.21445982
     0.21445983
     0.21445984
     0.21445984
     0.21445985
     0.21445985
     0.21445986
     0.21445987
     0.21445987
     0.21445988
     0.21445989
     0.21445986
     0.21445999
     0.21445962
     0.21445966
     0.21445963
     0.21445961
     0.21445958
     0.21445956
     0.21445955
     0.21445953
     0.21445952
     0.21445951
     0.21445950
     0.21445949
     0.21445948
     0.21445947
     0.21445947
     0.21445946
     0.21445946
     0.21445945
     0.21445945
     0.21445945
     0.21445945
     0.21445945
     0.21445945
     0.21445945
     0.21445945
     0.21445945
     0.21445946
     0.21445947
     0.21445947
     0.21445948
     0.21445950
     0.21445951
     0.21445953
     0.21445956
     0.21445960
     0.21445965
     0.00000000
     0.00000000
     0.00000000
     0.00000000
     0.00000000
     0.00000000
     0.01010101
     0.02020202
     0.03030303
     0.04040404
     0.05050505
     0.06060606
     0.07070707
     0.08080808
     0.09090909
     0.10101010
     0.11111111
     0.12121212
     0.13131313
     0.14141414
     0.15151515
     0.16161616
     0.17171717
     0.18181818
     0.19191919
     0.20202020
     0.21212121
     0.21467988
     0.21468002
     0.21467984
     0.21467986
     0.21467988
     0.21467991
     0.21467993
     0.21467995
     0.21467998
     0.21468001
     0.21468003
     0.21468006
     0.21468008
     0.21468011
     0.21467983
     0.21467984
     0.21467984
     0.21467985
     0.21467985
     0.21467986
     0.21467986
     0.21467987
     0.21467987
     0.21467988
     0.21467988
     0.21467989
     0.21467989
     0.21467990
     0.21467991
     0.21467991
     0.21467992
     0.21467992
     0.21467993
     0.21467994
     0.21467994
     0.21467992
     0.21468006
     0.21467969
     0.21467972
     0.21467969
     0.21467966
     0.21467964
     0.21467962
     0.21467960
     0.21467959
     0.21467957
     0.21467956
     0.21467955
     0.21467954
     0.21467954
     0.21467953
     0.21467952
     0.21467952
     0.21467951
     0.21467951
     0.21467951
     0.21467950
     0.21467950
     0.21467950
     0.21467950
     0.21467950
     0.21467951
     0.21467951
     0.21467951
     0.21467952
     0.21467953
     0.21467954
     0.21467955
     0.21467957
     0.21467959
     0.21467961
     0.21467965
     0.21467971
     0.00000000
     0.00000000
     0.00000000
     0.00000000
     0.00000000
     0.00000000
     0.01010101
     0.02020202
     0.03030303
     0.04040404
     0.05050505
     0.06060606
     0.07070707
     0.08080808
     0.09090909
     0.10101010
     0.11111111
     0.12121212
     0.13131313
     0.14141414
     0.15151515
     0.16161616
     0.17171717
     0.18181818
     0.19191919
     0.20202020
     0.21212121
     0.21489993
     0.21490007
     0.21489989
     0.21489991
     0.21489994
     0.21489996
     0.21489998
     0.21490001
     0.21490003
     0.21490006
     0.21490009
     0.21490011
     0.21490014
     0.21490017
     0.21489989
     0.21489989
     0.21489990
     0.21489990
     0.21489991
     0.21489991
     0.21489992
     0.21489992
     0.21489993
     0.21489993
     0.21489994
     0.21489994
     0.21489995
     0.21489995
     0.21489996
     0.21489997
     0.21489997
     0.21489998
     0.21489999
     0.21489999
     0.21490000
     0.21489998
     0.21490013
     0.21489975
     0.21489978
     0.21489974
     0.21489972
     0.21489969
     0.21489967
     0.21489965
     0.21489964
     0.21489963
     0.21489961
     0.21489960
     0.21489959
     0.21489959
     0.21489958
     0.21489957
     0.21489957
     0.21489956
     0.21489956
     0.21489956
     0.21489955
     0.21489955
     0.21489955
     0.21489955
     0.21489955
     0.21489956
     0.21489956
     0.21489956
     0.21489957
     0.21489958
     0.21489959
     0.21489960
     0.21489962
     0.21489964
     0.21489967
     0.21489971
     0.21489976
     0.00000000
     0.00000000
     0.00000000
     0.00000000
     0.00000000
     0.00000000
     0.01010101
     0.02020202
     0.03030303
     0.04040404
     0.05050505
     0.06060606
     0.07070707
     0.08080808
     0.09090909
     0.10101010
     0.11111111
     0.12121212
     0.13131313
     0.14141414
     0.15151515
     0.16161616
     0.17171717
     0.18181818
     0.19191919
     0.20202020
     0.21212121
     0.21511998
     0.21512012
     0.21511994
     0.21511996
     0.21511999
     0.21512001
     0.21512004
     0.21512006
     0.21512009
     0.21512011
     0.21512014
     0.21512017
     0.21512019
     0.21512022
     0.21511994
     0.21511994
     0.21511995
     0.21511995
     0.21511996
     0.21511996
     0.21511997
     0.21511997
     0.21511998
     0.21511998
     0.21511999
     0.21511999
     0.21512000
     0.21512001
     0.21512001
     0.21512002
     0.21512002
     0.21512003
     0.21512004
     0.21512004
     0.21512005
     0.21512004
     0.21512020
     0.21511981
     0.21511983
     0.21511979
     0.21511977
     0.21511974
     0.21511972
     0.21511970
     0.21511969
     0.21511968
     0.21511966
     0.21511965
     0.21511964
     0.21511964
     0.21511963
     0.21511962
     0.21511962
     0.21511961
     0.21511961
     0.21511961
     0.21511960
     0.21511960
     0.21511960
     0.21511960
     0.21511960
     0.21511960
     0.21511961
     0.21511961
     0.21511962
     0.21511963
     0.21511964
     0.21511965
     0.21511967
     0.21511969
     0.21511972
     0.21511975
     0.21511981
     0.00000000
     0.00000000
     0.00000000
     0.00000000
     0.00000000
     0.00000000
     0.01010101
     0.02020202
     0.03030303
     0.04040404
     0.05050505
     0.06060606
     0.07070707
     0.08080808
     0.09090909
     0.10101010
     0.11111111
     0.12121212
     0.13131313
     0.14141414
     0.15151515
     0.16161616
     0.17171717
     0.18181818
     0.19191919
     0.20202020
     0.21212121
     0.21534003
     0.21534017
     0.21533999
     0.21534001
     0.21534004
     0.21534006
     0.21534008
     0.21534011
     0.21534013
     0.21534016
     0.21534019
     0.21534021
     0.21534024
     0.21534027
     0.21533999
     0.21533999
     0.21534000
     0.21534000
     0.21534001
     0.21534001
     0.21534002
     0.21534002
     0.21534003
     0.21534003
     0.21534004
     0.21534004
     0.21534005
     0.21534005
     0.21534006
     0.21534007
     0.21534007
     0.21534008
     0.21534009
     0.21534009
     0.21534010
     0.21534010
     0.21534026
     0.21533987
     0.21533988
     0.21533984
     0.21533981
     0.21533979
     0.21533977
     0.21533975
     0.21533973
     0.21533972
     0.21533971
     0.21533970
     0.21533969
     0.21533968
     0.21533967
     0.21533967
     0.21533966
     0.21533966
     0.21533965
     0.21533965
     0.21533965
     0.21533965
     0.21533965
     0.21533965
     0.21533965
     0.21533965
     0.21533965
     0.21533966
     0.21533966
     0.21533967
     0.21533968
     0.21533969
     0.21533971
     0.21533973
     0.21533976
     0.21533980
     0.21533986
     0.00000000
     0.00000000
     0.00000000
     0.00000000
     0.00000000
     0.00000000
     0.01010101
     0.02020202
     0.03030303
     0.04040404
     0.05050505
     0.06060606
     0.07070707
     0.08080808
     0.09090909
     0.10101010
     0.11111111
     0.12121212
     0.13131313
     0.14141414
     0.15151515
     0.16161616
     0.17171717
     0.18181818
     0.19191919
     0.20202020
     0.21212121
     0.21556007
     0.21556021
     0.21556003
     0.21556006
     0.21556008
     0.21556010
     0.21556013
     0.21556015
     0.21556018
     0.21556021
     0.21556023
     0.21556026
     0.21556029
     0.21556032
     0.21556003
     0.21556004
     0.21556004
     0.21556005
     0.21556005
     0.21556006
     0.21556006
     0.21556007
     0.21556007
     0.21556008
     0.21556008
     0.21556009
     0.21556009
     0.21556010
     0.21556011
     0.21556011
     0.21556012
     0.21556013
     0.21556013
     0.21556014
     0.21556015
     0.21556015
     0.21556003
     0.21555962
     0.21555963
     0.21555988
     0.21555986
     0.21555983
     0.21555981
     0.21555979
     0.21555978
     0.21555976
     0.21555975
     0.21555974
     0.21555973
     0.21555972
     0.21555972
     0.21555971
     0.21555970
     0.21555970
     0.21555969
     0.21555969
     0.21555969
     0.21555969
     0.21555969
     0.21555969
     0.21555969
     0.21555969
     0.21555969
     0.21555970
     0.21555971
     0.21555971
     0.21555972
     0.21555974
     0.21555975
     0.21555978
     0.21555980
     0.21555984
     0.21555990
     0.00000000
     0.00000000
     0.00000000
     0.00000000
     0.00000000
     0.00000000
     0.01010101
     0.02020202
     0.03030303
     0.04040404
     0.05050505
     0.06060606
     0.07070707
     0.08080808
     0.09090909
     0.10101010
     0.11111111
     0.12121212
     0.13131313
     0.14141414
     0.15151515
     0.16161616
     0.17171717
     0.18181818
     0.19191919
     0.20202020
     0.21212121
     0.21578011
     0.21578025
     0.21578007
     0.21578010
     0.21578012
     0.21578015
     0.21578017
     0.21578020
     0.21578022
     0.21578025
     0.21578028
     0.21578030
     0.21578033
     0.21578036
     0.21578007
     0.21578008
     0.21578008
     0.21578009
     0.21578009
     0.21578010
     0.21578010
     0.21578011
     0.21578011
     0.21578012
     0.21578012
     0.21578013
     0.21578014
     0.21578014
     0.21578015
     0.21578015
     0.21578016
     0.21578017
     0.21578017
     0.21578018
     0.21578019
     0.21578020
     0.21578007
     0.21577973
     0.21577967
     0.21577993
     0.21577990
     0.21577987
     0.21577985
     0.21577983
     0.21577982
     0.21577980
     0.21577979
     0.21577978
     0.21577977
     0.21577976
     0.21577975
     0.21577975
     0.21577974
     0.21577974
     0.21577973
     0.21577973
     0.21577973
     0.21577973
     0.21577973
     0.21577973
     0.21577973
     0.21577973
     0.21577973
     0.21577974
     0.21577974
     0.21577975
     0.21577976
     0.21577978
     0.21577979
     0.21577981
     0.21577984
     0.21577988
     0.21577994
     0.00000000
     0.00000000
     0.00000000
     0.00000000
     0.00000000
     0.00000000
     0.01010101
     0.02020202
     0.03030303
     0.04040404
     0.05050505
     0.06060606
     0.07070707
     0.08080808
     0.09090909
     0.10101010
     0.11111111
     0.12121212
     0.13131313
     0.14141414
     0.15151515
     0.16161616
     0.17171717
     0.18181818
     0.19191919
     0.20202020
     0.21212121
     0.21600014
     0.21600029
     0.21600011
     0.21600014
     0.21600016
     0.21600019
     0.21600021
     0.21600024
     0.21600026
     0.21600029
     0.21600032
     0.21600034
     0.21600037
     0.21600040
     0.21600011
     0.21600012
     0.21600012
     0.21600013
     0.21600013
     0.21600014
     0.21600014
     0.21600015
     0.21600015
     0.21600016
     0.21600016
     0.21600017
     0.21600017
     0.21600018
     0.21600019
     0.21600019
     0.21600020
     0.21600021
     0.21600021
     0.21600022
     0.21600023
     0.21600025
     0.21600011
     0.21599983
     0.21599972
     0.21599996
     0.21599993
     0.21599991
     0.21599989
     0.21599987
     0.21599985
     0.21599984
     0.21599983
     0.21599982
     0.21599981
     0.21599980
     0.21599979
     0.21599978
     0.21599978
     0.21599977
     0.21599977
     0.21599977
     0.21599976
     0.21599976
     0.21599976
     0.21599976
     0.21599976
     0.21599977
     0.21599977
     0.21599977
     0.21599978
     0.21599979
     0.21599980
     0.21599981
     0.21599983
     0.21599985
     0.21599988
     0.21599992
     0.21599998
     0.00000000
     0.00000000
     0.00000000
     0.00000000
     0.00000000
     0.00000000
     0.01010101
     0.02020202
     0.03030303
     0.04040404
     0.05050505
     0.06060606
     0.07070707
     0.08080808
     0.09090909
     0.10101010
     0.11111111
     0.12121212
     0.13131313
     0.14141414
     0.15151515
     0.16161616
     0.17171717
     0.18181818
     0.19191919
     0.20202020
     0.21212121
     0.21622017
     0.21622032
     0.21622015
     0.21622017
     0.21622020
     0.21622022
     0.21622025
     0.21622027
     0.21622030
     0.21622032
     0.21622035
     0.21622038
     0.21622041
     0.21622014
     0.21622015
     0.21622015
     0.21622016
     0.21622016
     0.21622017
     0.21622017
     0.21622018
     0.21622018
     0.21622019
     0.21622019
     0.21622020
     0.21622020
     0.21622021
     0.21622022
     0.21622022
     0.21622023
     0.21622024
     0.21622024
     0.21622025
     0.21622026
     0.21622026
     0.21622030
     0.21622015
     0.21621993
     0.21621975
     0.21622000
     0.21621997
     0.21621994
     0.21621992
     0.21621990
     0.21621989
     0.21621987
     0.21621986
     0.21621985
     0.21621984
     0.21621983
     0.21621982
     0.21621982
     0.21621981
     0.21621981
     0.21621980
     0.21621980
     0.21621980
     0.21621979
     0.21621979
     0.21621979
     0.21621980
     0.21621980
     0.21621980
     0.21621981
     0.21621981
     0.21621982
     0.21621983
     0.21621984
     0.21621986
     0.21621988
     0.21621991
     0.21621995
     0.21622001
     0.00000000
     0.00000000
     0.00000000
     0.00000000
     0.00000000
     0.00000000
     0.01010101
     0.02020202
     0.03030303
     0.04040404
     0.05050505
     0.06060606
     0.07070707
     0.08080808
     0.09090909
     0.10101010
     0.11111111
     0.12121212
     0.13131313
     0.14141414
     0.15151515
     0.16161616
     0.17171717
     0.18181818
     0.19191919
     0.20202020
     0.21212121
     0.21644020
     0.21644035
     0.21644018
     0.21644020
     0.21644023
     0.21644025
     0.21644028
     0.21644030
     0.21644033
     0.21644036
     0.21644039
     0.21644041
     0.21644044
     0.21644017
     0.21644018
     0.21644018
     0.21644019
     0.21644019
     0.21644020
     0.21644020
     0.21644021
     0.21644021
     0.21644022
     0.21644023
     0.21644023
     0.21644024
     0.21644024
     0.21644025
     0.21644026
     0.21644026
     0.21644027
     0.21644028
     0.21644028
     0.21644029
     0.21644030
     0.21644036
     0.21644019
     0.21644002
     0.21643979
     0.21644003
     0.21644000
     0.21643997
     0.21643995
     0.21643993
     0.21643992
     0.21643990
     0.21643989
     0.21643988
     0.21643987
     0.21643986
     0.21643985
     0.21643985
     0.21643984
     0.21643983
     0.21643983
     0.21643983
     0.21643982
     0.21643982
     0.21643982
     0.21643982
     0.21643982
     0.21643983
     0.21643983
     0.21643984
     0.21643984
     0.21643985
     0.21643986
     0.21643987
     0.21643989
     0.21643991
     0.21643994
     0.21643998
     0.21644004
     0.00000000
     0.00000000
     0.00000000
     0.00000000
     0.00000000
     0.00000000
     0.01010101
     0.02020202
     0.03030303
     0.04040404
     0.05050505
     0.06060606
     0.07070707
     0.08080808
     0.09090909
     0.10101010
     0.11111111
     0.12121212
     0.13131313
     0.14141414
     0.15151515
     0.16161616
     0.17171717
     0.18181818
     0.19191919
     0.20202020
     0.21212121
     0.21666023
     0.21666038
     0.21666021
     0.21666023
     0.21666026
     0.21666028
     0.21666031
     0.21666033
     0.21666036
     0.21666039
     0.21666042
     0.21666044
     0.21666047
     0.21666020
     0.21666021
     0.21666021
     0.21666022
     0.21666022
     0.21666023
     0.21666023
     0.21666024
     0.21666024
     0.21666025
     0.21666026
     0.21666026
     0.21666027
     0.21666027
     0.21666028
     0.21666029
     0.21666029
     0.21666030
     0.21666031
     0.21666031
     0.21666032
     0.21666033
     0.21666043
     0.21666022
     0.21666012
     0.21665982
     0.21666006
     0.21666003
     0.21666000
     0.21665998
     0.21665996
     0.21665994
     0.21665993
     0.21665992
     0.21665991
     0.21665989
     0.21665989
     0.21665988
     0.21665987
     0.21665987
     0.21665986
     0.21665986
     0.21665985
     0.21665985
     0.21665985
     0.21665985
     0.21665985
     0.21665985
     0.21665985
     0.21665986
     0.21665986
     0.21665987
     0.21665988
     0.21665989
     0.21665990
     0.21665992
     0.21665994
     0.21665997
     0.21666001
     0.21666007
     0.00000000
     0.00000000
     0.00000000
     0.00000000
     0.00000000
     0.00000000
     0.01010101
     0.02020202
     0.03030303
     0.04040404
     0.05050505
     0.06060606
     0.07070707
     0.08080808
     0.09090909
     0.10101010
     0.11111111
     0.12121212
     0.13131313
     0.14141414
     0.15151515
     0.16161616
     0.17171717
     0.18181818
     0.19191919
     0.20202020
     0.21212121
     0.21688025
     0.21688040
     0.21688023
     0.21688026
     0.21688028
     0.21688031
     0.21688033
     0.21688036
     0.21688039
     0.21688042
     0.21688044
     0.21688047
     0.21688050
     0.21688023
     0.21688023
     0.21688024
     0.21688024
     0.21688025
     0.21688025
     0.21688026
     0.21688027
     0.21688027
     0.21688028
     0.21688028
     0.21688029
     0.21688029
     0.21688030
     0.21688031
     0.21688031
     0.21688032
     0.21688033
     0.21688033
     0.21688034
     0.21688035
     0.21688036
     0.21688036
     0.21688025
     0.21688022
     0.21687986
     0.21688009
     0.21688005
     0.21688003
     0.21688000
     0.21687999
     0.21687997
     0.21687995
     0.21687994
     0.21687993
     0.21687992
     0.21687991
     0.21687990
     0.21687989
     0.21687989
     0.21687988
     0.21687988
     0.21687988
     0.21687987
     0.21687987
     0.21687987
     0.21687987
     0.21687987
     0.21687988
     0.21687988
     0.21687988
     0.21687989
     0.21687990
     0.21687991
     0.21687992
     0.21687994
     0.21687996
     0.21687999
     0.21688004
     0.21688010
     0.00000000
     0.00000000
     0.00000000
     0.00000000
     0.00000000
     0.00000000
     0.01010101
     0.02020202
     0.03030303
     0.04040404
     0.05050505
     0.06060606
     0.07070707
     0.08080808
     0.09090909
     0.10101010
     0.11111111
     0.12121212
     0.13131313
     0.14141414
     0.15151515
     0.16161616
     0.17171717
     0.18181818
     0.19191919
     0.20202020
     0.21212121
     0.21710027
     0.21710042
     0.21710026
     0.21710028
     0.21710031
     0.21710033
     0.21710036
     0.21710038
     0.21710041
     0.21710044
     0.21710047
     0.21710050
     0.21710053
     0.21710025
     0.21710026
     0.21710026
     0.21710027
     0.21710027
     0.21710028
     0.21710028
     0.21710029
     0.21710029
     0.21710030
     0.21710031
     0.21710031
     0.21710032
     0.21710032
     0.21710033
     0.21710034
     0.21710034
     0.21710035
     0.21710036
     0.21710036
     0.21710037
     0.21710038
     0.21710039
     0.21710028
     0.21710032
     0.21709988
     0.21710011
     0.21710008
     0.21710005
     0.21710003
     0.21710001
     0.21709999
     0.21709997
     0.21709996
     0.21709995
     0.21709994
     0.21709993
     0.21709992
     0.21709991
     0.21709991
     0.21709990
     0.21709990
     0.21709990
     0.21709989
     0.21709989
     0.21709989
     0.21709989
     0.21709989
     0.21709990
     0.21709990
     0.21709990
     0.21709991
     0.21709992
     0.21709993
     0.21709994
     0.21709996
     0.21709998
     0.21710001
     0.21710006
     0.21710012
     0.00000000
     0.00000000
     0.00000000
     0.00000000
     0.00000000
     0.00000000
     0.01010101
     0.02020202
     0.03030303
     0.04040404
     0.05050505
     0.06060606
     0.07070707
     0.08080808
     0.09090909
     0.10101010
     0.11111111
     0.12121212
     0.13131313
     0.14141414
     0.15151515
     0.16161616
     0.17171717
     0.18181818
     0.19191919
     0.20202020
     0.21212121
     0.21732029
     0.21732044
     0.21732028
     0.21732030
     0.21732033
     0.21732035
     0.21732038
     0.21732041
     0.21732043
     0.21732046
     0.21732049
     0.21732052
     0.21732055
     0.21732027
     0.21732028
     0.21732028
     0.21732029
     0.21732029
     0.21732030
     0.21732030
     0.21732031
     0.21732031
     0.21732032
     0.21732033
     0.21732033
     0.21732034
     0.21732034
     0.21732035
     0.21732036
     0.21732036
     0.21732037
     0.21732038
     0.21732039
     0.21732039
     0.21732040
     0.21732041
     0.21732030
     0.21732041
     0.21731991
     0.21732013
     0.21732009
     0.21732007
     0.21732004
     0.21732002
     0.21732001
     0.21731999
     0.21731998
     0.21731997
     0.21731996
     0.21731995
     0.21731994
     0.21731993
     0.21731993
     0.21731992
     0.21731992
     0.21731991
     0.21731991
     0.21731991
     0.21731991
     0.21731991
     0.21731991
     0.21731991
     0.21731992
     0.21731992
     0.21731993
     0.21731994
     0.21731995
     0.21731996
     0.21731998
     0.21732000
     0.21732003
     0.21732007
     0.21732014
     0.00000000
     0.00000000
     0.00000000
     0.00000000
     0.00000000
     0.00000000
     0.01010101
     0.02020202
     0.03030303
     0.04040404
     0.05050505
     0.06060606
     0.07070707
     0.08080808
     0.09090909
     0.10101010
     0.11111111
     0.12121212
     0.13131313
     0.14141414
     0.15151515
     0.16161616
     0.17171717
     0.18181818
     0.19191919
     0.20202020
     0.21212121
     0.21754030
     0.21754046
     0.21754029
     0.21754032
     0.21754034
     0.21754037
     0.21754040
     0.21754042
     0.21754045
     0.21754048
     0.21754051
     0.21754054
     0.21754057
     0.21754029
     0.21754029
     0.21754030
     0.21754030
     0.21754031
     0.21754032
     0.21754032
     0.21754033
     0.21754033
     0.21754034
     0.21754034
     0.21754035
     0.21754036
     0.21754036
     0.21754037
     0.21754038
     0.21754038
     0.21754039
     0.21754040
     0.21754040
     0.21754041
     0.21754042
     0.21754043
     0.21754032
     0.21754051
     0.21753993
     0.21754014
     0.21754011
     0.21754008
     0.21754006
     0.21754004
     0.21754002
     0.21754001
     0.21753999
     0.21753998
     0.21753997
     0.21753996
     0.21753995
     0.21753995
     0.21753994
     0.21753993
     0.21753993
     0.21753993
     0.21753992
     0.21753992
     0.21753992
     0.21753992
     0.21753992
     0.21753993
     0.21753993
     0.21753994
     0.21753994
     0.21753995
     0.21753996
     0.21753998
     0.21753999
     0.21754002
     0.21754005
     0.21754009
     0.21754015
     0.00000000
     0.00000000
     0.00000000
     0.00000000
     0.00000000
     0.00000000
     0.01010101
     0.02020202
     0.03030303
     0.04040404
     0.05050505
     0.06060606
     0.07070707
     0.08080808
     0.09090909
     0.10101010
     0.11111111
     0.12121212
     0.13131313
     0.14141414
     0.15151515
     0.16161616
     0.17171717
     0.18181818
     0.19191919
     0.20202020
     0.21212121
     0.21776031
     0.21776047
     0.21776031
     0.21776033
     0.21776036
     0.21776038
     0.21776041
     0.21776044
     0.21776046
     0.21776049
     0.21776052
     0.21776055
     0.21776058
     0.21776030
     0.21776031
     0.21776031
     0.21776032
     0.21776032
     0.21776033
     0.21776034
     0.21776034
     0.21776035
     0.21776035
     0.21776036
     0.21776036
     0.21776037
     0.21776038
     0.21776038
     0.21776039
     0.21776040
     0.21776040
     0.21776041
     0.21776042
     0.21776043
     0.21776043
     0.21776044
     0.21776034
     0.21776030
     0.21775995
     0.21776016
     0.21776012
     0.21776010
     0.21776007
     0.21776005
     0.21776003
     0.21776002
     0.21776000
     0.21775999
     0.21775998
     0.21775997
     0.21775996
     0.21775996
     0.21775995
     0.21775995
     0.21775994
     0.21775994
     0.21775994
     0.21775993
     0.21775993
     0.21775993
     0.21775993
     0.21775994
     0.21775994
     0.21775995
     0.21775995
     0.21775996
     0.21775997
     0.21775999
     0.21776000
     0.21776003
     0.21776006
     0.21776010
     0.21776016
     0.00000000
     0.00000000
     0.00000000
     0.00000000
     0.00000000
     0.00000000
     0.01010101
     0.02020202
     0.03030303
     0.04040404
     0.05050505
     0.06060606
     0.07070707
     0.08080808
     0.09090909
     0.10101010
     0.11111111
     0.12121212
     0.13131313
     0.14141414
     0.15151515
     0.16161616
     0.17171717
     0.18181818
     0.19191919
     0.20202020
     0.21212121
     0.21798032
     0.21798048
     0.21798032
     0.21798034
     0.21798037
     0.21798039
     0.21798042
     0.21798045
     0.21798048
     0.21798051
     0.21798053
     0.21798056
     0.21798059
     0.21798031
     0.21798032
     0.21798032
     0.21798033
     0.21798034
     0.21798034
     0.21798035
     0.21798035
     0.21798036
     0.21798036
     0.21798037
     0.21798038
     0.21798038
     0.21798039
     0.21798040
     0.21798040
     0.21798041
     0.21798042
     0.21798042
     0.21798043
     0.21798044
     0.21798045
     0.21798045
     0.21798035
     0.21798033
     0.21797997
     0.21798017
     0.21798013
     0.21798011
     0.21798008
     0.21798006
     0.21798004
     0.21798003
     0.21798001
     0.21798000
     0.21797999
     0.21797998
     0.21797997
     0.21797996
     0.21797996
     0.21797995
     0.21797995
     0.21797995
     0.21797994
     0.21797994
     0.21797994
     0.21797994
     0.21797994
     0.21797994
     0.21797995
     0.21797995
     0.21797996
     0.21797997
     0.21797998
     0.21797999
     0.21798001
     0.21798004
     0.21798007
     0.21798011
     0.21798017
     0.00000000
     0.00000000
     0.00000000
     0.00000000
     0.00000000
     0.00000000
     0.01010101
     0.02020202
     0.03030303
     0.04040404
     0.05050505
     0.06060606
     0.07070707
     0.08080808
     0.09090909
     0.10101010
     0.11111111
     0.12121212
     0.13131313
     0.14141414
     0.15151515
     0.16161616
     0.17171717
     0.18181818
     0.19191919
     0.20202020
     0.21212121
     0.21820033
     0.21820048
     0.21820032
     0.21820035
     0.21820038
     0.21820040
     0.21820043
     0.21820046
     0.21820049
     0.21820051
     0.21820054
     0.21820057
     0.21820060
     0.21820032
     0.21820033
     0.21820033
     0.21820034
     0.21820034
     0.21820035
     0.21820035
     0.21820036
     0.21820037
     0.21820037
     0.21820038
     0.21820038
     0.21820039
     0.21820040
     0.21820040
     0.21820041
     0.21820042
     0.21820043
     0.21820043
     0.21820044
     0.21820045
     0.21820046
     0.21820046
     0.21820037
     0.21820035
     0.21819998
     0.21820018
     0.21820014
     0.21820011
     0.21820009
     0.21820007
     0.21820005
     0.21820003
     0.21820002
     0.21820001
     0.21820000
     0.21819999
     0.21819998
     0.21819997
     0.21819996
     0.21819996
     0.21819995
     0.21819995
     0.21819995
     0.21819995
     0.21819995
     0.21819995
     0.21819995
     0.21819995
     0.21819995
     0.21819996
     0.21819997
     0.21819997
     0.21819999
     0.21820000
     0.21820002
     0.21820004
     0.21820007
     0.21820012
     0.21820018
     0.00000000
     0.00000000
     0.00000000
     0.00000000
     0.00000000
     0.00000000
     0.01010101
     0.02020202
     0.03030303
     0.04040404
     0.05050505
     0.06060606
     0.07070707
     0.08080808
     0.09090909
     0.10101010
     0.11111111
     0.12121212
     0.13131313
     0.14141414
     0.15151515
     0.16161616
     0.17171717
     0.18181818
     0.19191919
     0.20202020
     0.21212121
     0.21842033
     0.21842049
     0.21842033
     0.21842035
     0.21842038
     0.21842041
     0.21842043
     0.21842046
     0.21842049
     0.21842052
     0.21842055
     0.21842058
     0.21842061
     0.21842033
     0.21842033
     0.21842034
     0.21842034
     0.21842035
     0.21842035
     0.21842036
     0.21842037
     0.21842037
     0.21842038
     0.21842038
     0.21842039
     0.21842040
     0.21842040
     0.21842041
     0.21842042
     0.21842042
     0.21842043
     0.21842044
     0.21842045
     0.21842045
     0.21842046
     0.21842047
     0.21842038
     0.21842037
     0.21841999
     0.21842018
     0.21842015
     0.21842012
     0.21842009
     0.21842007
     0.21842005
     0.21842004
     0.21842002
     0.21842001
     0.21842000
     0.21841999
     0.21841998
     0.21841997
     0.21841997
     0.21841996
     0.21841996
     0.21841995
     0.21841995
     0.21841995
     0.21841995
     0.21841995
     0.21841995
     0.21841995
     0.21841995
     0.21841996
     0.21841997
     0.21841998
     0.21841999
     0.21842000
     0.21842002
     0.21842004
     0.21842008
     0.21842012
     0.21842018
     0.00000000
     0.00000000
     0.00000000
     0.00000000
     0.00000000
     0.00000000
     0.01010101
     0.02020202
     0.03030303
     0.04040404
     0.05050505
     0.06060606
     0.07070707
     0.08080808
     0.09090909
     0.10101010
     0.11111111
     0.12121212
     0.13131313
     0.14141414
     0.15151515
     0.16161616
     0.17171717
     0.18181818
     0.19191919
     0.20202020
     0.21212121
     0.21864062
     0.21864048
     0.21864033
     0.21864036
     0.21864038
     0.21864041
     0.21864044
     0.21864047
     0.21864049
     0.21864052
     0.21864055
     0.21864058
     0.21864061
     0.21864033
     0.21864033
     0.21864034
     0.21864035
     0.21864035
     0.21864036
     0.21864036
     0.21864037
     0.21864037
     0.21864038
     0.21864039
     0.21864039
     0.21864040
     0.21864041
     0.21864041
     0.21864042
     0.21864043
     0.21864043
     0.21864044
     0.21864045
     0.21864046
     0.21864047
     0.21864047
     0.21864038
     0.21864038
     0.21864000
     0.21864018
     0.21864015
     0.21864012
     0.21864009
     0.21864007
     0.21864005
     0.21864004
     0.21864002
     0.21864001
     0.21864000
     0.21863999
     0.21863998
     0.21863997
     0.21863996
     0.21863996
     0.21863995
     0.21863995
     0.21863995
     0.21863995
     0.21863995
     0.21863995
     0.21863995
     0.21863995
     0.21863995
     0.21863996
     0.21863997
     0.21863997
     0.21863999
     0.21864000
     0.21864002
     0.21864004
     0.21864008
     0.21864012
     0.21864018
     0.00000000
     0.00000000
     0.00000000
     0.00000000
     0.00000000
     0.00000000
     0.01010101
     0.02020202
     0.03030303
     0.04040404
     0.05050505
     0.06060606
     0.07070707
     0.08080808
     0.09090909
     0.10101010
     0.11111111
     0.12121212
     0.13131313
     0.14141414
     0.15151515
     0.16161616
     0.17171717
     0.18181818
     0.19191919
     0.20202020
     0.21212121
     0.21886060
     0.21886048
     0.21886033
     0.21886035
     0.21886038
     0.21886041
     0.21886044
     0.21886046
     0.21886049
     0.21886052
     0.21886055
     0.21886058
     0.21886062
     0.21886033
     0.21886033
     0.21886034
     0.21886034
     0.21886035
     0.21886036
     0.21886036
     0.21886037
     0.21886037
     0.21886038
     0.21886039
     0.21886039
     0.21886040
     0.21886041
     0.21886041
     0.21886042
     0.21886043
     0.21886043
     0.21886044
     0.21886045
     0.21886046
     0.21886047
     0.21886047
     0.21886039
     0.21886039
     0.21886000
     0.21886018
     0.21886014
     0.21886011
     0.21886009
     0.21886007
     0.21886005
     0.21886003
     0.21886002
     0.21886000
     0.21885999
     0.21885998
     0.21885997
     0.21885997
     0.21885996
     0.21885995
     0.21885995
     0.21885995
     0.21885994
     0.21885994
     0.21885994
     0.21885994
     0.21885994
     0.21885995
     0.21885995
     0.21885995
     0.21885996
     0.21885997
     0.21885998
     0.21886000
     0.21886002
     0.21886004
     0.21886007
     0.21886012
     0.21886018
     0.00000000
     0.00000000
     0.00000000
     0.00000000
     0.00000000
     0.00000000
     0.01010101
     0.02020202
     0.03030303
     0.04040404
     0.05050505
     0.06060606
     0.07070707
     0.08080808
     0.09090909
     0.10101010
     0.11111111
     0.12121212
     0.13131313
     0.14141414
     0.15151515
     0.16161616
     0.17171717
     0.18181818
     0.19191919
     0.20202020
     0.21212121
     0.21908058
     0.21908048
     0.21908032
     0.21908035
     0.21908038
     0.21908040
     0.21908043
     0.21908046
     0.21908049
     0.21908052
     0.21908055
     0.21908058
     0.21908061
     0.21908032
     0.21908033
     0.21908034
     0.21908034
     0.21908035
     0.21908035
     0.21908036
     0.21908036
     0.21908037
     0.21908038
     0.21908038
     0.21908039
     0.21908040
     0.21908040
     0.21908041
     0.21908042
     0.21908042
     0.21908043
     0.21908044
     0.21908045
     0.21908045
     0.21908046
     0.21908047
     0.21908039
     0.21908041
     0.21908001
     0.21908018
     0.21908014
     0.21908011
     0.21908008
     0.21908006
     0.21908004
     0.21908003
     0.21908001
     0.21908000
     0.21907999
     0.21907998
     0.21907997
     0.21907996
     0.21907995
     0.21907995
     0.21907994
     0.21907994
     0.21907994
     0.21907993
     0.21907993
     0.21907993
     0.21907994
     0.21907994
     0.21907994
     0.21907995
     0.21907995
     0.21907996
     0.21907997
     0.21907999
     0.21908001
     0.21908003
     0.21908007
     0.21908011
     0.21908018
     0.00000000
     0.00000000
     0.00000000
     0.00000000
     0.00000000
     0.00000000
     0.01010101
     0.02020202
     0.03030303
     0.04040404
     0.05050505
     0.06060606
     0.07070707
     0.08080808
     0.09090909
     0.10101010
     0.11111111
     0.12121212
     0.13131313
     0.14141414
     0.15151515
     0.16161616
     0.17171717
     0.18181818
     0.19191919
     0.20202020
     0.21212121
     0.21930055
     0.21930047
     0.21930032
     0.21930034
     0.21930037
     0.21930040
     0.21930043
     0.21930046
     0.21930048
     0.21930051
     0.21930054
     0.21930058
     0.21930061
     0.21930032
     0.21930032
     0.21930033
     0.21930033
     0.21930034
     0.21930035
     0.21930035
     0.21930036
     0.21930036
     0.21930037
     0.21930038
     0.21930038
     0.21930039
     0.21930040
     0.21930040
     0.21930041
     0.21930042
     0.21930043
     0.21930043
     0.21930044
     0.21930045
     0.21930046
     0.21930047
     0.21930039
     0.21930042
     0.21930001
     0.21930017
     0.21930013
     0.21930010
     0.21930008
     0.21930005
     0.21930003
     0.21930002
     0.21930000
     0.21929999
     0.21929998
     0.21929997
     0.21929996
     0.21929995
     0.21929994
     0.21929994
     0.21929993
     0.21929993
     0.21929993
     0.21929992
     0.21929992
     0.21929992
     0.21929993
     0.21929993
     0.21929993
     0.21929994
     0.21929994
     0.21929995
     0.21929996
     0.21929998
     0.21930000
     0.21930002
     0.21930006
     0.21930010
     0.21930017
     0.00000000
     0.00000000
     0.00000000
     0.00000000
     0.00000000
     0.00000000
     0.01010101
     0.02020202
     0.03030303
     0.04040404
     0.05050505
     0.06060606
     0.07070707
     0.08080808
     0.09090909
     0.10101010
     0.11111111
     0.12121212
     0.13131313
     0.14141414
     0.15151515
     0.16161616
     0.17171717
     0.18181818
     0.19191919
     0.20202020
     0.21212121
     0.21952052
     0.21952045
     0.21952031
     0.21952033
     0.21952036
     0.21952039
     0.21952042
     0.21952045
     0.21952048
     0.21952051
     0.21952054
     0.21952057
     0.21952060
     0.21952031
     0.21952031
     0.21952032
     0.21952032
     0.21952033
     0.21952034
     0.21952034
     0.21952035
     0.21952035
     0.21952036
     0.21952037
     0.21952037
     0.21952038
     0.21952039
     0.21952039
     0.21952040
     0.21952041
     0.21952042
     0.21952042
     0.21952043
     0.21952044
     0.21952045
     0.21952046
     0.21952039
     0.21952042
     0.21952000
     0.21952016
     0.21952012
     0.21952009
     0.21952006
     0.21952004
     0.21952002
     0.21952000
     0.21951999
     0.21951998
     0.21951996
     0.21951995
     0.21951994
     0.21951994
     0.21951993
     0.21951992
     0.21951992
     0.21951992
     0.21951991
     0.21951991
     0.21951991
     0.21951991
     0.21951991
     0.21951991
     0.21951992
     0.21951992
     0.21951993
     0.21951994
     0.21951995
     0.21951997
     0.21951999
     0.21952001
     0.21952004
     0.21952009
     0.21952016
     0.00000000
     0.00000000
     0.00000000
     0.00000000
     0.00000000
     0.00000000
     0.01010101
     0.02020202
     0.03030303
     0.04040404
     0.05050505
     0.06060606
     0.07070707
     0.08080808
     0.09090909
     0.10101010
     0.11111111
     0.12121212
     0.13131313
     0.14141414
     0.15151515
     0.16161616
     0.17171717
     0.18181818
     0.19191919
     0.20202020
     0.21212121
     0.21974049
     0.21974044
     0.21974029
     0.21974032
     0.21974035
     0.21974038
     0.21974040
     0.21974043
     0.21974046
     0.21974049
     0.21974052
     0.21974056
     0.21974059
     0.21974030
     0.21974030
     0.21974031
     0.21974031
     0.21974032
     0.21974032
     0.21974033
     0.21974034
     0.21974034
     0.21974035
     0.21974035
     0.21974036
     0.21974037
     0.21974037
     0.21974038
     0.21974039
     0.21974040
     0.21974040
     0.21974041
     0.21974042
     0.21974043
     0.21974044
     0.21974045
     0.21974038
     0.21974043
     0.21974000
     0.21974015
     0.21974011
     0.21974008
     0.21974005
     0.21974003
     0.21974001
     0.21973999
     0.21973997
     0.21973996
     0.21973995
     0.21973994
     0.21973993
     0.21973992
     0.21973991
     0.21973991
     0.21973990
     0.21973990
     0.21973990
     0.21973990
     0.21973989
     0.21973989
     0.21973990
     0.21973990
     0.21973990
     0.21973991
     0.21973992
     0.21973992
     0.21973994
     0.21973995
     0.21973997
     0.21974000
     0.21974003
     0.21974008
     0.21974014
     0.00000000
     0.00000000
     0.00000000
     0.00000000
     0.00000000
     0.00000000
     0.01010101
     0.02020202
     0.03030303
     0.04040404
     0.05050505
     0.06060606
     0.07070707
     0.08080808
     0.09090909
     0.10101010
     0.11111111
     0.12121212
     0.13131313
     0.14141414
     0.15151515
     0.16161616
     0.17171717
     0.18181818
     0.19191919
     0.20202020
     0.21212121
     0.21996045
     0.21996042
     0.21996028
     0.21996030
     0.21996033
     0.21996036
     0.21996039
     0.21996042
     0.21996045
     0.21996048
     0.21996051
     0.21996054
     0.21996027
     0.21996028
     0.21996029
     0.21996029
     0.21996030
     0.21996030
     0.21996031
     0.21996031
     0.21996032
     0.21996033
     0.21996033
     0.21996034
     0.21996035
     0.21996035
     0.21996036
     0.21996037
     0.21996037
     0.21996038
     0.21996039
     0.21996040
     0.21996041
     0.21996041
     0.21996042
     0.21996043
     0.21996037
     0.21996043
     0.21995999
     0.21996013
     0.21996009
     0.21996006
     0.21996003
     0.21996001
     0.21995999
     0.21995997
     0.21995996
     0.21995994
     0.21995993
     0.21995992
     0.21995991
     0.21995990
     0.21995990
     0.21995989
     0.21995988
     0.21995988
     0.21995988
     0.21995988
     0.21995988
     0.21995988
     0.21995988
     0.21995988
     0.21995988
     0.21995989
     0.21995990
     0.21995991
     0.21995992
     0.21995993
     0.21995995
     0.21995998
     0.21996001
     0.21996006
     0.21996013
     0.00000000
     0.00000000
     0.00000000
     0.00000000
     0.00000000
     0.00000000
     0.01010101
     0.02020202
     0.03030303
     0.04040404
     0.05050505
     0.06060606
     0.07070707
     0.08080808
     0.09090909
     0.10101010
     0.11111111
     0.12121212
     0.13131313
     0.14141414
     0.15151515
     0.16161616
     0.17171717
     0.18181818
     0.19191919
     0.20202020
     0.21212121
     0.22018041
     0.22018040
     0.22018026
     0.22018029
     0.22018031
     0.22018034
     0.22018037
     0.22018040
     0.22018043
     0.22018046
     0.22018049
     0.22018053
     0.22018026
     0.22018026
     0.22018027
     0.22018027
     0.22018028
     0.22018028
     0.22018029
     0.22018030
     0.22018030
     0.22018031
     0.22018031
     0.22018032
     0.22018033
     0.22018034
     0.22018034
     0.22018035
     0.22018036
     0.22018036
     0.22018037
     0.22018038
     0.22018039
     0.22018040
     0.22018041
     0.22018041
     0.22018036
     0.22018043
     0.22017998
     0.22018011
     0.22018007
     0.22018004
     0.22018001
     0.22017999
     0.22017997
     0.22017995
     0.22017993
     0.22017992
     0.22017991
     0.22017990
     0.22017989
     0.22017988
     0.22017987
     0.22017987
     0.22017986
     0.22017986
     0.22017986
     0.22017985
     0.22017985
     0.22017985
     0.22017985
     0.22017986
     0.22017986
     0.22017987
     0.22017987
     0.22017988
     0.22017990
     0.22017991
     0.22017993
     0.22017996
     0.22017999
     0.22018004
     0.22018011
     0.00000000
     0.00000000
     0.00000000
     0.00000000
     0.00000000
     0.00000000
     0.01010101
     0.02020202
     0.03030303
     0.04040404
     0.05050505
     0.06060606
     0.07070707
     0.08080808
     0.09090909
     0.10101010
     0.11111111
     0.12121212
     0.13131313
     0.14141414
     0.15151515
     0.16161616
     0.17171717
     0.18181818
     0.19191919
     0.20202020
     0.21212121
     0.22040036
     0.22040037
     0.22040024
     0.22040026
     0.22040029
     0.22040032
     0.22040035
     0.22040038
     0.22040041
     0.22040044
     0.22040047
     0.22040051
     0.22040023
     0.22040024
     0.22040025
     0.22040025
     0.22040026
     0.22040026
     0.22040027
     0.22040027
     0.22040028
     0.22040029
     0.22040029
     0.22040030
     0.22040031
     0.22040031
     0.22040032
     0.22040033
     0.22040034
     0.22040034
     0.22040035
     0.22040036
     0.22040037
     0.22040038
     0.22040039
     0.22040039
     0.22040035
     0.22040042
     0.22039997
     0.22040009
     0.22040005
     0.22040002
     0.22039999
     0.22039997
     0.22039994
     0.22039993
     0.22039991
     0.22039990
     0.22039988
     0.22039987
     0.22039986
     0.22039986
     0.22039985
     0.22039984
     0.22039984
     0.22039983
     0.22039983
     0.22039983
     0.22039983
     0.22039983
     0.22039983
     0.22039983
     0.22039984
     0.22039984
     0.22039985
     0.22039986
     0.22039987
     0.22039989
     0.22039991
     0.22039993
     0.22039997
     0.22040001
     0.22040008
     0.00000000
     0.00000000
     0.00000000
     0.00000000
     0.00000000
     0.00000000
     0.01010101
     0.02020202
     0.03030303
     0.04040404
     0.05050505
     0.06060606
     0.07070707
     0.08080808
     0.09090909
     0.10101010
     0.11111111
     0.12121212
     0.13131313
     0.14141414
     0.15151515
     0.16161616
     0.17171717
     0.18181818
     0.19191919
     0.20202020
     0.21212121
     0.22062032
     0.22062035
     0.22062021
     0.22062024
     0.22062027
     0.22062030
     0.22062033
     0.22062036
     0.22062039
     0.22062042
     0.22062045
     0.22062048
     0.22062021
     0.22062022
     0.22062022
     0.22062023
     0.22062023
     0.22062024
     0.22062024
     0.22062025
     0.22062026
     0.22062026
     0.22062027
     0.22062028
     0.22062028
     0.22062029
     0.22062030
     0.22062031
     0.22062031
     0.22062032
     0.22062033
     0.22062034
     0.22062035
     0.22062035
     0.22062036
     0.22062037
     0.22062034
     0.22062042
     0.22061995
     0.22062007
     0.22062003
     0.22061999
     0.22061996
     0.22061994
     0.22061992
     0.22061990
     0.22061988
     0.22061987
     0.22061986
     0.22061985
     0.22061984
     0.22061983
     0.22061982
     0.22061982
     0.22061981
     0.22061981
     0.22061980
     0.22061980
     0.22061980
     0.22061980
     0.22061980
     0.22061980
     0.22061981
     0.22061981
     0.22061982
     0.22061983
     0.22061984
     0.22061986
     0.22061988
     0.22061990
     0.22061994
     0.22061999
     0.22062006
     0.00000000
     0.00000000
     0.00000000
     0.00000000
     0.00000000
     0.00000000
     0.01010101
     0.02020202
     0.03030303
     0.04040404
     0.05050505
     0.06060606
     0.07070707
     0.08080808
     0.09090909
     0.10101010
     0.11111111
     0.12121212
     0.13131313
     0.14141414
     0.15151515
     0.16161616
     0.17171717
     0.18181818
     0.19191919
     0.20202020
     0.21212121
     0.22084027
     0.22084032
     0.22084018
     0.22084021
     0.22084024
     0.22084027
     0.22084030
     0.22084033
     0.22084036
     0.22084039
     0.22084042
     0.22084046
     0.22084018
     0.22084019
     0.22084019
     0.22084020
     0.22084021
     0.22084021
     0.22084022
     0.22084022
     0.22084023
     0.22084024
     0.22084024
     0.22084025
     0.22084026
     0.22084026
     0.22084027
     0.22084028
     0.22084029
     0.22084029
     0.22084030
     0.22084031
     0.22084032
     0.22084033
     0.22084034
     0.22084035
     0.22084032
     0.22084041
     0.22083993
     0.22084004
     0.22084000
     0.22083996
     0.22083993
     0.22083991
     0.22083989
     0.22083987
     0.22083985
     0.22083984
     0.22083983
     0.22083982
     0.22083981
     0.22083980
     0.22083979
     0.22083978
     0.22083978
     0.22083978
     0.22083977
     0.22083977
     0.22083977
     0.22083977
     0.22083977
     0.22083977
     0.22083978
     0.22083978
     0.22083979
     0.22083980
     0.22083981
     0.22083983
     0.22083985
     0.22083987
     0.22083991
     0.22083996
     0.22084003
     0.00000000
     0.00000000
     0.00000000
     0.00000000
     0.00000000
     0.00000000
     0.01010101
     0.02020202
     0.03030303
     0.04040404
     0.05050505
     0.06060606
     0.07070707
     0.08080808
     0.09090909
     0.10101010
     0.11111111
     0.12121212
     0.13131313
     0.14141414
     0.15151515
     0.16161616
     0.17171717
     0.18181818
     0.19191919
     0.20202020
     0.21212121
     0.22106022
     0.22106028
     0.22106015
     0.22106018
     0.22106021
     0.22106024
     0.22106027
     0.22106030
     0.22106033
     0.22106036
     0.22106040
     0.22106043
     0.22106015
     0.22106016
     0.22106016
     0.22106017
     0.22106018
     0.22106018
     0.22106019
     0.22106019
     0.22106020
     0.22106021
     0.22106021
     0.22106022
     0.22106023
     0.22106024
     0.22106024
     0.22106025
     0.22106026
     0.22106027
     0.22106027
     0.22106028
     0.22106029
     0.22106030
     0.22106031
     0.22106032
     0.22106031
     0.22106040
     0.22105991
     0.22106001
     0.22105997
     0.22105993
     0.22105990
     0.22105988
     0.22105986
     0.22105984
     0.22105982
     0.22105981
     0.22105979
     0.22105978
     0.22105977
     0.22105976
     0.22105976
     0.22105975
     0.22105975
     0.22105974
     0.22105974
     0.22105974
     0.22106004
     0.22106004
     0.22105974
     0.22105974
     0.22105974
     0.22105975
     0.22105976
     0.22105977
     0.22105978
     0.22105980
     0.22105982
     0.22105984
     0.22105988
     0.22105993
     0.22106000
     0.00000000
     0.00000000
     0.00000000
     0.00000000
     0.00000000
     0.00000000
     0.01010101
     0.02020202
     0.03030303
     0.04040404
     0.05050505
     0.06060606
     0.07070707
     0.08080808
     0.09090909
     0.10101010
     0.11111111
     0.12121212
     0.13131313
     0.14141414
     0.15151515
     0.16161616
     0.17171717
     0.18181818
     0.19191919
     0.20202020
     0.21212121
     0.22128016
     0.22128025
     0.22128012
     0.22128015
     0.22128018
     0.22128021
     0.22128024
     0.22128027
     0.22128030
     0.22128033
     0.22128036
     0.22128040
     0.22128012
     0.22128013
     0.22128013
     0.22128014
     0.22128014
     0.22128015
     0.22128016
     0.22128016
     0.22128017
     0.22128018
     0.22128018
     0.22128019
     0.22128020
     0.22128020
     0.22128021
     0.22128022
     0.22128023
     0.22128023
     0.22128024
     0.22128025
     0.22128026
     0.22128027
     0.22128028
     0.22128029
     0.22128029
     0.22128039
     0.22127989
     0.22127998
     0.22127993
     0.22127990
     0.22127987
     0.22127984
     0.22127982
     0.22127980
     0.22127979
     0.22127977
     0.22127976
     0.22127975
     0.22127974
     0.22127973
     0.22127972
     0.22127971
     0.22127971
     0.22127971
     0.22128000
     0.22128000
     0.22128000
     0.22128000
     0.22128000
     0.22127970
     0.22127971
     0.22127971
     0.22127972
     0.22127973
     0.22127974
     0.22127976
     0.22127978
     0.22127981
     0.22127984
     0.22127989
     0.22127996
     0.00000000
     0.00000000
     0.00000000
     0.00000000
     0.00000000
     0.00000000
     0.01010101
     0.02020202
     0.03030303
     0.04040404
     0.05050505
     0.06060606
     0.07070707
     0.08080808
     0.09090909
     0.10101010
     0.11111111
     0.12121212
     0.13131313
     0.14141414
     0.15151515
     0.16161616
     0.17171717
     0.18181818
     0.19191919
     0.20202020
     0.21212121
     0.22150010
     0.22150021
     0.22150008
     0.22150011
     0.22150014
     0.22150017
     0.22150020
     0.22150023
     0.22150026
     0.22150030
     0.22150033
     0.22150036
     0.22150008
     0.22150009
     0.22150010
     0.22150010
     0.22150011
     0.22150011
     0.22150012
     0.22150013
     0.22150013
     0.22150014
     0.22150015
     0.22150015
     0.22150016
     0.22150017
     0.22150018
     0.22150018
     0.22150019
     0.22150020
     0.22150021
     0.22150022
     0.22150022
     0.22150023
     0.22150024
     0.22150025
     0.22150028
     0.22150038
     0.22149986
     0.22149994
     0.22149990
     0.22149986
     0.22149983
     0.22149981
     0.22149978
     0.22149976
     0.22149975
     0.22149973
     0.22149972
     0.22149971
     0.22149970
     0.22149969
     0.22149968
     0.22149968
     0.22149967
     0.22149967
     0.22149997
     0.22149997
     0.22149997
     0.22149997
     0.22149997
     0.22149997
     0.22149967
     0.22149967
     0.22149968
     0.22149969
     0.22149970
     0.22149972
     0.22149974
     0.22149977
     0.22149980
     0.22149985
     0.22149992
     0.00000000
     0.00000000
     0.00000000
     0.00000000
     0.00000000
     0.00000000
     0.01010101
     0.02020202
     0.03030303
     0.04040404
     0.05050505
     0.06060606
     0.07070707
     0.08080808
     0.09090909
     0.10101010
     0.11111111
     0.12121212
     0.13131313
     0.14141414
     0.15151515
     0.16161616
     0.17171717
     0.18181818
     0.19191919
     0.20202020
     0.21212121
     0.22172032
     0.22172017
     0.22172004
     0.22172007
     0.22172010
     0.22172013
     0.22172016
     0.22172019
     0.22172023
     0.22172026
     0.22172029
     0.22172033
     0.22172005
     0.22172005
     0.22172006
     0.22172006
     0.22172007
     0.22172008
     0.22172008
     0.22172009
     0.22172010
     0.22172010
     0.22172011
     0.22172012
     0.22172012
     0.22172013
     0.22172014
     0.22172015
     0.22172015
     0.22172016
     0.22172017
     0.22172018
     0.22172019
     0.22172020
     0.22172021
     0.22172021
     0.22172027
     0.22172005
     0.22171983
     0.22171990
     0.22171986
     0.22171982
     0.22171979
     0.22171977
     0.22171974
     0.22171972
     0.22171971
     0.22171969
     0.22171968
     0.22171967
     0.22171966
     0.22171965
     0.22171964
     0.22171963
     0.22171963
     0.22171993
     0.22171993
     0.22171993
     0.22171993
     0.22171993
     0.22171993
     0.22171993
     0.22171993
     0.22171963
     0.22171964
     0.22171965
     0.22171966
     0.22171968
     0.22171970
     0.22171973
     0.22171976
     0.22171981
     0.22171988
     0.00000000
     0.00000000
     0.00000000
     0.00000000
     0.00000000
     0.00000000
     0.01010101
     0.02020202
     0.03030303
     0.04040404
     0.05050505
     0.06060606
     0.07070707
     0.08080808
     0.09090909
     0.10101010
     0.11111111
     0.12121212
     0.13131313
     0.14141414
     0.15151515
     0.16161616
     0.17171717
     0.18181818
     0.19191919
     0.20202020
     0.21212121
     0.22194013
     0.22194012
     0.22194030
     0.22194003
     0.22194006
     0.22194009
     0.22194012
     0.22194015
     0.22194019
     0.22194022
     0.22194025
     0.22194029
     0.22194000
     0.22194001
     0.22194002
     0.22194002
     0.22194003
     0.22194003
     0.22194004
     0.22194005
     0.22194005
     0.22194006
     0.22194007
     0.22194007
     0.22194008
     0.22194009
     0.22194010
     0.22194011
     0.22194011
     0.22194012
     0.22194013
     0.22194014
     0.22194015
     0.22194016
     0.22194017
     0.22194018
     0.22194019
     0.22194001
     0.22193980
     0.22193986
     0.22193982
     0.22193978
     0.22193975
     0.22193972
     0.22193970
     0.22193968
     0.22193966
     0.22193965
     0.22193963
     0.22193962
     0.22193961
     0.22193960
     0.22193960
     0.22193959
     0.22193989
     0.22193989
     0.22193989
     0.22193988
     0.22193988
     0.22193988
     0.22193988
     0.22193989
     0.22193989
     0.22193959
     0.22193959
     0.22193960
     0.22193962
     0.22193963
     0.22193965
     0.22193968
     0.22193972
     0.22193977
     0.22193984
     0.00000000
     0.00000000
     0.00000000
     0.00000000
     0.00000000
     0.00000000
     0.01010101
     0.02020202
     0.03030303
     0.04040404
     0.05050505
     0.06060606
     0.07070707
     0.08080808
     0.09090909
     0.10101010
     0.11111111
     0.12121212
     0.13131313
     0.14141414
     0.15151515
     0.16161616
     0.17171717
     0.18181818
     0.19191919
     0.20202020
     0.21212121
     0.22216016
     0.22216008
     0.22216026
     0.22215999
     0.22216002
     0.22216005
     0.22216008
     0.22216011
     0.22216014
     0.22216018
     0.22216021
     0.22216024
     0.22215996
     0.22215997
     0.22215997
     0.22215998
     0.22215998
     0.22215999
     0.22216000
     0.22216000
     0.22216001
     0.22216002
     0.22216002
     0.22216003
     0.22216004
     0.22216005
     0.22216005
     0.22216006
     0.22216007
     0.22216008
     0.22216009
     0.22216010
     0.22216010
     0.22216011
     0.22216012
     0.22216013
     0.22216014
     0.22215997
     0.22215977
     0.22215982
     0.22215977
     0.22215973
     0.22215970
     0.22215968
     0.22215965
     0.22215963
     0.22215962
     0.22215960
     0.22215959
     0.22215957
     0.22215956
     0.22215956
     0.22215955
     0.22215954
     0.22215984
     0.22215984
     0.22215984
     0.22215984
     0.22215984
     0.22215984
     0.22215984
     0.22215984
     0.22215984
     0.22215984
     0.22215955
     0.22215956
     0.22215957
     0.22215959
     0.22215961
     0.22215964
     0.22215967
     0.22215972
     0.22215980
     0.00000000
     0.00000000
     0.00000000
     0.00000000
     0.00000000
     0.00000000
     0.01010101
     0.02020202
     0.03030303
     0.04040404
     0.05050505
     0.06060606
     0.07070707
     0.08080808
     0.09090909
     0.10101010
     0.11111111
     0.12121212
     0.13131313
     0.14141414
     0.15151515
     0.16161616
     0.17171717
     0.18181818
     0.19191919
     0.20202020
     0.21212121
     0.22222222
     0.22238003
     0.22238021
     0.22237994
     0.22237997
     0.22238000
     0.22238003
     0.22238006
     0.22238010
     0.22238013
     0.22238016
     0.22238020
     0.22237991
     0.22237992
     0.22237993
     0.22237993
     0.22237994
     0.22237994
     0.22237995
     0.22237996
     0.22237996
     0.22237997
     0.22237998
     0.22237999
     0.22237999
     0.22238000
     0.22238001
     0.22238002
     0.22238002
     0.22238003
     0.22238004
     0.22238005
     0.22238006
     0.22238007
     0.22238008
     0.22238009
     0.22238010
     0.22237993
     0.22237973
     0.22237977
     0.22237972
     0.22237969
     0.22237965
     0.22237963
     0.22237960
     0.22237958
     0.22237957
     0.22237955
     0.22237954
     0.22237952
     0.22237951
     0.22237951
     0.22237950
     0.22237979
     0.22237979
     0.22237979
     0.22237979
     0.22237979
     0.22237979
     0.22237979
     0.22237979
     0.22237979
     0.22237979
     0.22237979
     0.22237950
     0.22237951
     0.22237952
     0.22237954
     0.22237956
     0.22237959
     0.22237962
     0.22237967
     0.22237975
     0.00000000
     0.00000000
     0.00000000
     0.00000000
     0.00000000
     0.00000000
     0.01010101
     0.02020202
     0.03030303
     0.04040404
     0.05050505
     0.06060606
     0.07070707
     0.08080808
     0.09090909
     0.10101010
     0.11111111
     0.12121212
     0.13131313
     0.14141414
     0.15151515
     0.16161616
     0.17171717
     0.18181818
     0.19191919
     0.20202020
     0.21212121
     0.22222222
     0.22259997
     0.22260016
     0.22259989
     0.22259992
     0.22259995
     0.22259998
     0.22260001
     0.22260005
     0.22260008
     0.22260012
     0.22260015
     0.22259986
     0.22259987
     0.22259988
     0.22259988
     0.22259989
     0.22259989
     0.22259990
     0.22259991
     0.22259991
     0.22259992
     0.22259993
     0.22259994
     0.22259994
     0.22259995
     0.22259996
     0.22259997
     0.22259998
     0.22259998
     0.22259999
     0.22260000
     0.22260001
     0.22260002
     0.22260003
     0.22260004
     0.22260005
     0.22259988
     0.22259970
     0.22259972
     0.22259967
     0.22259963
     0.22259960
     0.22259958
     0.22259955
     0.22259953
     0.22259951
     0.22259950
     0.22259948
     0.22259947
     0.22259946
     0.22259945
     0.22259944
     0.22259974
     0.22259974
     0.22259974
     0.22259974
     0.22259974
     0.22259974
     0.22259974
     0.22259974
     0.22259974
     0.22259974
     0.22259974
     0.22259944
     0.22259945
     0.22259947
     0.22259948
     0.22259950
     0.22259953
     0.22259957
     0.22259962
     0.22259970
     0.00000000
     0.00000000
     0.00000000
     0.00000000
     0.00000000
     0.00000000
     0.01010101
     0.02020202
     0.03030303
     0.04040404
     0.05050505
     0.06060606
     0.07070707
     0.08080808
     0.09090909
     0.10101010
     0.11111111
     0.12121212
     0.13131313
     0.14141414
     0.15151515
     0.16161616
     0.17171717
     0.18181818
     0.19191919
     0.20202020
     0.21212121
     0.22222222
     0.22281992
     0.22282010
     0.22281984
     0.22281987
     0.22281990
     0.22281993
     0.22281996
     0.22282000
     0.22282003
     0.22282006
     0.22282010
     0.22281981
     0.22281982
     0.22281982
     0.22281983
     0.22281984
     0.22281984
     0.22281985
     0.22281986
     0.22281986
     0.22281987
     0.22281988
     0.22281988
     0.22281989
     0.22281990
     0.22281991
     0.22281992
     0.22281992
     0.22281993
     0.22281994
     0.22281995
     0.22281996
     0.22281997
     0.22281998
     0.22281999
     0.22282000
     0.22281983
     0.22281966
     0.22281967
     0.22281962
     0.22281958
     0.22281955
     0.22281952
     0.22281950
     0.22281948
     0.22281946
     0.22281944
     0.22281943
     0.22281942
     0.22281941
     0.22281940
     0.22281969
     0.22281969
     0.22281969
     0.22281969
     0.22281969
     0.22281969
     0.22281969
     0.22281969
     0.22281969
     0.22281969
     0.22281969
     0.22281969
     0.22281969
     0.22281940
     0.22281941
     0.22281943
     0.22281945
     0.22281948
     0.22281951
     0.22281957
     0.22281964
     0.00000000
     0.00000000
     0.00000000
     0.00000000
     0.00000000
     0.00000000
     0.01010101
     0.02020202
     0.03030303
     0.04040404
     0.05050505
     0.06060606
     0.07070707
     0.08080808
     0.09090909
     0.10101010
     0.11111111
     0.12121212
     0.13131313
     0.14141414
     0.15151515
     0.16161616
     0.17171717
     0.18181818
     0.19191919
     0.20202020
     0.21212121
     0.22222222
     0.22303986
     0.22304004
     0.22303978
     0.22303981
     0.22303984
     0.22303988
     0.22303991
     0.22303994
     0.22303998
     0.22304001
     0.22304005
     0.22303976
     0.22303976
     0.22303977
     0.22303977
     0.22303978
     0.22303979
     0.22303979
     0.22303980
     0.22303981
     0.22303982
     0.22303982
     0.22303983
     0.22303984
     0.22303985
     0.22303985
     0.22303986
     0.22303987
     0.22303988
     0.22303989
     0.22303990
     0.22303991
     0.22303991
     0.22303992
     0.22303993
     0.22303994
     0.22303978
     0.22303961
     0.22303961
     0.22303956
     0.22303952
     0.22303949
     0.22303946
     0.22303944
     0.22303942
     0.22303940
     0.22303938
     0.22303937
     0.22303936
     0.22303935
     0.22303934
     0.22303963
     0.22303963
     0.22303963
     0.22303963
     0.22303963
     0.22303963
     0.22303963
     0.22303963
     0.22303963
     0.22303963
     0.22303963
     0.22303963
     0.22303963
     0.22303934
     0.22303935
     0.22303937
     0.22303939
     0.22303942
     0.22303946
     0.22303951
     0.22303958
     0.00000000
     0.00000000
     0.00000000
     0.00000000
     0.00000000
     0.00000000
     0.01010101
     0.02020202
     0.03030303
     0.04040404
     0.05050505
     0.06060606
     0.07070707
     0.08080808
     0.09090909
     0.10101010
     0.11111111
     0.12121212
     0.13131313
     0.14141414
     0.15151515
     0.16161616
     0.17171717
     0.18181818
     0.19191919
     0.20202020
     0.21212121
     0.22222222
     0.22325980
     0.22325998
     0.22325972
     0.22325975
     0.22325979
     0.22325982
     0.22325985
     0.22325988
     0.22325992
     0.22325995
     0.22325999
     0.22325970
     0.22325970
     0.22325971
     0.22325972
     0.22325972
     0.22325973
     0.22325974
     0.22325974
     0.22325975
     0.22325976
     0.22325977
     0.22325977
     0.22325978
     0.22325979
     0.22325980
     0.22325980
     0.22325981
     0.22325982
     0.22325983
     0.22325984
     0.22325985
     0.22325986
     0.22325987
     0.22325988
     0.22325989
     0.22325973
     0.22325957
     0.22325956
     0.22325951
     0.22325947
     0.22325943
     0.22325940
     0.22325938
     0.22325936
     0.22325934
     0.22325932
     0.22325931
     0.22325930
     0.22325929
     0.22325928
     0.22325958
     0.22325957
     0.22325957
     0.22325957
     0.22325957
     0.22325957
     0.22325957
     0.22325957
     0.22325957
     0.22325957
     0.22325957
     0.22325957
     0.22325958
     0.22325928
     0.22325929
     0.22325931
     0.22325933
     0.22325936
     0.22325940
     0.22325945
     0.22325952
     0.00000000
     0.00000000
     0.00000000
     0.00000000
     0.00000000
     0.00000000
     0.01010101
     0.02020202
     0.03030303
     0.04040404
     0.05050505
     0.06060606
     0.07070707
     0.08080808
     0.09090909
     0.10101010
     0.11111111
     0.12121212
     0.13131313
     0.14141414
     0.15151515
     0.16161616
     0.17171717
     0.18181818
     0.19191919
     0.20202020
     0.21212121
     0.22222222
     0.22347973
     0.22347992
     0.22347966
     0.22347969
     0.22347972
     0.22347976
     0.22347979
     0.22347982
     0.22347986
     0.22347989
     0.22347993
     0.22347964
     0.22347964
     0.22347965
     0.22347966
     0.22347966
     0.22347967
     0.22347968
     0.22347968
     0.22347969
     0.22347970
     0.22347970
     0.22347971
     0.22347972
     0.22347973
     0.22347974
     0.22347974
     0.22347975
     0.22347976
     0.22347977
     0.22347978
     0.22347979
     0.22347980
     0.22347981
     0.22347982
     0.22347983
     0.22347967
     0.22347925
     0.22347950
     0.22347945
     0.22347940
     0.22347937
     0.22347934
     0.22347932
     0.22347929
     0.22347928
     0.22347926
     0.22347925
     0.22347923
     0.22347922
     0.22347952
     0.22347951
     0.22347951
     0.22347951
     0.22347951
     0.22347951
     0.22347951
     0.22347951
     0.22347951
     0.22347951
     0.22347951
     0.22347951
     0.22347951
     0.22347951
     0.22347921
     0.22347923
     0.22347924
     0.22347927
     0.22347929
     0.22347933
     0.22347939
     0.22347946
     0.00000000
     0.00000000
     0.00000000
     0.00000000
     0.00000000
     0.00000000
     0.01010101
     0.02020202
     0.03030303
     0.04040404
     0.05050505
     0.06060606
     0.07070707
     0.08080808
     0.09090909
     0.10101010
     0.11111111
     0.12121212
     0.13131313
     0.14141414
     0.15151515
     0.16161616
     0.17171717
     0.18181818
     0.19191919
     0.20202020
     0.21212121
     0.22222222
     0.22369967
     0.22369986
     0.22369960
     0.22369963
     0.22369966
     0.22369969
     0.22369973
     0.22369976
     0.22369980
     0.22369983
     0.22369987
     0.22369957
     0.22369958
     0.22369959
     0.22369959
     0.22369960
     0.22369961
     0.22369961
     0.22369962
     0.22369963
     0.22369963
     0.22369964
     0.22369965
     0.22369966
     0.22369967
     0.22369967
     0.22369968
     0.22369969
     0.22369970
     0.22369971
     0.22369972
     0.22369973
     0.22369974
     0.22369975
     0.22369976
     0.22369977
     0.22369962
     0.22369928
     0.22369943
     0.22369938
     0.22369934
     0.22369930
     0.22369928
     0.22369925
     0.22369923
     0.22369921
     0.22369919
     0.22369918
     0.22369917
     0.22369915
     0.22369945
     0.22369945
     0.22369945
     0.22369945
     0.22369945
     0.22369945
     0.22369945
     0.22369945
     0.22369945
     0.22369945
     0.22369945
     0.22369945
     0.22369945
     0.22369945
     0.22369945
     0.22369916
     0.22369918
     0.22369920
     0.22369923
     0.22369927
     0.22369932
     0.22369940
     0.00000000
     0.00000000
     0.00000000
     0.00000000
     0.00000000
     0.00000000
     0.01010101
     0.02020202
     0.03030303
     0.04040404
     0.05050505
     0.06060606
     0.07070707
     0.08080808
     0.09090909
     0.10101010
     0.11111111
     0.12121212
     0.13131313
     0.14141414
     0.15151515
     0.16161616
     0.17171717
     0.18181818
     0.19191919
     0.20202020
     0.21212121
     0.22222222
     0.22391960
     0.22391979
     0.22391953
     0.22391956
     0.22391960
     0.22391963
     0.22391966
     0.22391970
     0.22391973
     0.22391977
     0.22391980
     0.22391951
     0.22391951
     0.22391952
     0.22391953
     0.22391953
     0.22391954
     0.22391955
     0.22391955
     0.22391956
     0.22391957
     0.22391958
     0.22391958
     0.22391959
     0.22391960
     0.22391961
     0.22391962
     0.22391963
     0.22391963
     0.22391964
     0.22391965
     0.22391966
     0.22391967
     0.22391968
     0.22391969
     0.22391970
     0.22391956
     0.22391931
     0.22391937
     0.22391931
     0.22391927
     0.22391924
     0.22391921
     0.22391918
     0.22391916
     0.22391914
     0.22391912
     0.22391911
     0.22391910
     0.22391908
     0.22391938
     0.22391938
     0.22391938
     0.22391938
     0.22391938
     0.22391938
     0.22391938
     0.22391938
     0.22391938
     0.22391938
     0.22391938
     0.22391938
     0.22391938
     0.22391938
     0.22391938
     0.22391909
     0.22391911
     0.22391913
     0.22391916
     0.22391920
     0.22391925
     0.22391933
     0.00000000
     0.00000000
     0.00000000
     0.00000000
     0.00000000
     0.00000000
     0.01010101
     0.02020202
     0.03030303
     0.04040404
     0.05050505
     0.06060606
     0.07070707
     0.08080808
     0.09090909
     0.10101010
     0.11111111
     0.12121212
     0.13131313
     0.14141414
     0.15151515
     0.16161616
     0.17171717
     0.18181818
     0.19191919
     0.20202020
     0.21212121
     0.22222222
     0.22413953
     0.22413972
     0.22413946
     0.22413949
     0.22413953
     0.22413956
     0.22413959
     0.22413963
     0.22413966
     0.22413970
     0.22413974
     0.22413944
     0.22413945
     0.22413945
     0.22413946
     0.22413947
     0.22413947
     0.22413948
     0.22413949
     0.22413949
     0.22413950
     0.22413951
     0.22413952
     0.22413952
     0.22413953
     0.22413954
     0.22413955
     0.22413956
     0.22413957
     0.22413958
     0.22413959
     0.22413960
     0.22413961
     0.22413962
     0.22413963
     0.22413964
     0.22413949
     0.22413933
     0.22413930
     0.22413925
     0.22413920
     0.22413917
     0.22413914
     0.22413911
     0.22413909
     0.22413907
     0.22413905
     0.22413904
     0.22413902
     0.22413901
     0.22413931
     0.22413931
     0.22413931
     0.22413931
     0.22413931
     0.22413931
     0.22413931
     0.22413931
     0.22413931
     0.22413931
     0.22413931
     0.22413931
     0.22413931
     0.22413931
     0.22413931
     0.22413902
     0.22413903
     0.22413906
     0.22413909
     0.22413913
     0.22413918
     0.22413926
     0.00000000
     0.00000000
     0.00000000
     0.00000000
     0.00000000
     0.00000000
     0.01010101
     0.02020202
     0.03030303
     0.04040404
     0.05050505
     0.06060606
     0.07070707
     0.08080808
     0.09090909
     0.10101010
     0.11111111
     0.12121212
     0.13131313
     0.14141414
     0.15151515
     0.16161616
     0.17171717
     0.18181818
     0.19191919
     0.20202020
     0.21212121
     0.22222222
     0.22435945
     0.22435964
     0.22435939
     0.22435942
     0.22435946
     0.22435949
     0.22435952
     0.22435956
     0.22435959
     0.22435963
     0.22435936
     0.22435937
     0.22435937
     0.22435938
     0.22435939
     0.22435939
     0.22435940
     0.22435941
     0.22435942
     0.22435942
     0.22435943
     0.22435944
     0.22435945
     0.22435945
     0.22435946
     0.22435947
     0.22435948
     0.22435949
     0.22435950
     0.22435951
     0.22435952
     0.22435952
     0.22435954
     0.22435955
     0.22435956
     0.22435957
     0.22435943
     0.22435936
     0.22435923
     0.22435917
     0.22435913
     0.22435909
     0.22435906
     0.22435904
     0.22435901
     0.22435899
     0.22435898
     0.22435896
     0.22435895
     0.22435924
     0.22435924
     0.22435924
     0.22435924
     0.22435924
     0.22435924
     0.22435924
     0.22435924
     0.22435924
     0.22435924
     0.22435924
     0.22435924
     0.22435924
     0.22435924
     0.22435924
     0.22435924
     0.22435894
     0.22435896
     0.22435898
     0.22435901
     0.22435905
     0.22435911
     0.22435919
     0.00000000
     0.00000000
     0.00000000
     0.00000000
     0.00000000
     0.00000000
     0.01010101
     0.02020202
     0.03030303
     0.04040404
     0.05050505
     0.06060606
     0.07070707
     0.08080808
     0.09090909
     0.10101010
     0.11111111
     0.12121212
     0.13131313
     0.14141414
     0.15151515
     0.16161616
     0.17171717
     0.18181818
     0.19191919
     0.20202020
     0.21212121
     0.22222222
     0.22457937
     0.22457957
     0.22457932
     0.22457935
     0.22457938
     0.22457941
     0.22457945
     0.22457948
     0.22457952
     0.22457956
     0.22457929
     0.22457929
     0.22457930
     0.22457931
     0.22457931
     0.22457932
     0.22457933
     0.22457933
     0.22457934
     0.22457935
     0.22457936
     0.22457936
     0.22457937
     0.22457938
     0.22457939
     0.22457940
     0.22457941
     0.22457941
     0.22457942
     0.22457943
     0.22457944
     0.22457945
     0.22457946
     0.22457947
     0.22457948
     0.22457949
     0.22457936
     0.22457939
     0.22457916
     0.22457910
     0.22457905
     0.22457902
     0.22457899
     0.22457896
     0.22457894
     0.22457892
     0.22457890
     0.22457888
     0.22457887
     0.22457917
     0.22457917
     0.22457917
     0.22457916
     0.22457916
     0.22457916
     0.22457916
     0.22457916
     0.22457916
     0.22457916
     0.22457916
     0.22457916
     0.22457916
     0.22457916
     0.22457916
     0.22457917
     0.22457886
     0.22457888
     0.22457890
     0.22457893
     0.22457897
     0.22457903
     0.22457911
     0.00000000
     0.00000000
     0.00000000
     0.00000000
     0.00000000
     0.00000000
     0.01010101
     0.02020202
     0.03030303
     0.04040404
     0.05050505
     0.06060606
     0.07070707
     0.08080808
     0.09090909
     0.10101010
     0.11111111
     0.12121212
     0.13131313
     0.14141414
     0.15151515
     0.16161616
     0.17171717
     0.18181818
     0.19191919
     0.20202020
     0.21212121
     0.22222222
     0.22479929
     0.22479949
     0.22479924
     0.22479927
     0.22479930
     0.22479934
     0.22479937
     0.22479941
     0.22479945
     0.22479948
     0.22479921
     0.22479922
     0.22479922
     0.22479923
     0.22479924
     0.22479924
     0.22479925
     0.22479926
     0.22479927
     0.22479927
     0.22479928
     0.22479929
     0.22479930
     0.22479930
     0.22479931
     0.22479932
     0.22479933
     0.22479934
     0.22479935
     0.22479936
     0.22479937
     0.22479938
     0.22479939
     0.22479940
     0.22479941
     0.22479942
     0.22479929
     0.22479942
     0.22479908
     0.22479902
     0.22479898
     0.22479894
     0.22479891
     0.22479888
     0.22479886
     0.22479884
     0.22479882
     0.22479880
     0.22479879
     0.22479909
     0.22479909
     0.22479909
     0.22479909
     0.22479908
     0.22479908
     0.22479908
     0.22479908
     0.22479908
     0.22479908
     0.22479908
     0.22479908
     0.22479908
     0.22479909
     0.22479909
     0.22479909
     0.22479909
     0.22479880
     0.22479882
     0.22479885
     0.22479889
     0.22479895
     0.22479903
     0.00000000
     0.00000000
     0.00000000
     0.00000000
     0.00000000
     0.00000000
     0.01010101
     0.02020202
     0.03030303
     0.04040404
     0.05050505
     0.06060606
     0.07070707
     0.08080808
     0.09090909
     0.10101010
     0.11111111
     0.12121212
     0.13131313
     0.14141414
     0.15151515
     0.16161616
     0.17171717
     0.18181818
     0.19191919
     0.20202020
     0.21212121
     0.22222222
     0.22501921
     0.22501941
     0.22501916
     0.22501919
     0.22501922
     0.22501926
     0.22501929
     0.22501933
     0.22501937
     0.22501940
     0.22501913
     0.22501914
     0.22501914
     0.22501915
     0.22501916
     0.22501916
     0.22501917
     0.22501918
     0.22501919
     0.22501919
     0.22501920
     0.22501921
     0.22501922
     0.22501923
     0.22501923
     0.22501924
     0.22501925
     0.22501926
     0.22501927
     0.22501928
     0.22501929
     0.22501930
     0.22501931
     0.22501932
     0.22501933
     0.22501934
     0.22501922
     0.22501913
     0.22501900
     0.22501894
     0.22501890
     0.22501886
     0.22501883
     0.22501880
     0.22501878
     0.22501876
     0.22501874
     0.22501872
     0.22501871
     0.22501901
     0.22501901
     0.22501901
     0.22501901
     0.22501900
     0.22501900
     0.22501900
     0.22501900
     0.22501900
     0.22501900
     0.22501900
     0.22501900
     0.22501900
     0.22501900
     0.22501901
     0.22501901
     0.22501901
     0.22501872
     0.22501874
     0.22501877
     0.22501881
     0.22501887
     0.22501895
     0.00000000
     0.00000000
     0.00000000
     0.00000000
     0.00000000
