     0.00000000
     0.00000000
     0.00000000
     0.00000000
     0.00000000
     0.00000000
     0.00000000
     0.00000000
     0.00000000
     0.00000000
     0.00000000
     0.00000000
     0.00000000
     0.00000000
     0.00000000
     0.00000000
     0.00000000
     0.00000000
     0.00000000
     0.00000000
     0.00062336
     0.00058663
     0.00066252
     0.00167177
     0.00268502
     0.00370174
     0.00472218
     0.00574631
     0.00677416
     0.00768973
     0.00853981
     0.00939239
     0.01022707
     0.01104698
     0.01186919
     0.01256546
     0.01246474
     0.01362855
     0.01519733
     0.01516620
     0.01508739
     0.01500831
     0.01492926
     0.01472481
     0.01425405
     0.01378403
     0.01331475
     0.01284620
     0.01237839
     0.01191131
     0.01144496
     0.01097936
     0.01051449
     0.01005034
     0.00962730
     0.00932871
     0.00903025
     0.00873229
     0.00844075
     0.00817316
     0.00790544
     0.00763822
     0.00737124
     0.00710450
     0.00683801
     0.00657177
     0.00630578
     0.00604002
     0.00577452
     0.00550927
     0.00524426
     0.00497951
     0.00471499
     0.00445072
     0.00418671
     0.00399109
     0.00319658
     0.00240433
     0.00161433
     0.00082658
     0.00004109
     0.00074915
     0.00154095
     0.00233043
     0.00283981
     0.00312147
     0.00332429
     0.00327666
     0.00301395
     0.00199158
     0.00096531
     0.00011835
     0.00056894
     0.00334502
     0.00730361
     0.00000000
     0.00000000
     0.00000000
     0.00000000
     0.00000000
     0.00000000
     0.00000000
     0.00000000
     0.00000000
     0.00000000
     0.00000000
     0.00000000
     0.00000000
     0.00000000
     0.00000000
     0.00000000
     0.00000000
     0.00000000
     0.00000000
     0.00000000
     0.00000000
     0.00000000
     0.00000000
     0.00000000
     0.00000000
     0.00003919
     0.00025206
     0.00075461
     0.00176499
     0.00277941
     0.00379728
     0.00481886
     0.00584414
     0.00682804
     0.00767623
     0.00852691
     0.00938011
     0.01020178
     0.01102224
     0.01184498
     0.01238297
     0.01228223
     0.01342690
     0.01499579
     0.01501443
     0.01493559
     0.01485650
     0.01477744
     0.01447802
     0.01400731
     0.01353734
     0.01306809
     0.01259959
     0.01213182
     0.01166478
     0.01119848
     0.01073291
     0.01026808
     0.00980398
     0.00934061
     0.00904094
     0.00874253
     0.00844486
     0.00814744
     0.00787705
     0.00760940
     0.00734224
     0.00707534
     0.00680867
     0.00654225
     0.00627608
     0.00601016
     0.00574447
     0.00547905
     0.00521386
     0.00494892
     0.00468423
     0.00441980
     0.00415560
     0.00389165
     0.00386550
     0.00307072
     0.00227820
     0.00148793
     0.00069992
     0.00008584
     0.00086934
     0.00165059
     0.00242959
     0.00309861
     0.00336946
     0.00364657
     0.00380510
     0.00375751
     0.00335115
     0.00235283
     0.00147783
     0.00084199
     0.00069504
     0.00430509
     0.00000000
     0.00000000
     0.00000000
     0.00000000
     0.00000000
     0.00000000
     0.00000000
     0.00000000
     0.00000000
     0.00000000
     0.00000000
     0.00000000
     0.00000000
     0.00000000
     0.00000000
     0.00000000
     0.00000000
     0.00000000
     0.00000000
     0.00000000
     0.00000000
     0.00000000
     0.00000000
     0.00000000
     0.00000000
     0.00000000
     0.00016077
     0.00084706
     0.00185859
     0.00287415
     0.00389316
     0.00491590
     0.00594233
     0.00681408
     0.00766288
     0.00851418
     0.00935791
     0.01017662
     0.01099762
     0.01182091
     0.01220048
     0.01209974
     0.01322526
     0.01479424
     0.01486268
     0.01478382
     0.01470471
     0.01462563
     0.01423125
     0.01376058
     0.01329065
     0.01282144
     0.01235298
     0.01188525
     0.01141825
     0.01095199
     0.01048647
     0.01002167
     0.00955762
     0.00909430
     0.00875318
     0.00845484
     0.00815724
     0.00785988
     0.00758095
     0.00731338
     0.00704630
     0.00677946
     0.00651286
     0.00624651
     0.00598041
     0.00571456
     0.00544894
     0.00518359
     0.00491848
     0.00465361
     0.00438899
     0.00412462
     0.00386049
     0.00359662
     0.00359493
     0.00294489
     0.00215210
     0.00136156
     0.00057328
     0.00021274
     0.00099651
     0.00177803
     0.00255730
     0.00333431
     0.00366745
     0.00393794
     0.00420815
     0.00430096
     0.00394330
     0.00347698
     0.00283252
     0.00219935
     0.00181886
     0.00163712
     0.00000000
     0.00000000
     0.00000000
     0.00000000
     0.00000000
     0.00000000
     0.00000000
     0.00000000
     0.00000000
     0.00000000
     0.00000000
     0.00000000
     0.00000000
     0.00000000
     0.00000000
     0.00000000
     0.00000000
     0.00000000
     0.00000000
     0.00000000
     0.00000000
     0.00000000
     0.00000000
     0.00000000
     0.00000000
     0.00000000
     0.00006910
     0.00093987
     0.00195254
     0.00296924
     0.00398942
     0.00501329
     0.00594891
     0.00680028
     0.00764968
     0.00850159
     0.00933234
     0.01015160
     0.01097314
     0.01179698
     0.01201801
     0.01191725
     0.01302362
     0.01459270
     0.01471094
     0.01463207
     0.01455294
     0.01445584
     0.01398448
     0.01351385
     0.01304396
     0.01257481
     0.01210638
     0.01163869
     0.01117174
     0.01070551
     0.01024003
     0.00977529
     0.00931127
     0.00884799
     0.00846544
     0.00816716
     0.00786964
     0.00757236
     0.00728488
     0.00701739
     0.00675037
     0.00648360
     0.00621708
     0.00595080
     0.00568477
     0.00541898
     0.00515345
     0.00488816
     0.00462311
     0.00435832
     0.00409377
     0.00382947
     0.00356542
     0.00330161
     0.00327321
     0.00281911
     0.00202605
     0.00123524
     0.00044669
     0.00033960
     0.00112364
     0.00190543
     0.00268496
     0.00346224
     0.00396542
     0.00423583
     0.00450597
     0.00477582
     0.00453392
     0.00406825
     0.00367291
     0.00317790
     0.00276883
     0.00070559
     0.00000000
     0.00000000
     0.00000000
     0.00000000
     0.00000000
     0.00000000
     0.00000000
     0.00000000
     0.00000000
     0.00000000
     0.00000000
     0.00000000
     0.00000000
     0.00000000
     0.00000000
     0.00000000
     0.00000000
     0.00000000
     0.00000000
     0.00000000
     0.00000000
     0.00000000
     0.00000000
     0.00000000
     0.00000000
     0.00000000
     0.00002292
     0.00103304
     0.00204686
     0.00306471
     0.00408602
     0.00507576
     0.00593912
     0.00678663
     0.00763664
     0.00848915
     0.00930690
     0.01012671
     0.01094880
     0.01177317
     0.01183554
     0.01173476
     0.01282199
     0.01439116
     0.01455923
     0.01448034
     0.01440119
     0.01420904
     0.01373773
     0.01326713
     0.01279728
     0.01232817
     0.01185978
     0.01139214
     0.01092523
     0.01045904
     0.00999360
     0.00952889
     0.00906492
     0.00860169
     0.00817772
     0.00787950
     0.00758205
     0.00728485
     0.00698884
     0.00672141
     0.00645447
     0.00618777
     0.00592131
     0.00565511
     0.00538914
     0.00512343
     0.00485797
     0.00459275
     0.00432777
     0.00406305
     0.00379857
     0.00353435
     0.00327036
     0.00300662
     0.00295153
     0.00269335
     0.00190002
     0.00110895
     0.00032013
     0.00046643
     0.00125074
     0.00203279
     0.00281259
     0.00359014
     0.00426336
     0.00453369
     0.00480375
     0.00507353
     0.00510126
     0.00465901
     0.00422014
     0.00398496
     0.00346149
     0.00245498
     0.00000000
     0.00000000
     0.00000000
     0.00000000
     0.00000000
     0.00000000
     0.00000000
     0.00000000
     0.00000000
     0.00000000
     0.00000000
     0.00000000
     0.00000000
     0.00000000
     0.00000000
     0.00000000
     0.00000000
     0.00000000
     0.00000000
     0.00000000
     0.00000000
     0.00000000
     0.00000000
     0.00000000
     0.00000000
     0.00000000
     0.00011529
     0.00112656
     0.00214153
     0.00316052
     0.00418300
     0.00506817
     0.00592500
     0.00677313
     0.00762375
     0.00846353
     0.00928160
     0.01010195
     0.01092458
     0.01174950
     0.01165308
     0.01155229
     0.01262036
     0.01418963
     0.01440753
     0.01432862
     0.01424945
     0.01396224
     0.01349097
     0.01302042
     0.01255061
     0.01208154
     0.01161319
     0.01114559
     0.01067872
     0.01021258
     0.00974718
     0.00928251
     0.00881858
     0.00835539
     0.00789292
     0.00759215
     0.00729449
     0.00699736
     0.00670049
     0.00642547
     0.00615859
     0.00589197
     0.00562558
     0.00535944
     0.00509356
     0.00482791
     0.00456251
     0.00429736
     0.00403247
     0.00376781
     0.00350340
     0.00323924
     0.00297532
     0.00271166
     0.00262988
     0.00256763
     0.00177403
     0.00098269
     0.00019360
     0.00059323
     0.00137780
     0.00216012
     0.00294019
     0.00371801
     0.00449357
     0.00483153
     0.00510150
     0.00537121
     0.00542957
     0.00524925
     0.00478406
     0.00468387
     0.00426841
     0.00380692
     0.00000000
     0.00000000
     0.00000000
     0.00000000
     0.00000000
     0.00000000
     0.00000000
     0.00000000
     0.00000000
     0.00000000
     0.00000000
     0.00000000
     0.00000000
     0.00000000
     0.00000000
     0.00000000
     0.00000000
     0.00000000
     0.00000000
     0.00000000
     0.00000000
     0.00000000
     0.00000000
     0.00000000
     0.00000000
     0.00000000
     0.00020803
     0.00122044
     0.00223656
     0.00325671
     0.00419603
     0.00506074
     0.00591105
     0.00675978
     0.00761101
     0.00843782
     0.00925643
     0.01007732
     0.01090051
     0.01157147
     0.01147063
     0.01136983
     0.01241873
     0.01398810
     0.01425584
     0.01417692
     0.01409775
     0.01371546
     0.01324421
     0.01277371
     0.01230395
     0.01183491
     0.01136661
     0.01089905
     0.01043221
     0.00996612
     0.00950076
     0.00903613
     0.00857225
     0.00810909
     0.00764666
     0.00730453
     0.00700694
     0.00670989
     0.00641309
     0.00612954
     0.00586274
     0.00559618
     0.00532986
     0.00506380
     0.00479798
     0.00453240
     0.00426708
     0.00400201
     0.00373717
     0.00347259
     0.00320825
     0.00294416
     0.00268032
     0.00241672
     0.00230828
     0.00239613
     0.00164808
     0.00085647
     0.00006712
     0.00071998
     0.00150482
     0.00228741
     0.00306775
     0.00384583
     0.00462167
     0.00512934
     0.00539924
     0.00566886
     0.00575783
     0.00561663
     0.00537443
     0.00523041
     0.00507403
     0.00494150
     0.00000000
     0.00000000
     0.00000000
     0.00000000
     0.00000000
     0.00000000
     0.00000000
     0.00000000
     0.00000000
     0.00000000
     0.00000000
     0.00000000
     0.00000000
     0.00000000
     0.00000000
     0.00000000
     0.00000000
     0.00000000
     0.00000000
     0.00000000
     0.00000000
     0.00000000
     0.00000000
     0.00000000
     0.00000000
     0.00000000
     0.00030113
     0.00131469
     0.00233194
     0.00332539
     0.00418811
     0.00505041
     0.00589725
     0.00674658
     0.00759538
     0.00841225
     0.00923139
     0.01005283
     0.01087655
     0.01138903
     0.01128819
     0.01118737
     0.01221711
     0.01378658
     0.01410419
     0.01402524
     0.01394060
     0.01346867
     0.01299747
     0.01252701
     0.01205728
     0.01158829
     0.01112004
     0.01065251
     0.01018572
     0.00971967
     0.00925435
     0.00878976
     0.00832591
     0.00786280
     0.00740040
     0.00701695
     0.00671942
     0.00642244
     0.00612572
     0.00583364
     0.00556691
     0.00530042
     0.00503417
     0.00476818
     0.00450243
     0.00423693
     0.00397167
     0.00370667
     0.00344190
     0.00317739
     0.00291312
     0.00264911
     0.00238533
     0.00212180
     0.00198672
     0.00207454
     0.00152216
     0.00073029
     0.00005934
     0.00084670
     0.00163181
     0.00241467
     0.00319528
     0.00397363
     0.00474974
     0.00542713
     0.00569695
     0.00596649
     0.00608604
     0.00594490
     0.00580370
     0.00577654
     0.00569361
     0.00560894
     0.00000000
     0.00000000
     0.00000000
     0.00000000
     0.00000000
     0.00000000
     0.00000000
     0.00000000
     0.00000000
     0.00000000
     0.00000000
     0.00000000
     0.00000000
     0.00000000
     0.00000000
     0.00000000
     0.00000000
     0.00000000
     0.00000000
     0.00000000
     0.00000000
     0.00000000
     0.00000000
     0.00000000
     0.00000000
     0.00000000
     0.00039458
     0.00140929
     0.00242770
     0.00331699
     0.00418036
     0.00503615
     0.00588359
     0.00673353
     0.00756939
     0.00838680
     0.00920649
     0.01002847
     0.01085275
     0.01120662
     0.01110576
     0.01100493
     0.01201550
     0.01358506
     0.01395283
     0.01387358
     0.01369378
     0.01322189
     0.01275073
     0.01228032
     0.01181063
     0.01134167
     0.01087346
     0.01040598
     0.00993923
     0.00947322
     0.00900794
     0.00854340
     0.00807959
     0.00761652
     0.00715416
     0.00672938
     0.00643191
     0.00613500
     0.00583835
     0.00554163
     0.00527110
     0.00500469
     0.00473851
     0.00447259
     0.00420691
     0.00394148
     0.00367628
     0.00341135
     0.00314666
     0.00288221
     0.00261802
     0.00235407
     0.00209037
     0.00182692
     0.00166520
     0.00175298
     0.00139629
     0.00060414
     0.00018575
     0.00097338
     0.00175876
     0.00254189
     0.00332277
     0.00410139
     0.00487776
     0.00565188
     0.00599463
     0.00626410
     0.00641420
     0.00627312
     0.00613197
     0.00623330
     0.00623944
     0.00615956
     0.00000000
     0.00000000
     0.00000000
     0.00000000
     0.00000000
     0.00000000
     0.00000000
     0.00000000
     0.00000000
     0.00000000
     0.00000000
     0.00000000
     0.00000000
     0.00000000
     0.00000000
     0.00000000
     0.00000000
     0.00000000
     0.00000000
     0.00000000
     0.00000000
     0.00000000
     0.00000000
     0.00000000
     0.00000000
     0.00000000
     0.00035737
     0.00150425
     0.00244712
     0.00330876
     0.00417278
     0.00502203
     0.00587009
     0.00672064
     0.00754353
     0.00836149
     0.00918172
     0.01000425
     0.01082906
     0.01102420
     0.01092333
     0.01082248
     0.01181388
     0.01338354
     0.01380120
     0.01372195
     0.01344697
     0.01297512
     0.01250401
     0.01203363
     0.01156398
     0.01109507
     0.01062690
     0.01015945
     0.00969275
     0.00922677
     0.00876154
     0.00829704
     0.00783327
     0.00737024
     0.00690792
     0.00644644
     0.00614443
     0.00584759
     0.00555100
     0.00525436
     0.00497532
     0.00470897
     0.00444287
     0.00417702
     0.00391141
     0.00364605
     0.00338093
     0.00311606
     0.00285144
     0.00258707
     0.00232294
     0.00205906
     0.00179543
     0.00153205
     0.00134372
     0.00143147
     0.00127043
     0.00047803
     0.00031213
     0.00110003
     0.00188568
     0.00266908
     0.00345022
     0.00422911
     0.00500574
     0.00578014
     0.00629228
     0.00656167
     0.00674232
     0.00660129
     0.00646020
     0.00654344
     0.00675159
     0.00670190
     0.00000000
     0.00000000
     0.00000000
     0.00000000
     0.00000000
     0.00000000
     0.00000000
     0.00000000
     0.00000000
     0.00000000
     0.00000000
     0.00000000
     0.00000000
     0.00000000
     0.00000000
     0.00000000
     0.00000000
     0.00000000
     0.00000000
     0.00000000
     0.00000000
     0.00000000
     0.00000000
     0.00000000
     0.00000000
     0.00000000
     0.00024361
     0.00157908
     0.00243841
     0.00330069
     0.00416192
     0.00500807
     0.00585674
     0.00670160
     0.00751780
     0.00833630
     0.00915709
     0.00998016
     0.01080551
     0.01084180
     0.01074091
     0.01064005
     0.01161228
     0.01318203
     0.01364960
     0.01357033
     0.01320016
     0.01272835
     0.01225728
     0.01178695
     0.01131734
     0.01084847
     0.01038034
     0.00991293
     0.00944627
     0.00898034
     0.00851515
     0.00805069
     0.00758696
     0.00712397
     0.00666169
     0.00620025
     0.00585696
     0.00556019
     0.00526368
     0.00496710
     0.00467956
     0.00441328
     0.00414725
     0.00388147
     0.00361593
     0.00335064
     0.00308559
     0.00282079
     0.00255625
     0.00229194
     0.00202789
     0.00176407
     0.00150052
     0.00123720
     0.00102227
     0.00111000
     0.00114463
     0.00035195
     0.00043848
     0.00122665
     0.00201256
     0.00279623
     0.00357764
     0.00435680
     0.00513370
     0.00590836
     0.00658991
     0.00685922
     0.00707039
     0.00692942
     0.00678838
     0.00685356
     0.00706163
     0.00724701
     0.00000000
     0.00000000
     0.00000000
     0.00000000
     0.00000000
     0.00000000
     0.00000000
     0.00000000
     0.00000000
     0.00000000
     0.00000000
     0.00000000
     0.00000000
     0.00000000
     0.00000000
     0.00000000
     0.00000000
     0.00000000
     0.00000000
     0.00000000
     0.00000000
     0.00000000
     0.00000000
     0.00000000
     0.00000000
     0.00000000
     0.00012990
     0.00144761
     0.00242985
     0.00329278
     0.00414749
     0.00499427
     0.00584354
     0.00667546
     0.00749222
     0.00831126
     0.00913258
     0.00995620
     0.01076034
     0.01065940
     0.01055850
     0.01045763
     0.01141067
     0.01298053
     0.01349802
     0.01341873
     0.01295336
     0.01248160
     0.01201056
     0.01154026
     0.01107071
     0.01060187
     0.01013378
     0.00966642
     0.00919980
     0.00873391
     0.00826876
     0.00780434
     0.00734065
     0.00687771
     0.00641546
     0.00595406
     0.00556951
     0.00527281
     0.00497638
     0.00467988
     0.00438389
     0.00411762
     0.00385165
     0.00358594
     0.00332047
     0.00305525
     0.00279028
     0.00252555
     0.00226107
     0.00199684
     0.00173285
     0.00146912
     0.00120562
     0.00094239
     0.00070088
     0.00078857
     0.00087629
     0.00022590
     0.00056479
     0.00135323
     0.00213942
     0.00292335
     0.00370502
     0.00448445
     0.00526163
     0.00603654
     0.00680922
     0.00715674
     0.00739840
     0.00725749
     0.00711652
     0.00716364
     0.00737164
     0.00757926
     0.00000000
     0.00000000
     0.00000000
     0.00000000
     0.00000000
     0.00000000
     0.00000000
     0.00000000
     0.00000000
     0.00000000
     0.00000000
     0.00000000
     0.00000000
     0.00000000
     0.00000000
     0.00000000
     0.00000000
     0.00000000
     0.00000000
     0.00000000
     0.00000000
     0.00000000
     0.00000000
     0.00000000
     0.00000000
     0.00000000
     0.00001623
     0.00125627
     0.00242146
     0.00328503
     0.00413323
     0.00498061
     0.00583049
     0.00664946
     0.00746675
     0.00828633
     0.00910821
     0.00993237
     0.01057797
     0.01047702
     0.01037610
     0.01027522
     0.01120908
     0.01277903
     0.01334645
     0.01317902
     0.01270656
     0.01223483
     0.01176385
     0.01129360
     0.01082407
     0.01035529
     0.00988724
     0.00941992
     0.00895334
     0.00848748
     0.00802238
     0.00755800
     0.00709436
     0.00663145
     0.00616923
     0.00570789
     0.00528208
     0.00498546
     0.00468910
     0.00439266
     0.00409675
     0.00382198
     0.00355608
     0.00329044
     0.00302504
     0.00275989
     0.00249499
     0.00223034
     0.00196592
     0.00170176
     0.00143784
     0.00117418
     0.00091076
     0.00064758
     0.00038466
     0.00046718
     0.00055486
     0.00009990
     0.00069107
     0.00147978
     0.00226623
     0.00305043
     0.00383237
     0.00461206
     0.00538951
     0.00616469
     0.00693764
     0.00745423
     0.00772311
     0.00758552
     0.00744461
     0.00747368
     0.00768162
     0.00788915
     0.00000000
     0.00000000
     0.00000000
     0.00000000
     0.00000000
     0.00000000
     0.00000000
     0.00000000
     0.00000000
     0.00000000
     0.00000000
     0.00000000
     0.00000000
     0.00000000
     0.00000000
     0.00000000
     0.00000000
     0.00000000
     0.00000000
     0.00000000
     0.00000000
     0.00000000
     0.00000000
     0.00000000
     0.00000000
     0.00000000
     0.00014786
     0.00106495
     0.00228302
     0.00327364
     0.00411912
     0.00496710
     0.00580804
     0.00662359
     0.00744143
     0.00826155
     0.00908398
     0.00990868
     0.01039560
     0.01029464
     0.01019371
     0.01009282
     0.01100749
     0.01257754
     0.01319491
     0.01293219
     0.01245977
     0.01198808
     0.01151714
     0.01104693
     0.01057744
     0.01010870
     0.00964070
     0.00917341
     0.00870688
     0.00824107
     0.00777600
     0.00731167
     0.00684806
     0.00638520
     0.00592302
     0.00546172
     0.00500100
     0.00469812
     0.00440183
     0.00410546
     0.00380963
     0.00352636
     0.00326053
     0.00299496
     0.00272963
     0.00246455
     0.00219972
     0.00193514
     0.00167079
     0.00140670
     0.00114286
     0.00087926
     0.00061591
     0.00035281
     0.00008995
     0.00014582
     0.00023348
     0.00002607
     0.00081730
     0.00160628
     0.00239300
     0.00317747
     0.00395969
     0.00473964
     0.00551735
     0.00629281
     0.00706601
     0.00775170
     0.00802051
     0.00791350
     0.00777265
     0.00778369
     0.00799155
     0.00819902
     0.00000000
     0.00000000
     0.00000000
     0.00000000
     0.00000000
     0.00000000
     0.00000000
     0.00000000
     0.00000000
     0.00000000
     0.00000000
     0.00000000
     0.00000000
     0.00000000
     0.00000000
     0.00000000
     0.00000000
     0.00000000
     0.00000000
     0.00000000
     0.00000000
     0.00000000
     0.00000000
     0.00000000
     0.00000000
     0.00000000
     0.00033930
     0.00087363
     0.00209182
     0.00325906
     0.00410516
     0.00495376
     0.00578175
     0.00659785
     0.00741624
     0.00823691
     0.00905987
     0.00988512
     0.01021324
     0.01011226
     0.01001132
     0.00991042
     0.01080590
     0.01237605
     0.01304339
     0.01268537
     0.01221299
     0.01174135
     0.01127044
     0.01080026
     0.01033083
     0.00986212
     0.00939416
     0.00892693
     0.00846042
     0.00799466
     0.00752963
     0.00706534
     0.00660177
     0.00613895
     0.00567680
     0.00521555
     0.00475486
     0.00441080
     0.00411458
     0.00381829
     0.00352253
     0.00323076
     0.00296501
     0.00269951
     0.00243425
     0.00216924
     0.00190448
     0.00163996
     0.00137569
     0.00111168
     0.00084790
     0.00058438
     0.00032109
     0.00005806
     0.00020472
     0.00017548
     0.00008786
     0.00015201
     0.00094351
     0.00173276
     0.00251974
     0.00330448
     0.00408696
     0.00486719
     0.00564517
     0.00642089
     0.00719437
     0.00796559
     0.00831787
     0.00824143
     0.00810063
     0.00809367
     0.00830146
     0.00850885
     0.00000000
     0.00000000
     0.00000000
     0.00000000
     0.00000000
     0.00000000
     0.00000000
     0.00000000
     0.00000000
     0.00000000
     0.00000000
     0.00000000
     0.00000000
     0.00000000
     0.00000000
     0.00000000
     0.00000000
     0.00000000
     0.00000000
     0.00000000
     0.00000000
     0.00000000
     0.00000000
     0.00000000
     0.00000000
     0.00000000
     0.00053073
     0.00068231
     0.00189642
     0.00310445
     0.00409135
     0.00494056
     0.00575561
     0.00657225
     0.00739117
     0.00821240
     0.00903590
     0.00986170
     0.01003089
     0.00992990
     0.00982895
     0.00972803
     0.01060433
     0.01217456
     0.01289188
     0.01243854
     0.01196621
     0.01149461
     0.01102374
     0.01055361
     0.01008422
     0.00961555
     0.00914763
     0.00868043
     0.00821398
     0.00774826
     0.00728326
     0.00681901
     0.00635549
     0.00589271
     0.00543060
     0.00496940
     0.00450874
     0.00412351
     0.00382736
     0.00353114
     0.00323544
     0.00294004
     0.00266951
     0.00240408
     0.00213889
     0.00187395
     0.00160926
     0.00134481
     0.00108062
     0.00081667
     0.00055296
     0.00028951
     0.00002629
     0.00023667
     0.00049938
     0.00049675
     0.00040916
     0.00032155
     0.00106968
     0.00185919
     0.00264645
     0.00343145
     0.00421420
     0.00499469
     0.00577295
     0.00654894
     0.00732268
     0.00809417
     0.00861520
     0.00856932
     0.00842858
     0.00840361
     0.00861133
     0.00881865
     0.00000000
     0.00000000
     0.00000000
     0.00000000
     0.00000000
     0.00000000
     0.00000000
     0.00000000
     0.00000000
     0.00000000
     0.00000000
     0.00000000
     0.00000000
     0.00000000
     0.00000000
     0.00000000
     0.00000000
     0.00000000
     0.00000000
     0.00000000
     0.00000000
     0.00000000
     0.00000000
     0.00000000
     0.00000000
     0.00000000
     0.00072217
     0.00049101
     0.00169547
     0.00290358
     0.00407770
     0.00491469
     0.00572959
     0.00654677
     0.00736625
     0.00818802
     0.00901207
     0.00983840
     0.00984855
     0.00974755
     0.00964658
     0.00954565
     0.01040274
     0.01197308
     0.01266476
     0.01219173
     0.01171944
     0.01124788
     0.01077705
     0.01030696
     0.00983761
     0.00936899
     0.00890110
     0.00843395
     0.00796753
     0.00750186
     0.00703690
     0.00657270
     0.00610921
     0.00564648
     0.00518438
     0.00472324
     0.00426262
     0.00383622
     0.00354015
     0.00324400
     0.00294837
     0.00265304
     0.00237403
     0.00210867
     0.00184355
     0.00157868
     0.00131406
     0.00104969
     0.00078556
     0.00052168
     0.00025805
     0.00000534
     0.00026848
     0.00053137
     0.00079402
     0.00081799
     0.00073043
     0.00064284
     0.00119581
     0.00198559
     0.00277311
     0.00355838
     0.00434141
     0.00512217
     0.00590068
     0.00667695
     0.00745095
     0.00822272
     0.00891252
     0.00889716
     0.00875648
     0.00871352
     0.00892117
     0.00912841
     0.00000000
     0.00000000
     0.00000000
     0.00000000
     0.00000000
     0.00000000
     0.00000000
     0.00000000
     0.00000000
     0.00000000
     0.00000000
     0.00000000
     0.00000000
     0.00000000
     0.00000000
     0.00000000
     0.00000000
     0.00000000
     0.00000000
     0.00000000
     0.00000000
     0.00000000
     0.00000000
     0.00000000
     0.00000000
     0.00000000
     0.00091359
     0.00029181
     0.00149454
     0.00270273
     0.00391582
     0.00488826
     0.00570371
     0.00652144
     0.00734146
     0.00816376
     0.00898836
     0.00976726
     0.00966621
     0.00956520
     0.00946422
     0.00936328
     0.01020117
     0.01177161
     0.01241791
     0.01194492
     0.01147267
     0.01100115
     0.01053037
     0.01006033
     0.00959101
     0.00912243
     0.00865458
     0.00818747
     0.00772110
     0.00725546
     0.00679056
     0.00632638
     0.00586295
     0.00540024
     0.00493828
     0.00447710
     0.00401651
     0.00355699
     0.00325296
     0.00295688
     0.00266132
     0.00236607
     0.00207857
     0.00181329
     0.00154824
     0.00128345
     0.00101889
     0.00075458
     0.00049053
     0.00022672
     0.00003685
     0.00030016
     0.00056323
     0.00082606
     0.00108862
     0.00113918
     0.00105165
     0.00096410
     0.00132191
     0.00211196
     0.00289975
     0.00368529
     0.00446858
     0.00524961
     0.00602840
     0.00680492
     0.00757920
     0.00835122
     0.00912101
     0.00922495
     0.00908432
     0.00902339
     0.00923097
     0.00924512
     0.00000000
     0.00000000
     0.00000000
     0.00000000
     0.00000000
     0.00000000
     0.00000000
     0.00000000
     0.00000000
     0.00000000
     0.00000000
     0.00000000
     0.00000000
     0.00000000
     0.00000000
     0.00000000
     0.00000000
     0.00000000
     0.00000000
     0.00000000
     0.00000000
     0.00000000
     0.00000000
     0.00000000
     0.00000000
     0.00000000
     0.00110688
     0.00009080
     0.00129361
     0.00250188
     0.00371249
     0.00486197
     0.00567796
     0.00649624
     0.00731680
     0.00813965
     0.00896479
     0.00958495
     0.00948389
     0.00938287
     0.00928187
     0.00918092
     0.00999960
     0.01157013
     0.01217106
     0.01169812
     0.01122591
     0.01075443
     0.01028369
     0.00981368
     0.00934441
     0.00887588
     0.00840807
     0.00794100
     0.00747467
     0.00700907
     0.00654420
     0.00608008
     0.00561669
     0.00515402
     0.00469210
     0.00423095
     0.00377040
     0.00331094
     0.00296579
     0.00266978
     0.00237429
     0.00207911
     0.00178422
     0.00151793
     0.00125295
     0.00098823
     0.00072375
     0.00045950
     0.00019552
     0.00006822
     0.00033171
     0.00059496
     0.00085796
     0.00112070
     0.00138321
     0.00146033
     0.00137283
     0.00128531
     0.00144798
     0.00223829
     0.00302635
     0.00381216
     0.00459571
     0.00537701
     0.00615606
     0.00693286
     0.00770741
     0.00847970
     0.00924975
     0.00955269
     0.00941212
     0.00933323
     0.00954074
     0.00913947
     0.00000000
     0.00000000
     0.00000000
     0.00000000
     0.00000000
     0.00000000
     0.00000000
     0.00000000
     0.00000000
     0.00000000
     0.00000000
     0.00000000
     0.00000000
     0.00000000
     0.00000000
     0.00000000
     0.00000000
     0.00000000
     0.00000000
     0.00000000
     0.00000000
     0.00000000
     0.00000000
     0.00000000
     0.00000000
     0.00000000
     0.00130797
     0.00011021
     0.00109268
     0.00230103
     0.00349825
     0.00467924
     0.00565235
     0.00647117
     0.00729227
     0.00811567
     0.00894135
     0.00940265
     0.00930157
     0.00920054
     0.00909953
     0.00899856
     0.00979805
     0.01136896
     0.01192422
     0.01145132
     0.01097916
     0.01050772
     0.01003702
     0.00956706
     0.00909782
     0.00862933
     0.00816156
     0.00769454
     0.00722825
     0.00676269
     0.00629787
     0.00583378
     0.00537043
     0.00490780
     0.00444593
     0.00398481
     0.00352430
     0.00306487
     0.00267864
     0.00238271
     0.00208729
     0.00179216
     0.00149736
     0.00122259
     0.00095768
     0.00069303
     0.00042862
     0.00016446
     0.00009946
     0.00036313
     0.00062655
     0.00088973
     0.00115266
     0.00141534
     0.00167778
     0.00178143
     0.00169397
     0.00160648
     0.00157400
     0.00236458
     0.00315291
     0.00393899
     0.00472281
     0.00550438
     0.00628370
     0.00706076
     0.00783558
     0.00860814
     0.00937846
     0.00988039
     0.00973988
     0.00964303
     0.00965723
     0.00903343
     0.00000000
     0.00000000
     0.00000000
     0.00000000
     0.00000000
     0.00000000
     0.00000000
     0.00000000
     0.00000000
     0.00000000
     0.00000000
     0.00000000
     0.00000000
     0.00000000
     0.00000000
     0.00000000
     0.00000000
     0.00000000
     0.00000000
     0.00000000
     0.00000000
     0.00000000
     0.00000000
     0.00000000
     0.00000000
     0.00000000
     0.00150933
     0.00031122
     0.00089176
     0.00210019
     0.00328402
     0.00446503
     0.00562686
     0.00644622
     0.00726787
     0.00809181
     0.00891805
     0.00922036
     0.00911926
     0.00901821
     0.00891719
     0.00881621
     0.00959648
     0.01118564
     0.01167740
     0.01120454
     0.01073240
     0.01026101
     0.00979035
     0.00932043
     0.00885124
     0.00838278
     0.00791506
     0.00744807
     0.00698183
     0.00651631
     0.00605153
     0.00558749
     0.00512417
     0.00466160
     0.00419975
     0.00373868
     0.00327819
     0.00281911
     0.00239150
     0.00209564
     0.00180029
     0.00150525
     0.00121050
     0.00092728
     0.00066244
     0.00039786
     0.00013352
     0.00013057
     0.00039443
     0.00065802
     0.00092138
     0.00118448
     0.00144734
     0.00170995
     0.00197231
     0.00210251
     0.00201508
     0.00192761
     0.00184012
     0.00249084
     0.00327944
     0.00406578
     0.00484988
     0.00563171
     0.00641130
     0.00718863
     0.00796371
     0.00873654
     0.00950713
     0.01009819
     0.01006758
     0.00995280
     0.00955154
     0.00892698
     0.00000000
     0.00000000
     0.00000000
     0.00000000
     0.00000000
     0.00000000
     0.00000000
     0.00000000
     0.00000000
     0.00000000
     0.00000000
     0.00000000
     0.00000000
     0.00000000
     0.00000000
     0.00000000
     0.00000000
     0.00000000
     0.00000000
     0.00000000
     0.00000000
     0.00000000
     0.00000000
     0.00000000
     0.00000000
     0.00000000
     0.00171040
     0.00051222
     0.00069084
     0.00189356
     0.00306978
     0.00425082
     0.00543668
     0.00642142
     0.00724362
     0.00806810
     0.00889487
     0.00903806
     0.00893696
     0.00883590
     0.00873487
     0.00863387
     0.00939493
     0.01101164
     0.01143057
     0.01095774
     0.01048566
     0.01001431
     0.00954369
     0.00907381
     0.00860467
     0.00813625
     0.00766857
     0.00720162
     0.00673542
     0.00626994
     0.00580520
     0.00534120
     0.00487792
     0.00441539
     0.00395359
     0.00349256
     0.00303210
     0.00257303
     0.00211413
     0.00180860
     0.00151332
     0.00121834
     0.00092367
     0.00063199
     0.00036722
     0.00010271
     0.00016156
     0.00042558
     0.00068937
     0.00095289
     0.00121617
     0.00147921
     0.00174199
     0.00200453
     0.00226683
     0.00242354
     0.00233613
     0.00224870
     0.00216125
     0.00261707
     0.00340593
     0.00419254
     0.00497690
     0.00575901
     0.00653886
     0.00731647
     0.00809181
     0.00886491
     0.00963576
     0.01022931
     0.01039524
     0.01006907
     0.00944546
     0.00882011
     0.19966266
     0.00000000
     0.00000000
     0.00000000
     0.00000000
     0.00000000
     0.00000000
     0.00000000
     0.00000000
     0.00000000
     0.00000000
     0.00000000
     0.00000000
     0.00000000
     0.00000000
     0.00000000
     0.00000000
     0.00000000
     0.00000000
     0.00000000
     0.00000000
     0.00000000
     0.00000000
     0.00000000
     0.00000000
     0.00000000
     0.00191146
     0.00071321
     0.00048992
     0.00167931
     0.00285555
     0.00403661
     0.00522250
     0.00639675
     0.00721949
     0.00804452
     0.00887184
     0.00885579
     0.00875467
     0.00865359
     0.00855255
     0.00845154
     0.00919338
     0.01083766
     0.01118375
     0.01071097
     0.01023892
     0.00976761
     0.00929704
     0.00882719
     0.00835809
     0.00788971
     0.00742208
     0.00695518
     0.00648901
     0.00602358
     0.00555887
     0.00509492
     0.00463168
     0.00416919
     0.00370743
     0.00324644
     0.00278602
     0.00232696
     0.00186814
     0.00152158
     0.00122637
     0.00093146
     0.00063686
     0.00034256
     0.00007202
     0.00019242
     0.00045662
     0.00072057
     0.00098427
     0.00124774
     0.00151095
     0.00177391
     0.00203663
     0.00229910
     0.00256132
     0.00274452
     0.00265715
     0.00256976
     0.00248234
     0.00274326
     0.00353239
     0.00431927
     0.00510390
     0.00588627
     0.00666640
     0.00744426
     0.00821988
     0.00899324
     0.00976436
     0.01036039
     0.01072285
     0.00999827
     0.00933896
     0.00871284
     0.19999086
     0.00000000
     0.00000000
     0.00000000
     0.00000000
     0.00000000
     0.00000000
     0.00000000
     0.00000000
     0.00000000
     0.00000000
     0.00000000
     0.00000000
     0.00000000
     0.00000000
     0.00000000
     0.00000000
     0.00000000
     0.00000000
     0.00000000
     0.00000000
     0.00000000
     0.00000000
     0.00000000
     0.00000000
     0.00000000
     0.00211252
     0.00091420
     0.00028902
     0.00146506
     0.00264133
     0.00382241
     0.00500832
     0.00619906
     0.00719550
     0.00802107
     0.00877467
     0.00867352
     0.00857239
     0.00847130
     0.00837025
     0.00826922
     0.00899183
     0.01066369
     0.01093694
     0.01046419
     0.00999219
     0.00952093
     0.00905039
     0.00858059
     0.00811152
     0.00764319
     0.00717560
     0.00670873
     0.00624261
     0.00577721
     0.00531256
     0.00484863
     0.00438545
     0.00392299
     0.00346128
     0.00300032
     0.00253994
     0.00208088
     0.00162214
     0.00123458
     0.00093943
     0.00064460
     0.00035007
     0.00005583
     0.00022315
     0.00048752
     0.00075165
     0.00101553
     0.00127916
     0.00154256
     0.00180570
     0.00206859
     0.00233124
     0.00259364
     0.00285578
     0.00306547
     0.00297813
     0.00289077
     0.00280338
     0.00286941
     0.00365881
     0.00444596
     0.00523085
     0.00601349
     0.00679389
     0.00757202
     0.00834791
     0.00912155
     0.00989293
     0.01049143
     0.01093435
     0.00995378
     0.00923206
     0.00860517
     0.20101451
     0.00000000
     0.00000000
     0.00000000
     0.00000000
     0.00000000
     0.00000000
     0.00000000
     0.00000000
     0.00000000
     0.00000000
     0.00000000
     0.00000000
     0.00000000
     0.00000000
     0.00000000
     0.00000000
     0.00000000
     0.00000000
     0.00000000
     0.00000000
     0.00000000
     0.00000000
     0.00000000
     0.00000000
     0.00000000
     0.00231358
     0.00111518
     0.00007912
     0.00125081
     0.00242710
     0.00360821
     0.00479415
     0.00598491
     0.00717164
     0.00799775
     0.00859243
     0.00849126
     0.00839012
     0.00828902
     0.00818794
     0.00808690
     0.00880475
     0.01048972
     0.01069013
     0.01021743
     0.00974547
     0.00927425
     0.00880375
     0.00833399
     0.00786496
     0.00739667
     0.00692912
     0.00646230
     0.00599622
     0.00553086
     0.00506625
     0.00460236
     0.00413922
     0.00367681
     0.00321514
     0.00275422
     0.00229386
     0.00183482
     0.00137616
     0.00094759
     0.00065252
     0.00035775
     0.00006329
     0.00023087
     0.00051830
     0.00078260
     0.00104666
     0.00131047
     0.00157403
     0.00183736
     0.00210042
     0.00236324
     0.00262582
     0.00288816
     0.00315023
     0.00338638
     0.00329908
     0.00321174
     0.00312439
     0.00303700
     0.00378520
     0.00457262
     0.00535778
     0.00614069
     0.00692135
     0.00769975
     0.00847591
     0.00924980
     0.01002146
     0.01062244
     0.01106551
     0.00990902
     0.00902235
     0.00755997
     0.20242679
     0.00000000
     0.00000000
     0.00000000
     0.00000000
     0.00000000
     0.00000000
     0.00000000
     0.00000000
     0.00000000
     0.00000000
     0.00000000
     0.00000000
     0.00000000
     0.00000000
     0.00000000
     0.00000000
     0.00000000
     0.00000000
     0.00000000
     0.00000000
     0.00000000
     0.00000000
     0.00000000
     0.00000000
     0.00000000
     0.00251463
     0.00131617
     0.00013514
     0.00103657
     0.00221288
     0.00339401
     0.00457997
     0.00577076
     0.00696636
     0.00797457
     0.00841018
     0.00830900
     0.00820785
     0.00810674
     0.00800565
     0.00790460
     0.00863053
     0.01031577
     0.01044333
     0.00997067
     0.00949875
     0.00902756
     0.00855711
     0.00808739
     0.00761841
     0.00715016
     0.00668265
     0.00621587
     0.00574983
     0.00528451
     0.00481994
     0.00435610
     0.00389300
     0.00343062
     0.00296899
     0.00250812
     0.00204779
     0.00158876
     0.00113019
     0.00067206
     0.00036563
     0.00007093
     0.00022347
     0.00051755
     0.00081134
     0.00107765
     0.00134164
     0.00160538
     0.00186888
     0.00213213
     0.00239512
     0.00265788
     0.00292038
     0.00318264
     0.00344466
     0.00370642
     0.00361997
     0.00353267
     0.00344534
     0.00335799
     0.00391155
     0.00469923
     0.00548466
     0.00626785
     0.00704877
     0.00782745
     0.00860386
     0.00937803
     0.01014996
     0.01075341
     0.01094434
     0.00951825
     0.00783820
     0.00636814
     0.20384646
     0.00000000
     0.00000000
     0.00000000
     0.00000000
     0.00000000
     0.00000000
     0.00000000
     0.00000000
     0.00000000
     0.00000000
     0.00000000
     0.00000000
     0.00000000
     0.00000000
     0.00000000
     0.00000000
     0.00000000
     0.00000000
     0.00000000
     0.00000000
     0.00000000
     0.00000000
     0.00000000
     0.00000000
     0.00000000
     0.00271567
     0.00151714
     0.00034941
     0.00082232
     0.00199867
     0.00317982
     0.00436581
     0.00555662
     0.00675225
     0.00795152
     0.00822795
     0.00812676
     0.00802560
     0.00792446
     0.00782337
     0.00772231
     0.00845634
     0.01014183
     0.01019653
     0.00972391
     0.00925204
     0.00878088
     0.00831048
     0.00784081
     0.00737186
     0.00690366
     0.00643618
     0.00596944
     0.00550345
     0.00503817
     0.00457364
     0.00410984
     0.00364678
     0.00318445
     0.00272286
     0.00226202
     0.00180173
     0.00134270
     0.00088421
     0.00042613
     0.00007875
     0.00021588
     0.00051020
     0.00080423
     0.00109794
     0.00137268
     0.00163660
     0.00190028
     0.00216370
     0.00242687
     0.00268981
     0.00295249
     0.00321493
     0.00347711
     0.00373906
     0.00400075
     0.00394083
     0.00385356
     0.00376627
     0.00367894
     0.00403786
     0.00482582
     0.00561151
     0.00639497
     0.00717615
     0.00795510
     0.00873178
     0.00950622
     0.01027841
     0.01073896
     0.00972888
     0.00815965
     0.00664667
     0.00516891
     0.20520595
     0.00000000
     0.00000000
     0.00000000
     0.00000000
     0.00000000
     0.00000000
     0.00000000
     0.00000000
     0.00000000
     0.00000000
     0.00000000
     0.00000000
     0.00000000
     0.00000000
     0.00000000
     0.00000000
     0.00000000
     0.00000000
     0.00000000
     0.00000000
     0.00000000
     0.00000000
     0.00000000
     0.00000000
     0.00000000
     0.00291671
     0.00173028
     0.00056367
     0.00060809
     0.00178445
     0.00296564
     0.00415164
     0.00534248
     0.00653813
     0.00773861
     0.00804573
     0.00794452
     0.00784334
     0.00774220
     0.00764109
     0.00754002
     0.00828214
     0.00996790
     0.00994974
     0.00947716
     0.00900533
     0.00853422
     0.00806385
     0.00759422
     0.00712532
     0.00665715
     0.00618972
     0.00572303
     0.00525706
     0.00479184
     0.00432735
     0.00386359
     0.00340057
     0.00293828
     0.00247672
     0.00201592
     0.00155567
     0.00109664
     0.00063825
     0.00018021
     0.00020810
     0.00050267
     0.00079692
     0.00109088
     0.00138452
     0.00166769
     0.00193154
     0.00219514
     0.00245850
     0.00272160
     0.00298446
     0.00324708
     0.00350944
     0.00377156
     0.00403343
     0.00429505
     0.00426165
     0.00417442
     0.00408715
     0.00399986
     0.00416415
     0.00495237
     0.00573833
     0.00652205
     0.00730351
     0.00808271
     0.00885967
     0.00949483
     0.00998251
     0.00980056
     0.00823046
     0.00665113
     0.00544775
     0.00399627
     0.20582839
     0.00000000
     0.00000000
     0.00000000
     0.00000000
     0.00000000
     0.00000000
     0.00000000
     0.00000000
     0.00000000
     0.00000000
     0.00000000
     0.00000000
     0.00000000
     0.00000000
     0.00000000
     0.00000000
     0.00000000
     0.00000000
     0.00000000
     0.00000000
     0.00000000
     0.00000000
     0.00000000
     0.00000000
     0.00000000
     0.00311774
     0.00194455
     0.00077792
     0.00039386
     0.00157024
     0.00275145
     0.00393748
     0.00512834
     0.00632402
     0.00752452
     0.00785656
     0.00776229
     0.00766110
     0.00755994
     0.00745882
     0.00736856
     0.00810796
     0.00979397
     0.00970295
     0.00923043
     0.00875862
     0.00828756
     0.00781723
     0.00734764
     0.00687879
     0.00641066
     0.00594327
     0.00547661
     0.00501069
     0.00454550
     0.00408106
     0.00361734
     0.00315436
     0.00269211
     0.00223061
     0.00176984
     0.00130961
     0.00085060
     0.00039229
     0.00006570
     0.00049494
     0.00078943
     0.00108362
     0.00137750
     0.00167108
     0.00196268
     0.00222646
     0.00248999
     0.00275327
     0.00301630
     0.00327910
     0.00354164
     0.00380394
     0.00406598
     0.00432778
     0.00458934
     0.00458244
     0.00449522
     0.00440799
     0.00432073
     0.00429039
     0.00507887
     0.00586512
     0.00664910
     0.00743082
     0.00807658
     0.00856725
     0.00905703
     0.00954592
     0.00830118
     0.00672096
     0.00513152
     0.00426219
     0.00314252
     0.20645223
     0.00000000
     0.00000000
     0.00000000
     0.00000000
     0.00000000
     0.00000000
     0.00000000
     0.00000000
     0.00000000
     0.00000000
     0.00000000
     0.00000000
     0.00000000
     0.00000000
     0.00000000
     0.00000000
     0.00000000
     0.00000000
     0.00000000
     0.00000000
     0.00000000
     0.00000000
     0.00000000
     0.00000000
     0.00000000
     0.00332083
     0.00215883
     0.00099218
     0.00017963
     0.00135604
     0.00253727
     0.00372332
     0.00491421
     0.00610991
     0.00717338
     0.00747081
     0.00758006
     0.00747886
     0.00737770
     0.00727657
     0.00721355
     0.00793379
     0.00962007
     0.00945618
     0.00898368
     0.00851193
     0.00804090
     0.00757062
     0.00710107
     0.00663225
     0.00616417
     0.00569682
     0.00523021
     0.00476432
     0.00429918
     0.00383477
     0.00337110
     0.00290816
     0.00244596
     0.00198448
     0.00152376
     0.00106356
     0.00060455
     0.00014633
     0.00031162
     0.00076864
     0.00107618
     0.00137030
     0.00166411
     0.00195762
     0.00225083
     0.00252135
     0.00278481
     0.00304802
     0.00331098
     0.00357371
     0.00383617
     0.00409840
     0.00436038
     0.00462211
     0.00488360
     0.00490317
     0.00481599
     0.00472879
     0.00464157
     0.00455431
     0.00520536
     0.00599186
     0.00664830
     0.00714197
     0.00763475
     0.00812663
     0.00861761
     0.00857993
     0.00679072
     0.00520039
     0.00360976
     0.00319694
     0.00247029
     0.20707746
     0.00000000
     0.00000000
     0.00000000
     0.00000000
     0.00000000
     0.00000000
     0.00000000
     0.00000000
     0.00000000
     0.00000000
     0.00000000
     0.00000000
     0.00000000
     0.00000000
     0.00000000
     0.00000000
     0.00000000
     0.00000000
     0.00000000
     0.00000000
     0.00000000
     0.00000000
     0.00000000
     0.00000000
     0.00000000
     0.00353511
     0.00237310
     0.00120643
     0.00003459
     0.00114184
     0.00232309
     0.00350917
     0.00470008
     0.00589581
     0.00678788
     0.00708514
     0.00738270
     0.00729664
     0.00719546
     0.00709432
     0.00705858
     0.00775964
     0.00944617
     0.00920940
     0.00873695
     0.00826524
     0.00779425
     0.00732401
     0.00685450
     0.00638572
     0.00591768
     0.00545037
     0.00498381
     0.00451796
     0.00405286
     0.00358849
     0.00312486
     0.00266196
     0.00219980
     0.00173837
     0.00127769
     0.00081781
     0.00035852
     0.00009962
     0.00055751
     0.00101450
     0.00136291
     0.00165696
     0.00195070
     0.00224415
     0.00253728
     0.00281622
     0.00307961
     0.00334275
     0.00360564
     0.00386830
     0.00413069
     0.00439285
     0.00465475
     0.00491642
     0.00517783
     0.00522387
     0.00513673
     0.00504956
     0.00496236
     0.00487514
     0.00520998
     0.00570665
     0.00620243
     0.00669730
     0.00719129
     0.00768437
     0.00817657
     0.00707268
     0.00526918
     0.00366872
     0.00247906
     0.00201374
     0.00206363
     0.20770409
     0.00000000
     0.00000000
     0.00000000
     0.00000000
     0.00000000
     0.00000000
     0.00000000
     0.00000000
     0.00000000
     0.00000000
     0.00000000
     0.00000000
     0.00000000
     0.00000000
     0.00000000
     0.00000000
     0.00000000
     0.00000000
     0.00000000
     0.00000000
     0.00000000
     0.00000000
     0.00000000
     0.00000000
     0.00000000
     0.00382036
     0.00258738
     0.00142068
     0.00024882
     0.00092763
     0.00210891
     0.00329502
     0.00448595
     0.00568170
     0.00640247
     0.00669957
     0.00699697
     0.00711442
     0.00701323
     0.00691207
     0.00690361
     0.00758578
     0.00927227
     0.00896263
     0.00849023
     0.00801855
     0.00754761
     0.00707740
     0.00660794
     0.00613921
     0.00567120
     0.00520394
     0.00473741
     0.00427162
     0.00380655
     0.00334223
     0.00287863
     0.00241578
     0.00195365
     0.00149227
     0.00103162
     0.00057179
     0.00011248
     0.00034556
     0.00080341
     0.00126037
     0.00164962
     0.00194360
     0.00223728
     0.00253064
     0.00282371
     0.00311106
     0.00337438
     0.00363745
     0.00390028
     0.00416285
     0.00442518
     0.00468727
     0.00494911
     0.00521069
     0.00547204
     0.00554453
     0.00545742
     0.00537028
     0.00514231
     0.00469840
     0.00476007
     0.00525794
     0.00575492
     0.00625100
     0.00674620
     0.00724050
     0.00755009
     0.00555439
     0.00373656
     0.00253142
     0.00134182
     0.00100965
     0.00165558
     0.20833212
     0.00000000
     0.00000000
     0.00000000
     0.00000000
     0.00000000
     0.00000000
     0.00000000
     0.00000000
     0.00000000
     0.00000000
     0.00000000
     0.00000000
     0.00000000
     0.00000000
     0.00000000
     0.00000000
     0.00000000
     0.00000000
     0.00000000
     0.00000000
     0.00000000
     0.00000000
     0.00000000
     0.00000000
     0.00000000
     0.00412484
     0.00280164
     0.00163492
     0.00046304
     0.00071344
     0.00189474
     0.00308087
     0.00427183
     0.00546761
     0.00601716
     0.00631409
     0.00661132
     0.00690885
     0.00683101
     0.00673705
     0.00674867
     0.00741163
     0.00909840
     0.00871587
     0.00824350
     0.00777187
     0.00730098
     0.00683081
     0.00636139
     0.00589269
     0.00542473
     0.00495750
     0.00449102
     0.00402526
     0.00356024
     0.00309595
     0.00263241
     0.00216959
     0.00170752
     0.00124617
     0.00078555
     0.00032577
     0.00013355
     0.00059150
     0.00104930
     0.00150621
     0.00193631
     0.00223022
     0.00252383
     0.00281713
     0.00311013
     0.00340282
     0.00366913
     0.00393213
     0.00419489
     0.00445739
     0.00471966
     0.00498167
     0.00524344
     0.00550495
     0.00576623
     0.00586515
     0.00564569
     0.00520224
     0.00475806
     0.00431319
     0.00430852
     0.00480761
     0.00530579
     0.00580309
     0.00629948
     0.00679499
     0.00603343
     0.00402503
     0.00258368
     0.00139337
     0.00019805
     0.00038114
     0.00109693
     0.20896155
     0.00000000
     0.00000000
     0.00000000
     0.00000000
     0.00000000
     0.00000000
     0.00000000
     0.00000000
     0.00000000
     0.00000000
     0.00000000
     0.00000000
     0.00000000
     0.00000000
     0.00000000
     0.00000000
     0.00000000
     0.00000000
     0.00000000
     0.00000000
     0.00000000
     0.00000000
     0.00000000
     0.00000000
     0.00000000
     0.00442929
     0.00306119
     0.00184916
     0.00067725
     0.00049925
     0.00168058
     0.00286673
     0.00405771
     0.00525351
     0.00563194
     0.00592871
     0.00622578
     0.00652314
     0.00664880
     0.00658213
     0.00659375
     0.00723752
     0.00892453
     0.00846911
     0.00799678
     0.00752520
     0.00705435
     0.00658422
     0.00611484
     0.00564618
     0.00517827
     0.00471108
     0.00424464
     0.00377892
     0.00331394
     0.00284969
     0.00238619
     0.00192341
     0.00146138
     0.00100007
     0.00053949
     0.00007976
     0.00037932
     0.00083743
     0.00129519
     0.00175206
     0.00220819
     0.00251682
     0.00281037
     0.00310359
     0.00339652
     0.00368915
     0.00396386
     0.00422679
     0.00448947
     0.00475191
     0.00501410
     0.00527605
     0.00553774
     0.00579919
     0.00598811
     0.00570576
     0.00526205
     0.00481763
     0.00437249
     0.00392664
     0.00385534
     0.00435564
     0.00485503
     0.00535353
     0.00585114
     0.00634784
     0.00450571
     0.00283404
     0.00144482
     0.00024878
     0.00042050
     0.00024990
     0.00046802
     0.20959238
     0.00000000
     0.00000000
     0.00000000
     0.00000000
     0.00000000
     0.00000000
     0.00000000
     0.00000000
     0.00000000
     0.00000000
     0.00000000
     0.00000000
     0.00000000
     0.00000000
     0.00000000
     0.00000000
     0.00000000
     0.00000000
     0.00000000
     0.00000000
     0.00000000
     0.00000000
     0.00000000
     0.00000000
     0.00000000
     0.00473371
     0.00336604
     0.00206339
     0.00089147
     0.00028506
     0.00146641
     0.00265259
     0.00384359
     0.00495050
     0.00524682
     0.00554343
     0.00584032
     0.00613753
     0.00643502
     0.00642721
     0.00643884
     0.00706340
     0.00869538
     0.00822236
     0.00775008
     0.00727853
     0.00680772
     0.00633763
     0.00586829
     0.00539968
     0.00493180
     0.00446466
     0.00399825
     0.00353259
     0.00306764
     0.00260345
     0.00213998
     0.00167725
     0.00121525
     0.00075398
     0.00029343
     0.00016625
     0.00062529
     0.00108336
     0.00154108
     0.00199789
     0.00245398
     0.00280341
     0.00309688
     0.00339004
     0.00368289
     0.00397545
     0.00425856
     0.00452143
     0.00478404
     0.00504640
     0.00530853
     0.00557040
     0.00583203
     0.00576456
     0.00558468
     0.00532178
     0.00487710
     0.00443171
     0.00398560
     0.00353878
     0.00340054
     0.00390204
     0.00440264
     0.00490235
     0.00540116
     0.00498616
     0.00330229
     0.00166908
     0.00029943
     0.00075143
     0.00088617
     0.00088346
     0.00016342
     0.21022460
     0.00000000
     0.00000000
     0.00000000
     0.00000000
     0.00000000
     0.00000000
     0.00000000
     0.00000000
     0.00000000
     0.00000000
     0.00000000
     0.00000000
     0.00000000
     0.00000000
     0.00000000
     0.00000000
     0.00000000
     0.00000000
     0.00000000
     0.00000000
     0.00000000
     0.00000000
     0.00000000
     0.00000000
     0.00000000
     0.00503810
     0.00367086
     0.00229700
     0.00110567
     0.00007088
     0.00125225
     0.00243845
     0.00362948
     0.00456564
     0.00486179
     0.00515823
     0.00545497
     0.00575201
     0.00604933
     0.00627232
     0.00628395
     0.00688930
     0.00844859
     0.00797562
     0.00750337
     0.00703187
     0.00656110
     0.00609105
     0.00562175
     0.00515318
     0.00468535
     0.00421824
     0.00375188
     0.00328625
     0.00282136
     0.00235719
     0.00189377
     0.00143108
     0.00096913
     0.00050790
     0.00004738
     0.00041225
     0.00087126
     0.00132928
     0.00178695
     0.00224373
     0.00269978
     0.00308998
     0.00338337
     0.00367647
     0.00396926
     0.00426174
     0.00455325
     0.00481604
     0.00507858
     0.00534087
     0.00560293
     0.00572035
     0.00554030
     0.00536013
     0.00517985
     0.00493647
     0.00449082
     0.00404445
     0.00359738
     0.00314959
     0.00294410
     0.00344681
     0.00394862
     0.00444954
     0.00494956
     0.00377030
     0.00213854
     0.00049733
     0.00085250
     0.00121842
     0.00135348
     0.00148858
     0.00079739
     0.21097662
     0.00000000
     0.00000000
     0.00000000
     0.00000000
     0.00000000
     0.00000000
     0.00000000
     0.00000000
     0.00000000
     0.00000000
     0.00000000
     0.00000000
     0.00000000
     0.00000000
     0.00000000
     0.00000000
     0.00000000
     0.00000000
     0.00000000
     0.00000000
     0.00000000
     0.00000000
     0.00000000
     0.00000000
     0.00000000
     0.00534246
     0.00397565
     0.00260220
     0.00131988
     0.00014331
     0.00103809
     0.00222432
     0.00341537
     0.00418087
     0.00447686
     0.00477313
     0.00506971
     0.00536658
     0.00566374
     0.00607601
     0.00612907
     0.00671520
     0.00820181
     0.00772888
     0.00725667
     0.00678521
     0.00631448
     0.00584448
     0.00537522
     0.00490669
     0.00443890
     0.00397184
     0.00350552
     0.00303992
     0.00257507
     0.00211095
     0.00164757
     0.00118492
     0.00072301
     0.00026182
     0.00019867
     0.00065825
     0.00111722
     0.00157519
     0.00203282
     0.00248955
     0.00294556
     0.00337652
     0.00366985
     0.00396288
     0.00425559
     0.00454801
     0.00484012
     0.00511062
     0.00537310
     0.00563532
     0.00549566
     0.00531532
     0.00513486
     0.00495429
     0.00477360
     0.00454984
     0.00410321
     0.00365587
     0.00320783
     0.00275906
     0.00248603
     0.00298996
     0.00349297
     0.00399510
     0.00423810
     0.00260777
     0.00096799
     0.00068122
     0.00155171
     0.00168703
     0.00182241
     0.00195784
     0.00143389
     0.21155384
     0.00000000
     0.00000000
     0.00000000
     0.00000000
     0.00000000
     0.00000000
     0.00000000
     0.00000000
     0.00000000
     0.00000000
     0.00000000
     0.00000000
     0.00000000
     0.00000000
     0.00000000
     0.00000000
     0.00000000
     0.00000000
     0.00000000
     0.00000000
     0.00000000
     0.00000000
     0.00000000
     0.00000000
     0.00000000
     0.00564680
     0.00428041
     0.00290738
     0.00153409
     0.00035749
     0.00082394
     0.00201019
     0.00320126
     0.00379619
     0.00409202
     0.00438814
     0.00468454
     0.00498125
     0.00528242
     0.00570910
     0.00597422
     0.00654111
     0.00795504
     0.00748214
     0.00700999
     0.00653856
     0.00606787
     0.00559792
     0.00512869
     0.00466021
     0.00419245
     0.00372544
     0.00325915
     0.00279361
     0.00232879
     0.00186472
     0.00140137
     0.00093877
     0.00047689
     0.00001575
     0.00044471
     0.00090424
     0.00136318
     0.00182110
     0.00227869
     0.00273538
     0.00319135
     0.00364658
     0.00395630
     0.00424926
     0.00454191
     0.00483426
     0.00512630
     0.00540518
     0.00545077
     0.00527025
     0.00508963
     0.00490887
     0.00472802
     0.00454703
     0.00436594
     0.00416188
     0.00371429
     0.00326598
     0.00281696
     0.00236723
     0.00202634
     0.00253147
     0.00303569
     0.00360942
     0.00307677
     0.00143844
     0.00020933
     0.00179059
     0.00202165
     0.00215728
     0.00229297
     0.00242872
     0.00190511
     0.21213221
     0.00000000
     0.00000000
     0.00000000
     0.00000000
     0.00000000
     0.00000000
     0.00000000
     0.00000000
     0.00000000
     0.00000000
     0.00000000
     0.00000000
     0.00000000
     0.00000000
     0.00000000
     0.00000000
     0.00000000
     0.00000000
     0.00000000
     0.00000000
     0.00000000
     0.00000000
     0.00000000
     0.00000000
     0.00000000
     0.00595133
     0.00458514
     0.00321253
     0.00183290
     0.00057166
     0.00060979
     0.00179606
     0.00298716
     0.00341161
     0.00370728
     0.00400322
     0.00429947
     0.00459602
     0.00491580
     0.00534228
     0.00576936
     0.00636704
     0.00770826
     0.00723542
     0.00676330
     0.00629191
     0.00582127
     0.00535135
     0.00488217
     0.00441372
     0.00394602
     0.00347903
     0.00301280
     0.00254729
     0.00208252
     0.00161848
     0.00115518
     0.00069261
     0.00023079
     0.00023031
     0.00069076
     0.00115022
     0.00160913
     0.00206701
     0.00252454
     0.00298119
     0.00343712
     0.00389231
     0.00424275
     0.00453563
     0.00482821
     0.00512049
     0.00538190
     0.00522494
     0.00504413
     0.00486321
     0.00468218
     0.00450102
     0.00431975
     0.00413836
     0.00395686
     0.00377260
     0.00332403
     0.00287476
     0.00242477
     0.00197407
     0.00156502
     0.00207135
     0.00264416
     0.00324354
     0.00190867
     0.00026233
     0.00139345
     0.00228830
     0.00249321
     0.00262916
     0.00276517
     0.00288337
     0.00226683
     0.21271174
     0.00000000
     0.00000000
     0.00000000
     0.00000000
     0.00000000
     0.00000000
     0.00000000
     0.00000000
     0.00000000
     0.00000000
     0.00000000
     0.00000000
     0.00000000
     0.00000000
     0.00000000
     0.00000000
     0.00000000
     0.00000000
     0.00000000
     0.00000000
     0.00000000
     0.00000000
     0.00000000
     0.00000000
     0.00000000
     0.00625551
     0.00488984
     0.00351765
     0.00213843
     0.00078583
     0.00039564
     0.00158194
     0.00273193
     0.00302713
     0.00332262
     0.00361841
     0.00391449
     0.00421088
     0.00454926
     0.00497553
     0.00540240
     0.00619298
     0.00746150
     0.00698869
     0.00651662
     0.00604527
     0.00557467
     0.00510479
     0.00463566
     0.00416725
     0.00369958
     0.00323264
     0.00276645
     0.00230098
     0.00183625
     0.00137225
     0.00090900
     0.00044647
     0.00001532
     0.00047637
     0.00093670
     0.00139621
     0.00185507
     0.00231290
     0.00277040
     0.00322701
     0.00368289
     0.00413804
     0.00452916
     0.00482198
     0.00511449
     0.00512586
     0.00498757
     0.00481730
     0.00463608
     0.00445475
     0.00427332
     0.00409175
     0.00391008
     0.00372828
     0.00354638
     0.00336435
     0.00293245
     0.00248220
     0.00203124
     0.00157957
     0.00112718
     0.00167393
     0.00227582
     0.00237867
     0.00073377
     0.00092057
     0.00219918
     0.00278777
     0.00296640
     0.00310267
     0.00323901
     0.00307716
     0.00262971
     0.21329242
     0.00000000
     0.00000000
     0.00000000
     0.00000000
     0.00000000
     0.00000000
     0.00000000
     0.00000000
     0.00000000
     0.00000000
     0.00000000
     0.00000000
     0.00000000
     0.00000000
     0.00000000
     0.00000000
     0.00000000
     0.00000000
     0.00000000
     0.00000000
     0.00000000
     0.00000000
     0.00000000
     0.00000000
     0.00000000
     0.00655989
     0.00519451
     0.00382273
     0.00244393
     0.00105865
     0.00018150
     0.00136782
     0.00234770
     0.00264274
     0.00293807
     0.00323370
     0.00352961
     0.00382583
     0.00418279
     0.00460885
     0.00503551
     0.00591741
     0.00721475
     0.00674197
     0.00626994
     0.00579864
     0.00532807
     0.00485825
     0.00438914
     0.00392078
     0.00345315
     0.00298626
     0.00252010
     0.00205468
     0.00158999
     0.00112604
     0.00066282
     0.00020034
     0.00026141
     0.00072243
     0.00118271
     0.00164218
     0.00210102
     0.00255879
     0.00301624
     0.00347281
     0.00392865
     0.00438376
     0.00481556
     0.00500748
     0.00486902
     0.00473049
     0.00458974
     0.00440824
     0.00422662
     0.00404488
     0.00386304
     0.00368107
     0.00349899
     0.00331679
     0.00313447
     0.00295204
     0.00253955
     0.00208834
     0.00163641
     0.00118376
     0.00069873
     0.00130313
     0.00190626
     0.00120500
     0.00044792
     0.00211010
     0.00269897
     0.00328901
     0.00344123
     0.00357782
     0.00356678
     0.00327153
     0.00297655
     0.21387426
     0.00000000
     0.00000000
     0.00000000
     0.00000000
     0.00000000
     0.00000000
     0.00000000
     0.00000000
     0.00000000
     0.00000000
     0.00000000
     0.00000000
     0.00000000
     0.00000000
     0.00000000
     0.00000000
     0.00000000
     0.00000000
     0.00000000
     0.00000000
     0.00000000
     0.00000000
     0.00000000
     0.00000000
     0.00000000
     0.00672607
     0.00549916
     0.00412779
     0.00274940
     0.00136454
     0.00003264
     0.00115370
     0.00196357
     0.00225844
     0.00255360
     0.00284907
     0.00314482
     0.00344087
     0.00381640
     0.00424225
     0.00466871
     0.00537584
     0.00696800
     0.00649526
     0.00602327
     0.00555201
     0.00508149
     0.00461169
     0.00414264
     0.00367432
     0.00320673
     0.00273988
     0.00227376
     0.00180838
     0.00134374
     0.00087982
     0.00041665
     0.00004580
     0.00050750
     0.00096848
     0.00142872
     0.00188815
     0.00234695
     0.00280468
     0.00326209
     0.00371861
     0.00417441
     0.00462948
     0.00483488
     0.00461135
     0.00447258
     0.00433375
     0.00417967
     0.00399777
     0.00381574
     0.00363361
     0.00345135
     0.00326897
     0.00308648
     0.00290388
     0.00272115
     0.00253832
     0.00214533
     0.00169314
     0.00124024
     0.00070581
     0.00032547
     0.00093111
     0.00153548
     0.00002453
     0.00163639
     0.00261022
     0.00320052
     0.00378083
     0.00391768
     0.00405461
     0.00376214
     0.00346648
     0.00317109
     0.21445725
     0.00000000
     0.00000000
     0.00000000
     0.00000000
     0.00000000
     0.00000000
     0.00000000
     0.00000000
     0.00000000
     0.00000000
     0.00000000
     0.00000000
     0.00000000
     0.00000000
     0.00000000
     0.00000000
     0.00000000
     0.00000000
     0.00000000
     0.00000000
     0.00000000
     0.00000000
     0.00000000
     0.00000000
     0.00000000
     0.00681019
     0.00580378
     0.00443282
     0.00305485
     0.00167040
     0.00027925
     0.00093959
     0.00157953
     0.00187424
     0.00216924
     0.00246454
     0.00276013
     0.00305601
     0.00345009
     0.00387572
     0.00430198
     0.00483462
     0.00663675
     0.00624856
     0.00577661
     0.00530539
     0.00483491
     0.00436515
     0.00389614
     0.00342786
     0.00296032
     0.00249350
     0.00202743
     0.00156209
     0.00109748
     0.00063361
     0.00017048
     0.00029193
     0.00075359
     0.00121452
     0.00167472
     0.00213411
     0.00259288
     0.00305057
     0.00350792
     0.00396441
     0.00442016
     0.00487518
     0.00462860
     0.00421387
     0.00407480
     0.00393566
     0.00376820
     0.00358589
     0.00340345
     0.00322090
     0.00303825
     0.00285546
     0.00267257
     0.00248955
     0.00230643
     0.00212318
     0.00174977
     0.00129661
     0.00076654
     0.00017763
     0.00004902
     0.00055788
     0.00049674
     0.00116274
     0.00252153
     0.00311210
     0.00370383
     0.00425860
     0.00439578
     0.00425446
     0.00395809
     0.00366201
     0.00336621
     0.21504140
     0.00000000
     0.00000000
     0.00000000
     0.00000000
     0.00000000
     0.00000000
     0.00000000
     0.00000000
     0.00000000
     0.00000000
     0.00000000
     0.00000000
     0.00000000
     0.00000000
     0.00000000
     0.00000000
     0.00000000
     0.00000000
     0.00000000
     0.00000000
     0.00000000
     0.00000000
     0.00000000
     0.00000000
     0.00000000
     0.00689428
     0.00610836
     0.00473783
     0.00336027
     0.00197623
     0.00058549
     0.00072549
     0.00119559
     0.00149013
     0.00178497
     0.00208010
     0.00237553
     0.00267125
     0.00308384
     0.00350927
     0.00393531
     0.00436227
     0.00612310
     0.00600185
     0.00552995
     0.00505878
     0.00458833
     0.00411862
     0.00364965
     0.00318141
     0.00271390
     0.00224714
     0.00178110
     0.00131581
     0.00085124
     0.00038741
     0.00007569
     0.00053805
     0.00099967
     0.00146056
     0.00192071
     0.00238007
     0.00283880
     0.00329645
     0.00375375
     0.00421019
     0.00466591
     0.00512089
     0.00442167
     0.00381503
     0.00367565
     0.00353621
     0.00335531
     0.00317258
     0.00298975
     0.00280680
     0.00262373
     0.00244054
     0.00225724
     0.00207382
     0.00189028
     0.00170663
     0.00135290
     0.00082720
     0.00023796
     0.00035247
     0.00042471
     0.00018341
     0.00068930
     0.00235678
     0.00302374
     0.00361574
     0.00420891
     0.00473800
     0.00474846
     0.00445139
     0.00415462
     0.00385812
     0.00356191
     0.21562670
     0.00000000
     0.00000000
     0.00000000
     0.00000000
     0.00000000
     0.00000000
     0.00000000
     0.00000000
     0.00000000
     0.00000000
     0.00000000
     0.00000000
     0.00000000
     0.00000000
     0.00000000
     0.00000000
     0.00000000
     0.00000000
     0.00000000
     0.00000000
     0.00000000
     0.00000000
     0.00000000
     0.00000000
     0.00000000
     0.00697834
     0.00641292
     0.00504280
     0.00366565
     0.00228202
     0.00089171
     0.00050531
     0.00081174
     0.00110612
     0.00140079
     0.00169576
     0.00199103
     0.00229306
     0.00271768
     0.00314290
     0.00356901
     0.00399548
     0.00560975
     0.00566006
     0.00528330
     0.00481216
     0.00434176
     0.00387209
     0.00340316
     0.00293496
     0.00246750
     0.00200077
     0.00153478
     0.00106952
     0.00060500
     0.00014121
     0.00032184
     0.00078416
     0.00124575
     0.00170659
     0.00216671
     0.00262602
     0.00308473
     0.00354232
     0.00399957
     0.00445598
     0.00491165
     0.00510888
     0.00421410
     0.00341484
     0.00327515
     0.00312401
     0.00294100
     0.00275787
     0.00257463
     0.00239127
     0.00220780
     0.00202421
     0.00184049
     0.00165667
     0.00147272
     0.00128867
     0.00088775
     0.00029819
     0.00029257
     0.00088452
     0.00080164
     0.00021609
     0.00188213
     0.00293543
     0.00352770
     0.00412114
     0.00471575
     0.00521904
     0.00494640
     0.00464892
     0.00435173
     0.00405482
     0.00375819
     0.21621315
     0.00000000
     0.00000000
     0.00000000
     0.00000000
     0.00000000
     0.00000000
     0.00000000
     0.00000000
     0.00000000
     0.00000000
     0.00000000
     0.00000000
     0.00000000
     0.00000000
     0.00000000
     0.00000000
     0.00000000
     0.00000000
     0.00000000
     0.00000000
     0.00000000
     0.00000000
     0.00000000
     0.00000000
     0.00000000
     0.00706238
     0.00671745
     0.00534775
     0.00397101
     0.00258780
     0.00119790
     0.00015567
     0.00042799
     0.00072221
     0.00101671
     0.00131152
     0.00160661
     0.00192717
     0.00235158
     0.00277660
     0.00320251
     0.00362876
     0.00509667
     0.00514694
     0.00503665
     0.00456555
     0.00409520
     0.00362557
     0.00315668
     0.00268852
     0.00222110
     0.00175441
     0.00128847
     0.00082324
     0.00035877
     0.00010498
     0.00056799
     0.00103027
     0.00149182
     0.00195262
     0.00241269
     0.00287197
     0.00333064
     0.00378818
     0.00424539
     0.00470175
     0.00515738
     0.00490201
     0.00400587
     0.00310692
     0.00287330
     0.00270870
     0.00252529
     0.00234175
     0.00215810
     0.00197433
     0.00179045
     0.00160645
     0.00142234
     0.00123810
     0.00105376
     0.00080694
     0.00035833
     0.00023276
     0.00082503
     0.00141850
     0.00117977
     0.00140770
     0.00284719
     0.00343971
     0.00403342
     0.00462830
     0.00516310
     0.00544310
     0.00514492
     0.00484703
     0.00454943
     0.00425210
     0.00395506
     0.21679761
     0.00000000
     0.00000000
     0.00000000
     0.00000000
     0.00000000
     0.00000000
     0.00000000
     0.00000000
     0.00000000
     0.00000000
     0.00000000
     0.00000000
     0.00000000
     0.00000000
     0.00000000
     0.00000000
     0.00000000
     0.00000000
     0.00000000
     0.00000000
     0.00000000
     0.00000000
     0.00000000
     0.00000000
     0.00000000
     0.00714639
     0.00702196
     0.00565266
     0.00427634
     0.00289355
     0.00150405
     0.00020757
     0.00004433
     0.00033838
     0.00063273
     0.00092736
     0.00122230
     0.00156136
     0.00198557
     0.00241037
     0.00283608
     0.00326212
     0.00458388
     0.00463411
     0.00468434
     0.00431896
     0.00384863
     0.00337905
     0.00291020
     0.00244209
     0.00197471
     0.00150807
     0.00104215
     0.00057698
     0.00011254
     0.00035117
     0.00081414
     0.00127638
     0.00173787
     0.00219864
     0.00265868
     0.00311792
     0.00357655
     0.00403404
     0.00449120
     0.00494752
     0.00540312
     0.00469449
     0.00379700
     0.00289668
     0.00247009
     0.00229197
     0.00210815
     0.00192421
     0.00174016
     0.00155599
     0.00137169
     0.00118729
     0.00100277
     0.00081813
     0.00057560
     0.00025611
     0.00017302
     0.00076562
     0.00135942
     0.00195441
     0.00155914
     0.00260611
     0.00335180
     0.00394576
     0.00444097
     0.00492434
     0.00540848
     0.00564262
     0.00534402
     0.00504572
     0.00474771
     0.00444997
     0.00415252
     0.21721473
     0.00000000
     0.00000000
     0.00000000
     0.00000000
     0.00000000
     0.00000000
     0.00000000
     0.00000000
     0.00000000
     0.00000000
     0.00000000
     0.00000000
     0.00000000
     0.00000000
     0.00000000
     0.00000000
     0.00000000
     0.00000000
     0.00000000
     0.00000000
     0.00000000
     0.00000000
     0.00000000
     0.00000000
     0.00000000
     0.00723038
     0.00732643
     0.00595754
     0.00458164
     0.00319926
     0.00181019
     0.00057074
     0.00032345
     0.00004534
     0.00024883
     0.00054331
     0.00083807
     0.00119564
     0.00161962
     0.00204422
     0.00246971
     0.00289555
     0.00407138
     0.00412156
     0.00417174
     0.00407236
     0.00360208
     0.00313254
     0.00266373
     0.00219565
     0.00172832
     0.00126171
     0.00079585
     0.00033071
     0.00013368
     0.00059735
     0.00106028
     0.00152247
     0.00198394
     0.00244465
     0.00290465
     0.00336384
     0.00382246
     0.00427990
     0.00473701
     0.00519329
     0.00538233
     0.00448632
     0.00358748
     0.00268581
     0.00205796
     0.00187385
     0.00168961
     0.00150527
     0.00132080
     0.00113622
     0.00095152
     0.00076671
     0.00058178
     0.00034356
     0.00002357
     0.00029675
     0.00070631
     0.00130043
     0.00189575
     0.00249226
     0.00213068
     0.00323786
     0.00371967
     0.00420223
     0.00468557
     0.00516970
     0.00565458
     0.00584271
     0.00554371
     0.00524499
     0.00494656
     0.00464842
     0.00435055
     0.21763242
     0.00000000
     0.00000000
     0.00000000
     0.00000000
     0.00000000
     0.00000000
     0.00000000
     0.00000000
     0.00000000
     0.00000000
     0.00000000
     0.00000000
     0.00000000
     0.00000000
     0.00000000
     0.00000000
     0.00000000
     0.00000000
     0.00000000
     0.00000000
     0.00000000
     0.00000000
     0.00000000
     0.00000000
     0.00000000
     0.00731434
     0.00763086
     0.00626240
     0.00488692
     0.00350494
     0.00211629
     0.00093384
     0.00068666
     0.00042898
     0.00013497
     0.00015935
     0.00045395
     0.00082998
     0.00125376
     0.00167814
     0.00210343
     0.00252906
     0.00355917
     0.00360929
     0.00365943
     0.00370957
     0.00335554
     0.00288603
     0.00241727
     0.00194923
     0.00148194
     0.00101537
     0.00054955
     0.00008445
     0.00037990
     0.00084353
     0.00130642
     0.00176856
     0.00222999
     0.00269067
     0.00315061
     0.00360978
     0.00406835
     0.00452575
     0.00498281
     0.00543905
     0.00517486
     0.00427750
     0.00337731
     0.00247428
     0.00163882
     0.00145429
     0.00126965
     0.00108489
     0.00090002
     0.00071504
     0.00052994
     0.00034472
     0.00011082
     0.00020966
     0.00053049
     0.00085166
     0.00124154
     0.00183717
     0.00243401
     0.00286685
     0.00299919
     0.00348096
     0.00396351
     0.00444682
     0.00493091
     0.00541576
     0.00590139
     0.00604339
     0.00574397
     0.00544484
     0.00514601
     0.00484745
     0.00454917
     0.21805070
     0.00000000
     0.00000000
     0.00000000
     0.00000000
     0.00000000
     0.00000000
     0.00000000
     0.00000000
     0.00000000
     0.00000000
     0.00000000
     0.00000000
     0.00000000
     0.00000000
     0.00000000
     0.00000000
     0.00000000
     0.00000000
     0.00000000
     0.00000000
     0.00000000
     0.00000000
     0.00000000
     0.00000000
     0.00000000
     0.00739828
     0.00793529
     0.00656724
     0.00519216
     0.00381061
     0.00242235
     0.00129686
     0.00104981
     0.00080255
     0.00051867
     0.00022452
     0.00006991
     0.00046439
     0.00088796
     0.00131214
     0.00173723
     0.00216264
     0.00304724
     0.00309731
     0.00314741
     0.00319751
     0.00310899
     0.00263954
     0.00217081
     0.00170282
     0.00123556
     0.00076903
     0.00030325
     0.00016180
     0.00062611
     0.00108970
     0.00155254
     0.00201465
     0.00247604
     0.00293667
     0.00339658
     0.00385571
     0.00431425
     0.00477159
     0.00522861
     0.00568481
     0.00496674
     0.00406803
     0.00316648
     0.00226211
     0.00132327
     0.00103333
     0.00084828
     0.00066312
     0.00047784
     0.00029245
     0.00010694
     0.00012263
     0.00044361
     0.00076492
     0.00108659
     0.00140861
     0.00177870
     0.00227173
     0.00272461
     0.00292615
     0.00324226
     0.00372478
     0.00420806
     0.00469212
     0.00517695
     0.00566255
     0.00614892
     0.00624465
     0.00594483
     0.00564529
     0.00534603
     0.00504706
     0.00474837
     0.21846955
     0.00000000
     0.00000000
     0.00000000
     0.00000000
     0.00000000
     0.00000000
     0.00000000
     0.00000000
     0.00000000
     0.00000000
     0.00000000
     0.00000000
     0.00000000
     0.00000000
     0.00000000
     0.00000000
     0.00000000
     0.00000000
     0.00000000
     0.00000000
     0.00000000
     0.00000000
     0.00000000
     0.00000000
     0.00000000
     0.00748219
     0.00823967
     0.00687203
     0.00549738
     0.00411623
     0.00272840
     0.00165981
     0.00141288
     0.00116575
     0.00090228
     0.00060830
     0.00031402
     0.00009888
     0.00052225
     0.00094622
     0.00137109
     0.00179630
     0.00253560
     0.00258563
     0.00263567
     0.00268571
     0.00273577
     0.00239303
     0.00192435
     0.00145640
     0.00098919
     0.00052271
     0.00005697
     0.00040805
     0.00087232
     0.00133586
     0.00179867
     0.00226073
     0.00272207
     0.00318268
     0.00364253
     0.00410163
     0.00456014
     0.00501744
     0.00547440
     0.00565522
     0.00475799
     0.00385791
     0.00295501
     0.00204928
     0.00110038
     0.00061095
     0.00042550
     0.00023993
     0.00005424
     0.00013156
     0.00035677
     0.00067824
     0.00100007
     0.00132223
     0.00164474
     0.00190128
     0.00203463
     0.00248749
     0.00294104
     0.00300357
     0.00348605
     0.00396931
     0.00445334
     0.00493814
     0.00542371
     0.00591005
     0.00639717
     0.00644649
     0.00614626
     0.00584631
     0.00554664
     0.00524725
     0.00494815
     0.21888898
     0.00000000
     0.00000000
     0.00000000
     0.00000000
     0.00000000
     0.00000000
     0.00000000
     0.00000000
     0.00000000
     0.00000000
     0.00000000
     0.00000000
     0.00000000
     0.00000000
     0.00000000
     0.00000000
     0.00000000
     0.00000000
     0.00000000
     0.00000000
     0.00000000
     0.00000000
     0.00000000
     0.00000000
     0.00000000
     0.00756608
     0.00854403
     0.00717681
     0.00580256
     0.00442183
     0.00303442
     0.00202269
     0.00177588
     0.00152887
     0.00128163
     0.00099198
     0.00068910
     0.00026655
     0.00015660
     0.00058037
     0.00100503
     0.00143004
     0.00202424
     0.00207423
     0.00212422
     0.00217421
     0.00222422
     0.00214654
     0.00167791
     0.00120999
     0.00074283
     0.00027638
     0.00018932
     0.00065429
     0.00111852
     0.00158202
     0.00204478
     0.00250682
     0.00296810
     0.00342867
     0.00388849
     0.00434755
     0.00480602
     0.00526327
     0.00572018
     0.00544716
     0.00454857
     0.00364714
     0.00274289
     0.00183581
     0.00087682
     0.00018716
     0.00000130
     0.00018468
     0.00037077
     0.00059163
     0.00091359
     0.00123590
     0.00155856
     0.00188157
     0.00204503
     0.00214374
     0.00225036
     0.00270389
     0.00314937
     0.00324733
     0.00373056
     0.00421456
     0.00469934
     0.00518487
     0.00567118
     0.00615828
     0.00664613
     0.00664892
     0.00634827
     0.00604791
     0.00574783
     0.00544803
     0.00514852
     0.21930900
     0.00000000
     0.00000000
     0.00000000
     0.00000000
     0.00000000
     0.00000000
     0.00000000
     0.00000000
     0.00000000
     0.00000000
     0.00000000
     0.00000000
     0.00000000
     0.00000000
     0.00000000
     0.00000000
     0.00000000
     0.00000000
     0.00000000
     0.00000000
     0.00000000
     0.00000000
     0.00000000
     0.00000000
     0.00000000
     0.00764994
     0.00884835
     0.00748154
     0.00610772
     0.00472741
     0.00334039
     0.00238550
     0.00213881
     0.00189190
     0.00164480
     0.00137556
     0.00105425
     0.00063191
     0.00020896
     0.00021459
     0.00063906
     0.00106384
     0.00151318
     0.00156311
     0.00161305
     0.00166300
     0.00171296
     0.00176292
     0.00143146
     0.00096359
     0.00049646
     0.00003006
     0.00043559
     0.00090052
     0.00136472
     0.00182817
     0.00229090
     0.00275288
     0.00321414
     0.00367466
     0.00413443
     0.00459345
     0.00505190
     0.00550910
     0.00596597
     0.00523845
     0.00433850
     0.00343573
     0.00253012
     0.00162168
     0.00065259
     0.00023806
     0.00042432
     0.00061070
     0.00082718
     0.00114963
     0.00147244
     0.00179560
     0.00209041
     0.00218922
     0.00228805
     0.00238691
     0.00248582
     0.00292093
     0.00329214
     0.00349181
     0.00397579
     0.00446052
     0.00494604
     0.00543233
     0.00591938
     0.00640721
     0.00689581
     0.00685193
     0.00655086
     0.00625009
     0.00594961
     0.00564940
     0.00534946
     0.21972959
     0.00000000
     0.00000000
     0.00000000
     0.00000000
     0.00000000
     0.00000000
     0.00000000
     0.00000000
     0.00000000
     0.00000000
     0.00000000
     0.00000000
     0.00000000
     0.00000000
     0.00000000
     0.00000000
     0.00000000
     0.00000000
     0.00000000
     0.00000000
     0.00000000
     0.00000000
     0.00000000
     0.00000000
     0.00000000
     0.00773377
     0.00915265
     0.00778626
     0.00641285
     0.00503294
     0.00364636
     0.00274822
     0.00250165
     0.00225488
     0.00200789
     0.00175905
     0.00141933
     0.00099719
     0.00057446
     0.00015112
     0.00027314
     0.00069773
     0.00100239
     0.00105228
     0.00110217
     0.00115207
     0.00120198
     0.00125190
     0.00118502
     0.00071720
     0.00025010
     0.00021625
     0.00068187
     0.00114675
     0.00161091
     0.00207433
     0.00253700
     0.00299895
     0.00346017
     0.00392064
     0.00438038
     0.00483936
     0.00529777
     0.00575492
     0.00592757
     0.00502909
     0.00412780
     0.00322366
     0.00231670
     0.00140241
     0.00042767
     0.00055030
     0.00085135
     0.00106344
     0.00138639
     0.00170969
     0.00203334
     0.00223493
     0.00233385
     0.00243281
     0.00253180
     0.00263081
     0.00272987
     0.00309651
     0.00343536
     0.00373702
     0.00422173
     0.00470721
     0.00519347
     0.00568050
     0.00616830
     0.00665687
     0.00714620
     0.00705552
     0.00675404
     0.00645286
     0.00615195
     0.00585133
     0.00555099
     0.22015076
     0.00000000
     0.00000000
     0.00000000
     0.00000000
     0.00000000
     0.00000000
     0.00000000
     0.00000000
     0.00000000
     0.00000000
     0.00000000
     0.00000000
     0.00000000
     0.00000000
     0.00000000
     0.00000000
     0.00000000
     0.00000000
     0.00000000
     0.00000000
     0.00000000
     0.00000000
     0.00000000
     0.00000000
     0.00000000
     0.00781758
     0.00945692
     0.00809094
     0.00671795
     0.00533846
     0.00395228
     0.00311088
     0.00286444
     0.00261778
     0.00237092
     0.00212385
     0.00178433
     0.00136241
     0.00093987
     0.00051674
     0.00009269
     0.00033169
     0.00049969
     0.00054174
     0.00059158
     0.00064143
     0.00069129
     0.00074116
     0.00079104
     0.00047081
     0.00000376
     0.00046255
     0.00092814
     0.00139298
     0.00185709
     0.00232047
     0.00278310
     0.00324501
     0.00370618
     0.00416661
     0.00462631
     0.00508526
     0.00554364
     0.00600074
     0.00571891
     0.00481908
     0.00391643
     0.00301094
     0.00210263
     0.00117830
     0.00020208
     0.00077736
     0.00130039
     0.00162384
     0.00194764
     0.00227178
     0.00237988
     0.00247893
     0.00257801
     0.00267712
     0.00277626
     0.00287543
     0.00295717
     0.00323976
     0.00349824
     0.00398293
     0.00446839
     0.00495462
     0.00544161
     0.00592939
     0.00641793
     0.00690723
     0.00739732
     0.00725969
     0.00695780
     0.00665620
     0.00635489
     0.00605386
     0.00575310
     0.22057251
     0.00000000
     0.00000000
     0.00000000
     0.00000000
     0.00000000
     0.00000000
     0.00000000
     0.00000000
     0.00000000
     0.00000000
     0.00000000
     0.00000000
     0.00000000
     0.00000000
     0.00000000
     0.00000000
     0.00000000
     0.00000000
     0.00000000
     0.00000000
     0.00000000
     0.00000000
     0.00000000
     0.00000000
     0.00000000
     0.00790136
     0.00976117
     0.00839560
     0.00702302
     0.00564395
     0.00425818
     0.00347347
     0.00322714
     0.00298061
     0.00273386
     0.00248692
     0.00214925
     0.00172753
     0.00130522
     0.00088229
     0.00045845
     0.00003428
     0.00010251
     0.00003148
     0.00008127
     0.00013108
     0.00018089
     0.00023071
     0.00028053
     0.00022442
     0.00024259
     0.00070886
     0.00117440
     0.00163920
     0.00210327
     0.00256661
     0.00302920
     0.00349106
     0.00395220
     0.00441258
     0.00487225
     0.00533116
     0.00578950
     0.00624656
     0.00550961
     0.00460842
     0.00370442
     0.00279758
     0.00188792
     0.00095351
     0.00002418
     0.00102097
     0.00186199
     0.00218628
     0.00242615
     0.00252529
     0.00262446
     0.00272365
     0.00282289
     0.00292215
     0.00299097
     0.00305614
     0.00312132
     0.00338343
     0.00374413
     0.00422956
     0.00471576
     0.00520273
     0.00569048
     0.00617899
     0.00666828
     0.00715833
     0.00764915
     0.00746445
     0.00716215
     0.00686014
     0.00655841
     0.00625697
     0.00595579
     0.22096167
     0.00000000
     0.00000000
     0.00000000
     0.00000000
     0.00000000
     0.00000000
     0.00000000
     0.00000000
     0.00000000
     0.00000000
     0.00000000
     0.00000000
     0.00000000
     0.00000000
     0.00000000
     0.00000000
     0.00000000
     0.00000000
     0.00000000
     0.00000000
     0.00000000
     0.00000000
     0.00000000
     0.00000000
     0.00000000
     0.00798512
     0.01006538
     0.00870023
     0.00732806
     0.00594941
     0.00456405
     0.00383597
     0.00358978
     0.00334336
     0.00309674
     0.00284992
     0.00250131
     0.00209260
     0.00167049
     0.00124777
     0.00082413
     0.00040018
     0.00029457
     0.00047849
     0.00042874
     0.00037899
     0.00032923
     0.00027946
     0.00022967
     0.00017989
     0.00048892
     0.00095516
     0.00142065
     0.00188542
     0.00234945
     0.00281273
     0.00327529
     0.00373712
     0.00419820
     0.00465855
     0.00511817
     0.00557705
     0.00603507
     0.00619902
     0.00529936
     0.00439711
     0.00349176
     0.00258356
     0.00167255
     0.00072804
     0.00026223
     0.00138100
     0.00242563
     0.00257188
     0.00267114
     0.00277043
     0.00286975
     0.00295977
     0.00302499
     0.00309021
     0.00315546
     0.00322071
     0.00328597
     0.00352756
     0.00399074
     0.00447691
     0.00496385
     0.00545157
     0.00594006
     0.00642931
     0.00691933
     0.00741013
     0.00790170
     0.00766978
     0.00736707
     0.00706464
     0.00676251
     0.00644343
     0.00604296
     0.22120297
     0.00000000
     0.00000000
     0.00000000
     0.00000000
     0.00000000
     0.00000000
     0.00000000
     0.00000000
     0.00000000
     0.00000000
     0.00000000
     0.00000000
     0.00000000
     0.00000000
     0.00000000
     0.00000000
     0.00000000
     0.00000000
     0.00000000
     0.00000000
     0.00000000
     0.00000000
     0.00000000
     0.00000000
     0.00000000
     0.00806885
     0.01036957
     0.00900483
     0.00763307
     0.00625483
     0.00486989
     0.00419842
     0.00395233
     0.00370605
     0.00345954
     0.00321284
     0.00284585
     0.00245758
     0.00203568
     0.00161317
     0.00118974
     0.00076600
     0.00069153
     0.00098818
     0.00093847
     0.00088877
     0.00083905
     0.00078934
     0.00073960
     0.00068987
     0.00073525
     0.00120145
     0.00166691
     0.00213162
     0.00259561
     0.00305886
     0.00352138
     0.00398316
     0.00444420
     0.00490451
     0.00536409
     0.00582294
     0.00628090
     0.00598984
     0.00508876
     0.00418517
     0.00327845
     0.00236890
     0.00145653
     0.00049553
     0.00062121
     0.00174215
     0.00264667
     0.00281744
     0.00291685
     0.00299394
     0.00305921
     0.00312449
     0.00318979
     0.00325510
     0.00332043
     0.00338577
     0.00345111
     0.00367212
     0.00423806
     0.00472498
     0.00521266
     0.00570112
     0.00619035
     0.00668034
     0.00717112
     0.00766265
     0.00815496
     0.00787570
     0.00757258
     0.00726857
     0.00686678
     0.00646550
     0.00606472
     0.22144445
     0.00000000
     0.00000000
     0.00000000
     0.00000000
     0.00000000
     0.00000000
     0.00000000
     0.00000000
     0.00000000
     0.00000000
     0.00000000
     0.00000000
     0.00000000
     0.00000000
     0.00000000
     0.00000000
     0.00000000
     0.00000000
     0.00000000
     0.00000000
     0.00000000
     0.00000000
     0.00000000
     0.00000000
     0.00000000
     0.00815256
     0.01067372
     0.00930940
     0.00793806
     0.00656024
     0.00517571
     0.00456079
     0.00431482
     0.00406866
     0.00382227
     0.00356466
     0.00319033
     0.00281550
     0.00240080
     0.00197850
     0.00155528
     0.00113174
     0.00108839
     0.00149757
     0.00144792
     0.00139827
     0.00134860
     0.00129893
     0.00124924
     0.00119956
     0.00114985
     0.00144774
     0.00191314
     0.00237783
     0.00284178
     0.00330498
     0.00376746
     0.00422920
     0.00469020
     0.00515047
     0.00561001
     0.00606882
     0.00652674
     0.00578000
     0.00487752
     0.00397255
     0.00306448
     0.00215359
     0.00123841
     0.00013759
     0.00098133
     0.00210443
     0.00277599
     0.00302832
     0.00309365
     0.00315899
     0.00322435
     0.00328972
     0.00335509
     0.00342049
     0.00348589
     0.00355131
     0.00361675
     0.00381713
     0.00448611
     0.00497377
     0.00546220
     0.00595139
     0.00644136
     0.00693210
     0.00742361
     0.00791588
     0.00838602
     0.00808220
     0.00769405
     0.00729145
     0.00688935
     0.00648776
     0.00608666
     0.22168612
     0.00000000
     0.00000000
     0.00000000
     0.00000000
     0.00000000
     0.00000000
     0.00000000
     0.00000000
     0.00000000
     0.00000000
     0.00000000
     0.00000000
     0.00000000
     0.00000000
     0.00000000
     0.00000000
     0.00000000
     0.00000000
     0.00000000
     0.00000000
     0.00000000
     0.00000000
     0.00000000
     0.00000000
     0.00000000
     0.00823624
     0.01097784
     0.00961394
     0.00824302
     0.00686560
     0.00548149
     0.00492307
     0.00467724
     0.00443119
     0.00418493
     0.00390891
     0.00353474
     0.00316009
     0.00276584
     0.00234346
     0.00192074
     0.00149741
     0.00148514
     0.00200668
     0.00195708
     0.00190747
     0.00185786
     0.00180823
     0.00175860
     0.00170895
     0.00165931
     0.00169401
     0.00215939
     0.00262403
     0.00308793
     0.00355110
     0.00401353
     0.00447523
     0.00493619
     0.00539642
     0.00585591
     0.00631470
     0.00647063
     0.00556951
     0.00466561
     0.00375930
     0.00284988
     0.00193762
     0.00089542
     0.00022148
     0.00134256
     0.00234432
     0.00284996
     0.00319370
     0.00325911
     0.00332453
     0.00338997
     0.00345542
     0.00352089
     0.00358636
     0.00365185
     0.00371735
     0.00378286
     0.00424725
     0.00473487
     0.00522327
     0.00571243
     0.00620237
     0.00669309
     0.00718456
     0.00767682
     0.00816984
     0.00852482
     0.00812088
     0.00771744
     0.00731453
     0.00691212
     0.00651021
     0.00610880
     0.22191699
     0.00000000
     0.00000000
     0.00000000
     0.00000000
     0.00000000
     0.00000000
     0.00000000
     0.00000000
     0.00000000
     0.00000000
     0.00000000
     0.00000000
     0.00000000
     0.00000000
     0.00000000
     0.00000000
     0.00000000
     0.00000000
     0.00000000
     0.00000000
     0.00000000
     0.00000000
     0.00000000
     0.00000000
     0.00000000
     0.00831990
     0.01128194
     0.00991845
     0.00854795
     0.00717094
     0.00578725
     0.00528529
     0.00503958
     0.00479364
     0.00454751
     0.00425313
     0.00387911
     0.00350461
     0.00312964
     0.00270863
     0.00228612
     0.00186300
     0.00188178
     0.00251550
     0.00246595
     0.00241639
     0.00236683
     0.00231724
     0.00226766
     0.00221808
     0.00216847
     0.00211886
     0.00240562
     0.00287022
     0.00333408
     0.00379720
     0.00425960
     0.00472126
     0.00518217
     0.00564236
     0.00610182
     0.00656059
     0.00626079
     0.00535837
     0.00445307
     0.00354539
     0.00263462
     0.00160905
     0.00053739
     0.00058168
     0.00170493
     0.00242186
     0.00290878
     0.00335957
     0.00342506
     0.00349057
     0.00355609
     0.00362162
     0.00368717
     0.00375273
     0.00381830
     0.00388388
     0.00394949
     0.00449598
     0.00498435
     0.00547349
     0.00596340
     0.00645408
     0.00694553
     0.00743775
     0.00783107
     0.00813480
     0.00843882
     0.00814477
     0.00774102
     0.00733779
     0.00693507
     0.00653285
     0.00613113
     0.22214764
     0.00000000
     0.00000000
     0.00000000
     0.00000000
     0.00000000
     0.00000000
     0.00000000
     0.00000000
     0.00000000
     0.00000000
     0.00000000
     0.00000000
     0.00000000
     0.00000000
     0.00000000
     0.00000000
     0.00000000
     0.00000000
     0.00000000
     0.00000000
     0.00000000
     0.00000000
     0.00000000
     0.00000000
     0.00000000
     0.00840353
     0.01158601
     0.01022294
     0.00885285
     0.00747626
     0.00609298
     0.00564744
     0.00540184
     0.00515603
     0.00491002
     0.00459728
     0.00422342
     0.00384908
     0.00347427
     0.00307373
     0.00265143
     0.00222852
     0.00227831
     0.00302404
     0.00297454
     0.00292502
     0.00287551
     0.00282598
     0.00277645
     0.00272691
     0.00267735
     0.00262779
     0.00265185
     0.00311641
     0.00358023
     0.00404331
     0.00450566
     0.00496728
     0.00542815
     0.00588830
     0.00634772
     0.00680648
     0.00605030
     0.00514660
     0.00423987
     0.00333084
     0.00231106
     0.00127677
     0.00017824
     0.00094300
     0.00199390
     0.00248049
     0.00296786
     0.00345600
     0.00359151
     0.00365709
     0.00372269
     0.00378831
     0.00385393
     0.00391958
     0.00398523
     0.00405091
     0.00411659
     0.00474543
     0.00523454
     0.00572442
     0.00621507
     0.00670650
     0.00712986
     0.00743314
     0.00773670
     0.00804055
     0.00834469
     0.00816885
     0.00776479
     0.00736125
     0.00695821
     0.00655569
     0.00614748
     0.22237845
     0.00000000
     0.00000000
     0.00000000
     0.00000000
     0.00000000
     0.00000000
     0.00000000
     0.00000000
     0.00000000
     0.00000000
     0.00000000
     0.00000000
     0.00000000
     0.00000000
     0.00000000
     0.00000000
     0.00000000
     0.00000000
     0.00000000
     0.00000000
     0.00000000
     0.00000000
     0.00000000
     0.00000000
     0.00000000
     0.00848713
     0.01189005
     0.01052739
     0.00915771
     0.00778154
     0.00639867
     0.00600951
     0.00576403
     0.00551835
     0.00527246
     0.00494137
     0.00456767
     0.00419350
     0.00381884
     0.00343876
     0.00301666
     0.00259396
     0.00267473
     0.00353229
     0.00348283
     0.00343338
     0.00338391
     0.00333443
     0.00328494
     0.00323544
     0.00318594
     0.00313643
     0.00308691
     0.00336259
     0.00382636
     0.00428941
     0.00475172
     0.00521329
     0.00567413
     0.00613424
     0.00659361
     0.00674138
     0.00583916
     0.00493418
     0.00402603
     0.00301228
     0.00197967
     0.00093719
     0.00018205
     0.00125755
     0.00205234
     0.00253939
     0.00302720
     0.00351579
     0.00375843
     0.00382411
     0.00388979
     0.00395550
     0.00402120
     0.00408693
     0.00415266
     0.00421841
     0.00432569
     0.00499560
     0.00548545
     0.00597607
     0.00642940
     0.00673220
     0.00703531
     0.00733871
     0.00764239
     0.00794636
     0.00825063
     0.00819313
     0.00778876
     0.00738490
     0.00698156
     0.00657871
     0.00615876
     0.22260944
     0.00000000
     0.00000000
     0.00000000
     0.00000000
     0.00000000
     0.00000000
     0.00000000
     0.00000000
     0.00000000
     0.00000000
     0.00000000
     0.00000000
     0.00000000
     0.00000000
     0.00000000
     0.00000000
     0.00000000
     0.00000000
     0.00000000
     0.00000000
     0.00000000
     0.00000000
     0.00000000
     0.00000000
     0.00000000
     0.00857071
     0.01219406
     0.01083181
     0.00946256
     0.00808680
     0.00670435
     0.00637151
     0.00612616
     0.00588059
     0.00563482
     0.00528541
     0.00491187
     0.00453786
     0.00416337
     0.00378808
     0.00338183
     0.00295933
     0.00307105
     0.00404025
     0.00399085
     0.00394143
     0.00389202
     0.00384258
     0.00379315
     0.00374371
     0.00369424
     0.00364479
     0.00359531
     0.00360876
     0.00407251
     0.00453550
     0.00499777
     0.00545931
     0.00592010
     0.00638016
     0.00683949
     0.00653095
     0.00562737
     0.00472111
     0.00371245
     0.00268179
     0.00164726
     0.00057795
     0.00049969
     0.00154417
     0.00211105
     0.00259854
     0.00308680
     0.00357583
     0.00392586
     0.00399161
     0.00405738
     0.00412317
     0.00418895
     0.00425476
     0.00432058
     0.00438641
     0.00507607
     0.00524648
     0.00572967
     0.00603202
     0.00633466
     0.00663758
     0.00694081
     0.00724433
     0.00754813
     0.00785222
     0.00815661
     0.00821759
     0.00781291
     0.00740875
     0.00700509
     0.00660060
     0.00617022
     0.22284060
     0.00000000
     0.00000000
     0.00000000
     0.00000000
     0.00000000
     0.00000000
     0.00000000
     0.00000000
     0.00000000
     0.00000000
     0.00000000
     0.00000000
     0.00000000
     0.00000000
     0.00000000
     0.00000000
     0.00000000
     0.00000000
     0.00000000
     0.00000000
     0.00000000
     0.00000000
     0.00000000
     0.00000000
     0.00000000
     0.00865426
     0.01249805
     0.01113621
     0.00976738
     0.00839202
     0.00700999
     0.00673343
     0.00648820
     0.00624277
     0.00599711
     0.00562939
     0.00525601
     0.00488216
     0.00450783
     0.00413270
     0.00374691
     0.00332462
     0.00346726
     0.00454793
     0.00449858
     0.00444921
     0.00439984
     0.00435045
     0.00430107
     0.00425167
     0.00420226
     0.00415285
     0.00410342
     0.00405400
     0.00431864
     0.00478159
     0.00524382
     0.00570531
     0.00616607
     0.00662609
     0.00708537
     0.00631986
     0.00541493
     0.00441257
     0.00338287
     0.00235027
     0.00131380
     0.00025720
     0.00078543
     0.00168286
     0.00217001
     0.00265794
     0.00314665
     0.00363613
     0.00409377
     0.00415960
     0.00422546
     0.00429132
     0.00435719
     0.00442309
     0.00448899
     0.00455491
     0.00551480
     0.00533255
     0.00563473
     0.00593720
     0.00623996
     0.00654302
     0.00684636
     0.00715000
     0.00745392
     0.00775813
     0.00806264
     0.00824225
     0.00783725
     0.00743278
     0.00702881
     0.00661256
     0.00618185
     0.22307193
     0.00000000
     0.00000000
     0.00000000
     0.00000000
     0.00000000
     0.00000000
     0.00000000
     0.00000000
     0.00000000
     0.00000000
     0.00000000
     0.00000000
     0.00000000
     0.00000000
     0.00000000
     0.00000000
     0.00000000
     0.00000000
     0.00000000
     0.00000000
     0.00000000
     0.00000000
     0.00000000
     0.00000000
     0.00000000
     0.00873779
     0.01280200
     0.01144059
     0.01007216
     0.00869723
     0.00734019
     0.00709529
     0.00685018
     0.00660485
     0.00634605
     0.00597331
     0.00560010
     0.00522641
     0.00485223
     0.00447727
     0.00410210
     0.00368985
     0.00386335
     0.00505533
     0.00500602
     0.00495670
     0.00490738
     0.00485804
     0.00480871
     0.00475935
     0.00471000
     0.00466064
     0.00461126
     0.00456188
     0.00456476
     0.00502767
     0.00548986
     0.00595132
     0.00641202
     0.00687201
     0.00701146
     0.00610813
     0.00511128
     0.00408396
     0.00305225
     0.00201771
     0.00101314
     0.00002763
     0.00107200
     0.00174163
     0.00222923
     0.00271761
     0.00320677
     0.00369670
     0.00418740
     0.00432809
     0.00439403
     0.00445997
     0.00452593
     0.00459191
     0.00465789
     0.00464056
     0.00548306
     0.00525934
     0.00553986
     0.00584245
     0.00614533
     0.00644850
     0.00675197
     0.00705572
     0.00735977
     0.00766411
     0.00796873
     0.00826709
     0.00786179
     0.00745700
     0.00705271
     0.00662468
     0.00619366
     0.22330343
     0.00000000
     0.00000000
     0.00000000
     0.00000000
     0.00000000
     0.00000000
     0.00000000
     0.00000000
     0.00000000
     0.00000000
     0.00000000
     0.00000000
     0.00000000
     0.00000000
     0.00000000
     0.00000000
     0.00000000
     0.00000000
     0.00000000
     0.00000000
     0.00000000
     0.00000000
     0.00000000
     0.00000000
     0.00006806
     0.00882129
     0.01310593
     0.01174493
     0.01037692
     0.00900239
     0.00770185
     0.00745706
     0.00721208
     0.00696688
     0.00668975
     0.00631718
     0.00594413
     0.00557059
     0.00519658
     0.00482177
     0.00444677
     0.00405499
     0.00425934
     0.00547925
     0.00551317
     0.00546391
     0.00541463
     0.00536535
     0.00531605
     0.00526675
     0.00521744
     0.00516813
     0.00511880
     0.00506946
     0.00502013
     0.00527376
     0.00573589
     0.00619731
     0.00665798
     0.00711792
     0.00680042
     0.00580942
     0.00478349
     0.00375401
     0.00272060
     0.00171883
     0.00072921
     0.00031330
     0.00131339
     0.00180067
     0.00228872
     0.00277753
     0.00326714
     0.00375751
     0.00424867
     0.00449707
     0.00456309
     0.00462911
     0.00469515
     0.00469671
     0.00464615
     0.00465714
     0.00542820
     0.00520437
     0.00544503
     0.00574774
     0.00605075
     0.00635404
     0.00665763
     0.00696150
     0.00726567
     0.00757013
     0.00787487
     0.00817990
     0.00788652
     0.00748141
     0.00706889
     0.00663698
     0.00620564
     0.22353511
     0.00000000
     0.00000000
     0.00000000
     0.00000000
     0.00000000
     0.00000000
     0.00000000
     0.00000000
     0.00000000
     0.00000000
     0.00000000
     0.00000000
     0.00000000
     0.00000000
     0.00000000
     0.00000000
     0.00000000
     0.00000000
     0.00000000
     0.00000000
     0.00000000
     0.00000000
     0.00000000
     0.00000000
     0.00015113
     0.00890477
     0.01340983
     0.01204924
     0.01068165
     0.00930753
     0.00806344
     0.00781877
     0.00757390
     0.00732883
     0.00703341
     0.00666100
     0.00628810
     0.00591472
     0.00554087
     0.00516622
     0.00479138
     0.00441605
     0.00465522
     0.00587441
     0.00602004
     0.00597082
     0.00592159
     0.00587236
     0.00582311
     0.00577386
     0.00572461
     0.00567533
     0.00562606
     0.00557678
     0.00552748
     0.00551983
     0.00598193
     0.00644329
     0.00690393
     0.00736383
     0.00650666
     0.00548252
     0.00445466
     0.00342327
     0.00241810
     0.00146860
     0.00044443
     0.00059983
     0.00137224
     0.00185996
     0.00234845
     0.00283772
     0.00332777
     0.00381859
     0.00431018
     0.00466653
     0.00473263
     0.00475312
     0.00470251
     0.00465191
     0.00460131
     0.00497400
     0.00537344
     0.00514949
     0.00535026
     0.00565309
     0.00595622
     0.00625963
     0.00656333
     0.00686734
     0.00717162
     0.00747620
     0.00778107
     0.00808623
     0.00791144
     0.00750602
     0.00708167
     0.00664945
     0.00621779
     0.22376695
     0.00000000
     0.00000000
     0.00000000
     0.00000000
     0.00000000
     0.00000000
     0.00000000
     0.00000000
     0.00000000
     0.00000000
     0.00000000
     0.00000000
     0.00000000
     0.00000000
     0.00000000
     0.00000000
     0.00000000
     0.00000000
     0.00000000
     0.00000000
     0.00000000
     0.00000000
     0.00000000
     0.00000000
     0.00023417
     0.00898822
     0.01371370
     0.01235352
     0.01098634
     0.00961265
     0.00842495
     0.00818041
     0.00793566
     0.00769071
     0.00737701
     0.00700475
     0.00663201
     0.00625880
     0.00588510
     0.00551062
     0.00513594
     0.00476077
     0.00505100
     0.00626944
     0.00652662
     0.00647744
     0.00642827
     0.00637909
     0.00632989
     0.00628069
     0.00623147
     0.00618225
     0.00613303
     0.00608379
     0.00603455
     0.00598530
     0.00622796
     0.00668928
     0.00714987
     0.00720310
     0.00618066
     0.00515459
     0.00412481
     0.00311717
     0.00216863
     0.00120122
     0.00015880
     0.00088721
     0.00143134
     0.00191950
     0.00240844
     0.00289816
     0.00338865
     0.00387991
     0.00437196
     0.00480976
     0.00475911
     0.00470847
     0.00465783
     0.00460720
     0.00455658
     0.00529180
     0.00531876
     0.00509470
     0.00525553
     0.00555849
     0.00586173
     0.00616527
     0.00646910
     0.00677322
     0.00707762
     0.00738233
     0.00768731
     0.00799259
     0.00793655
     0.00752777
     0.00709464
     0.00666209
     0.00623011
     0.22399897
     0.00000000
     0.00000000
     0.00000000
     0.00000000
     0.00000000
     0.00000000
     0.00000000
     0.00000000
     0.00000000
     0.00000000
     0.00000000
     0.00000000
     0.00000000
     0.00000000
     0.00000000
     0.00000000
     0.00000000
     0.00000000
     0.00000000
     0.00000000
     0.00000000
     0.00000000
     0.00000000
     0.00000000
     0.00031718
     0.00907165
     0.01401754
     0.01265778
     0.01129101
     0.00991773
     0.00878639
     0.00854197
     0.00829734
     0.00805251
     0.00772055
     0.00734845
     0.00697588
     0.00660283
     0.00622929
     0.00585496
     0.00548043
     0.00510544
     0.00544666
     0.00666437
     0.00703291
     0.00698379
     0.00693467
     0.00688552
     0.00683638
     0.00678722
     0.00673806
     0.00668889
     0.00663971
     0.00659052
     0.00654133
     0.00649212
     0.00647398
     0.00693526
     0.00732582
     0.00687799
     0.00585362
     0.00482563
     0.00381512
     0.00286847
     0.00191842
     0.00091649
     0.00012767
     0.00100287
     0.00149071
     0.00197931
     0.00246870
     0.00295885
     0.00344980
     0.00393374
     0.00430947
     0.00468566
     0.00471459
     0.00466392
     0.00461325
     0.00456259
     0.00451194
     0.00548853
     0.00526418
     0.00504000
     0.00516087
     0.00546394
     0.00576731
     0.00607097
     0.00637492
     0.00667916
     0.00698368
     0.00728850
     0.00759361
     0.00789901
     0.00796185
     0.00754122
     0.00710777
     0.00667491
     0.00624262
     0.22423115
     0.00000000
     0.00000000
     0.00000000
     0.00000000
     0.00000000
     0.00000000
     0.00000000
     0.00000000
     0.00000000
     0.00000000
     0.00000000
     0.00000000
     0.00000000
     0.00000000
     0.00000000
     0.00000000
     0.00000000
     0.00000000
     0.00000000
     0.00000000
     0.00000000
     0.00000000
     0.00000000
     0.00000000
     0.00040017
     0.00915505
     0.01432164
     0.01296200
     0.01159565
     0.01022279
     0.00914775
     0.00890346
     0.00865895
     0.00841424
     0.00806403
     0.00769209
     0.00731968
     0.00694679
     0.00657341
     0.00619924
     0.00582488
     0.00545004
     0.00578007
     0.00705919
     0.00753892
     0.00748984
     0.00744077
     0.00739167
     0.00734258
     0.00729348
     0.00724436
     0.00719524
     0.00714611
     0.00709697
     0.00704782
     0.00699867
     0.00694950
     0.00711501
     0.00746442
     0.00655186
     0.00552555
     0.00451236
     0.00356715
     0.00261902
     0.00166748
     0.00063091
     0.00041500
     0.00106204
     0.00155033
     0.00203938
     0.00252921
     0.00301981
     0.00340584
     0.00378120
     0.00415702
     0.00453328
     0.00467017
     0.00461947
     0.00456878
     0.00451809
     0.00446741
     0.00543416
     0.00520969
     0.00498539
     0.00506625
     0.00536945
     0.00567294
     0.00597672
     0.00628079
     0.00658515
     0.00688979
     0.00719474
     0.00749996
     0.00780549
     0.00798734
     0.00755485
     0.00712108
     0.00668790
     0.00625529
     0.22446351
     0.00000000
     0.00000000
     0.00000000
     0.00000000
     0.00000000
     0.00000000
     0.00000000
     0.00000000
     0.00000000
     0.00000000
     0.00000000
     0.00000000
     0.00000000
     0.00000000
     0.00000000
     0.00000000
     0.00000000
     0.00000000
     0.00000000
     0.00000000
     0.00000000
     0.00000000
     0.00000000
     0.00000000
     0.00048313
     0.00923842
     0.01462541
     0.01326620
     0.01190027
     0.01052781
     0.00950904
     0.00926487
     0.00902049
     0.00877589
     0.00840746
     0.00803568
     0.00766343
     0.00729070
     0.00691749
     0.00654347
     0.00616926
     0.00579458
     0.00610730
     0.00745390
     0.00804464
     0.00799561
     0.00794659
     0.00789754
     0.00784850
     0.00779944
     0.00775037
     0.00770130
     0.00765222
     0.00760313
     0.00755403
     0.00750493
     0.00739347
     0.00725349
     0.00724930
     0.00622469
     0.00520873
     0.00426515
     0.00331846
     0.00236882
     0.00138831
     0.00034448
     0.00063353
     0.00112148
     0.00161020
     0.00209970
     0.00250369
     0.00287824
     0.00325323
     0.00362869
     0.00400458
     0.00438093
     0.00462585
     0.00457512
     0.00452440
     0.00447369
     0.00442298
     0.00537987
     0.00515530
     0.00493087
     0.00497170
     0.00527501
     0.00557862
     0.00588252
     0.00618671
     0.00649120
     0.00679596
     0.00710102
     0.00740638
     0.00771201
     0.00800330
     0.00756865
     0.00713457
     0.00670106
     0.00626814
     0.22469604
     0.00000000
     0.00000000
     0.00000000
     0.00000000
     0.00000000
     0.00000000
     0.00000000
     0.00000000
     0.00000000
     0.00000000
     0.00000000
     0.00000000
     0.00000000
     0.00000000
     0.00000000
     0.00000000
     0.00000000
     0.00000000
     0.00000000
     0.00000000
     0.00000000
     0.00000000
     0.00000000
     0.00000000
     0.00056606
     0.00932177
     0.01492916
     0.01357038
     0.01220485
     0.01083282
     0.00987027
     0.00962621
     0.00938195
     0.00912196
     0.00875083
     0.00837922
     0.00800713
     0.00763455
     0.00726149
     0.00688764
     0.00651360
     0.00613908
     0.00643451
     0.00780617
     0.00855007
     0.00850110
     0.00845211
     0.00840312
     0.00835413
     0.00830511
     0.00825610
     0.00820708
     0.00815804
     0.00810900
     0.00805996
     0.00795250
     0.00779218
     0.00763177
     0.00692303
     0.00590431
     0.00496227
     0.00401720
     0.00306901
     0.00211790
     0.00110279
     0.00005720
     0.00069277
     0.00118117
     0.00160305
     0.00197677
     0.00235095
     0.00272557
     0.00310065
     0.00347618
     0.00385216
     0.00422859
     0.00458163
     0.00453088
     0.00448013
     0.00442938
     0.00472524
     0.00532568
     0.00510098
     0.00487645
     0.00487719
     0.00518063
     0.00548435
     0.00578837
     0.00609269
     0.00639729
     0.00670218
     0.00700737
     0.00731284
     0.00761859
     0.00790335
     0.00758263
     0.00714822
     0.00671441
     0.00628115
     0.22492874
     0.00000000
     0.00000000
     0.00000000
     0.00000000
     0.00000000
     0.00000000
     0.00000000
     0.00000000
     0.00000000
     0.00000000
     0.00000000
     0.00000000
     0.00000000
     0.00000000
     0.00000000
     0.00000000
     0.00000000
     0.00000000
     0.00000000
     0.00000000
     0.00000000
     0.00000000
     0.00000000
     0.00000000
     0.00064897
     0.00940510
     0.01523286
     0.01387452
     0.01250941
     0.01113778
     0.01023141
     0.00998748
     0.00974334
     0.00946513
     0.00909415
     0.00872269
     0.00835076
     0.00797835
     0.00760546
     0.00723176
     0.00685787
     0.00648351
     0.00676166
     0.00813282
     0.00905523
     0.00900629
     0.00895736
     0.00890841
     0.00885947
     0.00881051
     0.00876154
     0.00871257
     0.00866358
     0.00861459
     0.00851112
     0.00835099
     0.00819077
     0.00803046
     0.00659913
     0.00565861
     0.00471507
     0.00376851
     0.00281882
     0.00186073
     0.00081642
     0.00023093
     0.00070388
     0.00107679
     0.00145014
     0.00182396
     0.00219822
     0.00257292
     0.00294808
     0.00332369
     0.00369975
     0.00407626
     0.00445323
     0.00448673
     0.00443596
     0.00438518
     0.00504450
     0.00527157
     0.00504676
     0.00482211
     0.00478274
     0.00508630
     0.00539014
     0.00569428
     0.00599872
     0.00630344
     0.00660845
     0.00691376
     0.00721935
     0.00752042
     0.00779852
     0.00759678
     0.00716206
     0.00672792
     0.00629435
     0.22516161
     0.00000000
     0.00000000
     0.00000000
     0.00000000
     0.00000000
     0.00000000
     0.00000000
     0.00000000
     0.00000000
     0.00000000
     0.00000000
     0.00000000
     0.00000000
     0.00000000
     0.00000000
     0.00000000
     0.00000000
     0.00000000
     0.00000000
     0.00000000
     0.00000000
     0.00000000
     0.00000000
     0.00000000
     0.00073186
     0.00948839
     0.01553654
     0.01417862
     0.01281394
     0.01144273
     0.01059249
     0.01034868
     0.01010466
     0.00980823
     0.00943742
     0.00906612
     0.00869435
     0.00832209
     0.00794936
     0.00757582
     0.00720209
     0.00682789
     0.00708878
     0.00845943
     0.00953733
     0.00951120
     0.00946232
     0.00941342
     0.00936452
     0.00931562
     0.00926669
     0.00921777
     0.00916883
     0.00906934
     0.00890940
     0.00874937
     0.00858925
     0.00842903
     0.00674835
     0.00541217
     0.00446713
     0.00351907
     0.00256790
     0.00157526
     0.00054726
     0.00017830
     0.00055084
     0.00092383
     0.00129728
     0.00167116
     0.00204550
     0.00242030
     0.00279553
     0.00317122
     0.00354737
     0.00392397
     0.00430101
     0.00444269
     0.00439188
     0.00434109
     0.00536469
     0.00521756
     0.00499263
     0.00476786
     0.00468833
     0.00499201
     0.00529599
     0.00560025
     0.00590480
     0.00620964
     0.00651478
     0.00682020
     0.00712591
     0.00741554
     0.00769373
     0.00761110
     0.00717607
     0.00674161
     0.00630772
     0.22539465
     0.00000000
     0.00000000
     0.00000000
     0.00000000
     0.00000000
     0.00000000
     0.00000000
     0.00000000
     0.00000000
     0.00000000
     0.00000000
     0.00000000
     0.00000000
     0.00000000
     0.00000000
     0.00000000
     0.00000000
     0.00000000
     0.00000000
     0.00000000
     0.00000000
     0.00000000
     0.00000000
     0.00000000
     0.00081472
     0.00957167
     0.01584020
     0.01448271
     0.01311843
     0.01174764
     0.01095349
     0.01070980
     0.01046590
     0.01015126
     0.00978061
     0.00940948
     0.00903786
     0.00866578
     0.00829320
     0.00791982
     0.00754626
     0.00717221
     0.00741585
     0.00878600
     0.00997438
     0.01001583
     0.00996700
     0.00991815
     0.00986930
     0.00982043
     0.00977156
     0.00972269
     0.00962716
     0.00946741
     0.00930757
     0.00914764
     0.00898761
     0.00865053
     0.00691333
     0.00516573
     0.00421844
     0.00326888
     0.00232325
     0.00136599
     0.00038907
     0.00002519
     0.00039782
     0.00077089
     0.00114442
     0.00151838
     0.00189281
     0.00226768
     0.00264301
     0.00301878
     0.00339500
     0.00377167
     0.00414880
     0.00439875
     0.00434792
     0.00429708
     0.00538885
     0.00516364
     0.00493858
     0.00471369
     0.00459399
     0.00489779
     0.00520187
     0.00550626
     0.00581094
     0.00611589
     0.00642115
     0.00672670
     0.00703252
     0.00731070
     0.00758899
     0.00762559
     0.00719024
     0.00675547
     0.00632127
     0.22562786
     0.00000000
     0.00000000
     0.00000000
     0.00000000
     0.00000000
     0.00000000
     0.00000000
     0.00000000
     0.00000000
     0.00000000
     0.00000000
     0.00000000
     0.00000000
     0.00000000
     0.00000000
     0.00000000
     0.00000000
     0.00000000
     0.00000000
     0.00000000
     0.00000000
     0.00000000
     0.00000000
     0.00000000
     0.00089755
     0.00965491
     0.01614382
     0.01478677
     0.01342291
     0.01205252
     0.01131441
     0.01107085
     0.01082707
     0.01049426
     0.01012377
     0.00975279
     0.00938134
     0.00900940
     0.00863669
     0.00826377
     0.00789037
     0.00751648
     0.00774289
     0.00911252
     0.01041128
     0.01051680
     0.01047138
     0.01042259
     0.01037377
     0.01032496
     0.01027615
     0.01018459
     0.01002502
     0.00986537
     0.00970561
     0.00954578
     0.00941894
     0.00881582
     0.00707830
     0.00533036
     0.00396901
     0.00308751
     0.00218305
     0.00120855
     0.00049997
     0.00012789
     0.00024482
     0.00061797
     0.00099158
     0.00136563
     0.00174013
     0.00211509
     0.00249048
     0.00286635
     0.00324265
     0.00361941
     0.00399662
     0.00435491
     0.00430404
     0.00425319
     0.00533514
     0.00510981
     0.00488463
     0.00465962
     0.00449968
     0.00480361
     0.00510782
     0.00541233
     0.00571712
     0.00602220
     0.00632758
     0.00663324
     0.00692774
     0.00720591
     0.00748430
     0.00764026
     0.00720460
     0.00676951
     0.00633498
     0.22586125
     0.00000000
     0.00000000
     0.00000000
     0.00000000
     0.00000000
     0.00000000
     0.00000000
     0.00000000
     0.00000000
     0.00000000
     0.00000000
     0.00000000
     0.00000000
     0.00000000
     0.00000000
     0.00000000
     0.00000000
     0.00000000
     0.00000000
     0.00000000
     0.00000000
     0.00000000
     0.00000000
     0.00000000
     0.00098036
     0.00973814
     0.01644741
     0.01509079
     0.01372735
     0.01235739
     0.01167527
     0.01143182
     0.01118817
     0.01083719
     0.01046686
     0.01009604
     0.00972475
     0.00935298
     0.00898043
     0.00860766
     0.00823442
     0.00786069
     0.00806988
     0.00943900
     0.01080165
     0.01095345
     0.01097548
     0.01092673
     0.01087797
     0.01082921
     0.01074161
     0.01058224
     0.01042276
     0.01026320
     0.01010356
     0.00995351
     0.00989320
     0.00898110
     0.00724325
     0.00555201
     0.00386817
     0.00297328
     0.00202635
     0.00105065
     0.00065313
     0.00028096
     0.00009183
     0.00046507
     0.00083876
     0.00121289
     0.00158747
     0.00196251
     0.00233800
     0.00271393
     0.00309031
     0.00346715
     0.00384444
     0.00422219
     0.00426028
     0.00447885
     0.00528151
     0.00505606
     0.00483077
     0.00460565
     0.00440545
     0.00470949
     0.00501383
     0.00531844
     0.00562336
     0.00592856
     0.00623407
     0.00653985
     0.00682289
     0.00710115
     0.00737965
     0.00765511
     0.00721913
     0.00678372
     0.00634887
     0.22609480
     0.00000000
     0.00000000
     0.00000000
     0.00000000
     0.00000000
     0.00000000
     0.00000000
     0.00000000
     0.00000000
     0.00000000
     0.00000000
     0.00000000
     0.00000000
     0.00000000
     0.00000000
     0.00000000
     0.00000000
     0.00000000
     0.00000000
     0.00000000
     0.00000000
     0.00000000
     0.00000000
     0.00000000
     0.00106314
     0.00982133
     0.01675097
     0.01539479
     0.01403177
     0.01266221
     0.01203605
     0.01179273
     0.01154919
     0.01118007
     0.01080989
     0.01043924
     0.01006811
     0.00969650
     0.00932409
     0.00895149
     0.00857841
     0.00820484
     0.00839682
     0.00976544
     0.01112758
     0.01138992
     0.01147929
     0.01143059
     0.01138188
     0.01129823
     0.01113904
     0.01097975
     0.01082039
     0.01066093
     0.01050139
     0.01042748
     0.01036723
     0.00919086
     0.00752658
     0.00585275
     0.00416937
     0.00284307
     0.00186918
     0.00117865
     0.00080627
     0.00043401
     0.00006114
     0.00031218
     0.00068595
     0.00106016
     0.00143483
     0.00180994
     0.00218551
     0.00256153
     0.00293800
     0.00331492
     0.00369230
     0.00407011
     0.00421661
     0.00479959
     0.00522797
     0.00500241
     0.00477701
     0.00455176
     0.00432667
     0.00461542
     0.00491987
     0.00522462
     0.00552965
     0.00583498
     0.00614060
     0.00643997
     0.00671809
     0.00699644
     0.00727503
     0.00755387
     0.00723382
     0.00679811
     0.00636295
     0.22632853
     0.00000000
     0.00000000
     0.00000000
     0.00000000
     0.00000000
     0.00000000
     0.00000000
     0.00000000
     0.00000000
     0.00000000
     0.00000000
     0.00000000
     0.00000000
     0.00000000
     0.00000000
     0.00000000
     0.00000000
     0.00000000
     0.00000000
     0.00000000
     0.00000000
     0.00000000
     0.00000000
     0.00000000
     0.00114590
     0.00990450
     0.01705452
     0.01569876
     0.01433615
     0.01296701
     0.01239676
     0.01215356
     0.01189242
     0.01152289
     0.01115288
     0.01078239
     0.01041141
     0.01003995
     0.00966772
     0.00929528
     0.00892235
     0.00854895
     0.00872372
     0.01009185
     0.01145347
     0.01182623
     0.01193148
     0.01193416
     0.01185445
     0.01169545
     0.01153635
     0.01137717
     0.01121790
     0.01105855
     0.01096143
     0.01094710
     0.01098981
     0.00949066
     0.00782683
     0.00615345
     0.00447054
     0.00272175
     0.00171154
     0.00133187
     0.00095939
     0.00058705
     0.00021410
     0.00015931
     0.00053316
     0.00090746
     0.00128220
     0.00165740
     0.00203306
     0.00240915
     0.00278570
     0.00316270
     0.00354015
     0.00391806
     0.00417305
     0.00512125
     0.00517453
     0.00494884
     0.00472333
     0.00449796
     0.00427275
     0.00452140
     0.00482598
     0.00513085
     0.00543600
     0.00574145
     0.00604719
     0.00633511
     0.00661333
     0.00689178
     0.00717047
     0.00744940
     0.00724870
     0.00681266
     0.00637718
     0.22656242
     0.00000000
     0.00000000
     0.00000000
     0.00000000
     0.00000000
     0.00000000
     0.00000000
     0.00000000
     0.00000000
     0.00000000
     0.00000000
     0.00000000
     0.00000000
     0.00000000
     0.00000000
     0.00000000
     0.00000000
     0.00000000
     0.00000000
     0.00000000
     0.00000000
     0.00000000
     0.00000000
     0.00000000
     0.00122863
     0.00998765
     0.01735803
     0.01600271
     0.01464050
     0.01327178
     0.01275740
     0.01251432
     0.01223503
     0.01186565
     0.01149580
     0.01112547
     0.01075465
     0.01038336
     0.01001128
     0.00963900
     0.00926623
     0.00889299
     0.00905059
     0.01041820
     0.01177933
     0.01226237
     0.01236754
     0.01241027
     0.01225145
     0.01209254
     0.01193355
     0.01177447
     0.01161530
     0.01152417
     0.01156683
     0.01160947
     0.01144424
     0.00979042
     0.00812706
     0.00645415
     0.00477169
     0.00299106
     0.00185661
     0.00148507
     0.00111250
     0.00074006
     0.00036703
     0.00000646
     0.00038039
     0.00075477
     0.00112960
     0.00150488
     0.00188061
     0.00225679
     0.00263342
     0.00301050
     0.00338803
     0.00376602
     0.00412958
     0.00534714
     0.00512117
     0.00489537
     0.00466973
     0.00444425
     0.00421893
     0.00442744
     0.00473214
     0.00503713
     0.00534240
     0.00564797
     0.00595221
     0.00623029
     0.00650861
     0.00678716
     0.00706595
     0.00734498
     0.00726375
     0.00682739
     0.00645008
     0.22725382
     0.00000000
     0.00000000
     0.00000000
     0.00000000
     0.00000000
     0.00000000
     0.00000000
     0.00000000
     0.00000000
     0.00000000
     0.00000000
     0.00000000
     0.00000000
     0.00000000
     0.00000000
     0.00000000
     0.00000000
     0.00000000
     0.00000000
     0.00000000
     0.00000000
     0.00000000
     0.00000000
     0.00000000
     0.00132236
     0.01007077
     0.01766151
     0.01630661
     0.01494483
     0.01357652
     0.01311796
     0.01287500
     0.01257758
     0.01220836
     0.01183867
     0.01146849
     0.01109785
     0.01072671
     0.01035478
     0.00998267
     0.00961005
     0.00923697
     0.00937741
     0.01074451
     0.01210513
     0.01269834
     0.01278704
     0.01280706
     0.01264833
     0.01248953
     0.01233064
     0.01218632
     0.01214802
     0.01218599
     0.01222858
     0.01227117
     0.01174352
     0.01009016
     0.00842726
     0.00675481
     0.00506241
     0.00336876
     0.00206826
     0.00163825
     0.00126559
     0.00089306
     0.00051994
     0.00014637
     0.00022764
     0.00060210
     0.00097701
     0.00135237
     0.00172818
     0.00210444
     0.00248116
     0.00285832
     0.00323594
     0.00361401
     0.00399252
     0.00529399
     0.00506790
     0.00484199
     0.00461623
     0.00439063
     0.00416488
     0.00433323
     0.00463835
     0.00494346
     0.00524886
     0.00555454
     0.00584733
     0.00612551
     0.00640393
     0.00668258
     0.00696147
     0.00724060
     0.00727897
     0.00722022
     0.00718374
     0.22820734
     0.00000000
     0.00000000
     0.00000000
     0.00000000
     0.00000000
     0.00000000
     0.00000000
     0.00000000
     0.00000000
     0.00000000
     0.00000000
     0.00000000
     0.00000000
     0.00000000
     0.00000000
     0.00000000
     0.00000000
     0.00000000
     0.00000000
     0.00000000
     0.00000000
     0.00000000
     0.00000000
     0.00000000
     0.00163084
     0.01026800
     0.01796495
     0.01661050
     0.01524914
     0.01388124
     0.01347846
     0.01323561
     0.01292007
     0.01255102
     0.01218149
     0.01181147
     0.01144097
     0.01107001
     0.01069824
     0.01032628
     0.00995383
     0.00958091
     0.00970418
     0.01107079
     0.01243090
     0.01312046
     0.01314826
     0.01317605
     0.01304511
     0.01288641
     0.01284328
     0.01280503
     0.01280459
     0.01284712
     0.01288965
     0.01293216
     0.01204278
     0.01038988
     0.00872744
     0.00705545
     0.00533140
     0.00399550
     0.00269676
     0.00179141
     0.00141866
     0.00104605
     0.00067284
     0.00029920
     0.00007490
     0.00044945
     0.00082444
     0.00119988
     0.00157577
     0.00195212
     0.00232891
     0.00270615
     0.00308385
     0.00346200
     0.00408084
     0.00524093
     0.00501473
     0.00478869
     0.00456252
     0.00433680
     0.00411124
     0.00423937
     0.00454431
     0.00484984
     0.00515536
     0.00546117
     0.00574250
     0.00602078
     0.00629930
     0.00657805
     0.00685704
     0.00743373
     0.00799338
     0.00795681
     0.00792022
     0.22916367
     0.00000000
     0.00000000
     0.00000000
     0.00000000
     0.00000000
     0.00000000
     0.00000000
     0.00000000
     0.00000000
     0.00000000
     0.00000000
     0.00000000
     0.00000000
     0.00000000
     0.00000000
     0.00000000
     0.00000000
     0.00000000
     0.00000000
     0.00000000
     0.00000000
     0.00000000
     0.00000000
     0.00000000
     0.00193897
     0.01057781
     0.01848656
     0.01700856
     0.01555341
     0.01418592
     0.01383887
     0.01359615
     0.01326250
     0.01289361
     0.01252424
     0.01215439
     0.01178406
     0.01141324
     0.01104163
     0.01066983
     0.01029755
     0.00992478
     0.01003092
     0.01139701
     0.01275495
     0.01348161
     0.01350939
     0.01353717
     0.01353773
     0.01349955
     0.01346137
     0.01342319
     0.01346510
     0.01350756
     0.01355002
     0.01359247
     0.01234202
     0.01068958
     0.00902759
     0.00735605
     0.00591307
     0.00462168
     0.00332472
     0.00202225
     0.00157171
     0.00119901
     0.00082573
     0.00045199
     0.00007782
     0.00029680
     0.00067189
     0.00104741
     0.00142338
     0.00179981
     0.00217668
     0.00255401
     0.00293179
     0.00331002
     0.00432002
     0.00518796
     0.00496165
     0.00473549
     0.00450919
     0.00428335
     0.00405767
     0.00414556
     0.00445062
     0.00475597
     0.00506192
     0.00535958
     0.00563772
     0.00591610
     0.00619472
     0.00668968
     0.00736987
     0.00805147
     0.00873289
     0.00869621
     0.00865952
     0.23012282
     0.00000000
     0.00000000
     0.00000000
     0.00000000
     0.00000000
     0.00000000
     0.00000000
     0.00000000
     0.00000000
     0.00000000
     0.00000000
     0.00000000
     0.00000000
     0.00000000
     0.00000000
     0.00000000
     0.00000000
     0.00000000
     0.00000000
     0.00000000
     0.00000000
     0.00000000
     0.00000000
     0.00000000
     0.00224674
     0.01088727
     0.01901792
     0.01754134
     0.01605680
     0.01456444
     0.01419921
     0.01395661
     0.01360488
     0.01323615
     0.01286695
     0.01249725
     0.01212708
     0.01175643
     0.01138498
     0.01101333
     0.01064121
     0.01026860
     0.01035761
     0.01172194
     0.01306930
     0.01384269
     0.01396927
     0.01415252
     0.01415516
     0.01411704
     0.01407891
     0.01408251
     0.01412491
     0.01416731
     0.01420970
     0.01425209
     0.01264123
     0.01098925
     0.00932772
     0.00781842
     0.00653696
     0.00524731
     0.00395213
     0.00265110
     0.00172475
     0.00135195
     0.00097859
     0.00060477
     0.00023052
     0.00014418
     0.00051935
     0.00089495
     0.00127100
     0.00164752
     0.00202447
     0.00240188
     0.00277974
     0.00315805
     0.00445663
     0.00513509
     0.00490865
     0.00468207
     0.00445596
     0.00423000
     0.00400420
     0.00405181
     0.00435699
     0.00466246
     0.00496822
     0.00525474
     0.00553297
     0.00594646
     0.00662556
     0.00730608
     0.00798802
     0.00867137
     0.00935615
     0.00943843
     0.00940163
     0.23108478
     0.00000000
     0.00000000
     0.00000000
     0.00000000
     0.00000000
     0.00000000
     0.00000000
     0.00000000
     0.00000000
     0.00000000
     0.00000000
     0.00000000
     0.00000000
     0.00000000
     0.00000000
     0.00000000
     0.00000000
     0.00000000
     0.00000000
     0.00000000
     0.00000000
     0.00000000
     0.00000000
     0.00000000
     0.00255415
     0.01119636
     0.01954851
     0.01807376
     0.01659121
     0.01513994
     0.01475794
     0.01437353
     0.01394721
     0.01357864
     0.01320959
     0.01284006
     0.01247004
     0.01209955
     0.01172825
     0.01135677
     0.01098481
     0.01061236
     0.01068340
     0.01203669
     0.01347166
     0.01443272
     0.01461581
     0.01479879
     0.01477202
     0.01473395
     0.01469935
     0.01474170
     0.01478404
     0.01482638
     0.01486869
     0.01458239
     0.01294041
     0.01128889
     0.00963960
     0.00844259
     0.00716029
     0.00587240
     0.00457893
     0.00327968
     0.00197482
     0.00150488
     0.00113144
     0.00075754
     0.00038320
     0.00000841
     0.00036682
     0.00074251
     0.00111865
     0.00149524
     0.00187228
     0.00224977
     0.00262771
     0.00300610
     0.00416949
     0.00487015
     0.00485544
     0.00462904
     0.00440281
     0.00417675
     0.00395083
     0.00395811
     0.00426341
     0.00456900
     0.00487153
     0.00520408
     0.00588209
     0.00656152
     0.00724236
     0.00792464
     0.00860833
     0.00929343
     0.00997995
     0.01018345
     0.01014654
     0.23204955
     0.00000000
     0.00000000
     0.00000000
     0.00000000
     0.00000000
     0.00000000
     0.00000000
     0.00000000
     0.00000000
     0.00000000
     0.00000000
     0.00000000
     0.00000000
     0.00000000
     0.00000000
     0.00000000
     0.00000000
     0.00000000
     0.00000000
     0.00000000
     0.00000000
     0.00000000
     0.00000000
     0.00000000
     0.00286121
     0.01150511
     0.02007897
     0.01860583
     0.01712497
     0.01575581
     0.01537436
     0.01497148
     0.01446413
     0.01395586
     0.01355218
     0.01318281
     0.01281295
     0.01244262
     0.01207149
     0.01170017
     0.01132836
     0.01095422
     0.01105698
     0.01259643
     0.01412763
     0.01507889
     0.01526171
     0.01542633
     0.01538832
     0.01535031
     0.01535793
     0.01540021
     0.01544247
     0.01548474
     0.01552700
     0.01488109
     0.01323958
     0.01158852
     0.01029162
     0.00906361
     0.00778306
     0.00649692
     0.00520520
     0.00390771
     0.00260462
     0.00165780
     0.00128426
     0.00091028
     0.00053586
     0.00016100
     0.00021433
     0.00059009
     0.00096631
     0.00134298
     0.00172010
     0.00209768
     0.00247570
     0.00285859
     0.00388237
     0.00458288
     0.00480262
     0.00457611
     0.00434976
     0.00412357
     0.00389754
     0.00386446
     0.00416988
     0.00447560
     0.00513915
     0.00581749
     0.00649754
     0.00717872
     0.00786132
     0.00854534
     0.00923078
     0.00991763
     0.01060590
     0.01093129
     0.01089426
     0.23301712
     0.00000000
     0.00000000
     0.00000000
     0.00000000
     0.00000000
     0.00000000
     0.00000000
     0.00000000
     0.00000000
     0.00000000
     0.00000000
     0.00000000
     0.00000000
     0.00000000
     0.00000000
     0.00000000
     0.00000000
     0.00000000
     0.00000000
     0.00000000
     0.00000000
     0.00000000
     0.00000000
     0.00000000
     0.00316791
     0.01181349
     0.02045110
     0.01913753
     0.01765836
     0.01637111
     0.01599020
     0.01556890
     0.01506223
     0.01455465
     0.01404616
     0.01353674
     0.01315580
     0.01278564
     0.01241466
     0.01204350
     0.01168928
     0.01138688
     0.01171699
     0.01325408
     0.01478291
     0.01572442
     0.01590695
     0.01604201
     0.01600406
     0.01597359
     0.01601580
     0.01605802
     0.01610023
     0.01614243
     0.01618462
     0.01517976
     0.01353871
     0.01210165
     0.01094301
     0.00968408
     0.00840529
     0.00712090
     0.00583093
     0.00453520
     0.00323385
     0.00192716
     0.00143707
     0.00106302
     0.00068851
     0.00031357
     0.00006184
     0.00043769
     0.00081399
     0.00119074
     0.00156794
     0.00194560
     0.00232370
     0.00289644
     0.00359527
     0.00429533
     0.00474990
     0.00452327
     0.00429680
     0.00407049
     0.00384434
     0.00377087
     0.00436775
     0.00507303
     0.00575326
     0.00643335
     0.00711515
     0.00779808
     0.00848243
     0.00916820
     0.00985539
     0.01054399
     0.01123401
     0.01168193
     0.01164480
     0.23398750
     0.00000000
     0.00000000
     0.00000000
     0.00000000
     0.00000000
     0.00000000
     0.00000000
     0.00000000
     0.00000000
     0.00000000
     0.00000000
     0.00000000
     0.00000000
     0.00000000
     0.00000000
     0.00000000
     0.00000000
     0.00000000
     0.00000000
     0.00000000
     0.00000000
     0.00000000
     0.00000000
     0.00000000
     0.00347426
     0.01212152
     0.02076081
     0.01966887
     0.01819139
     0.01698585
     0.01660548
     0.01616581
     0.01565983
     0.01515293
     0.01464512
     0.01413639
     0.01362675
     0.01312859
     0.01275777
     0.01250319
     0.01220295
     0.01190086
     0.01237632
     0.01391105
     0.01543752
     0.01636929
     0.01655155
     0.01665713
     0.01661924
     0.01663085
     0.01667300
     0.01671514
     0.01675729
     0.01679942
     0.01684155
     0.01547841
     0.01390289
     0.01275065
     0.01157546
     0.01030400
     0.00902696
     0.00774432
     0.00645611
     0.00516212
     0.00386255
     0.00255759
     0.00158987
     0.00121573
     0.00084114
     0.00046612
     0.00009063
     0.00028530
     0.00066169
     0.00103852
     0.00141580
     0.00179354
     0.00217172
     0.00260951
     0.00330819
     0.00400810
     0.00469726
     0.00447051
     0.00424392
     0.00401749
     0.00379123
     0.00428645
     0.00499203
     0.00568910
     0.00636952
     0.00705136
     0.00773493
     0.00841960
     0.00910570
     0.00979322
     0.01048216
     0.01117250
     0.01186426
     0.01243538
     0.01239814
     0.23496068
     0.00000000
     0.00000000
     0.00000000
     0.00000000
     0.00000000
     0.00000000
     0.00000000
     0.00000000
     0.00000000
     0.00000000
     0.00000000
     0.00000000
     0.00000000
     0.00000000
     0.00000000
     0.00000000
     0.00000000
     0.00000000
     0.00000000
     0.00000000
     0.00000000
     0.00000000
     0.00000000
     0.00000000
     0.00378026
     0.01242920
     0.02107017
     0.02019987
     0.01872406
     0.01760003
     0.01722020
     0.01676222
     0.01625692
     0.01575070
     0.01524358
     0.01473553
     0.01422656
     0.01381361
     0.01342037
     0.01301778
     0.01271631
     0.01241453
     0.01303497
     0.01456734
     0.01609146
     0.01701352
     0.01719550
     0.01727169
     0.01724533
     0.01728741
     0.01732950
     0.01737158
     0.01741366
     0.01745573
     0.01740763
     0.01577704
     0.01454952
     0.01339901
     0.01219307
     0.01092337
     0.00964808
     0.00836720
     0.00708073
     0.00578850
     0.00449069
     0.00318747
     0.00187861
     0.00136842
     0.00099376
     0.00061864
     0.00024308
     0.00013293
     0.00050940
     0.00088631
     0.00126368
     0.00164149
     0.00201975
     0.00232258
     0.00302082
     0.00372088
     0.00442247
     0.00441784
     0.00419113
     0.00396459
     0.00415096
     0.00491108
     0.00561851
     0.00630576
     0.00698793
     0.00767152
     0.00835654
     0.00904327
     0.00973112
     0.01042038
     0.01111106
     0.01180315
     0.01249666
     0.01319156
     0.01315429
     0.23593667
     0.00000000
     0.00000000
     0.00000000
     0.00000000
     0.00000000
     0.00000000
     0.00000000
     0.00000000
     0.00000000
     0.00000000
     0.00000000
     0.00000000
     0.00000000
     0.00000000
     0.00000000
     0.00000000
     0.00000000
     0.00000000
     0.00000000
     0.00000000
     0.00000000
     0.00000000
     0.00000000
     0.00000000
     0.00408590
     0.01273652
     0.02137918
     0.02073049
     0.01925637
     0.01821364
     0.01783435
     0.01735811
     0.01685350
     0.01634796
     0.01584151
     0.01541164
     0.01502063
     0.01462908
     0.01419327
     0.01375220
     0.01331045
     0.01292790
     0.01369294
     0.01522297
     0.01674472
     0.01765709
     0.01783880
     0.01788569
     0.01790127
     0.01794329
     0.01798532
     0.01802733
     0.01806933
     0.01811134
     0.01770578
     0.01633961
     0.01519550
     0.01404673
     0.01281014
     0.01154218
     0.01026864
     0.00898951
     0.00770480
     0.00641433
     0.00511826
     0.00381679
     0.00250968
     0.00152110
     0.00114635
     0.00077115
     0.00039551
     0.00001942
     0.00035713
     0.00073413
     0.00111157
     0.00148946
     0.00168539
     0.00203568
     0.00273377
     0.00343368
     0.00413513
     0.00436527
     0.00413844
     0.00400226
     0.00477105
     0.00553794
     0.00624209
     0.00692459
     0.00760851
     0.00829385
     0.00898061
     0.00966909
     0.01035869
     0.01104969
     0.01174212
     0.01243595
     0.01313119
     0.01382784
     0.01391324
     0.23691545
     0.00000000
     0.00000000
     0.00000000
     0.00000000
     0.00000000
     0.00000000
     0.00000000
     0.00000000
     0.00000000
     0.00000000
     0.00000000
     0.00000000
     0.00000000
     0.00000000
     0.00000000
     0.00000000
     0.00000000
     0.00000000
     0.00000000
     0.00000000
     0.00000000
     0.00000000
     0.00000000
     0.00000000
     0.00439118
     0.01304349
     0.02168783
     0.02126077
     0.01978833
     0.01882669
     0.01844793
     0.01795350
     0.01744956
     0.01700295
     0.01661384
     0.01622421
     0.01583402
     0.01540173
     0.01496190
     0.01452168
     0.01408078
     0.01363920
     0.01441190
     0.01587791
     0.01739732
     0.01830001
     0.01848144
     0.01851456
     0.01855653
     0.01859848
     0.01864044
     0.01868239
     0.01872433
     0.01876626
     0.01812092
     0.01698321
     0.01584083
     0.01468726
     0.01342665
     0.01216045
     0.01088866
     0.00961128
     0.00832832
     0.00703960
     0.00574530
     0.00444557
     0.00314021
     0.00182928
     0.00129893
     0.00092365
     0.00054793
     0.00017175
     0.00020488
     0.00058196
     0.00095948
     0.00133746
     0.00121250
     0.00174879
     0.00244672
     0.00314650
     0.00384780
     0.00431278
     0.00408584
     0.00462254
     0.00539333
     0.00616595
     0.00686132
     0.00754557
     0.00823123
     0.00891832
     0.00960683
     0.01029706
     0.01098840
     0.01168115
     0.01237532
     0.01307090
     0.01376788
     0.01446627
     0.01467499
     0.23789703
     0.00000000
     0.00000000
     0.00000000
     0.00000000
     0.00000000
     0.00000000
     0.00000000
     0.00000000
     0.00000000
     0.00000000
     0.00000000
     0.00000000
     0.00000000
     0.00000000
     0.00000000
     0.00000000
     0.00000000
     0.00000000
     0.00000000
     0.00000000
     0.00000000
     0.00000000
     0.00000000
     0.00000000
     0.00469611
     0.01335010
     0.02199612
     0.02179067
     0.02031993
     0.01943917
     0.01905070
     0.01858754
     0.01820035
     0.01781261
     0.01742433
     0.01703552
     0.01660640
     0.01616844
     0.01572947
     0.01529010
     0.01485006
     0.01440933
     0.01534521
     0.01671845
     0.01808497
     0.01894229
     0.01912344
     0.01916919
     0.01921109
     0.01925298
     0.01929487
     0.01933676
     0.01942890
     0.01952346
     0.01876215
     0.01762617
     0.01648552
     0.01530146
     0.01404260
     0.01277815
     0.01150812
     0.01023250
     0.00895129
     0.00766432
     0.00637151
     0.00507379
     0.00377018
     0.00246099
     0.00145150
     0.00107613
     0.00070033
     0.00032406
     0.00005264
     0.00042980
     0.00080740
     0.00118547
     0.00076537
     0.00146162
     0.00215971
     0.00285933
     0.00356048
     0.00426038
     0.00447404
     0.00524500
     0.00601780
     0.00679243
     0.00748270
     0.00816869
     0.00885611
     0.00954495
     0.01023520
     0.01092718
     0.01162026
     0.01231476
     0.01301066
     0.01370799
     0.01440672
     0.01510684
     0.01543952
     0.23888140
     0.00000000
     0.00000000
     0.00000000
     0.00000000
     0.00000000
     0.00000000
     0.00000000
     0.00000000
     0.00000000
     0.00000000
     0.00000000
     0.00000000
     0.00000000
     0.00000000
     0.00000000
     0.00000000
     0.00000000
     0.00000000
     0.00000000
     0.00000000
     0.00000000
     0.00000000
     0.00000000
     0.00000000
     0.00500068
     0.01365635
     0.02230406
     0.02232023
     0.02085118
     0.02007122
     0.01978013
     0.01939431
     0.01900793
     0.01862103
     0.01823358
     0.01780763
     0.01737120
     0.01693409
     0.01649596
     0.01605746
     0.01561827
     0.01517838
     0.01627673
     0.01764649
     0.01900953
     0.01972590
     0.01979027
     0.01985871
     0.01995321
     0.02004768
     0.02014211
     0.02023652
     0.02033088
     0.02042522
     0.01940273
     0.01826848
     0.01712957
     0.01591512
     0.01465801
     0.01339531
     0.01212703
     0.01085316
     0.00957370
     0.00828850
     0.00699752
     0.00570145
     0.00439959
     0.00309217
     0.00177916
     0.00122860
     0.00085271
     0.00047637
     0.00009958
     0.00027767
     0.00065535
     0.00079145
     0.00047866
     0.00117477
     0.00187270
     0.00257217
     0.00327318
     0.00408061
     0.00509669
     0.00586966
     0.00664445
     0.00741235
     0.00810623
     0.00879397
     0.00948313
     0.01017372
     0.01086572
     0.01155914
     0.01225427
     0.01295051
     0.01364816
     0.01434722
     0.01504768
     0.01574955
     0.01620686
     0.23986857
     0.00000000
     0.00000000
     0.00000000
     0.00000000
     0.00000000
     0.00000000
     0.00000000
     0.00000000
     0.00000000
     0.00000000
     0.00000000
     0.00000000
     0.00000000
     0.00000000
     0.00000000
     0.00000000
     0.00000000
     0.00000000
     0.00000000
     0.00000000
     0.00000000
     0.00000000
     0.00000000
     0.00000000
     0.00530490
     0.01396225
     0.02261164
     0.02285043
     0.02145474
     0.02089199
     0.02058482
     0.02019983
     0.01981428
     0.01942819
     0.01900540
     0.01857051
     0.01813494
     0.01769867
     0.01726140
     0.01682374
     0.01638540
     0.01594638
     0.01720643
     0.01861303
     0.02003491
     0.02077368
     0.02089931
     0.02087090
     0.02085444
     0.02094867
     0.02104287
     0.02113704
     0.02123117
     0.02117053
     0.02004267
     0.01891014
     0.01777296
     0.01652821
     0.01527286
     0.01401191
     0.01274538
     0.01147326
     0.01019556
     0.00891212
     0.00762298
     0.00632857
     0.00502846
     0.00372278
     0.00241153
     0.00138104
     0.00100507
     0.00062865
     0.00025178
     0.00012555
     0.00050332
     0.00031875
     0.00019197
     0.00088793
     0.00158572
     0.00228504
     0.00298590
     0.00445448
     0.00572154
     0.00649651
     0.00727331
     0.00803286
     0.00873191
     0.00942140
     0.01011231
     0.01080464
     0.01149839
     0.01219355
     0.01289042
     0.01358840
     0.01428779
     0.01498859
     0.01569079
     0.01639439
     0.01697698
     0.24085852
     0.00000000
     0.00000000
     0.00000000
     0.00000000
     0.00000000
     0.00000000
     0.00000000
     0.00000000
     0.00000000
     0.00000000
     0.00000000
     0.00000000
     0.00000000
     0.00000000
     0.00000000
     0.00000000
     0.00000000
     0.00000000
     0.00000000
     0.00000000
     0.00000000
     0.00000000
     0.00000000
     0.00000000
     0.00560876
     0.01426779
     0.02297920
     0.02351012
     0.02211671
     0.02171145
     0.02138826
     0.02100409
     0.02061936
     0.02019971
     0.01976636
     0.01933232
     0.01889760
     0.01846220
     0.01802577
     0.01763367
     0.01727895
     0.01692557
     0.01835724
     0.01978155
     0.02119853
     0.02189708
     0.02202272
     0.02199441
     0.02196609
     0.02193777
     0.02194192
     0.02203585
     0.02212975
     0.02180809
     0.02068196
     0.01955117
     0.01838879
     0.01714077
     0.01588716
     0.01462797
     0.01336319
     0.01209283
     0.01081688
     0.00953518
     0.00824788
     0.00695513
     0.00565678
     0.00435285
     0.00304335
     0.00172828
     0.00115741
     0.00078091
     0.00040396
     0.00002655
     0.00035129
     0.00015373
     0.00009470
     0.00060111
     0.00129875
     0.00199793
     0.00307730
     0.00482944
     0.00634858
     0.00712555
     0.00790434
     0.00865550
     0.00935975
     0.01005098
     0.01074364
     0.01143771
     0.01213320
     0.01283010
     0.01352871
     0.01422844
     0.01492956
     0.01563210
     0.01633603
     0.01704137
     0.01774809
     0.24185126
     0.00000000
     0.00000000
     0.00000000
     0.00000000
     0.00000000
     0.00000000
     0.00000000
     0.00000000
     0.00000000
     0.00000000
     0.00000000
     0.00000000
     0.00000000
     0.00000000
     0.00000000
     0.00000000
     0.00000000
     0.00000000
     0.00000000
     0.00000000
     0.00000000
     0.00000000
     0.00000000
     0.00000000
     0.00596054
     0.01469185
     0.02341596
     0.02416909
     0.02279121
     0.02252958
     0.02219045
     0.02180710
     0.02139057
     0.02095875
     0.02052626
     0.02012915
     0.01977737
     0.01942484
     0.01907214
     0.01871897
     0.01836537
     0.01810062
     0.01952738
     0.02094681
     0.02235890
     0.02301748
     0.02314313
     0.02311491
     0.02308669
     0.02305846
     0.02303022
     0.02300199
     0.02302664
     0.02244500
     0.02132061
     0.02019155
     0.01899903
     0.01775276
     0.01650090
     0.01524347
     0.01398045
     0.01271183
     0.01143764
     0.01015770
     0.00887225
     0.00758115
     0.00628454
     0.00498236
     0.00367460
     0.00236128
     0.00130975
     0.00093316
     0.00055612
     0.00017864
     0.00010229
     0.00062602
     0.00038166
     0.00031430
     0.00101179
     0.00171082
     0.00345014
     0.00520549
     0.00697032
     0.00775677
     0.00853756
     0.00928027
     0.00998973
     0.01068271
     0.01137710
     0.01207292
     0.01277015
     0.01346879
     0.01416916
     0.01487061
     0.01557348
     0.01627775
     0.01698342
     0.01769048
     0.01839893
     0.24284678
     0.00000000
     0.00000000
     0.00000000
     0.00000000
     0.00000000
     0.00000000
     0.00000000
     0.00000000
     0.00000000
     0.00000000
     0.00000000
     0.00000000
     0.00000000
     0.00000000
     0.00000000
     0.00000000
     0.00000000
     0.00000000
     0.00000000
     0.00000000
     0.00000000
     0.00000000
     0.00000000
     0.00000000
     0.00648110
     0.01519819
     0.02390790
     0.02486637
     0.02363800
     0.02335302
     0.02299138
     0.02260559
     0.02225671
     0.02190738
     0.02155760
     0.02120737
     0.02085670
     0.02050526
     0.02015365
     0.01980160
     0.01944909
     0.01927239
     0.02069427
     0.02210880
     0.02351600
     0.02416181
     0.02426053
     0.02423240
     0.02420427
     0.02417613
     0.02414800
     0.02411986
     0.02409172
     0.02312875
     0.02195860
     0.02083127
     0.01960871
     0.01836420
     0.01711410
     0.01585841
     0.01459714
     0.01333028
     0.01205783
     0.01077966
     0.00949606
     0.00820661
     0.00691175
     0.00561132
     0.00430532
     0.00299375
     0.00167660
     0.00108539
     0.00070828
     0.00033071
     0.00057479
     0.00109810
     0.00066831
     0.00002751
     0.00072485
     0.00207499
     0.00382407
     0.00558264
     0.00735067
     0.00839019
     0.00917019
     0.00990717
     0.01062186
     0.01131658
     0.01201272
     0.01271028
     0.01340925
     0.01410962
     0.01481173
     0.01551493
     0.01621953
     0.01692553
     0.01763294
     0.01834173
     0.01905191
     0.24384508
     0.00000000
     0.00000000
     0.00000000
     0.00000000
     0.00000000
     0.00000000
     0.00000000
     0.00000000
     0.00000000
     0.00000000
     0.00000000
     0.00000000
     0.00000000
     0.00000000
     0.00000000
     0.00000000
     0.00000000
     0.00000000
     0.00000000
     0.00000000
     0.00000000
     0.00000000
     0.00000000
     0.00000000
     0.00706263
     0.01578283
     0.02449566
     0.02567716
     0.02466663
     0.02438252
     0.02402405
     0.02367672
     0.02332894
     0.02298071
     0.02263203
     0.02228291
     0.02193332
     0.02158299
     0.02123248
     0.02088152
     0.02053012
     0.02044091
     0.02185788
     0.02326753
     0.02466985
     0.02530783
     0.02537492
     0.02534689
     0.02531885
     0.02529081
     0.02526276
     0.02523472
     0.02520668
     0.02398238
     0.02274302
     0.02148344
     0.02021786
     0.01897510
     0.01772675
     0.01647281
     0.01521329
     0.01394819
     0.01267749
     0.01140107
     0.01011932
     0.00883152
     0.00753841
     0.00623973
     0.00493548
     0.00362565
     0.00231025
     0.00123760
     0.00086041
     0.00052334
     0.00104708
     0.00156997
     0.00095493
     0.00025926
     0.00070398
     0.00244679
     0.00419910
     0.00596087
     0.00773211
     0.00902578
     0.00979737
     0.01053621
     0.01125614
     0.01195260
     0.01265048
     0.01334977
     0.01405048
     0.01475260
     0.01545614
     0.01616137
     0.01686771
     0.01757545
     0.01828458
     0.01899511
     0.01970702
     0.24484616
     0.00000000
     0.00000000
     0.00000000
     0.00000000
     0.00000000
     0.00000000
     0.00000000
     0.00000000
     0.00000000
     0.00000000
     0.00000000
     0.00000000
     0.00000000
     0.00000000
     0.00000000
     0.00000000
     0.00000000
     0.00000000
     0.00000000
     0.00000000
     0.00000000
     0.00000000
     0.00000000
     0.00000000
     0.00764284
     0.01636616
     0.02508210
     0.02648663
     0.02569283
     0.02543657
     0.02509140
     0.02474516
     0.02439848
     0.02405134
     0.02370377
     0.02335574
     0.02300726
     0.02265802
     0.02230862
     0.02195876
     0.02160845
     0.02160616
     0.02301824
     0.02442300
     0.02582043
     0.02645062
     0.02648630
     0.02645837
     0.02643043
     0.02640248
     0.02637454
     0.02634658
     0.02606526
     0.02483452
     0.02359807
     0.02231622
     0.02095803
     0.01959309
     0.01833884
     0.01708665
     0.01582889
     0.01456553
     0.01329659
     0.01202193
     0.01074171
     0.00945587
     0.00816451
     0.00686759
     0.00556509
     0.00425701
     0.00294336
     0.00162414
     0.00101252
     0.00099585
     0.00151918
     0.00193522
     0.00124154
     0.00054602
     0.00107366
     0.00281969
     0.00457521
     0.00634019
     0.00811464
     0.00966356
     0.01042668
     0.01116737
     0.01189255
     0.01259076
     0.01329038
     0.01399141
     0.01469385
     0.01539771
     0.01610298
     0.01680995
     0.01751802
     0.01822749
     0.01893836
     0.01965061
     0.02036424
     0.24585001
     0.00000000
     0.00000000
     0.00000000
     0.00000000
