     0.00000000
     0.00000000
     0.00000000
     0.00000000
     0.00000000
     0.00000000
     0.00000000
     0.00000000
     0.00000000
     0.00000000
     0.00000000
     0.00000000
     0.00000000
     0.00000000
     0.00000000
     0.00000000
     0.00000000
     0.00000000
     0.00000000
     0.00000000
     0.94571242
     0.94522107
     0.94472554
     0.94422288
     0.94371102
     0.94316707
     0.94259762
     0.94205236
     0.94150224
     0.94094723
     0.94038729
     0.93982237
     0.93925245
     0.93867749
     0.93809744
     0.93751226
     0.93692193
     0.93632640
     0.93572564
     0.93511959
     0.93450824
     0.93389153
     0.93326943
     0.93264189
     0.93200889
     0.93137037
     0.93072630
     0.93012473
     0.93045183
     0.93105356
     0.93165047
     0.93231693
     0.93302971
     0.93374310
     0.93444941
     0.93514873
     0.93584107
     0.93644791
     0.93704939
     0.93764556
     0.93802366
     0.93833095
     0.93863682
     0.93894127
     0.93919823
     0.93945038
     0.93970155
     0.93995174
     0.94020096
     0.94044921
     0.94074404
     0.94107131
     0.94139689
     0.94172078
     0.94207276
     0.94243687
     0.94270242
     0.94292895
     0.94315464
     0.94337948
     0.94360350
     0.94382668
     0.94404903
     0.94427055
     0.94449124
     0.94471111
     0.94493017
     0.94514840
     0.94536582
     0.94558243
     0.94579823
     0.94601322
     0.94622740
     0.94644079
     0.94949495
     0.95959596
     0.96969697
     0.97979798
     0.98989899
     1.00000000
     0.00000000
     0.00000000
     0.00000000
     0.00000000
     0.00000000
     0.00000000
     0.00000000
     0.00000000
     0.00000000
     0.00000000
     0.00000000
     0.00000000
     0.00000000
     0.00000000
     0.00000000
     0.00000000
     0.00000000
     0.00000000
     0.00000000
     0.00000000
     0.94586203
     0.94537196
     0.94487772
     0.94437927
     0.94387144
     0.94335288
     0.94278174
     0.94221630
     0.94166765
     0.94111410
     0.94055564
     0.93999222
     0.93942381
     0.93885036
     0.93827183
     0.93768820
     0.93709942
     0.93650545
     0.93590626
     0.93530180
     0.93469204
     0.93407694
     0.93345646
     0.93283056
     0.93219920
     0.93156234
     0.93091994
     0.93028343
     0.93081736
     0.93141617
     0.93201016
     0.93260789
     0.93330674
     0.93401629
     0.93471990
     0.93541653
     0.93603549
     0.93664061
     0.93724039
     0.93783487
     0.93831034
     0.93861631
     0.93892085
     0.93922399
     0.93948423
     0.93973526
     0.93998532
     0.94023441
     0.94048253
     0.94072969
     0.94097588
     0.94129667
     0.94162108
     0.94194381
     0.94228431
     0.94264716
     0.94301624
     0.94332887
     0.94355307
     0.94377644
     0.94399897
     0.94422068
     0.94444156
     0.94466162
     0.94488085
     0.94509927
     0.94531688
     0.94553367
     0.94574965
     0.94596482
     0.94617919
     0.94639275
     0.94660552
     0.94681749
     0.94949495
     0.95959596
     0.96969697
     0.97979798
     0.98989899
     1.00000000
     0.00000000
     0.00000000
     0.00000000
     0.00000000
     0.00000000
     0.00000000
     0.00000000
     0.00000000
     0.00000000
     0.00000000
     0.00000000
     0.00000000
     0.00000000
     0.00000000
     0.00000000
     0.00000000
     0.00000000
     0.00000000
     0.00000000
     0.00000000
     0.94601126
     0.94552246
     0.94502950
     0.94453234
     0.94403095
     0.94351792
     0.94296873
     0.94239395
     0.94183261
     0.94128054
     0.94072355
     0.94016162
     0.93959471
     0.93902277
     0.93844577
     0.93786367
     0.93727644
     0.93668403
     0.93608641
     0.93548353
     0.93487537
     0.93426187
     0.93364301
     0.93301873
     0.93238901
     0.93175381
     0.93111307
     0.93065661
     0.93118112
     0.93177700
     0.93236810
     0.93295445
     0.93359375
     0.93428844
     0.93498935
     0.93562057
     0.93622935
     0.93683276
     0.93743085
     0.93802365
     0.93859579
     0.93890043
     0.93920366
     0.93950548
     0.93976896
     0.94001889
     0.94026785
     0.94051584
     0.94076287
     0.94100893
     0.94125404
     0.94152122
     0.94184447
     0.94216604
     0.94249512
     0.94285728
     0.94322811
     0.94359668
     0.94394887
     0.94417077
     0.94439183
     0.94461208
     0.94483150
     0.94505010
     0.94526789
     0.94548486
     0.94570102
     0.94591638
     0.94613093
     0.94634468
     0.94655762
     0.94676977
     0.94698112
     0.94719168
     0.94949495
     0.95959596
     0.96969697
     0.97979798
     0.98989899
     1.00000000
     0.00000000
     0.00000000
     0.00000000
     0.00000000
     0.00000000
     0.00000000
     0.00000000
     0.00000000
     0.00000000
     0.00000000
     0.00000000
     0.00000000
     0.00000000
     0.00000000
     0.00000000
     0.00000000
     0.00000000
     0.00000000
     0.00000000
     0.00000000
     0.94616010
     0.94567257
     0.94518089
     0.94468502
     0.94418493
     0.94367886
     0.94315514
     0.94258213
     0.94200369
     0.94144652
     0.94089102
     0.94033057
     0.93976516
     0.93919473
     0.93861925
     0.93803869
     0.93745300
     0.93686214
     0.93626609
     0.93566479
     0.93505821
     0.93444632
     0.93382907
     0.93320642
     0.93257834
     0.93194478
     0.93130570
     0.93108600
     0.93154310
     0.93213608
     0.93272429
     0.93330777
     0.93388655
     0.93456620
     0.93520315
     0.93581561
     0.93642267
     0.93702438
     0.93762077
     0.93821188
     0.93879776
     0.93918332
     0.93948524
     0.93978575
     0.94005244
     0.94030127
     0.94054913
     0.94079603
     0.94104197
     0.94128694
     0.94153097
     0.94177404
     0.94206705
     0.94238746
     0.94270621
     0.94306970
     0.94343924
     0.94380652
     0.94417156
     0.94453437
     0.94478210
     0.94500089
     0.94521886
     0.94543602
     0.94565236
     0.94586790
     0.94608263
     0.94629656
     0.94650968
     0.94672201
     0.94693354
     0.94714428
     0.94735423
     0.94756339
     0.94949495
     0.95959596
     0.96969697
     0.97979798
     0.98989899
     1.00000000
     0.00000000
     0.00000000
     0.00000000
     0.00000000
     0.00000000
     0.00000000
     0.00000000
     0.00000000
     0.00000000
     0.00000000
     0.00000000
     0.00000000
     0.00000000
     0.00000000
     0.00000000
     0.00000000
     0.00000000
     0.00000000
     0.00000000
     0.00000000
     0.94630837
     0.94582229
     0.94533189
     0.94483730
     0.94433850
     0.94383546
     0.94332420
     0.94276973
     0.94219307
     0.94161207
     0.94105804
     0.94049908
     0.93993516
     0.93936623
     0.93879227
     0.93821324
     0.93762909
     0.93703979
     0.93644529
     0.93584557
     0.93524058
     0.93463029
     0.93401465
     0.93339362
     0.93276717
     0.93213525
     0.93149784
     0.93150849
     0.93190331
     0.93249340
     0.93307874
     0.93365936
     0.93423531
     0.93479664
     0.93539936
     0.93601009
     0.93661544
     0.93721544
     0.93781015
     0.93839959
     0.93898380
     0.93946499
     0.93976559
     0.94006480
     0.94033468
     0.94058241
     0.94082917
     0.94107498
     0.94131983
     0.94156372
     0.94180667
     0.94204866
     0.94228971
     0.94260810
     0.94292570
     0.94328138
     0.94364962
     0.94401562
     0.94437938
     0.94474092
     0.94510024
     0.94538713
     0.94560366
     0.94581938
     0.94603429
     0.94624840
     0.94646170
     0.94667421
     0.94688592
     0.94709684
     0.94730697
     0.94751631
     0.94772486
     0.94793263
     0.94949495
     0.95959596
     0.96969697
     0.97979798
     0.98989899
     1.00000000
     0.00000000
     0.00000000
     0.00000000
     0.00000000
     0.00000000
     0.00000000
     0.00000000
     0.00000000
     0.00000000
     0.00000000
     0.00000000
     0.00000000
     0.00000000
     0.00000000
     0.00000000
     0.00000000
     0.00000000
     0.00000000
     0.00000000
     0.00000000
     0.94646240
     0.94597335
     0.94548249
     0.94498919
     0.94449168
     0.94398995
     0.94348395
     0.94295676
     0.94238187
     0.94180154
     0.94122462
     0.94066714
     0.94010471
     0.93953729
     0.93896484
     0.93838733
     0.93780472
     0.93721696
     0.93662403
     0.93602588
     0.93542247
     0.93481377
     0.93419974
     0.93358033
     0.93295551
     0.93232524
     0.93168947
     0.93192858
     0.93226177
     0.93284898
     0.93343145
     0.93400923
     0.93454209
     0.93502583
     0.93559502
     0.93620403
     0.93680767
     0.93740597
     0.93799899
     0.93858676
     0.93916931
     0.93974543
     0.94004473
     0.94034264
     0.94061566
     0.94086230
     0.94110798
     0.94135270
     0.94159646
     0.94183928
     0.94208115
     0.94232207
     0.94256206
     0.94282793
     0.94314507
     0.94349232
     0.94385927
     0.94422399
     0.94458648
     0.94494675
     0.94530481
     0.94566068
     0.94598591
     0.94620020
     0.94641369
     0.94662637
     0.94683826
     0.94704936
     0.94725967
     0.94746918
     0.94767791
     0.94788586
     0.94809302
     0.94829941
     0.94949495
     0.95959596
     0.96969697
     0.97979798
     0.98989899
     1.00000000
     0.00000000
     0.00000000
     0.00000000
     0.00000000
     0.00000000
     0.00000000
     0.00000000
     0.00000000
     0.00000000
     0.00000000
     0.00000000
     0.00000000
     0.00000000
     0.00000000
     0.00000000
     0.00000000
     0.00000000
     0.00000000
     0.00000000
     0.00000000
     0.94662444
     0.94614258
     0.94564474
     0.94514258
     0.94464447
     0.94414403
     0.94363934
     0.94312986
     0.94257008
     0.94199153
     0.94140752
     0.94083475
     0.94027381
     0.93970789
     0.93913695
     0.93856096
     0.93797988
     0.93739368
     0.93680230
     0.93620572
     0.93560389
     0.93499678
     0.93438435
     0.93376655
     0.93314336
     0.93251473
     0.93196304
     0.93234628
     0.93266103
     0.93320282
     0.93378244
     0.93432612
     0.93481134
     0.93529323
     0.93579013
     0.93639742
     0.93699935
     0.93759596
     0.93818730
     0.93877340
     0.93935430
     0.93993004
     0.94032266
     0.94061928
     0.94089541
     0.94114096
     0.94138555
     0.94162919
     0.94187188
     0.94211362
     0.94235441
     0.94259427
     0.94283319
     0.94307118
     0.94336692
     0.94370252
     0.94406819
     0.94443163
     0.94479285
     0.94515185
     0.94550866
     0.94586327
     0.94621571
     0.94656599
     0.94679056
     0.94700184
     0.94721232
     0.94742202
     0.94763092
     0.94783905
     0.94804639
     0.94825295
     0.94845873
     0.94866375
     0.94949495
     0.95959596
     0.96969697
     0.97979798
     0.98989899
     1.00000000
     0.00000000
     0.00000000
     0.00000000
     0.00000000
     0.00000000
     0.00000000
     0.00000000
     0.00000000
     0.00000000
     0.00000000
     0.00000000
     0.00000000
     0.00000000
     0.00000000
     0.00000000
     0.00000000
     0.00000000
     0.00000000
     0.00000000
     0.00000000
     0.94678602
     0.94630713
     0.94581494
     0.94531425
     0.94480921
     0.94429978
     0.94379433
     0.94328666
     0.94275772
     0.94218095
     0.94159872
     0.94101100
     0.94044246
     0.93987804
     0.93930861
     0.93873414
     0.93815459
     0.93756992
     0.93698010
     0.93638508
     0.93578483
     0.93517931
     0.93456848
     0.93395229
     0.93333072
     0.93270372
     0.93240807
     0.93276160
     0.93307456
     0.93355492
     0.93410948
     0.93459620
     0.93507956
     0.93555961
     0.93603634
     0.93659026
     0.93719049
     0.93778541
     0.93837507
     0.93895950
     0.93953875
     0.94011285
     0.94059939
     0.94089471
     0.94117392
     0.94141838
     0.94166189
     0.94190445
     0.94214607
     0.94238674
     0.94262647
     0.94286526
     0.94310312
     0.94334005
     0.94358796
     0.94391198
     0.94427638
     0.94463854
     0.94499849
     0.94535624
     0.94571179
     0.94606516
     0.94641636
     0.94676540
     0.94711230
     0.94737481
     0.94758389
     0.94779219
     0.94799971
     0.94820645
     0.94841241
     0.94861759
     0.94882201
     0.94902565
     0.94949495
     0.95959596
     0.96969697
     0.97979798
     0.98989899
     1.00000000
     0.00000000
     0.00000000
     0.00000000
     0.00000000
     0.00000000
     0.00000000
     0.00000000
     0.00000000
     0.00000000
     0.00000000
     0.00000000
     0.00000000
     0.00000000
     0.00000000
     0.00000000
     0.00000000
     0.00000000
     0.00000000
     0.00000000
     0.00000000
     0.94694713
     0.94646961
     0.94598464
     0.94548543
     0.94498187
     0.94447394
     0.94396160
     0.94344481
     0.94293192
     0.94236978
     0.94178934
     0.94120342
     0.94061197
     0.94004774
     0.93947982
     0.93890686
     0.93832884
     0.93774571
     0.93715743
     0.93656398
     0.93596530
     0.93536136
     0.93475212
     0.93413755
     0.93351760
     0.93289223
     0.93285039
     0.93317456
     0.93348573
     0.93389218
     0.93438039
     0.93486524
     0.93534676
     0.93582496
     0.93629987
     0.93679432
     0.93738109
     0.93797432
     0.93856231
     0.93914508
     0.93972268
     0.94029515
     0.94086252
     0.94116895
     0.94145120
     0.94169458
     0.94193702
     0.94217850
     0.94241905
     0.94265865
     0.94289732
     0.94313505
     0.94337186
     0.94360852
     0.94385432
     0.94412907
     0.94448383
     0.94484473
     0.94520342
     0.94555991
     0.94591421
     0.94626634
     0.94661630
     0.94696411
     0.94730979
     0.94765333
     0.94795300
     0.94815991
     0.94836604
     0.94857140
     0.94877599
     0.94897981
     0.94918286
     0.94938514
     0.94958666
     0.95959596
     0.96969697
     0.97979798
     0.98989899
     1.00000000
     0.00000000
     0.00000000
     0.00000000
     0.00000000
     0.00000000
     0.00000000
     0.00000000
     0.00000000
     0.00000000
     0.00000000
     0.00000000
     0.00000000
     0.00000000
     0.00000000
     0.00000000
     0.00000000
     0.00000000
     0.00000000
     0.00000000
     0.00000000
     0.94710779
     0.94663163
     0.94615143
     0.94565609
     0.94515403
     0.94464759
     0.94413675
     0.94362149
     0.94310175
     0.94255826
     0.94197937
     0.94139524
     0.94080560
     0.94021699
     0.93965057
     0.93907913
     0.93850263
     0.93792103
     0.93733430
     0.93674240
     0.93614530
     0.93554294
     0.93493529
     0.93432232
     0.93370399
     0.93308024
     0.93327442
     0.93358516
     0.93389061
     0.93416392
     0.93465026
     0.93513326
     0.93561293
     0.93608930
     0.93656238
     0.93704352
     0.93757115
     0.93816270
     0.93874902
     0.93933013
     0.93990609
     0.94047693
     0.94104268
     0.94144199
     0.94172726
     0.94196956
     0.94221092
     0.94245134
     0.94269082
     0.94292936
     0.94316697
     0.94340365
     0.94363940
     0.94387810
     0.94412279
     0.94436648
     0.94469056
     0.94505019
     0.94540762
     0.94576286
     0.94611592
     0.94646680
     0.94681554
     0.94716212
     0.94750658
     0.94784891
     0.94818913
     0.94852517
     0.94872993
     0.94893392
     0.94913715
     0.94933960
     0.94954130
     0.94974223
     0.94994241
     0.95959596
     0.96969697
     0.97979798
     0.98989899
     1.00000000
     0.00000000
     0.00000000
     0.00000000
     0.00000000
     0.00000000
     0.00000000
     0.00000000
     0.00000000
     0.00000000
     0.00000000
     0.00000000
     0.00000000
     0.00000000
     0.00000000
     0.00000000
     0.00000000
     0.00000000
     0.00000000
     0.00000000
     0.00000000
     0.94726626
     0.94679207
     0.94631386
     0.94582626
     0.94532567
     0.94482073
     0.94431140
     0.94379764
     0.94327943
     0.94274883
     0.94217456
     0.94158761
     0.94099865
     0.94040527
     0.93982087
     0.93925094
     0.93867596
     0.93809589
     0.93751071
     0.93692036
     0.93632482
     0.93572404
     0.93511798
     0.93450661
     0.93388989
     0.93326777
     0.93368445
     0.93399341
     0.93422019
     0.93444105
     0.93491910
     0.93540025
     0.93587808
     0.93635262
     0.93682389
     0.93729189
     0.93779465
     0.93835054
     0.93893520
     0.93951466
     0.94008898
     0.94065818
     0.94122232
     0.94171385
     0.94200209
     0.94224332
     0.94248361
     0.94272296
     0.94296138
     0.94319886
     0.94343542
     0.94367105
     0.94390575
     0.94414646
     0.94439005
     0.94463265
     0.94489657
     0.94525494
     0.94561111
     0.94596510
     0.94631691
     0.94666657
     0.94701407
     0.94735944
     0.94770267
     0.94804380
     0.94838282
     0.94871974
     0.94905459
     0.94929403
     0.94949589
     0.94969700
     0.94989734
     0.95009693
     0.95029577
     0.95959596
     0.96969697
     0.97979798
     0.98989899
     1.00000000
     0.00000000
     0.00000000
     0.00000000
     0.00000000
     0.00000000
     0.00000000
     0.00000000
     0.00000000
     0.00000000
     0.00000000
     0.00000000
     0.00000000
     0.00000000
     0.00000000
     0.00000000
     0.00000000
     0.00000000
     0.00000000
     0.00000000
     0.00000000
     0.94742387
     0.94695102
     0.94647416
     0.94598792
     0.94549125
     0.94499028
     0.94448498
     0.94397328
     0.94345659
     0.94293543
     0.94236774
     0.94178763
     0.94119699
     0.94060074
     0.94000240
     0.93942229
     0.93884883
     0.93827029
     0.93768665
     0.93709785
     0.93650387
     0.93590467
     0.93530019
     0.93469042
     0.93407531
     0.93368385
     0.93409214
     0.93432772
     0.93454824
     0.93476807
     0.93518691
     0.93566621
     0.93614221
     0.93661493
     0.93708438
     0.93755059
     0.93804016
     0.93853785
     0.93912084
     0.93969866
     0.94027134
     0.94083892
     0.94140145
     0.94195896
     0.94227338
     0.94251587
     0.94275510
     0.94299339
     0.94323074
     0.94346717
     0.94370268
     0.94393726
     0.94417092
     0.94441362
     0.94465611
     0.94489761
     0.94515139
     0.94545896
     0.94581388
     0.94616663
     0.94651720
     0.94686563
     0.94721190
     0.94755605
     0.94789808
     0.94823800
     0.94857582
     0.94891155
     0.94924521
     0.94957681
     0.94985224
     0.95005200
     0.95025101
     0.95044926
     0.95064677
     0.95959596
     0.96969697
     0.97979798
     0.98989899
     1.00000000
     0.00000000
     0.00000000
     0.00000000
     0.00000000
     0.00000000
     0.00000000
     0.00000000
     0.00000000
     0.00000000
     0.00000000
     0.00000000
     0.00000000
     0.00000000
     0.00000000
     0.00000000
     0.00000000
     0.00000000
     0.00000000
     0.00000000
     0.00000000
     0.94758105
     0.94710953
     0.94663402
     0.94614859
     0.94565332
     0.94515375
     0.94464986
     0.94414161
     0.94362897
     0.94311192
     0.94255890
     0.94198427
     0.94139827
     0.94080393
     0.94020395
     0.93959828
     0.93902125
     0.93844424
     0.93786213
     0.93727488
     0.93668246
     0.93608482
     0.93548193
     0.93487375
     0.93426024
     0.93411842
     0.93443508
     0.93465527
     0.93487477
     0.93509358
     0.93545369
     0.93593116
     0.93640533
     0.93687623
     0.93734388
     0.93780829
     0.93828477
     0.93878018
     0.93930596
     0.93988213
     0.94045318
     0.94101915
     0.94158007
     0.94213598
     0.94254161
     0.94278721
     0.94302537
     0.94326261
     0.94349891
     0.94373429
     0.94396875
     0.94420228
     0.94443717
     0.94467957
     0.94492097
     0.94516138
     0.94541384
     0.94568003
     0.94601594
     0.94636745
     0.94671679
     0.94706398
     0.94740904
     0.94775197
     0.94809279
     0.94843151
     0.94876814
     0.94910268
     0.94943516
     0.94976558
     0.95009396
     0.95040463
     0.95060231
     0.95079923
     0.95099542
     0.95959596
     0.96969697
     0.97979798
     0.98989899
     1.00000000
     0.00000000
     0.00000000
     0.00000000
     0.00000000
     0.00000000
     0.00000000
     0.00000000
     0.00000000
     0.00000000
     0.00000000
     0.00000000
     0.00000000
     0.00000000
     0.00000000
     0.00000000
     0.00000000
     0.00000000
     0.00000000
     0.00000000
     0.00000000
     0.94773778
     0.94726759
     0.94679342
     0.94630881
     0.94581492
     0.94531675
     0.94481427
     0.94430745
     0.94379624
     0.94328063
     0.94272940
     0.94216296
     0.94159127
     0.94100604
     0.94040841
     0.93980467
     0.93920104
     0.93861946
     0.93803714
     0.93745144
     0.93686057
     0.93626450
     0.93566319
     0.93505660
     0.93444469
     0.93449707
     0.93476214
     0.93498130
     0.93519978
     0.93541758
     0.93571946
     0.93619509
     0.93666744
     0.93713653
     0.93760238
     0.93806500
     0.93852847
     0.93902205
     0.93951193
     0.94006509
     0.94063451
     0.94119886
     0.94175817
     0.94231250
     0.94280867
     0.94305735
     0.94329445
     0.94353063
     0.94376589
     0.94400022
     0.94423363
     0.94446613
     0.94470301
     0.94494432
     0.94518464
     0.94542396
     0.94567510
     0.94594010
     0.94621729
     0.94656756
     0.94691567
     0.94726164
     0.94760548
     0.94794720
     0.94828682
     0.94862434
     0.94895977
     0.94929314
     0.94962444
     0.94995369
     0.95028090
     0.95060608
     0.95092925
     0.95114686
     0.95134173
     0.95959596
     0.96969697
     0.97979798
     0.98989899
     1.00000000
     0.00000000
     0.00000000
     0.00000000
     0.00000000
     0.00000000
     0.00000000
     0.00000000
     0.00000000
     0.00000000
     0.00000000
     0.00000000
     0.00000000
     0.00000000
     0.00000000
     0.00000000
     0.00000000
     0.00000000
     0.00000000
     0.00000000
     0.00000000
     0.94789406
     0.94742521
     0.94695237
     0.94646858
     0.94597608
     0.94547931
     0.94497823
     0.94447282
     0.94396305
     0.94344887
     0.94289711
     0.94233223
     0.94176210
     0.94118669
     0.94059792
     0.94000174
     0.93939996
     0.93880486
     0.93821974
     0.93762939
     0.93703822
     0.93644371
     0.93584398
     0.93523897
     0.93458454
     0.93485043
     0.93508767
     0.93530582
     0.93552329
     0.93574007
     0.93598420
     0.93645801
     0.93692854
     0.93739583
     0.93785988
     0.93832072
     0.93877837
     0.93926303
     0.93975110
     0.94024752
     0.94081532
     0.94137805
     0.94193577
     0.94248851
     0.94303630
     0.94332628
     0.94356234
     0.94379747
     0.94403168
     0.94426497
     0.94449734
     0.94472881
     0.94496766
     0.94520788
     0.94544711
     0.94568536
     0.94593519
     0.94619899
     0.94646157
     0.94676696
     0.94711385
     0.94745860
     0.94780123
     0.94814174
     0.94848016
     0.94881649
     0.94915073
     0.94948291
     0.94981304
     0.95014112
     0.95046717
     0.95079120
     0.95111322
     0.95143323
     0.95168572
     0.95959596
     0.96969697
     0.97979798
     0.98989899
     1.00000000
     0.00000000
     0.00000000
     0.00000000
     0.00000000
     0.00000000
     0.00000000
     0.00000000
     0.00000000
     0.00000000
     0.00000000
     0.00000000
     0.00000000
     0.00000000
     0.00000000
     0.00000000
     0.00000000
     0.00000000
     0.00000000
     0.00000000
     0.00000000
     0.94804991
     0.94758238
     0.94711087
     0.94662790
     0.94613678
     0.94564140
     0.94514173
     0.94463773
     0.94412938
     0.94361664
     0.94306436
     0.94250103
     0.94193247
     0.94135864
     0.94077949
     0.94018715
     0.93958712
     0.93898145
     0.93839509
     0.93781213
     0.93722365
     0.93662443
     0.93602429
     0.93538622
     0.93481702
     0.93519388
     0.93541170
     0.93562883
     0.93584529
     0.93606107
     0.93627617
     0.93671991
     0.93718864
     0.93765413
     0.93811639
     0.93857545
     0.93903133
     0.93950312
     0.93998938
     0.94047198
     0.94099561
     0.94155674
     0.94211286
     0.94266401
     0.94321023
     0.94359403
     0.94382903
     0.94406312
     0.94429628
     0.94452854
     0.94475988
     0.94499099
     0.94523112
     0.94547025
     0.94570840
     0.94594558
     0.94619410
     0.94645671
     0.94671811
     0.94697830
     0.94731133
     0.94765487
     0.94799629
     0.94833560
     0.94867282
     0.94900795
     0.94934102
     0.94967202
     0.95000098
     0.95032789
     0.95065278
     0.95097566
     0.95129653
     0.95161541
     0.95193231
     0.95959596
     0.96969697
     0.97979798
     0.98989899
     1.00000000
     0.00000000
     0.00000000
     0.00000000
     0.00000000
     0.00000000
     0.00000000
     0.00000000
     0.00000000
     0.00000000
     0.00000000
     0.00000000
     0.00000000
     0.00000000
     0.00000000
     0.00000000
     0.00000000
     0.00000000
     0.00000000
     0.00000000
     0.00000000
     0.94820531
     0.94773910
     0.94726893
     0.94678677
     0.94629703
     0.94580304
     0.94530477
     0.94480219
     0.94429526
     0.94378395
     0.94323115
     0.94266937
     0.94210237
     0.94153012
     0.94095256
     0.94036966
     0.93977373
     0.93916981
     0.93856138
     0.93797989
     0.93739326
     0.93680146
     0.93617437
     0.93549054
     0.93516878
     0.93551741
     0.93573422
     0.93595034
     0.93616579
     0.93638056
     0.93659466
     0.93698081
     0.93744773
     0.93791143
     0.93837191
     0.93882920
     0.93928332
     0.93974232
     0.94022678
     0.94070759
     0.94118477
     0.94173491
     0.94228944
     0.94283901
     0.94338367
     0.94386058
     0.94409454
     0.94432759
     0.94455971
     0.94479093
     0.94502124
     0.94525434
     0.94549338
     0.94573144
     0.94596852
     0.94620462
     0.94645185
     0.94671327
     0.94697348
     0.94723249
     0.94750812
     0.94785044
     0.94819065
     0.94852877
     0.94886479
     0.94919874
     0.94953063
     0.94986046
     0.95018824
     0.95051400
     0.95083774
     0.95115947
     0.95147920
     0.95179694
     0.95211270
     0.95959596
     0.96969697
     0.97979798
     0.98989899
     1.00000000
     0.00000000
     0.00000000
     0.00000000
     0.00000000
     0.00000000
     0.00000000
     0.00000000
     0.00000000
     0.00000000
     0.00000000
     0.00000000
     0.00000000
     0.00000000
     0.00000000
     0.00000000
     0.00000000
     0.00000000
     0.00000000
     0.00000000
     0.00000000
     0.94836027
     0.94789538
     0.94742654
     0.94694520
     0.94645683
     0.94596423
     0.94546735
     0.94496618
     0.94446066
     0.94395078
     0.94339748
     0.94283725
     0.94227181
     0.94170112
     0.94112515
     0.94054384
     0.93995716
     0.93935763
     0.93874981
     0.93814722
     0.93756207
     0.93695243
     0.93626218
     0.93558094
     0.93550619
     0.93583140
     0.93605168
     0.93627036
     0.93648480
     0.93669857
     0.93691167
     0.93724071
     0.93770583
     0.93816774
     0.93862645
     0.93908197
     0.93953433
     0.93998355
     0.94046330
     0.94094233
     0.94141774
     0.94191257
     0.94246552
     0.94301351
     0.94355167
     0.94407020
     0.94435887
     0.94459088
     0.94482197
     0.94505216
     0.94528144
     0.94551650
     0.94575447
     0.94599145
     0.94622745
     0.94646249
     0.94670842
     0.94696866
     0.94722770
     0.94748554
     0.94774219
     0.94804532
     0.94838433
     0.94872125
     0.94905609
     0.94938885
     0.94971956
     0.95004822
     0.95037485
     0.95069945
     0.95102203
     0.95134262
     0.95166121
     0.95197782
     0.95229246
     0.95959596
     0.96969697
     0.97979798
     0.98989899
     1.00000000
     0.00000000
     0.00000000
     0.00000000
     0.00000000
     0.00000000
     0.00000000
     0.00000000
     0.00000000
     0.00000000
     0.00000000
     0.00000000
     0.00000000
     0.00000000
     0.00000000
     0.00000000
     0.00000000
     0.00000000
     0.00000000
     0.00000000
     0.00000000
     0.94851480
     0.94805122
     0.94758371
     0.94710318
     0.94661619
     0.94612496
     0.94562948
     0.94512971
     0.94462561
     0.94411689
     0.94356335
     0.94300466
     0.94244078
     0.94187166
     0.94129726
     0.94071755
     0.94013247
     0.93954200
     0.93893885
     0.93832711
     0.93772164
     0.93703484
     0.93635158
     0.93568131
     0.93583914
     0.93613668
     0.93635599
     0.93657459
     0.93679249
     0.93700969
     0.93722620
     0.93749960
     0.93796294
     0.93842306
     0.93888000
     0.93933376
     0.93978437
     0.94023185
     0.94069895
     0.94117619
     0.94164984
     0.94211990
     0.94264109
     0.94318751
     0.94371892
     0.94423601
     0.94462202
     0.94485299
     0.94508306
     0.94531222
     0.94554048
     0.94577748
     0.94601437
     0.94625028
     0.94648522
     0.94671919
     0.94696384
     0.94722290
     0.94748076
     0.94773744
     0.94799292
     0.94824723
     0.94857733
     0.94891305
     0.94924671
     0.94957829
     0.94990783
     0.95023532
     0.95056079
     0.95088424
     0.95120567
     0.95152512
     0.95184257
     0.95215806
     0.95247158
     0.95959596
     0.96969697
     0.97979798
     0.98989899
     1.00000000
     0.00000000
     0.00000000
     0.00000000
     0.00000000
     0.00000000
     0.00000000
     0.00000000
     0.00000000
     0.00000000
     0.00000000
     0.00000000
     0.00000000
     0.00000000
     0.00000000
     0.00000000
     0.00000000
     0.00000000
     0.00000000
     0.00000000
     0.00000000
     0.94866889
     0.94820662
     0.94774043
     0.94726071
     0.94677509
     0.94628525
     0.94579116
     0.94529278
     0.94479010
     0.94428078
     0.94372877
     0.94317161
     0.94260928
     0.94204173
     0.94146891
     0.94089078
     0.94030731
     0.93971844
     0.93912415
     0.93851736
     0.93782153
     0.93711715
     0.93644675
     0.93586316
     0.93618619
     0.93644061
     0.93665895
     0.93687658
     0.93709351
     0.93730975
     0.93752529
     0.93774593
     0.93821188
     0.93867457
     0.93913257
     0.93958458
     0.94003344
     0.94047919
     0.94093372
     0.94140919
     0.94188108
     0.94234939
     0.94281615
     0.94336101
     0.94388571
     0.94440135
     0.94488400
     0.94511394
     0.94534298
     0.94557112
     0.94580049
     0.94603728
     0.94627310
     0.94650794
     0.94674182
     0.94697473
     0.94721810
     0.94747599
     0.94773268
     0.94798819
     0.94824252
     0.94849567
     0.94876964
     0.94910418
     0.94943665
     0.94976706
     0.95009543
     0.95042176
     0.95074607
     0.95106837
     0.95138866
     0.95170697
     0.95202329
     0.95233765
     0.95265005
     0.95959596
     0.96969697
     0.97979798
     0.98989899
     1.00000000
     0.00000000
     0.00000000
     0.00000000
     0.00000000
     0.00000000
     0.00000000
     0.00000000
     0.00000000
     0.00000000
     0.00000000
     0.00000000
     0.00000000
     0.00000000
     0.00000000
     0.00000000
     0.00000000
     0.00000000
     0.00000000
     0.00000000
     0.00000000
     0.94882254
     0.94836158
     0.94789671
     0.94741781
     0.94693355
     0.94644508
     0.94595238
     0.94545540
     0.94495412
     0.94444421
     0.94389372
     0.94333811
     0.94277732
     0.94221133
     0.94164008
     0.94106354
     0.94048166
     0.93989441
     0.93930174
     0.93863233
     0.93794062
     0.93724128
     0.93661983
     0.93623341
     0.93655470
     0.93674320
     0.93696056
     0.93717722
     0.93739319
     0.93760847
     0.93782306
     0.93803695
     0.93845227
     0.93891327
     0.93937105
     0.93982562
     0.94027699
     0.94072519
     0.94116762
     0.94164133
     0.94211146
     0.94257803
     0.94304107
     0.94353334
     0.94405203
     0.94456624
     0.94507599
     0.94537373
     0.94560175
     0.94582887
     0.94606018
     0.94629591
     0.94653066
     0.94676444
     0.94699726
     0.94722911
     0.94747121
     0.94772793
     0.94798346
     0.94823781
     0.94849099
     0.94874299
     0.94899383
     0.94929463
     0.94962592
     0.94995516
     0.95028236
     0.95060753
     0.95093069
     0.95125184
     0.95157100
     0.95188817
     0.95220337
     0.95251661
     0.95282789
     0.95959596
     0.96969697
     0.97979798
     0.98989899
     1.00000000
     0.00000000
     0.00000000
     0.00000000
     0.00000000
     0.00000000
     0.00000000
     0.00000000
     0.00000000
     0.00000000
     0.00000000
     0.00000000
     0.00000000
     0.00000000
     0.00000000
     0.00000000
     0.00000000
     0.00000000
     0.00000000
     0.00000000
     0.00000000
     0.94897576
     0.94851611
     0.94805254
     0.94757446
     0.94709156
     0.94660447
     0.94611315
     0.94561756
     0.94511769
     0.94460720
     0.94405823
     0.94350414
     0.94294490
     0.94238046
     0.94181078
     0.94123583
     0.94065554
     0.94006990
     0.93941692
     0.93873890
     0.93805379
     0.93745691
     0.93686810
     0.93662638
     0.93692011
     0.93706830
     0.93726083
     0.93747654
     0.93769154
     0.93790586
     0.93811949
     0.93833244
     0.93869178
     0.93915111
     0.93960722
     0.94006013
     0.94050985
     0.94095642
     0.94139984
     0.94186621
     0.94233880
     0.94280581
     0.94326713
     0.94371907
     0.94421789
     0.94473066
     0.94523899
     0.94563236
     0.94585936
     0.94608547
     0.94631871
     0.94655336
     0.94678705
     0.94701977
     0.94725154
     0.94748234
     0.94772318
     0.94797873
     0.94823310
     0.94848630
     0.94873832
     0.94898918
     0.94923888
     0.94948742
     0.94981452
     0.95014259
     0.95046863
     0.95079265
     0.95111466
     0.95143466
     0.95175268
     0.95206873
     0.95238280
     0.95269492
     0.95300709
     0.95959596
     0.96969697
     0.97979798
     0.98989899
     1.00000000
     0.00000000
     0.00000000
     0.00000000
     0.00000000
     0.00000000
     0.00000000
     0.00000000
     0.00000000
     0.00000000
     0.00000000
     0.00000000
     0.00000000
     0.00000000
     0.00000000
     0.00000000
     0.00000000
     0.00000000
     0.00000000
     0.00000000
     0.00000000
     0.94912854
     0.94867019
     0.94820794
     0.94773067
     0.94724913
     0.94676341
     0.94627347
     0.94577927
     0.94528079
     0.94476973
     0.94422228
     0.94366972
     0.94311202
     0.94254913
     0.94198102
     0.94140764
     0.94082895
     0.94023403
     0.93959388
     0.93894733
     0.93835929
     0.93778334
     0.93720570
     0.93702747
     0.93728670
     0.93740947
     0.93755977
     0.93777451
     0.93798857
     0.93820193
     0.93841461
     0.93862660
     0.93893043
     0.93938808
     0.93984253
     0.94029378
     0.94074187
     0.94118680
     0.94162860
     0.94208229
     0.94255323
     0.94302058
     0.94348436
     0.94393539
     0.94438329
     0.94489463
     0.94540154
     0.94588983
     0.94611582
     0.94634150
     0.94657606
     0.94680965
     0.94704228
     0.94727395
     0.94750467
     0.94773442
     0.94797400
     0.94822839
     0.94848161
     0.94873366
     0.94898454
     0.94923425
     0.94948281
     0.94973022
     0.95000245
     0.95032936
     0.95065424
     0.95097710
     0.95129797
     0.95161684
     0.95193372
     0.95224864
     0.95256159
     0.95287567
     0.95318888
     0.95959596
     0.96969697
     0.97979798
     0.98989899
     1.00000000
     0.00000000
     0.00000000
     0.00000000
     0.00000000
     0.00000000
     0.00000000
     0.00000000
     0.00000000
     0.00000000
     0.00000000
     0.00000000
     0.00000000
     0.00000000
     0.00000000
     0.00000000
     0.00000000
     0.00000000
     0.00000000
     0.00000000
     0.00000000
     0.94928089
     0.94882384
     0.94836248
     0.94788644
     0.94740626
     0.94692190
     0.94643333
     0.94594053
     0.94544345
     0.94493182
     0.94438587
     0.94383484
     0.94327868
     0.94271734
     0.94215079
     0.94161536
     0.94110545
     0.94047405
     0.93983632
     0.93925239
     0.93867372
     0.93810460
     0.93753055
     0.93742317
     0.93765804
     0.93778013
     0.93790199
     0.93807117
     0.93828427
     0.93849668
     0.93870841
     0.93891946
     0.93916820
     0.93962419
     0.94007698
     0.94052659
     0.94097303
     0.94141634
     0.94185652
     0.94229761
     0.94276692
     0.94323263
     0.94369478
     0.94414565
     0.94457934
     0.94504183
     0.94555424
     0.94606216
     0.94637113
     0.94659875
     0.94683225
     0.94706478
     0.94729636
     0.94752698
     0.94775665
     0.94798536
     0.94822368
     0.94847692
     0.94872899
     0.94897989
     0.94922963
     0.94947821
     0.94972564
     0.94997192
     0.95021706
     0.95051546
     0.95083919
     0.95116090
     0.95148063
     0.95179836
     0.95211412
     0.95242791
     0.95274391
     0.95305795
     0.95337001
     0.95959596
     0.96969697
     0.97979798
     0.98989899
     1.00000000
     0.00000000
     0.00000000
     0.00000000
     0.00000000
     0.00000000
     0.00000000
     0.00000000
     0.00000000
     0.00000000
     0.00000000
     0.00000000
     0.00000000
     0.00000000
     0.00000000
     0.00000000
     0.00000000
     0.00000000
     0.00000000
     0.00000000
     0.00000000
     0.94943281
     0.94897705
     0.94851647
     0.94804177
     0.94756294
     0.94707995
     0.94659275
     0.94610133
     0.94560564
     0.94509345
     0.94454902
     0.94399951
     0.94344488
     0.94288508
     0.94244041
     0.94196496
     0.94134220
     0.94071318
     0.94013337
     0.93956205
     0.93899068
     0.93842431
     0.93791540
     0.93780764
     0.93801910
     0.93814694
     0.93826993
     0.93839286
     0.93858059
     0.93879012
     0.93900090
     0.93921101
     0.93942044
     0.93985944
     0.94031057
     0.94075854
     0.94120335
     0.94164503
     0.94208360
     0.94251907
     0.94297985
     0.94344394
     0.94390447
     0.94435517
     0.94478732
     0.94521632
     0.94569269
     0.94619939
     0.94660657
     0.94684498
     0.94708287
     0.94731876
     0.94754929
     0.94777886
     0.94800748
     0.94823516
     0.94847223
     0.94872432
     0.94897525
     0.94922501
     0.94947361
     0.94972106
     0.94996736
     0.95021252
     0.95045654
     0.95070090
     0.95102348
     0.95134405
     0.95166263
     0.95197924
     0.95229491
     0.95261179
     0.95292667
     0.95323956
     0.95355047
     0.95959596
     0.96969697
     0.97979798
     0.98989899
     1.00000000
     0.00000000
     0.00000000
     0.00000000
     0.00000000
     0.00000000
     0.00000000
     0.00000000
     0.00000000
     0.00000000
     0.00000000
     0.00000000
     0.00000000
     0.00000000
     0.00000000
     0.00000000
     0.00000000
     0.00000000
     0.00000000
     0.00000000
     0.00000000
     0.00000000
     0.94912983
     0.94867002
     0.94819667
     0.94771919
     0.94723755
     0.94675172
     0.94626168
     0.94576738
     0.94525464
     0.94471172
     0.94416372
     0.94361062
     0.94325450
     0.94281269
     0.94219846
     0.94157805
     0.94100238
     0.94043883
     0.93987023
     0.93930610
     0.93874247
     0.93832501
     0.93818990
     0.93837451
     0.93850166
     0.93862856
     0.93875522
     0.93890873
     0.93909499
     0.93929209
     0.93950125
     0.93970975
     0.94009382
     0.94054331
     0.94098964
     0.94143283
     0.94187289
     0.94230985
     0.94274373
     0.94319204
     0.94365451
     0.94411343
     0.94456395
     0.94499458
     0.94542205
     0.94584640
     0.94633697
     0.94684351
     0.94708141
     0.94731830
     0.94755419
     0.94778908
     0.94802298
     0.94825589
     0.94848383
     0.94871966
     0.94897060
     0.94922038
     0.94946901
     0.94971648
     0.94996280
     0.95020798
     0.95045202
     0.95069493
     0.95093671
     0.95120711
     0.95152655
     0.95184399
     0.95216160
     0.95247932
     0.95279504
     0.95310876
     0.95342049
     0.95373026
     0.95959596
     0.96969697
     0.97979798
     0.98989899
     1.00000000
     0.00000000
     0.00000000
     0.00000000
     0.00000000
     0.00000000
     0.00000000
     0.00000000
     0.00000000
     0.00000000
     0.00000000
     0.00000000
     0.00000000
     0.00000000
     0.00000000
     0.00000000
     0.00000000
     0.00000000
     0.00000000
     0.00000000
     0.00000000
     0.00000000
     0.94928218
     0.94882315
     0.94835112
     0.94787499
     0.94739471
     0.94691025
     0.94642158
     0.94592867
     0.94541539
     0.94487396
     0.94440321
     0.94405777
     0.94364877
     0.94304298
     0.94243108
     0.94185956
     0.94130368
     0.94074282
     0.94017694
     0.93962001
     0.93905910
     0.93873210
     0.93856997
     0.93872801
     0.93885447
     0.93898070
     0.93910668
     0.93923242
     0.93942052
     0.93960536
     0.93979020
     0.93999777
     0.94032736
     0.94077520
     0.94121990
     0.94166147
     0.94209992
     0.94253527
     0.94296756
     0.94340349
     0.94386434
     0.94432165
     0.94477199
     0.94520110
     0.94562706
     0.94605087
     0.94648177
     0.94698740
     0.94731684
     0.94755274
     0.94778764
     0.94802154
     0.94825445
     0.94848638
     0.94871732
     0.94895697
     0.94921215
     0.94946440
     0.94971190
     0.94995824
     0.95020344
     0.95044750
     0.95069043
     0.95093223
     0.95117291
     0.95141246
     0.95170839
     0.95202794
     0.95234650
     0.95266305
     0.95297761
     0.95329018
     0.95360077
     0.95390939
     0.95959596
     0.96969697
     0.97979798
     0.98989899
     1.00000000
     0.00000000
     0.00000000
     0.00000000
     0.00000000
     0.00000000
     0.00000000
     0.00000000
     0.00000000
     0.00000000
     0.00000000
     0.00000000
     0.00000000
     0.00000000
     0.00000000
     0.00000000
     0.00000000
     0.00000000
     0.00000000
     0.00000000
     0.00000000
     0.00000000
     0.94943537
     0.94897584
     0.94850515
     0.94803035
     0.94755142
     0.94706833
     0.94658103
     0.94608951
     0.94557569
     0.94519116
     0.94485033
     0.94447335
     0.94387590
     0.94327241
     0.94270504
     0.94215675
     0.94160353
     0.94104536
     0.94048577
     0.93993239
     0.93937420
     0.93913668
     0.93896083
     0.93907961
     0.93920540
     0.93933095
     0.93945625
     0.93958131
     0.93973283
     0.93992296
     0.94011173
     0.94029456
     0.94056004
     0.94100625
     0.94144932
     0.94188927
     0.94232611
     0.94275987
     0.94319056
     0.94361821
     0.94407343
     0.94452914
     0.94497930
     0.94540688
     0.94583134
     0.94626028
     0.94668648
     0.94713055
     0.94755128
     0.94778619
     0.94802010
     0.94825302
     0.94848495
     0.94871590
     0.94894587
     0.94918388
     0.94943799
     0.94969089
     0.94994260
     0.95019311
     0.95044243
     0.95068593
     0.95092775
     0.95116845
     0.95140802
     0.95164657
     0.95189392
     0.95221333
     0.95253072
     0.95284611
     0.95315951
     0.95347093
     0.95378037
     0.95408786
     0.95959596
     0.96969697
     0.97979798
     0.98989899
     1.00000000
     0.00000000
     0.00000000
     0.00000000
     0.00000000
     0.00000000
     0.00000000
     0.00000000
     0.00000000
     0.00000000
     0.00000000
     0.00000000
     0.00000000
     0.00000000
     0.00000000
     0.00000000
     0.00000000
     0.00000000
     0.00000000
     0.00000000
     0.00000000
     0.00000000
     0.94959128
     0.94913020
     0.94865873
     0.94818528
     0.94770770
     0.94722596
     0.94674004
     0.94628551
     0.94596858
     0.94563230
     0.94528656
     0.94469735
     0.94410217
     0.94353896
     0.94299817
     0.94245251
     0.94190195
     0.94134645
     0.94079395
     0.94024326
     0.93971305
     0.93953876
     0.93936464
     0.93942933
     0.93955444
     0.93967931
     0.93980394
     0.93992833
     0.94005248
     0.94023285
     0.94042149
     0.94060958
     0.94081297
     0.94124238
     0.94167789
     0.94211623
     0.94255147
     0.94298364
     0.94341275
     0.94383883
     0.94428179
     0.94473590
     0.94518587
     0.94561194
     0.94604107
     0.94646892
     0.94689356
     0.94731502
     0.94777190
     0.94801866
     0.94825158
     0.94848352
     0.94871448
     0.94894445
     0.94917345
     0.94940984
     0.94966288
     0.94991471
     0.95016536
     0.95041481
     0.95066308
     0.95091017
     0.95115609
     0.95140084
     0.95164331
     0.95188491
     0.95212537
     0.95239804
     0.95271427
     0.95302850
     0.95334074
     0.95365101
     0.95395932
     0.95426568
     0.95959596
     0.96969697
     0.97979798
     0.98989899
     1.00000000
     0.00000000
     0.00000000
     0.00000000
     0.00000000
     0.00000000
     0.00000000
     0.00000000
     0.00000000
     0.00000000
     0.00000000
     0.00000000
     0.00000000
     0.00000000
     0.00000000
     0.00000000
     0.00000000
     0.00000000
     0.00000000
     0.00000000
     0.00000000
     0.00000000
     0.94974673
     0.94928635
     0.94881276
     0.94833977
     0.94786353
     0.94738315
     0.94701578
     0.94673404
     0.94640382
     0.94607010
     0.94550747
     0.94492050
     0.94436146
     0.94382808
     0.94328988
     0.94274685
     0.94219893
     0.94164610
     0.94110064
     0.94055262
     0.94011156
     0.93993835
     0.93976614
     0.93977717
     0.93990161
     0.94002581
     0.94014977
     0.94027349
     0.94039697
     0.94054124
     0.94072897
     0.94091615
     0.94110278
     0.94149689
     0.94192411
     0.94234840
     0.94277601
     0.94320659
     0.94363412
     0.94405863
     0.94448942
     0.94494194
     0.94539098
     0.94582103
     0.94625051
     0.94667679
     0.94709987
     0.94751979
     0.94793655
     0.94825015
     0.94848209
     0.94871305
     0.94894303
     0.94917204
     0.94940007
     0.94963485
     0.94988682
     0.95013759
     0.95038718
     0.95063558
     0.95088280
     0.95112885
     0.95137684
     0.95162380
     0.95186957
     0.95211416
     0.95235756
     0.95259967
     0.95289714
     0.95321021
     0.95352131
     0.95383044
     0.95413761
     0.95444283
     0.95959596
     0.96969697
     0.97979798
     0.98989899
     1.00000000
     0.00000000
     0.00000000
     0.00000000
     0.00000000
     0.00000000
     0.00000000
     0.00000000
     0.00000000
     0.00000000
     0.00000000
     0.00000000
     0.00000000
     0.00000000
     0.00000000
     0.00000000
     0.00000000
     0.00000000
     0.00000000
     0.00000000
     0.00000000
     0.00000000
     0.94991927
     0.94945630
     0.94897310
     0.94849382
     0.94801893
     0.94773666
     0.94745855
     0.94716500
     0.94683575
     0.94630640
     0.94572754
     0.94517268
     0.94464661
     0.94411580
     0.94358020
     0.94303978
     0.94249449
     0.94194648
     0.94140584
     0.94086048
     0.94050760
     0.94033546
     0.94016514
     0.94012313
     0.94024691
     0.94037044
     0.94049373
     0.94061678
     0.94073960
     0.94086218
     0.94103497
     0.94122124
     0.94140696
     0.94174655
     0.94217206
     0.94259465
     0.94301434
     0.94343868
     0.94386121
     0.94428078
     0.94469757
     0.94514726
     0.94559805
     0.94603127
     0.94645919
     0.94688390
     0.94730544
     0.94772381
     0.94813904
     0.94848247
     0.94871163
     0.94894162
     0.94917063
     0.94939867
     0.94962574
     0.94985891
     0.95010981
     0.95035953
     0.95060806
     0.95085760
     0.95110706
     0.95135532
     0.95160239
     0.95184826
     0.95209295
     0.95233646
     0.95257879
     0.95281995
     0.95309775
     0.95340193
     0.95370424
     0.95400920
     0.95431524
     0.95461934
     0.95959596
     0.96969697
     0.97979798
     0.98989899
     1.00000000
     0.00000000
     0.00000000
     0.00000000
     0.00000000
     0.00000000
     0.00000000
     0.00000000
     0.00000000
     0.00000000
     0.00000000
     0.00000000
     0.00000000
     0.00000000
     0.00000000
     0.00000000
     0.00000000
     0.00000000
     0.00000000
     0.00000000
     0.00000000
     0.00000000
     0.95009312
     0.94963244
     0.94915786
     0.94878441
     0.94847345
     0.94817373
     0.94789782
     0.94759114
     0.94709427
     0.94652343
     0.94597274
     0.94545391
     0.94493039
     0.94440214
     0.94386912
     0.94333129
     0.94278863
     0.94224757
     0.94170956
     0.94116685
     0.94090119
     0.94073012
     0.94056167
     0.94046724
     0.94059035
     0.94071321
     0.94083584
     0.94095823
     0.94108039
     0.94120230
     0.94133948
     0.94152485
     0.94170967
     0.94199522
     0.94241902
     0.94283992
     0.94325792
     0.94367423
     0.94409511
     0.94451303
     0.94492801
     0.94536637
     0.94581623
     0.94624562
     0.94666846
     0.94709026
     0.94751024
     0.94792708
     0.94834078
     0.94875138
     0.94894020
     0.94916922
     0.94939726
     0.94962434
     0.94985045
     0.95008202
     0.95033310
     0.95058509
     0.95083586
     0.95108543
     0.95133380
     0.95158097
     0.95182695
     0.95207174
     0.95231535
     0.95255778
     0.95279904
     0.95303914
     0.95330544
     0.95360834
     0.95390937
     0.95420854
     0.95450586
     0.95480134
     0.95959596
     0.96969697
     0.97979798
     0.98989899
     1.00000000
     0.00000000
     0.00000000
     0.00000000
     0.00000000
     0.00000000
     0.00000000
     0.00000000
     0.00000000
     0.00000000
     0.00000000
     0.00000000
     0.00000000
     0.00000000
     0.00000000
     0.00000000
     0.00000000
     0.00000000
     0.00000000
     0.00000000
     0.00000000
     0.00000000
     0.95026640
     0.94989684
     0.94960505
     0.94929687
     0.94898691
     0.94867873
     0.94837519
     0.94788344
     0.94730829
     0.94676179
     0.94625011
     0.94573379
     0.94521279
     0.94468709
     0.94415664
     0.94362141
     0.94308136
     0.94254719
     0.94201179
     0.94147172
     0.94129234
     0.94112233
     0.94095574
     0.94080949
     0.94093194
     0.94105414
     0.94117611
     0.94129784
     0.94141933
     0.94154059
     0.94166162
     0.94182699
     0.94201091
     0.94224289
     0.94266499
     0.94308420
     0.94350052
     0.94391398
     0.94432810
     0.94474438
     0.94516046
     0.94559342
     0.94604152
     0.94647055
     0.94689172
     0.94730976
     0.94772469
     0.94813654
     0.94854531
     0.94895104
     0.94920819
     0.94939586
     0.94962294
     0.94984932
     0.95007784
     0.95031115
     0.95056324
     0.95081412
     0.95106380
     0.95131227
     0.95155954
     0.95180562
     0.95205052
     0.95229423
     0.95253676
     0.95277813
     0.95301832
     0.95325736
     0.95351226
     0.95381388
     0.95411364
     0.95441155
     0.95470761
     0.95500184
     0.95959596
     0.96969697
     0.97979798
     0.98989899
     1.00000000
     0.00000000
     0.00000000
     0.00000000
     0.00000000
     0.00000000
     0.00000000
     0.00000000
     0.00000000
     0.00000000
     0.00000000
     0.00000000
     0.00000000
     0.00000000
     0.00000000
     0.00000000
     0.00000000
     0.00000000
     0.00000000
     0.00000000
     0.00000000
     0.00000000
     0.95067658
     0.95039113
     0.95010411
     0.94980447
     0.94949744
     0.94918864
     0.94875951
     0.94817650
     0.94758408
     0.94705476
     0.94652613
     0.94601231
     0.94549383
     0.94497067
     0.94444278
     0.94391013
     0.94337350
     0.94284535
     0.94231256
     0.94184956
     0.94168106
     0.94151211
     0.94134736
     0.94118258
     0.94127168
     0.94139323
     0.94151454
     0.94163561
     0.94175645
     0.94187706
     0.94199743
     0.94212766
     0.94231069
     0.94249318
     0.94290998
     0.94332750
     0.94374215
     0.94415395
     0.94456291
     0.94497748
     0.94539697
     0.94581958
     0.94626592
     0.94669458
     0.94711409
     0.94753048
     0.94794377
     0.94835398
     0.94876114
     0.94916525
     0.94951174
     0.94965373
     0.94987549
     0.95010196
     0.95032745
     0.95055713
     0.95080613
     0.95105394
     0.95130056
     0.95154600
     0.95179027
     0.95203338
     0.95227531
     0.95251609
     0.95275720
     0.95299750
     0.95323663
     0.95347461
     0.95371821
     0.95401856
     0.95431705
     0.95461370
     0.95490851
     0.95520150
     0.95959596
     0.96969697
     0.97979798
     0.98989899
     1.00000000
     0.00000000
     0.00000000
     0.00000000
     0.00000000
     0.00000000
     0.00000000
     0.00000000
     0.00000000
     0.00000000
     0.00000000
     0.00000000
     0.00000000
     0.00000000
     0.00000000
     0.00000000
     0.00000000
     0.00000000
     0.00000000
     0.00000000
     0.00000000
     0.00000000
     0.95116358
     0.95088080
     0.95059646
     0.95030725
     0.95000314
     0.94960233
     0.94905100
     0.94846800
     0.94790276
     0.94738039
     0.94685307
     0.94632077
     0.94578344
     0.94525288
     0.94472754
     0.94419745
     0.94366763
     0.94314205
     0.94261187
     0.94223482
     0.94206737
     0.94189987
     0.94173654
     0.94157279
     0.94160960
     0.94173049
     0.94185114
     0.94197156
     0.94209175
     0.94221170
     0.94233142
     0.94245091
     0.94260902
     0.94279062
     0.94315398
     0.94356982
     0.94398281
     0.94439295
     0.94480286
     0.94521515
     0.94563252
     0.94604731
     0.94648944
     0.94691774
     0.94733559
     0.94775033
     0.94816198
     0.94857056
     0.94897610
     0.94937861
     0.94980659
     0.95003260
     0.95022431
     0.95044928
     0.95067328
     0.95090084
     0.95114820
     0.95139437
     0.95163937
     0.95188319
     0.95212585
     0.95236734
     0.95260767
     0.95284686
     0.95308489
     0.95332179
     0.95355754
     0.95379216
     0.95402566
     0.95430583
     0.95458701
     0.95486654
     0.95514443
     0.95542069
     0.95959596
     0.96969697
     0.97979798
     0.98989899
     1.00000000
     0.00000000
     0.00000000
     0.00000000
     0.00000000
     0.00000000
     0.00000000
     0.00000000
     0.00000000
     0.00000000
     0.00000000
     0.00000000
     0.00000000
     0.00000000
     0.00000000
     0.00000000
     0.00000000
     0.00000000
     0.00000000
     0.00000000
     0.00000000
     0.00000000
     0.95164601
     0.95136588
     0.95108421
     0.95080099
     0.95043573
     0.94989303
     0.94934471
     0.94878158
     0.94824047
     0.94771820
     0.94719095
     0.94665868
     0.94612136
     0.94557893
     0.94503285
     0.94448340
     0.94396032
     0.94344408
     0.94292346
     0.94262375
     0.94245127
     0.94228561
     0.94212330
     0.94196057
     0.94194569
     0.94206593
     0.94218593
     0.94230570
     0.94242524
     0.94254454
     0.94266361
     0.94278245
     0.94290590
     0.94308662
     0.94339700
     0.94381117
     0.94422249
     0.94463351
     0.94504700
     0.94545757
     0.94586712
     0.94628021
     0.94671208
     0.94714001
     0.94755620
     0.94796930
     0.94837932
     0.94878629
     0.94919022
     0.94964001
     0.95009189
     0.95040876
     0.95059294
     0.95079430
     0.95101683
     0.95124228
     0.95148801
     0.95173256
     0.95197593
     0.95221815
     0.95245920
     0.95269909
     0.95293784
     0.95317544
     0.95341189
     0.95364722
     0.95388141
     0.95411447
     0.95434641
     0.95461689
     0.95489624
     0.95517396
     0.95545004
     0.95572451
     0.95959596
     0.96969697
     0.97979798
     0.98989899
     1.00000000
     0.00000000
     0.00000000
     0.00000000
     0.00000000
     0.00000000
     0.00000000
     0.00000000
     0.00000000
     0.00000000
     0.00000000
     0.00000000
     0.00000000
     0.00000000
     0.00000000
     0.00000000
     0.00000000
     0.00000000
     0.00000000
     0.00000000
     0.00000000
     0.00000000
     0.95212391
     0.95184641
     0.95156738
     0.95124386
     0.95072188
     0.95018215
     0.94963682
     0.94909412
     0.94858881
     0.94806987
     0.94754597
     0.94701708
     0.94648316
     0.94594417
     0.94540007
     0.94485840
     0.94432066
     0.94377799
     0.94324409
     0.94302352
     0.94284276
     0.94266894
     0.94250765
     0.94234593
     0.94227997
     0.94239955
     0.94251891
     0.94263803
     0.94275692
     0.94287558
     0.94299400
     0.94311220
     0.94323016
     0.94338117
     0.94363904
     0.94405155
     0.94446368
     0.94487836
     0.94529012
     0.94569898
     0.94610497
     0.94651217
     0.94693385
     0.94736140
     0.94777595
     0.94818741
     0.94859581
     0.94901573
     0.94947291
     0.94992621
     0.95037565
     0.95078224
     0.95096511
     0.95114733
     0.95135811
     0.95158148
     0.95182558
     0.95206851
     0.95231028
     0.95255089
     0.95279034
     0.95302865
     0.95326581
     0.95350184
     0.95373673
     0.95397049
     0.95420312
     0.95443464
     0.95466504
     0.95492592
     0.95520347
     0.95547938
     0.95575367
     0.95602635
     0.95959596
     0.96969697
     0.97979798
     0.98989899
     1.00000000
     0.00000000
     0.00000000
     0.00000000
     0.00000000
     0.00000000
     0.00000000
     0.00000000
     0.00000000
     0.00000000
     0.00000000
     0.00000000
     0.00000000
     0.00000000
     0.00000000
     0.00000000
     0.00000000
     0.00000000
     0.00000000
     0.00000000
     0.00000000
     0.00000000
     0.95259733
     0.95232244
     0.95202840
     0.95151577
     0.95099795
     0.95046968
     0.94992733
     0.94941799
     0.94893494
     0.94841930
     0.94789873
     0.94737321
     0.94684268
     0.94630710
     0.94577169
     0.94524234
     0.94470812
     0.94416900
     0.94366157
     0.94345291
     0.94324353
     0.94306963
     0.94290448
     0.94273889
     0.94261657
     0.94273137
     0.94285008
     0.94296856
     0.94308680
     0.94320482
     0.94332260
     0.94344016
     0.94355749
     0.94367458
     0.94388011
     0.94429336
     0.94470924
     0.94512219
     0.94553223
     0.94593939
     0.94634367
     0.94674511
     0.94715475
     0.94758192
     0.94799482
     0.94840465
     0.94884667
     0.94930529
     0.94976001
     0.95021087
     0.95065789
     0.95110110
     0.95133461
     0.95151553
     0.95169713
     0.95191843
     0.95216091
     0.95240224
     0.95264241
     0.95288142
     0.95311929
     0.95335602
     0.95359161
     0.95382607
     0.95405940
     0.95429161
     0.95452270
     0.95475268
     0.95498155
     0.95523296
     0.95550870
     0.95578282
     0.95605532
     0.95632623
     0.95959596
     0.96969697
     0.97979798
     0.98989899
     1.00000000
     0.00000000
     0.00000000
     0.00000000
     0.00000000
     0.00000000
     0.00000000
     0.00000000
     0.00000000
     0.00000000
     0.00000000
     0.00000000
     0.00000000
     0.00000000
     0.00000000
     0.00000000
     0.00000000
     0.00000000
     0.00000000
     0.00000000
     0.00000000
     0.00000000
     0.95305098
     0.95279399
     0.95229616
     0.95178625
     0.95127116
     0.95075087
     0.95021625
     0.94973992
     0.94926900
     0.94876651
     0.94824926
     0.94772707
     0.94719991
     0.94667070
     0.94614962
     0.94562375
     0.94509304
     0.94455285
     0.94412948
     0.94392245
     0.94371471
     0.94351725
     0.94332346
     0.94314037
     0.94297542
     0.94307674
     0.94318396
     0.94329730
     0.94341490
     0.94353228
     0.94364943
     0.94376634
     0.94388303
     0.94399950
     0.94414606
     0.94453962
     0.94495377
     0.94536500
     0.94577333
     0.94617879
     0.94658138
     0.94698114
     0.94737837
     0.94780156
     0.94821309
     0.94867708
     0.94913714
     0.94959329
     0.95004556
     0.95049399
     0.95093860
     0.95137942
     0.95170148
     0.95188110
     0.95206009
     0.95225315
     0.95249403
     0.95273376
     0.95297234
     0.95320977
     0.95344607
     0.95368122
     0.95391525
     0.95414815
     0.95437993
     0.95461060
     0.95484015
     0.95506860
     0.95529595
     0.95553799
     0.95581194
     0.95608428
     0.95635501
     0.95662416
     0.95959596
     0.96969697
     0.97979798
     0.98989899
     1.00000000
     0.00000000
     0.00000000
     0.00000000
     0.00000000
     0.00000000
     0.00000000
     0.00000000
     0.00000000
     0.00000000
     0.00000000
     0.00000000
     0.00000000
     0.00000000
     0.00000000
     0.00000000
     0.00000000
     0.00000000
     0.00000000
     0.00000000
     0.00000000
     0.00000000
     0.95346661
     0.95306460
     0.95256249
     0.95205528
     0.95154293
     0.95102538
     0.95052285
     0.95005989
     0.94959182
     0.94911150
     0.94859591
     0.94807055
     0.94754088
     0.94702124
     0.94649673
     0.94596734
     0.94543300
     0.94489369
     0.94456522
     0.94438833
     0.94418220
     0.94398872
     0.94379645
     0.94360356
     0.94341005
     0.94342811
     0.94353344
     0.94363985
     0.94374607
     0.94385796
     0.94397448
     0.94409076
     0.94420682
     0.94432609
     0.94444888
     0.94478486
     0.94519728
     0.94560679
     0.94601342
     0.94641719
     0.94681810
     0.94721618
     0.94761431
     0.94804934
     0.94851067
     0.94896846
     0.94942604
     0.94987974
     0.95032958
     0.95077559
     0.95121780
     0.95165624
     0.95206571
     0.95224405
     0.95242175
     0.95260557
     0.95282495
     0.95306309
     0.95330009
     0.95353595
     0.95377067
     0.95400427
     0.95423674
     0.95446810
     0.95469834
     0.95492747
     0.95515550
     0.95538242
     0.95560825
     0.95584105
     0.95611322
     0.95638378
     0.95665275
     0.95692014
     0.95959596
     0.96969697
     0.97979798
     0.98989899
     1.00000000
     0.00000000
     0.00000000
     0.00000000
     0.00000000
     0.00000000
     0.00000000
     0.00000000
     0.00000000
     0.00000000
     0.00000000
     0.00000000
     0.00000000
     0.00000000
     0.00000000
     0.00000000
     0.00000000
     0.00000000
     0.00000000
     0.00000000
     0.00000000
     0.00000000
     0.95371612
     0.95331600
     0.95282741
     0.95232290
     0.95181022
     0.95129173
     0.95081770
     0.95036367
     0.94989455
     0.94941741
     0.94890000
     0.94837758
     0.94786437
     0.94734775
     0.94682630
     0.94629998
     0.94576874
     0.94523255
     0.94499240
     0.94483172
     0.94464662
     0.94445648
     0.94426572
     0.94407435
     0.94388236
     0.94379587
     0.94389408
     0.94399213
     0.94409229
     0.94419771
     0.94430295
     0.94441341
     0.94453274
     0.94465509
     0.94477720
     0.94502907
     0.94543977
     0.94584758
     0.94625251
     0.94665459
     0.94705429
     0.94745874
     0.94789959
     0.94836636
     0.94882103
     0.94927320
     0.94972424
     0.95017147
     0.95061494
     0.95105567
     0.95149549
     0.95193156
     0.95236391
     0.95260440
     0.95278622
     0.95297254
     0.95315816
     0.95339023
     0.95362566
     0.95385995
     0.95409312
     0.95432517
     0.95455610
     0.95478591
     0.95501462
     0.95524223
     0.95546874
     0.95569415
     0.95591848
     0.95614213
     0.95641253
     0.95668133
     0.95694855
     0.95721420
     0.95959596
     0.96969697
     0.97979798
     0.98989899
     1.00000000
     0.00000000
     0.00000000
     0.00000000
     0.00000000
     0.00000000
     0.00000000
     0.00000000
     0.00000000
     0.00000000
     0.00000000
     0.00000000
     0.00000000
     0.00000000
     0.00000000
     0.00000000
     0.00000000
     0.00000000
     0.00000000
     0.00000000
     0.00000000
     0.95445099
     0.95399582
     0.95353633
     0.95307181
     0.95256622
     0.95205546
     0.95154210
     0.95109718
     0.95064838
     0.95018905
     0.94971690
     0.94920239
     0.94869481
     0.94818597
     0.94767236
     0.94715395
     0.94663068
     0.94610253
     0.94557554
     0.94541647
     0.94525696
     0.94510459
     0.94492056
     0.94473130
     0.94454143
     0.94435095
     0.94416139
     0.94425899
     0.94435644
     0.94445373
     0.94455085
     0.94464782
     0.94475542
     0.94486635
     0.94498226
     0.94510369
     0.94528281
     0.94568126
     0.94608737
     0.94649061
     0.94689715
     0.94730273
     0.94775802
     0.94822821
     0.94868769
     0.94913525
     0.94958351
     0.95002803
     0.95046973
     0.95091068
     0.95134790
     0.95178143
     0.95221129
     0.95263751
     0.95296622
     0.95315186
     0.95333681
     0.95352105
     0.95371521
     0.95394907
     0.95418181
     0.95441343
     0.95464394
     0.95487333
     0.95510162
     0.95532880
     0.95555489
     0.95577989
     0.95600381
     0.95622664
     0.95644839
     0.95670989
     0.95697695
     0.95724243
     0.95750634
     0.95959596
     0.96969697
     0.97979798
     0.98989899
     1.00000000
     0.00000000
     0.00000000
     0.00000000
     0.00000000
     0.00000000
     0.00000000
     0.00000000
     0.00000000
     0.00000000
     0.00000000
     0.00000000
     0.00000000
     0.00000000
     0.00000000
     0.00000000
     0.00000000
     0.00000000
     0.00000000
     0.00000000
     0.00000000
     0.95478000
     0.95432797
     0.95387164
     0.95341097
     0.95289287
     0.95232929
     0.95181767
     0.95137514
     0.95092876
     0.95047850
     0.95001385
     0.94951273
     0.94901157
     0.94850570
     0.94799509
     0.94747969
     0.94695947
     0.94643439
     0.94599537
     0.94583746
     0.94567911
     0.94553391
     0.94538099
     0.94519322
     0.94500485
     0.94481586
     0.94462627
     0.94462167
     0.94471852
     0.94481521
     0.94491458
     0.94501692
     0.94511907
     0.94522104
     0.94532460
     0.94543445
     0.94555625
     0.94592174
     0.94632989
     0.94673956
     0.94714628
     0.94761608
     0.94808748
     0.94855487
     0.94901402
     0.94944763
     0.94989329
     0.95033522
     0.95077346
     0.95120803
     0.95163947
     0.95207053
     0.95249795
     0.95292173
     0.95333053
     0.95351481
     0.95369839
     0.95388128
     0.95406348
     0.95427034
     0.95450153
     0.95473161
     0.95496058
     0.95518845
     0.95541522
     0.95564089
     0.95586548
     0.95608898
     0.95631139
     0.95653274
     0.95675301
     0.95700532
     0.95727063
     0.95753438
     0.95779657
     0.95959596
     0.96969697
     0.97979798
     0.98989899
     1.00000000
     0.00000000
     0.00000000
     0.00000000
     0.00000000
     0.00000000
     0.00000000
     0.00000000
     0.00000000
     0.00000000
     0.00000000
     0.00000000
     0.00000000
     0.00000000
     0.00000000
     0.00000000
     0.00000000
     0.00000000
     0.00000000
     0.00000000
     0.00000000
     0.95510675
     0.95465783
     0.95420463
     0.95374713
     0.95328528
     0.95273782
     0.95221579
     0.95169878
     0.95120764
     0.95075980
     0.95031830
     0.94982471
     0.94932647
     0.94882356
     0.94831593
     0.94780353
     0.94728634
     0.94676432
     0.94641215
     0.94625538
     0.94609819
     0.94596006
     0.94583779
     0.94565150
     0.94546461
     0.94527712
     0.94508901
     0.94498213
     0.94507957
     0.94518162
     0.94528348
     0.94538517
     0.94548668
     0.94558801
     0.94568916
     0.94579013
     0.94589093
     0.94619040
     0.94658153
     0.94699712
     0.94747378
     0.94794639
     0.94841498
     0.94887957
     0.94933839
     0.94975867
     0.95020127
     0.95064063
     0.95107631
     0.95150834
     0.95193675
     0.95236157
     0.95278296
     0.95320433
     0.95362213
     0.95387508
     0.95405730
     0.95423884
     0.95441970
     0.95459988
     0.95481913
     0.95504768
     0.95527512
     0.95550147
     0.95572673
     0.95595090
     0.95617399
     0.95639600
     0.95661693
     0.95683680
     0.95705560
     0.95729882
     0.95756240
     0.95782443
     0.95808491
     0.95959596
     0.96969697
     0.97979798
     0.98989899
     1.00000000
     0.00000000
     0.00000000
     0.00000000
     0.00000000
     0.00000000
     0.00000000
     0.00000000
     0.00000000
     0.00000000
     0.00000000
     0.00000000
     0.00000000
     0.00000000
     0.00000000
     0.00000000
     0.00000000
     0.00000000
     0.00000000
     0.00000000
     0.00000000
     0.95543124
     0.95498542
     0.95453534
     0.95408098
     0.95362230
     0.95315316
     0.95264579
     0.95213320
     0.95161533
     0.95107715
     0.95061478
     0.95013485
     0.94963954
     0.94913956
     0.94863489
     0.94812549
     0.94761131
     0.94709233
     0.94682589
     0.94667027
     0.94651421
     0.94638306
     0.94626373
     0.94610617
     0.94592075
     0.94573473
     0.94554852
     0.94536643
     0.94544743
     0.94554883
     0.94565005
     0.94575110
     0.94585196
     0.94595265
     0.94605316
     0.94615350
     0.94625366
     0.94649470
     0.94687111
     0.94733111
     0.94780494
     0.94827473
     0.94874052
     0.94920234
     0.94966022
     0.95007855
     0.95050745
     0.95094425
     0.95137739
     0.95180689
     0.95223280
     0.95265513
     0.95307391
     0.95348916
     0.95390092
     0.95423269
     0.95441357
     0.95459377
     0.95477329
     0.95495213
     0.95513461
     0.95536164
     0.95558757
     0.95581241
     0.95603617
     0.95625884
     0.95648044
     0.95670097
     0.95692042
     0.95713882
     0.95735616
     0.95759041
     0.95785227
     0.95811258
     0.95837136
     0.95959596
     0.96969697
     0.97979798
     0.98989899
     1.00000000
     0.00000000
     0.00000000
     0.00000000
     0.00000000
     0.00000000
     0.00000000
     0.00000000
     0.00000000
     0.00000000
     0.00000000
     0.00000000
     0.00000000
     0.00000000
     0.00000000
     0.00000000
     0.00000000
     0.00000000
     0.00000000
     0.00000000
     0.00000000
     0.95575351
     0.95531075
     0.95486377
     0.95441254
     0.95395701
     0.95353341
     0.95307211
     0.95256390
     0.95204134
     0.95148131
     0.95090917
     0.95043663
     0.94995076
     0.94945372
     0.94895200
     0.94844557
     0.94793439
     0.94741843
     0.94723662
     0.94708213
     0.94692721
     0.94680295
     0.94668450
     0.94655725
     0.94637394
     0.94619445
     0.94601439
     0.94583377
     0.94581297
     0.94591372
     0.94601431
     0.94611471
     0.94621494
     0.94631499
     0.94641487
     0.94651457
     0.94661410
     0.94682356
     0.94725784
     0.94771200
     0.94816247
     0.94860927
     0.94906412
     0.94952318
     0.94997832
     0.95039650
     0.95081185
     0.95124610
     0.95167671
     0.95210370
     0.95252712
     0.95294697
     0.95336329
     0.95377611
     0.95418545
     0.95459134
     0.95476720
     0.95494607
     0.95512426
     0.95530178
     0.95547864
     0.95567351
     0.95589793
     0.95612127
     0.95634354
     0.95656473
     0.95678485
     0.95700390
     0.95722189
     0.95743883
     0.95765471
     0.95788009
     0.95814024
     0.95839885
     0.95865594
     0.95959596
     0.96969697
     0.97979798
     0.98989899
     1.00000000
     0.00000000
     0.00000000
     0.00000000
     0.00000000
     0.00000000
     0.00000000
     0.00000000
     0.00000000
     0.00000000
     0.00000000
     0.00000000
     0.00000000
     0.00000000
     0.00000000
     0.00000000
     0.00000000
     0.00000000
     0.00000000
     0.00000000
     0.00000000
     0.95607354
     0.95563384
     0.95518994
     0.95474182
     0.95428942
     0.95389272
     0.95349477
     0.95298746
     0.95243794
     0.95187276
     0.95128014
     0.95073203
     0.95025787
     0.94976603
     0.94926725
     0.94876378
     0.94825558
     0.94779729
     0.94764435
     0.94749099
     0.94733720
     0.94721972
     0.94710465
     0.94699059
     0.94683314
     0.94665510
     0.94647650
     0.94629734
     0.94617619
     0.94627631
     0.94637626
     0.94647603
     0.94657562
     0.94667504
     0.94677429
     0.94687336
     0.94698940
     0.94721162
     0.94764191
     0.94809295
     0.94854031
     0.94898403
     0.94942412
     0.94986062
     0.95029451
     0.95071253
     0.95112200
     0.95154618
     0.95197427
     0.95239877
     0.95281971
     0.95323710
     0.95365098
     0.95406138
     0.95446831
     0.95487181
     0.95511855
     0.95529576
     0.95547264
     0.95564885
     0.95582439
     0.95599927
     0.95620623
     0.95642808
     0.95664886
     0.95686857
     0.95708722
     0.95730481
     0.95752134
     0.95773683
     0.95795127
     0.95816788
     0.95842633
     0.95868325
     0.95893865
     0.95959596
     0.96969697
     0.97979798
     0.98989899
     1.00000000
     0.00000000
     0.00000000
     0.00000000
     0.00000000
     0.00000000
     0.00000000
     0.00000000
     0.00000000
     0.00000000
     0.00000000
     0.00000000
     0.00000000
     0.00000000
     0.00000000
     0.00000000
     0.00000000
     0.00000000
     0.00000000
     0.00000000
     0.00000000
     0.95639137
     0.95595470
     0.95551387
     0.95506883
     0.95464102
     0.95424940
     0.95385456
     0.95337662
     0.95283112
     0.95224971
     0.95166150
     0.95106642
     0.95055428
     0.95007652
     0.94958066
     0.94908013
     0.94857490
     0.94820183
     0.94805148
     0.94790072
     0.94775558
     0.94764284
     0.94752987
     0.94741667
     0.94728864
     0.94711204
     0.94693488
     0.94675716
     0.94657888
     0.94663661
     0.94673592
     0.94683506
     0.94693402
     0.94703281
     0.94713143
     0.94724396
     0.94742695
     0.94760934
     0.94802334
     0.94847127
     0.94891555
     0.94935620
     0.94979325
     0.95022673
     0.95065220
     0.95104790
     0.95144059
     0.95184451
     0.95227010
     0.95269212
     0.95311059
     0.95352553
     0.95393698
     0.95434497
     0.95474951
     0.95515063
     0.95547835
     0.95564287
     0.95581844
     0.95599334
     0.95616758
     0.95634116
     0.95651409
     0.95673283
     0.95695214
     0.95717038
     0.95738757
     0.95760370
     0.95781879
     0.95803283
     0.95824583
     0.95845780
     0.95871055
     0.95896579
     0.95921952
     0.95959596
     0.96969697
     0.97979798
     0.98989899
     1.00000000
     0.00000000
     0.00000000
     0.00000000
     0.00000000
     0.00000000
     0.00000000
     0.00000000
     0.00000000
     0.00000000
     0.00000000
     0.00000000
     0.00000000
     0.00000000
     0.00000000
     0.00000000
     0.00000000
     0.00000000
     0.00000000
     0.00000000
     0.00000000
     0.95670700
     0.95627335
     0.95583556
     0.95539359
     0.95499218
     0.95460344
     0.95417392
     0.95373170
     0.95320094
     0.95262386
     0.95204003
     0.95144936
     0.95085311
     0.95037932
     0.94989763
     0.94940198
     0.94890168
     0.94861261
     0.94846340
     0.94831377
     0.94817585
     0.94806396
     0.94795185
     0.94783951
     0.94772694
     0.94756527
     0.94738955
     0.94721327
     0.94703643
     0.94699462
     0.94709330
     0.94719181
     0.94729015
     0.94738831
     0.94749736
     0.94767952
     0.94786108
     0.94804205
     0.94840214
     0.94884698
     0.94928820
     0.94972580
     0.95015983
     0.95059031
     0.95100294
     0.95139597
     0.95178600
     0.95217307
     0.95257837
     0.95298417
     0.95339976
     0.95381227
     0.95422130
     0.95462689
     0.95502905
     0.95542781
     0.95582320
     0.95599533
     0.95616167
     0.95633528
     0.95650823
     0.95668052
     0.95685217
     0.95703556
     0.95725339
     0.95747018
     0.95768591
     0.95790060
     0.95811424
     0.95832685
     0.95853843
     0.95874897
     0.95899291
     0.95924648
     0.95949855
     0.95974912
     0.96969697
     0.97979798
     0.98989899
     1.00000000
     0.00000000
     0.00000000
     0.00000000
     0.00000000
     0.00000000
     0.00000000
     0.00000000
     0.00000000
     0.00000000
     0.00000000
     0.00000000
     0.00000000
     0.00000000
     0.00000000
     0.00000000
     0.00000000
     0.00000000
     0.00000000
     0.00000000
     0.00000000
     0.95702046
     0.95658980
     0.95615503
     0.95572345
     0.95534074
     0.95492414
     0.95448882
     0.95403784
     0.95356502
     0.95299522
     0.95241574
     0.95183349
     0.95124524
     0.95068475
     0.95021219
     0.94972460
     0.94922733
     0.94902032
     0.94887222
     0.94872372
     0.94859292
     0.94848188
     0.94837062
     0.94825914
     0.94814742
     0.94801484
     0.94784054
     0.94766568
     0.94749028
     0.94735036
     0.94744842
     0.94754631
     0.94764402
     0.94774962
     0.94793095
     0.94811168
     0.94829183
     0.94847138
     0.94877833
     0.94922010
     0.94965827
     0.95009285
     0.95052388
     0.95095137
     0.95135131
     0.95174169
     0.95212909
     0.95251353
     0.95290533
     0.95330847
     0.95370834
     0.95410494
     0.95450395
     0.95490715
     0.95530694
     0.95570336
     0.95609642
     0.95634842
     0.95650658
     0.95667468
     0.95684635
     0.95701736
     0.95718773
     0.95735746
     0.95755263
     0.95776797
     0.95798226
     0.95819550
     0.95840772
     0.95861890
     0.95882906
     0.95903819
     0.95927342
     0.95952533
     0.95977574
     0.96002467
     0.96969697
     0.97979798
     0.98989899
     1.00000000
     0.00000000
     0.00000000
     0.00000000
     0.00000000
     0.00000000
     0.00000000
     0.00000000
     0.00000000
     0.00000000
     0.00000000
     0.00000000
     0.00000000
     0.00000000
     0.00000000
     0.00000000
     0.00000000
     0.00000000
     0.00000000
     0.00000000
     0.00000000
     0.95733174
     0.95690406
     0.95647230
     0.95606662
     0.95566264
     0.95523412
     0.95479890
     0.95433354
     0.95386361
     0.95336575
     0.95279529
     0.95221819
     0.95163440
     0.95104384
     0.95051859
     0.95004452
     0.94957154
     0.94942496
     0.94927797
     0.94913059
     0.94900681
     0.94889662
     0.94878621
     0.94867557
     0.94856471
     0.94845362
     0.94828787
     0.94811444
     0.94794045
     0.94776592
     0.94780129
     0.94789855
     0.94800073
     0.94818123
     0.94836115
     0.94854047
     0.94871920
     0.94889735
     0.94915193
     0.94959065
     0.95002578
     0.95045736
     0.95088540
     0.95130662
     0.95169733
     0.95208507
     0.95246985
     0.95285170
     0.95323063
     0.95363065
     0.95402788
     0.95442188
     0.95481266
     0.95520025
     0.95558467
     0.95597728
     0.95636802
     0.95669881
     0.95685575
     0.95701216
     0.95718195
     0.95735170
     0.95752080
     0.95768926
     0.95785709
     0.95806376
     0.95827662
     0.95848844
     0.95869923
     0.95890899
     0.95911774
     0.95932547
     0.95955209
     0.95980235
     0.96005112
     0.96029842
     0.96969697
     0.97979798
     0.98989899
     1.00000000
     0.00000000
     0.00000000
     0.00000000
     0.00000000
     0.00000000
     0.00000000
     0.00000000
     0.00000000
     0.00000000
     0.00000000
     0.00000000
     0.00000000
     0.00000000
     0.00000000
     0.00000000
     0.00000000
     0.00000000
     0.00000000
     0.00000000
     0.00000000
     0.95764087
     0.95721615
     0.95678737
     0.95638960
     0.95596778
     0.95554207
     0.95508993
     0.95462742
     0.95416489
     0.95369791
     0.95317268
     0.95259997
     0.95202061
     0.95143452
     0.95084165
     0.95035190
     0.94996986
     0.94982003
     0.94966977
     0.94951909
     0.94940672
     0.94930419
     0.94919863
     0.94908884
     0.94897882
     0.94886857
     0.94873158
     0.94855955
     0.94838697
     0.94821385
     0.94815191
     0.94825070
     0.94843038
     0.94860948
     0.94878798
     0.94896590
     0.94914324
     0.94931999
     0.94952294
     0.94995862
     0.95039032
     0.95081849
     0.95124315
     0.95165127
     0.95203894
     0.95242367
     0.95280546
     0.95318434
     0.95356032
     0.95394734
     0.95434166
     0.95473276
     0.95512067
     0.95550542
     0.95588701
     0.95626549
     0.95664086
     0.95701817
     0.95720225
     0.95735745
     0.95751507
     0.95768355
     0.95785140
     0.95801860
     0.95818518
     0.95835758
     0.95856900
     0.95877940
     0.95898878
     0.95919714
     0.95940448
     0.95961082
     0.95982894
     0.96007755
     0.96032469
     0.96057036
     0.96969697
     0.97979798
     0.98989899
     1.00000000
     0.00000000
     0.00000000
     0.00000000
     0.00000000
     0.00000000
     0.00000000
     0.00000000
     0.00000000
     0.00000000
     0.00000000
     0.00000000
     0.00000000
     0.00000000
     0.00000000
     0.00000000
     0.00000000
     0.00000000
     0.00000000
     0.00000000
     0.00000000
     0.95788723
     0.95752608
     0.95710518
     0.95668997
     0.95627092
     0.95583437
     0.95538169
     0.95492652
     0.95446692
     0.95400287
     0.95353432
     0.95297885
     0.95240389
     0.95182225
     0.95123386
     0.95065749
     0.95035147
     0.95020272
     0.95005355
     0.94990395
     0.94980012
     0.94969835
     0.94959637
     0.94949421
     0.94938977
     0.94928037
     0.94917074
     0.94900105
     0.94882988
     0.94865816
     0.94850031
     0.94867840
     0.94885668
     0.94903437
     0.94921148
     0.94938801
     0.94955967
     0.94972514
     0.94989786
     0.95029852
     0.95072744
     0.95115284
     0.95157477
     0.95197054
     0.95235578
     0.95273809
     0.95311749
     0.95349398
     0.95386760
     0.95424533
     0.95463722
     0.95502591
     0.95541143
     0.95579380
     0.95617303
     0.95654916
     0.95692221
     0.95729220
     0.95753852
     0.95768391
     0.95784028
     0.95800292
     0.95817683
     0.95834549
     0.95851083
     0.95867553
     0.95885943
     0.95906842
     0.95927639
     0.95948334
     0.95968930
     0.95989424
     0.96010397
     0.96035095
     0.96059647
     0.96084052
     0.96969697
     0.97979798
     0.98989899
     1.00000000
     0.00000000
     0.00000000
     0.00000000
     0.00000000
     0.00000000
     0.00000000
     0.00000000
     0.00000000
     0.00000000
     0.00000000
     0.00000000
     0.00000000
     0.00000000
     0.00000000
     0.00000000
     0.00000000
     0.00000000
     0.00000000
     0.00000000
     0.00000000
     0.95809068
     0.95777956
     0.95740084
     0.95698836
     0.95656765
     0.95612403
     0.95567608
     0.95522377
     0.95476706
     0.95430592
     0.95384031
     0.95335485
     0.95278426
     0.95220703
     0.95163691
     0.95106974
     0.95079211
     0.95061670
     0.95044069
     0.95029146
     0.95019062
     0.95008960
     0.94998838
     0.94988697
     0.94978536
     0.94968355
     0.94958023
     0.94943896
     0.94926918
     0.94909886
     0.94900233
     0.94910275
     0.94927964
     0.94945594
     0.94962343
     0.94978870
     0.94995346
     0.95011771
     0.95028780
     0.95063623
     0.95106238
     0.95148505
     0.95190204
     0.95228781
     0.95267064
     0.95305054
     0.95342755
     0.95380167
     0.95417294
     0.95454148
     0.95493096
     0.95531725
     0.95570039
     0.95608039
     0.95645728
     0.95683108
     0.95720182
     0.95756952
     0.95789107
     0.95803531
     0.95817908
     0.95832238
     0.95847055
     0.95864261
     0.95881399
     0.95898469
     0.95915472
     0.95935549
     0.95956206
     0.95976763
     0.95997220
     0.96017577
     0.96037834
     0.96062255
     0.96086645
     0.96110891
     0.96969697
     0.97979798
     0.98989899
     1.00000000
     0.00000000
     0.00000000
     0.00000000
     0.00000000
     0.00000000
     0.00000000
     0.00000000
     0.00000000
     0.00000000
     0.00000000
     0.00000000
     0.00000000
     0.00000000
     0.00000000
     0.00000000
     0.00000000
     0.00000000
     0.00000000
     0.00000000
     0.00000000
     0.95829318
     0.95794970
     0.95765723
     0.95728783
     0.95685457
     0.95641374
     0.95596861
     0.95551915
     0.95506532
     0.95460707
     0.95414438
     0.95368519
     0.95318864
     0.95263876
     0.95208275
     0.95152054
     0.95126596
     0.95109215
     0.95091775
     0.95075937
     0.95064494
     0.95053025
     0.95041531
     0.95030012
     0.95018467
     0.95007492
     0.94997367
     0.94986713
     0.94970491
     0.94958756
     0.94951387
     0.94952152
     0.94968711
     0.94985219
     0.95001675
     0.95018080
     0.95034434
     0.95050738
     0.95067486
     0.95097176
     0.95139517
     0.95181510
     0.95221974
     0.95260309
     0.95298351
     0.95336103
     0.95373566
     0.95410743
     0.95447636
     0.95484246
     0.95522289
     0.95560679
     0.95598756
     0.95636521
     0.95673977
     0.95711126
     0.95747969
     0.95784511
     0.95820752
     0.95838392
     0.95852655
     0.95866871
     0.95881040
     0.95895163
     0.95910707
     0.95927297
     0.95944185
     0.95961092
     0.95982326
     0.96003453
     0.96024473
     0.96045387
     0.96065661
     0.96089237
     0.96113467
     0.96137553
     0.96969697
     0.97979798
     0.98989899
     1.00000000
     0.00000000
     0.00000000
     0.00000000
     0.00000000
     0.00000000
     0.00000000
     0.00000000
     0.00000000
     0.00000000
     0.00000000
     0.00000000
     0.00000000
     0.00000000
     0.00000000
     0.00000000
     0.00000000
     0.00000000
     0.00000000
     0.00000000
     0.00000000
     0.95845209
     0.95812436
     0.95783318
     0.95754235
     0.95713968
     0.95670163
     0.95625931
     0.95581267
     0.95536169
     0.95493749
     0.95451706
     0.95409290
     0.95362087
     0.95307581
     0.95252467
     0.95201561
     0.95173548
     0.95156326
     0.95139045
     0.95124315
     0.95112978
     0.95101616
     0.95090230
     0.95078818
     0.95067380
     0.95055918
     0.95044431
     0.95032918
     0.95020748
     0.95012093
     0.95003054
     0.94993126
     0.95007996
     0.95024382
     0.95040716
     0.95057000
     0.95073233
     0.95089415
     0.95105907
     0.95130513
     0.95172580
     0.95214303
     0.95253545
     0.95291638
     0.95329442
     0.95366956
     0.95404183
     0.95441126
     0.95477786
     0.95514165
     0.95551301
     0.95589455
     0.95627296
     0.95664827
     0.95702051
     0.95738969
     0.95775584
     0.95811899
     0.95847914
     0.95872975
     0.95887125
     0.95901228
     0.95915284
     0.95929295
     0.95943259
     0.95958303
     0.95973768
     0.95989413
     0.96007444
     0.96028445
     0.96049339
     0.96070128
     0.96090812
     0.96114246
     0.96139002
     0.96163606
     0.96969697
     0.97979798
     0.98989899
     1.00000000
     0.00000000
     0.00000000
     0.00000000
     0.00000000
     0.00000000
     0.00000000
     0.00000000
     0.00000000
     0.00000000
     0.00000000
     0.00000000
     0.00000000
     0.00000000
     0.00000000
     0.00000000
     0.00000000
     0.00000000
     0.00000000
     0.00000000
     0.00000000
     0.95857538
     0.95827567
     0.95798776
     0.95769795
     0.95740623
     0.95698770
     0.95656344
     0.95615748
     0.95574791
     0.95533469
     0.95491779
     0.95449719
     0.95404929
     0.95350903
     0.95296273
     0.95251418
     0.95220573
     0.95203006
     0.95185883
     0.95172242
     0.95161011
     0.95149755
     0.95138474
     0.95127169
     0.95115838
     0.95104483
     0.95093078
     0.95080952
     0.95078325
     0.95069400
     0.95060460
     0.95051505
     0.95057639
     0.95072356
     0.95086916
     0.95101435
     0.95115914
     0.95130351
     0.95144973
     0.95163768
     0.95205431
     0.95246771
     0.95284917
     0.95322771
     0.95360337
     0.95397615
     0.95434608
     0.95471318
     0.95507746
     0.95543895
     0.95580134
     0.95618052
     0.95655659
     0.95692958
     0.95729951
     0.95766640
     0.95803028
     0.95839116
     0.95874908
     0.95907284
     0.95921320
     0.95935311
     0.95949256
     0.95963155
     0.95977008
     0.95990815
     0.96005368
     0.96020661
     0.96035897
     0.96053635
     0.96074056
     0.96094720
     0.96115279
     0.96137901
     0.96162512
     0.96186973
     0.96969697
     0.97979798
     0.98989899
     1.00000000
     0.00000000
     0.00000000
     0.00000000
     0.00000000
     0.00000000
     0.00000000
     0.00000000
     0.00000000
     0.00000000
     0.00000000
     0.00000000
     0.00000000
     0.00000000
     0.00000000
     0.00000000
     0.00000000
     0.00000000
     0.00000000
     0.00000000
     0.00000000
     0.95871371
     0.95842870
     0.95814180
     0.95785345
     0.95759929
     0.95734366
     0.95694695
     0.95654442
     0.95613829
     0.95572855
     0.95531516
     0.95489808
     0.95447395
     0.95393844
     0.95339694
     0.95300781
     0.95270242
     0.95249258
     0.95232293
     0.95219722
     0.95208595
     0.95197445
     0.95186269
     0.95175069
     0.95163416
     0.95151147
     0.95138849
     0.95134073
     0.95132895
     0.95126083
     0.95117240
     0.95108383
     0.95105752
     0.95121091
     0.95136385
     0.95150974
     0.95165313
     0.95179612
     0.95193963
     0.95211909
     0.95246396
     0.95284304
     0.95320035
     0.95355509
     0.95391037
     0.95428081
     0.95464840
     0.95501318
     0.95537517
     0.95573438
     0.95609082
     0.95646472
     0.95683846
     0.95720914
     0.95757677
     0.95794139
     0.95830300
     0.95866165
     0.95901734
     0.95937010
     0.95955244
     0.95969123
     0.95982957
     0.95996745
     0.96010487
     0.96024185
     0.96037837
     0.96051907
     0.96067029
     0.96082095
     0.96100446
     0.96120023
     0.96139600
     0.96161418
     0.96185885
     0.96210203
     0.96969697
     0.97979798
     0.98989899
     1.00000000
     0.00000000
     0.00000000
     0.00000000
     0.00000000
     0.00000000
     0.00000000
     0.00000000
     0.00000000
     0.00000000
     0.00000000
     0.00000000
     0.00000000
     0.00000000
     0.00000000
     0.00000000
     0.00000000
     0.00000000
     0.00000000
     0.00000000
     0.00000000
     0.95886520
     0.95860317
     0.95835333
     0.95810205
     0.95784932
     0.95759514
     0.95732723
     0.95692809
     0.95652539
     0.95611910
     0.95570918
     0.95529562
     0.95487837
     0.95436408
     0.95382734
     0.95349657
     0.95319419
     0.95295087
     0.95278277
     0.95266757
     0.95255735
     0.95244689
     0.95232796
     0.95220695
     0.95208565
     0.95196405
     0.95187815
     0.95186650
     0.95185484
     0.95182147
     0.95173401
     0.95164640
     0.95155864
     0.95168618
     0.95183770
     0.95198877
     0.95213939
     0.95228400
     0.95242522
     0.95260257
     0.95289826
     0.95326459
     0.95361886
     0.95397058
     0.95431975
     0.95466641
     0.95501056
     0.95535222
     0.95569140
     0.95602812
     0.95638212
     0.95674716
     0.95711859
     0.95748697
     0.95785232
     0.95821467
     0.95857404
     0.95893045
     0.95928392
     0.95963448
     0.95988897
     0.96002665
     0.96016389
     0.96030067
     0.96043700
     0.96057288
     0.96070831
     0.96084330
     0.96097926
     0.96112879
     0.96127777
     0.96146724
     0.96166078
     0.96185338
     0.96209162
     0.96233296
     0.96969697
     0.97979798
     0.98989899
     1.00000000
     0.00000000
     0.00000000
     0.00000000
     0.00000000
     0.00000000
     0.00000000
     0.00000000
     0.00000000
     0.00000000
     0.00000000
     0.00000000
     0.00000000
     0.00000000
     0.00000000
     0.00000000
     0.00000000
     0.00000000
     0.00000000
     0.00000000
     0.00000000
     0.95909454
     0.95884754
     0.95859912
     0.95834925
     0.95809795
     0.95784519
     0.95759098
     0.95730853
     0.95690923
     0.95650636
     0.95609989
     0.95568981
     0.95527607
     0.95478597
     0.95427804
     0.95398049
     0.95368111
     0.95340495
     0.95324248
     0.95313138
     0.95301230
     0.95289294
     0.95277329
     0.95265336
     0.95253313
     0.95241261
     0.95239840
     0.95238686
     0.95237532
     0.95236378
     0.95228948
     0.95220283
     0.95211602
     0.95215705
     0.95230717
     0.95245684
     0.95260607
     0.95275484
     0.95290318
     0.95308141
     0.95332873
     0.95368254
     0.95403380
     0.95438252
     0.95472872
     0.95507242
     0.95541363
     0.95575237
     0.95608865
     0.95642250
     0.95675392
     0.95709175
     0.95744035
     0.95778624
     0.95812945
     0.95848625
     0.95884338
     0.95919758
     0.95954885
     0.95989722
     0.96022282
     0.96035940
     0.96049554
     0.96063123
     0.96076647
     0.96090127
     0.96103562
     0.96116953
     0.96130299
     0.96143602
     0.96158216
     0.96173249
     0.96192475
     0.96211608
     0.96232493
     0.96256434
     0.96969697
     0.97979798
     0.98989899
     1.00000000
     0.00000000
     0.00000000
     0.00000000
     0.00000000
     0.00000000
     0.00000000
     0.00000000
     0.00000000
     0.00000000
     0.00000000
     0.00000000
     0.00000000
     0.00000000
     0.00000000
     0.00000000
     0.00000000
     0.00000000
     0.00000000
     0.00000000
     0.00000000
     0.95933614
     0.95909053
     0.95884351
     0.95859506
     0.95834517
     0.95809384
     0.95784107
     0.95758683
     0.95728982
     0.95689035
     0.95648731
     0.95608068
     0.95567042
     0.95520414
     0.95475421
     0.95445962
     0.95416320
     0.95386507
     0.95368730
     0.95356957
     0.95345156
     0.95333326
     0.95321467
     0.95309580
     0.95297664
     0.95292472
     0.95291331
     0.95290189
     0.95289046
     0.95287904
     0.95283888
     0.95275317
     0.95266732
     0.95262356
     0.95277229
     0.95292057
     0.95306841
     0.95321581
     0.95336277
     0.95354259
     0.95374615
     0.95409694
     0.95444521
     0.95479096
     0.95513420
     0.95547497
     0.95581326
     0.95614910
     0.95648251
     0.95681349
     0.95714207
     0.95747351
     0.95781914
     0.95816209
     0.95850237
     0.95884001
     0.95917501
     0.95950740
     0.95983720
     0.96016443
     0.96050167
     0.96068949
     0.96082454
     0.96095915
     0.96109331
     0.96122703
     0.96136030
     0.96149314
     0.96162554
     0.96175750
     0.96188903
     0.96203045
     0.96218697
     0.96237704
     0.96256618
     0.96279486
     0.96969697
     0.97979798
     0.98989899
     1.00000000
     0.00000000
     0.00000000
     0.00000000
     0.00000000
     0.00000000
     0.00000000
     0.00000000
     0.00000000
     0.00000000
     0.00000000
     0.00000000
     0.00000000
     0.00000000
     0.00000000
     0.00000000
     0.00000000
     0.00000000
     0.00000000
     0.00000000
     0.00000000
     0.95957636
     0.95933215
     0.95908652
     0.95883947
     0.95859100
     0.95834109
     0.95808974
     0.95783694
     0.95758268
     0.95727111
     0.95687147
     0.95646826
     0.95606146
     0.95561862
     0.95522566
     0.95493399
     0.95464403
     0.95435676
     0.95412055
     0.95400387
     0.95388690
     0.95376966
     0.95365212
     0.95353431
     0.95344551
     0.95343421
     0.95342291
     0.95341161
     0.95340030
     0.95338900
     0.95337769
     0.95329749
     0.95321258
     0.95312752
     0.95323310
     0.95338000
     0.95352647
     0.95367250
     0.95381810
     0.95399499
     0.95417537
     0.95450781
     0.95485311
     0.95519591
     0.95553622
     0.95587407
     0.95620947
     0.95654244
     0.95687299
     0.95720114
     0.95752690
     0.95785202
     0.95819471
     0.95853474
     0.95887212
     0.95920688
     0.95953902
     0.95986857
     0.96019555
     0.96051998
     0.96084186
     0.96104186
     0.96115092
     0.96128445
     0.96141753
     0.96155018
     0.96168239
     0.96181417
     0.96194551
     0.96207641
     0.96220688
     0.96233692
     0.96247371
     0.96263627
     0.96282416
     0.96302402
     0.96969697
     0.97979798
     0.98989899
     1.00000000
     0.00000000
     0.00000000
     0.00000000
     0.00000000
     0.00000000
     0.00000000
     0.00000000
     0.00000000
     0.00000000
     0.00000000
     0.00000000
     0.00000000
     0.00000000
     0.00000000
     0.00000000
     0.00000000
     0.00000000
     0.00000000
     0.00000000
     0.00000000
     0.95981523
     0.95957240
     0.95932816
     0.95908251
     0.95883544
     0.95858694
     0.95833701
     0.95808563
     0.95783281
     0.95757852
     0.95725239
     0.95685258
     0.95644920
     0.95602945
     0.95569242
     0.95541045
     0.95512781
     0.95484345
     0.95461365
     0.95443429
     0.95431837
     0.95420217
     0.95408568
     0.95396892
     0.95394963
     0.95393845
     0.95392727
     0.95391608
     0.95390489
     0.95389370
     0.95388251
     0.95383584
     0.95375186
     0.95366773
     0.95368963
     0.95383517
     0.95398028
     0.95412495
     0.95426919
     0.95444319
     0.95462190
     0.95491518
     0.95525753
     0.95559740
     0.95593480
     0.95626976
     0.95660229
     0.95693241
     0.95726012
     0.95758546
     0.95790842
     0.95822904
     0.95856709
     0.95890422
     0.95923872
     0.95957061
     0.95989992
     0.96022665
     0.96055083
     0.96087248
     0.96119161
     0.96149464
     0.96151137
     0.96160714
     0.96173917
     0.96187075
     0.96200190
     0.96213262
     0.96226291
     0.96239277
     0.96252219
     0.96265119
     0.96277976
     0.96291200
     0.96308043
     0.96326617
     0.96969697
     0.97979798
     0.98989899
     1.00000000
     0.00000000
     0.00000000
     0.00000000
     0.00000000
     0.00000000
     0.00000000
     0.00000000
     0.00000000
     0.00000000
     0.00000000
     0.00000000
     0.00000000
     0.00000000
     0.00000000
     0.00000000
     0.00000000
     0.00000000
     0.00000000
     0.00000000
     0.00000000
     0.96005274
     0.95981128
     0.95956843
     0.95932417
     0.95907850
     0.95883140
     0.95858288
     0.95833292
     0.95808153
     0.95782868
     0.95757437
     0.95723532
     0.95683797
     0.95643904
     0.95616452
     0.95588643
     0.95560667
     0.95532521
     0.95511390
     0.95493128
     0.95474794
     0.95463083
     0.95451538
     0.95445962
     0.95444856
     0.95443749
     0.95442642
     0.95441535
     0.95440428
     0.95439321
     0.95438213
     0.95436828
     0.95428522
     0.95420202
     0.95414191
     0.95428610
     0.95442986
     0.95457319
     0.95471609
     0.95488723
     0.95506428
     0.95531907
     0.95565849
     0.95599545
     0.95632998
     0.95666207
     0.95699175
     0.95731903
     0.95764394
     0.95796648
     0.95828667
     0.95860452
     0.95893628
     0.95927054
     0.95960218
     0.95993124
     0.96025773
     0.96058167
     0.96090308
     0.96122197
     0.96153836
     0.96185228
     0.96195891
     0.96197544
     0.96205822
     0.96218875
     0.96231886
     0.96244853
     0.96257777
     0.96270658
     0.96283497
     0.96296293
     0.96309047
     0.96321759
     0.96334537
     0.96351951
     0.96969697
     0.97979798
     0.98989899
     1.00000000
     0.00000000
     0.00000000
     0.00000000
     0.00000000
     0.00000000
     0.00000000
     0.00000000
     0.00000000
     0.00000000
     0.00000000
     0.00000000
     0.00000000
     0.00000000
     0.00000000
     0.00000000
     0.00000000
     0.00000000
     0.00000000
     0.00000000
     0.00000000
     0.96029106
     0.96005341
     0.95981439
     0.95957400
     0.95933223
     0.95908908
     0.95884454
     0.95859860
     0.95835126
     0.95810250
     0.95785232
     0.95760071
     0.95724824
     0.95690215
     0.95663282
     0.95635757
     0.95608065
     0.95580206
     0.95560890
     0.95542820
     0.95524679
     0.95506468
     0.95496423
     0.95495328
     0.95494233
     0.95493138
     0.95492043
     0.95490947
     0.95489851
     0.95488755
     0.95487659
     0.95486562
     0.95481272
     0.95473044
     0.95464801
     0.95473284
     0.95487526
     0.95501725
     0.95515882
     0.95532715
     0.95550255
     0.95571950
     0.95605603
     0.95639011
     0.95672176
     0.95705101
     0.95737786
     0.95770234
     0.95802446
     0.95834422
     0.95866166
     0.95897678
     0.95930233
     0.95963373
     0.95996254
     0.96028879
     0.96061248
     0.96093365
     0.96125230
     0.96156846
     0.96188213
     0.96219335
     0.96240146
     0.96241780
     0.96243414
     0.96250421
     0.96263327
     0.96276190
     0.96289010
     0.96301788
     0.96314524
     0.96327217
     0.96339869
     0.96352478
     0.96365046
     0.96377572
     0.96969697
     0.97979798
     0.98989899
     1.00000000
     0.00000000
     0.00000000
     0.00000000
     0.00000000
     0.00000000
     0.00000000
     0.00000000
     0.00000000
     0.00000000
     0.00000000
     0.00000000
     0.00000000
     0.00000000
     0.00000000
     0.00000000
     0.00000000
     0.00000000
     0.00000000
     0.00000000
     0.00000000
     0.96055280
     0.96031664
     0.96007914
     0.95984026
     0.95960002
     0.95935841
     0.95911541
     0.95887102
     0.95862523
     0.95837803
     0.95812943
     0.95787940
     0.95762795
     0.95736056
     0.95709634
     0.95682389
     0.95654980
     0.95627681
     0.95609869
     0.95591989
     0.95574039
     0.95556019
     0.95546862
     0.95544184
     0.95543100
     0.95542017
     0.95540933
     0.95539849
     0.95538764
     0.95537679
     0.95536594
     0.95535509
     0.95533443
     0.95525304
     0.95517152
     0.95517542
     0.95531651
     0.95545718
     0.95559743
     0.95576297
     0.95593674
     0.95611652
     0.95645016
     0.95678138
     0.95711019
     0.95743662
     0.95776067
     0.95808236
     0.95840170
     0.95871872
     0.95903343
     0.95934583
     0.95966525
     0.95999382
     0.96031982
     0.96064327
     0.96096420
     0.96128261
     0.96159853
     0.96191197
     0.96222296
     0.96253150
     0.96283762
     0.96285522
     0.96287137
     0.96288752
     0.96294515
     0.96307275
     0.96319993
     0.96332668
     0.96345302
     0.96357893
     0.96370443
     0.96382951
     0.96395418
     0.96407843
     0.96969697
     0.97979798
     0.98989899
     1.00000000
     0.00000000
     0.00000000
     0.00000000
     0.00000000
     0.00000000
     0.00000000
     0.00000000
     0.00000000
     0.00000000
     0.00000000
     0.00000000
     0.00000000
     0.00000000
     0.00000000
     0.00000000
     0.00000000
     0.00000000
     0.00000000
     0.00000000
     0.00000000
     0.96081288
     0.96057822
     0.96034221
     0.96010485
     0.95986612
     0.95962603
     0.95938456
     0.95914171
     0.95889747
     0.95865184
     0.95840480
     0.95815634
     0.95790647
     0.95769612
     0.95743173
     0.95716576
     0.95689820
     0.95665072
     0.95649617
     0.95634109
     0.95618548
     0.95608941
     0.95602566
     0.95594808
     0.95591462
     0.95590390
     0.95589317
     0.95588244
     0.95587171
     0.95586097
     0.95585023
     0.95583949
     0.95582875
     0.95576990
     0.95568927
     0.95561387
     0.95575365
     0.95589300
     0.95603194
     0.95619474
     0.95636689
     0.95653840
     0.95684092
     0.95716930
     0.95749529
     0.95781892
     0.95814018
     0.95845911
     0.95877571
     0.95909000
     0.95940199
     0.95971171
     0.96002507
     0.96035083
     0.96067404
     0.96099472
     0.96131290
     0.96162858
     0.96194179
     0.96225254
     0.96256085
     0.96286674
     0.96317023
     0.96328773
     0.96330371
     0.96331967
     0.96333563
     0.96338111
     0.96350726
     0.96363300
     0.96375832
     0.96388322
     0.96400771
     0.96413179
     0.96425545
     0.96437870
     0.96969697
     0.97979798
     0.98989899
     1.00000000
     0.00000000
     0.00000000
     0.00000000
     0.00000000
     0.00000000
     0.00000000
     0.00000000
     0.00000000
     0.00000000
     0.00000000
     0.00000000
     0.00000000
     0.00000000
     0.00000000
     0.00000000
     0.00000000
     0.00000000
     0.00000000
     0.00000000
     0.00000000
     0.96107131
     0.96083814
     0.96060362
     0.96036776
     0.96013054
     0.95989197
     0.95965202
     0.95941071
     0.95916801
     0.95892392
     0.95867843
     0.95843154
     0.95818324
     0.95796327
     0.95770047
     0.95743611
     0.95717016
     0.95694249
     0.95678893
     0.95664095
     0.95657872
     0.95651641
     0.95645402
     0.95639154
     0.95632897
     0.95626632
     0.95626044
     0.95627456
     0.95628867
     0.95630278
     0.95631688
     0.95631888
     0.95630825
     0.95628106
     0.95620132
     0.95612144
     0.95618670
     0.95632476
     0.95646239
     0.95662249
     0.95679303
     0.95696294
     0.95722833
     0.95755389
     0.95787709
     0.95819793
     0.95851643
     0.95883262
     0.95914649
     0.95945807
     0.95976738
     0.96007442
     0.96038181
     0.96070478
     0.96102523
     0.96134316
     0.96165860
     0.96197158
     0.96228209
     0.96259018
     0.96289584
     0.96319910
     0.96349997
     0.96371540
     0.96373120
     0.96374699
     0.96376277
     0.96377854
     0.96381213
     0.96393686
     0.96406117
     0.96418506
     0.96430855
     0.96443163
     0.96455430
     0.96467656
     0.96969697
     0.97979798
     0.98989899
     1.00000000
     0.00000000
     0.00000000
     0.00000000
     0.00000000
     0.00000000
     0.00000000
     0.00000000
     0.00000000
     0.00000000
     0.00000000
     0.00000000
     0.00000000
     0.00000000
     0.00000000
     0.00000000
     0.00000000
     0.00000000
     0.00000000
     0.00000000
     0.00000000
     0.96132811
     0.96109641
     0.96086338
     0.96062901
     0.96039329
     0.96015623
     0.95991780
     0.95967800
     0.95943683
     0.95919428
     0.95895034
     0.95870501
     0.95846911
     0.95822880
     0.95796760
     0.95770483
     0.95744049
     0.95723239
     0.95712439
     0.95706283
     0.95700118
     0.95693945
     0.95687764
     0.95681574
     0.95675375
     0.95669168
     0.95662953
     0.95656729
     0.95655319
     0.95656722
     0.95658124
     0.95659526
     0.95660927
     0.95662328
     0.95658312
     0.95652853
     0.95654011
     0.95670163
     0.95686258
     0.95704443
     0.95721520
     0.95738352
     0.95761242
     0.95793518
     0.95825560
     0.95857369
     0.95888945
     0.95920291
     0.95951408
     0.95982298
     0.96012961
     0.96043401
     0.96073617
     0.96105571
     0.96137340
     0.96168861
     0.96200135
     0.96231163
     0.96261948
     0.96292491
     0.96322794
     0.96352859
     0.96382687
     0.96412281
     0.96415389
     0.96416950
     0.96418511
     0.96420071
     0.96421630
     0.96423827
     0.96436158
     0.96448448
     0.96460697
     0.96472905
     0.96485073
     0.96497201
     0.96969697
     0.97979798
     0.98989899
     1.00000000
     0.00000000
     0.00000000
     0.00000000
     0.00000000
     0.00000000
     0.00000000
     0.00000000
     0.00000000
     0.00000000
     0.00000000
     0.00000000
     0.00000000
     0.00000000
     0.00000000
     0.00000000
     0.00000000
     0.00000000
     0.00000000
     0.00000000
     0.00000000
     0.96158329
     0.96135306
     0.96112150
     0.96088861
     0.96065438
     0.96041881
     0.96018189
     0.95994361
     0.95970396
     0.95946294
     0.95922054
     0.95897675
     0.95875082
     0.95849273
     0.95823310
     0.95797192
     0.95770918
     0.95760269
     0.95754178
     0.95748079
     0.95741972
     0.95735856
     0.95729732
     0.95723600
     0.95717459
     0.95711309
     0.95705152
     0.95698986
     0.95692811
     0.95686628
     0.95684408
     0.95685801
     0.95687194
     0.95688587
     0.95687659
     0.95682235
     0.95676805
     0.95691730
     0.95707748
     0.95725730
     0.95744958
     0.95764104
     0.95785624
     0.95818698
     0.95851523
     0.95884101
     0.95916434
     0.95948525
     0.95980373
     0.96011982
     0.96043352
     0.96074486
     0.96105385
     0.96137706
     0.96170109
     0.96202250
     0.96234114
     0.96264876
     0.96295396
     0.96325676
     0.96355719
     0.96385524
     0.96415095
     0.96444433
     0.96457184
     0.96458728
     0.96460271
     0.96461813
     0.96463355
     0.96464896
     0.96466436
     0.96478148
     0.96490298
     0.96502409
     0.96514478
     0.96526508
     0.96969697
     0.97979798
     0.98989899
     1.00000000
     0.00000000
     0.00000000
     0.00000000
     0.00000000
     0.00000000
     0.00000000
     0.00000000
     0.00000000
     0.00000000
     0.00000000
     0.00000000
     0.00000000
     0.00000000
     0.00000000
     0.00000000
     0.00000000
     0.00000000
     0.00000000
     0.00000000
     0.00000000
     0.96183684
     0.96160807
     0.96137798
     0.96114657
     0.96091382
     0.96067974
     0.96044432
     0.96020754
     0.95996940
     0.95972990
     0.95948903
     0.95924678
     0.95901159
     0.95875507
     0.95849701
     0.95825988
     0.95809430
     0.95801562
     0.95795528
     0.95789486
     0.95783436
     0.95777377
     0.95771310
     0.95765235
     0.95759151
     0.95753059
     0.95746958
     0.95740850
     0.95734732
     0.95728607
     0.95722473
     0.95716330
     0.95713310
     0.95714694
     0.95716079
     0.95711428
     0.95706033
     0.95713194
     0.95729136
     0.95746915
     0.95766053
     0.95785108
     0.95804081
     0.95836401
     0.95869093
     0.95901539
     0.95933741
     0.95965701
     0.95997421
     0.96028901
     0.96060144
     0.96091150
     0.96121923
     0.96154020
     0.96186291
     0.96218301
     0.96250054
     0.96281550
     0.96312792
     0.96343782
     0.96374521
     0.96405011
     0.96435254
     0.96465252
     0.96492302
     0.96500036
     0.96501562
     0.96503087
     0.96504611
     0.96506135
     0.96507658
     0.96509180
     0.96519661
     0.96531674
     0.96543646
     0.96555579
     0.96969697
     0.97979798
     0.98989899
     1.00000000
     0.00000000
     0.00000000
     0.00000000
     0.00000000
     0.00000000
     0.00000000
     0.00000000
     0.00000000
     0.00000000
     0.00000000
     0.00000000
     0.00000000
     0.00000000
     0.00000000
     0.00000000
     0.00000000
     0.00000000
     0.00000000
     0.00000000
     0.00000000
     0.96208879
     0.96186147
     0.96163284
     0.96140289
     0.96117162
     0.96093902
     0.96070508
     0.96046980
     0.96023317
     0.95999518
     0.95975583
     0.95951511
     0.95927079
     0.95901582
     0.95881353
     0.95865004
     0.95848594
     0.95842471
     0.95836494
     0.95830508
     0.95824514
     0.95818511
     0.95812501
     0.95806482
     0.95800455
     0.95794420
     0.95788376
     0.95782324
     0.95776264
     0.95770195
     0.95764118
     0.95758033
     0.95751939
     0.95745837
     0.95742027
     0.95740432
     0.95735071
     0.95734556
     0.95750422
     0.95768001
     0.95787048
     0.95806013
     0.95824896
     0.95854032
     0.95886592
     0.95918907
     0.95950978
     0.95982808
     0.96014399
     0.96045751
     0.96076866
     0.96107747
     0.96138394
     0.96170267
     0.96202407
     0.96234288
     0.96265911
     0.96297280
     0.96328394
     0.96359258
     0.96389871
     0.96420237
     0.96450357
     0.96480232
     0.96509865
     0.96529467
     0.96542388
     0.96543896
     0.96545403
     0.96546909
     0.96548415
     0.96549921
     0.96551425
     0.96560703
     0.96572578
     0.96584415
     0.96969697
     0.97979798
     0.98989899
     1.00000000
     0.00000000
     0.00000000
     0.00000000
     0.00000000
     0.00000000
     0.00000000
     0.00000000
     0.00000000
     0.00000000
     0.00000000
     0.00000000
     0.00000000
     0.00000000
     0.00000000
     0.00000000
     0.00000000
     0.00000000
     0.00000000
     0.00000000
     0.00000000
     0.96233914
     0.96211326
     0.96188608
     0.96165759
     0.96142778
     0.96119666
     0.96096420
     0.96073041
     0.96049527
     0.96025879
     0.96002095
     0.95978033
     0.95952841
     0.95936014
     0.95919874
     0.95903671
     0.95888912
     0.95882999
     0.95877077
     0.95871147
     0.95865209
     0.95859262
     0.95853308
     0.95847345
     0.95841374
     0.95835395
     0.95829408
     0.95823412
     0.95817408
     0.95811396
     0.95805376
     0.95799347
     0.95793311
     0.95787265
     0.95781212
     0.95775150
     0.95763922
     0.95758590
     0.95771607
     0.95788986
     0.95807943
     0.95826818
     0.95845611
     0.95871592
     0.95904020
     0.95936203
     0.95968145
     0.95999846
     0.96031308
     0.96062532
     0.96093521
     0.96124276
     0.96154798
     0.96186448
     0.96218457
     0.96250209
     0.96281704
     0.96312945
     0.96343933
     0.96374670
     0.96405159
     0.96435401
     0.96465398
     0.96495151
     0.96524664
     0.96548007
     0.96566254
     0.96584246
     0.96585736
     0.96587225
     0.96588714
     0.96590203
     0.96591690
     0.96593177
     0.96601277
     0.96613018
     0.96969697
     0.97979798
     0.98989899
     1.00000000
     0.00000000
     0.00000000
     0.00000000
     0.00000000
     0.00000000
     0.00000000
     0.00000000
     0.00000000
     0.00000000
     0.00000000
     0.00000000
     0.00000000
     0.00000000
     0.00000000
     0.00000000
     0.00000000
     0.00000000
     0.00000000
     0.00000000
     0.00000000
     0.96258791
     0.96236346
     0.96213772
     0.96191068
     0.96168233
     0.96145266
     0.96122168
     0.96098937
     0.96075572
     0.96052073
     0.96028439
     0.96005856
     0.95989981
     0.95974045
     0.95958049
     0.95941992
     0.95929006
     0.95923148
     0.95917281
     0.95911407
     0.95905524
     0.95899633
     0.95893734
     0.95887827
     0.95881912
     0.95875989
     0.95870057
     0.95864117
     0.95858170
     0.95852214
     0.95846249
     0.95840277
     0.95834296
     0.95828308
     0.95822310
     0.95816305
     0.95806165
     0.95792504
     0.95792691
     0.95809872
     0.95828739
     0.95847524
     0.95866229
     0.95889081
     0.95921377
     0.95953430
     0.95985242
     0.96016814
     0.96048148
     0.96079245
     0.96110108
     0.96140737
     0.96171135
     0.96202563
     0.96234443
     0.96266065
     0.96297432
     0.96328546
     0.96359408
     0.96390020
     0.96420385
     0.96450503
     0.96480378
     0.96510010
     0.96539401
     0.96566452
     0.96584604
     0.96602664
     0.96620631
     0.96627087
     0.96628559
     0.96630031
     0.96631501
     0.96632972
     0.96634441
     0.96641390
     0.96969697
     0.97979798
     0.98989899
     1.00000000
     0.00000000
     0.00000000
     0.00000000
     0.00000000
     0.00000000
     0.00000000
     0.00000000
     0.00000000
     0.00000000
     0.00000000
     0.00000000
     0.00000000
     0.00000000
     0.00000000
     0.00000000
     0.00000000
     0.00000000
     0.00000000
     0.00000000
     0.00000000
     0.96283509
     0.96261207
     0.96238776
     0.96216216
     0.96193525
     0.96170705
     0.96147753
     0.96124668
     0.96101455
     0.96080938
     0.96060317
     0.96043260
     0.96027527
     0.96011735
     0.95995882
     0.95979969
     0.95968726
     0.95962922
     0.95957110
     0.95951291
     0.95945463
     0.95939627
     0.95933783
     0.95927931
     0.95922071
     0.95916203
     0.95910327
     0.95904443
     0.95898551
     0.95892650
     0.95886742
     0.95880825
     0.95874900
     0.95868967
     0.95863026
     0.95857077
     0.95850422
     0.95836899
     0.95825868
     0.95830659
     0.95849436
     0.95868132
     0.95886748
     0.95906499
     0.95938664
     0.95970587
     0.96002269
     0.96033713
     0.96064919
     0.96095890
     0.96126627
     0.96157132
     0.96187406
     0.96218614
     0.96250364
     0.96281858
     0.96313097
     0.96344084
     0.96374820
     0.96405308
     0.96435549
     0.96465544
     0.96495296
     0.96524807
     0.96554079
     0.96583112
     0.96602860
     0.96620826
     0.96638701
     0.96656484
     0.96667955
     0.96669409
     0.96670864
     0.96672317
     0.96673771
     0.96675223
     0.96969697
     0.97979798
     0.98989899
     1.00000000
     0.00000000
     0.00000000
     0.00000000
     0.00000000
     0.00000000
     0.00000000
     0.00000000
     0.00000000
     0.00000000
     0.00000000
     0.00000000
     0.00000000
     0.00000000
     0.00000000
     0.00000000
     0.00000000
     0.00000000
     0.00000000
     0.00000000
     0.00000000
     0.96308070
     0.96285910
     0.96263621
     0.96241204
     0.96218658
     0.96195982
     0.96175294
     0.96155149
     0.96134903
     0.96114554
     0.96094103
     0.96080328
     0.96064737
     0.96049086
     0.96033376
     0.96017606
     0.96008074
     0.96002324
     0.95996567
     0.95990802
     0.95985028
     0.95979247
     0.95973458
     0.95967661
     0.95961856
     0.95956042
     0.95950221
     0.95944392
     0.95938555
     0.95932709
     0.95926856
     0.95920994
     0.95915125
     0.95909247
     0.95903362
     0.95897468
     0.95891566
     0.95880846
     0.95867418
     0.95868052
     0.95873527
     0.95888643
     0.95907170
     0.95925617
     0.95955881
     0.95987674
     0.96019228
     0.96050543
     0.96081623
     0.96112467
     0.96143079
     0.96173459
     0.96203610
     0.96234598
     0.96266220
     0.96297585
     0.96328698
     0.96359559
     0.96390170
     0.96420533
     0.96450650
     0.96480523
     0.96510154
     0.96539544
     0.96568696
     0.96597611
     0.96621021
     0.96638895
     0.96656677
     0.96674369
     0.96691970
     0.96708344
     0.96709782
     0.96711219
     0.96712656
     0.96714092
     0.96969697
     0.97979798
     0.98989899
     1.00000000
     0.00000000
     0.00000000
     0.00000000
     0.00000000
     0.00000000
     0.00000000
     0.00000000
     0.00000000
     0.00000000
     0.00000000
     0.00000000
     0.00000000
     0.00000000
     0.00000000
     0.00000000
     0.00000000
     0.00000000
     0.00000000
     0.00000000
     0.00000000
     0.00000000
     0.96310455
     0.96288309
     0.96267466
     0.96247788
     0.96228011
     0.96208133
     0.96188155
     0.96168075
     0.96147895
     0.96127612
     0.96117063
     0.96101612
     0.96086102
     0.96070533
     0.96054904
     0.96047054
     0.96041358
     0.96035654
     0.96029943
     0.96024224
     0.96018497
     0.96012762
     0.96007019
     0.96001268
     0.95995509
     0.95989742
     0.95983967
     0.95978185
     0.95972394
     0.95966595
     0.95960789
     0.95954974
     0.95949151
     0.95943321
     0.95937482
     0.95931635
     0.95924349
     0.95911057
     0.95905670
     0.95911097
     0.95916518
     0.95927494
     0.95945854
     0.95973028
     0.96004692
     0.96036117
     0.96067305
     0.96098258
     0.96128977
     0.96159464
     0.96189720
     0.96219748
     0.96250518
     0.96282011
     0.96313249
     0.96344235
     0.96374970
     0.96405456
     0.96435696
     0.96465690
     0.96495441
     0.96524951
     0.96554221
     0.96583254
     0.96612050
     0.96639089
     0.96656870
     0.96674561
     0.96692161
     0.96709672
     0.96727092
     0.96744424
     0.96749681
     0.96751102
     0.96752521
     0.96969697
     0.97979798
     0.98989899
     1.00000000
     0.00000000
     0.00000000
     0.00000000
     0.00000000
     0.00000000
     0.00000000
     0.00000000
     0.00000000
     0.00000000
     0.00000000
     0.00000000
     0.00000000
     0.00000000
     0.00000000
     0.00000000
     0.00000000
     0.00000000
     0.00000000
     0.00000000
     0.00000000
     0.00000000
     0.96338280
     0.96318962
     0.96299545
     0.96280030
     0.96260415
     0.96240702
     0.96220888
     0.96200974
     0.96180960
     0.96162807
     0.96153182
     0.96138155
     0.96122785
     0.96107356
     0.96091868
     0.96085668
     0.96080026
     0.96074376
     0.96068718
     0.96063052
     0.96057379
     0.96051698
     0.96046008
     0.96040311
     0.96034606
     0.96028894
     0.96023173
     0.96017444
     0.96011708
     0.96005963
     0.96000211
     0.95994451
     0.95988682
     0.95982906
     0.95977122
     0.95971330
     0.95965530
     0.95954254
     0.95942960
     0.95948340
     0.95953713
     0.95959080
     0.95965995
     0.95990105
     0.96021640
     0.96052938
     0.96083999
     0.96114826
     0.96145420
     0.96175782
     0.96205915
     0.96235819
     0.96266374
     0.96297738
     0.96328849
     0.96359709
     0.96390319
     0.96420681
     0.96450797
     0.96480669
     0.96510299
     0.96539688
     0.96568838
     0.96597752
     0.96626430
     0.96654875
     0.96674753
     0.96692352
     0.96709862
     0.96727282
     0.96744612
     0.96761854
     0.96779008
     0.96789113
     0.96790517
     0.96969697
     0.97979798
     0.98989899
     1.00000000
     0.00000000
     0.00000000
     0.00000000
     0.00000000
     0.00000000
     0.00000000
     0.00000000
     0.00000000
     0.00000000
     0.00000000
     0.00000000
     0.00000000
     0.00000000
     0.00000000
     0.00000000
     0.00000000
     0.00000000
     0.00000000
     0.00000000
     0.00000000
     0.00000000
     0.96369773
     0.96350614
     0.96331358
     0.96312004
     0.96292552
     0.96273001
     0.96253351
     0.96233602
     0.96213753
     0.96198122
     0.96188581
     0.96174370
     0.96159138
     0.96143848
     0.96129502
     0.96123921
     0.96118332
     0.96112734
     0.96107130
     0.96101517
     0.96095897
     0.96090269
     0.96084633
     0.96078989
     0.96073338
     0.96067678
     0.96062011
     0.96056336
     0.96050653
     0.96044963
     0.96039264
     0.96033558
     0.96027844
     0.96022122
     0.96016392
     0.96010654
     0.96004908
     0.95997013
     0.95984579
     0.95985258
     0.95990584
     0.95995904
     0.96001216
     0.96007872
     0.96038520
     0.96069690
     0.96100625
     0.96131326
     0.96161795
     0.96192033
     0.96222043
     0.96251826
     0.96282165
     0.96313402
     0.96344386
     0.96375120
     0.96405605
     0.96435843
     0.96465837
     0.96495586
     0.96525095
     0.96554364
     0.96583395
     0.96612190
     0.96640751
     0.96669080
     0.96692544
     0.96710052
     0.96727471
     0.96744800
     0.96762041
     0.96779194
     0.96796259
     0.96813236
     0.96828082
     0.96969697
     0.97979798
     0.98989899
     1.00000000
     0.00000000
     0.00000000
     0.00000000
     0.00000000
     0.00000000
     0.00000000
     0.00000000
     0.00000000
     0.00000000
     0.00000000
     0.00000000
     0.00000000
     0.00000000
     0.00000000
     0.00000000
     0.00000000
     0.00000000
     0.00000000
     0.00000000
     0.00000000
     0.00000000
     0.96401005
     0.96382005
     0.96362908
     0.96343714
     0.96324423
     0.96305034
     0.96285547
     0.96265960
     0.96246275
     0.96233124
     0.96223668
     0.96210258
     0.96195164
     0.96180011
     0.96167344
     0.96161815
     0.96156278
     0.96150733
     0.96145181
     0.96139621
     0.96134053
     0.96128478
     0.96122895
     0.96117304
     0.96111706
     0.96106100
     0.96100486
     0.96094864
     0.96089234
     0.96083597
     0.96077952
     0.96072299
     0.96066638
     0.96060970
     0.96055293
     0.96049609
     0.96043917
     0.96038217
     0.96026955
     0.96021853
     0.96027133
     0.96032406
     0.96037672
     0.96042951
     0.96055330
     0.96086374
     0.96117182
     0.96147759
     0.96178103
     0.96208219
     0.96238106
     0.96267767
     0.96297891
     0.96329001
     0.96359859
     0.96390468
     0.96420829
     0.96450944
     0.96480815
     0.96510443
     0.96539831
     0.96568980
     0.96597893
     0.96626570
     0.96655014
     0.96683226
     0.96710242
     0.96727660
     0.96744988
     0.96762228
     0.96779380
     0.96796444
     0.96813420
     0.96830310
     0.96847113
     0.96969697
     0.97979798
     0.98989899
     1.00000000
     0.00000000
     0.00000000
     0.00000000
     0.00000000
     0.00000000
     0.00000000
     0.00000000
     0.00000000
     0.00000000
     0.00000000
     0.00000000
     0.00000000
     0.00000000
     0.00000000
     0.00000000
     0.00000000
     0.00000000
     0.00000000
     0.00000000
     0.00000000
     0.00000000
     0.96431979
     0.96413136
     0.96394197
     0.96375162
     0.96356031
     0.96336802
     0.96317476
     0.96298051
     0.96278528
     0.96267817
     0.96258445
     0.96245823
     0.96230865
     0.96215849
     0.96204830
     0.96199353
     0.96193868
     0.96188375
     0.96182875
     0.96177367
     0.96171852
     0.96166329
     0.96160799
     0.96155260
     0.96149714
     0.96144161
     0.96138599
     0.96133030
     0.96127454
     0.96121869
     0.96116277
     0.96110677
     0.96105069
     0.96099454
     0.96093831
     0.96088200
     0.96082561
     0.96076915
     0.96068903
     0.96058210
     0.96063362
     0.96068589
     0.96073809
     0.96079023
     0.96088959
     0.96102990
     0.96133673
     0.96164124
     0.96194345
     0.96224338
     0.96254103
     0.96283642
     0.96313554
     0.96344537
     0.96375270
     0.96405754
     0.96435991
     0.96465983
     0.96495731
     0.96525239
     0.96554507
     0.96583537
     0.96612331
     0.96640890
     0.96669218
     0.96697314
     0.96725182
     0.96745177
     0.96762416
     0.96779566
     0.96796801
     0.96814352
     0.96831811
     0.96849177
     0.96866451
     0.96969697
     0.97979798
     0.98989899
     1.00000000
     0.00000000
     0.00000000
     0.00000000
     0.00000000
     0.00000000
     0.00000000
     0.00000000
     0.00000000
     0.00000000
     0.00000000
     0.00000000
     0.00000000
     0.00000000
     0.00000000
     0.00000000
     0.00000000
     0.00000000
     0.00000000
     0.00000000
     0.00000000
     0.00000000
     0.96462695
     0.96444009
     0.96425227
     0.96406350
     0.96387377
     0.96368307
     0.96349141
     0.96329877
     0.96311469
     0.96302202
     0.96292913
     0.96281067
     0.96266243
     0.96251363
     0.96241964
     0.96236538
     0.96231104
     0.96225664
     0.96220215
     0.96214759
     0.96209296
     0.96203825
     0.96198346
     0.96192860
     0.96187366
     0.96181864
     0.96176355
     0.96170839
     0.96165314
     0.96159782
     0.96154243
     0.96148695
     0.96143140
     0.96137577
     0.96132007
     0.96126429
     0.96120843
     0.96115249
     0.96110037
     0.96099841
     0.96099275
     0.96104456
     0.96109630
     0.96114798
     0.96123354
     0.96134453
     0.96150096
     0.96180423
     0.96210521
     0.96240391
     0.96270034
     0.96299453
     0.96329153
     0.96360010
     0.96390617
     0.96420977
     0.96451091
     0.96480960
     0.96510587
     0.96539974
     0.96569122
     0.96598033
     0.96626710
     0.96655152
     0.96683463
     0.96712038
     0.96740376
     0.96764458
     0.96782180
     0.96799810
     0.96817345
     0.96834788
     0.96852138
     0.96869396
     0.96886563
     0.96969697
     0.97979798
     0.98989899
     1.00000000
     0.00000000
     0.00000000
     0.00000000
     0.00000000
     0.00000000
     0.00000000
     0.00000000
     0.00000000
     0.00000000
     0.00000000
     0.00000000
     0.00000000
     0.00000000
     0.00000000
     0.00000000
     0.00000000
     0.00000000
     0.00000000
     0.00000000
     0.00000000
     0.00000000
     0.96493157
     0.96474626
     0.96456000
     0.96437279
     0.96418463
     0.96399551
     0.96380544
     0.96361439
     0.96345467
     0.96336283
     0.96327076
     0.96315993
     0.96301303
     0.96286557
     0.96278748
     0.96273373
     0.96267991
     0.96262601
     0.96257204
     0.96251800
     0.96246388
     0.96240968
     0.96235541
     0.96230106
     0.96224664
     0.96219214
     0.96213757
     0.96208292
     0.96202819
     0.96197339
     0.96191852
     0.96186356
     0.96180853
     0.96175343
     0.96169825
     0.96164299
     0.96158766
     0.96153224
     0.96147987
     0.96141050
     0.96134872
     0.96140008
     0.96145137
     0.96150260
     0.96157458
     0.96168464
     0.96179439
     0.96196656
     0.96226631
     0.96256378
     0.96285901
     0.96315199
     0.96344688
     0.96375420
     0.96405902
     0.96436138
     0.96466129
     0.96495876
     0.96525406
     0.96555294
     0.96584935
     0.96614330
     0.96643480
     0.96672388
     0.96701055
     0.96729484
     0.96757676
     0.96788417
     0.96802816
     0.96820335
     0.96837762
     0.96855097
     0.96872339
     0.96889490
     0.96911099
     0.96969697
     0.97979798
     0.98989899
     1.00000000
     0.00000000
     0.00000000
     0.00000000
     0.00000000
     0.00000000
     0.00000000
     0.00000000
     0.00000000
     0.00000000
     0.00000000
     0.00000000
     0.00000000
     0.00000000
     0.00000000
     0.00000000
     0.00000000
     0.00000000
     0.00000000
     0.00000000
     0.00000000
     0.00000000
     0.96523366
     0.96504988
     0.96486517
     0.96467952
     0.96449292
     0.96430537
     0.96411687
     0.96392741
     0.96379164
     0.96370061
     0.96360936
     0.96350603
     0.96336046
     0.96321433
     0.96315186
     0.96309862
     0.96304531
     0.96299192
     0.96293845
     0.96288492
     0.96283130
     0.96277762
     0.96272386
     0.96267002
     0.96261611
     0.96256212
     0.96250806
     0.96245393
     0.96239972
     0.96234543
     0.96229107
     0.96223664
     0.96218213
     0.96212754
     0.96207288
     0.96201814
     0.96196332
     0.96190843
     0.96185582
     0.96181841
     0.96171442
     0.96175249
     0.96180333
     0.96185411
     0.96191274
     0.96202187
     0.96213070
     0.96223923
     0.96242674
     0.96272301
     0.96301702
     0.96330880
     0.96360160
     0.96391357
     0.96422356
     0.96453098
     0.96483586
     0.96513822
     0.96543806
     0.96573542
     0.96603032
     0.96632276
     0.96661277
     0.96690037
     0.96718558
     0.96746841
     0.96774888
     0.96808652
     0.96829853
     0.96842660
     0.96858052
     0.96875279
     0.96892415
     0.96909437
     0.96932980
     0.96969697
     0.97979798
     0.98989899
     1.00000000
     0.00000000
     0.00000000
     0.00000000
     0.00000000
     0.00000000
     0.00000000
     0.00000000
     0.00000000
     0.00000000
     0.00000000
     0.00000000
     0.00000000
     0.00000000
     0.00000000
     0.00000000
     0.00000000
     0.00000000
     0.00000000
     0.00000000
     0.00000000
     0.00000000
     0.96553324
     0.96535099
     0.96516781
     0.96498370
     0.96479865
     0.96461265
     0.96442571
     0.96423782
     0.96412562
     0.96403540
     0.96394496
     0.96384900
     0.96370475
     0.96356548
     0.96351281
     0.96346007
     0.96340726
     0.96335437
     0.96330141
     0.96324838
     0.96319527
     0.96314209
     0.96308884
     0.96303551
     0.96298210
     0.96292863
     0.96287508
     0.96282145
     0.96276775
     0.96271398
     0.96266013
     0.96260620
     0.96255220
     0.96249813
     0.96244398
     0.96238976
     0.96233546
     0.96228108
     0.96222825
     0.96219434
     0.96211925
     0.96210181
     0.96215221
     0.96220254
     0.96225280
     0.96235625
     0.96246416
     0.96257859
     0.96269463
     0.96290050
     0.96319993
     0.96349703
     0.96379343
     0.96410441
     0.96441282
     0.96471868
     0.96502201
     0.96532282
     0.96562113
     0.96591697
     0.96621036
     0.96650130
     0.96678983
     0.96707596
     0.96735970
     0.96764108
     0.96792012
     0.96827620
     0.96858076
     0.96870772
     0.96883419
     0.96896016
     0.96912204
     0.96927115
     0.96954398
     0.96986132
     0.97979798
     0.98989899
     1.00000000
     0.00000000
     0.00000000
     0.00000000
     0.00000000
     0.00000000
     0.00000000
     0.00000000
     0.00000000
     0.00000000
     0.00000000
     0.00000000
     0.00000000
     0.00000000
     0.00000000
     0.00000000
     0.00000000
     0.00000000
     0.00000000
     0.00000000
     0.00000000
     0.00000000
     0.96583033
     0.96564959
     0.96546794
     0.96528535
     0.96510184
     0.96491739
     0.96473200
     0.96454583
     0.96445663
     0.96436721
     0.96427757
     0.96418772
     0.96404592
     0.96392253
     0.96387036
     0.96381811
     0.96376580
     0.96371341
     0.96366095
     0.96360842
     0.96355581
     0.96350313
     0.96345038
     0.96339755
     0.96334465
     0.96329168
     0.96323863
     0.96318551
     0.96313232
     0.96307905
     0.96302571
     0.96297229
     0.96291880
     0.96286524
     0.96281160
     0.96275788
     0.96270409
     0.96265023
     0.96259718
     0.96256359
     0.96251996
     0.96245377
     0.96251250
     0.96257115
     0.96262971
     0.96272845
     0.96284405
     0.96295930
     0.96307421
     0.96318877
     0.96339605
     0.96369163
     0.96398491
     0.96429428
     0.96460112
     0.96490542
     0.96520720
     0.96550647
     0.96580327
     0.96609759
     0.96638948
     0.96667893
     0.96696598
     0.96725064
     0.96753293
     0.96781287
     0.96809047
     0.96846480
     0.96885840
     0.96898642
     0.96911180
     0.96923515
     0.96934922
     0.96946288
     0.96977756
     0.97009961
     0.97979798
     0.98989899
     1.00000000
     0.00000000
     0.00000000
     0.00000000
     0.00000000
     0.00000000
     0.00000000
     0.00000000
     0.00000000
     0.00000000
     0.00000000
     0.00000000
     0.00000000
     0.00000000
     0.00000000
     0.00000000
     0.00000000
     0.00000000
     0.00000000
     0.00000000
     0.00000000
     0.00000000
     0.96612495
     0.96594572
     0.96576557
     0.96558450
     0.96540251
     0.96521960
     0.96503575
     0.96487311
     0.96478470
     0.96469607
     0.96460723
     0.96451818
     0.96438401
     0.96427621
     0.96422453
     0.96417278
     0.96412096
     0.96406907
     0.96401710
     0.96396506
     0.96391295
     0.96386077
     0.96380851
     0.96375619
     0.96370378
     0.96365131
     0.96359876
     0.96354614
     0.96349345
     0.96344068
     0.96338785
     0.96333493
     0.96328195
     0.96322888
     0.96317575
     0.96312351
     0.96307209
     0.96302061
     0.96297374
     0.96294363
     0.96291350
     0.96284812
     0.96290626
     0.96296431
     0.96302228
     0.96310769
     0.96322216
     0.96333628
     0.96345007
     0.96356351
     0.96367661
     0.96388522
     0.96417700
     0.96448318
     0.96478846
     0.96509121
     0.96539144
     0.96568919
     0.96598447
     0.96627729
     0.96656768
     0.96685565
     0.96714123
     0.96742443
     0.96770528
     0.96798378
     0.96825995
     0.96865231
     0.96904364
     0.96926272
     0.96938478
     0.96949831
     0.96961144
     0.96976127
     0.97008348
     0.97040237
     0.97979798
     0.98989899
     1.00000000
     0.00000000
     0.00000000
     0.00000000
     0.00000000
     0.00000000
     0.00000000
     0.00000000
     0.00000000
     0.00000000
     0.00000000
     0.00000000
     0.00000000
     0.00000000
     0.00000000
     0.00000000
     0.00000000
     0.00000000
     0.00000000
     0.00000000
     0.00000000
     0.00000000
     0.96641712
     0.96623938
     0.96606073
     0.96588117
     0.96570069
     0.96551929
     0.96533697
     0.96519747
     0.96510985
     0.96502201
     0.96493396
     0.96484570
     0.96471903
     0.96462654
     0.96457536
     0.96452410
     0.96447276
     0.96442136
     0.96436989
     0.96431834
     0.96426672
     0.96421503
     0.96416327
     0.96411144
     0.96405953
     0.96400755
     0.96395550
     0.96390338
     0.96385118
     0.96379962
     0.96374912
     0.96369854
     0.96364790
     0.96359719
     0.96354641
     0.96349556
     0.96344464
     0.96339366
     0.96335399
     0.96332418
     0.96329435
     0.96325871
     0.96329604
     0.96335351
     0.96341089
     0.96348322
     0.96359657
     0.96370957
     0.96382224
     0.96393457
     0.96404657
     0.96415823
     0.96436810
     0.96467113
     0.96497484
     0.96527605
     0.96557475
     0.96587098
     0.96616474
     0.96645607
     0.96674497
     0.96703147
     0.96731559
     0.96759733
     0.96787673
     0.96815380
     0.96844491
     0.96883875
     0.96922782
     0.96953371
     0.96964671
     0.96975930
     0.96987149
     0.97006735
     0.97038641
     0.97070216
     0.97979798
     0.98989899
     1.00000000
     0.00000000
     0.00000000
     0.00000000
     0.00000000
     0.00000000
     0.00000000
     0.00000000
     0.00000000
     0.00000000
     0.00000000
     0.00000000
     0.00000000
     0.00000000
     0.00000000
     0.00000000
     0.00000000
     0.00000000
     0.00000000
     0.00000000
     0.00000000
     0.00000000
     0.96683676
     0.96654996
     0.96635343
     0.96617536
     0.96599639
     0.96581650
     0.96563569
     0.96551894
     0.96543210
     0.96534505
     0.96525778
     0.96517030
     0.96505102
     0.96497357
     0.96492287
     0.96487209
     0.96482125
     0.96477033
     0.96471934
     0.96466828
     0.96461715
     0.96456595
     0.96451468
     0.96446380
     0.96441418
     0.96436450
     0.96431475
     0.96426494
     0.96421505
     0.96416510
     0.96411509
     0.96406500
     0.96401485
     0.96396463
     0.96391435
     0.96386400
     0.96381357
     0.96376309
     0.96373049
     0.96370098
     0.96367144
     0.96364188
     0.96368187
     0.96373876
     0.96379556
     0.96385507
     0.96396731
     0.96407920
     0.96419077
     0.96430200
     0.96441289
     0.96452346
     0.96463369
     0.96485811
     0.96516028
     0.96545994
     0.96575712
     0.96605183
     0.96634410
     0.96663393
     0.96692135
     0.96720639
     0.96748904
     0.96776935
     0.96804731
     0.96832296
     0.96863253
     0.96902411
     0.96940730
     0.96977931
     0.96990646
     0.97001812
     0.97012938
     0.97037043
     0.97068636
     0.97099901
     0.97979798
     0.98989899
     1.00000000
     0.00000000
     0.00000000
     0.00000000
     0.00000000
     0.00000000
     0.00000000
     0.00000000
     0.00000000
     0.00000000
     0.00000000
     0.00000000
     0.00000000
     0.00000000
     0.00000000
     0.00000000
     0.00000000
     0.00000000
     0.00000000
     0.00000000
     0.00000000
     0.00000000
     0.96739733
     0.96711521
     0.96683074
     0.96654389
     0.96628962
     0.96611123
     0.96593193
     0.96583755
     0.96575149
     0.96566521
     0.96557872
     0.96549202
     0.96537999
     0.96531732
     0.96526710
     0.96521680
     0.96516643
     0.96511623
     0.96506749
     0.96501869
     0.96496982
     0.96492089
     0.96487189
     0.96482282
     0.96477369
     0.96472449
     0.96467522
     0.96462589
     0.96457650
     0.96452703
     0.96447750
     0.96442791
     0.96437824
     0.96432851
     0.96427872
     0.96422885
     0.96417892
     0.96413247
     0.96410327
     0.96407404
     0.96404480
     0.96401553
     0.96406380
     0.96412012
     0.96417634
     0.96423248
     0.96433441
     0.96444521
     0.96455568
     0.96466582
     0.96477562
     0.96488510
     0.96499710
     0.96511739
     0.96534476
     0.96564290
     0.96593856
     0.96623176
     0.96652253
     0.96681088
     0.96709683
     0.96738040
     0.96766161
     0.96794048
     0.96821702
     0.96849125
     0.96881908
     0.96920620
     0.96959431
     0.96997768
     0.97018185
     0.97027479
     0.97038513
     0.97067054
     0.97098336
     0.97129294
     0.97979798
     0.98989899
     1.00000000
     0.00000000
     0.00000000
     0.00000000
     0.00000000
     0.00000000
     0.00000000
     0.00000000
     0.00000000
     0.00000000
     0.00000000
     0.00000000
     0.00000000
     0.00000000
     0.00000000
     0.00000000
     0.00000000
     0.00000000
     0.00000000
     0.00000000
     0.00000000
     0.00000000
     0.96794874
     0.96767124
     0.96739141
     0.96710925
     0.96682473
     0.96653783
     0.96626124
     0.96615332
     0.96606802
     0.96598251
     0.96589680
     0.96581087
     0.96570923
     0.96566129
     0.96561329
     0.96556522
     0.96551709
     0.96546889
     0.96542063
     0.96537230
     0.96532391
     0.96527545
     0.96522693
     0.96517834
     0.96512969
     0.96508097
     0.96503219
     0.96498334
     0.96493442
     0.96488544
     0.96483639
     0.96478728
     0.96473810
     0.96468885
     0.96463954
     0.96459016
     0.96454071
     0.96450126
     0.96447235
     0.96444342
     0.96441446
     0.96438549
     0.96440906
     0.96449761
     0.96455326
     0.96460884
     0.96469791
     0.96480762
     0.96491701
     0.96502606
     0.96513479
     0.96524319
     0.96535886
     0.96547795
     0.96559665
     0.96582492
     0.96611907
     0.96641077
     0.96670005
     0.96698693
     0.96727141
     0.96755353
     0.96783329
     0.96811073
     0.96838585
     0.96866754
     0.96902983
     0.96942010
     0.96980560
     0.97018639
     0.97049196
     0.97057350
     0.97066937
     0.97096770
     0.97127744
     0.97158398
     0.97979798
     0.98989899
     1.00000000
     0.00000000
     0.00000000
     0.00000000
     0.00000000
     0.00000000
     0.00000000
     0.00000000
     0.00000000
     0.00000000
     0.00000000
     0.00000000
     0.00000000
     0.00000000
     0.00000000
     0.00000000
     0.00000000
     0.00000000
     0.00000000
     0.00000000
     0.00000000
     0.00000000
     0.96849113
     0.96821817
     0.96794292
     0.96766537
     0.96738550
     0.96710328
     0.96685252
     0.96665866
     0.96646372
     0.96629934
     0.96621501
     0.96613047
     0.96605611
     0.96600864
     0.96596111
     0.96591351
     0.96586585
     0.96581812
     0.96577033
     0.96572247
     0.96567455
     0.96562657
     0.96557852
     0.96553040
     0.96548222
     0.96543398
     0.96538567
     0.96533730
     0.96528886
     0.96524035
     0.96519178
     0.96514315
     0.96509445
     0.96504568
     0.96499685
     0.96494795
     0.96489899
     0.96486640
     0.96483778
     0.96480913
     0.96478047
     0.96475177
     0.96474973
     0.96486848
     0.96492637
     0.96498137
     0.96505784
     0.96516647
     0.96527478
     0.96538276
     0.96549042
     0.96559872
     0.96571701
     0.96583492
     0.96595243
     0.96606955
     0.96629866
     0.96658887
     0.96687667
     0.96716207
     0.96744510
     0.96772577
     0.96800410
     0.96828457
     0.96858870
     0.96887197
     0.96924491
     0.96963255
     0.97001546
     0.97039368
     0.97076728
     0.97087966
     0.97101634
     0.97128047
     0.97156863
     0.97187215
     0.97979798
     0.98989899
     1.00000000
     0.00000000
     0.00000000
     0.00000000
     0.00000000
     0.00000000
     0.00000000
     0.00000000
     0.00000000
     0.00000000
     0.00000000
     0.00000000
     0.00000000
     0.00000000
     0.00000000
     0.00000000
     0.00000000
     0.00000000
     0.00000000
     0.00000000
     0.00000000
     0.00000000
     0.96902505
     0.96875713
     0.96848697
     0.96821455
     0.96793985
     0.96766286
     0.96743673
     0.96724617
     0.96705454
     0.96686183
     0.96666803
     0.96647313
     0.96638714
     0.96635260
     0.96630553
     0.96625840
     0.96621120
     0.96616394
     0.96611661
     0.96606923
     0.96602177
     0.96597426
     0.96592668
     0.96587903
     0.96583132
     0.96578355
     0.96573571
     0.96568781
     0.96563984
     0.96559181
     0.96554371
     0.96549555
     0.96544732
     0.96539903
     0.96535068
     0.96530226
     0.96525624
     0.96522792
     0.96519959
     0.96517122
     0.96514284
     0.96511443
     0.96508727
     0.96520492
     0.96529568
     0.96535013
     0.96541423
     0.96552180
     0.96562904
     0.96573596
     0.96584256
     0.96595448
     0.96607159
     0.96618832
     0.96630466
     0.96642061
     0.96653618
     0.96676605
     0.96705237
     0.96733632
     0.96761789
     0.96789712
     0.96820478
     0.96850965
     0.96879140
     0.96907668
     0.96945855
     0.96984358
     0.97022391
     0.97059958
     0.97097066
     0.97118273
     0.97135933
     0.97162042
     0.97187920
     0.97215748
     0.97979798
     0.98989899
     1.00000000
     0.00000000
     0.00000000
     0.00000000
     0.00000000
     0.00000000
     0.00000000
     0.00000000
     0.00000000
     0.00000000
     0.00000000
     0.00000000
     0.00000000
     0.00000000
     0.00000000
     0.00000000
     0.00000000
     0.00000000
     0.00000000
     0.00000000
     0.00000000
     0.00000000
     0.96955304
     0.96928954
     0.96902384
     0.96875591
     0.96848573
     0.96821330
     0.96801098
     0.96782367
     0.96763531
     0.96744588
     0.96725538
     0.96706380
     0.96690591
     0.96677047
     0.96664659
     0.96659992
     0.96655318
     0.96650638
     0.96645952
     0.96641259
     0.96636560
     0.96631855
     0.96627143
     0.96622425
     0.96617701
     0.96612970
     0.96608233
     0.96603490
     0.96598740
     0.96593984
     0.96589221
     0.96584452
     0.96579676
     0.96574894
     0.96570106
     0.96565311
     0.96561389
     0.96558586
     0.96555780
     0.96552972
     0.96550162
     0.96547349
     0.96544535
     0.96553825
     0.96565444
     0.96571514
     0.96576896
     0.96587362
     0.96597981
     0.96608568
     0.96619123
     0.96630669
     0.96642263
     0.96653819
     0.96665337
     0.96676816
     0.96688257
     0.96699661
     0.96722718
     0.96750967
     0.96781634
     0.96812481
     0.96843042
     0.96871063
     0.96898314
     0.96932215
     0.96969231
     0.97005813
     0.97043095
     0.97080409
     0.97117266
     0.97148274
     0.97169837
     0.97195646
     0.97221227
     0.97246581
     0.97979798
     0.98989899
     1.00000000
     0.00000000
     0.00000000
     0.00000000
     0.00000000
     0.00000000
     0.00000000
     0.00000000
     0.00000000
     0.00000000
     0.00000000
     0.00000000
     0.00000000
     0.00000000
     0.00000000
     0.00000000
     0.00000000
     0.00000000
     0.00000000
     0.00000000
     0.00000000
     0.00000000
     0.97007230
     0.96981316
     0.96955184
     0.96928834
     0.96902262
     0.96875850
     0.96857543
     0.96839132
     0.96820617
     0.96801997
     0.96783272
     0.96764441
     0.96750020
     0.96736329
     0.96721575
     0.96706758
     0.96691875
     0.96684547
     0.96679907
     0.96675260
     0.96670607
     0.96665948
     0.96661283
     0.96656611
     0.96651932
     0.96647248
     0.96642557
     0.96637860
     0.96633156
     0.96628447
     0.96623730
     0.96619008
     0.96614279
     0.96609544
     0.96604802
     0.96600054
     0.96596800
     0.96594024
     0.96591246
     0.96588466
     0.96585683
     0.96582899
     0.96580112
     0.96586851
     0.96598362
     0.96607644
     0.96612971
     0.96622199
     0.96632713
     0.96643195
     0.96654021
     0.96665538
     0.96677017
     0.96688457
     0.96699860
     0.96711224
     0.96722551
     0.96733840
     0.96747126
     0.96773542
     0.96806601
     0.96840050
     0.96868275
     0.96894768
     0.96924953
     0.96959963
     0.96996390
     0.97032394
     0.97067980
     0.97104158
     0.97140334
     0.97176072
     0.97203352
     0.97228864
     0.97254150
     0.97279212
     0.97979798
     0.98989899
     1.00000000
     0.00000000
     0.00000000
     0.00000000
     0.00000000
     0.00000000
     0.00000000
     0.00000000
     0.00000000
     0.00000000
     0.00000000
     0.00000000
     0.00000000
     0.00000000
     0.00000000
     0.00000000
     0.00000000
     0.00000000
     0.00000000
     0.00000000
     0.00000000
     0.97080917
     0.97057853
     0.97032813
     0.97007113
     0.96981197
     0.96955065
     0.96931018
     0.96913024
     0.96894928
     0.96876729
     0.96858427
     0.96840022
     0.96821512
     0.96808416
     0.96794588
     0.96780089
     0.96765527
     0.96750901
     0.96736211
     0.96721457
     0.96708929
     0.96704322
     0.96699708
     0.96695088
     0.96690462
     0.96685829
     0.96681191
     0.96676546
     0.96671894
     0.96667237
     0.96662573
     0.96657903
     0.96653226
     0.96648544
     0.96643855
     0.96639159
     0.96634604
     0.96631858
     0.96629110
     0.96626359
     0.96623607
     0.96620852
     0.96618095
     0.96615336
     0.96619570
     0.96630975
     0.96642342
     0.96648680
     0.96656692
     0.96667102
     0.96677481
     0.96688657
     0.96700059
     0.96711422
     0.96722748
     0.96734037
     0.96745871
     0.96759601
     0.96776062
     0.96793094
     0.96810039
     0.96841979
     0.96869749
     0.96896229
     0.96922706
     0.96954844
     0.96991330
     0.97027393
     0.97063037
     0.97098761
     0.97135003
     0.97170805
     0.97206172
     0.97236481
     0.97261699
     0.97286694
     0.97311467
     0.97979798
     0.98989899
     1.00000000
     0.00000000
     0.00000000
     0.00000000
     0.00000000
     0.00000000
     0.00000000
     0.00000000
     0.00000000
     0.00000000
     0.00000000
     0.00000000
     0.00000000
     0.00000000
     0.00000000
     0.00000000
     0.00000000
     0.00000000
     0.00000000
     0.00000000
     0.00000000
     0.97130180
     0.97107493
     0.97083457
     0.97058183
     0.97032696
     0.97006995
     0.96985242
     0.96967556
     0.96949770
     0.96931883
     0.96913893
     0.96895802
     0.96877609
     0.96865797
     0.96851841
     0.96837592
     0.96823282
     0.96808908
     0.96794472
     0.96779973
     0.96765410
     0.96750784
     0.96736094
     0.96728563
     0.96723982
     0.96719395
     0.96714801
     0.96710202
     0.96705596
     0.96700984
     0.96696366
     0.96691741
     0.96687111
     0.96682474
     0.96677830
     0.96673181
     0.96669286
     0.96666567
     0.96663846
     0.96661123
     0.96658398
     0.96655671
     0.96652942
     0.96650210
     0.96651987
     0.96663286
     0.96674549
     0.96684025
     0.96690844
     0.96701152
     0.96711621
     0.96722946
     0.96736047
     0.96749817
     0.96763531
     0.96777189
     0.96790791
     0.96807487
     0.96824359
     0.96841144
     0.96857844
     0.96871223
     0.96897691
     0.96923942
     0.96952309
     0.96986262
     0.97022384
     0.97058086
     0.97093372
     0.97129662
     0.97165528
     0.97200960
     0.97235961
     0.97269229
     0.97294157
     0.97318863
     0.97343351
     0.97979798
     0.98989899
     1.00000000
     0.00000000
     0.00000000
     0.00000000
     0.00000000
     0.00000000
     0.00000000
     0.00000000
     0.00000000
     0.00000000
     0.00000000
     0.00000000
     0.00000000
     0.00000000
     0.00000000
     0.00000000
     0.00000000
     0.00000000
     0.00000000
     0.00000000
     0.00000000
     0.97178636
     0.97156321
     0.97133262
     0.97108407
     0.97083342
     0.97058067
     0.97038538
     0.97021155
     0.97003673
     0.96986092
     0.96968411
     0.96950629
     0.96933621
     0.96922044
     0.96908103
     0.96894102
     0.96880038
     0.96865914
     0.96851727
     0.96837478
     0.96823167
     0.96808793
     0.96794357
     0.96779857
     0.96765294
     0.96752631
     0.96748083
     0.96743528
     0.96738968
     0.96734401
     0.96729828
     0.96725249
     0.96720663
     0.96716072
     0.96711474
     0.96706870
     0.96703623
     0.96700931
     0.96698237
     0.96695542
     0.96692844
     0.96690319
     0.96690674
     0.96691029
     0.96692624
     0.96701906
     0.96711323
     0.96720714
     0.96727700
     0.96740422
     0.96753758
     0.96767456
     0.96781098
     0.96794685
     0.96808216
     0.96821819
     0.96838617
     0.96855330
     0.96871957
     0.96888498
     0.96897515
     0.96906283
     0.96925390
     0.96951415
     0.96981635
     0.97017366
     0.97053127
     0.97088471
     0.97124311
     0.97160242
     0.97195738
     0.97230803
     0.97265441
     0.97299659
     0.97326240
     0.97350661
     0.97374866
     0.97979798
     0.98989899
     1.00000000
     0.00000000
     0.00000000
     0.00000000
     0.00000000
     0.00000000
     0.00000000
     0.00000000
     0.00000000
     0.00000000
     0.00000000
     0.00000000
     0.00000000
     0.00000000
     0.00000000
     0.00000000
     0.00000000
     0.00000000
     0.00000000
     0.00000000
     0.00000000
     0.97226297
     0.97204348
     0.97182230
     0.97157799
     0.97133150
     0.97108293
     0.97090920
     0.97073835
     0.97056653
     0.97039373
     0.97021995
     0.97004518
     0.96988821
     0.96977091
     0.96963392
     0.96949633
     0.96935813
     0.96921933
     0.96907992
     0.96893989
     0.96879926
     0.96865801
     0.96851613
     0.96837364
     0.96823052
     0.96808678
     0.96794241
     0.96779741
     0.96772013
     0.96767747
     0.96763966
     0.96760182
     0.96756393
     0.96752600
     0.96749041
     0.96745936
     0.96747050
     0.96748164
     0.96749277
     0.96750391
     0.96751503
     0.96752616
     0.96753728
     0.96754839
     0.96755951
     0.96765031
     0.96774274
     0.96783492
     0.96790693
     0.96798461
     0.96808172
     0.96818017
     0.96827833
     0.96838954
     0.96852813
     0.96869453
     0.96886008
     0.96902478
     0.96918563
     0.96927273
     0.96935960
     0.96944622
     0.96953261
     0.96979428
     0.97012341
     0.97048159
     0.97083562
     0.97118950
     0.97154947
     0.97190507
     0.97225635
     0.97260336
     0.97294616
     0.97328478
     0.97357953
     0.97382093
     0.97406018
     0.97979798
     0.98989899
     1.00000000
     0.00000000
     0.00000000
     0.00000000
     0.00000000
     0.00000000
     0.00000000
     0.00000000
     0.00000000
     0.00000000
     0.00000000
     0.00000000
     0.00000000
     0.00000000
     0.00000000
     0.00000000
     0.00000000
     0.00000000
     0.00000000
     0.00000000
     0.00000000
     0.97273175
     0.97251586
     0.97229832
     0.97206371
     0.97182131
     0.97159098
     0.97142402
     0.97125611
     0.97108724
     0.97091740
     0.97074660
     0.97057483
     0.97043058
     0.97031185
     0.97017723
     0.97004202
     0.96990622
     0.96976982
     0.96963283
     0.96949523
     0.96935703
     0.96921822
     0.96907880
     0.96893877
     0.96879813
     0.96865687
     0.96851500
     0.96839266
     0.96832124
     0.96827953
     0.96823946
     0.96820795
     0.96817642
     0.96814485
     0.96811326
     0.96809629
     0.96810722
     0.96811815
     0.96812908
     0.96814000
     0.96815091
     0.96816183
     0.96817274
     0.96818364
     0.96819454
     0.96826989
     0.96836060
     0.96845107
     0.96854129
     0.96862607
     0.96872253
     0.96881906
     0.96891531
     0.96901128
     0.96913835
     0.96926897
     0.96939905
     0.96952279
     0.96959816
     0.96967334
     0.96974835
     0.96982501
     0.96991036
     0.97008502
     0.97043184
     0.97078644
     0.97113691
     0.97149642
     0.97185266
     0.97220458
     0.97255222
     0.97289564
     0.97323488
     0.97356998
     0.97389300
     0.97413161
     0.97436809
     0.97979798
     0.98989899
     1.00000000
