     0.00000000
     0.00000000
     0.00000000
     0.00000000
     0.00000000
     0.00000000
     0.00000000
     0.00000000
     0.00000000
     0.00000000
     0.00000000
     0.00000000
     0.00000000
     0.00000000
     0.00000000
     0.00000000
     0.00000000
     0.00000000
     0.00000000
     0.00000000
     0.05428758
     0.05477893
     0.05527446
     0.05577712
     0.05628898
     0.05683293
     0.05740238
     0.05794764
     0.05849776
     0.05905277
     0.05961271
     0.06017763
     0.06074755
     0.06132251
     0.06190256
     0.06248774
     0.06307807
     0.06367360
     0.06427436
     0.06488041
     0.06549176
     0.06610847
     0.06673057
     0.06735811
     0.06799111
     0.06862963
     0.06927370
     0.06987527
     0.06954817
     0.06894644
     0.06834953
     0.06768307
     0.06697029
     0.06625690
     0.06555059
     0.06485127
     0.06415893
     0.06355209
     0.06295061
     0.06235444
     0.06197634
     0.06166905
     0.06136318
     0.06105873
     0.06080177
     0.06054962
     0.06029845
     0.06004826
     0.05979904
     0.05955079
     0.05925596
     0.05892869
     0.05860311
     0.05827922
     0.05792724
     0.05756313
     0.05729758
     0.05707105
     0.05684536
     0.05662052
     0.05639650
     0.05617332
     0.05595097
     0.05572945
     0.05550876
     0.05528889
     0.05506983
     0.05485160
     0.05463418
     0.05441757
     0.05420177
     0.05398678
     0.05377260
     0.05355921
     0.05050505
     0.04040404
     0.03030303
     0.02020202
     0.01010101
     0.00000000
     0.00000000
     0.00000000
     0.00000000
     0.00000000
     0.00000000
     0.00000000
     0.00000000
     0.00000000
     0.00000000
     0.00000000
     0.00000000
     0.00000000
     0.00000000
     0.00000000
     0.00000000
     0.00000000
     0.00000000
     0.00000000
     0.00000000
     0.00000000
     0.05413797
     0.05462804
     0.05512228
     0.05562073
     0.05612856
     0.05664712
     0.05721826
     0.05778370
     0.05833235
     0.05888590
     0.05944436
     0.06000778
     0.06057619
     0.06114964
     0.06172817
     0.06231180
     0.06290058
     0.06349455
     0.06409374
     0.06469820
     0.06530796
     0.06592306
     0.06654354
     0.06716944
     0.06780080
     0.06843766
     0.06908006
     0.06971657
     0.06918264
     0.06858383
     0.06798984
     0.06739211
     0.06669326
     0.06598371
     0.06528010
     0.06458347
     0.06396451
     0.06335939
     0.06275961
     0.06216513
     0.06168966
     0.06138369
     0.06107915
     0.06077601
     0.06051577
     0.06026474
     0.06001468
     0.05976559
     0.05951747
     0.05927031
     0.05902412
     0.05870333
     0.05837892
     0.05805619
     0.05771569
     0.05735284
     0.05698376
     0.05667113
     0.05644693
     0.05622356
     0.05600103
     0.05577932
     0.05555844
     0.05533838
     0.05511915
     0.05490073
     0.05468312
     0.05446633
     0.05425035
     0.05403518
     0.05382081
     0.05360725
     0.05339448
     0.05318251
     0.05050505
     0.04040404
     0.03030303
     0.02020202
     0.01010101
     0.00000000
     0.00000000
     0.00000000
     0.00000000
     0.00000000
     0.00000000
     0.00000000
     0.00000000
     0.00000000
     0.00000000
     0.00000000
     0.00000000
     0.00000000
     0.00000000
     0.00000000
     0.00000000
     0.00000000
     0.00000000
     0.00000000
     0.00000000
     0.00000000
     0.05398874
     0.05447754
     0.05497050
     0.05546766
     0.05596905
     0.05648208
     0.05703127
     0.05760605
     0.05816739
     0.05871946
     0.05927645
     0.05983838
     0.06040529
     0.06097723
     0.06155423
     0.06213633
     0.06272356
     0.06331597
     0.06391359
     0.06451647
     0.06512463
     0.06573813
     0.06635699
     0.06698127
     0.06761099
     0.06824619
     0.06888693
     0.06934339
     0.06881888
     0.06822300
     0.06763190
     0.06704555
     0.06640625
     0.06571156
     0.06501065
     0.06437943
     0.06377065
     0.06316724
     0.06256915
     0.06197635
     0.06140421
     0.06109957
     0.06079634
     0.06049452
     0.06023104
     0.05998111
     0.05973215
     0.05948416
     0.05923713
     0.05899107
     0.05874596
     0.05847878
     0.05815553
     0.05783396
     0.05750488
     0.05714272
     0.05677189
     0.05640332
     0.05605113
     0.05582923
     0.05560817
     0.05538792
     0.05516850
     0.05494990
     0.05473211
     0.05451514
     0.05429898
     0.05408362
     0.05386907
     0.05365532
     0.05344238
     0.05323023
     0.05301888
     0.05280832
     0.05050505
     0.04040404
     0.03030303
     0.02020202
     0.01010101
     0.00000000
     0.00000000
     0.00000000
     0.00000000
     0.00000000
     0.00000000
     0.00000000
     0.00000000
     0.00000000
     0.00000000
     0.00000000
     0.00000000
     0.00000000
     0.00000000
     0.00000000
     0.00000000
     0.00000000
     0.00000000
     0.00000000
     0.00000000
     0.00000000
     0.05383990
     0.05432743
     0.05481911
     0.05531498
     0.05581507
     0.05632114
     0.05684486
     0.05741787
     0.05799631
     0.05855348
     0.05910898
     0.05966943
     0.06023484
     0.06080527
     0.06138075
     0.06196131
     0.06254700
     0.06313786
     0.06373391
     0.06433521
     0.06494179
     0.06555368
     0.06617093
     0.06679358
     0.06742166
     0.06805522
     0.06869430
     0.06891400
     0.06845690
     0.06786392
     0.06727571
     0.06669223
     0.06611345
     0.06543380
     0.06479685
     0.06418439
     0.06357733
     0.06297562
     0.06237923
     0.06178812
     0.06120224
     0.06081668
     0.06051476
     0.06021425
     0.05994756
     0.05969873
     0.05945087
     0.05920397
     0.05895803
     0.05871306
     0.05846903
     0.05822596
     0.05793295
     0.05761254
     0.05729379
     0.05693030
     0.05656076
     0.05619348
     0.05582844
     0.05546563
     0.05521790
     0.05499911
     0.05478114
     0.05456398
     0.05434764
     0.05413210
     0.05391737
     0.05370344
     0.05349032
     0.05327799
     0.05306646
     0.05285572
     0.05264577
     0.05243661
     0.05050505
     0.04040404
     0.03030303
     0.02020202
     0.01010101
     0.00000000
     0.00000000
     0.00000000
     0.00000000
     0.00000000
     0.00000000
     0.00000000
     0.00000000
     0.00000000
     0.00000000
     0.00000000
     0.00000000
     0.00000000
     0.00000000
     0.00000000
     0.00000000
     0.00000000
     0.00000000
     0.00000000
     0.00000000
     0.00000000
     0.05369163
     0.05417771
     0.05466811
     0.05516270
     0.05566150
     0.05616454
     0.05667580
     0.05723027
     0.05780693
     0.05838793
     0.05894196
     0.05950092
     0.06006484
     0.06063377
     0.06120773
     0.06178676
     0.06237091
     0.06296021
     0.06355471
     0.06415443
     0.06475942
     0.06536971
     0.06598535
     0.06660638
     0.06723283
     0.06786475
     0.06850216
     0.06849151
     0.06809669
     0.06750660
     0.06692126
     0.06634064
     0.06576469
     0.06520336
     0.06460064
     0.06398991
     0.06338456
     0.06278456
     0.06218985
     0.06160041
     0.06101620
     0.06053501
     0.06023441
     0.05993520
     0.05966532
     0.05941759
     0.05917083
     0.05892502
     0.05868017
     0.05843628
     0.05819333
     0.05795134
     0.05771029
     0.05739190
     0.05707430
     0.05671862
     0.05635038
     0.05598438
     0.05562062
     0.05525908
     0.05489976
     0.05461287
     0.05439634
     0.05418062
     0.05396571
     0.05375160
     0.05353830
     0.05332579
     0.05311408
     0.05290316
     0.05269303
     0.05248369
     0.05227514
     0.05206737
     0.05050505
     0.04040404
     0.03030303
     0.02020202
     0.01010101
     0.00000000
     0.00000000
     0.00000000
     0.00000000
     0.00000000
     0.00000000
     0.00000000
     0.00000000
     0.00000000
     0.00000000
     0.00000000
     0.00000000
     0.00000000
     0.00000000
     0.00000000
     0.00000000
     0.00000000
     0.00000000
     0.00000000
     0.00000000
     0.00000000
     0.05353760
     0.05402665
     0.05451751
     0.05501081
     0.05550832
     0.05601005
     0.05651605
     0.05704324
     0.05761813
     0.05819846
     0.05877538
     0.05933286
     0.05989529
     0.06046271
     0.06103516
     0.06161267
     0.06219528
     0.06278304
     0.06337597
     0.06397412
     0.06457753
     0.06518623
     0.06580026
     0.06641967
     0.06704449
     0.06767476
     0.06831053
     0.06807142
     0.06773823
     0.06715102
     0.06656855
     0.06599077
     0.06545791
     0.06497417
     0.06440498
     0.06379597
     0.06319233
     0.06259403
     0.06200101
     0.06141324
     0.06083069
     0.06025457
     0.05995527
     0.05965736
     0.05938434
     0.05913770
     0.05889202
     0.05864730
     0.05840354
     0.05816072
     0.05791885
     0.05767793
     0.05743794
     0.05717207
     0.05685493
     0.05650768
     0.05614073
     0.05577601
     0.05541352
     0.05505325
     0.05469519
     0.05433932
     0.05401409
     0.05379980
     0.05358631
     0.05337363
     0.05316174
     0.05295064
     0.05274033
     0.05253082
     0.05232209
     0.05211414
     0.05190698
     0.05170059
     0.05050505
     0.04040404
     0.03030303
     0.02020202
     0.01010101
     0.00000000
     0.00000000
     0.00000000
     0.00000000
     0.00000000
     0.00000000
     0.00000000
     0.00000000
     0.00000000
     0.00000000
     0.00000000
     0.00000000
     0.00000000
     0.00000000
     0.00000000
     0.00000000
     0.00000000
     0.00000000
     0.00000000
     0.00000000
     0.00000000
     0.05337556
     0.05385742
     0.05435526
     0.05485742
     0.05535553
     0.05585597
     0.05636066
     0.05687014
     0.05742992
     0.05800847
     0.05859248
     0.05916525
     0.05972619
     0.06029211
     0.06086305
     0.06143904
     0.06202012
     0.06260632
     0.06319770
     0.06379428
     0.06439611
     0.06500322
     0.06561565
     0.06623345
     0.06685664
     0.06748527
     0.06803696
     0.06765372
     0.06733897
     0.06679718
     0.06621756
     0.06567388
     0.06518866
     0.06470677
     0.06420987
     0.06360258
     0.06300065
     0.06240404
     0.06181270
     0.06122660
     0.06064570
     0.06006996
     0.05967734
     0.05938072
     0.05910459
     0.05885904
     0.05861445
     0.05837081
     0.05812812
     0.05788638
     0.05764559
     0.05740573
     0.05716681
     0.05692882
     0.05663308
     0.05629748
     0.05593181
     0.05556837
     0.05520715
     0.05484815
     0.05449134
     0.05413673
     0.05378429
     0.05343401
     0.05320944
     0.05299816
     0.05278768
     0.05257798
     0.05236908
     0.05216095
     0.05195361
     0.05174705
     0.05154127
     0.05133625
     0.05050505
     0.04040404
     0.03030303
     0.02020202
     0.01010101
     0.00000000
     0.00000000
     0.00000000
     0.00000000
     0.00000000
     0.00000000
     0.00000000
     0.00000000
     0.00000000
     0.00000000
     0.00000000
     0.00000000
     0.00000000
     0.00000000
     0.00000000
     0.00000000
     0.00000000
     0.00000000
     0.00000000
     0.00000000
     0.00000000
     0.05321398
     0.05369287
     0.05418506
     0.05468575
     0.05519079
     0.05570022
     0.05620567
     0.05671334
     0.05724228
     0.05781905
     0.05840128
     0.05898900
     0.05955754
     0.06012196
     0.06069139
     0.06126586
     0.06184541
     0.06243008
     0.06301990
     0.06361492
     0.06421517
     0.06482069
     0.06543152
     0.06604771
     0.06666928
     0.06729628
     0.06759193
     0.06723840
     0.06692544
     0.06644508
     0.06589052
     0.06540380
     0.06492044
     0.06444039
     0.06396366
     0.06340974
     0.06280951
     0.06221459
     0.06162493
     0.06104050
     0.06046125
     0.05988715
     0.05940061
     0.05910529
     0.05882608
     0.05858162
     0.05833811
     0.05809555
     0.05785393
     0.05761326
     0.05737353
     0.05713474
     0.05689688
     0.05665995
     0.05641204
     0.05608802
     0.05572362
     0.05536146
     0.05500151
     0.05464376
     0.05428821
     0.05393484
     0.05358364
     0.05323460
     0.05288770
     0.05262519
     0.05241611
     0.05220781
     0.05200029
     0.05179355
     0.05158759
     0.05138241
     0.05117799
     0.05097435
     0.05050505
     0.04040404
     0.03030303
     0.02020202
     0.01010101
     0.00000000
     0.00000000
     0.00000000
     0.00000000
     0.00000000
     0.00000000
     0.00000000
     0.00000000
     0.00000000
     0.00000000
     0.00000000
     0.00000000
     0.00000000
     0.00000000
     0.00000000
     0.00000000
     0.00000000
     0.00000000
     0.00000000
     0.00000000
     0.00000000
     0.05305287
     0.05353039
     0.05401536
     0.05451457
     0.05501813
     0.05552606
     0.05603840
     0.05655519
     0.05706808
     0.05763022
     0.05821066
     0.05879658
     0.05938803
     0.05995226
     0.06052018
     0.06109314
     0.06167116
     0.06225429
     0.06284257
     0.06343602
     0.06403470
     0.06463864
     0.06524788
     0.06586245
     0.06648240
     0.06710777
     0.06714961
     0.06682544
     0.06651427
     0.06610782
     0.06561961
     0.06513476
     0.06465324
     0.06417504
     0.06370013
     0.06320568
     0.06261891
     0.06202568
     0.06143769
     0.06085492
     0.06027732
     0.05970485
     0.05913748
     0.05883105
     0.05854880
     0.05830542
     0.05806298
     0.05782150
     0.05758095
     0.05734135
     0.05710268
     0.05686495
     0.05662814
     0.05639148
     0.05614568
     0.05587093
     0.05551617
     0.05515527
     0.05479658
     0.05444009
     0.05408579
     0.05373366
     0.05338370
     0.05303589
     0.05269021
     0.05234667
     0.05204700
     0.05184009
     0.05163396
     0.05142860
     0.05122401
     0.05102019
     0.05081714
     0.05061486
     0.05041334
     0.04040404
     0.03030303
     0.02020202
     0.01010101
     0.00000000
     0.00000000
     0.00000000
     0.00000000
     0.00000000
     0.00000000
     0.00000000
     0.00000000
     0.00000000
     0.00000000
     0.00000000
     0.00000000
     0.00000000
     0.00000000
     0.00000000
     0.00000000
     0.00000000
     0.00000000
     0.00000000
     0.00000000
     0.00000000
     0.05289221
     0.05336837
     0.05384857
     0.05434391
     0.05484597
     0.05535241
     0.05586325
     0.05637851
     0.05689825
     0.05744174
     0.05802063
     0.05860476
     0.05919440
     0.05978301
     0.06034943
     0.06092087
     0.06149737
     0.06207897
     0.06266570
     0.06325760
     0.06385470
     0.06445706
     0.06506471
     0.06567768
     0.06629601
     0.06691976
     0.06672558
     0.06641484
     0.06610939
     0.06583608
     0.06534974
     0.06486674
     0.06438707
     0.06391070
     0.06343762
     0.06295648
     0.06242885
     0.06183730
     0.06125098
     0.06066987
     0.06009391
     0.05952307
     0.05895732
     0.05855801
     0.05827274
     0.05803044
     0.05778908
     0.05754866
     0.05730918
     0.05707064
     0.05683303
     0.05659635
     0.05636060
     0.05612190
     0.05587721
     0.05563352
     0.05530944
     0.05494981
     0.05459238
     0.05423714
     0.05388408
     0.05353320
     0.05318446
     0.05283788
     0.05249342
     0.05215109
     0.05181087
     0.05147483
     0.05127007
     0.05106608
     0.05086285
     0.05066040
     0.05045870
     0.05025777
     0.05005759
     0.04040404
     0.03030303
     0.02020202
     0.01010101
     0.00000000
     0.00000000
     0.00000000
     0.00000000
     0.00000000
     0.00000000
     0.00000000
     0.00000000
     0.00000000
     0.00000000
     0.00000000
     0.00000000
     0.00000000
     0.00000000
     0.00000000
     0.00000000
     0.00000000
     0.00000000
     0.00000000
     0.00000000
     0.00000000
     0.05273374
     0.05320793
     0.05368614
     0.05417374
     0.05467433
     0.05517927
     0.05568860
     0.05620236
     0.05672057
     0.05725117
     0.05782544
     0.05841239
     0.05900135
     0.05959473
     0.06017913
     0.06074906
     0.06132404
     0.06190411
     0.06248929
     0.06307964
     0.06367518
     0.06427596
     0.06488202
     0.06549339
     0.06611011
     0.06673223
     0.06631555
     0.06600659
     0.06577981
     0.06555895
     0.06508090
     0.06459975
     0.06412192
     0.06364738
     0.06317611
     0.06270811
     0.06220535
     0.06164946
     0.06106480
     0.06048534
     0.05991102
     0.05934182
     0.05877768
     0.05828615
     0.05799791
     0.05775668
     0.05751639
     0.05727704
     0.05703862
     0.05680114
     0.05656458
     0.05632895
     0.05609425
     0.05585354
     0.05560995
     0.05536735
     0.05510343
     0.05474506
     0.05438889
     0.05403490
     0.05368309
     0.05333343
     0.05298593
     0.05264056
     0.05229733
     0.05195620
     0.05161718
     0.05128026
     0.05094541
     0.05070597
     0.05050411
     0.05030300
     0.05010266
     0.04990307
     0.04970423
     0.04040404
     0.03030303
     0.02020202
     0.01010101
     0.00000000
     0.00000000
     0.00000000
     0.00000000
     0.00000000
     0.00000000
     0.00000000
     0.00000000
     0.00000000
     0.00000000
     0.00000000
     0.00000000
     0.00000000
     0.00000000
     0.00000000
     0.00000000
     0.00000000
     0.00000000
     0.00000000
     0.00000000
     0.00000000
     0.05257613
     0.05304898
     0.05352584
     0.05401208
     0.05450875
     0.05500972
     0.05551502
     0.05602672
     0.05654341
     0.05706457
     0.05763226
     0.05821237
     0.05880301
     0.05939926
     0.05999760
     0.06057771
     0.06115117
     0.06172971
     0.06231335
     0.06290215
     0.06349613
     0.06409533
     0.06469981
     0.06530958
     0.06592469
     0.06631615
     0.06590786
     0.06567228
     0.06545176
     0.06523193
     0.06481309
     0.06433379
     0.06385779
     0.06338507
     0.06291562
     0.06244941
     0.06195984
     0.06146215
     0.06087916
     0.06030134
     0.05972866
     0.05916108
     0.05859855
     0.05804104
     0.05772662
     0.05748413
     0.05724490
     0.05700661
     0.05676926
     0.05653283
     0.05629732
     0.05606274
     0.05582908
     0.05558638
     0.05534389
     0.05510239
     0.05484861
     0.05454104
     0.05418612
     0.05383337
     0.05348280
     0.05313437
     0.05278810
     0.05244395
     0.05210192
     0.05176200
     0.05142418
     0.05108845
     0.05075479
     0.05042319
     0.05014776
     0.04994800
     0.04974899
     0.04955074
     0.04935323
     0.04040404
     0.03030303
     0.02020202
     0.01010101
     0.00000000
     0.00000000
     0.00000000
     0.00000000
     0.00000000
     0.00000000
     0.00000000
     0.00000000
     0.00000000
     0.00000000
     0.00000000
     0.00000000
     0.00000000
     0.00000000
     0.00000000
     0.00000000
     0.00000000
     0.00000000
     0.00000000
     0.00000000
     0.00000000
     0.05241895
     0.05289047
     0.05336598
     0.05385141
     0.05434668
     0.05484625
     0.05535014
     0.05585839
     0.05637103
     0.05688808
     0.05744110
     0.05801573
     0.05860173
     0.05919607
     0.05979605
     0.06040172
     0.06097875
     0.06155576
     0.06213787
     0.06272512
     0.06331754
     0.06391518
     0.06451807
     0.06512625
     0.06573976
     0.06588158
     0.06556492
     0.06534473
     0.06512523
     0.06490642
     0.06454631
     0.06406884
     0.06359467
     0.06312377
     0.06265612
     0.06219171
     0.06171523
     0.06121982
     0.06069404
     0.06011787
     0.05954682
     0.05898085
     0.05841993
     0.05786402
     0.05745839
     0.05721279
     0.05697463
     0.05673739
     0.05650109
     0.05626571
     0.05603125
     0.05579772
     0.05556283
     0.05532043
     0.05507903
     0.05483862
     0.05458616
     0.05431997
     0.05398406
     0.05363255
     0.05328321
     0.05293602
     0.05259096
     0.05224803
     0.05190721
     0.05156849
     0.05123186
     0.05089732
     0.05056484
     0.05023442
     0.04990604
     0.04959537
     0.04939769
     0.04920077
     0.04900458
     0.04040404
     0.03030303
     0.02020202
     0.01010101
     0.00000000
     0.00000000
     0.00000000
     0.00000000
     0.00000000
     0.00000000
     0.00000000
     0.00000000
     0.00000000
     0.00000000
     0.00000000
     0.00000000
     0.00000000
     0.00000000
     0.00000000
     0.00000000
     0.00000000
     0.00000000
     0.00000000
     0.00000000
     0.00000000
     0.05226222
     0.05273241
     0.05320658
     0.05369119
     0.05418508
     0.05468325
     0.05518573
     0.05569255
     0.05620376
     0.05671937
     0.05727060
     0.05783704
     0.05840873
     0.05899396
     0.05959159
     0.06019533
     0.06079896
     0.06138054
     0.06196286
     0.06254856
     0.06313943
     0.06373550
     0.06433681
     0.06494340
     0.06555531
     0.06550293
     0.06523786
     0.06501870
     0.06480022
     0.06458242
     0.06428054
     0.06380491
     0.06333256
     0.06286347
     0.06239762
     0.06193500
     0.06147153
     0.06097795
     0.06048807
     0.05993491
     0.05936549
     0.05880114
     0.05824183
     0.05768750
     0.05719133
     0.05694265
     0.05670555
     0.05646937
     0.05623411
     0.05599978
     0.05576637
     0.05553387
     0.05529699
     0.05505568
     0.05481536
     0.05457604
     0.05432490
     0.05405990
     0.05378271
     0.05343244
     0.05308433
     0.05273836
     0.05239452
     0.05205280
     0.05171318
     0.05137566
     0.05104023
     0.05070686
     0.05037556
     0.05004631
     0.04971910
     0.04939392
     0.04907075
     0.04885314
     0.04865827
     0.04040404
     0.03030303
     0.02020202
     0.01010101
     0.00000000
     0.00000000
     0.00000000
     0.00000000
     0.00000000
     0.00000000
     0.00000000
     0.00000000
     0.00000000
     0.00000000
     0.00000000
     0.00000000
     0.00000000
     0.00000000
     0.00000000
     0.00000000
     0.00000000
     0.00000000
     0.00000000
     0.00000000
     0.00000000
     0.05210594
     0.05257479
     0.05304763
     0.05353142
     0.05402392
     0.05452069
     0.05502177
     0.05552718
     0.05603695
     0.05655113
     0.05710289
     0.05766777
     0.05823790
     0.05881331
     0.05940208
     0.05999826
     0.06060004
     0.06119514
     0.06178026
     0.06237061
     0.06296178
     0.06355629
     0.06415602
     0.06476103
     0.06541546
     0.06514957
     0.06491233
     0.06469418
     0.06447671
     0.06425993
     0.06401580
     0.06354199
     0.06307146
     0.06260417
     0.06214012
     0.06167928
     0.06122163
     0.06073697
     0.06024890
     0.05975248
     0.05918468
     0.05862195
     0.05806423
     0.05751149
     0.05696370
     0.05667372
     0.05643766
     0.05620253
     0.05596832
     0.05573503
     0.05550266
     0.05527119
     0.05503234
     0.05479212
     0.05455289
     0.05431464
     0.05406481
     0.05380101
     0.05353843
     0.05323304
     0.05288615
     0.05254140
     0.05219877
     0.05185826
     0.05151984
     0.05118351
     0.05084927
     0.05051709
     0.05018696
     0.04985888
     0.04953283
     0.04920880
     0.04888678
     0.04856677
     0.04831428
     0.04040404
     0.03030303
     0.02020202
     0.01010101
     0.00000000
     0.00000000
     0.00000000
     0.00000000
     0.00000000
     0.00000000
     0.00000000
     0.00000000
     0.00000000
     0.00000000
     0.00000000
     0.00000000
     0.00000000
     0.00000000
     0.00000000
     0.00000000
     0.00000000
     0.00000000
     0.00000000
     0.00000000
     0.00000000
     0.05195009
     0.05241762
     0.05288913
     0.05337210
     0.05386322
     0.05435860
     0.05485827
     0.05536227
     0.05587062
     0.05638336
     0.05693564
     0.05749897
     0.05806753
     0.05864136
     0.05922051
     0.05981285
     0.06041288
     0.06101855
     0.06160491
     0.06218787
     0.06277635
     0.06337557
     0.06397571
     0.06461378
     0.06518298
     0.06480612
     0.06458830
     0.06437117
     0.06415471
     0.06393893
     0.06372383
     0.06328009
     0.06281136
     0.06234587
     0.06188361
     0.06142455
     0.06096867
     0.06049688
     0.06001062
     0.05952802
     0.05900439
     0.05844326
     0.05788714
     0.05733599
     0.05678977
     0.05640597
     0.05617097
     0.05593688
     0.05570372
     0.05547146
     0.05524012
     0.05500901
     0.05476888
     0.05452975
     0.05429160
     0.05405442
     0.05380590
     0.05354329
     0.05328189
     0.05302170
     0.05268867
     0.05234513
     0.05200371
     0.05166440
     0.05132718
     0.05099205
     0.05065898
     0.05032798
     0.04999902
     0.04967211
     0.04934722
     0.04902434
     0.04870347
     0.04838459
     0.04806769
     0.04040404
     0.03030303
     0.02020202
     0.01010101
     0.00000000
     0.00000000
     0.00000000
     0.00000000
     0.00000000
     0.00000000
     0.00000000
     0.00000000
     0.00000000
     0.00000000
     0.00000000
     0.00000000
     0.00000000
     0.00000000
     0.00000000
     0.00000000
     0.00000000
     0.00000000
     0.00000000
     0.00000000
     0.00000000
     0.05179469
     0.05226090
     0.05273107
     0.05321323
     0.05370297
     0.05419696
     0.05469523
     0.05519781
     0.05570474
     0.05621605
     0.05676885
     0.05733063
     0.05789763
     0.05846988
     0.05904744
     0.05963034
     0.06022627
     0.06083019
     0.06143862
     0.06202011
     0.06260674
     0.06319854
     0.06382563
     0.06450946
     0.06483122
     0.06448259
     0.06426578
     0.06404966
     0.06383421
     0.06361944
     0.06340534
     0.06301919
     0.06255227
     0.06208857
     0.06162809
     0.06117080
     0.06071668
     0.06025768
     0.05977322
     0.05929241
     0.05881523
     0.05826509
     0.05771056
     0.05716099
     0.05661633
     0.05613942
     0.05590546
     0.05567241
     0.05544029
     0.05520907
     0.05497876
     0.05474566
     0.05450662
     0.05426856
     0.05403148
     0.05379538
     0.05354815
     0.05328673
     0.05302652
     0.05276751
     0.05249188
     0.05214956
     0.05180935
     0.05147123
     0.05113521
     0.05080126
     0.05046937
     0.05013954
     0.04981176
     0.04948600
     0.04916226
     0.04884053
     0.04852080
     0.04820306
     0.04788730
     0.04040404
     0.03030303
     0.02020202
     0.01010101
     0.00000000
     0.00000000
     0.00000000
     0.00000000
     0.00000000
     0.00000000
     0.00000000
     0.00000000
     0.00000000
     0.00000000
     0.00000000
     0.00000000
     0.00000000
     0.00000000
     0.00000000
     0.00000000
     0.00000000
     0.00000000
     0.00000000
     0.00000000
     0.00000000
     0.05163973
     0.05210462
     0.05257346
     0.05305480
     0.05354317
     0.05403577
     0.05453265
     0.05503382
     0.05553934
     0.05604922
     0.05660252
     0.05716275
     0.05772819
     0.05829888
     0.05887485
     0.05945616
     0.06004284
     0.06064237
     0.06125019
     0.06185278
     0.06243793
     0.06304757
     0.06373782
     0.06441906
     0.06449381
     0.06416860
     0.06394832
     0.06372964
     0.06351520
     0.06330143
     0.06308833
     0.06275929
     0.06229417
     0.06183226
     0.06137355
     0.06091803
     0.06046567
     0.06001645
     0.05953670
     0.05905767
     0.05858226
     0.05808743
     0.05753448
     0.05698649
     0.05644833
     0.05592980
     0.05564113
     0.05540912
     0.05517803
     0.05494784
     0.05471856
     0.05448350
     0.05424553
     0.05400855
     0.05377255
     0.05353751
     0.05329158
     0.05303134
     0.05277230
     0.05251446
     0.05225781
     0.05195468
     0.05161567
     0.05127875
     0.05094391
     0.05061115
     0.05028044
     0.04995178
     0.04962515
     0.04930055
     0.04897797
     0.04865738
     0.04833879
     0.04802218
     0.04770754
     0.04040404
     0.03030303
     0.02020202
     0.01010101
     0.00000000
     0.00000000
     0.00000000
     0.00000000
     0.00000000
     0.00000000
     0.00000000
     0.00000000
     0.00000000
     0.00000000
     0.00000000
     0.00000000
     0.00000000
     0.00000000
     0.00000000
     0.00000000
     0.00000000
     0.00000000
     0.00000000
     0.00000000
     0.00000000
     0.05148520
     0.05194878
     0.05241629
     0.05289682
     0.05338381
     0.05387504
     0.05437052
     0.05487029
     0.05537439
     0.05588311
     0.05643665
     0.05699534
     0.05755922
     0.05812834
     0.05870274
     0.05928245
     0.05986753
     0.06045800
     0.06106115
     0.06167289
     0.06227836
     0.06296516
     0.06364842
     0.06431869
     0.06416086
     0.06386332
     0.06364401
     0.06342541
     0.06320751
     0.06299031
     0.06277380
     0.06250040
     0.06203706
     0.06157694
     0.06112000
     0.06066624
     0.06021563
     0.05976815
     0.05930105
     0.05882381
     0.05835016
     0.05788010
     0.05735891
     0.05681249
     0.05628108
     0.05576399
     0.05537798
     0.05514701
     0.05491694
     0.05468778
     0.05445952
     0.05422252
     0.05398563
     0.05374972
     0.05351478
     0.05328081
     0.05303616
     0.05277710
     0.05251924
     0.05226256
     0.05200708
     0.05175277
     0.05142267
     0.05108695
     0.05075329
     0.05042171
     0.05009217
     0.04976468
     0.04943921
     0.04911576
     0.04879433
     0.04847488
     0.04815743
     0.04784194
     0.04752842
     0.04040404
     0.03030303
     0.02020202
     0.01010101
     0.00000000
     0.00000000
     0.00000000
     0.00000000
     0.00000000
     0.00000000
     0.00000000
     0.00000000
     0.00000000
     0.00000000
     0.00000000
     0.00000000
     0.00000000
     0.00000000
     0.00000000
     0.00000000
     0.00000000
     0.00000000
     0.00000000
     0.00000000
     0.00000000
     0.05133111
     0.05179338
     0.05225957
     0.05273929
     0.05322491
     0.05371475
     0.05420884
     0.05470722
     0.05520990
     0.05571922
     0.05627123
     0.05682839
     0.05739072
     0.05795827
     0.05853109
     0.05910922
     0.05969269
     0.06028156
     0.06087585
     0.06148264
     0.06217847
     0.06288285
     0.06355325
     0.06413684
     0.06381381
     0.06355939
     0.06334105
     0.06312342
     0.06290649
     0.06269025
     0.06247471
     0.06225407
     0.06178812
     0.06132543
     0.06086743
     0.06041542
     0.05996656
     0.05952081
     0.05906628
     0.05859081
     0.05811892
     0.05765061
     0.05718385
     0.05663899
     0.05611429
     0.05559865
     0.05511600
     0.05488606
     0.05465702
     0.05442888
     0.05419951
     0.05396272
     0.05372690
     0.05349206
     0.05325818
     0.05302527
     0.05278190
     0.05252401
     0.05226732
     0.05201181
     0.05175748
     0.05150433
     0.05123036
     0.05089582
     0.05056335
     0.05023294
     0.04990457
     0.04957824
     0.04925393
     0.04893163
     0.04861134
     0.04829303
     0.04797671
     0.04766235
     0.04734995
     0.04040404
     0.03030303
     0.02020202
     0.01010101
     0.00000000
     0.00000000
     0.00000000
     0.00000000
     0.00000000
     0.00000000
     0.00000000
     0.00000000
     0.00000000
     0.00000000
     0.00000000
     0.00000000
     0.00000000
     0.00000000
     0.00000000
     0.00000000
     0.00000000
     0.00000000
     0.00000000
     0.00000000
     0.00000000
     0.05117746
     0.05163842
     0.05210329
     0.05258219
     0.05306645
     0.05355492
     0.05404762
     0.05454460
     0.05504588
     0.05555579
     0.05610628
     0.05666189
     0.05722268
     0.05778867
     0.05835992
     0.05893646
     0.05951834
     0.06010559
     0.06069826
     0.06136767
     0.06205938
     0.06275872
     0.06338017
     0.06376659
     0.06344530
     0.06325680
     0.06303944
     0.06282278
     0.06260681
     0.06239153
     0.06217694
     0.06196305
     0.06154773
     0.06108673
     0.06062895
     0.06017438
     0.05972301
     0.05927481
     0.05883238
     0.05835867
     0.05788854
     0.05742197
     0.05695893
     0.05646666
     0.05594797
     0.05543376
     0.05492401
     0.05462627
     0.05439825
     0.05417113
     0.05393982
     0.05370409
     0.05346934
     0.05323556
     0.05300274
     0.05277089
     0.05252879
     0.05227207
     0.05201654
     0.05176219
     0.05150901
     0.05125701
     0.05100617
     0.05070537
     0.05037408
     0.05004484
     0.04971764
     0.04939247
     0.04906931
     0.04874816
     0.04842900
     0.04811183
     0.04779663
     0.04748339
     0.04717211
     0.04040404
     0.03030303
     0.02020202
     0.01010101
     0.00000000
     0.00000000
     0.00000000
     0.00000000
     0.00000000
     0.00000000
     0.00000000
     0.00000000
     0.00000000
     0.00000000
     0.00000000
     0.00000000
     0.00000000
     0.00000000
     0.00000000
     0.00000000
     0.00000000
     0.00000000
     0.00000000
     0.00000000
     0.00000000
     0.05102424
     0.05148389
     0.05194746
     0.05242554
     0.05290844
     0.05339553
     0.05388685
     0.05438244
     0.05488231
     0.05539280
     0.05594177
     0.05649586
     0.05705510
     0.05761954
     0.05818922
     0.05876417
     0.05934446
     0.05993010
     0.06058308
     0.06126110
     0.06194621
     0.06254309
     0.06313190
     0.06337362
     0.06307989
     0.06293170
     0.06273917
     0.06252346
     0.06230846
     0.06209414
     0.06188051
     0.06166756
     0.06130822
     0.06084889
     0.06039278
     0.05993987
     0.05949015
     0.05904358
     0.05860016
     0.05813379
     0.05766120
     0.05719419
     0.05673287
     0.05628093
     0.05578211
     0.05526934
     0.05476101
     0.05436764
     0.05414064
     0.05391453
     0.05368129
     0.05344664
     0.05321295
     0.05298023
     0.05274846
     0.05251766
     0.05227682
     0.05202127
     0.05176690
     0.05151370
     0.05126168
     0.05101082
     0.05076112
     0.05051258
     0.05018548
     0.04985741
     0.04953137
     0.04920735
     0.04888534
     0.04856534
     0.04824732
     0.04793127
     0.04761720
     0.04730508
     0.04699291
     0.04040404
     0.03030303
     0.02020202
     0.01010101
     0.00000000
     0.00000000
     0.00000000
     0.00000000
     0.00000000
     0.00000000
     0.00000000
     0.00000000
     0.00000000
     0.00000000
     0.00000000
     0.00000000
     0.00000000
     0.00000000
     0.00000000
     0.00000000
     0.00000000
     0.00000000
     0.00000000
     0.00000000
     0.00000000
     0.05087146
     0.05132981
     0.05179206
     0.05226933
     0.05275087
     0.05323659
     0.05372653
     0.05422073
     0.05471921
     0.05523027
     0.05577772
     0.05633028
     0.05688798
     0.05745087
     0.05801898
     0.05859236
     0.05917105
     0.05976597
     0.06040612
     0.06105267
     0.06164071
     0.06221666
     0.06279430
     0.06297253
     0.06271330
     0.06259053
     0.06244023
     0.06222549
     0.06201143
     0.06179807
     0.06158539
     0.06137340
     0.06106957
     0.06061192
     0.06015747
     0.05970622
     0.05925813
     0.05881320
     0.05837140
     0.05791771
     0.05744677
     0.05697942
     0.05651564
     0.05606461
     0.05561671
     0.05510537
     0.05459846
     0.05411017
     0.05388418
     0.05365850
     0.05342394
     0.05319035
     0.05295772
     0.05272605
     0.05249533
     0.05226558
     0.05202600
     0.05177161
     0.05151839
     0.05126634
     0.05101546
     0.05076575
     0.05051719
     0.05026978
     0.04999755
     0.04967064
     0.04934576
     0.04902290
     0.04870203
     0.04838316
     0.04806628
     0.04775136
     0.04743841
     0.04712433
     0.04681112
     0.04040404
     0.03030303
     0.02020202
     0.01010101
     0.00000000
     0.00000000
     0.00000000
     0.00000000
     0.00000000
     0.00000000
     0.00000000
     0.00000000
     0.00000000
     0.00000000
     0.00000000
     0.00000000
     0.00000000
     0.00000000
     0.00000000
     0.00000000
     0.00000000
     0.00000000
     0.00000000
     0.00000000
     0.00000000
     0.05071911
     0.05117616
     0.05163752
     0.05211356
     0.05259374
     0.05307810
     0.05356667
     0.05405947
     0.05455655
     0.05506818
     0.05561413
     0.05616516
     0.05672132
     0.05728266
     0.05784921
     0.05838464
     0.05889455
     0.05952595
     0.06016368
     0.06074761
     0.06132628
     0.06189540
     0.06246945
     0.06257683
     0.06234196
     0.06221987
     0.06209801
     0.06192883
     0.06171573
     0.06150332
     0.06129159
     0.06108054
     0.06083180
     0.06037581
     0.05992302
     0.05947341
     0.05902697
     0.05858366
     0.05814348
     0.05770239
     0.05723308
     0.05676737
     0.05630522
     0.05585435
     0.05542066
     0.05495817
     0.05444576
     0.05393784
     0.05362887
     0.05340125
     0.05316775
     0.05293522
     0.05270364
     0.05247302
     0.05224335
     0.05201464
     0.05177632
     0.05152308
     0.05127101
     0.05102011
     0.05077037
     0.05052179
     0.05027436
     0.05002808
     0.04978294
     0.04948454
     0.04916081
     0.04883910
     0.04851937
     0.04820164
     0.04788588
     0.04757209
     0.04725609
     0.04694205
     0.04662999
     0.04040404
     0.03030303
     0.02020202
     0.01010101
     0.00000000
     0.00000000
     0.00000000
     0.00000000
     0.00000000
     0.00000000
     0.00000000
     0.00000000
     0.00000000
     0.00000000
     0.00000000
     0.00000000
     0.00000000
     0.00000000
     0.00000000
     0.00000000
     0.00000000
     0.00000000
     0.00000000
     0.00000000
     0.00000000
     0.05056719
     0.05102295
     0.05148353
     0.05195823
     0.05243706
     0.05292005
     0.05340725
     0.05389867
     0.05439436
     0.05490655
     0.05545098
     0.05600049
     0.05655512
     0.05711492
     0.05755959
     0.05803504
     0.05865780
     0.05928682
     0.05986663
     0.06043795
     0.06100932
     0.06157569
     0.06208460
     0.06219236
     0.06198090
     0.06185306
     0.06173007
     0.06160714
     0.06141941
     0.06120988
     0.06099910
     0.06078899
     0.06057956
     0.06014056
     0.05968943
     0.05924146
     0.05879665
     0.05835497
     0.05791640
     0.05748093
     0.05702015
     0.05655606
     0.05609553
     0.05564483
     0.05521268
     0.05478368
     0.05430731
     0.05380061
     0.05339343
     0.05315502
     0.05291713
     0.05268124
     0.05245071
     0.05222114
     0.05199252
     0.05176484
     0.05152777
     0.05127568
     0.05102475
     0.05077499
     0.05052639
     0.05027894
     0.05003264
     0.04978748
     0.04954346
     0.04929910
     0.04897652
     0.04865595
     0.04833737
     0.04802076
     0.04770509
     0.04738821
     0.04707333
     0.04676044
     0.04644953
     0.04040404
     0.03030303
     0.02020202
     0.01010101
     0.00000000
     0.00000000
     0.00000000
     0.00000000
     0.00000000
     0.00000000
     0.00000000
     0.00000000
     0.00000000
     0.00000000
     0.00000000
     0.00000000
     0.00000000
     0.00000000
     0.00000000
     0.00000000
     0.00000000
     0.00000000
     0.00000000
     0.00000000
     0.00000000
     0.00000000
     0.05087017
     0.05132998
     0.05180333
     0.05228081
     0.05276245
     0.05324828
     0.05373832
     0.05423262
     0.05474536
     0.05528828
     0.05583628
     0.05638938
     0.05674550
     0.05718731
     0.05780154
     0.05842195
     0.05899762
     0.05956117
     0.06012977
     0.06069390
     0.06125753
     0.06167499
     0.06181010
     0.06162549
     0.06149834
     0.06137144
     0.06124478
     0.06109127
     0.06090501
     0.06070791
     0.06049875
     0.06029025
     0.05990618
     0.05945669
     0.05901036
     0.05856717
     0.05812711
     0.05769015
     0.05725627
     0.05680796
     0.05634549
     0.05588657
     0.05543605
     0.05500542
     0.05457795
     0.05415360
     0.05366303
     0.05315649
     0.05291859
     0.05268170
     0.05244581
     0.05221092
     0.05197702
     0.05174411
     0.05151617
     0.05128034
     0.05102940
     0.05077962
     0.05053099
     0.05028352
     0.05003720
     0.04979202
     0.04954798
     0.04930507
     0.04906329
     0.04879289
     0.04847345
     0.04815601
     0.04783840
     0.04752068
     0.04720496
     0.04689124
     0.04657951
     0.04626974
     0.04040404
     0.03030303
     0.02020202
     0.01010101
     0.00000000
     0.00000000
     0.00000000
     0.00000000
     0.00000000
     0.00000000
     0.00000000
     0.00000000
     0.00000000
     0.00000000
     0.00000000
     0.00000000
     0.00000000
     0.00000000
     0.00000000
     0.00000000
     0.00000000
     0.00000000
     0.00000000
     0.00000000
     0.00000000
     0.00000000
     0.05071782
     0.05117685
     0.05164888
     0.05212501
     0.05260529
     0.05308975
     0.05357842
     0.05407133
     0.05458461
     0.05512604
     0.05559679
     0.05594223
     0.05635123
     0.05695702
     0.05756892
     0.05814044
     0.05869632
     0.05925718
     0.05982306
     0.06037999
     0.06094090
     0.06126790
     0.06143003
     0.06127199
     0.06114553
     0.06101930
     0.06089332
     0.06076758
     0.06057948
     0.06039464
     0.06020980
     0.06000223
     0.05967264
     0.05922480
     0.05878010
     0.05833853
     0.05790008
     0.05746473
     0.05703244
     0.05659651
     0.05613566
     0.05567835
     0.05522801
     0.05479890
     0.05437294
     0.05394913
     0.05351823
     0.05301260
     0.05268316
     0.05244726
     0.05221236
     0.05197846
     0.05174555
     0.05151362
     0.05128268
     0.05104303
     0.05078785
     0.05053560
     0.05028810
     0.05004176
     0.04979656
     0.04955250
     0.04930957
     0.04906777
     0.04882709
     0.04858754
     0.04829161
     0.04797206
     0.04765350
     0.04733695
     0.04702239
     0.04670982
     0.04639923
     0.04609061
     0.04040404
     0.03030303
     0.02020202
     0.01010101
     0.00000000
     0.00000000
     0.00000000
     0.00000000
     0.00000000
     0.00000000
     0.00000000
     0.00000000
     0.00000000
     0.00000000
     0.00000000
     0.00000000
     0.00000000
     0.00000000
     0.00000000
     0.00000000
     0.00000000
     0.00000000
     0.00000000
     0.00000000
     0.00000000
     0.00000000
     0.05056463
     0.05102416
     0.05149485
     0.05196965
     0.05244858
     0.05293167
     0.05341897
     0.05391049
     0.05442431
     0.05480884
     0.05514967
     0.05552665
     0.05612410
     0.05672759
     0.05729496
     0.05784325
     0.05839647
     0.05895464
     0.05951423
     0.06006761
     0.06062580
     0.06086332
     0.06103917
     0.06092039
     0.06079460
     0.06066905
     0.06054375
     0.06041869
     0.06026717
     0.06007704
     0.05988827
     0.05970544
     0.05943996
     0.05899375
     0.05855068
     0.05811073
     0.05767389
     0.05724013
     0.05680944
     0.05638179
     0.05592657
     0.05547086
     0.05502070
     0.05459312
     0.05416866
     0.05373972
     0.05331352
     0.05286945
     0.05244872
     0.05221381
     0.05197990
     0.05174698
     0.05151505
     0.05128410
     0.05105413
     0.05081612
     0.05056201
     0.05030911
     0.05005740
     0.04980689
     0.04955757
     0.04931407
     0.04907225
     0.04883155
     0.04859198
     0.04835343
     0.04810608
     0.04778667
     0.04746928
     0.04715389
     0.04684049
     0.04652907
     0.04621963
     0.04591214
     0.04040404
     0.03030303
     0.02020202
     0.01010101
     0.00000000
     0.00000000
     0.00000000
     0.00000000
     0.00000000
     0.00000000
     0.00000000
     0.00000000
     0.00000000
     0.00000000
     0.00000000
     0.00000000
     0.00000000
     0.00000000
     0.00000000
     0.00000000
     0.00000000
     0.00000000
     0.00000000
     0.00000000
     0.00000000
     0.00000000
     0.05040872
     0.05086980
     0.05134127
     0.05181472
     0.05229230
     0.05277404
     0.05325996
     0.05371449
     0.05403142
     0.05436770
     0.05471344
     0.05530265
     0.05589783
     0.05646104
     0.05700183
     0.05754749
     0.05809805
     0.05865355
     0.05920605
     0.05975674
     0.06028695
     0.06046124
     0.06063536
     0.06057067
     0.06044556
     0.06032069
     0.06019606
     0.06007167
     0.05994752
     0.05976715
     0.05957851
     0.05939042
     0.05918703
     0.05875762
     0.05832211
     0.05788377
     0.05744853
     0.05701636
     0.05658725
     0.05616117
     0.05571821
     0.05526410
     0.05481413
     0.05438806
     0.05395893
     0.05353108
     0.05310644
     0.05268498
     0.05222810
     0.05198134
     0.05174842
     0.05151648
     0.05128552
     0.05105555
     0.05082655
     0.05059016
     0.05033712
     0.05008529
     0.04983464
     0.04958519
     0.04933692
     0.04908983
     0.04884391
     0.04859916
     0.04835669
     0.04811509
     0.04787463
     0.04760196
     0.04728573
     0.04697150
     0.04665926
     0.04634899
     0.04604068
     0.04573432
     0.04040404
     0.03030303
     0.02020202
     0.01010101
     0.00000000
     0.00000000
     0.00000000
     0.00000000
     0.00000000
     0.00000000
     0.00000000
     0.00000000
     0.00000000
     0.00000000
     0.00000000
     0.00000000
     0.00000000
     0.00000000
     0.00000000
     0.00000000
     0.00000000
     0.00000000
     0.00000000
     0.00000000
     0.00000000
     0.00000000
     0.05025327
     0.05071365
     0.05118724
     0.05166023
     0.05213647
     0.05261685
     0.05298422
     0.05326596
     0.05359618
     0.05392990
     0.05449253
     0.05507950
     0.05563854
     0.05617192
     0.05671012
     0.05725315
     0.05780107
     0.05835390
     0.05889936
     0.05944738
     0.05988844
     0.06006165
     0.06023386
     0.06022283
     0.06009839
     0.05997419
     0.05985023
     0.05972651
     0.05960303
     0.05945876
     0.05927103
     0.05908385
     0.05889722
     0.05850311
     0.05807589
     0.05765160
     0.05722399
     0.05679341
     0.05636588
     0.05594137
     0.05551058
     0.05505806
     0.05460902
     0.05417897
     0.05374949
     0.05332321
     0.05290013
     0.05248021
     0.05206345
     0.05174985
     0.05151791
     0.05128695
     0.05105697
     0.05082796
     0.05059993
     0.05036515
     0.05011318
     0.04986241
     0.04961282
     0.04936442
     0.04911720
     0.04887115
     0.04862316
     0.04837620
     0.04813043
     0.04788584
     0.04764244
     0.04740033
     0.04710286
     0.04678979
     0.04647869
     0.04616956
     0.04586239
     0.04555717
     0.04040404
     0.03030303
     0.02020202
     0.01010101
     0.00000000
     0.00000000
     0.00000000
     0.00000000
     0.00000000
     0.00000000
     0.00000000
     0.00000000
     0.00000000
     0.00000000
     0.00000000
     0.00000000
     0.00000000
     0.00000000
     0.00000000
     0.00000000
     0.00000000
     0.00000000
     0.00000000
     0.00000000
     0.00000000
     0.00000000
     0.05008073
     0.05054370
     0.05102690
     0.05150618
     0.05198107
     0.05226334
     0.05254145
     0.05283500
     0.05316425
     0.05369360
     0.05427246
     0.05482732
     0.05535339
     0.05588420
     0.05641980
     0.05696022
     0.05750551
     0.05805352
     0.05859416
     0.05913952
     0.05949240
     0.05966454
     0.05983486
     0.05987687
     0.05975309
     0.05962956
     0.05950627
     0.05938322
     0.05926040
     0.05913782
     0.05896503
     0.05877876
     0.05859304
     0.05825345
     0.05782794
     0.05740535
     0.05698566
     0.05656132
     0.05613879
     0.05571922
     0.05530243
     0.05485274
     0.05440195
     0.05396873
     0.05354081
     0.05311610
     0.05269456
     0.05227619
     0.05186096
     0.05151753
     0.05128837
     0.05105838
     0.05082937
     0.05060133
     0.05037426
     0.05014109
     0.04989019
     0.04964047
     0.04939194
     0.04914240
     0.04889294
     0.04864468
     0.04839761
     0.04815174
     0.04790705
     0.04766354
     0.04742121
     0.04718005
     0.04690225
     0.04659807
     0.04629576
     0.04599080
     0.04568476
     0.04538066
     0.04040404
     0.03030303
     0.02020202
     0.01010101
     0.00000000
     0.00000000
     0.00000000
     0.00000000
     0.00000000
     0.00000000
     0.00000000
     0.00000000
     0.00000000
     0.00000000
     0.00000000
     0.00000000
     0.00000000
     0.00000000
     0.00000000
     0.00000000
     0.00000000
     0.00000000
     0.00000000
     0.00000000
     0.00000000
     0.00000000
     0.04990688
     0.05036756
     0.05084214
     0.05121559
     0.05152655
     0.05182627
     0.05210218
     0.05240886
     0.05290573
     0.05347657
     0.05402726
     0.05454609
     0.05506961
     0.05559786
     0.05613088
     0.05666871
     0.05721137
     0.05775243
     0.05829044
     0.05883315
     0.05909881
     0.05926988
     0.05943833
     0.05953276
     0.05940965
     0.05928679
     0.05916416
     0.05904177
     0.05891961
     0.05879770
     0.05866052
     0.05847515
     0.05829033
     0.05800478
     0.05758098
     0.05716008
     0.05674208
     0.05632577
     0.05590489
     0.05548697
     0.05507199
     0.05463363
     0.05418377
     0.05375438
     0.05333154
     0.05290974
     0.05248976
     0.05207292
     0.05165922
     0.05124862
     0.05105980
     0.05083078
     0.05060274
     0.05037566
     0.05014955
     0.04991798
     0.04966690
     0.04941491
     0.04916414
     0.04891457
     0.04866620
     0.04841903
     0.04817305
     0.04792826
     0.04768465
     0.04744222
     0.04720096
     0.04696086
     0.04669456
     0.04639166
     0.04609063
     0.04579146
     0.04549414
     0.04519866
     0.04040404
     0.03030303
     0.02020202
     0.01010101
     0.00000000
     0.00000000
     0.00000000
     0.00000000
     0.00000000
     0.00000000
     0.00000000
     0.00000000
     0.00000000
     0.00000000
     0.00000000
     0.00000000
     0.00000000
     0.00000000
     0.00000000
     0.00000000
     0.00000000
     0.00000000
     0.00000000
     0.00000000
     0.00000000
     0.00000000
     0.04973360
     0.05010316
     0.05039495
     0.05070313
     0.05101309
     0.05132127
     0.05162481
     0.05211656
     0.05269171
     0.05323821
     0.05374989
     0.05426621
     0.05478721
     0.05531291
     0.05584336
     0.05637859
     0.05691864
     0.05745281
     0.05798821
     0.05852828
     0.05870766
     0.05887767
     0.05904426
     0.05919051
     0.05906806
     0.05894586
     0.05882389
     0.05870216
     0.05858067
     0.05845941
     0.05833838
     0.05817301
     0.05798909
     0.05775711
     0.05733501
     0.05691580
     0.05649948
     0.05608602
     0.05567190
     0.05525562
     0.05483954
     0.05440658
     0.05395848
     0.05352945
     0.05310828
     0.05269024
     0.05227531
     0.05186346
     0.05145469
     0.05104896
     0.05079181
     0.05060414
     0.05037706
     0.05015068
     0.04992216
     0.04968885
     0.04943676
     0.04918588
     0.04893620
     0.04868773
     0.04844046
     0.04819438
     0.04794948
     0.04770577
     0.04746324
     0.04722187
     0.04698168
     0.04674264
     0.04648774
     0.04618612
     0.04588636
     0.04558845
     0.04529239
     0.04499816
     0.04040404
     0.03030303
     0.02020202
     0.01010101
     0.00000000
     0.00000000
     0.00000000
     0.00000000
     0.00000000
     0.00000000
     0.00000000
     0.00000000
     0.00000000
     0.00000000
     0.00000000
     0.00000000
     0.00000000
     0.00000000
     0.00000000
     0.00000000
     0.00000000
     0.00000000
     0.00000000
     0.00000000
     0.00000000
     0.00000000
     0.04932342
     0.04960887
     0.04989589
     0.05019553
     0.05050256
     0.05081136
     0.05124049
     0.05182350
     0.05241592
     0.05294524
     0.05347387
     0.05398769
     0.05450617
     0.05502933
     0.05555722
     0.05608987
     0.05662650
     0.05715465
     0.05768744
     0.05815044
     0.05831894
     0.05848789
     0.05865264
     0.05881742
     0.05872832
     0.05860677
     0.05848546
     0.05836439
     0.05824355
     0.05812294
     0.05800257
     0.05787234
     0.05768931
     0.05750682
     0.05709002
     0.05667250
     0.05625785
     0.05584605
     0.05543709
     0.05502252
     0.05460303
     0.05418042
     0.05373408
     0.05330542
     0.05288591
     0.05246952
     0.05205623
     0.05164602
     0.05123886
     0.05083475
     0.05048826
     0.05034627
     0.05012451
     0.04989804
     0.04967255
     0.04944287
     0.04919387
     0.04894606
     0.04869944
     0.04845400
     0.04820973
     0.04796662
     0.04772469
     0.04748391
     0.04724280
     0.04700250
     0.04676337
     0.04652539
     0.04628179
     0.04598144
     0.04568295
     0.04538630
     0.04509149
     0.04479850
     0.04040404
     0.03030303
     0.02020202
     0.01010101
     0.00000000
     0.00000000
     0.00000000
     0.00000000
     0.00000000
     0.00000000
     0.00000000
     0.00000000
     0.00000000
     0.00000000
     0.00000000
     0.00000000
     0.00000000
     0.00000000
     0.00000000
     0.00000000
     0.00000000
     0.00000000
     0.00000000
     0.00000000
     0.00000000
     0.00000000
     0.04883642
     0.04911920
     0.04940354
     0.04969275
     0.04999686
     0.05039767
     0.05094900
     0.05153200
     0.05209724
     0.05261961
     0.05314693
     0.05367923
     0.05421656
     0.05474712
     0.05527246
     0.05580255
     0.05633237
     0.05685795
     0.05738813
     0.05776518
     0.05793263
     0.05810013
     0.05826346
     0.05842721
     0.05839040
     0.05826951
     0.05814886
     0.05802844
     0.05790825
     0.05778830
     0.05766858
     0.05754909
     0.05739098
     0.05720938
     0.05684602
     0.05643018
     0.05601719
     0.05560705
     0.05519714
     0.05478485
     0.05436748
     0.05395269
     0.05351056
     0.05308226
     0.05266441
     0.05224967
     0.05183802
     0.05142944
     0.05102390
     0.05062139
     0.05019341
     0.04996740
     0.04977569
     0.04955072
     0.04932672
     0.04909916
     0.04885180
     0.04860563
     0.04836063
     0.04811681
     0.04787415
     0.04763266
     0.04739233
     0.04715314
     0.04691511
     0.04667821
     0.04644246
     0.04620784
     0.04597434
     0.04569417
     0.04541299
     0.04513346
     0.04485557
     0.04457931
     0.04040404
     0.03030303
     0.02020202
     0.01010101
     0.00000000
     0.00000000
     0.00000000
     0.00000000
     0.00000000
     0.00000000
     0.00000000
     0.00000000
     0.00000000
     0.00000000
     0.00000000
     0.00000000
     0.00000000
     0.00000000
     0.00000000
     0.00000000
     0.00000000
     0.00000000
     0.00000000
     0.00000000
     0.00000000
     0.00000000
     0.04835399
     0.04863412
     0.04891579
     0.04919901
     0.04956427
     0.05010697
     0.05065529
     0.05121842
     0.05175953
     0.05228180
     0.05280905
     0.05334132
     0.05387864
     0.05442107
     0.05496715
     0.05551660
     0.05603968
     0.05655592
     0.05707654
     0.05737625
     0.05754873
     0.05771439
     0.05787670
     0.05803943
     0.05805431
     0.05793407
     0.05781407
     0.05769430
     0.05757476
     0.05745546
     0.05733639
     0.05721755
     0.05709410
     0.05691338
     0.05660300
     0.05618883
     0.05577751
     0.05536649
     0.05495300
     0.05454243
     0.05413288
     0.05371979
     0.05328792
     0.05285999
     0.05244380
     0.05203070
     0.05162068
     0.05121371
     0.05080978
     0.05035999
     0.04990811
     0.04959124
     0.04940706
     0.04920570
     0.04898317
     0.04875772
     0.04851199
     0.04826744
     0.04802407
     0.04778185
     0.04754080
     0.04730091
     0.04706216
     0.04682456
     0.04658811
     0.04635278
     0.04611859
     0.04588553
     0.04565359
     0.04538311
     0.04510376
     0.04482604
     0.04454996
     0.04427549
     0.04040404
     0.03030303
     0.02020202
     0.01010101
     0.00000000
     0.00000000
     0.00000000
     0.00000000
     0.00000000
     0.00000000
     0.00000000
     0.00000000
     0.00000000
     0.00000000
     0.00000000
     0.00000000
     0.00000000
     0.00000000
     0.00000000
     0.00000000
     0.00000000
     0.00000000
     0.00000000
     0.00000000
     0.00000000
     0.00000000
     0.04787609
     0.04815359
     0.04843262
     0.04875614
     0.04927812
     0.04981785
     0.05036318
     0.05090588
     0.05141119
     0.05193013
     0.05245403
     0.05298292
     0.05351684
     0.05405583
     0.05459993
     0.05514160
     0.05567934
     0.05622201
     0.05675591
     0.05697648
     0.05715724
     0.05733106
     0.05749235
     0.05765407
     0.05772003
     0.05760045
     0.05748109
     0.05736197
     0.05724308
     0.05712442
     0.05700600
     0.05688780
     0.05676984
     0.05661883
     0.05636096
     0.05594845
     0.05553632
     0.05512164
     0.05470988
     0.05430102
     0.05389503
     0.05348783
     0.05306615
     0.05263860
     0.05222405
     0.05181259
     0.05140419
     0.05098427
     0.05052709
     0.05007379
     0.04962435
     0.04921776
     0.04903489
     0.04885267
     0.04864189
     0.04841852
     0.04817442
     0.04793149
     0.04768972
     0.04744911
     0.04720966
     0.04697135
     0.04673419
     0.04649816
     0.04626327
     0.04602951
     0.04579688
     0.04556536
     0.04533496
     0.04507408
     0.04479653
     0.04452062
     0.04424633
     0.04397365
     0.04040404
     0.03030303
     0.02020202
     0.01010101
     0.00000000
     0.00000000
     0.00000000
     0.00000000
     0.00000000
     0.00000000
     0.00000000
     0.00000000
     0.00000000
     0.00000000
     0.00000000
     0.00000000
     0.00000000
     0.00000000
     0.00000000
     0.00000000
     0.00000000
     0.00000000
     0.00000000
     0.00000000
     0.00000000
     0.00000000
     0.04740267
     0.04767756
     0.04797160
     0.04848423
     0.04900205
     0.04953032
     0.05007267
     0.05058201
     0.05106506
     0.05158070
     0.05210127
     0.05262679
     0.05315732
     0.05369290
     0.05422831
     0.05475766
     0.05529188
     0.05583100
     0.05633843
     0.05654709
     0.05675647
     0.05693037
     0.05709552
     0.05726111
     0.05738343
     0.05726863
     0.05714992
     0.05703144
     0.05691320
     0.05679518
     0.05667740
     0.05655984
     0.05644251
     0.05632542
     0.05611989
     0.05570664
     0.05529076
     0.05487781
     0.05446777
     0.05406061
     0.05365633
     0.05325489
     0.05284525
     0.05241808
     0.05200518
     0.05159535
     0.05115333
     0.05069471
     0.05023999
     0.04978913
     0.04934211
     0.04889890
     0.04866539
     0.04848447
     0.04830287
     0.04808157
     0.04783909
     0.04759776
     0.04735759
     0.04711858
     0.04688071
     0.04664398
     0.04640839
     0.04617393
     0.04594060
     0.04570839
     0.04547730
     0.04524732
     0.04501845
     0.04476704
     0.04449130
     0.04421718
     0.04394468
     0.04367377
     0.04040404
     0.03030303
     0.02020202
     0.01010101
     0.00000000
     0.00000000
     0.00000000
     0.00000000
     0.00000000
     0.00000000
     0.00000000
     0.00000000
     0.00000000
     0.00000000
     0.00000000
     0.00000000
     0.00000000
     0.00000000
     0.00000000
     0.00000000
     0.00000000
     0.00000000
     0.00000000
     0.00000000
     0.00000000
     0.00000000
     0.04694902
     0.04720601
     0.04770384
     0.04821375
     0.04872884
     0.04924913
     0.04978375
     0.05026008
     0.05073100
     0.05123349
     0.05175074
     0.05227293
     0.05280009
     0.05332930
     0.05385038
     0.05437625
     0.05490696
     0.05544715
     0.05587052
     0.05607755
     0.05628529
     0.05648275
     0.05667654
     0.05685963
     0.05702458
     0.05692326
     0.05681604
     0.05670270
     0.05658510
     0.05646772
     0.05635057
     0.05623366
     0.05611697
     0.05600050
     0.05585394
     0.05546038
     0.05504623
     0.05463500
     0.05422667
     0.05382121
     0.05341862
     0.05301886
     0.05262163
     0.05219844
     0.05178691
     0.05132292
     0.05086286
     0.05040671
     0.04995444
     0.04950601
     0.04906140
     0.04862058
     0.04829852
     0.04811890
     0.04793991
     0.04774685
     0.04750597
     0.04726624
     0.04702766
     0.04679023
     0.04655393
     0.04631878
     0.04608475
     0.04585185
     0.04562007
     0.04538940
     0.04515985
     0.04493140
     0.04470405
     0.04446201
     0.04418806
     0.04391572
     0.04364499
     0.04337584
     0.04040404
     0.03030303
     0.02020202
     0.01010101
     0.00000000
     0.00000000
     0.00000000
     0.00000000
     0.00000000
     0.00000000
     0.00000000
     0.00000000
     0.00000000
     0.00000000
     0.00000000
     0.00000000
     0.00000000
     0.00000000
     0.00000000
     0.00000000
     0.00000000
     0.00000000
     0.00000000
     0.00000000
     0.00000000
     0.00000000
     0.04653339
     0.04693540
     0.04743751
     0.04794472
     0.04845707
     0.04897462
     0.04947715
     0.04994011
     0.05040818
     0.05088850
     0.05140409
     0.05192945
     0.05245912
     0.05297876
     0.05350327
     0.05403266
     0.05456700
     0.05510631
     0.05543478
     0.05561167
     0.05581780
     0.05601128
     0.05620355
     0.05639644
     0.05658995
     0.05657189
     0.05646656
     0.05636015
     0.05625393
     0.05614204
     0.05602552
     0.05590924
     0.05579318
     0.05567391
     0.05555112
     0.05521514
     0.05480272
     0.05439321
     0.05398658
     0.05358281
     0.05318190
     0.05278382
     0.05238569
     0.05195066
     0.05148933
     0.05103154
     0.05057396
     0.05012026
     0.04967042
     0.04922441
     0.04878220
     0.04834376
     0.04793429
     0.04775595
     0.04757825
     0.04739443
     0.04717505
     0.04693691
     0.04669991
     0.04646405
     0.04622933
     0.04599573
     0.04576326
     0.04553190
     0.04530166
     0.04507253
     0.04484450
     0.04461758
     0.04439175
     0.04415895
     0.04388678
     0.04361622
     0.04334725
     0.04307986
     0.04040404
     0.03030303
     0.02020202
     0.01010101
     0.00000000
     0.00000000
     0.00000000
     0.00000000
     0.00000000
     0.00000000
     0.00000000
     0.00000000
     0.00000000
     0.00000000
     0.00000000
     0.00000000
     0.00000000
     0.00000000
     0.00000000
     0.00000000
     0.00000000
     0.00000000
     0.00000000
     0.00000000
     0.00000000
     0.00000000
     0.04628388
     0.04668400
     0.04717259
     0.04767710
     0.04818978
     0.04870827
     0.04918230
     0.04963633
     0.05010545
     0.05058259
     0.05110000
     0.05162242
     0.05213563
     0.05265225
     0.05317370
     0.05370002
     0.05423126
     0.05476745
     0.05500760
     0.05516828
     0.05535338
     0.05554352
     0.05573428
     0.05592565
     0.05611764
     0.05620413
     0.05610592
     0.05600787
     0.05590771
     0.05580229
     0.05569705
     0.05558659
     0.05546726
     0.05534491
     0.05522280
     0.05497093
     0.05456023
     0.05415242
     0.05374749
     0.05334541
     0.05294571
     0.05254126
     0.05210041
     0.05163364
     0.05117897
     0.05072680
     0.05027576
     0.04982853
     0.04938506
     0.04894433
     0.04850451
     0.04806844
     0.04763609
     0.04739560
     0.04721378
     0.04702746
     0.04684184
     0.04660977
     0.04637434
     0.04614005
     0.04590688
     0.04567483
     0.04544390
     0.04521409
     0.04498538
     0.04475777
     0.04453126
     0.04430585
     0.04408152
     0.04385787
     0.04358747
     0.04331867
     0.04305145
     0.04278580
     0.04040404
     0.03030303
     0.02020202
     0.01010101
     0.00000000
     0.00000000
     0.00000000
     0.00000000
     0.00000000
     0.00000000
     0.00000000
     0.00000000
     0.00000000
     0.00000000
     0.00000000
     0.00000000
     0.00000000
     0.00000000
     0.00000000
     0.00000000
     0.00000000
     0.00000000
     0.00000000
     0.00000000
     0.00000000
     0.04554901
     0.04600418
     0.04646367
     0.04692819
     0.04743378
     0.04794454
     0.04845790
     0.04890282
     0.04935162
     0.04981095
     0.05028310
     0.05079761
     0.05130519
     0.05181403
     0.05232764
     0.05284605
     0.05336932
     0.05389747
     0.05442446
     0.05458353
     0.05474304
     0.05489541
     0.05507944
     0.05526870
     0.05545857
     0.05564905
     0.05583861
     0.05574101
     0.05564356
     0.05554627
     0.05544915
     0.05535218
     0.05524458
     0.05513365
     0.05501774
     0.05489631
     0.05471719
     0.05431874
     0.05391263
     0.05350939
     0.05310285
     0.05269727
     0.05224198
     0.05177179
     0.05131231
     0.05086475
     0.05041649
     0.04997197
     0.04953027
     0.04908932
     0.04865210
     0.04821857
     0.04778871
     0.04736249
     0.04703378
     0.04684814
     0.04666319
     0.04647895
     0.04628479
     0.04605093
     0.04581819
     0.04558657
     0.04535606
     0.04512667
     0.04489838
     0.04467120
     0.04444511
     0.04422011
     0.04399619
     0.04377336
     0.04355161
     0.04329011
     0.04302305
     0.04275757
     0.04249366
     0.04040404
     0.03030303
     0.02020202
     0.01010101
     0.00000000
     0.00000000
     0.00000000
     0.00000000
     0.00000000
     0.00000000
     0.00000000
     0.00000000
     0.00000000
     0.00000000
     0.00000000
     0.00000000
     0.00000000
     0.00000000
     0.00000000
     0.00000000
     0.00000000
     0.00000000
     0.00000000
     0.00000000
     0.00000000
     0.04522000
     0.04567203
     0.04612836
     0.04658903
     0.04710713
     0.04767071
     0.04818233
     0.04862486
     0.04907124
     0.04952150
     0.04998615
     0.05048727
     0.05098843
     0.05149430
     0.05200491
     0.05252031
     0.05304053
     0.05356561
     0.05400463
     0.05416254
     0.05432089
     0.05446609
     0.05461901
     0.05480678
     0.05499515
     0.05518414
     0.05537373
     0.05537833
     0.05528148
     0.05518479
     0.05508542
     0.05498308
     0.05488093
     0.05477896
     0.05467540
     0.05456555
     0.05444375
     0.05407826
     0.05367011
     0.05326044
     0.05285372
     0.05238392
     0.05191252
     0.05144513
     0.05098598
     0.05055237
     0.05010671
     0.04966478
     0.04922654
     0.04879197
     0.04836053
     0.04792947
     0.04750205
     0.04707827
     0.04666947
     0.04648519
     0.04630161
     0.04611872
     0.04593652
     0.04572966
     0.04549847
     0.04526839
     0.04503942
     0.04481155
     0.04458478
     0.04435911
     0.04413452
     0.04391102
     0.04368861
     0.04346726
     0.04324699
     0.04299468
     0.04272937
     0.04246562
     0.04220343
     0.04040404
     0.03030303
     0.02020202
     0.01010101
     0.00000000
     0.00000000
     0.00000000
     0.00000000
     0.00000000
     0.00000000
     0.00000000
     0.00000000
     0.00000000
     0.00000000
     0.00000000
     0.00000000
     0.00000000
     0.00000000
     0.00000000
     0.00000000
     0.00000000
     0.00000000
     0.00000000
     0.00000000
     0.00000000
     0.04489325
     0.04534217
     0.04579537
     0.04625287
     0.04671472
     0.04726218
     0.04778421
     0.04830122
     0.04879236
     0.04924020
     0.04968170
     0.05017529
     0.05067353
     0.05117644
     0.05168407
     0.05219647
     0.05271366
     0.05323568
     0.05358785
     0.05374462
     0.05390181
     0.05403994
     0.05416221
     0.05434850
     0.05453539
     0.05472288
     0.05491099
     0.05501787
     0.05492043
     0.05481838
     0.05471652
     0.05461483
     0.05451332
     0.05441199
     0.05431084
     0.05420987
     0.05410907
     0.05380960
     0.05341847
     0.05300288
     0.05252622
     0.05205361
     0.05158502
     0.05112043
     0.05066161
     0.05024133
     0.04979873
     0.04935937
     0.04892369
     0.04849166
     0.04806325
     0.04763843
     0.04721704
     0.04679567
     0.04637787
     0.04612492
     0.04594270
     0.04576116
     0.04558030
     0.04540012
     0.04518087
     0.04495232
     0.04472488
     0.04449853
     0.04427327
     0.04404910
     0.04382601
     0.04360400
     0.04338307
     0.04316320
     0.04294440
     0.04270118
     0.04243760
     0.04217557
     0.04191509
     0.04040404
     0.03030303
     0.02020202
     0.01010101
     0.00000000
     0.00000000
     0.00000000
     0.00000000
     0.00000000
     0.00000000
     0.00000000
     0.00000000
     0.00000000
     0.00000000
     0.00000000
     0.00000000
     0.00000000
     0.00000000
     0.00000000
     0.00000000
     0.00000000
     0.00000000
     0.00000000
     0.00000000
     0.00000000
     0.04456876
     0.04501458
     0.04546466
     0.04591902
     0.04637770
     0.04684684
     0.04735421
     0.04786680
     0.04838467
     0.04892285
     0.04938522
     0.04986515
     0.05036046
     0.05086044
     0.05136511
     0.05187451
     0.05238869
     0.05290767
     0.05317411
     0.05332973
     0.05348579
     0.05361694
     0.05373627
     0.05389383
     0.05407925
     0.05426527
     0.05445148
     0.05463357
     0.05455257
     0.05445117
     0.05434995
     0.05424890
     0.05414804
     0.05404735
     0.05394684
     0.05384650
     0.05374634
     0.05350530
     0.05312889
     0.05266889
     0.05219506
     0.05172527
     0.05125948
     0.05079766
     0.05033978
     0.04992145
     0.04949255
     0.04905575
     0.04862261
     0.04819311
     0.04776720
     0.04734487
     0.04692609
     0.04651084
     0.04609908
     0.04576731
     0.04558643
     0.04540623
     0.04522671
     0.04504787
     0.04486539
     0.04463836
     0.04441243
     0.04418759
     0.04396383
     0.04374116
     0.04351956
     0.04329903
     0.04307958
     0.04286118
     0.04264384
     0.04240959
     0.04214773
     0.04188742
     0.04162864
     0.04040404
     0.03030303
     0.02020202
     0.01010101
     0.00000000
     0.00000000
     0.00000000
     0.00000000
     0.00000000
     0.00000000
     0.00000000
     0.00000000
     0.00000000
     0.00000000
     0.00000000
     0.00000000
     0.00000000
     0.00000000
     0.00000000
     0.00000000
     0.00000000
     0.00000000
     0.00000000
     0.00000000
     0.00000000
     0.04424649
     0.04468925
     0.04513623
     0.04558746
     0.04604299
     0.04646659
     0.04692789
     0.04743610
     0.04795866
     0.04851869
     0.04909083
     0.04956337
     0.05004924
     0.05054628
     0.05104800
     0.05155443
     0.05206561
     0.05258157
     0.05276338
     0.05291787
     0.05307279
     0.05319705
     0.05331550
     0.05344275
     0.05362606
     0.05380555
     0.05398561
     0.05416623
     0.05418703
     0.05408628
     0.05398569
     0.05388529
     0.05378506
     0.05368501
     0.05358513
     0.05348543
     0.05338590
     0.05317644
     0.05274216
     0.05228800
     0.05183753
     0.05139073
     0.05093588
     0.05047682
     0.05002168
     0.04960350
     0.04918815
     0.04875390
     0.04832329
     0.04789630
     0.04747288
     0.04705303
     0.04663671
     0.04622389
     0.04581455
     0.04540866
     0.04523280
     0.04505393
     0.04487574
     0.04469822
     0.04452136
     0.04432649
     0.04410207
     0.04387873
     0.04365646
     0.04343527
     0.04321515
     0.04299610
     0.04277811
     0.04256117
     0.04234529
     0.04211991
     0.04185976
     0.04160115
     0.04134406
     0.04040404
     0.03030303
     0.02020202
     0.01010101
     0.00000000
     0.00000000
     0.00000000
     0.00000000
     0.00000000
     0.00000000
     0.00000000
     0.00000000
     0.00000000
     0.00000000
     0.00000000
     0.00000000
     0.00000000
     0.00000000
     0.00000000
     0.00000000
     0.00000000
     0.00000000
     0.00000000
     0.00000000
     0.00000000
     0.04392646
     0.04436616
     0.04481006
     0.04525818
     0.04571058
     0.04610728
     0.04650523
     0.04701254
     0.04756206
     0.04812724
     0.04871986
     0.04926797
     0.04974213
     0.05023397
     0.05073275
     0.05123622
     0.05174442
     0.05220271
     0.05235565
     0.05250901
     0.05266280
     0.05278028
     0.05289535
     0.05300941
     0.05316686
     0.05334490
     0.05352350
     0.05370266
     0.05382381
     0.05372369
     0.05362374
     0.05352397
     0.05342438
     0.05332496
     0.05322571
     0.05312664
     0.05301060
     0.05278838
     0.05235809
     0.05190705
     0.05145969
     0.05101597
     0.05057588
     0.05013938
     0.04970549
     0.04928747
     0.04887800
     0.04845382
     0.04802573
     0.04760123
     0.04718029
     0.04676290
     0.04634902
     0.04593862
     0.04553169
     0.04512819
     0.04488145
     0.04470424
     0.04452736
     0.04435115
     0.04417561
     0.04400073
     0.04379377
     0.04357192
     0.04335114
     0.04313143
     0.04291278
     0.04269519
     0.04247866
     0.04226317
     0.04204873
     0.04183212
     0.04157367
     0.04131675
     0.04106135
     0.04040404
     0.03030303
     0.02020202
     0.01010101
     0.00000000
     0.00000000
     0.00000000
     0.00000000
     0.00000000
     0.00000000
     0.00000000
     0.00000000
     0.00000000
     0.00000000
     0.00000000
     0.00000000
     0.00000000
     0.00000000
     0.00000000
     0.00000000
     0.00000000
     0.00000000
     0.00000000
     0.00000000
     0.00000000
     0.04360863
     0.04404530
     0.04448613
     0.04493117
     0.04535898
     0.04575060
     0.04614544
     0.04662338
     0.04716888
     0.04775029
     0.04833850
     0.04893358
     0.04944572
     0.04992348
     0.05041934
     0.05091987
     0.05142510
     0.05179817
     0.05194852
     0.05209928
     0.05224442
     0.05235716
     0.05247013
     0.05258333
     0.05271136
     0.05288796
     0.05306512
     0.05324284
     0.05342112
     0.05336339
     0.05326408
     0.05316494
     0.05306598
     0.05296719
     0.05286857
     0.05275604
     0.05257305
     0.05239066
     0.05197666
     0.05152873
     0.05108445
     0.05064380
     0.05020675
     0.04977327
     0.04934780
     0.04895210
     0.04855941
     0.04815549
     0.04772990
     0.04730788
     0.04688941
     0.04647447
     0.04606302
     0.04565503
     0.04525049
     0.04484937
     0.04452165
     0.04435713
     0.04418156
     0.04400666
     0.04383242
     0.04365884
     0.04348591
     0.04326717
     0.04304786
     0.04282962
     0.04261243
     0.04239630
     0.04218121
     0.04196717
     0.04175417
     0.04154220
     0.04128945
     0.04103421
     0.04078048
     0.04040404
     0.03030303
     0.02020202
     0.01010101
     0.00000000
     0.00000000
     0.00000000
     0.00000000
     0.00000000
     0.00000000
     0.00000000
     0.00000000
     0.00000000
     0.00000000
     0.00000000
     0.00000000
     0.00000000
     0.00000000
     0.00000000
     0.00000000
     0.00000000
     0.00000000
     0.00000000
     0.00000000
     0.00000000
     0.04329300
     0.04372665
     0.04416444
     0.04460641
     0.04500782
     0.04539656
     0.04582608
     0.04626830
     0.04679906
     0.04737614
     0.04795997
     0.04855064
     0.04914689
     0.04962068
     0.05010237
     0.05059802
     0.05109832
     0.05138739
     0.05153660
     0.05168623
     0.05182415
     0.05193604
     0.05204815
     0.05216049
     0.05227306
     0.05243473
     0.05261045
     0.05278673
     0.05296357
     0.05300538
     0.05290670
     0.05280819
     0.05270985
     0.05261169
     0.05250264
     0.05232048
     0.05213892
     0.05195795
     0.05159786
     0.05115302
     0.05071180
     0.05027420
     0.04984017
     0.04940969
     0.04899706
     0.04860403
     0.04821400
     0.04782693
     0.04742163
     0.04701583
     0.04660024
     0.04618773
     0.04577870
     0.04537311
     0.04497095
     0.04457219
     0.04417680
     0.04400467
     0.04383833
     0.04366472
     0.04349177
     0.04331948
     0.04314783
     0.04296444
     0.04274661
     0.04252982
     0.04231409
     0.04209940
     0.04188576
     0.04167315
     0.04146157
     0.04125103
     0.04100709
     0.04075352
     0.04050145
     0.04025088
     0.03030303
     0.02020202
     0.01010101
     0.00000000
     0.00000000
     0.00000000
     0.00000000
     0.00000000
     0.00000000
     0.00000000
     0.00000000
     0.00000000
     0.00000000
     0.00000000
     0.00000000
     0.00000000
     0.00000000
     0.00000000
     0.00000000
     0.00000000
     0.00000000
     0.00000000
     0.00000000
     0.00000000
     0.04297954
     0.04341020
     0.04384497
     0.04427655
     0.04465926
     0.04507586
     0.04551118
     0.04596216
     0.04643498
     0.04700478
     0.04758426
     0.04816651
     0.04875476
     0.04931525
     0.04978781
     0.05027540
     0.05077267
     0.05097968
     0.05112778
     0.05127628
     0.05140708
     0.05151812
     0.05162938
     0.05174086
     0.05185258
     0.05198516
     0.05215946
     0.05233432
     0.05250972
     0.05264964
     0.05255158
     0.05245369
     0.05235598
     0.05225038
     0.05206905
     0.05188832
     0.05170817
     0.05152862
     0.05122167
     0.05077990
     0.05034173
     0.04990715
     0.04947612
     0.04904863
     0.04864869
     0.04825831
     0.04787091
     0.04748647
     0.04709467
     0.04669153
     0.04629166
     0.04589506
     0.04549605
     0.04509285
     0.04469306
     0.04429664
     0.04390358
     0.04365158
     0.04349342
     0.04332532
     0.04315365
     0.04298264
     0.04281227
     0.04264254
     0.04244737
     0.04223203
     0.04201774
     0.04180450
     0.04159228
     0.04138110
     0.04117094
     0.04096181
     0.04072658
     0.04047467
     0.04022426
     0.03997533
     0.03030303
     0.02020202
     0.01010101
     0.00000000
     0.00000000
     0.00000000
     0.00000000
     0.00000000
     0.00000000
     0.00000000
     0.00000000
     0.00000000
     0.00000000
     0.00000000
     0.00000000
     0.00000000
     0.00000000
     0.00000000
     0.00000000
     0.00000000
     0.00000000
     0.00000000
     0.00000000
     0.00000000
     0.04266826
     0.04309594
     0.04352770
     0.04393338
     0.04433736
     0.04476588
     0.04520110
     0.04566646
     0.04613639
     0.04663425
     0.04720471
     0.04778181
     0.04836560
     0.04895616
     0.04948141
     0.04995548
     0.05042846
     0.05057504
     0.05072203
     0.05086941
     0.05099319
     0.05110338
     0.05121379
     0.05132443
     0.05143529
     0.05154638
     0.05171213
     0.05188556
     0.05205955
     0.05223408
     0.05219871
     0.05210145
     0.05199927
     0.05181877
     0.05163885
     0.05145953
     0.05128080
     0.05110265
     0.05084807
     0.05040935
     0.04997422
     0.04954264
     0.04911460
     0.04869338
     0.04830267
     0.04791493
     0.04753015
     0.04714830
     0.04676937
     0.04636935
     0.04597212
     0.04557812
     0.04518734
     0.04479975
     0.04441533
     0.04402272
     0.04363198
     0.04330119
     0.04314425
     0.04298784
     0.04281805
     0.04264830
     0.04247920
     0.04231074
     0.04214291
     0.04193624
     0.04172338
     0.04151156
     0.04130077
     0.04109101
     0.04088226
     0.04067453
     0.04044791
     0.04019765
     0.03994888
     0.03970158
     0.03030303
     0.02020202
     0.01010101
     0.00000000
     0.00000000
     0.00000000
     0.00000000
     0.00000000
     0.00000000
     0.00000000
     0.00000000
     0.00000000
     0.00000000
     0.00000000
     0.00000000
     0.00000000
     0.00000000
     0.00000000
     0.00000000
     0.00000000
     0.00000000
     0.00000000
     0.00000000
     0.00000000
     0.04235913
     0.04278385
     0.04321263
     0.04361040
     0.04403222
     0.04445793
     0.04491007
     0.04537258
     0.04583511
     0.04630209
     0.04682732
     0.04740003
     0.04797939
     0.04856548
     0.04915835
     0.04964810
     0.05003014
     0.05017997
     0.05033023
     0.05048091
     0.05059328
     0.05069581
     0.05080137
     0.05091116
     0.05102118
     0.05113143
     0.05126842
     0.05144045
     0.05161303
     0.05178615
     0.05184809
     0.05174930
     0.05156962
     0.05139052
     0.05121202
     0.05103410
     0.05085676
     0.05068001
     0.05047706
     0.05004138
     0.04960968
     0.04918151
     0.04875685
     0.04834873
     0.04796106
     0.04757633
     0.04719454
     0.04681566
     0.04643968
     0.04605266
     0.04565834
     0.04526724
     0.04487933
     0.04449458
     0.04411299
     0.04373451
     0.04335914
     0.04298183
     0.04279775
     0.04264255
     0.04248493
     0.04231645
     0.04214860
     0.04198140
     0.04181482
     0.04164242
     0.04143100
     0.04122060
     0.04101122
     0.04080286
     0.04059552
     0.04038918
     0.04017106
     0.03992245
     0.03967531
     0.03942964
     0.03030303
     0.02020202
     0.01010101
     0.00000000
     0.00000000
     0.00000000
     0.00000000
     0.00000000
     0.00000000
     0.00000000
     0.00000000
     0.00000000
     0.00000000
     0.00000000
     0.00000000
     0.00000000
     0.00000000
     0.00000000
     0.00000000
     0.00000000
     0.00000000
     0.00000000
     0.00000000
     0.00000000
     0.04211277
     0.04247392
     0.04289482
     0.04331003
     0.04372908
     0.04416563
     0.04461831
     0.04507348
     0.04553308
     0.04599713
     0.04646568
     0.04702115
     0.04759611
     0.04817775
     0.04876614
     0.04934251
     0.04964853
     0.04979728
     0.04994645
     0.05009605
     0.05019988
     0.05030165
     0.05040363
     0.05050579
     0.05061023
     0.05071963
     0.05082926
     0.05099895
     0.05117012
     0.05134184
     0.05149969
     0.05132160
     0.05114332
     0.05096563
     0.05078852
     0.05061199
     0.05044033
     0.05027486
     0.05010214
     0.04970148
     0.04927256
     0.04884716
     0.04842523
     0.04802946
     0.04764422
     0.04726191
     0.04688251
     0.04650602
     0.04613240
     0.04575467
     0.04536278
     0.04497409
     0.04458857
     0.04420620
     0.04382697
     0.04345084
     0.04307779
     0.04270780
     0.04246148
     0.04231609
     0.04215972
     0.04199708
     0.04182317
     0.04165451
     0.04148917
     0.04132447
     0.04114057
     0.04093158
     0.04072361
     0.04051666
     0.04031070
     0.04010576
     0.03989603
     0.03964905
     0.03940353
     0.03915948
     0.03030303
     0.02020202
     0.01010101
     0.00000000
     0.00000000
     0.00000000
     0.00000000
     0.00000000
     0.00000000
     0.00000000
     0.00000000
     0.00000000
     0.00000000
     0.00000000
     0.00000000
     0.00000000
     0.00000000
     0.00000000
     0.00000000
     0.00000000
     0.00000000
     0.00000000
     0.00000000
     0.00000000
     0.04190932
     0.04222044
     0.04259916
     0.04301164
     0.04343235
     0.04387597
     0.04432392
     0.04477623
     0.04523294
     0.04569408
     0.04615969
     0.04664515
     0.04721574
     0.04779297
     0.04836309
     0.04893026
     0.04920789
     0.04938330
     0.04955931
     0.04970854
     0.04980938
     0.04991040
     0.05001162
     0.05011303
     0.05021464
     0.05031645
     0.05041977
     0.05056104
     0.05073082
     0.05090114
     0.05099767
     0.05089725
     0.05072036
     0.05054406
     0.05037657
     0.05021130
     0.05004654
     0.04988229
     0.04971220
     0.04936377
     0.04893762
     0.04851495
     0.04809796
     0.04771219
     0.04732936
     0.04694946
     0.04657245
     0.04619833
     0.04582706
     0.04545852
     0.04506904
     0.04468275
     0.04429961
     0.04391961
     0.04354272
     0.04316892
     0.04279818
     0.04243048
     0.04210893
     0.04196469
     0.04182092
     0.04167762
     0.04152945
     0.04135739
     0.04118601
     0.04101531
     0.04084528
     0.04064451
     0.04043794
     0.04023237
     0.04002780
     0.03982423
     0.03962166
     0.03937745
     0.03913355
     0.03889109
     0.03030303
     0.02020202
     0.01010101
     0.00000000
     0.00000000
     0.00000000
     0.00000000
     0.00000000
     0.00000000
     0.00000000
     0.00000000
     0.00000000
     0.00000000
     0.00000000
     0.00000000
     0.00000000
     0.00000000
     0.00000000
     0.00000000
     0.00000000
     0.00000000
     0.00000000
     0.00000000
     0.00000000
     0.04170682
     0.04205030
     0.04234277
     0.04271217
     0.04314543
     0.04358626
     0.04403139
     0.04448085
     0.04493468
     0.04539293
     0.04585562
     0.04631481
     0.04681136
     0.04736124
     0.04791725
     0.04847946
     0.04873404
     0.04890785
     0.04908225
     0.04924063
     0.04935506
     0.04946975
     0.04958469
     0.04969988
     0.04981533
     0.04992508
     0.05002633
     0.05013287
     0.05029509
     0.05041244
     0.05048613
     0.05047848
     0.05031289
     0.05014781
     0.04998325
     0.04981920
     0.04965566
     0.04949262
     0.04932514
     0.04902824
     0.04860483
     0.04818490
     0.04778026
     0.04739691
     0.04701649
     0.04663897
     0.04626434
     0.04589257
     0.04552364
     0.04515754
     0.04477711
     0.04439321
     0.04401244
     0.04363479
     0.04326023
     0.04288874
     0.04252031
     0.04215489
     0.04179248
     0.04161608
     0.04147345
     0.04133129
     0.04118960
     0.04104837
     0.04089293
     0.04072703
     0.04055815
     0.04038908
     0.04017674
     0.03996547
     0.03975527
     0.03954613
     0.03934339
     0.03910763
     0.03886533
     0.03862447
     0.03030303
     0.02020202
     0.01010101
     0.00000000
     0.00000000
     0.00000000
     0.00000000
     0.00000000
     0.00000000
     0.00000000
     0.00000000
     0.00000000
     0.00000000
     0.00000000
     0.00000000
     0.00000000
     0.00000000
     0.00000000
     0.00000000
     0.00000000
     0.00000000
     0.00000000
     0.00000000
     0.00000000
     0.04154791
     0.04187564
     0.04216682
     0.04245765
     0.04286032
     0.04329837
     0.04374069
     0.04418733
     0.04463831
     0.04506251
     0.04548294
     0.04590710
     0.04637913
     0.04692419
     0.04747533
     0.04798439
     0.04826452
     0.04843674
     0.04860955
     0.04875685
     0.04887022
     0.04898384
     0.04909770
     0.04921182
     0.04932620
     0.04944082
     0.04955569
     0.04967082
     0.04979252
     0.04987907
     0.04996946
     0.05006874
     0.04992004
     0.04975618
     0.04959284
     0.04943000
     0.04926767
     0.04910585
     0.04894093
     0.04869487
     0.04827420
     0.04785697
     0.04746455
     0.04708362
     0.04670558
     0.04633044
     0.04595817
     0.04558874
     0.04522214
     0.04485835
     0.04448699
     0.04410545
     0.04372704
     0.04335173
     0.04297949
     0.04261031
     0.04224416
     0.04188101
     0.04152086
     0.04127025
     0.04112875
     0.04098772
     0.04084716
     0.04070705
     0.04056741
     0.04041697
     0.04026232
     0.04010587
     0.03992556
     0.03971555
     0.03950661
     0.03929872
     0.03909188
     0.03885754
     0.03860998
     0.03836394
     0.03030303
     0.02020202
     0.01010101
     0.00000000
     0.00000000
     0.00000000
     0.00000000
     0.00000000
     0.00000000
     0.00000000
     0.00000000
     0.00000000
     0.00000000
     0.00000000
     0.00000000
     0.00000000
     0.00000000
     0.00000000
     0.00000000
     0.00000000
     0.00000000
     0.00000000
     0.00000000
     0.00000000
     0.04142462
     0.04172433
     0.04201224
     0.04230205
     0.04259377
     0.04301230
     0.04343656
     0.04384252
     0.04425209
     0.04466531
     0.04508221
     0.04550281
     0.04595071
     0.04649097
     0.04703727
     0.04748582
     0.04779427
     0.04796994
     0.04814117
     0.04827758
     0.04838989
     0.04850245
     0.04861526
     0.04872831
     0.04884162
     0.04895517
     0.04906922
     0.04919048
     0.04921675
     0.04930600
     0.04939540
     0.04948495
     0.04942361
     0.04927644
     0.04913084
     0.04898565
     0.04884086
     0.04869649
     0.04855027
     0.04836232
     0.04794569
     0.04753229
     0.04715083
     0.04677229
     0.04639663
     0.04602385
     0.04565392
     0.04528682
     0.04492254
     0.04456105
     0.04419866
     0.04381948
     0.04344341
     0.04307042
     0.04270049
     0.04233360
     0.04196972
     0.04160884
     0.04125092
     0.04092716
     0.04078680
     0.04064689
     0.04050744
     0.04036845
     0.04022992
     0.04009185
     0.03994632
     0.03979339
     0.03964103
     0.03946365
     0.03925944
     0.03905280
     0.03884721
     0.03862099
     0.03837488
     0.03813027
     0.03030303
     0.02020202
     0.01010101
     0.00000000
     0.00000000
     0.00000000
     0.00000000
     0.00000000
     0.00000000
     0.00000000
     0.00000000
     0.00000000
     0.00000000
     0.00000000
     0.00000000
     0.00000000
     0.00000000
     0.00000000
     0.00000000
     0.00000000
     0.00000000
     0.00000000
     0.00000000
     0.00000000
     0.04128629
     0.04157130
     0.04185820
     0.04214655
     0.04240071
     0.04265634
     0.04305305
     0.04345558
     0.04386171
     0.04427145
     0.04468484
     0.04510192
     0.04552605
     0.04606156
     0.04660306
     0.04699219
     0.04729758
     0.04750742
     0.04767707
     0.04780278
     0.04791405
     0.04802555
     0.04813731
     0.04824931
     0.04836584
     0.04848853
     0.04861151
     0.04865927
     0.04867105
     0.04873917
     0.04882760
     0.04891617
     0.04894248
     0.04878909
     0.04863615
     0.04849026
     0.04834687
     0.04820388
     0.04806037
     0.04788091
     0.04753604
     0.04715696
     0.04679965
     0.04644491
     0.04608963
     0.04571919
     0.04535160
     0.04498682
     0.04462483
     0.04426562
     0.04390918
     0.04353528
     0.04316154
     0.04279086
     0.04242323
     0.04205861
     0.04169700
     0.04133835
     0.04098266
     0.04062990
     0.04044756
     0.04030877
     0.04017043
     0.04003255
     0.03989513
     0.03975815
     0.03962163
     0.03948093
     0.03932971
     0.03917905
     0.03899554
     0.03879977
     0.03860400
     0.03838582
     0.03814115
     0.03789797
     0.03030303
     0.02020202
     0.01010101
     0.00000000
     0.00000000
     0.00000000
     0.00000000
     0.00000000
     0.00000000
     0.00000000
     0.00000000
     0.00000000
     0.00000000
     0.00000000
     0.00000000
     0.00000000
     0.00000000
     0.00000000
     0.00000000
     0.00000000
     0.00000000
     0.00000000
     0.00000000
     0.00000000
     0.04113480
     0.04139683
     0.04164667
     0.04189795
     0.04215068
     0.04240486
     0.04267277
     0.04307191
     0.04347461
     0.04388090
     0.04429082
     0.04470438
     0.04512163
     0.04563592
     0.04617266
     0.04650343
     0.04680581
     0.04704913
     0.04721723
     0.04733243
     0.04744265
     0.04755311
     0.04767204
     0.04779305
     0.04791435
     0.04803595
     0.04812185
     0.04813350
     0.04814516
     0.04817853
     0.04826599
     0.04835360
     0.04844136
     0.04831382
     0.04816230
     0.04801123
     0.04786061
     0.04771600
     0.04757478
     0.04739743
     0.04710174
     0.04673541
     0.04638114
     0.04602942
     0.04568025
     0.04533359
     0.04498944
     0.04464778
     0.04430860
     0.04397188
     0.04361788
     0.04325284
     0.04288141
     0.04251303
     0.04214768
     0.04178533
     0.04142596
     0.04106955
     0.04071608
     0.04036552
     0.04011103
     0.03997335
     0.03983611
     0.03969933
     0.03956300
     0.03942712
     0.03929169
     0.03915670
     0.03902074
     0.03887121
     0.03872223
     0.03853276
     0.03833922
     0.03814662
     0.03790838
     0.03766704
     0.03030303
     0.02020202
     0.01010101
     0.00000000
     0.00000000
     0.00000000
     0.00000000
     0.00000000
     0.00000000
     0.00000000
     0.00000000
     0.00000000
     0.00000000
     0.00000000
     0.00000000
     0.00000000
     0.00000000
     0.00000000
     0.00000000
     0.00000000
     0.00000000
     0.00000000
     0.00000000
     0.00000000
     0.04090546
     0.04115246
     0.04140088
     0.04165075
     0.04190205
     0.04215481
     0.04240902
     0.04269147
     0.04309077
     0.04349364
     0.04390011
     0.04431019
     0.04472393
     0.04521403
     0.04572196
     0.04601951
     0.04631889
     0.04659505
     0.04675752
     0.04686862
     0.04698770
     0.04710706
     0.04722671
     0.04734664
     0.04746687
     0.04758739
     0.04760160
     0.04761314
     0.04762468
     0.04763622
     0.04771052
     0.04779717
     0.04788398
     0.04784295
     0.04769283
     0.04754316
     0.04739393
     0.04724516
     0.04709682
     0.04691859
     0.04667127
     0.04631746
     0.04596620
     0.04561748
     0.04527128
     0.04492758
     0.04458637
     0.04424763
     0.04391135
     0.04357750
     0.04324608
     0.04290825
     0.04255965
     0.04221376
     0.04187055
     0.04151375
     0.04115662
     0.04080242
     0.04045115
     0.04010278
     0.03977718
     0.03964060
     0.03950446
     0.03936877
     0.03923353
     0.03909873
     0.03896438
     0.03883047
     0.03869701
     0.03856398
     0.03841784
     0.03826751
     0.03807525
     0.03788392
     0.03767507
     0.03743566
     0.03030303
     0.02020202
     0.01010101
     0.00000000
     0.00000000
     0.00000000
     0.00000000
     0.00000000
     0.00000000
     0.00000000
     0.00000000
     0.00000000
     0.00000000
     0.00000000
     0.00000000
     0.00000000
     0.00000000
     0.00000000
     0.00000000
     0.00000000
     0.00000000
     0.00000000
     0.00000000
     0.00000000
     0.04066386
     0.04090947
     0.04115649
     0.04140494
     0.04165483
     0.04190616
     0.04215893
     0.04241317
     0.04271018
     0.04310965
     0.04351269
     0.04391932
     0.04432958
     0.04479586
     0.04524579
     0.04554038
     0.04583680
     0.04613493
     0.04631270
     0.04643043
     0.04654844
     0.04666674
     0.04678533
     0.04690420
     0.04702336
     0.04707528
     0.04708669
     0.04709811
     0.04710954
     0.04712096
     0.04716112
     0.04724683
     0.04733268
     0.04737644
     0.04722771
     0.04707943
     0.04693159
     0.04678419
     0.04663723
     0.04645741
     0.04625385
     0.04590306
     0.04555479
     0.04520904
     0.04486580
     0.04452503
     0.04418674
     0.04385090
     0.04351749
     0.04318651
     0.04285793
     0.04252649
     0.04218086
     0.04183791
     0.04149763
     0.04115999
     0.04082499
     0.04049260
     0.04016280
     0.03983557
     0.03949833
     0.03931051
     0.03917546
     0.03904085
     0.03890669
     0.03877297
     0.03863970
     0.03850686
     0.03837446
     0.03824250
     0.03811097
     0.03796955
     0.03781303
     0.03762296
     0.03743382
     0.03720514
     0.03030303
     0.02020202
     0.01010101
     0.00000000
     0.00000000
     0.00000000
     0.00000000
     0.00000000
     0.00000000
     0.00000000
     0.00000000
     0.00000000
     0.00000000
     0.00000000
     0.00000000
     0.00000000
     0.00000000
     0.00000000
     0.00000000
     0.00000000
     0.00000000
     0.00000000
     0.00000000
     0.00000000
     0.04042364
     0.04066785
     0.04091348
     0.04116053
     0.04140900
     0.04165891
     0.04191026
     0.04216306
     0.04241732
     0.04272889
     0.04312853
     0.04353174
     0.04393854
     0.04438138
     0.04477434
     0.04506601
     0.04535597
     0.04564324
     0.04587945
     0.04599613
     0.04611310
     0.04623034
     0.04634788
     0.04646569
     0.04655449
     0.04656579
     0.04657709
     0.04658839
     0.04659970
     0.04661100
     0.04662231
     0.04670251
     0.04678742
     0.04687248
     0.04676690
     0.04662000
     0.04647353
     0.04632750
     0.04618190
     0.04600501
     0.04582463
     0.04549219
     0.04514689
     0.04480409
     0.04446378
     0.04412593
     0.04379053
     0.04345756
     0.04312701
     0.04279886
     0.04247310
     0.04214798
     0.04180529
     0.04146526
     0.04112788
     0.04079312
     0.04046098
     0.04013143
     0.03980445
     0.03948002
     0.03915814
     0.03895814
     0.03884908
     0.03871555
     0.03858247
     0.03844982
     0.03831761
     0.03818583
     0.03805449
     0.03792359
     0.03779312
     0.03766308
     0.03752629
     0.03736373
     0.03717584
     0.03697598
     0.03030303
     0.02020202
     0.01010101
     0.00000000
     0.00000000
     0.00000000
     0.00000000
     0.00000000
     0.00000000
     0.00000000
     0.00000000
     0.00000000
     0.00000000
     0.00000000
     0.00000000
     0.00000000
     0.00000000
     0.00000000
     0.00000000
     0.00000000
     0.00000000
     0.00000000
     0.00000000
     0.00000000
     0.04018477
     0.04042760
     0.04067184
     0.04091749
     0.04116456
     0.04141306
     0.04166299
     0.04191437
     0.04216719
     0.04242148
     0.04274761
     0.04314742
     0.04355080
     0.04397055
     0.04430758
     0.04458955
     0.04487219
     0.04515655
     0.04538635
     0.04556571
     0.04568163
     0.04579783
     0.04591432
     0.04603108
     0.04605037
     0.04606155
     0.04607273
     0.04608392
     0.04609511
     0.04610630
     0.04611749
     0.04616416
     0.04624814
     0.04633227
     0.04631037
     0.04616483
     0.04601972
     0.04587505
     0.04573081
     0.04555681
     0.04537810
     0.04508482
     0.04474247
     0.04440260
     0.04406520
     0.04373024
     0.04339771
     0.04306759
     0.04273988
     0.04241454
     0.04209158
     0.04177096
     0.04143291
     0.04109578
     0.04076128
     0.04042939
     0.04010008
     0.03977335
     0.03944917
     0.03912752
     0.03880839
     0.03850536
     0.03848863
     0.03839286
     0.03826083
     0.03812925
     0.03799810
     0.03786738
     0.03773709
     0.03760723
     0.03747781
     0.03734881
     0.03722024
     0.03708800
     0.03691957
     0.03673383
     0.03030303
     0.02020202
     0.01010101
     0.00000000
     0.00000000
     0.00000000
     0.00000000
     0.00000000
     0.00000000
     0.00000000
     0.00000000
     0.00000000
     0.00000000
     0.00000000
     0.00000000
     0.00000000
     0.00000000
     0.00000000
     0.00000000
     0.00000000
     0.00000000
     0.00000000
     0.00000000
     0.00000000
     0.03994726
     0.04018872
     0.04043157
     0.04067583
     0.04092150
     0.04116860
     0.04141712
     0.04166708
     0.04191847
     0.04217132
     0.04242563
     0.04276468
     0.04316203
     0.04356096
     0.04383548
     0.04411357
     0.04439333
     0.04467479
     0.04488610
     0.04506872
     0.04525206
     0.04536917
     0.04548462
     0.04554038
     0.04555144
     0.04556251
     0.04557358
     0.04558465
     0.04559572
     0.04560679
     0.04561787
     0.04563172
     0.04571478
     0.04579798
     0.04585809
     0.04571390
     0.04557014
     0.04542681
     0.04528391
     0.04511277
     0.04493572
     0.04468093
     0.04434151
     0.04400455
     0.04367002
     0.04333793
     0.04300825
     0.04268097
     0.04235606
     0.04203352
     0.04171333
     0.04139548
     0.04106372
     0.04072946
     0.04039782
     0.04006876
     0.03974227
     0.03941833
     0.03909692
     0.03877803
     0.03846164
     0.03814772
     0.03804109
     0.03802456
     0.03794178
     0.03781125
     0.03768114
     0.03755147
     0.03742223
     0.03729342
     0.03716503
     0.03703707
     0.03690953
     0.03678241
     0.03665463
     0.03648049
     0.03030303
     0.02020202
     0.01010101
     0.00000000
     0.00000000
     0.00000000
     0.00000000
     0.00000000
     0.00000000
     0.00000000
     0.00000000
     0.00000000
     0.00000000
     0.00000000
     0.00000000
     0.00000000
     0.00000000
     0.00000000
     0.00000000
     0.00000000
     0.00000000
     0.00000000
     0.00000000
     0.00000000
     0.03970894
     0.03994659
     0.04018561
     0.04042600
     0.04066777
     0.04091092
     0.04115546
     0.04140140
     0.04164874
     0.04189750
     0.04214768
     0.04239929
     0.04275176
     0.04309785
     0.04336718
     0.04364243
     0.04391935
     0.04419794
     0.04439110
     0.04457180
     0.04475321
     0.04493532
     0.04503577
     0.04504672
     0.04505767
     0.04506862
     0.04507957
     0.04509053
     0.04510149
     0.04511245
     0.04512341
     0.04513438
     0.04518728
     0.04526956
     0.04535199
     0.04526716
     0.04512474
     0.04498275
     0.04484118
     0.04467285
     0.04449745
     0.04428050
     0.04394397
     0.04360989
     0.04327824
     0.04294899
     0.04262214
     0.04229766
     0.04197554
     0.04165578
     0.04133834
     0.04102322
     0.04069767
     0.04036627
     0.04003746
     0.03971121
     0.03938752
     0.03906635
     0.03874770
     0.03843154
     0.03811787
     0.03780665
     0.03759854
     0.03758220
     0.03756586
     0.03749579
     0.03736673
     0.03723810
     0.03710990
     0.03698212
     0.03685476
     0.03672783
     0.03660131
     0.03647522
     0.03634954
     0.03622428
     0.03030303
     0.02020202
     0.01010101
     0.00000000
     0.00000000
     0.00000000
     0.00000000
     0.00000000
     0.00000000
     0.00000000
     0.00000000
     0.00000000
     0.00000000
     0.00000000
     0.00000000
     0.00000000
     0.00000000
     0.00000000
     0.00000000
     0.00000000
     0.00000000
     0.00000000
     0.00000000
     0.00000000
     0.03944720
     0.03968336
     0.03992086
     0.04015974
     0.04039998
     0.04064159
     0.04088459
     0.04112898
     0.04137477
     0.04162197
     0.04187057
     0.04212060
     0.04237205
     0.04263944
     0.04290366
     0.04317611
     0.04345020
     0.04372319
     0.04390131
     0.04408011
     0.04425961
     0.04443981
     0.04453138
     0.04455816
     0.04456900
     0.04457983
     0.04459067
     0.04460151
     0.04461236
     0.04462321
     0.04463406
     0.04464491
     0.04466557
     0.04474696
     0.04482848
     0.04482458
     0.04468349
     0.04454282
     0.04440257
     0.04423703
     0.04406326
     0.04388348
     0.04354984
     0.04321862
     0.04288981
     0.04256338
     0.04223933
     0.04191764
     0.04159830
     0.04128128
     0.04096657
     0.04065417
     0.04033475
     0.04000618
     0.03968018
     0.03935673
     0.03903580
     0.03871739
     0.03840147
     0.03808803
     0.03777704
     0.03746850
     0.03716238
     0.03714478
     0.03712863
     0.03711248
     0.03705485
     0.03692725
     0.03680007
     0.03667332
     0.03654698
     0.03642107
     0.03629557
     0.03617049
     0.03604582
     0.03592157
     0.03030303
     0.02020202
     0.01010101
     0.00000000
     0.00000000
     0.00000000
     0.00000000
     0.00000000
     0.00000000
     0.00000000
     0.00000000
     0.00000000
     0.00000000
     0.00000000
     0.00000000
     0.00000000
     0.00000000
     0.00000000
     0.00000000
     0.00000000
     0.00000000
     0.00000000
     0.00000000
     0.00000000
     0.03918712
     0.03942178
     0.03965779
     0.03989515
     0.04013388
     0.04037397
     0.04061544
     0.04085829
     0.04110253
     0.04134816
     0.04159520
     0.04184366
     0.04209353
     0.04230388
     0.04256827
     0.04283424
     0.04310180
     0.04334928
     0.04350383
     0.04365891
     0.04381452
     0.04391059
     0.04397434
     0.04405192
     0.04408538
     0.04409610
     0.04410683
     0.04411756
     0.04412829
     0.04413903
     0.04414977
     0.04416051
     0.04417125
     0.04423010
     0.04431073
     0.04438613
     0.04424635
     0.04410700
     0.04396806
     0.04380526
     0.04363311
     0.04346160
     0.04315908
     0.04283070
     0.04250471
     0.04218108
     0.04185982
     0.04154089
     0.04122429
     0.04091000
     0.04059801
     0.04028829
     0.03997493
     0.03964917
     0.03932596
     0.03900528
     0.03868710
     0.03837142
     0.03805821
     0.03774746
     0.03743915
     0.03713326
     0.03682977
     0.03671227
     0.03669629
     0.03668033
     0.03666437
     0.03661889
     0.03649274
     0.03636700
     0.03624168
     0.03611678
     0.03599229
     0.03586821
     0.03574455
     0.03562130
     0.03030303
     0.02020202
     0.01010101
     0.00000000
     0.00000000
     0.00000000
     0.00000000
     0.00000000
     0.00000000
     0.00000000
     0.00000000
     0.00000000
     0.00000000
     0.00000000
     0.00000000
     0.00000000
     0.00000000
     0.00000000
     0.00000000
     0.00000000
     0.00000000
     0.00000000
     0.00000000
     0.00000000
     0.03892869
     0.03916186
     0.03939638
     0.03963224
     0.03986946
     0.04010803
     0.04034798
     0.04058929
     0.04083199
     0.04107608
     0.04132157
     0.04156846
     0.04181676
     0.04203673
     0.04229953
     0.04256389
     0.04282984
     0.04305751
     0.04321107
     0.04335905
     0.04342128
     0.04348359
     0.04354598
     0.04360846
     0.04367103
     0.04373368
     0.04373956
     0.04372544
     0.04371133
     0.04369722
     0.04368312
     0.04368112
     0.04369175
     0.04371894
     0.04379868
     0.04387856
     0.04381330
     0.04367524
     0.04353761
     0.04337751
     0.04320697
     0.04303706
     0.04277167
     0.04244611
     0.04212291
     0.04180207
     0.04148357
     0.04116738
     0.04085351
     0.04054193
     0.04023262
     0.03992558
     0.03961819
     0.03929522
     0.03897477
     0.03865684
     0.03834140
     0.03802842
     0.03771791
     0.03740982
     0.03710416
     0.03680090
     0.03650003
     0.03628460
     0.03626880
     0.03625301
     0.03623723
     0.03622146
     0.03618787
     0.03606314
     0.03593883
     0.03581494
     0.03569145
     0.03556837
     0.03544570
     0.03532344
     0.03030303
     0.02020202
     0.01010101
     0.00000000
     0.00000000
     0.00000000
     0.00000000
     0.00000000
     0.00000000
     0.00000000
     0.00000000
     0.00000000
     0.00000000
     0.00000000
     0.00000000
     0.00000000
     0.00000000
     0.00000000
     0.00000000
     0.00000000
     0.00000000
     0.00000000
     0.00000000
     0.00000000
     0.03867189
     0.03890359
     0.03913662
     0.03937099
     0.03960671
     0.03984377
     0.04008220
     0.04032200
     0.04056317
     0.04080572
     0.04104966
     0.04129499
     0.04153089
     0.04177120
     0.04203240
     0.04229517
     0.04255951
     0.04276761
     0.04287561
     0.04293717
     0.04299882
     0.04306055
     0.04312236
     0.04318426
     0.04324625
     0.04330832
     0.04337047
     0.04343271
     0.04344681
     0.04343278
     0.04341876
     0.04340474
     0.04339073
     0.04337672
     0.04341688
     0.04347147
     0.04345989
     0.04329837
     0.04313742
     0.04295557
     0.04278480
     0.04261648
     0.04238758
     0.04206482
     0.04174440
     0.04142631
     0.04111055
     0.04079709
     0.04048592
     0.04017702
     0.03987039
     0.03956599
     0.03926383
     0.03894429
     0.03862660
     0.03831139
     0.03799865
     0.03768837
     0.03738052
     0.03707509
     0.03677206
     0.03647141
     0.03617313
     0.03587719
     0.03584611
     0.03583050
     0.03581489
     0.03579929
     0.03578370
     0.03576173
     0.03563842
     0.03551552
     0.03539303
     0.03527095
     0.03514927
     0.03502799
     0.03030303
     0.02020202
     0.01010101
     0.00000000
     0.00000000
     0.00000000
     0.00000000
     0.00000000
     0.00000000
     0.00000000
     0.00000000
     0.00000000
     0.00000000
     0.00000000
     0.00000000
     0.00000000
     0.00000000
     0.00000000
     0.00000000
     0.00000000
     0.00000000
     0.00000000
     0.00000000
     0.00000000
     0.03841671
     0.03864694
     0.03887850
     0.03911139
     0.03934562
     0.03958119
     0.03981811
     0.04005639
     0.04029604
     0.04053706
     0.04077946
     0.04102325
     0.04124918
     0.04150727
     0.04176690
     0.04202808
     0.04229082
     0.04239731
     0.04245822
     0.04251921
     0.04258028
     0.04264144
     0.04270268
     0.04276400
     0.04282541
     0.04288691
     0.04294848
     0.04301014
     0.04307189
     0.04313372
     0.04315592
     0.04314199
     0.04312806
     0.04311413
     0.04312341
     0.04317765
     0.04323195
     0.04308270
     0.04292252
     0.04274270
     0.04255042
     0.04235896
     0.04214376
     0.04181302
     0.04148477
     0.04115899
     0.04083566
     0.04051475
     0.04019627
     0.03988018
     0.03956648
     0.03925514
     0.03894615
     0.03862294
     0.03829891
     0.03797750
     0.03765886
     0.03735124
     0.03704604
     0.03674324
     0.03644281
     0.03614476
     0.03584905
     0.03555567
     0.03542816
     0.03541272
     0.03539729
     0.03538187
     0.03536645
     0.03535104
     0.03533564
     0.03521852
     0.03509702
     0.03497591
     0.03485522
     0.03473492
     0.03030303
     0.02020202
     0.01010101
     0.00000000
     0.00000000
     0.00000000
     0.00000000
     0.00000000
     0.00000000
     0.00000000
     0.00000000
     0.00000000
     0.00000000
     0.00000000
     0.00000000
     0.00000000
     0.00000000
     0.00000000
     0.00000000
     0.00000000
     0.00000000
     0.00000000
     0.00000000
     0.00000000
     0.03816316
     0.03839193
     0.03862202
     0.03885343
     0.03908618
     0.03932026
     0.03955568
     0.03979246
     0.04003060
     0.04027010
     0.04051097
     0.04075322
     0.04098841
     0.04124493
     0.04150299
     0.04174012
     0.04190570
     0.04198438
     0.04204472
     0.04210514
     0.04216564
     0.04222623
     0.04228690
     0.04234765
     0.04240849
     0.04246941
     0.04253042
     0.04259150
     0.04265268
     0.04271393
     0.04277527
     0.04283670
     0.04286690
     0.04285306
     0.04283921
     0.04288572
     0.04293967
     0.04286806
     0.04270864
     0.04253085
     0.04233947
     0.04214892
     0.04195919
     0.04163599
     0.04130907
     0.04098461
     0.04066259
     0.04034299
     0.04002579
     0.03971099
     0.03939856
     0.03908850
     0.03878077
     0.03845980
     0.03813709
     0.03781699
     0.03749946
     0.03718450
     0.03687208
     0.03656218
     0.03625479
     0.03594989
     0.03564746
     0.03534748
     0.03507698
     0.03499964
     0.03498438
     0.03496913
     0.03495389
     0.03493865
     0.03492342
     0.03490820
     0.03480339
     0.03468326
     0.03456354
     0.03444421
     0.03030303
     0.02020202
     0.01010101
     0.00000000
     0.00000000
     0.00000000
     0.00000000
     0.00000000
     0.00000000
     0.00000000
     0.00000000
     0.00000000
     0.00000000
     0.00000000
     0.00000000
     0.00000000
     0.00000000
     0.00000000
     0.00000000
     0.00000000
     0.00000000
     0.00000000
     0.00000000
     0.00000000
     0.03791121
     0.03813853
     0.03836716
     0.03859711
     0.03882838
     0.03906098
     0.03929492
     0.03953020
     0.03976683
     0.04000482
     0.04024417
     0.04048489
     0.04072921
     0.04098418
     0.04118647
     0.04134996
     0.04151406
     0.04157529
     0.04163506
     0.04169492
     0.04175486
     0.04181489
     0.04187499
     0.04193518
     0.04199545
     0.04205580
     0.04211624
     0.04217676
     0.04223736
     0.04229805
     0.04235882
     0.04241967
     0.04248061
     0.04254163
     0.04257973
     0.04259568
     0.04264929
     0.04265444
     0.04249578
     0.04231999
     0.04212952
     0.04193987
     0.04175104
     0.04145968
     0.04113408
     0.04081093
     0.04049022
     0.04017192
     0.03985601
     0.03954249
     0.03923134
     0.03892253
     0.03861606
     0.03829733
     0.03797593
     0.03765712
     0.03734089
     0.03702720
     0.03671606
     0.03640742
     0.03610129
     0.03579763
     0.03549643
     0.03519768
     0.03490135
     0.03470533
     0.03457612
     0.03456104
     0.03454597
     0.03453091
     0.03451585
     0.03450079
     0.03448575
     0.03439297
     0.03427422
     0.03415585
     0.03030303
     0.02020202
     0.01010101
     0.00000000
     0.00000000
     0.00000000
     0.00000000
     0.00000000
     0.00000000
     0.00000000
     0.00000000
     0.00000000
     0.00000000
     0.00000000
     0.00000000
     0.00000000
     0.00000000
     0.00000000
     0.00000000
     0.00000000
     0.00000000
     0.00000000
     0.00000000
     0.00000000
     0.03766086
     0.03788674
     0.03811392
     0.03834241
     0.03857222
     0.03880334
     0.03903580
     0.03926959
     0.03950473
     0.03974121
     0.03997905
     0.04021967
     0.04047159
     0.04063986
     0.04080126
     0.04096329
     0.04111088
     0.04117001
     0.04122923
     0.04128853
     0.04134791
     0.04140738
     0.04146692
     0.04152655
     0.04158626
     0.04164605
     0.04170592
     0.04176588
     0.04182592
     0.04188604
     0.04194624
     0.04200653
     0.04206689
     0.04212735
     0.04218788
     0.04224850
     0.04236078
     0.04241410
     0.04228393
     0.04211014
     0.04192057
     0.04173182
     0.04154389
     0.04128408
     0.04095980
     0.04063797
     0.04031855
     0.04000154
     0.03968692
     0.03937468
     0.03906479
     0.03875724
     0.03845202
     0.03813552
     0.03781543
     0.03749791
     0.03718296
     0.03687055
     0.03656067
     0.03625330
     0.03594841
     0.03564599
     0.03534602
     0.03504849
     0.03475336
     0.03451993
     0.03433746
     0.03415754
     0.03414264
     0.03412775
     0.03411286
     0.03409797
     0.03408310
     0.03406823
     0.03398723
     0.03386982
     0.03030303
     0.02020202
     0.01010101
     0.00000000
     0.00000000
     0.00000000
     0.00000000
     0.00000000
     0.00000000
     0.00000000
     0.00000000
     0.00000000
     0.00000000
     0.00000000
     0.00000000
     0.00000000
     0.00000000
     0.00000000
     0.00000000
     0.00000000
     0.00000000
     0.00000000
     0.00000000
     0.00000000
     0.03741209
     0.03763654
     0.03786228
     0.03808932
     0.03831767
     0.03854734
     0.03877832
     0.03901063
     0.03924428
     0.03947927
     0.03971561
     0.03994144
     0.04010019
     0.04025955
     0.04041951
     0.04058008
     0.04070994
     0.04076852
     0.04082719
     0.04088593
     0.04094476
     0.04100367
     0.04106266
     0.04112173
     0.04118088
     0.04124011
     0.04129943
     0.04135883
     0.04141830
     0.04147786
     0.04153751
     0.04159723
     0.04165704
     0.04171692
     0.04177690
     0.04183695
     0.04193835
     0.04207496
     0.04207309
     0.04190128
     0.04171261
     0.04152476
     0.04133771
     0.04110919
     0.04078623
     0.04046570
     0.04014758
     0.03983186
     0.03951852
     0.03920755
     0.03889892
     0.03859263
     0.03828865
     0.03797437
     0.03765557
     0.03733935
     0.03702568
     0.03671454
     0.03640592
     0.03609980
     0.03579615
     0.03549497
     0.03519622
     0.03489990
     0.03460599
     0.03433548
     0.03415396
     0.03397336
     0.03379369
     0.03372913
     0.03371441
     0.03369969
     0.03368499
     0.03367028
     0.03365559
     0.03358610
     0.03030303
     0.02020202
     0.01010101
     0.00000000
     0.00000000
     0.00000000
     0.00000000
     0.00000000
     0.00000000
     0.00000000
     0.00000000
     0.00000000
     0.00000000
     0.00000000
     0.00000000
     0.00000000
     0.00000000
     0.00000000
     0.00000000
     0.00000000
     0.00000000
     0.00000000
     0.00000000
     0.00000000
     0.03716491
     0.03738793
     0.03761224
     0.03783784
     0.03806475
     0.03829295
     0.03852247
     0.03875332
     0.03898545
     0.03919062
     0.03939683
     0.03956740
     0.03972473
     0.03988265
     0.04004118
     0.04020031
     0.04031274
     0.04037078
     0.04042890
     0.04048709
     0.04054537
     0.04060373
     0.04066217
     0.04072069
     0.04077929
     0.04083797
     0.04089673
     0.04095557
     0.04101449
     0.04107350
     0.04113258
     0.04119175
     0.04125100
     0.04131033
     0.04136974
     0.04142923
     0.04149578
     0.04163101
     0.04174132
     0.04169341
     0.04150564
     0.04131868
     0.04113252
     0.04093501
     0.04061336
     0.04029413
     0.03997731
     0.03966287
     0.03935081
     0.03904110
     0.03873373
     0.03842868
     0.03812594
     0.03781386
     0.03749636
     0.03718142
     0.03686903
     0.03655916
     0.03625180
     0.03594692
     0.03564451
     0.03534456
     0.03504704
     0.03475193
     0.03445921
     0.03416888
     0.03397140
     0.03379174
     0.03361299
     0.03343516
     0.03332045
     0.03330591
     0.03329136
     0.03327683
     0.03326229
     0.03324777
     0.03030303
     0.02020202
     0.01010101
     0.00000000
     0.00000000
     0.00000000
     0.00000000
     0.00000000
     0.00000000
     0.00000000
     0.00000000
     0.00000000
     0.00000000
     0.00000000
     0.00000000
     0.00000000
     0.00000000
     0.00000000
     0.00000000
     0.00000000
     0.00000000
     0.00000000
     0.00000000
     0.00000000
     0.03691930
     0.03714090
     0.03736379
     0.03758796
     0.03781342
     0.03804018
     0.03824706
     0.03844851
     0.03865097
     0.03885446
     0.03905897
     0.03919672
     0.03935263
     0.03950914
     0.03966624
     0.03982394
     0.03991926
     0.03997676
     0.04003433
     0.04009198
     0.04014972
     0.04020753
     0.04026542
     0.04032339
     0.04038144
     0.04043958
     0.04049779
     0.04055608
     0.04061445
     0.04067291
     0.04073144
     0.04079006
     0.04084875
     0.04090753
     0.04096638
     0.04102532
     0.04108434
     0.04119154
     0.04132582
     0.04131948
     0.04126473
     0.04111357
     0.04092830
     0.04074383
     0.04044119
     0.04012326
     0.03980772
     0.03949457
     0.03918377
     0.03887533
     0.03856921
     0.03826541
     0.03796390
     0.03765402
     0.03733780
     0.03702415
     0.03671302
     0.03640441
     0.03609830
     0.03579467
     0.03549350
     0.03519477
     0.03489846
     0.03460456
     0.03431304
     0.03402389
     0.03378979
     0.03361105
     0.03343323
     0.03325631
     0.03308030
     0.03291656
     0.03290218
     0.03288781
     0.03287344
     0.03285908
     0.03030303
     0.02020202
     0.01010101
     0.00000000
     0.00000000
     0.00000000
     0.00000000
     0.00000000
     0.00000000
     0.00000000
     0.00000000
     0.00000000
     0.00000000
     0.00000000
     0.00000000
     0.00000000
     0.00000000
     0.00000000
     0.00000000
     0.00000000
     0.00000000
     0.00000000
     0.00000000
     0.00000000
     0.00000000
     0.03689545
     0.03711691
     0.03732534
     0.03752212
     0.03771989
     0.03791867
     0.03811845
     0.03831925
     0.03852105
     0.03872388
     0.03882937
     0.03898388
     0.03913898
     0.03929467
     0.03945096
     0.03952946
     0.03958642
     0.03964346
     0.03970057
     0.03975776
     0.03981503
     0.03987238
     0.03992981
     0.03998732
     0.04004491
     0.04010258
     0.04016033
     0.04021815
     0.04027606
     0.04033405
     0.04039211
     0.04045026
     0.04050849
     0.04056679
     0.04062518
     0.04068365
     0.04075651
     0.04088943
     0.04094330
     0.04088903
     0.04083482
     0.04072506
     0.04054146
     0.04026972
     0.03995308
     0.03963883
     0.03932695
     0.03901742
     0.03871023
     0.03840536
     0.03810280
     0.03780252
     0.03749482
     0.03717989
     0.03686751
     0.03655765
     0.03625030
     0.03594544
     0.03564304
     0.03534310
     0.03504559
     0.03475049
     0.03445779
     0.03416746
     0.03387950
     0.03360911
     0.03343130
     0.03325439
     0.03307839
     0.03290328
     0.03272908
     0.03255576
     0.03250319
     0.03248898
     0.03247479
     0.03030303
     0.02020202
     0.01010101
     0.00000000
     0.00000000
     0.00000000
     0.00000000
     0.00000000
     0.00000000
     0.00000000
     0.00000000
     0.00000000
     0.00000000
     0.00000000
     0.00000000
     0.00000000
     0.00000000
     0.00000000
     0.00000000
     0.00000000
     0.00000000
     0.00000000
     0.00000000
     0.00000000
     0.00000000
     0.03661720
     0.03681038
     0.03700455
     0.03719970
     0.03739585
     0.03759298
     0.03779112
     0.03799026
     0.03819040
     0.03837193
     0.03846818
     0.03861845
     0.03877215
     0.03892644
     0.03908132
     0.03914332
     0.03919974
     0.03925624
     0.03931282
     0.03936948
     0.03942621
     0.03948302
     0.03953992
     0.03959689
     0.03965394
     0.03971106
     0.03976827
     0.03982556
     0.03988292
     0.03994037
     0.03999789
     0.04005549
     0.04011318
     0.04017094
     0.04022878
     0.04028670
     0.04034470
     0.04045746
     0.04057040
     0.04051660
     0.04046287
     0.04040920
     0.04034005
     0.04009895
     0.03978360
     0.03947062
     0.03916001
     0.03885174
     0.03854580
     0.03824218
     0.03794085
     0.03764181
     0.03733626
     0.03702262
     0.03671151
     0.03640291
     0.03609681
     0.03579319
     0.03549203
     0.03519331
     0.03489701
     0.03460312
     0.03431162
     0.03402248
     0.03373570
     0.03345125
     0.03325247
     0.03307648
     0.03290138
     0.03272718
     0.03255388
     0.03238146
     0.03220992
     0.03210887
     0.03209483
     0.03030303
     0.02020202
     0.01010101
     0.00000000
     0.00000000
     0.00000000
     0.00000000
     0.00000000
     0.00000000
     0.00000000
     0.00000000
     0.00000000
     0.00000000
     0.00000000
     0.00000000
     0.00000000
     0.00000000
     0.00000000
     0.00000000
     0.00000000
     0.00000000
     0.00000000
     0.00000000
     0.00000000
     0.00000000
     0.03630227
     0.03649386
     0.03668642
     0.03687996
     0.03707448
     0.03726999
     0.03746649
     0.03766398
     0.03786247
     0.03801878
     0.03811419
     0.03825630
     0.03840862
     0.03856152
     0.03870498
     0.03876079
     0.03881668
     0.03887266
     0.03892870
     0.03898483
     0.03904103
     0.03909731
     0.03915367
     0.03921011
     0.03926662
     0.03932322
     0.03937989
     0.03943664
     0.03949347
     0.03955037
     0.03960736
     0.03966442
     0.03972156
     0.03977878
     0.03983608
     0.03989346
     0.03995092
     0.04002987
     0.04015421
     0.04014742
     0.04009416
     0.04004096
     0.03998784
     0.03992128
     0.03961480
     0.03930310
     0.03899375
     0.03868674
     0.03838205
     0.03807967
     0.03777957
     0.03748174
     0.03717835
     0.03686598
     0.03655614
     0.03624880
     0.03594395
     0.03564157
     0.03534163
     0.03504414
     0.03474905
     0.03445636
     0.03416605
     0.03387810
     0.03359249
     0.03330920
     0.03307456
     0.03289948
     0.03272529
     0.03255200
     0.03237959
     0.03220806
     0.03203741
     0.03186764
     0.03171918
     0.03030303
     0.02020202
     0.01010101
     0.00000000
     0.00000000
     0.00000000
     0.00000000
     0.00000000
     0.00000000
     0.00000000
     0.00000000
     0.00000000
     0.00000000
     0.00000000
     0.00000000
     0.00000000
     0.00000000
     0.00000000
     0.00000000
     0.00000000
     0.00000000
     0.00000000
     0.00000000
     0.00000000
     0.00000000
     0.03598995
     0.03617995
     0.03637092
     0.03656286
     0.03675577
     0.03694966
     0.03714453
     0.03734040
     0.03753725
     0.03766876
     0.03776332
     0.03789742
     0.03804836
     0.03819989
     0.03832656
     0.03838185
     0.03843722
     0.03849267
     0.03854819
     0.03860379
     0.03865947
     0.03871522
     0.03877105
     0.03882696
     0.03888294
     0.03893900
     0.03899514
     0.03905136
     0.03910766
     0.03916403
     0.03922048
     0.03927701
     0.03933362
     0.03939030
     0.03944707
     0.03950391
     0.03956083
     0.03961783
     0.03973045
     0.03978147
     0.03972867
     0.03967594
     0.03962328
     0.03957049
     0.03944670
     0.03913626
     0.03882818
     0.03852241
     0.03821897
     0.03791781
     0.03761894
     0.03732233
     0.03702109
     0.03670999
     0.03640141
     0.03609532
     0.03579171
     0.03549056
     0.03519185
     0.03489557
     0.03460169
     0.03431020
     0.03402107
     0.03373430
     0.03344986
     0.03316774
     0.03289758
     0.03272340
     0.03255012
     0.03237772
     0.03220620
     0.03203556
     0.03186580
     0.03169690
     0.03152887
     0.03030303
     0.02020202
     0.01010101
     0.00000000
     0.00000000
     0.00000000
     0.00000000
     0.00000000
     0.00000000
     0.00000000
     0.00000000
     0.00000000
     0.00000000
     0.00000000
     0.00000000
     0.00000000
     0.00000000
     0.00000000
     0.00000000
     0.00000000
     0.00000000
     0.00000000
     0.00000000
     0.00000000
     0.00000000
     0.03568021
     0.03586864
     0.03605803
     0.03624838
     0.03643969
     0.03663198
     0.03682524
     0.03701949
     0.03721472
     0.03732183
     0.03741555
     0.03754177
     0.03769135
     0.03784151
     0.03795170
     0.03800647
     0.03806132
     0.03811625
     0.03817125
     0.03822633
     0.03828148
     0.03833671
     0.03839201
     0.03844740
     0.03850286
     0.03855839
     0.03861401
     0.03866970
     0.03872546
     0.03878131
     0.03883723
     0.03889323
     0.03894931
     0.03900546
     0.03906169
     0.03911800
     0.03917439
     0.03923085
     0.03931097
     0.03941790
     0.03936638
     0.03931411
     0.03926191
     0.03920977
     0.03911041
     0.03897010
     0.03866327
     0.03835876
     0.03805655
     0.03775662
     0.03745897
     0.03716358
     0.03686446
     0.03655463
     0.03624730
     0.03594246
     0.03564009
     0.03534017
     0.03504269
     0.03474761
     0.03445493
     0.03416463
     0.03387669
     0.03359110
     0.03330782
     0.03302686
     0.03274818
     0.03254823
     0.03237584
     0.03220434
     0.03203199
     0.03185648
     0.03168189
     0.03150823
     0.03133549
     0.03030303
     0.02020202
     0.01010101
     0.00000000
     0.00000000
     0.00000000
     0.00000000
     0.00000000
     0.00000000
     0.00000000
     0.00000000
     0.00000000
     0.00000000
     0.00000000
     0.00000000
     0.00000000
     0.00000000
     0.00000000
     0.00000000
     0.00000000
     0.00000000
     0.00000000
     0.00000000
     0.00000000
     0.00000000
     0.03537305
     0.03555991
     0.03574773
     0.03593650
     0.03612623
     0.03631693
     0.03650859
     0.03670123
     0.03688531
     0.03697798
     0.03707087
     0.03718933
     0.03733757
     0.03748637
     0.03758036
     0.03763462
     0.03768896
     0.03774336
     0.03779785
     0.03785241
     0.03790704
     0.03796175
     0.03801654
     0.03807140
     0.03812634
     0.03818136
     0.03823645
     0.03829161
     0.03834686
     0.03840218
     0.03845757
     0.03851305
     0.03856860
     0.03862423
     0.03867993
     0.03873571
     0.03879157
     0.03884751
     0.03889963
     0.03900159
     0.03900725
     0.03895544
     0.03890370
     0.03885202
     0.03876646
     0.03865547
     0.03849904
     0.03819577
     0.03789479
     0.03759609
     0.03729966
     0.03700547
     0.03670847
     0.03639990
     0.03609383
     0.03579023
     0.03548909
     0.03519040
     0.03489413
     0.03460026
     0.03430878
     0.03401967
     0.03373290
     0.03344848
     0.03316537
     0.03287962
     0.03259624
     0.03235542
     0.03217820
     0.03200190
     0.03182655
     0.03165212
     0.03147862
     0.03130604
     0.03113437
     0.03030303
     0.02020202
     0.01010101
     0.00000000
     0.00000000
     0.00000000
     0.00000000
     0.00000000
     0.00000000
     0.00000000
     0.00000000
     0.00000000
     0.00000000
     0.00000000
     0.00000000
     0.00000000
     0.00000000
     0.00000000
     0.00000000
     0.00000000
     0.00000000
     0.00000000
     0.00000000
     0.00000000
     0.00000000
     0.03506843
     0.03525374
     0.03544000
     0.03562721
     0.03581537
     0.03600449
     0.03619456
     0.03638561
     0.03654533
     0.03663717
     0.03672924
     0.03684007
     0.03698697
     0.03713443
     0.03721252
     0.03726627
     0.03732009
     0.03737399
     0.03742796
     0.03748200
     0.03753612
     0.03759032
     0.03764459
     0.03769894
     0.03775336
     0.03780786
     0.03786243
     0.03791708
     0.03797181
     0.03802661
     0.03808148
     0.03813644
     0.03819147
     0.03824657
     0.03830175
     0.03835701
     0.03841234
     0.03846776
     0.03852013
     0.03858950
     0.03865128
     0.03859992
     0.03854863
     0.03849740
     0.03842542
     0.03831536
     0.03820561
     0.03803344
     0.03773369
     0.03743622
     0.03714099
     0.03684801
     0.03655312
     0.03624580
     0.03594098
     0.03563862
     0.03533871
     0.03504124
     0.03474594
     0.03444706
     0.03415065
     0.03385670
     0.03356520
     0.03327612
     0.03298945
     0.03270516
     0.03242324
     0.03211583
     0.03197184
     0.03179665
     0.03162238
     0.03144903
     0.03127661
     0.03110510
     0.03088901
     0.03030303
     0.02020202
     0.01010101
     0.00000000
     0.00000000
     0.00000000
     0.00000000
     0.00000000
     0.00000000
     0.00000000
     0.00000000
     0.00000000
     0.00000000
     0.00000000
     0.00000000
     0.00000000
     0.00000000
     0.00000000
     0.00000000
     0.00000000
     0.00000000
     0.00000000
     0.00000000
     0.00000000
     0.00000000
     0.03476634
     0.03495012
     0.03513483
     0.03532048
     0.03550708
     0.03569463
     0.03588313
     0.03607259
     0.03620836
     0.03629939
     0.03639064
     0.03649397
     0.03663954
     0.03678567
     0.03684814
     0.03690138
     0.03695469
     0.03700808
     0.03706155
     0.03711508
     0.03716870
     0.03722238
     0.03727614
     0.03732998
     0.03738389
     0.03743788
     0.03749194
     0.03754607
     0.03760028
     0.03765457
     0.03770893
     0.03776336
     0.03781787
     0.03787246
     0.03792712
     0.03798186
     0.03803668
     0.03809157
     0.03814418
     0.03818159
     0.03828558
     0.03824751
     0.03819667
     0.03814589
     0.03808726
     0.03797813
     0.03786930
     0.03776077
     0.03757326
     0.03727699
     0.03698298
     0.03669120
     0.03639840
     0.03608643
     0.03577644
     0.03546902
     0.03516414
     0.03486178
     0.03456194
     0.03426458
     0.03396968
     0.03367724
     0.03338723
     0.03309963
     0.03281442
     0.03253159
     0.03225112
     0.03191348
     0.03170147
     0.03157340
     0.03141948
     0.03124721
     0.03107585
     0.03090563
     0.03067020
     0.03030303
     0.02020202
     0.01010101
     0.00000000
     0.00000000
     0.00000000
     0.00000000
     0.00000000
     0.00000000
     0.00000000
     0.00000000
     0.00000000
     0.00000000
     0.00000000
     0.00000000
     0.00000000
     0.00000000
     0.00000000
     0.00000000
     0.00000000
     0.00000000
     0.00000000
     0.00000000
     0.00000000
     0.00000000
     0.03446676
     0.03464901
     0.03483219
     0.03501630
     0.03520135
     0.03538735
     0.03557429
     0.03576218
     0.03587438
     0.03596460
     0.03605504
     0.03615100
     0.03629525
     0.03643452
     0.03648719
     0.03653993
     0.03659274
     0.03664563
     0.03669859
     0.03675162
     0.03680473
     0.03685791
     0.03691116
     0.03696449
     0.03701790
     0.03707137
     0.03712492
     0.03717855
     0.03723225
     0.03728602
     0.03733987
     0.03739380
     0.03744780
     0.03750187
     0.03755602
     0.03761024
     0.03766454
     0.03771892
     0.03777175
     0.03780566
     0.03788075
     0.03789819
     0.03784779
     0.03779746
     0.03774720
     0.03764375
     0.03753584
     0.03742141
     0.03730537
     0.03709950
     0.03680007
     0.03650297
     0.03620657
     0.03589559
     0.03558718
     0.03528132
     0.03497799
     0.03467718
     0.03437887
     0.03408303
     0.03378964
     0.03349870
     0.03321017
     0.03292404
     0.03264030
     0.03235892
     0.03207988
     0.03172380
     0.03141924
     0.03129228
     0.03116581
     0.03103984
     0.03087796
     0.03072885
     0.03045602
     0.03013868
     0.02020202
     0.01010101
     0.00000000
     0.00000000
     0.00000000
     0.00000000
     0.00000000
     0.00000000
     0.00000000
     0.00000000
     0.00000000
     0.00000000
     0.00000000
     0.00000000
     0.00000000
     0.00000000
     0.00000000
     0.00000000
     0.00000000
     0.00000000
     0.00000000
     0.00000000
     0.00000000
     0.00000000
     0.03416967
     0.03435041
     0.03453206
     0.03471465
     0.03489816
     0.03508261
     0.03526800
     0.03545417
     0.03554337
     0.03563279
     0.03572243
     0.03581228
     0.03595408
     0.03607747
     0.03612964
     0.03618189
     0.03623420
     0.03628659
     0.03633905
     0.03639158
     0.03644419
     0.03649687
     0.03654962
     0.03660245
     0.03665535
     0.03670832
     0.03676137
     0.03681449
     0.03686768
     0.03692095
     0.03697429
     0.03702771
     0.03708120
     0.03713476
     0.03718840
     0.03724212
     0.03729591
     0.03734977
     0.03740282
     0.03743641
     0.03748004
     0.03754623
     0.03748750
     0.03742885
     0.03737029
     0.03727155
     0.03715595
     0.03704070
     0.03692579
     0.03681123
     0.03660395
     0.03630837
     0.03601509
     0.03570572
     0.03539888
     0.03509458
     0.03479280
     0.03449353
     0.03419673
     0.03390241
     0.03361052
     0.03332107
     0.03303402
     0.03274936
     0.03246707
     0.03218713
     0.03190953
     0.03153520
     0.03114160
     0.03101358
     0.03088820
     0.03076485
     0.03065078
     0.03053712
     0.03022244
     0.02990039
     0.02020202
     0.01010101
     0.00000000
     0.00000000
     0.00000000
     0.00000000
     0.00000000
     0.00000000
     0.00000000
     0.00000000
     0.00000000
     0.00000000
     0.00000000
     0.00000000
     0.00000000
     0.00000000
     0.00000000
     0.00000000
     0.00000000
     0.00000000
     0.00000000
     0.00000000
     0.00000000
     0.00000000
     0.03387505
     0.03405428
     0.03423443
     0.03441550
     0.03459749
     0.03478040
     0.03496425
     0.03512689
     0.03521530
     0.03530393
     0.03539277
     0.03548182
     0.03561599
     0.03572379
     0.03577547
     0.03582722
     0.03587904
     0.03593093
     0.03598290
     0.03603494
     0.03608705
     0.03613923
     0.03619149
     0.03624381
     0.03629622
     0.03634869
     0.03640124
     0.03645386
     0.03650655
     0.03655932
     0.03661215
     0.03666507
     0.03671805
     0.03677112
     0.03682425
     0.03687649
     0.03692791
     0.03697939
     0.03702626
     0.03705637
     0.03708650
     0.03715188
     0.03709374
     0.03703569
     0.03697772
     0.03689231
     0.03677784
     0.03666372
     0.03654993
     0.03643649
     0.03632339
     0.03611478
     0.03582300
     0.03551682
     0.03521154
     0.03490879
     0.03460856
     0.03431081
     0.03401553
     0.03372271
     0.03343232
     0.03314435
     0.03285877
     0.03257557
     0.03229472
     0.03201622
     0.03174005
     0.03134769
     0.03095636
     0.03073728
     0.03061522
     0.03050169
     0.03038856
     0.03023873
     0.02991652
     0.02959763
     0.02020202
     0.01010101
     0.00000000
     0.00000000
     0.00000000
     0.00000000
     0.00000000
     0.00000000
     0.00000000
     0.00000000
     0.00000000
     0.00000000
     0.00000000
     0.00000000
     0.00000000
     0.00000000
     0.00000000
     0.00000000
     0.00000000
     0.00000000
     0.00000000
     0.00000000
     0.00000000
     0.00000000
     0.03358288
     0.03376062
     0.03393927
     0.03411883
     0.03429931
     0.03448071
     0.03466303
     0.03480253
     0.03489015
     0.03497799
     0.03506604
     0.03515430
     0.03528097
     0.03537346
     0.03542464
     0.03547590
     0.03552724
     0.03557864
     0.03563011
     0.03568166
     0.03573328
     0.03578497
     0.03583673
     0.03588856
     0.03594047
     0.03599245
     0.03604450
     0.03609662
     0.03614882
     0.03620038
     0.03625088
     0.03630146
     0.03635210
     0.03640281
     0.03645359
     0.03650444
     0.03655536
     0.03660634
     0.03664601
     0.03667582
     0.03670565
     0.03674129
     0.03670396
     0.03664649
     0.03658911
     0.03651678
     0.03640343
     0.03629043
     0.03617776
     0.03606543
     0.03595343
     0.03584177
     0.03563190
     0.03532887
     0.03502516
     0.03472395
     0.03442525
     0.03412902
     0.03383526
     0.03354393
     0.03325503
     0.03296853
     0.03268441
     0.03240267
     0.03212327
     0.03184620
     0.03155509
     0.03116125
     0.03077218
     0.03046629
     0.03035329
     0.03024070
     0.03012851
     0.02993265
     0.02961359
     0.02929784
     0.02020202
     0.01010101
     0.00000000
     0.00000000
     0.00000000
     0.00000000
     0.00000000
     0.00000000
     0.00000000
     0.00000000
     0.00000000
     0.00000000
     0.00000000
     0.00000000
     0.00000000
     0.00000000
     0.00000000
     0.00000000
     0.00000000
     0.00000000
     0.00000000
     0.00000000
     0.00000000
     0.00000000
     0.03316324
     0.03345004
     0.03364657
     0.03382464
     0.03400361
     0.03418350
     0.03436431
     0.03448106
     0.03456790
     0.03465495
     0.03474222
     0.03482970
     0.03494898
     0.03502643
     0.03507713
     0.03512791
     0.03517875
     0.03522967
     0.03528066
     0.03533172
     0.03538285
     0.03543405
     0.03548532
     0.03553620
     0.03558582
     0.03563550
     0.03568525
     0.03573506
     0.03578495
     0.03583490
     0.03588491
     0.03593500
     0.03598515
     0.03603537
     0.03608565
     0.03613600
     0.03618643
     0.03623691
     0.03626951
     0.03629902
     0.03632856
     0.03635812
     0.03631813
     0.03626124
     0.03620444
     0.03614493
     0.03603269
     0.03592080
     0.03580923
     0.03569800
     0.03558711
     0.03547654
     0.03536631
     0.03514189
     0.03483972
     0.03454006
     0.03424288
     0.03394817
     0.03365590
     0.03336607
     0.03307865
     0.03279361
     0.03251096
     0.03223065
     0.03195269
     0.03167704
     0.03136747
     0.03097589
     0.03059270
     0.03022069
     0.03009354
     0.02998188
     0.02987062
     0.02962957
     0.02931364
     0.02900099
     0.02020202
     0.01010101
     0.00000000
     0.00000000
     0.00000000
     0.00000000
     0.00000000
     0.00000000
     0.00000000
     0.00000000
     0.00000000
     0.00000000
     0.00000000
     0.00000000
     0.00000000
     0.00000000
     0.00000000
     0.00000000
     0.00000000
     0.00000000
     0.00000000
     0.00000000
     0.00000000
     0.00000000
     0.03260267
     0.03288479
     0.03316926
     0.03345611
     0.03371038
     0.03388877
     0.03406807
     0.03416245
     0.03424851
     0.03433479
     0.03442128
     0.03450798
     0.03462001
     0.03468268
     0.03473290
     0.03478320
     0.03483357
     0.03488377
     0.03493251
     0.03498131
     0.03503018
     0.03507911
     0.03512811
     0.03517718
     0.03522631
     0.03527551
     0.03532478
     0.03537411
     0.03542350
     0.03547297
     0.03552250
     0.03557209
     0.03562176
     0.03567149
     0.03572128
     0.03577115
     0.03582108
     0.03586753
     0.03589673
     0.03592596
     0.03595520
     0.03598447
     0.03593620
     0.03587988
     0.03582366
     0.03576752
     0.03566559
     0.03555479
     0.03544432
     0.03533418
     0.03522438
     0.03511490
     0.03500290
     0.03488261
     0.03465524
     0.03435710
     0.03406144
     0.03376824
     0.03347747
     0.03318912
     0.03290317
     0.03261960
     0.03233839
     0.03205952
     0.03178298
     0.03150875
     0.03118092
     0.03079380
     0.03040569
     0.03002232
     0.02981815
     0.02972521
     0.02961487
     0.02932946
     0.02901664
     0.02870706
     0.02020202
     0.01010101
     0.00000000
     0.00000000
     0.00000000
     0.00000000
     0.00000000
     0.00000000
     0.00000000
     0.00000000
     0.00000000
     0.00000000
     0.00000000
     0.00000000
     0.00000000
     0.00000000
     0.00000000
     0.00000000
     0.00000000
     0.00000000
     0.00000000
     0.00000000
     0.00000000
     0.00000000
     0.03205126
     0.03232876
     0.03260859
     0.03289075
     0.03317527
     0.03346217
     0.03373876
     0.03384668
     0.03393198
     0.03401749
     0.03410320
     0.03418913
     0.03429077
     0.03433871
     0.03438671
     0.03443478
     0.03448291
     0.03453111
     0.03457937
     0.03462770
     0.03467609
     0.03472455
     0.03477307
     0.03482166
     0.03487031
     0.03491903
     0.03496781
     0.03501666
     0.03506558
     0.03511456
     0.03516361
     0.03521272
     0.03526190
     0.03531115
     0.03536046
     0.03540984
     0.03545929
     0.03549874
     0.03552765
     0.03555658
     0.03558554
     0.03561451
     0.03559094
     0.03550239
     0.03544674
     0.03539116
     0.03530209
     0.03519238
     0.03508299
     0.03497394
     0.03486521
     0.03475681
     0.03464114
     0.03452205
     0.03440335
     0.03417508
     0.03388093
     0.03358923
     0.03329995
     0.03301307
     0.03272859
     0.03244647
     0.03216671
     0.03188927
     0.03161415
     0.03133246
     0.03097017
     0.03057990
     0.03019440
     0.02981361
     0.02950804
     0.02942650
     0.02933063
     0.02903230
     0.02872256
     0.02841602
     0.02020202
     0.01010101
     0.00000000
     0.00000000
     0.00000000
     0.00000000
     0.00000000
     0.00000000
     0.00000000
     0.00000000
     0.00000000
     0.00000000
     0.00000000
     0.00000000
     0.00000000
     0.00000000
     0.00000000
     0.00000000
     0.00000000
     0.00000000
     0.00000000
     0.00000000
     0.00000000
     0.00000000
     0.03150887
     0.03178183
     0.03205708
     0.03233463
     0.03261450
     0.03289672
     0.03314748
     0.03334134
     0.03353628
     0.03370066
     0.03378499
     0.03386953
     0.03394389
     0.03399136
     0.03403889
     0.03408649
     0.03413415
     0.03418188
     0.03422967
     0.03427753
     0.03432545
     0.03437343
     0.03442148
     0.03446960
     0.03451778
     0.03456602
     0.03461433
     0.03466270
     0.03471114
     0.03475965
     0.03480822
     0.03485685
     0.03490555
     0.03495432
     0.03500315
     0.03505205
     0.03510101
     0.03513360
     0.03516222
     0.03519087
     0.03521953
     0.03524823
     0.03525027
     0.03513152
     0.03507363
     0.03501863
     0.03494216
     0.03483353
     0.03472522
     0.03461724
     0.03450958
     0.03440128
     0.03428299
     0.03416508
     0.03404757
     0.03393045
     0.03370134
     0.03341113
     0.03312333
     0.03283793
     0.03255490
     0.03227423
     0.03199590
     0.03171543
     0.03141130
     0.03112803
     0.03075509
     0.03036745
     0.02998454
     0.02960632
     0.02923272
     0.02912034
     0.02898366
     0.02871953
     0.02843137
     0.02812785
     0.02020202
     0.01010101
     0.00000000
     0.00000000
     0.00000000
     0.00000000
     0.00000000
     0.00000000
     0.00000000
     0.00000000
     0.00000000
     0.00000000
     0.00000000
     0.00000000
     0.00000000
     0.00000000
     0.00000000
     0.00000000
     0.00000000
     0.00000000
     0.00000000
     0.00000000
     0.00000000
     0.00000000
     0.03097495
     0.03124287
     0.03151303
     0.03178545
     0.03206015
     0.03233714
     0.03256327
     0.03275383
     0.03294546
     0.03313817
     0.03333197
     0.03352687
     0.03361286
     0.03364740
     0.03369447
     0.03374160
     0.03378880
     0.03383606
     0.03388339
     0.03393077
     0.03397823
     0.03402574
     0.03407332
     0.03412097
     0.03416868
     0.03421645
     0.03426429
     0.03431219
     0.03436016
     0.03440819
     0.03445629
     0.03450445
     0.03455268
     0.03460097
     0.03464932
     0.03469774
     0.03474376
     0.03477208
     0.03480041
     0.03482878
     0.03485716
     0.03488557
     0.03491273
     0.03479508
     0.03470432
     0.03464987
     0.03458577
     0.03447820
     0.03437096
     0.03426404
     0.03415744
     0.03404552
     0.03392841
     0.03381168
     0.03369534
     0.03357939
     0.03346382
     0.03323395
     0.03294763
     0.03266368
     0.03238211
     0.03210288
     0.03179522
     0.03149035
     0.03120860
     0.03092332
     0.03054145
     0.03015642
     0.02977609
     0.02940042
     0.02902934
     0.02881727
     0.02864067
     0.02837958
     0.02812080
     0.02784252
     0.02020202
     0.01010101
     0.00000000
     0.00000000
     0.00000000
     0.00000000
     0.00000000
     0.00000000
     0.00000000
     0.00000000
     0.00000000
     0.00000000
     0.00000000
     0.00000000
     0.00000000
     0.00000000
     0.00000000
     0.00000000
     0.00000000
     0.00000000
     0.00000000
     0.00000000
     0.00000000
     0.00000000
     0.03044696
     0.03071046
     0.03097616
     0.03124409
     0.03151427
     0.03178670
     0.03198902
     0.03217633
     0.03236469
     0.03255412
     0.03274462
     0.03293620
     0.03309409
     0.03322953
     0.03335341
     0.03340008
     0.03344682
     0.03349362
     0.03354048
     0.03358741
     0.03363440
     0.03368145
     0.03372857
     0.03377575
     0.03382299
     0.03387030
     0.03391767
     0.03396510
     0.03401260
     0.03406016
     0.03410779
     0.03415548
     0.03420324
     0.03425106
     0.03429894
     0.03434689
     0.03438611
     0.03441414
     0.03444220
     0.03447028
     0.03449838
     0.03452651
     0.03455465
     0.03446175
     0.03434556
     0.03428486
     0.03423104
     0.03412638
     0.03402019
     0.03391432
     0.03380877
     0.03369331
     0.03357737
     0.03346181
     0.03334663
     0.03323184
     0.03311743
     0.03300339
     0.03277282
     0.03249033
     0.03218366
     0.03187519
     0.03156958
     0.03128937
     0.03101686
     0.03067785
     0.03030769
     0.02994187
     0.02956905
     0.02919591
     0.02882734
     0.02851726
     0.02830163
     0.02804354
     0.02778773
     0.02753419
     0.02020202
     0.01010101
     0.00000000
     0.00000000
     0.00000000
     0.00000000
     0.00000000
     0.00000000
     0.00000000
     0.00000000
     0.00000000
     0.00000000
     0.00000000
     0.00000000
     0.00000000
     0.00000000
     0.00000000
     0.00000000
     0.00000000
     0.00000000
     0.00000000
     0.00000000
     0.00000000
     0.00000000
     0.02992770
     0.03018684
     0.03044816
     0.03071166
     0.03097738
     0.03124150
     0.03142457
     0.03160868
     0.03179383
     0.03198003
     0.03216728
     0.03235559
     0.03249980
     0.03263671
     0.03278425
     0.03293242
     0.03308125
     0.03315453
     0.03320093
     0.03324740
     0.03329393
     0.03334052
     0.03338717
     0.03343389
     0.03348068
     0.03352752
     0.03357443
     0.03362140
     0.03366844
     0.03371553
     0.03376270
     0.03380992
     0.03385721
     0.03390456
     0.03395198
     0.03399946
     0.03403200
     0.03405976
     0.03408754
     0.03411534
     0.03414317
     0.03417101
     0.03419888
     0.03413149
     0.03401638
     0.03392356
     0.03387029
     0.03377801
     0.03367287
     0.03356805
     0.03345979
     0.03334462
     0.03322983
     0.03311543
     0.03300140
     0.03288776
     0.03277449
     0.03266160
     0.03252874
     0.03226458
     0.03193399
     0.03159950
     0.03131725
     0.03105232
     0.03075047
     0.03040037
     0.03003610
     0.02967606
     0.02932020
     0.02895842
     0.02859666
     0.02823928
     0.02796648
     0.02771136
     0.02745850
     0.02720788
     0.02020202
     0.01010101
     0.00000000
     0.00000000
     0.00000000
     0.00000000
     0.00000000
     0.00000000
     0.00000000
     0.00000000
     0.00000000
     0.00000000
     0.00000000
     0.00000000
     0.00000000
     0.00000000
     0.00000000
     0.00000000
     0.00000000
     0.00000000
     0.00000000
     0.00000000
     0.00000000
     0.02919083
     0.02942147
     0.02967187
     0.02992887
     0.03018803
     0.03044935
     0.03068982
     0.03086976
     0.03105072
     0.03123271
     0.03141573
     0.03159978
     0.03178488
     0.03191584
     0.03205412
     0.03219911
     0.03234473
     0.03249099
     0.03263789
     0.03278543
     0.03291071
     0.03295678
     0.03300292
     0.03304912
     0.03309538
     0.03314171
     0.03318809
     0.03323454
     0.03328106
     0.03332763
     0.03337427
     0.03342097
     0.03346774
     0.03351456
     0.03356145
     0.03360841
     0.03365396
     0.03368142
     0.03370890
     0.03373641
     0.03376393
     0.03379148
     0.03381905
     0.03384664
     0.03380430
     0.03369025
     0.03357658
     0.03351320
     0.03343308
     0.03332898
     0.03322519
     0.03311343
     0.03299941
     0.03288578
     0.03277252
     0.03265963
     0.03254129
     0.03240399
     0.03223938
     0.03206906
     0.03189961
     0.03158021
     0.03130251
     0.03103771
     0.03077294
     0.03045156
     0.03008670
     0.02972607
     0.02936963
     0.02901239
     0.02864997
     0.02829195
     0.02793828
     0.02763519
     0.02738301
     0.02713306
     0.02688533
     0.02020202
     0.01010101
     0.00000000
     0.00000000
     0.00000000
     0.00000000
     0.00000000
     0.00000000
     0.00000000
     0.00000000
     0.00000000
     0.00000000
     0.00000000
     0.00000000
     0.00000000
     0.00000000
     0.00000000
     0.00000000
     0.00000000
     0.00000000
     0.00000000
     0.00000000
     0.00000000
     0.02869820
     0.02892507
     0.02916543
     0.02941817
     0.02967304
     0.02993005
     0.03014758
     0.03032444
     0.03050230
     0.03068117
     0.03086107
     0.03104198
     0.03122391
     0.03134203
     0.03148159
     0.03162408
     0.03176718
     0.03191092
     0.03205528
     0.03220027
     0.03234590
     0.03249216
     0.03263906
     0.03271437
     0.03276018
     0.03280605
     0.03285199
     0.03289798
     0.03294404
     0.03299016
     0.03303634
     0.03308259
     0.03312889
     0.03317526
     0.03322170
     0.03326819
     0.03330714
     0.03333433
     0.03336154
     0.03338877
     0.03341602
     0.03344329
     0.03347058
     0.03349790
     0.03348013
     0.03336714
     0.03325451
     0.03315975
     0.03309156
     0.03298848
     0.03288379
     0.03277054
     0.03263953
     0.03250183
     0.03236469
     0.03222811
     0.03209209
     0.03192513
     0.03175641
     0.03158856
     0.03142156
     0.03128777
     0.03102309
     0.03076058
     0.03047691
     0.03013738
     0.02977616
     0.02941914
     0.02906628
     0.02870338
     0.02834472
     0.02799040
     0.02764039
     0.02730771
     0.02705843
     0.02681137
     0.02656649
     0.02020202
     0.01010101
     0.00000000
     0.00000000
     0.00000000
     0.00000000
     0.00000000
     0.00000000
     0.00000000
     0.00000000
     0.00000000
     0.00000000
     0.00000000
     0.00000000
     0.00000000
     0.00000000
     0.00000000
     0.00000000
     0.00000000
     0.00000000
     0.00000000
     0.00000000
     0.00000000
     0.02821364
     0.02843679
     0.02866738
     0.02891593
     0.02916658
     0.02941933
     0.02961462
     0.02978845
     0.02996327
     0.03013908
     0.03031589
     0.03049371
     0.03066379
     0.03077956
     0.03091897
     0.03105898
     0.03119962
     0.03134086
     0.03148273
     0.03162522
     0.03176833
     0.03191207
     0.03205643
     0.03220143
     0.03234706
     0.03247369
     0.03251917
     0.03256472
     0.03261032
     0.03265599
     0.03270172
     0.03274751
     0.03279337
     0.03283928
     0.03288526
     0.03293130
     0.03296377
     0.03299069
     0.03301763
     0.03304458
     0.03307156
     0.03309681
     0.03309326
     0.03308971
     0.03307376
     0.03298094
     0.03288677
     0.03279286
     0.03272300
     0.03259578
     0.03246242
     0.03232544
     0.03218902
     0.03205315
     0.03191784
     0.03178181
     0.03161383
     0.03144670
     0.03128043
     0.03111502
     0.03102485
     0.03093717
     0.03074610
     0.03048585
     0.03018365
     0.02982634
     0.02946873
     0.02911529
     0.02875689
     0.02839758
     0.02804262
     0.02769197
     0.02734559
     0.02700341
     0.02673760
     0.02649339
     0.02625134
     0.02020202
     0.01010101
     0.00000000
     0.00000000
     0.00000000
     0.00000000
     0.00000000
     0.00000000
     0.00000000
     0.00000000
     0.00000000
     0.00000000
     0.00000000
     0.00000000
     0.00000000
     0.00000000
     0.00000000
     0.00000000
     0.00000000
     0.00000000
     0.00000000
     0.00000000
     0.00000000
     0.02773703
     0.02795652
     0.02817770
     0.02842201
     0.02866850
     0.02891707
     0.02909080
     0.02926165
     0.02943347
     0.02960627
     0.02978005
     0.02995482
     0.03011179
     0.03022909
     0.03036608
     0.03050367
     0.03064187
     0.03078067
     0.03092008
     0.03106011
     0.03120074
     0.03134199
     0.03148387
     0.03162636
     0.03176948
     0.03191322
     0.03205759
     0.03220259
     0.03227987
     0.03232253
     0.03236034
     0.03239818
     0.03243607
     0.03247400
     0.03250959
     0.03254064
     0.03252950
     0.03251836
     0.03250723
     0.03249609
     0.03248497
     0.03247384
     0.03246272
     0.03245161
     0.03244049
     0.03234969
     0.03225726
     0.03216508
     0.03209307
     0.03201539
     0.03191828
     0.03181983
     0.03172167
     0.03161046
     0.03147187
     0.03130547
     0.03113992
     0.03097522
     0.03081437
     0.03072727
     0.03064040
     0.03055378
     0.03046739
     0.03020572
     0.02987659
     0.02951841
     0.02916438
     0.02881050
     0.02845053
     0.02809493
     0.02774365
     0.02739664
     0.02705384
     0.02671522
     0.02642047
     0.02617907
     0.02593982
     0.02020202
     0.01010101
     0.00000000
     0.00000000
     0.00000000
     0.00000000
     0.00000000
     0.00000000
     0.00000000
     0.00000000
     0.00000000
     0.00000000
     0.00000000
     0.00000000
     0.00000000
     0.00000000
     0.00000000
     0.00000000
     0.00000000
     0.00000000
     0.00000000
     0.00000000
     0.00000000
     0.02726825
     0.02748414
     0.02770168
     0.02793629
     0.02817869
     0.02840902
     0.02857598
     0.02874389
     0.02891276
     0.02908260
     0.02925340
     0.02942517
     0.02956942
     0.02968815
     0.02982277
     0.02995798
     0.03009378
     0.03023018
     0.03036717
     0.03050477
     0.03064297
     0.03078178
     0.03092120
     0.03106123
     0.03120187
     0.03134313
     0.03148500
     0.03160734
     0.03167876
     0.03172047
     0.03176054
     0.03179205
     0.03182358
     0.03185515
     0.03188674
     0.03190371
     0.03189278
     0.03188185
     0.03187092
     0.03186000
     0.03184909
     0.03183817
     0.03182726
     0.03181636
     0.03180546
     0.03173011
     0.03163940
     0.03154893
     0.03145871
     0.03137393
     0.03127747
     0.03118094
     0.03108469
     0.03098872
     0.03086165
     0.03073103
     0.03060095
     0.03047721
     0.03040184
     0.03032666
     0.03025165
     0.03017499
     0.03008964
     0.02991498
     0.02956816
     0.02921356
     0.02886309
     0.02850358
     0.02814734
     0.02779542
     0.02744778
     0.02710436
     0.02676512
     0.02643002
     0.02610700
     0.02586839
     0.02563191
     0.02020202
     0.01010101
     0.00000000
