     1.00000000
     0.98989899
     0.97979798
     0.96969697
     0.95959596
     0.94949495
     0.93939394
     0.92929293
     0.91919192
     0.90909091
     0.89898990
     0.88888889
     0.87878788
     0.86868687
     0.85858586
     0.84848485
     0.83838384
     0.82828283
     0.81818182
     0.80808081
     0.80326964
     0.80256158
     0.80185160
     0.80124401
     0.80080901
     0.80044760
     0.80017312
     0.80009731
     0.80002147
     0.79994561
     0.79986974
     0.79979384
     0.79971792
     0.79964197
     0.79956601
     0.79949002
     0.79941402
     0.79933799
     0.79926194
     0.79918586
     0.79910977
     0.79903366
     0.79895752
     0.79848850
     0.79801635
     0.79754337
     0.79706956
     0.79660230
     0.79679174
     0.79676874
     0.79603650
     0.79530991
     0.79435508
     0.79323766
     0.79211576
     0.79098937
     0.78985832
     0.78789182
     0.78591191
     0.78391858
     0.78370516
     0.78407038
     0.78443514
     0.78479946
     0.78487153
     0.78491939
     0.78496724
     0.78501509
     0.78506292
     0.78511075
     0.78490957
     0.78452996
     0.78414987
     0.78376929
     0.78362439
     0.78359214
     0.78311586
     0.78212883
     0.78113856
     0.78014505
     0.77914831
     0.77814834
     0.77714513
     0.77613870
     0.77512903
     0.77411613
     0.77310001
     0.77208066
     0.77105809
     0.77003230
     0.76900328
     0.76797105
     0.76693561
     0.76571796
     0.00000000
     0.00000000
     0.00000000
     0.00000000
     0.00000000
     0.00000000
     1.00000000
     0.98989899
     0.97979798
     0.96969697
     0.95959596
     0.94949495
     0.93939394
     0.92929293
     0.91919192
     0.90909091
     0.89898990
     0.88888889
     0.87878788
     0.86868687
     0.85858586
     0.84848485
     0.83838384
     0.82828283
     0.81818182
     0.80808081
     0.80544046
     0.80473832
     0.80403426
     0.80332827
     0.80280185
     0.80237922
     0.80208348
     0.80186193
     0.80178660
     0.80171125
     0.80163587
     0.80156048
     0.80148506
     0.80140962
     0.80133416
     0.80125868
     0.80118318
     0.80110765
     0.80103210
     0.80068043
     0.80021212
     0.79974299
     0.79927304
     0.79880226
     0.79833066
     0.79785823
     0.79738497
     0.79691204
     0.79729773
     0.79773297
     0.79809181
     0.79736399
     0.79664516
     0.79555989
     0.79444732
     0.79333027
     0.79147470
     0.78951930
     0.78755048
     0.78556825
     0.78453066
     0.78489487
     0.78525862
     0.78562193
     0.78572166
     0.78576939
     0.78581710
     0.78586481
     0.78591250
     0.78596020
     0.78600788
     0.78565757
     0.78527892
     0.78489979
     0.78467439
     0.78464225
     0.78402958
     0.78314147
     0.78215452
     0.78116434
     0.78017092
     0.77917426
     0.77817437
     0.77717125
     0.77616490
     0.77515531
     0.77414250
     0.77312646
     0.77210720
     0.77108471
     0.77003049
     0.76880443
     0.76757381
     0.76633863
     0.00000000
     0.00000000
     0.00000000
     0.00000000
     0.00000000
     0.00000000
     1.00000000
     0.98989899
     0.97979798
     0.96969697
     0.95959596
     0.94949495
     0.93939394
     0.92929293
     0.91919192
     0.90909091
     0.89898990
     0.88888889
     0.87878788
     0.86868687
     0.85858586
     0.84848485
     0.83838384
     0.82828283
     0.81818182
     0.80808081
     0.80608460
     0.80613669
     0.80618876
     0.80549861
     0.80479662
     0.80435045
     0.80400313
     0.80370923
     0.80353998
     0.80346513
     0.80339026
     0.80331536
     0.80324045
     0.80316551
     0.80309056
     0.80285440
     0.80238994
     0.80192466
     0.80145855
     0.80099162
     0.80052387
     0.80005529
     0.79958588
     0.79911565
     0.79864460
     0.79817272
     0.79770001
     0.79737926
     0.79780278
     0.79823721
     0.79867094
     0.79910397
     0.79868924
     0.79786268
     0.79675944
     0.79501280
     0.79308190
     0.79113760
     0.78917988
     0.78720874
     0.78535388
     0.78571707
     0.78607981
     0.78644211
     0.78656935
     0.78661694
     0.78666451
     0.78671208
     0.78675964
     0.78680720
     0.78685474
     0.78678089
     0.78640369
     0.78602600
     0.78572068
     0.78565148
     0.78483086
     0.78400796
     0.78316708
     0.78218022
     0.78119012
     0.78019678
     0.77920021
     0.77820040
     0.77719737
     0.77619110
     0.77518160
     0.77416887
     0.77307699
     0.77186236
     0.77064316
     0.76941939
     0.76819105
     0.76695816
     0.00000000
     0.00000000
     0.00000000
     0.00000000
     0.00000000
     0.00000000
     1.00000000
     0.98989899
     0.97979798
     0.96969697
     0.95959596
     0.94949495
     0.93939394
     0.92929293
     0.91919192
     0.90909091
     0.89898990
     0.88888889
     0.87878788
     0.86868687
     0.85858586
     0.84848485
     0.83838384
     0.82828283
     0.81818182
     0.80808081
     0.80610216
     0.80615425
     0.80620632
     0.80625838
     0.80631043
     0.80631643
     0.80590867
     0.80561694
     0.80532487
     0.80520726
     0.80513289
     0.80501043
     0.80454981
     0.80408838
     0.80362612
     0.80316303
     0.80269912
     0.80223439
     0.80176884
     0.80130245
     0.80083525
     0.80036722
     0.79989836
     0.79942868
     0.79895818
     0.79848684
     0.79801469
     0.79789557
     0.79830688
     0.79874050
     0.79917343
     0.79960565
     0.80003718
     0.80000799
     0.79850616
     0.79659975
     0.79467994
     0.79274672
     0.79080009
     0.78884005
     0.78686660
     0.78653698
     0.78689872
     0.78726000
     0.78741459
     0.78746204
     0.78750948
     0.78755691
     0.78760433
     0.78765175
     0.78769916
     0.78774656
     0.78752415
     0.78714791
     0.78677118
     0.78644839
     0.78562999
     0.78480931
     0.78398635
     0.78316112
     0.78220591
     0.78121589
     0.78022264
     0.77922615
     0.77822643
     0.77722348
     0.77609486
     0.77489168
     0.77368393
     0.77247159
     0.77125468
     0.77003320
     0.76880715
     0.76757654
     0.00000000
     0.00000000
     0.00000000
     0.00000000
     0.00000000
     0.00000000
     1.00000000
     0.98989899
     0.97979798
     0.96969697
     0.95959596
     0.94949495
     0.93939394
     0.92929293
     0.91919192
     0.90909091
     0.89898990
     0.88888889
     0.87878788
     0.86868687
     0.85858586
     0.84848485
     0.83838384
     0.82828283
     0.81818182
     0.80808081
     0.80611731
     0.80617180
     0.80622387
     0.80627593
     0.80632798
     0.80638002
     0.80652703
     0.80651519
     0.80638013
     0.80623417
     0.80577575
     0.80531651
     0.80485644
     0.80439555
     0.80393384
     0.80347130
     0.80300794
     0.80254376
     0.80207875
     0.80161292
     0.80114626
     0.80067878
     0.80021048
     0.79974134
     0.79927139
     0.79880060
     0.79832900
     0.79840936
     0.79881005
     0.79924286
     0.79967497
     0.80010639
     0.80053711
     0.80080234
     0.80007286
     0.79817752
     0.79626880
     0.79434667
     0.79241114
     0.79046219
     0.78849983
     0.78735461
     0.78771533
     0.78807560
     0.78825739
     0.78830470
     0.78835200
     0.78839929
     0.78844658
     0.78849386
     0.78854113
     0.78858839
     0.78863565
     0.78826552
     0.78789023
     0.78724314
     0.78642696
     0.78560849
     0.78478775
     0.78396474
     0.78313944
     0.78223160
     0.78124167
     0.78024850
     0.77908407
     0.77789236
     0.77669606
     0.77549518
     0.77428972
     0.77307968
     0.77186506
     0.77064587
     0.76942211
     0.76819378
     0.00000000
     0.00000000
     0.00000000
     0.00000000
     0.00000000
     0.00000000
     1.00000000
     0.98989899
     0.97979798
     0.96969697
     0.95959596
     0.94949495
     0.93939394
     0.92929293
     0.91919192
     0.90909091
     0.89898990
     0.88888889
     0.87878788
     0.86868687
     0.85858586
     0.84848485
     0.83838384
     0.82828283
     0.81818182
     0.80808081
     0.80597497
     0.80617712
     0.80624143
     0.80629348
     0.80634553
     0.80639756
     0.80644958
     0.80657200
     0.80643697
     0.80630187
     0.80608092
     0.80562222
     0.80516270
     0.80470236
     0.80424120
     0.80377921
     0.80331640
     0.80285276
     0.80238830
     0.80192302
     0.80145691
     0.80098998
     0.80052222
     0.80005364
     0.79958423
     0.79911400
     0.79864294
     0.79892218
     0.79931228
     0.79974428
     0.80017558
     0.80060619
     0.80094498
     0.80118063
     0.80088721
     0.79974614
     0.79784849
     0.79593745
     0.79401300
     0.79207515
     0.79012389
     0.78816995
     0.78852966
     0.78888892
     0.78909774
     0.78914491
     0.78919207
     0.78923923
     0.78928638
     0.78933352
     0.78938065
     0.78942778
     0.78947489
     0.78937883
     0.78895859
     0.78803573
     0.78722176
     0.78640552
     0.78557568
     0.78471243
     0.78384667
     0.78297838
     0.78204458
     0.78086435
     0.77967952
     0.77849011
     0.77729611
     0.77609753
     0.77489436
     0.77368661
     0.77247428
     0.77125739
     0.77003592
     0.76880988
     0.00000000
     0.00000000
     0.00000000
     0.00000000
     0.00000000
     0.00000000
     1.00000000
     0.98989899
     0.97979798
     0.96969697
     0.95959596
     0.94949495
     0.93939394
     0.92929293
     0.91919192
     0.90909091
     0.89898990
     0.88888889
     0.87878788
     0.86868687
     0.85858586
     0.84848485
     0.83838384
     0.82828283
     0.81818182
     0.80808081
     0.80577202
     0.80605029
     0.80617407
     0.80629779
     0.80636307
     0.80641510
     0.80646712
     0.80653114
     0.80649380
     0.80635872
     0.80622358
     0.80592757
     0.80546860
     0.80500881
     0.80454819
     0.80408675
     0.80362449
     0.80316140
     0.80269749
     0.80223276
     0.80176720
     0.80130081
     0.80083360
     0.80036557
     0.79989671
     0.79942703
     0.79902366
     0.79943403
     0.79982063
     0.80024476
     0.80067525
     0.80103452
     0.80127009
     0.80150544
     0.80147360
     0.80039419
     0.79931039
     0.79751906
     0.79560570
     0.79367894
     0.79173877
     0.78978518
     0.78934170
     0.78969995
     0.78993564
     0.78998267
     0.79002970
     0.79007672
     0.79012373
     0.79017073
     0.79021773
     0.79026472
     0.79031170
     0.78998251
     0.78928587
     0.78833990
     0.78748477
     0.78662712
     0.78576695
     0.78490427
     0.78403906
     0.78317133
     0.78230109
     0.78142833
     0.78027382
     0.77908671
     0.77789501
     0.77669872
     0.77549785
     0.77429239
     0.77308236
     0.77186776
     0.77064858
     0.76942483
     0.00000000
     0.00000000
     0.00000000
     0.00000000
     0.00000000
     0.00000000
     1.00000000
     0.98989899
     0.97979798
     0.96969697
     0.95959596
     0.94949495
     0.93939394
     0.92929293
     0.91919192
     0.90909091
     0.89898990
     0.88888889
     0.87878788
     0.86868687
     0.85858586
     0.84848485
     0.83838384
     0.82828283
     0.81818182
     0.80808081
     0.80556891
     0.80586843
     0.80604724
     0.80617102
     0.80629474
     0.80641840
     0.80648466
     0.80653666
     0.80655061
     0.80641557
     0.80628045
     0.80614527
     0.80577414
     0.80531489
     0.80485482
     0.80439393
     0.80393222
     0.80346968
     0.80300631
     0.80254213
     0.80207712
     0.80161128
     0.80114462
     0.80067714
     0.80020883
     0.79973969
     0.79954486
     0.79994489
     0.80033075
     0.80074430
     0.80112403
     0.80135952
     0.80159480
     0.80182986
     0.80206472
     0.80098168
     0.79990027
     0.79881445
     0.79718922
     0.79527355
     0.79334447
     0.79140198
     0.79015145
     0.79050868
     0.79077110
     0.79081799
     0.79086488
     0.79091176
     0.79095864
     0.79100550
     0.79105236
     0.79095821
     0.79060261
     0.79024656
     0.78950483
     0.78852937
     0.78767480
     0.78681771
     0.78595810
     0.78509597
     0.78423133
     0.78336416
     0.78249447
     0.78162227
     0.78074755
     0.77968216
     0.77849275
     0.77729876
     0.77610019
     0.77489703
     0.77368929
     0.77247698
     0.77126009
     0.77003863
     0.00000000
     0.00000000
     0.00000000
     0.00000000
     0.00000000
     0.00000000
     1.00000000
     0.98989899
     0.97979798
     0.96969697
     0.95959596
     0.94949495
     0.93939394
     0.92929293
     0.91919192
     0.90909091
     0.89898990
     0.88888889
     0.87878788
     0.86868687
     0.85858586
     0.84848485
     0.83838384
     0.82828283
     0.81818182
     0.80808081
     0.80536563
     0.80566539
     0.80592035
     0.80604420
     0.80616798
     0.80629170
     0.80641536
     0.80653896
     0.80660619
     0.80647240
     0.80633731
     0.80620216
     0.80606693
     0.80562061
     0.80516109
     0.80470074
     0.80423958
     0.80377759
     0.80331477
     0.80285113
     0.80238667
     0.80192138
     0.80145527
     0.80098834
     0.80052058
     0.80005199
     0.80006504
     0.80045478
     0.80083990
     0.80121351
     0.80144892
     0.80168412
     0.80191911
     0.80215389
     0.80238846
     0.80161781
     0.80048885
     0.79940543
     0.79831760
     0.79685899
     0.79494100
     0.79300960
     0.79106479
     0.79131513
     0.79160411
     0.79165087
     0.79169762
     0.79174436
     0.79179110
     0.79183782
     0.79157619
     0.79122136
     0.79086609
     0.79047563
     0.78963849
     0.78874320
     0.78786471
     0.78700818
     0.78614913
     0.78528756
     0.78442347
     0.78355686
     0.78268774
     0.78181609
     0.78094193
     0.78006525
     0.77908935
     0.77789765
     0.77670138
     0.77550052
     0.77429507
     0.77308505
     0.77187045
     0.77065128
     0.76942755
     0.00000000
     0.00000000
     0.00000000
     0.00000000
     0.00000000
     1.00000000
     0.98989899
     0.97979798
     0.96969697
     0.95959596
     0.94949495
     0.93939394
     0.92929293
     0.91919192
     0.90909091
     0.89898990
     0.88888889
     0.87878788
     0.86868687
     0.85858586
     0.84848485
     0.83838384
     0.82828283
     0.81818182
     0.80808081
     0.80516220
     0.80546219
     0.80576184
     0.80591730
     0.80604115
     0.80616493
     0.80628865
     0.80641231
     0.80653592
     0.80651998
     0.80639416
     0.80625904
     0.80612384
     0.80592596
     0.80546699
     0.80500719
     0.80454657
     0.80408513
     0.80362286
     0.80315977
     0.80269586
     0.80223112
     0.80176556
     0.80129917
     0.80083196
     0.80036393
     0.80057875
     0.80096369
     0.80133924
     0.80153829
     0.80177341
     0.80200832
     0.80224302
     0.80247751
     0.80271179
     0.80244667
     0.80107612
     0.79999509
     0.79890967
     0.79781984
     0.79652835
     0.79460805
     0.79267433
     0.79211930
     0.79243467
     0.79248129
     0.79252791
     0.79257451
     0.79254643
     0.79219282
     0.79183877
     0.79148427
     0.79112933
     0.79060277
     0.78976601
     0.78892679
     0.78805449
     0.78719852
     0.78634003
     0.78547902
     0.78461549
     0.78374944
     0.78288087
     0.78200979
     0.78113618
     0.78026006
     0.77938143
     0.77849540
     0.77730142
     0.77610285
     0.77489970
     0.77369198
     0.77247967
     0.77126279
     0.77004134
     0.00000000
     0.00000000
     0.00000000
     0.00000000
     0.00000000
     1.00000000
     0.98989899
     0.97979798
     0.96969697
     0.95959596
     0.94949495
     0.93939394
     0.92929293
     0.91919192
     0.90909091
     0.89898990
     0.88888889
     0.87878788
     0.86868687
     0.85858586
     0.84848485
     0.83838384
     0.82828283
     0.81818182
     0.80808081
     0.80474529
     0.80512236
     0.80549888
     0.80579035
     0.80591425
     0.80603810
     0.80616188
     0.80628561
     0.80640927
     0.80647540
     0.80630198
     0.80628696
     0.80618074
     0.80604550
     0.80577252
     0.80531328
     0.80485320
     0.80439231
     0.80393059
     0.80346805
     0.80300468
     0.80254049
     0.80207548
     0.80160964
     0.80114298
     0.80067549
     0.80108742
     0.80147163
     0.80167361
     0.80186375
     0.80209750
     0.80233212
     0.80256653
     0.80280073
     0.80303472
     0.80326850
     0.80180840
     0.80058346
     0.79950043
     0.79841299
     0.79732115
     0.79619732
     0.79427469
     0.79292117
     0.79326279
     0.79330927
     0.79335575
     0.79316094
     0.79280810
     0.79245482
     0.79210110
     0.79174693
     0.79139232
     0.79072985
     0.78989346
     0.78905462
     0.78824415
     0.78738874
     0.78653081
     0.78567036
     0.78480738
     0.78394189
     0.78307389
     0.78220336
     0.78133031
     0.78045475
     0.77957667
     0.77869608
     0.77781297
     0.77670403
     0.77550318
     0.77429775
     0.77308774
     0.77187315
     0.77065399
     0.00000000
     0.00000000
     0.00000000
     0.00000000
     0.00000000
     1.00000000
     0.98989899
     0.97979798
     0.96969697
     0.95959596
     0.94949495
     0.93939394
     0.92929293
     0.91919192
     0.90909091
     0.89898990
     0.88888889
     0.87878788
     0.86868687
     0.85858586
     0.84848485
     0.83838384
     0.82828283
     0.81818182
     0.80808081
     0.80427792
     0.80465567
     0.80503287
     0.80533952
     0.80556440
     0.80578909
     0.80601358
     0.80615883
     0.80628256
     0.80640623
     0.80622605
     0.80610181
     0.80608679
     0.80607176
     0.80596713
     0.80561899
     0.80515947
     0.80469912
     0.80423795
     0.80377596
     0.80331314
     0.80284950
     0.80238504
     0.80191975
     0.80145363
     0.80117606
     0.80159512
     0.80181751
     0.80200755
     0.80219745
     0.80242119
     0.80265552
     0.80288964
     0.80312355
     0.80335725
     0.80359075
     0.80263667
     0.80117053
     0.80008989
     0.79900485
     0.79791540
     0.79682155
     0.79572330
     0.79394094
     0.79407350
     0.79412572
     0.79377410
     0.79342204
     0.79306954
     0.79271659
     0.79236319
     0.79200936
     0.79165507
     0.79085688
     0.79002086
     0.78918239
     0.78838108
     0.78757883
     0.78672146
     0.78586157
     0.78499916
     0.78413423
     0.78326678
     0.78239681
     0.78152432
     0.78064932
     0.77977180
     0.77889176
     0.77800921
     0.77712414
     0.77610551
     0.77490238
     0.77369466
     0.77248236
     0.77126550
     0.00000000
     0.00000000
     0.00000000
     0.00000000
     0.00000000
     1.00000000
     0.98989899
     0.97979798
     0.96969697
     0.95959596
     0.94949495
     0.93939394
     0.92929293
     0.91919192
     0.90909091
     0.89898990
     0.88888889
     0.87878788
     0.86868687
     0.85858586
     0.84848485
     0.83838384
     0.82828283
     0.81818182
     0.80808081
     0.80380970
     0.80418814
     0.80456602
     0.80486594
     0.80509124
     0.80531634
     0.80554125
     0.80576596
     0.80599047
     0.80621478
     0.80618142
     0.80597646
     0.80590149
     0.80588646
     0.80587142
     0.80585638
     0.80546537
     0.80500557
     0.80454495
     0.80408351
     0.80362124
     0.80315814
     0.80269423
     0.80222949
     0.80176392
     0.80169306
     0.80196134
     0.80215127
     0.80234107
     0.80253073
     0.80274448
     0.80297852
     0.80321235
     0.80344598
     0.80367939
     0.80391259
     0.80346231
     0.80199886
     0.80067805
     0.79959540
     0.79850835
     0.79741689
     0.79632103
     0.79522077
     0.79469647
     0.79438592
     0.79403463
     0.79368290
     0.79333073
     0.79297811
     0.79262504
     0.79227153
     0.79181705
     0.79098385
     0.79014821
     0.78931011
     0.78850862
     0.78774972
     0.78691199
     0.78605265
     0.78519080
     0.78432643
     0.78345954
     0.78259013
     0.78171820
     0.78084376
     0.77996680
     0.77908732
     0.77820533
     0.77732082
     0.77643380
     0.77550585
     0.77430043
     0.77309043
     0.77187585
     0.00000000
     0.00000000
     0.00000000
     0.00000000
     0.00000000
     1.00000000
     0.98989899
     0.97979798
     0.96969697
     0.95959596
     0.94949495
     0.93939394
     0.92929293
     0.91919192
     0.90909091
     0.89898990
     0.88888889
     0.87878788
     0.86868687
     0.85858586
     0.84848485
     0.83838384
     0.82828283
     0.81818182
     0.80808081
     0.80334063
     0.80371976
     0.80409832
     0.80439149
     0.80461721
     0.80484273
     0.80506804
     0.80529317
     0.80551809
     0.80574282
     0.80574020
     0.80566403
     0.80558783
     0.80568963
     0.80568597
     0.80567092
     0.80560127
     0.80527418
     0.80485159
     0.80439069
     0.80392897
     0.80346642
     0.80300305
     0.80253886
     0.80207384
     0.80208909
     0.80229492
     0.80248461
     0.80267417
     0.80286358
     0.80306737
     0.80330112
     0.80353467
     0.80376800
     0.80400112
     0.80423404
     0.80428535
     0.80282652
     0.80135951
     0.80018465
     0.79909999
     0.79801093
     0.79691747
     0.79581960
     0.79493021
     0.79464588
     0.79429492
     0.79394352
     0.79359167
     0.79323938
     0.79288665
     0.79253347
     0.79194359
     0.79111076
     0.79027549
     0.78943777
     0.78863611
     0.78787754
     0.78710239
     0.78624362
     0.78538233
     0.78451851
     0.78365218
     0.78278333
     0.78191196
     0.78103808
     0.78016168
     0.77928276
     0.77840132
     0.77751737
     0.77663090
     0.77574193
     0.77485044
     0.77369734
     0.77248506
     0.00000000
     0.00000000
     0.00000000
     0.00000000
     0.00000000
     1.00000000
     0.98989899
     0.97979798
     0.96969697
     0.95959596
     0.94949495
     0.93939394
     0.92929293
     0.91919192
     0.90909091
     0.89898990
     0.88888889
     0.87878788
     0.86868687
     0.85858586
     0.84848485
     0.83838384
     0.82828283
     0.81818182
     0.80808081
     0.80287072
     0.80325053
     0.80362978
     0.80391617
     0.80414230
     0.80436823
     0.80459397
     0.80481950
     0.80504484
     0.80526999
     0.80525223
     0.80517591
     0.80509957
     0.80502321
     0.80511987
     0.80525671
     0.80539347
     0.80531341
     0.80498595
     0.80465808
     0.80423633
     0.80377434
     0.80331151
     0.80284787
     0.80228399
     0.80243194
     0.80262807
     0.80281752
     0.80300684
     0.80319601
     0.80338986
     0.80362333
     0.80385658
     0.80408963
     0.80432246
     0.80455509
     0.80478750
     0.80365157
     0.80218918
     0.80077260
     0.79969033
     0.79860367
     0.79751260
     0.79641713
     0.79531725
     0.79490559
     0.79455496
     0.79420389
     0.79385237
     0.79350041
     0.79314801
     0.79279515
     0.79207007
     0.79123762
     0.79040272
     0.78956537
     0.78876354
     0.78800530
     0.78724508
     0.78643446
     0.78557372
     0.78471047
     0.78384470
     0.78297641
     0.78210560
     0.78123227
     0.78035643
     0.77947807
     0.77859719
     0.77771380
     0.77682789
     0.77593947
     0.77504854
     0.77415509
     0.77309312
     0.00000000
     0.00000000
     0.00000000
     0.00000000
     0.00000000
     1.00000000
     0.98989899
     0.97979798
     0.96969697
     0.95959596
     0.94949495
     0.93939394
     0.92929293
     0.91919192
     0.90909091
     0.89898990
     0.88888889
     0.87878788
     0.86868687
     0.85858586
     0.84848485
     0.83838384
     0.82828283
     0.81818182
     0.80808081
     0.80239996
     0.80278045
     0.80316039
     0.80343998
     0.80366652
     0.80389287
     0.80411902
     0.80434497
     0.80457072
     0.80479628
     0.80476334
     0.80468687
     0.80461038
     0.80453387
     0.80445734
     0.80454885
     0.80468599
     0.80482306
     0.80472825
     0.80455362
     0.80436915
     0.80404050
     0.80361961
     0.80307780
     0.80252572
     0.80277145
     0.80296080
     0.80315001
     0.80333909
     0.80352802
     0.80371682
     0.80394513
     0.80417810
     0.80441085
     0.80464340
     0.80487574
     0.80510786
     0.80447401
     0.80301624
     0.80155029
     0.80027937
     0.79919510
     0.79810643
     0.79701335
     0.79591587
     0.79516506
     0.79481476
     0.79446402
     0.79411283
     0.79376120
     0.79340912
     0.79302612
     0.79219650
     0.79136442
     0.79052989
     0.78969291
     0.78889091
     0.78813301
     0.78737312
     0.78661124
     0.78576500
     0.78490231
     0.78403709
     0.78316936
     0.78229911
     0.78142634
     0.78055106
     0.77967325
     0.77879294
     0.77791010
     0.77702475
     0.77613689
     0.77524651
     0.77435363
     0.77345823
     0.00000000
     0.00000000
     0.00000000
     0.00000000
     0.00000000
     1.00000000
     0.98989899
     0.97979798
     0.96969697
     0.95959596
     0.94949495
     0.93939394
     0.92929293
     0.91919192
     0.90909091
     0.89898990
     0.88888889
     0.87878788
     0.86868687
     0.85858586
     0.84848485
     0.83838384
     0.82828283
     0.81818182
     0.80808081
     0.80192836
     0.80230953
     0.80269015
     0.80296291
     0.80318987
     0.80341663
     0.80364320
     0.80386956
     0.80409573
     0.80432170
     0.80427351
     0.80419690
     0.80412027
     0.80404361
     0.80396693
     0.80389023
     0.80397657
     0.80411401
     0.80424074
     0.80406578
     0.80389070
     0.80371550
     0.80357997
     0.80314600
     0.80286801
     0.80310400
     0.80329311
     0.80348208
     0.80367091
     0.80385961
     0.80404816
     0.80426654
     0.80449922
     0.80473168
     0.80496394
     0.80519599
     0.80542782
     0.80529384
     0.80384069
     0.80237936
     0.80090984
     0.79978523
     0.79869895
     0.79760827
     0.79651318
     0.79542429
     0.79507432
     0.79472390
     0.79437304
     0.79402174
     0.79366999
     0.79315212
     0.79232287
     0.79149116
     0.79065701
     0.78982040
     0.78901823
     0.78826066
     0.78750110
     0.78673956
     0.78595615
     0.78509401
     0.78422936
     0.78336219
     0.78249250
     0.78162029
     0.78074556
     0.77986832
     0.77898856
     0.77810628
     0.77722149
     0.77633419
     0.77544437
     0.77455204
     0.77365720
     0.00000000
     0.00000000
     0.00000000
     0.00000000
     0.00000000
     1.00000000
     0.98989899
     0.97979798
     0.96969697
     0.95959596
     0.94949495
     0.93939394
     0.92929293
     0.91919192
     0.90909091
     0.89898990
     0.88888889
     0.87878788
     0.86868687
     0.85858586
     0.84848485
     0.83838384
     0.82828283
     0.81818182
     0.80808081
     0.80145590
     0.80183776
     0.80221907
     0.80248497
     0.80271235
     0.80293952
     0.80316650
     0.80339328
     0.80361987
     0.80384626
     0.80378276
     0.80370600
     0.80362922
     0.80355242
     0.80347560
     0.80339875
     0.80332188
     0.80340301
     0.80354076
     0.80357701
     0.80340161
     0.80325197
     0.80311461
     0.80264419
     0.80268917
     0.80310192
     0.80347678
     0.80381372
     0.80400231
     0.80419077
     0.80437908
     0.80458755
     0.80481993
     0.80505211
     0.80528408
     0.80551584
     0.80574739
     0.80597873
     0.80466253
     0.80320582
     0.80174093
     0.80037407
     0.79929018
     0.79820189
     0.79707834
     0.79585612
     0.79533363
     0.79498354
     0.79463301
     0.79428204
     0.79393062
     0.79327806
     0.79244918
     0.79161785
     0.79078407
     0.78994783
     0.78914549
     0.78838826
     0.78762903
     0.78686782
     0.78610463
     0.78528560
     0.78442151
     0.78355489
     0.78268576
     0.78181411
     0.78093994
     0.78006326
     0.77918405
     0.77830234
     0.77741810
     0.77653136
     0.77564210
     0.77475033
     0.77385604
     0.00000000
     0.00000000
     0.00000000
     0.00000000
     0.00000000
     1.00000000
     0.98989899
     0.97979798
     0.96969697
     0.95959596
     0.94949495
     0.93939394
     0.92929293
     0.91919192
     0.90909091
     0.89898990
     0.88888889
     0.87878788
     0.86868687
     0.85858586
     0.84848485
     0.83838384
     0.82828283
     0.81818182
     0.80808081
     0.80098260
     0.80136515
     0.80174714
     0.80200616
     0.80223395
     0.80246154
     0.80268893
     0.80291613
     0.80314313
     0.80336795
     0.80329107
     0.80321417
     0.80313725
     0.80306030
     0.80298333
     0.80290634
     0.80282933
     0.80275229
     0.80282820
     0.80296625
     0.80292357
     0.80287932
     0.80261273
     0.80214248
     0.80239231
     0.80279610
     0.80317140
     0.80354617
     0.80392039
     0.80429407
     0.80466722
     0.80490816
     0.80514025
     0.80537214
     0.80560382
     0.80583529
     0.80606655
     0.80629760
     0.80548176
     0.80402967
     0.80256941
     0.80110095
     0.79988010
     0.79879421
     0.79764059
     0.79642089
     0.79559270
     0.79524294
     0.79489274
     0.79454210
     0.79419101
     0.79340395
     0.79257544
     0.79174448
     0.79091107
     0.79007521
     0.78927270
     0.78851580
     0.78775691
     0.78699603
     0.78623317
     0.78546832
     0.78461353
     0.78374747
     0.78287890
     0.78200781
     0.78113420
     0.78025807
     0.77937943
     0.77849827
     0.77761459
     0.77672841
     0.77583970
     0.77494849
     0.77405476
     0.00000000
     0.00000000
     0.00000000
     0.00000000
     0.00000000
     1.00000000
     0.98989899
     0.97979798
     0.96969697
     0.95959596
     0.94949495
     0.93939394
     0.92929293
     0.91919192
     0.90909091
     0.89898990
     0.88888889
     0.87878788
     0.86868687
     0.85858586
     0.84848485
     0.83838384
     0.82828283
     0.81818182
     0.80808081
     0.80050846
     0.80089168
     0.80127436
     0.80152647
     0.80175468
     0.80198268
     0.80221049
     0.80243811
     0.80266552
     0.80287548
     0.80279846
     0.80272141
     0.80264434
     0.80256725
     0.80249014
     0.80241300
     0.80233584
     0.80225866
     0.80218145
     0.80225211
     0.80237939
     0.80250614
     0.80211053
     0.80166711
     0.80209680
     0.80248992
     0.80286567
     0.80324087
     0.80361553
     0.80398965
     0.80436324
     0.80473730
     0.80515410
     0.80557023
     0.80592317
     0.80615435
     0.80638532
     0.80661608
     0.80629837
     0.80485091
     0.80339527
     0.80193144
     0.80046872
     0.79938522
     0.79820167
     0.79698449
     0.79585152
     0.79550210
     0.79515222
     0.79480191
     0.79435546
     0.79352977
     0.79270164
     0.79187105
     0.79103802
     0.79020253
     0.78939985
     0.78864328
     0.78788473
     0.78712418
     0.78636166
     0.78559714
     0.78480542
     0.78393993
     0.78307191
     0.78220138
     0.78132833
     0.78045276
     0.77957468
     0.77869408
     0.77781096
     0.77692533
     0.77603719
     0.77514653
     0.77425336
     0.00000000
     0.00000000
     0.00000000
     0.00000000
     0.00000000
     1.00000000
     0.98989899
     0.97979798
     0.96969697
     0.95959596
     0.94949495
     0.93939394
     0.92929293
     0.91919192
     0.90909091
     0.89898990
     0.88888889
     0.87878788
     0.86868687
     0.85858586
     0.84848485
     0.83838384
     0.82828283
     0.81818182
     0.80808081
     0.80003346
     0.80041737
     0.80080073
     0.80104591
     0.80127453
     0.80150295
     0.80173118
     0.80195921
     0.80218704
     0.80238208
     0.80230491
     0.80222772
     0.80215051
     0.80207327
     0.80199601
     0.80191873
     0.80184142
     0.80176410
     0.80168675
     0.80161250
     0.80165357
     0.80173192
     0.80147871
     0.80137329
     0.80180345
     0.80218339
     0.80255957
     0.80293521
     0.80331031
     0.80368488
     0.80405890
     0.80443239
     0.80484107
     0.80525771
     0.80567367
     0.80608896
     0.80650358
     0.80691752
     0.80711239
     0.80566954
     0.80421852
     0.80275931
     0.80129192
     0.79997079
     0.79876159
     0.79754693
     0.79632681
     0.79576101
     0.79541146
     0.79506148
     0.79448086
     0.79365554
     0.79282778
     0.79199757
     0.79116490
     0.79032979
     0.78952694
     0.78877071
     0.78801249
     0.78725228
     0.78649009
     0.78572590
     0.78495973
     0.78413226
     0.78326480
     0.78239483
     0.78152234
     0.78064733
     0.77976980
     0.77888976
     0.77800720
     0.77712213
     0.77623454
     0.77534445
     0.77445183
     0.00000000
     0.00000000
     0.00000000
     0.00000000
     0.00000000
     1.00000000
     0.98989899
     0.97979798
     0.96969697
     0.95959596
     0.94949495
     0.93939394
     0.92929293
     0.91919192
     0.90909091
     0.89898990
     0.88888889
     0.87878788
     0.86868687
     0.85858586
     0.84848485
     0.83838384
     0.82828283
     0.81818182
     0.80808081
     0.79955762
     0.79994222
     0.80032626
     0.80056448
     0.80079351
     0.80102235
     0.80125099
     0.80147943
     0.80170768
     0.80188775
     0.80181044
     0.80173310
     0.80165574
     0.80157836
     0.80150095
     0.80142353
     0.80134608
     0.80126860
     0.80119386
     0.80111991
     0.80104593
     0.80091840
     0.80069609
     0.80085249
     0.80150938
     0.80187908
     0.80225312
     0.80262920
     0.80300474
     0.80337974
     0.80375421
     0.80412813
     0.80452766
     0.80494481
     0.80536128
     0.80577707
     0.80619219
     0.80660664
     0.80702041
     0.80621463
     0.80494578
     0.80358457
     0.80212181
     0.80061454
     0.79932035
     0.79810821
     0.79689061
     0.79601967
     0.79567046
     0.79532080
     0.79460620
     0.79378126
     0.79295387
     0.79212403
     0.79129174
     0.79045700
     0.78965397
     0.78889808
     0.78814019
     0.78738032
     0.78661846
     0.78585461
     0.78508878
     0.78432096
     0.78345757
     0.78258816
     0.78171622
     0.78084177
     0.77996481
     0.77908532
     0.77820332
     0.77731881
     0.77643178
     0.77554224
     0.77462788
     0.00000000
     0.00000000
     0.00000000
     0.00000000
     0.00000000
     1.00000000
     0.98989899
     0.97979798
     0.96969697
     0.95959596
     0.94949495
     0.93939394
     0.92929293
     0.91919192
     0.90909091
     0.89898990
     0.88888889
     0.87878788
     0.86868687
     0.85858586
     0.84848485
     0.83838384
     0.82828283
     0.81818182
     0.80808081
     0.79908093
     0.79946621
     0.79985094
     0.80008217
     0.80031162
     0.80054087
     0.80076993
     0.80099879
     0.80122745
     0.80139249
     0.80131503
     0.80123755
     0.80116004
     0.80108252
     0.80100497
     0.80092739
     0.80084980
     0.80082295
     0.80078242
     0.80074188
     0.80071034
     0.80040071
     0.80000512
     0.80023461
     0.80093642
     0.80153507
     0.80194630
     0.80232283
     0.80269881
     0.80307425
     0.80344915
     0.80382351
     0.80421387
     0.80463152
     0.80504850
     0.80546480
     0.80588043
     0.80629538
     0.80670966
     0.80641896
     0.80515112
     0.80387700
     0.80259659
     0.80125293
     0.79987795
     0.79866833
     0.79745325
     0.79627809
     0.79592921
     0.79555360
     0.79473148
     0.79390691
     0.79307990
     0.79225043
     0.79141851
     0.79058414
     0.78978095
     0.78902539
     0.78826784
     0.78750830
     0.78674678
     0.78598326
     0.78521776
     0.78445028
     0.78365021
     0.78278136
     0.78190998
     0.78103609
     0.78015968
     0.77928076
     0.77839932
     0.77751536
     0.77662889
     0.77570577
     0.77476751
     0.00000000
     0.00000000
     0.00000000
     0.00000000
     0.00000000
     1.00000000
     0.98989899
     0.97979798
     0.96969697
     0.95959596
     0.94949495
     0.93939394
     0.92929293
     0.91919192
     0.90909091
     0.89898990
     0.88888889
     0.87878788
     0.86868687
     0.85858586
     0.84848485
     0.83838384
     0.82828283
     0.81818182
     0.80808081
     0.79860339
     0.79898936
     0.79936892
     0.79959898
     0.79982885
     0.80005852
     0.80028799
     0.80051727
     0.80074634
     0.80089630
     0.80081870
     0.80074107
     0.80066342
     0.80058574
     0.80050805
     0.80047332
     0.80052728
     0.80048670
     0.80044612
     0.80041400
     0.80037028
     0.79995767
     0.79954442
     0.79967839
     0.80029925
     0.80089934
     0.80149808
     0.80201609
     0.80239252
     0.80276840
     0.80314374
     0.80351854
     0.80389970
     0.80431786
     0.80473534
     0.80515215
     0.80556828
     0.80598374
     0.80639853
     0.80662312
     0.80535630
     0.80408319
     0.80280380
     0.80146999
     0.80004273
     0.79876417
     0.79774481
     0.79672161
     0.79618772
     0.79567845
     0.79485671
     0.79403251
     0.79320587
     0.79237678
     0.79154523
     0.79071123
     0.78990788
     0.78915265
     0.78839543
     0.78763623
     0.78687504
     0.78611186
     0.78534669
     0.78457954
     0.78381040
     0.78297443
     0.78210362
     0.78123029
     0.78035444
     0.77947607
     0.77859519
     0.77771179
     0.77677999
     0.77584492
     0.77490707
     0.00000000
     0.00000000
     0.00000000
     0.00000000
     0.00000000
     1.00000000
     0.98989899
     0.97979798
     0.96969697
     0.95959596
     0.94949495
     0.93939394
     0.92929293
     0.91919192
     0.90909091
     0.89898990
     0.88888889
     0.87878788
     0.86868687
     0.85858586
     0.84848485
     0.83838384
     0.82828283
     0.81818182
     0.80808081
     0.79812500
     0.79851166
     0.79888444
     0.79911492
     0.79934521
     0.79957529
     0.79980518
     0.80003487
     0.80026436
     0.80039918
     0.80032143
     0.80024366
     0.80016586
     0.80008804
     0.80015441
     0.80023128
     0.80019066
     0.80015003
     0.80011732
     0.80008656
     0.79992719
     0.79951389
     0.79917414
     0.79930904
     0.79983414
     0.80030011
     0.80086226
     0.80146134
     0.80206761
     0.80246219
     0.80283797
     0.80321321
     0.80358791
     0.80400381
     0.80442180
     0.80483912
     0.80525576
     0.80567172
     0.80608702
     0.80650163
     0.80556131
     0.80428922
     0.80301085
     0.80168688
     0.80026078
     0.79882701
     0.79763649
     0.79661287
     0.79589343
     0.79534646
     0.79477637
     0.79415806
     0.79333179
     0.79250306
     0.79167189
     0.79083827
     0.79003475
     0.78927985
     0.78852297
     0.78776410
     0.78700324
     0.78624040
     0.78547557
     0.78470875
     0.78393994
     0.78316739
     0.78229713
     0.78142436
     0.78054907
     0.77967126
     0.77877962
     0.77785054
     0.77691867
     0.77598401
     0.77504658
     0.00000000
     0.00000000
     0.00000000
     0.00000000
     0.00000000
     1.00000000
     0.98989899
     0.97979798
     0.96969697
     0.95959596
     0.94949495
     0.93939394
     0.92929293
     0.91919192
     0.90909091
     0.89898990
     0.88888889
     0.87878788
     0.86868687
     0.85858586
     0.84848485
     0.83838384
     0.82828283
     0.81818182
     0.80808081
     0.79797980
     0.79803310
     0.79839909
     0.79862999
     0.79886069
     0.79909119
     0.79932150
     0.79955160
     0.79978151
     0.79990113
     0.79982323
     0.79974531
     0.79966737
     0.79983511
     0.79993495
     0.79989428
     0.79985361
     0.79982032
     0.79978952
     0.79975871
     0.79948336
     0.79906938
     0.79883570
     0.79893919
     0.79944694
     0.79991358
     0.80037940
     0.80084442
     0.80142839
     0.80203474
     0.80253184
     0.80290752
     0.80328266
     0.80368938
     0.80410788
     0.80452570
     0.80494285
     0.80535933
     0.80577512
     0.80619025
     0.80576616
     0.80449509
     0.80321773
     0.80190358
     0.80047866
     0.79904605
     0.79760576
     0.79647328
     0.79517631
     0.79460587
     0.79403424
     0.79346144
     0.79288746
     0.79231231
     0.79173598
     0.79096525
     0.79016156
     0.78940700
     0.78865045
     0.78789191
     0.78713139
     0.78636888
     0.78560438
     0.78483790
     0.78406943
     0.78329897
     0.78249052
     0.78161831
     0.78074357
     0.77984330
     0.77891741
     0.77798874
     0.77705728
     0.77612304
     0.77518602
     0.00000000
     0.00000000
     0.00000000
     0.00000000
     0.00000000
     1.00000000
     0.98989899
     0.97979798
     0.96969697
     0.95959596
     0.94949495
     0.93939394
     0.92929293
     0.91919192
     0.90909091
     0.89898990
     0.88888889
     0.87878788
     0.86868687
     0.85858586
     0.84848485
     0.83838384
     0.82828283
     0.81818182
     0.80808081
     0.79797980
     0.79755371
     0.79791287
     0.79814418
     0.79837530
     0.79860622
     0.79883693
     0.79906746
     0.79929778
     0.79940214
     0.79932410
     0.79934013
     0.79951544
     0.79963829
     0.79959758
     0.79955686
     0.79952298
     0.79949214
     0.79946131
     0.79943047
     0.79903879
     0.79862412
     0.79849683
     0.79856882
     0.79905917
     0.79952649
     0.79999299
     0.80045868
     0.80092355
     0.80139640
     0.80200186
     0.80260148
     0.80297706
     0.80337458
     0.80379358
     0.80421191
     0.80462957
     0.80504655
     0.80546285
     0.80587848
     0.80597085
     0.80470079
     0.80342444
     0.80212011
     0.80069636
     0.79926492
     0.79778257
     0.79599112
     0.79469083
     0.79386329
     0.79329013
     0.79271580
     0.79214030
     0.79156361
     0.79098575
     0.79040671
     0.78985729
     0.78935989
     0.78877787
     0.78801967
     0.78725948
     0.78649731
     0.78573315
     0.78496699
     0.78419886
     0.78342873
     0.78265662
     0.78181213
     0.78090330
     0.77998061
     0.77905514
     0.77812688
     0.77719584
     0.77626201
     0.77532540
     0.00000000
     0.00000000
     0.00000000
     0.00000000
     0.00000000
     1.00000000
     0.98989899
     0.97979798
     0.96969697
     0.95959596
     0.94949495
     0.93939394
     0.92929293
     0.91919192
     0.90909091
     0.89898990
     0.88888889
     0.87878788
     0.86868687
     0.85858586
     0.84848485
     0.83838384
     0.82828283
     0.81818182
     0.80808081
     0.79797980
     0.79708162
     0.79742577
     0.79765750
     0.79788903
     0.79812036
     0.79835150
     0.79858244
     0.79881318
     0.79890223
     0.79901986
     0.79919538
     0.79934130
     0.79930054
     0.79925978
     0.79922531
     0.79919444
     0.79916357
     0.79913270
     0.79900821
     0.79859349
     0.79817813
     0.79815753
     0.79821279
     0.79867084
     0.79913884
     0.79960602
     0.80007238
     0.80053793
     0.80100644
     0.80147963
     0.80196898
     0.80257409
     0.80305939
     0.80347890
     0.80389774
     0.80431590
     0.80473338
     0.80515020
     0.80556633
     0.80598180
     0.80490632
     0.80363099
     0.80233646
     0.80091388
     0.79948361
     0.79770499
     0.79589307
     0.79420553
     0.79311872
     0.79254404
     0.79196818
     0.79139114
     0.79081292
     0.79023353
     0.78965296
     0.78910010
     0.78860139
     0.78810182
     0.78760139
     0.78710009
     0.78659794
     0.78586185
     0.78509603
     0.78432823
     0.78355844
     0.78278573
     0.78195962
     0.78104014
     0.78011786
     0.77919281
     0.77826496
     0.77733433
     0.77640092
     0.77546472
     0.00000000
     0.00000000
     0.00000000
     0.00000000
     0.00000000
     1.00000000
     0.98989899
     0.97979798
     0.96969697
     0.95959596
     0.94949495
     0.93939394
     0.92929293
     0.91919192
     0.90909091
     0.89898990
     0.88888889
     0.87878788
     0.86868687
     0.85858586
     0.84848485
     0.83838384
     0.82828283
     0.81818182
     0.80808081
     0.79797980
     0.79662887
     0.79695113
     0.79716994
     0.79740189
     0.79763364
     0.79786519
     0.79809654
     0.79838495
     0.79869920
     0.79887493
     0.79904398
     0.79900318
     0.79896237
     0.79892731
     0.79889641
     0.79886550
     0.79883459
     0.79880368
     0.79856285
     0.79814745
     0.79776248
     0.79781781
     0.79788234
     0.79828196
     0.79875063
     0.79921848
     0.79968552
     0.80015175
     0.80061716
     0.80108979
     0.80156283
     0.80203502
     0.80253871
     0.80310584
     0.80358318
     0.80400185
     0.80441984
     0.80483716
     0.80525381
     0.80566978
     0.80511170
     0.80383738
     0.80255263
     0.80113122
     0.79942779
     0.79762739
     0.79581496
     0.79399048
     0.79240840
     0.79179595
     0.79121856
     0.79064000
     0.79006025
     0.78947933
     0.78889723
     0.78834091
     0.78784089
     0.78734001
     0.78683826
     0.78633566
     0.78583219
     0.78532785
     0.78482266
     0.78431660
     0.78367497
     0.78285839
     0.78203958
     0.78117691
     0.78025505
     0.77933041
     0.77840298
     0.77747276
     0.77653976
     0.77560398
     0.00000000
     0.00000000
     0.00000000
     0.00000000
     0.00000000
     1.00000000
     0.98989899
     0.97979798
     0.96969697
     0.95959596
     0.94949495
     0.93939394
     0.92929293
     0.91919192
     0.90909091
     0.89898990
     0.88888889
     0.87878788
     0.86868687
     0.85858586
     0.84848485
     0.83838384
     0.82828283
     0.81818182
     0.80808081
     0.79797980
     0.79617537
     0.79648983
     0.79668697
     0.79691387
     0.79714604
     0.79737800
     0.79780087
     0.79836569
     0.79855411
     0.79872993
     0.79870549
     0.79866464
     0.79862898
     0.79859805
     0.79856711
     0.79853616
     0.79850521
     0.79847426
     0.79811676
     0.79770067
     0.79742226
     0.79747766
     0.79755417
     0.79789251
     0.79836185
     0.79883038
     0.79929810
     0.79976500
     0.80023109
     0.80069937
     0.80117311
     0.80164600
     0.80211805
     0.80262518
     0.80313752
     0.80364885
     0.80410592
     0.80452375
     0.80494090
     0.80535737
     0.80531690
     0.80404361
     0.80276402
     0.80113958
     0.79935069
     0.79754977
     0.79573682
     0.79391183
     0.79207479
     0.79104588
     0.79046696
     0.78988687
     0.78930559
     0.78872314
     0.78813951
     0.78757973
     0.78707839
     0.78657620
     0.78607314
     0.78556922
     0.78506444
     0.78455880
     0.78401964
     0.78347775
     0.78293487
     0.78239101
     0.78184617
     0.78129158
     0.78039218
     0.77946795
     0.77854093
     0.77761113
     0.77667855
     0.77574318
     0.00000000
     0.00000000
     0.00000000
     0.00000000
     0.00000000
     1.00000000
     0.98989899
     0.97979798
     0.96969697
     0.95959596
     0.94949495
     0.93939394
     0.92929293
     0.91919192
     0.90909091
     0.89898990
     0.88888889
     0.87878788
     0.86868687
     0.85858586
     0.84848485
     0.83838384
     0.82828283
     0.81818182
     0.80808081
     0.79797980
     0.79584825
     0.79615453
     0.79625410
     0.79642498
     0.79665756
     0.79721552
     0.79778157
     0.79823290
     0.79840893
     0.79840746
     0.79836657
     0.79833032
     0.79829935
     0.79826838
     0.79823740
     0.79820642
     0.79817543
     0.79808607
     0.79766993
     0.79725315
     0.79708161
     0.79713708
     0.79722560
     0.79750250
     0.79797252
     0.79844173
     0.79891012
     0.79937770
     0.79984446
     0.80031041
     0.80078282
     0.80125641
     0.80172915
     0.80222788
     0.80274099
     0.80325310
     0.80376421
     0.80419839
     0.80461998
     0.80504089
     0.80546090
     0.80424967
     0.80282626
     0.80106297
     0.79927357
     0.79747213
     0.79565866
     0.79383315
     0.79199559
     0.79030599
     0.78971338
     0.78913175
     0.78854895
     0.78796497
     0.78737981
     0.78681654
     0.78631390
     0.78581039
     0.78530602
     0.78477819
     0.78423768
     0.78369618
     0.78315370
     0.78261024
     0.78206579
     0.78152036
     0.78097395
     0.78042655
     0.77983010
     0.77919668
     0.77856195
     0.77774944
     0.77681727
     0.77588231
     0.00000000
     0.00000000
     0.00000000
     0.00000000
     0.00000000
     1.00000000
     0.98989899
     0.97979798
     0.96969697
     0.95959596
     0.94949495
     0.93939394
     0.92929293
     0.91919192
     0.90909091
     0.89898990
     0.88888889
     0.87878788
     0.86868687
     0.85858586
     0.84848485
     0.83838384
     0.82828283
     0.81818182
     0.80808081
     0.79797980
     0.79553438
     0.79585085
     0.79604051
     0.79632583
     0.79672667
     0.79719618
     0.79776227
     0.79808755
     0.79810911
     0.79806817
     0.79803133
     0.79800033
     0.79796932
     0.79793830
     0.79790729
     0.79787627
     0.79784525
     0.79763919
     0.79722236
     0.79680490
     0.79674054
     0.79679608
     0.79689663
     0.79711193
     0.79758263
     0.79805251
     0.79852158
     0.79898983
     0.79945727
     0.79992389
     0.80039195
     0.80086624
     0.80133968
     0.80182998
     0.80234387
     0.80285676
     0.80336864
     0.80386753
     0.80428966
     0.80471111
     0.80513186
     0.80425775
     0.80266572
     0.80094260
     0.79918402
     0.79739446
     0.79558048
     0.79375445
     0.79191638
     0.79006626
     0.78895781
     0.78837465
     0.78779032
     0.78720480
     0.78661811
     0.78605137
     0.78553481
     0.78499567
     0.78445555
     0.78391445
     0.78337237
     0.78282930
     0.78228525
     0.78174022
     0.78119420
     0.78064720
     0.78009922
     0.77955025
     0.77896526
     0.77833005
     0.77769354
     0.77705573
     0.77641661
     0.77577619
     0.00000000
     0.00000000
     0.00000000
     0.00000000
     0.00000000
     1.00000000
     0.98989899
     0.97979798
     0.96969697
     0.95959596
     0.94949495
     0.93939394
     0.92929293
     0.91919192
     0.90909091
     0.89898990
     0.88888889
     0.87878788
     0.86868687
     0.85858586
     0.84848485
     0.83838384
     0.82828283
     0.81818182
     0.80808081
     0.79797980
     0.79522015
     0.79568843
     0.79626754
     0.79665615
     0.79704420
     0.79745413
     0.79790329
     0.79786048
     0.79776944
     0.79773201
     0.79770097
     0.79766993
     0.79763888
     0.79760783
     0.79757678
     0.79754572
     0.79751466
     0.79719157
     0.79677406
     0.79635590
     0.79639904
     0.79645465
     0.79656727
     0.79672079
     0.79719217
     0.79766273
     0.79813247
     0.79860140
     0.79906952
     0.79953682
     0.80000330
     0.80047550
     0.80094963
     0.80143147
     0.80194614
     0.80245981
     0.80297247
     0.80348412
     0.80395892
     0.80438091
     0.80468499
     0.80402800
     0.80243456
     0.80071946
     0.79895939
     0.79718772
     0.79540443
     0.79360952
     0.79180299
     0.78998483
     0.78847749
     0.78761556
     0.78702970
     0.78644000
     0.78581758
     0.78521299
     0.78467327
     0.78413257
     0.78359088
     0.78304821
     0.78250455
     0.78195991
     0.78141429
     0.78086769
     0.78032010
     0.77977154
     0.77922199
     0.77867145
     0.77809798
     0.77746099
     0.77682270
     0.77618311
     0.77554221
     0.77490001
     0.00000000
     0.00000000
     0.00000000
     0.00000000
     0.00000000
     1.00000000
     0.98989899
     0.97979798
     0.96969697
     0.95959596
     0.94949495
     0.93939394
     0.92929293
     0.91919192
     0.90909091
     0.89898990
     0.88888889
     0.87878788
     0.86868687
     0.85858586
     0.84848485
     0.83838384
     0.82828283
     0.81818182
     0.80808081
     0.79797980
     0.79531310
     0.79591968
     0.79652492
     0.79698606
     0.79737365
     0.79776068
     0.79800614
     0.79785811
     0.79768429
     0.79752159
     0.79737021
     0.79733912
     0.79730804
     0.79727695
     0.79724586
     0.79721476
     0.79716078
     0.79674321
     0.79632501
     0.79600142
     0.79605711
     0.79611279
     0.79623751
     0.79636804
     0.79680115
     0.79727239
     0.79774281
     0.79821242
     0.79868121
     0.79914918
     0.79961634
     0.80008418
     0.80055901
     0.80103300
     0.80154781
     0.80206226
     0.80257569
     0.80308813
     0.80359956
     0.80393590
     0.80402184
     0.80379805
     0.80220321
     0.80049612
     0.79873458
     0.79696143
     0.79517666
     0.79338027
     0.79157226
     0.78975262
     0.78805807
     0.78694137
     0.78626239
     0.78563455
     0.78500536
     0.78439202
     0.78384573
     0.78329843
     0.78275014
     0.78220084
     0.78165054
     0.78109924
     0.78054694
     0.77999364
     0.77944350
     0.77889337
     0.77834225
     0.77779015
     0.77722827
     0.77658950
     0.77594944
     0.77530806
     0.77466539
     0.77402141
     0.00000000
     0.00000000
     0.00000000
     0.00000000
     0.00000000
     1.00000000
     0.98989899
     0.97979798
     0.96969697
     0.95959596
     0.94949495
     0.93939394
     0.92929293
     0.91919192
     0.90909091
     0.89898990
     0.88888889
     0.87878788
     0.86868687
     0.85858586
     0.84848485
     0.83838384
     0.82828283
     0.81818182
     0.80808081
     0.79797980
     0.79554468
     0.79615074
     0.79675547
     0.79731558
     0.79770270
     0.79795921
     0.79801548
     0.79785574
     0.79768586
     0.79752380
     0.79736164
     0.79719938
     0.79703702
     0.79694567
     0.79691454
     0.79688341
     0.79671237
     0.79629412
     0.79587523
     0.79565899
     0.79571475
     0.79577659
     0.79590735
     0.79603804
     0.79640957
     0.79688149
     0.79735258
     0.79782287
     0.79829233
     0.79876098
     0.79922882
     0.79969584
     0.80016782
     0.80064250
     0.80114888
     0.80166410
     0.80217832
     0.80269153
     0.80309216
     0.80326652
     0.80335698
     0.80344311
     0.80197164
     0.80027260
     0.79850958
     0.79673495
     0.79494870
     0.79315084
     0.79134135
     0.78952022
     0.78776060
     0.78665424
     0.78570744
     0.78507841
     0.78444804
     0.78383151
     0.78328419
     0.78273587
     0.78218655
     0.78163622
     0.78108490
     0.78053257
     0.77997924
     0.77942492
     0.77886959
     0.77831326
     0.77775593
     0.77719760
     0.77663827
     0.77595922
     0.77527212
     0.77458352
     0.77389343
     0.77320184
     0.00000000
     0.00000000
     0.00000000
     0.00000000
     0.00000000
     1.00000000
     0.98989899
     0.97979798
     0.96969697
     0.95959596
     0.94949495
     0.93939394
     0.92929293
     0.91919192
     0.90909091
     0.89898990
     0.88888889
     0.87878788
     0.86868687
     0.85858586
     0.84848485
     0.83838384
     0.82828283
     0.81818182
     0.80808081
     0.79797980
     0.79577605
     0.79638161
     0.79698583
     0.79758871
     0.79793630
     0.79799258
     0.79804884
     0.79802896
     0.79781327
     0.79762868
     0.79744397
     0.79725913
     0.79707417
     0.79688908
     0.79671424
     0.79655164
     0.79626322
     0.79589046
     0.79551782
     0.79535706
     0.79537197
     0.79544587
     0.79557679
     0.79570764
     0.79601743
     0.79649002
     0.79696180
     0.79743276
     0.79790290
     0.79837223
     0.79884074
     0.79930844
     0.79977604
     0.80025143
     0.80074935
     0.80126535
     0.80178034
     0.80218556
     0.80236052
     0.80253536
     0.80269042
     0.80277677
     0.80173988
     0.80004888
     0.79828439
     0.79650828
     0.79472056
     0.79292121
     0.79111024
     0.78941208
     0.78771894
     0.78636682
     0.78536082
     0.78452122
     0.78388967
     0.78326995
     0.78272160
     0.78217226
     0.78162191
     0.78107055
     0.78051820
     0.77996485
     0.77941049
     0.77885514
     0.77829878
     0.77774143
     0.77718307
     0.77662371
     0.77606336
     0.77540272
     0.77471440
     0.77402459
     0.77333329
     0.77264049
     0.00000000
     0.00000000
     0.00000000
     0.00000000
     0.00000000
     1.00000000
     0.98989899
     0.97979798
     0.96969697
     0.95959596
     0.94949495
     0.93939394
     0.92929293
     0.91919192
     0.90909091
     0.89898990
     0.88888889
     0.87878788
     0.86868687
     0.85858586
     0.84848485
     0.83838384
     0.82828283
     0.81818182
     0.80808081
     0.79797980
     0.79600723
     0.79661228
     0.79721599
     0.79775192
     0.79796967
     0.79802594
     0.79808220
     0.79814586
     0.79803474
     0.79785031
     0.79766575
     0.79748106
     0.79729625
     0.79711131
     0.79692625
     0.79660850
     0.79613494
     0.79566056
     0.79523235
     0.79514510
     0.79509633
     0.79511476
     0.79524584
     0.79537685
     0.79562473
     0.79609800
     0.79657045
     0.79704208
     0.79751290
     0.79798291
     0.79845210
     0.79892047
     0.79938803
     0.79985978
     0.80034921
     0.80086599
     0.80127582
     0.80145138
     0.80162683
     0.80180216
     0.80197738
     0.80210873
     0.80150791
     0.79982498
     0.79805901
     0.79628143
     0.79449222
     0.79272765
     0.79105412
     0.78937066
     0.78767728
     0.78607912
     0.78507214
     0.78406171
     0.78333026
     0.78270734
     0.78215796
     0.78160758
     0.78105621
     0.78050383
     0.77995045
     0.77939607
     0.77884069
     0.77828430
     0.77772692
     0.77716854
     0.77660916
     0.77604878
     0.77548740
     0.77484523
     0.77415571
     0.77346469
     0.77277218
     0.77207817
     0.00000000
     0.00000000
     0.00000000
     0.00000000
     0.00000000
     1.00000000
     0.98989899
     0.97979798
     0.96969697
     0.95959596
     0.94949495
     0.93939394
     0.92929293
     0.91919192
     0.90909091
     0.89898990
     0.88888889
     0.87878788
     0.86868687
     0.85858586
     0.84848485
     0.83838384
     0.82828283
     0.81818182
     0.80808081
     0.79797980
     0.79623822
     0.79684276
     0.79741824
     0.79765477
     0.79789109
     0.79805930
     0.79811555
     0.79820656
     0.79825604
     0.79807176
     0.79788735
     0.79770281
     0.79751815
     0.79733336
     0.79705558
     0.79658280
     0.79610920
     0.79563478
     0.79519471
     0.79504365
     0.79489251
     0.79491750
     0.79501541
     0.79511328
     0.79525938
     0.79570541
     0.79617854
     0.79665085
     0.79712235
     0.79759303
     0.79806289
     0.79853194
     0.79900018
     0.79946760
     0.79994847
     0.80036293
     0.80053910
     0.80071516
     0.80089109
     0.80106691
     0.80124262
     0.80141820
     0.80127573
     0.79960090
     0.79783345
     0.79605438
     0.79435057
     0.79268672
     0.79101294
     0.78932924
     0.78763561
     0.78593207
     0.78478317
     0.78377176
     0.78276979
     0.78214367
     0.78159326
     0.78104186
     0.78048945
     0.77993605
     0.77938164
     0.77882624
     0.77826983
     0.77771242
     0.77715401
     0.77659460
     0.77603420
     0.77547279
     0.77491038
     0.77428677
     0.77359603
     0.77290380
     0.77221008
     0.77151486
     0.00000000
     0.00000000
     0.00000000
     0.00000000
     0.00000000
     1.00000000
     0.98989899
     0.97979798
     0.96969697
     0.95959596
     0.94949495
     0.93939394
     0.92929293
     0.91919192
     0.90909091
     0.89898990
     0.88888889
     0.87878788
     0.86868687
     0.85858586
     0.84848485
     0.83838384
     0.82828283
     0.81818182
     0.80808081
     0.79797980
     0.79658058
     0.79707304
     0.79732097
     0.79755758
     0.79779398
     0.79803018
     0.79814889
     0.79826724
     0.79839428
     0.79829302
     0.79810876
     0.79792438
     0.79773987
     0.79750194
     0.79702993
     0.79655710
     0.79608346
     0.79560494
     0.79524254
     0.79509151
     0.79494039
     0.79489477
     0.79489033
     0.79492454
     0.79502244
     0.79541643
     0.79581661
     0.79625906
     0.79673123
     0.79720259
     0.79767313
     0.79814286
     0.79861177
     0.79907986
     0.79944347
     0.79962368
     0.79980034
     0.79997688
     0.80015331
     0.80032962
     0.80050581
     0.80068188
     0.80085452
     0.79937662
     0.79760833
     0.79596406
     0.79430987
     0.79264577
     0.79097175
     0.78928781
     0.78759394
     0.78589015
     0.78449392
     0.78348153
     0.78246571
     0.78157894
     0.78102751
     0.78047508
     0.77992165
     0.77936722
     0.77881178
     0.77825535
     0.77769792
     0.77713948
     0.77658005
     0.77601961
     0.77545818
     0.77489575
     0.77433232
     0.77372732
     0.77303538
     0.77234194
     0.77164700
     0.77095058
     0.00000000
     0.00000000
     0.00000000
     0.00000000
     0.00000000
     1.00000000
     0.98989899
     0.97979798
     0.96969697
     0.95959596
     0.94949495
     0.93939394
     0.92929293
     0.91919192
     0.90909091
     0.89898990
     0.88888889
     0.87878788
     0.86868687
     0.85858586
     0.84848485
     0.83838384
     0.82828283
     0.81818182
     0.80808081
     0.79797980
     0.79717096
     0.79698676
     0.79722366
     0.79746036
     0.79769685
     0.79793313
     0.79818782
     0.79832792
     0.79845492
     0.79851411
     0.79832847
     0.79813823
     0.79793401
     0.79745674
     0.79697863
     0.79649968
     0.79601988
     0.79553925
     0.79526525
     0.79513935
     0.79498826
     0.79496606
     0.79496162
     0.79495718
     0.79495274
     0.79518554
     0.79557339
     0.79597334
     0.79637270
     0.79681159
     0.79728280
     0.79775321
     0.79822279
     0.79854232
     0.79869899
     0.79888238
     0.79905952
     0.79923656
     0.79941347
     0.79959027
     0.79976695
     0.79994352
     0.80013442
     0.79922636
     0.79757949
     0.79592360
     0.79426917
     0.79260482
     0.79093056
     0.78924637
     0.78755226
     0.78584823
     0.78420440
     0.78319102
     0.78217421
     0.78117764
     0.78046071
     0.77990725
     0.77935279
     0.77879733
     0.77824087
     0.77768341
     0.77712495
     0.77656549
     0.77600503
     0.77544357
     0.77488112
     0.77431766
     0.77375320
     0.77316689
     0.77247374
     0.77177909
     0.77108295
     0.77038532
     0.00000000
     0.00000000
     0.00000000
     0.00000000
     0.00000000
     1.00000000
     0.98989899
     0.97979798
     0.96969697
     0.95959596
     0.94949495
     0.93939394
     0.92929293
     0.91919192
     0.90909091
     0.89898990
     0.88888889
     0.87878788
     0.86868687
     0.85858586
     0.84848485
     0.83838384
     0.82828283
     0.81818182
     0.80808081
     0.79797980
     0.79742757
     0.79696866
     0.79712632
     0.79736310
     0.79761266
     0.79786441
     0.79816192
     0.79844762
     0.79858993
     0.79870003
     0.79851006
     0.79831995
     0.79786888
     0.79739149
     0.79691327
     0.79643420
     0.79595429
     0.79547354
     0.79528320
     0.79517052
     0.79504178
     0.79503734
     0.79503290
     0.79502846
     0.79502402
     0.79513906
     0.79546212
     0.79578480
     0.79612998
     0.79652911
     0.79692767
     0.79736300
     0.79766327
     0.79782045
     0.79797754
     0.79813902
     0.79831666
     0.79849418
     0.79867159
     0.79884887
     0.79902838
     0.79924600
     0.79943859
     0.79915798
     0.79755604
     0.79592984
     0.79426288
     0.79258587
     0.79089878
     0.78920493
     0.78751058
     0.78580630
     0.78409210
     0.78290023
     0.78190141
     0.78091753
     0.77993047
     0.77933836
     0.77878288
     0.77822639
     0.77766891
     0.77711042
     0.77655093
     0.77599045
     0.77542896
     0.77486648
     0.77430300
     0.77373852
     0.77317304
     0.77260549
     0.77191112
     0.77121526
     0.77051792
     0.76981907
     0.00000000
     0.00000000
     0.00000000
     0.00000000
     0.00000000
     1.00000000
     0.98989899
     0.97979798
     0.96969697
     0.95959596
     0.94949495
     0.93939394
     0.92929293
     0.91919192
     0.90909091
     0.89898990
     0.88888889
     0.87878788
     0.86868687
     0.85858586
     0.84848485
     0.83838384
     0.82828283
     0.81818182
     0.80808081
     0.79838274
     0.79788825
     0.79739286
     0.79711279
     0.79736501
     0.79761700
     0.79787121
     0.79819361
     0.79851562
     0.79875165
     0.79888137
     0.79869153
     0.79828039
     0.79780373
     0.79732623
     0.79684789
     0.79636871
     0.79588868
     0.79541377
     0.79530115
     0.79518848
     0.79510892
     0.79510859
     0.79510415
     0.79509971
     0.79509527
     0.79509257
     0.79541569
     0.79573842
     0.79606078
     0.79638276
     0.79670436
     0.79686279
     0.79696708
     0.79709666
     0.79725417
     0.79740351
     0.79757175
     0.79774976
     0.79792765
     0.79813628
     0.79835463
     0.79853950
     0.79871237
     0.79882793
     0.79746831
     0.79585634
     0.79423484
     0.79259323
     0.79090619
     0.78920907
     0.78750188
     0.78578461
     0.78405727
     0.78262346
     0.78164192
     0.78065720
     0.77966929
     0.77876842
     0.77821191
     0.77765440
     0.77709589
     0.77653638
     0.77597586
     0.77541435
     0.77485184
     0.77428834
     0.77372383
     0.77315832
     0.77259182
     0.77202432
     0.77134753
     0.77065046
     0.76995190
     0.76925185
     0.00000000
     0.00000000
     0.00000000
     0.00000000
     0.00000000
     1.00000000
     0.98989899
     0.97979798
     0.96969697
     0.95959596
     0.94949495
     0.93939394
     0.92929293
     0.91919192
     0.90909091
     0.89898990
     0.88888889
     0.87878788
     0.86868687
     0.85858586
     0.84848485
     0.83838384
     0.82828283
     0.81818182
     0.80808081
     0.79908191
     0.79858871
     0.79809460
     0.79759959
     0.79748789
     0.79766235
     0.79790294
     0.79822530
     0.79854727
     0.79886886
     0.79905534
     0.79869128
     0.79821535
     0.79773857
     0.79726095
     0.79678250
     0.79630320
     0.79582306
     0.79543171
     0.79531910
     0.79520643
     0.79515359
     0.79517983
     0.79517539
     0.79517095
     0.79516651
     0.79516207
     0.79536925
     0.79569204
     0.79601445
     0.79621112
     0.79626950
     0.79632787
     0.79638622
     0.79645444
     0.79655888
     0.79668567
     0.79682478
     0.79702198
     0.79724123
     0.79746030
     0.79763740
     0.79781085
     0.79798419
     0.79812087
     0.79738055
     0.79576806
     0.79414605
     0.79251451
     0.79087345
     0.78921653
     0.78750938
     0.78579216
     0.78406486
     0.78236459
     0.78138221
     0.78039665
     0.77940790
     0.77841595
     0.77763989
     0.77708136
     0.77652182
     0.77596128
     0.77539974
     0.77483721
     0.77427367
     0.77370914
     0.77314361
     0.77257708
     0.77200955
     0.77144103
     0.77078295
     0.77008468
     0.76938491
     0.76868366
     0.00000000
     0.00000000
     0.00000000
     0.00000000
     0.00000000
     1.00000000
     0.98989899
     0.97979798
     0.96969697
     0.95959596
     0.94949495
     0.93939394
     0.92929293
     0.91919192
     0.90909091
     0.89898990
     0.88888889
     0.87878788
     0.86868687
     0.85858586
     0.84848485
     0.83838384
     0.82828283
     0.81818182
     0.80808081
     0.79977927
     0.79928735
     0.79879452
     0.79830079
     0.79780616
     0.79789653
     0.79810477
     0.79832099
     0.79857892
     0.79890047
     0.79910154
     0.79862633
     0.79815028
     0.79767339
     0.79719566
     0.79671709
     0.79623767
     0.79575742
     0.79544965
     0.79533704
     0.79522439
     0.79519825
     0.79525104
     0.79524661
     0.79524217
     0.79523773
     0.79523329
     0.79532280
     0.79559283
     0.79565134
     0.79570984
     0.79576833
     0.79582680
     0.79588527
     0.79594372
     0.79600215
     0.79606058
     0.79615528
     0.79634322
     0.79655816
     0.79673229
     0.79690632
     0.79708023
     0.79725404
     0.79741196
     0.79726666
     0.79567975
     0.79405722
     0.79242516
     0.79078358
     0.78913247
     0.78747183
     0.78579970
     0.78407245
     0.78233513
     0.78112228
     0.78013587
     0.77914628
     0.77815349
     0.77715753
     0.77650726
     0.77594669
     0.77538513
     0.77482257
     0.77425901
     0.77369445
     0.77312889
     0.77256234
     0.77199479
     0.77142624
     0.77085669
     0.77021740
     0.76951792
     0.76881694
     0.76811448
     0.00000000
     0.00000000
     0.00000000
     0.00000000
     0.00000000
     1.00000000
     0.98989899
     0.97979798
     0.96969697
     0.95959596
     0.94949495
     0.93939394
     0.92929293
     0.91919192
     0.90909091
     0.89898990
     0.88888889
     0.87878788
     0.86868687
     0.85858586
     0.84848485
     0.83838384
     0.82828283
     0.81818182
     0.80808081
     0.80047482
     0.79998418
     0.79949263
     0.79900018
     0.79850683
     0.79813863
     0.79835483
     0.79857086
     0.79878671
     0.79890335
     0.79890159
     0.79856137
     0.79808520
     0.79760819
     0.79713035
     0.79665166
     0.79617213
     0.79569177
     0.79546759
     0.79535498
     0.79524234
     0.79524290
     0.79529753
     0.79531781
     0.79531337
     0.79530893
     0.79528637
     0.79505295
     0.79509042
     0.79514904
     0.79520765
     0.79526624
     0.79532482
     0.79538339
     0.79544195
     0.79550049
     0.79555903
     0.79562137
     0.79571025
     0.79582417
     0.79599877
     0.79617327
     0.79634765
     0.79652192
     0.79669608
     0.79655551
     0.79559142
     0.79396837
     0.79233579
     0.79069369
     0.78904206
     0.78738090
     0.78571021
     0.78402999
     0.78234026
     0.78086212
     0.77987487
     0.77888444
     0.77789081
     0.77689400
     0.77593211
     0.77537052
     0.77480793
     0.77424435
     0.77367976
     0.77311418
     0.77254760
     0.77198002
     0.77141144
     0.77084187
     0.77027130
     0.76965087
     0.76895018
     0.76824800
     0.76754433
     0.00000000
     0.00000000
     0.00000000
     0.00000000
     0.00000000
     1.00000000
     0.98989899
     0.97979798
     0.96969697
     0.95959596
     0.94949495
     0.93939394
     0.92929293
     0.91919192
     0.90909091
     0.89898990
     0.88888889
     0.87878788
     0.86868687
     0.85858586
     0.84848485
     0.83838384
     0.82828283
     0.81818182
     0.80808081
     0.80116855
     0.80067919
     0.80018892
     0.79969776
     0.79920568
     0.79869340
     0.79860466
     0.79882049
     0.79897481
     0.79891618
     0.79869623
     0.79841435
     0.79802010
     0.79754298
     0.79706502
     0.79658622
     0.79610658
     0.79562610
     0.79548552
     0.79537293
     0.79526029
     0.79528755
     0.79534217
     0.79538899
     0.79535536
     0.79512200
     0.79488844
     0.79465468
     0.79458710
     0.79464582
     0.79470454
     0.79476324
     0.79482193
     0.79488060
     0.79493927
     0.79499792
     0.79505656
     0.79510454
     0.79515237
     0.79525726
     0.79536210
     0.79546691
     0.79561310
     0.79578784
     0.79596247
     0.79584251
     0.79550306
     0.79387948
     0.79224639
     0.79060376
     0.78895161
     0.78728993
     0.78561873
     0.78393799
     0.78224773
     0.78054795
     0.77961365
     0.77862237
     0.77762791
     0.77663026
     0.77562942
     0.77479329
     0.77422968
     0.77366507
     0.77309946
     0.77253286
     0.77196525
     0.77139665
     0.77082705
     0.77025646
     0.76968486
     0.76908336
     0.76838146
     0.76767808
     0.76697320
     0.00000000
     0.00000000
     0.00000000
     0.00000000
     0.00000000
     1.00000000
     0.98989899
     0.97979798
     0.96969697
     0.95959596
     0.94949495
     0.93939394
     0.92929293
     0.91919192
     0.90909091
     0.89898990
     0.88888889
     0.87878788
     0.86868687
     0.85858586
     0.84848485
     0.83838384
     0.82828283
     0.81818182
     0.80808081
     0.80186046
     0.80137238
     0.80088340
     0.80039351
     0.79990272
     0.79937893
     0.79885426
     0.79904624
     0.79898763
     0.79884477
     0.79851801
     0.79820861
     0.79792622
     0.79747776
     0.79699968
     0.79652077
     0.79604101
     0.79561600
     0.79550346
     0.79539087
     0.79527824
     0.79533219
     0.79527164
     0.79515420
     0.79495753
     0.79472383
     0.79448993
     0.79425584
     0.79408286
     0.79414169
     0.79420051
     0.79425932
     0.79431811
     0.79437690
     0.79443567
     0.79449443
     0.79454231
     0.79454789
     0.79459336
     0.79469846
     0.79480352
     0.79490854
     0.79501352
     0.79511846
     0.79522688
     0.79512765
     0.79498113
     0.79379057
     0.79215696
     0.79051381
     0.78886114
     0.78719894
     0.78552721
     0.78384596
     0.78215518
     0.78045488
     0.77934763
     0.77836009
     0.77736478
     0.77636629
     0.77536461
     0.77435976
     0.77365038
     0.77308475
     0.77251811
     0.77195048
     0.77138185
     0.77081223
     0.77024161
     0.76966999
     0.76909738
     0.76851487
     0.76781177
     0.76710718
     0.76640110
     0.00000000
     0.00000000
     0.00000000
     0.00000000
     0.00000000
     1.00000000
     0.98989899
     0.97979798
     0.96969697
     0.95959596
     0.94949495
     0.93939394
     0.92929293
     0.91919192
     0.90909091
     0.89898990
     0.88888889
     0.87878788
     0.86868687
     0.85858586
     0.84848485
     0.83838384
     0.82828283
     0.81818182
     0.80808081
     0.80255056
     0.80206376
     0.80157606
     0.80108745
     0.80058633
     0.80006270
     0.79953805
     0.79905907
     0.79899781
     0.79867123
     0.79834425
     0.79801688
     0.79772011
     0.79741252
     0.79693433
     0.79645529
     0.79597542
     0.79559145
     0.79540995
     0.79522833
     0.79505660
     0.79493906
     0.79482148
     0.79470385
     0.79455912
     0.79432509
     0.79409086
     0.79385643
     0.79362180
     0.79363664
     0.79369557
     0.79375448
     0.79381339
     0.79387228
     0.79393115
     0.79398104
     0.79398572
     0.79399041
     0.79403322
     0.79413853
     0.79424380
     0.79434904
     0.79445423
     0.79455938
     0.79462443
     0.79445086
     0.79427719
     0.79370163
     0.79206750
     0.79042383
     0.78877064
     0.78710792
     0.78543567
     0.78375390
     0.78206260
     0.78036178
     0.77892867
     0.77809758
     0.77710143
     0.77610210
     0.77509958
     0.77409389
     0.77308501
     0.77250337
     0.77193571
     0.77136706
     0.77079741
     0.77022676
     0.76965512
     0.76908248
     0.76850885
     0.76793422
     0.76724110
     0.76653530
     0.76582802
     0.00000000
     0.00000000
     0.00000000
     0.00000000
     0.00000000
     1.00000000
     0.98989899
     0.97979798
     0.96969697
     0.95959596
     0.94949495
     0.93939394
     0.92929293
     0.91919192
     0.90909091
     0.89898990
     0.88888889
     0.87878788
     0.86868687
     0.85858586
     0.84848485
     0.83838384
     0.82828283
     0.81818182
     0.80808081
     0.80323885
     0.80275333
     0.80226691
     0.80177958
     0.80126701
     0.80074473
     0.80004339
     0.79929867
     0.79882437
     0.79849758
     0.79817039
     0.79784280
     0.79745098
     0.79706585
     0.79660889
     0.79603882
     0.79546756
     0.79513156
     0.79494976
     0.79476784
     0.79460609
     0.79448837
     0.79437059
     0.79425277
     0.79413490
     0.79392577
     0.79369120
     0.79345644
     0.79322147
     0.79313068
     0.79318971
     0.79324873
     0.79330774
     0.79336674
     0.79341862
     0.79342332
     0.79342802
     0.79343272
     0.79347195
     0.79357747
     0.79368296
     0.79378840
     0.79389381
     0.79399917
     0.79397458
     0.79380060
     0.79362652
     0.79345233
     0.79201188
     0.79033487
     0.78868011
     0.78701687
     0.78534411
     0.78366181
     0.78196999
     0.78026865
     0.77855780
     0.77772367
     0.77683786
     0.77583769
     0.77483433
     0.77382779
     0.77281808
     0.77192094
     0.77135226
     0.77078259
     0.77021191
     0.76964024
     0.76906758
     0.76849392
     0.76791926
     0.76734361
     0.76666945
     0.76596245
     0.76525396
     0.76454399
     0.00000000
     0.00000000
     0.00000000
     0.00000000
     1.00000000
     0.98989899
     0.97979798
     0.96969697
     0.95959596
     0.94949495
     0.93939394
     0.92929293
     0.91919192
     0.90909091
     0.89898990
     0.88888889
     0.87878788
     0.86868687
     0.85858586
     0.84848485
     0.83838384
     0.82828283
     0.81818182
     0.80808081
     0.80392532
     0.80344108
     0.80295594
     0.80246585
     0.80194595
     0.80127781
     0.80053655
     0.79968620
     0.79867254
     0.79832381
     0.79799641
     0.79746820
     0.79690165
     0.79638423
     0.79600160
     0.79549112
     0.79491872
     0.79467091
     0.79448880
     0.79430658
     0.79415485
     0.79403694
     0.79391897
     0.79380096
     0.79368289
     0.79352589
     0.79329098
     0.79305587
     0.79282057
     0.79262380
     0.79268294
     0.79274206
     0.79280118
     0.79285508
     0.79285978
     0.79286449
     0.79286920
     0.79287390
     0.79290955
     0.79301528
     0.79312098
     0.79322664
     0.79333226
     0.79343783
     0.79332321
     0.79314883
     0.79297434
     0.79279974
     0.79200581
     0.79032876
     0.78864180
     0.78694493
     0.78525251
     0.78356969
     0.78187736
     0.78017550
     0.77846412
     0.77730250
     0.77651398
     0.77557306
     0.77456886
     0.77356148
     0.77255092
     0.77153719
     0.77076776
     0.77019706
     0.76962537
     0.76905268
     0.76847899
     0.76790431
     0.76732864
     0.76675197
     0.76609683
     0.76538862
     0.76467893
     0.76396776
     0.00000000
     0.00000000
     0.00000000
     0.00000000
     1.00000000
     0.98989899
     0.97979798
     0.96969697
     0.95959596
     0.94949495
     0.93939394
     0.92929293
     0.91919192
     0.90909091
     0.89898990
     0.88888889
     0.87878788
     0.86868687
     0.85858586
     0.84848485
     0.83838384
     0.82828283
     0.81818182
     0.80808081
     0.80460998
     0.80412702
     0.80364316
     0.80314170
     0.80250650
     0.80176868
     0.80100324
     0.79999457
     0.79898207
     0.79805075
     0.79748542
     0.79691890
     0.79635121
     0.79578233
     0.79531732
     0.79493319
     0.79439177
     0.79420949
     0.79402708
     0.79384455
     0.79370288
     0.79358477
     0.79346662
     0.79334841
     0.79323015
     0.79311185
     0.79289018
     0.79265474
     0.79241910
     0.79218326
     0.79217524
     0.79223448
     0.79229040
     0.79229511
     0.79229983
     0.79230455
     0.79230926
     0.79231398
     0.79234602
     0.79245197
     0.79255788
     0.79266374
     0.79276957
     0.79284499
     0.79267032
     0.79249553
     0.79232063
     0.79214563
     0.79197052
     0.79032266
     0.78863566
     0.78693875
     0.78523193
     0.78351519
     0.78178855
     0.78008231
     0.77837042
     0.77688077
     0.77609118
     0.77529961
     0.77430316
     0.77329495
     0.77228355
     0.77126897
     0.77025122
     0.76961049
     0.76903778
     0.76846407
     0.76788936
     0.76731366
     0.76673696
     0.76615927
     0.76552323
     0.76481382
     0.76410293
     0.76339055
     0.00000000
     0.00000000
     0.00000000
     0.00000000
     1.00000000
     0.98989899
     0.97979798
     0.96969697
     0.95959596
     0.94949495
     0.93939394
     0.92929293
     0.91919192
     0.90909091
     0.89898990
     0.88888889
     0.87878788
     0.86868687
     0.85858586
     0.84848485
     0.83838384
     0.82828283
     0.81818182
     0.80808081
     0.80529283
     0.80481115
     0.80432856
     0.80372945
     0.80299508
     0.80225864
     0.80131008
     0.80030258
     0.79905669
     0.79780331
     0.79693616
     0.79636850
     0.79579966
     0.79522963
     0.79465843
     0.79424626
     0.79390385
     0.79366919
     0.79343434
     0.79319929
     0.79312134
     0.79308421
     0.79301353
     0.79289513
     0.79277668
     0.79265818
     0.79248881
     0.79225303
     0.79201705
     0.79178088
     0.79166664
     0.79172458
     0.79172931
     0.79173403
     0.79173876
     0.79174348
     0.79174821
     0.79175293
     0.79178135
     0.79188755
     0.79199529
     0.79210299
     0.79221064
     0.79219748
     0.79202402
     0.79185045
     0.79167677
     0.79150298
     0.79132909
     0.79029497
     0.78860565
     0.78690639
     0.78519718
     0.78347804
     0.78174897
     0.78000996
     0.77826103
     0.77651905
     0.77566782
     0.77487519
     0.77403725
     0.77302819
     0.77201595
     0.77100054
     0.76998195
     0.76902288
     0.76844914
     0.76787441
     0.76729868
     0.76672196
     0.76614424
     0.76556553
     0.76494865
     0.76423804
     0.76352595
     0.76281237
     0.00000000
     0.00000000
     0.00000000
     0.00000000
     1.00000000
     0.98989899
     0.97979798
     0.96969697
     0.95959596
     0.94949495
     0.93939394
     0.92929293
     0.91919192
     0.90909091
     0.89898990
     0.88888889
     0.87878788
     0.86868687
     0.85858586
     0.84848485
     0.83838384
     0.82828283
     0.81818182
     0.80808081
     0.80589994
     0.80549346
     0.80494666
     0.80421574
     0.80348275
     0.80261907
     0.80148364
     0.80024162
     0.79899378
     0.79774011
     0.79648061
     0.79581698
     0.79524700
     0.79467583
     0.79410348
     0.79355763
     0.79324878
     0.79301357
     0.79277816
     0.79254256
     0.79249611
     0.79245890
     0.79242168
     0.79238446
     0.79232247
     0.79220378
     0.79208504
     0.79185074
     0.79161443
     0.79137792
     0.79115711
     0.79116237
     0.79116710
     0.79117184
     0.79117657
     0.79118131
     0.79120209
     0.79124404
     0.79130613
     0.79141890
     0.79152682
     0.79163469
     0.79174253
     0.79163882
     0.79146501
     0.79129110
     0.79111708
     0.79094295
     0.79076871
     0.79015998
     0.78846986
     0.78676980
     0.78505980
     0.78333986
     0.78160999
     0.77987019
     0.77812046
     0.77636082
     0.77512276
     0.77432086
     0.77355657
     0.77273963
     0.77174229
     0.77073188
     0.76971245
     0.76868985
     0.76785945
     0.76728370
     0.76670695
     0.76612921
     0.76555048
     0.76497075
     0.76437311
     0.76366129
     0.76294799
     0.76223321
     0.00000000
     0.00000000
     0.00000000
     0.00000000
     1.00000000
     0.98989899
     0.97979798
     0.96969697
     0.95959596
     0.94949495
     0.93939394
     0.92929293
     0.91919192
     0.90909091
     0.89898990
     0.88888889
     0.87878788
     0.86868687
     0.85858586
     0.84848485
     0.83838384
     0.82828283
     0.81818182
     0.80808081
     0.80645482
     0.80608780
     0.80543067
     0.80470112
     0.80388848
     0.80265780
     0.80142130
     0.80017899
     0.79893085
     0.79767689
     0.79641710
     0.79526436
     0.79469323
     0.79412092
     0.79358276
     0.79306742
     0.79271779
     0.79242549
     0.79213288
     0.79190678
     0.79186949
     0.79183220
     0.79179490
     0.79175760
     0.79172029
     0.79168297
     0.79162972
     0.79144789
     0.79121124
     0.79097439
     0.79068787
     0.79059903
     0.79060378
     0.79060852
     0.79064420
     0.79068624
     0.79072826
     0.79077029
     0.79082894
     0.79094947
     0.79105757
     0.79116562
     0.79125310
     0.79107906
     0.79090491
     0.79073065
     0.79055628
     0.79038181
     0.79020723
     0.79002492
     0.78833400
     0.78663314
     0.78492235
     0.78320162
     0.78147095
     0.77973035
     0.77797983
     0.77621939
     0.77464056
     0.77383744
     0.77303229
     0.77222512
     0.77140427
     0.77040280
     0.76939826
     0.76839065
     0.76737997
     0.76669194
     0.76611418
     0.76553542
     0.76495567
     0.76437492
     0.76379318
     0.76308357
     0.76236907
     0.76165309
     0.00000000
     0.00000000
     0.00000000
     0.00000000
     1.00000000
     0.98989899
     0.97979798
     0.96969697
     0.95959596
     0.94949495
     0.93939394
     0.92929293
     0.91919192
     0.90909091
     0.89898990
     0.88888889
     0.87878788
     0.86868687
     0.85858586
     0.84848485
     0.83838384
     0.82828283
     0.81818182
     0.80808081
     0.80700850
     0.80645590
     0.80586851
     0.80501992
     0.80382671
     0.80259574
     0.80135895
     0.80011634
     0.79886791
     0.79761366
     0.79635358
     0.79507331
     0.79420923
     0.79369505
     0.79317991
     0.79266382
     0.79226168
     0.79196890
     0.79167582
     0.79144421
     0.79137730
     0.79131038
     0.79124345
     0.79117650
     0.79110953
     0.79105455
     0.79101714
     0.79096970
     0.79080747
     0.79053555
     0.79023379
     0.79004309
     0.79008522
     0.79012733
     0.79016944
     0.79021155
     0.79025365
     0.79029574
     0.79035094
     0.79047927
     0.79058754
     0.79069578
     0.79069257
     0.79051819
     0.79034369
     0.79016909
     0.78999438
     0.78981956
     0.78964464
     0.78946961
     0.78819808
     0.78649643
     0.78478484
     0.78306331
     0.78133184
     0.77959045
     0.77783914
     0.77607790
     0.77430675
     0.77335329
     0.77254692
     0.77173854
     0.77092813
     0.77011570
     0.76907431
     0.76804916
     0.76703743
     0.76603131
     0.76546851
     0.76490477
     0.76434010
     0.76377448
     0.76319529
     0.76250487
     0.76178917
     0.76107199
     0.00000000
     0.00000000
     0.00000000
     0.00000000
     1.00000000
     0.98989899
     0.97979798
     0.96969697
     0.95959596
     0.94949495
     0.93939394
     0.92929293
     0.91919192
     0.90909091
     0.89898990
     0.88888889
     0.87878788
     0.86868687
     0.85858586
     0.84848485
     0.83838384
     0.82828283
     0.81818182
     0.80808081
     0.80731274
     0.80667887
     0.80586728
     0.80492782
     0.80376493
     0.80253366
     0.80129658
     0.80005368
     0.79880496
     0.79749348
     0.79616176
     0.79482354
     0.79380728
     0.79329235
     0.79277647
     0.79226216
     0.79180482
     0.79151158
     0.79121802
     0.79102225
     0.79095524
     0.79088822
     0.79082119
     0.79075413
     0.79068707
     0.79061998
     0.79055289
     0.79048577
     0.79032219
     0.79009575
     0.78988313
     0.78959144
     0.78960953
     0.78965171
     0.78969389
     0.78973607
     0.78977824
     0.78982040
     0.78987214
     0.79000829
     0.79011674
     0.79022515
     0.79013094
     0.78995621
     0.78978137
     0.78960642
     0.78943137
     0.78925621
     0.78908095
     0.78890557
     0.78806210
     0.78635965
     0.78464726
     0.78292493
     0.78119268
     0.77945049
     0.77769838
     0.77593635
     0.77416441
     0.77286841
     0.77206083
     0.77125122
     0.77043960
     0.76962596
     0.76881029
     0.76781597
     0.76674360
     0.76567872
     0.76480218
     0.76423733
     0.76367154
     0.76310482
     0.76253716
     0.76188216
     0.76118148
     0.76047938
     0.00000000
     0.00000000
     0.00000000
     0.00000000
     1.00000000
     0.98989899
     0.97979798
     0.96969697
     0.95959596
     0.94949495
     0.93939394
     0.92929293
     0.91919192
     0.90909091
     0.89898990
     0.88888889
     0.87878788
     0.86868687
     0.85858586
     0.84848485
     0.83838384
     0.82828283
     0.81818182
     0.80808081
     0.80727424
     0.80649124
     0.80555407
     0.80461347
     0.80366942
     0.80247157
     0.80120570
     0.79989227
     0.79857234
     0.79724591
     0.79591298
     0.79457355
     0.79340475
     0.79288908
     0.79237245
     0.79186036
     0.79135491
     0.79105351
     0.79075948
     0.79059965
     0.79053255
     0.79046543
     0.79039830
     0.79033115
     0.79026398
     0.79019680
     0.79013050
     0.79009893
     0.78997209
     0.78975938
     0.78954650
     0.78933347
     0.78931007
     0.78933441
     0.78934813
     0.78936185
     0.78937556
     0.78938928
     0.78940903
     0.78953632
     0.78964516
     0.78974317
     0.78956820
     0.78939313
     0.78921794
     0.78904265
     0.78886726
     0.78869175
     0.78851615
     0.78834043
     0.78792605
     0.78622280
     0.78450962
     0.78278650
     0.78105344
     0.77931046
     0.77755755
     0.77579473
     0.77402200
     0.77238280
     0.77157400
     0.77076318
     0.76995034
     0.76913548
     0.76831861
     0.76749971
     0.76655286
     0.76547643
     0.76439657
     0.76357892
     0.76300168
     0.76243385
     0.76186509
     0.76122932
     0.76052732
     0.75982391
     0.00000000
     0.00000000
     0.00000000
     0.00000000
     1.00000000
     0.98989899
     0.97979798
     0.96969697
     0.95959596
     0.94949495
     0.93939394
     0.92929293
     0.91919192
     0.90909091
     0.89898990
     0.88888889
     0.87878788
     0.86868687
     0.85858586
     0.84848485
     0.83838384
     0.82828283
     0.81818182
     0.80808081
     0.80711368
     0.80617880
     0.80524049
     0.80429789
     0.80328348
     0.80226511
     0.80096153
     0.79964689
     0.79832576
     0.79699812
     0.79566398
     0.79432333
     0.79300164
     0.79248522
     0.79196785
     0.79145799
     0.79095182
     0.79059470
     0.79030020
     0.79017644
     0.79010923
     0.79004201
     0.78997478
     0.78990753
     0.78985623
     0.78982678
     0.78979732
     0.78971514
     0.78960776
     0.78942261
     0.78920948
     0.78899620
     0.78886210
     0.78895676
     0.78905139
     0.78908456
     0.78909829
     0.78911202
     0.78912823
     0.78924363
     0.78932346
     0.78929122
     0.78907684
     0.78886231
     0.78865341
     0.78847778
     0.78830204
     0.78812619
     0.78795024
     0.78777418
     0.78759801
     0.78608589
     0.78437191
     0.78264800
     0.78091415
     0.77917037
     0.77741667
     0.77565305
     0.77387952
     0.77209609
     0.77108644
     0.77027440
     0.76946035
     0.76864428
     0.76782619
     0.76700608
     0.76618396
     0.76528498
     0.76420450
     0.76312059
     0.76238544
     0.76178764
     0.76119171
     0.76057525
     0.75987193
     0.75916721
     0.00000000
     0.00000000
     0.00000000
     0.00000000
     1.00000000
     0.98989899
     0.97979798
     0.96969697
     0.95959596
     0.94949495
     0.93939394
     0.92929293
     0.91919192
     0.90909091
     0.89898990
     0.88888889
     0.87878788
     0.86868687
     0.85858586
     0.84848485
     0.83838384
     0.82828283
     0.81818182
     0.80808081
     0.80680200
     0.80582376
     0.80481535
     0.80380297
     0.80278662
     0.80176632
     0.80071715
     0.79940130
     0.79807895
     0.79675010
     0.79541475
     0.79407289
     0.79272452
     0.79208078
     0.79156267
     0.79105504
     0.79054816
     0.79013516
     0.78984018
     0.78975259
     0.78968529
     0.78961797
     0.78958169
     0.78955221
     0.78952273
     0.78949324
     0.78943831
     0.78933083
     0.78922331
     0.78908544
     0.78887207
     0.78865853
     0.78844484
     0.78850824
     0.78860302
     0.78869777
     0.78879248
     0.78883450
     0.78884824
     0.78896267
     0.78905251
     0.78892885
     0.78871420
     0.78849940
     0.78828443
     0.78806930
     0.78785402
     0.78763857
     0.78742297
     0.78720720
     0.78703031
     0.78594892
     0.78423414
     0.78250943
     0.78077479
     0.77903021
     0.77727572
     0.77551130
     0.77373698
     0.77195276
     0.77059814
     0.76978490
     0.76896963
     0.76815234
     0.76733304
     0.76651172
     0.76568839
     0.76486305
     0.76401233
     0.76292781
     0.76183986
     0.76118783
     0.76058796
     0.75998706
     0.75923977
     0.75850928
     0.00000000
     0.00000000
     0.00000000
     0.00000000
     1.00000000
     0.98989899
     0.97979798
     0.96969697
     0.95959596
     0.94949495
     0.93939394
     0.92929293
     0.91919192
     0.90909091
     0.89898990
     0.88888889
     0.87878788
     0.86868687
     0.85858586
     0.84848485
     0.83838384
     0.82828283
     0.81818182
     0.80808081
     0.80633816
     0.80533177
     0.80432142
     0.80330710
     0.80228882
     0.80126658
     0.80024036
     0.79915547
     0.79783191
     0.79650185
     0.79516529
     0.79382222
     0.79247264
     0.79167576
     0.79115823
     0.79065153
     0.79014392
     0.78967487
     0.78939550
     0.78933640
     0.78930689
     0.78927738
     0.78924787
     0.78921835
     0.78918884
     0.78915931
     0.78905364
     0.78894601
     0.78883834
     0.78873064
     0.78853425
     0.78832047
     0.78810653
     0.78805902
     0.78815395
     0.78824884
     0.78834371
     0.78843854
     0.78853334
     0.78868143
     0.78878078
     0.78856602
     0.78835110
     0.78813603
     0.78792079
     0.78770539
     0.78748984
     0.78727412
     0.78705825
     0.78684221
     0.78662602
     0.78581685
     0.78409973
     0.78237265
     0.78063563
     0.77888999
     0.77713470
     0.77536950
     0.77359438
     0.77180937
     0.77010912
     0.76929466
     0.76847818
     0.76765968
     0.76683916
     0.76601663
     0.76519209
     0.76436554
     0.76353697
     0.76270640
     0.76164636
     0.76058699
     0.75998609
     0.75938415
     0.75872314
     0.75796045
     0.00000000
     0.00000000
     0.00000000
     0.00000000
     1.00000000
     0.98989899
     0.97979798
     0.96969697
     0.95959596
     0.94949495
     0.93939394
     0.92929293
     0.91919192
     0.90909091
     0.89898990
     0.88888889
     0.87878788
     0.86868687
     0.85858586
     0.84848485
     0.83838384
     0.82828283
     0.81818182
     0.80808081
     0.80584715
     0.80483883
     0.80382654
     0.80281029
     0.80179008
     0.80076589
     0.79973773
     0.79870561
     0.79758465
     0.79625338
     0.79491561
     0.79357133
     0.79222054
     0.79127016
     0.79075486
     0.79024744
     0.78973911
     0.78923150
     0.78903183
     0.78900229
     0.78897275
     0.78894320
     0.78891366
     0.78888411
     0.78885456
     0.78877618
     0.78866845
     0.78856068
     0.78845287
     0.78834501
     0.78819605
     0.78798201
     0.78776782
     0.78760910
     0.78770418
     0.78779922
     0.78789423
     0.78798921
     0.78808416
     0.78827285
     0.78841776
     0.78820274
     0.78798755
     0.78777220
     0.78755670
     0.78734103
     0.78712520
     0.78690922
     0.78669307
     0.78647677
     0.78626030
     0.78568784
     0.78396997
     0.78224214
     0.78050437
     0.77875665
     0.77699899
     0.77523140
     0.77345388
     0.77166644
     0.76987021
     0.76880369
     0.76798599
     0.76716628
     0.76634455
     0.76552081
     0.76469506
     0.76386730
     0.76303752
     0.76220574
     0.76137195
     0.76036017
     0.75938317
     0.75878021
     0.75817621
     0.75744195
     0.00000000
     0.00000000
     0.00000000
     0.00000000
     1.00000000
     0.98989899
     0.97979798
     0.96969697
     0.95959596
     0.94949495
     0.93939394
     0.92929293
     0.91919192
     0.90909091
     0.89898990
     0.88888889
     0.87878788
     0.86868687
     0.85858586
     0.84848485
     0.83838384
     0.82828283
     0.81818182
     0.80808081
     0.80535520
     0.80434494
     0.80333072
     0.80231254
     0.80129038
     0.80026426
     0.79923416
     0.79820009
     0.79716205
     0.79600469
     0.79466570
     0.79332021
     0.79196820
     0.79086398
     0.79035092
     0.78984278
     0.78938105
     0.78897840
     0.78869737
     0.78866779
     0.78863822
     0.78860864
     0.78857906
     0.78854948
     0.78849845
     0.78839062
     0.78828274
     0.78817483
     0.78806687
     0.78795888
     0.78785084
     0.78764316
     0.78742872
     0.78721412
     0.78725371
     0.78734890
     0.78744406
     0.78753918
     0.78763428
     0.78781969
     0.78801680
     0.78783899
     0.78762354
     0.78740792
     0.78719214
     0.78697621
     0.78676011
     0.78654386
     0.78632744
     0.78611087
     0.78589413
     0.78555877
     0.78384015
     0.78211158
     0.78037305
     0.77862458
     0.77686618
     0.77509783
     0.77331957
     0.77153139
     0.76973330
     0.76831424
     0.76749308
     0.76667216
     0.76584922
     0.76502427
     0.76419731
     0.76336833
     0.76253735
     0.76170436
     0.76086937
     0.76003237
     0.75906922
     0.75817523
     0.75757020
     0.75692269
     0.00000000
     0.00000000
     0.00000000
     0.00000000
     1.00000000
     0.98989899
     0.97979798
     0.96969697
     0.95959596
     0.94949495
     0.93939394
     0.92929293
     0.91919192
     0.90909091
     0.89898990
     0.88888889
     0.87878788
     0.86868687
     0.85858586
     0.84848485
     0.83838384
     0.82828283
     0.81818182
     0.80808081
     0.80486231
     0.80385012
     0.80283396
     0.80181383
     0.80078974
     0.79976168
     0.79872964
     0.79769363
     0.79665365
     0.79560969
     0.79441557
     0.79306886
     0.79171565
     0.79045722
     0.78994641
     0.78953052
     0.78912808
     0.78872507
     0.78846569
     0.78833291
     0.78830330
     0.78827369
     0.78824407
     0.78821445
     0.78811252
     0.78800454
     0.78789652
     0.78778847
     0.78768037
     0.78757223
     0.78746405
     0.78730392
     0.78708922
     0.78687438
     0.78680255
     0.78689788
     0.78699319
     0.78708846
     0.78718371
     0.78736582
     0.78756323
     0.78747480
     0.78725907
     0.78704318
     0.78682714
     0.78661093
     0.78639457
     0.78617804
     0.78596135
     0.78574451
     0.78552750
     0.78531034
     0.78371028
     0.78198095
     0.78024168
     0.77849246
     0.77673331
     0.77496422
     0.77318520
     0.77139627
     0.76959744
     0.76783350
     0.76700280
     0.76617731
     0.76535316
     0.76452699
     0.76369882
     0.76286864
     0.76203645
     0.76120225
     0.76036605
     0.75952785
     0.75868764
     0.75777354
     0.75696316
     0.75635608
     0.00000000
     0.00000000
     0.00000000
     0.00000000
     1.00000000
     0.98989899
     0.97979798
     0.96969697
     0.95959596
     0.94949495
     0.93939394
     0.92929293
     0.91919192
     0.90909091
     0.89898990
     0.88888889
     0.87878788
     0.86868687
     0.85858586
     0.84848485
     0.83838384
     0.82828283
     0.81818182
     0.80808081
     0.80436847
     0.80335434
     0.80233625
     0.80131418
     0.80028815
     0.79925815
     0.79822417
     0.79718622
     0.79614430
     0.79509839
     0.79404851
     0.79281553
     0.79145835
     0.79009669
     0.78967991
     0.78927768
     0.78887488
     0.78847152
     0.78825384
     0.78811254
     0.78797116
     0.78793835
     0.78790870
     0.78783416
     0.78772608
     0.78761795
     0.78750979
     0.78740159
     0.78729334
     0.78718506
     0.78707674
     0.78696427
     0.78674933
     0.78653423
     0.78635069
     0.78644617
     0.78654162
     0.78663704
     0.78673243
     0.78691124
     0.78710896
     0.78711014
     0.78689415
     0.78667799
     0.78646167
     0.78624520
     0.78602856
     0.78581177
     0.78559481
     0.78537770
     0.78516042
     0.78494299
     0.78358035
     0.78185027
     0.78011025
     0.77836028
     0.77660038
     0.77483054
     0.77305078
     0.77126110
     0.76946152
     0.76765205
     0.76652017
     0.76568620
     0.76485636
     0.76402899
     0.76319961
     0.76236822
     0.76153482
     0.76069942
     0.75986202
     0.75902261
     0.75818120
     0.75733779
     0.75647312
     0.75574698
     0.00000000
     0.00000000
     0.00000000
     0.00000000
     1.00000000
     0.98989899
     0.97979798
     0.96969697
     0.95959596
     0.94949495
     0.93939394
     0.92929293
     0.91919192
     0.90909091
     0.89898990
     0.88888889
     0.87878788
     0.86868687
     0.85858586
     0.84848485
     0.83838384
     0.82828283
     0.81818182
     0.80808081
     0.80387134
     0.80285264
     0.80182995
     0.80080327
     0.79977259
     0.79873793
     0.79769927
     0.79665662
     0.79560997
     0.79455932
     0.79350467
     0.79244602
     0.79117446
     0.78986368
     0.78942721
     0.78902462
     0.78862147
     0.78821775
     0.78804183
     0.78790042
     0.78775895
     0.78761740
     0.78755553
     0.78744734
     0.78733912
     0.78723085
     0.78712254
     0.78701420
     0.78690581
     0.78679738
     0.78668891
     0.78658041
     0.78640905
     0.78619370
     0.78597819
     0.78599376
     0.78608936
     0.78618493
     0.78628046
     0.78645595
     0.78665398
     0.78674503
     0.78652877
     0.78631234
     0.78609575
     0.78587901
     0.78566210
     0.78544504
     0.78522781
     0.78501043
     0.78479288
     0.78457518
     0.78345036
     0.78171954
     0.77997877
     0.77822805
     0.77646740
     0.77469681
     0.77291630
     0.77112588
     0.76932555
     0.76751534
     0.76603684
     0.76520168
     0.76436445
     0.76353026
     0.76269967
     0.76186707
     0.76103247
     0.76019586
     0.75935725
     0.75851664
     0.75767403
     0.75682942
     0.75598282
     0.75513422
     0.00000000
     0.00000000
     0.00000000
     0.00000000
     1.00000000
     0.98989899
     0.97979798
     0.96969697
     0.95959596
     0.94949495
     0.93939394
     0.92929293
     0.91919192
     0.90909091
     0.89898990
     0.88888889
     0.87878788
     0.86868687
     0.85858586
     0.84848485
     0.83838384
     0.82828283
     0.81818182
     0.80808081
     0.80334608
     0.80232532
     0.80130057
     0.80027183
     0.79923910
     0.79820237
     0.79716165
     0.79611693
     0.79506822
     0.79401551
     0.79295879
     0.79189808
     0.79083337
     0.78963048
     0.78917427
     0.78877133
     0.78836783
     0.78797110
     0.78782966
     0.78768815
     0.78754657
     0.78740493
     0.78719477
     0.78706001
     0.78695164
     0.78684323
     0.78673478
     0.78662629
     0.78651776
     0.78640919
     0.78630058
     0.78619192
     0.78606836
     0.78585276
     0.78563701
     0.78554065
     0.78563640
     0.78573211
     0.78582780
     0.78599995
     0.78619829
     0.78637947
     0.78616293
     0.78594623
     0.78572938
     0.78551236
     0.78529519
     0.78507785
     0.78486036
     0.78464270
     0.78442489
     0.78420691
     0.78332032
     0.78158874
     0.77984722
     0.77809576
     0.77633436
     0.77456302
     0.77278177
     0.77099060
     0.76918953
     0.76737857
     0.76555773
     0.76471646
     0.76387804
     0.76303756
     0.76219901
     0.76136520
     0.76052939
     0.75969158
     0.75885177
     0.75800995
     0.75716614
     0.75632033
     0.75547252
     0.75462273
     0.00000000
     0.00000000
     0.00000000
     0.00000000
     1.00000000
     0.98989899
     0.97979798
     0.96969697
     0.95959596
     0.94949495
     0.93939394
     0.92929293
     0.91919192
     0.90909091
     0.89898990
     0.88888889
     0.87878788
     0.86868687
     0.85858586
     0.84848485
     0.83838384
     0.82828283
     0.81818182
     0.80808081
     0.80281976
     0.80179694
     0.80077013
     0.79973933
     0.79870453
     0.79766575
     0.79662296
     0.79557618
     0.79452541
     0.79347063
     0.79241185
     0.79134908
     0.79028230
     0.78926986
     0.78886891
     0.78846741
     0.78806535
     0.78771345
     0.78758107
     0.78744863
     0.78731614
     0.78713692
     0.78693093
     0.78671028
     0.78656365
     0.78645510
     0.78634650
     0.78623787
     0.78612919
     0.78602048
     0.78591172
     0.78580293
     0.78569409
     0.78551143
     0.78529543
     0.78508685
     0.78518274
     0.78527860
     0.78537444
     0.78554324
     0.78574189
     0.78594041
     0.78579664
     0.78557967
     0.78536255
     0.78514526
     0.78492781
     0.78471021
     0.78449244
     0.78427452
     0.78405644
     0.78383819
     0.78319022
     0.78145789
     0.77971562
     0.77796341
     0.77620126
     0.77442918
     0.77264718
     0.77085526
     0.76905345
     0.76724174
     0.76542015
     0.76423055
     0.76339093
     0.76254925
     0.76170551
     0.76086261
     0.76002559
     0.75918657
     0.75834556
     0.75750254
     0.75665752
     0.75581051
     0.75496151
     0.75411052
     0.00000000
     0.00000000
     0.00000000
     0.00000000
     1.00000000
     0.98989899
     0.97979798
     0.96969697
     0.95959596
     0.94949495
     0.93939394
     0.92929293
     0.91919192
     0.90909091
     0.89898990
     0.88888889
     0.87878788
     0.86868687
     0.85858586
     0.84848485
     0.83838384
     0.82828283
     0.81818182
     0.80808081
     0.80229237
     0.80126749
     0.80023862
     0.79920576
     0.79816891
     0.79712806
     0.79608321
     0.79503437
     0.79398153
     0.79292469
     0.79186385
     0.79079900
     0.78973016
     0.78893731
     0.78853591
     0.78813394
     0.78773142
     0.78742232
     0.78728981
     0.78715245
     0.78694727
     0.78674195
     0.78653649
     0.78633088
     0.78612513
     0.78591923
     0.78580945
     0.78573350
     0.78565753
     0.78558155
     0.78550554
     0.78541342
     0.78530444
     0.78516971
     0.78495345
     0.78473704
     0.78472839
     0.78482440
     0.78492038
     0.78508583
     0.78528479
     0.78548361
     0.78542989
     0.78521265
     0.78499526
     0.78477770
     0.78455999
     0.78434211
     0.78412408
     0.78390588
     0.78368753
     0.78346901
     0.78306006
     0.78132699
     0.77958397
     0.77783101
     0.77606811
     0.77429528
     0.77251253
     0.77071987
     0.76891731
     0.76710486
     0.76528253
     0.76374394
     0.76290313
     0.76206026
     0.76121532
     0.76036834
     0.75952106
     0.75868084
     0.75783862
     0.75699440
     0.75614819
     0.75529998
     0.75444978
     0.75359758
     0.00000000
     0.00000000
     0.00000000
     0.00000000
     1.00000000
     0.98989899
     0.97979798
     0.96969697
     0.95959596
     0.94949495
     0.93939394
     0.92929293
     0.91919192
     0.90909091
     0.89898990
     0.88888889
     0.87878788
     0.86868687
     0.85858586
     0.84848485
     0.83838384
     0.82828283
     0.81818182
     0.80808081
     0.80176392
     0.80073698
     0.79970605
     0.79867113
     0.79763222
     0.79658931
     0.79554240
     0.79449149
     0.79343659
     0.79237768
     0.79131477
     0.79024787
     0.78916836
     0.78860439
     0.78820252
     0.78780009
     0.78739710
     0.78713090
     0.78696281
     0.78675750
     0.78655205
     0.78634645
     0.78614071
     0.78593482
     0.78572879
     0.78552262
     0.78531630
     0.78510983
     0.78498564
     0.78490948
     0.78483330
     0.78475711
     0.78468089
     0.78460465
     0.78444353
     0.78425980
     0.78417171
     0.78430095
     0.78443013
     0.78462525
     0.78482697
     0.78502610
     0.78506269
     0.78484518
     0.78462751
     0.78440969
     0.78419170
     0.78397356
     0.78375525
     0.78353679
     0.78331816
     0.78309938
     0.78288044
     0.78119603
     0.77945226
     0.77769855
     0.77593490
     0.77416132
     0.77237783
     0.77058442
     0.76878111
     0.76696792
     0.76514484
     0.76331191
     0.76241463
     0.76157057
     0.76072444
     0.75987626
     0.75902603
     0.75817439
     0.75733096
     0.75648554
     0.75563813
     0.75478872
     0.75393732
     0.75308393
     0.00000000
     0.00000000
     0.00000000
     0.00000000
     1.00000000
     0.98989899
     0.97979798
     0.96969697
     0.95959596
     0.94949495
     0.93939394
     0.92929293
     0.91919192
     0.90909091
     0.89898990
     0.88888889
     0.87878788
     0.86868687
     0.85858586
     0.84848485
     0.83838384
     0.82828283
     0.81818182
     0.80808081
     0.80123441
     0.80020541
     0.79917242
     0.79813544
     0.79709446
     0.79604949
     0.79500052
     0.79394755
     0.79289058
     0.79182961
     0.79076464
     0.78969566
     0.78867285
     0.78827108
     0.78786875
     0.78746585
     0.78706240
     0.78677305
     0.78656760
     0.78636202
     0.78615629
     0.78595041
     0.78574439
     0.78553823
     0.78533192
     0.78512547
     0.78491887
     0.78471213
     0.78450525
     0.78429822
     0.78415953
     0.78408316
     0.78400677
     0.78393036
     0.78381727
     0.78363315
     0.78344891
     0.78356170
     0.78369120
     0.78388318
     0.78411601
     0.78434866
     0.78450554
     0.78430119
     0.78409671
     0.78389208
     0.78368731
     0.78348240
     0.78327735
     0.78307216
     0.78286683
     0.78266136
     0.78245575
     0.78099944
     0.77927668
     0.77754423
     0.77580163
     0.77402731
     0.77224307
     0.77044891
     0.76864486
     0.76683092
     0.76500711
     0.76317343
     0.76192545
     0.76108019
     0.76023287
     0.75938350
     0.75853208
     0.75767860
     0.75682307
     0.75597596
     0.75512735
     0.75427674
     0.75342415
     0.75256956
     0.00000000
     0.00000000
     0.00000000
     0.00000000
     1.00000000
     0.98989899
     0.97979798
     0.96969697
     0.95959596
     0.94949495
     0.93939394
     0.92929293
     0.91919192
     0.90909091
     0.89898990
     0.88888889
     0.87878788
     0.86868687
     0.85858586
     0.84848485
     0.83838384
     0.82828283
     0.81818182
     0.80808081
     0.80070384
     0.79967278
     0.79863773
     0.79759868
     0.79655564
     0.79550861
     0.79445757
     0.79340254
     0.79234350
     0.79128047
     0.79021343
     0.78914239
     0.78833962
     0.78793739
     0.78753459
     0.78711289
     0.78663133
     0.78637759
     0.78617187
     0.78596600
     0.78575999
     0.78555384
     0.78534754
     0.78514110
     0.78493452
     0.78472779
     0.78452091
     0.78431390
     0.78410673
     0.78389943
     0.78369198
     0.78348438
     0.78333113
     0.78325455
     0.78317795
     0.78300519
     0.78282056
     0.78282062
     0.78295044
     0.78313925
     0.78337266
     0.78360589
     0.78383894
     0.78365336
     0.78344843
     0.78324336
     0.78303815
     0.78283279
     0.78262730
     0.78242166
     0.78221589
     0.78200998
     0.78180392
     0.78041566
     0.77868961
     0.77695386
     0.77520844
     0.77345334
     0.77168857
     0.76991415
     0.76813008
     0.76633637
     0.76453304
     0.76272010
     0.76125683
     0.76058912
     0.75974061
     0.75889005
     0.75803743
     0.75718277
     0.75632605
     0.75546729
     0.75461585
     0.75376404
     0.75291025
     0.75205447
     0.00000000
     0.00000000
     0.00000000
     0.00000000
     1.00000000
     0.98989899
     0.97979798
     0.96969697
     0.95959596
     0.94949495
     0.93939394
     0.92929293
     0.91919192
     0.90909091
     0.89898990
     0.88888889
     0.87878788
     0.86868687
     0.85858586
     0.84848485
     0.83838384
     0.82828283
     0.81818182
     0.80808081
     0.80017220
     0.79913908
     0.79810197
     0.79706086
     0.79601576
     0.79496666
     0.79391356
     0.79285646
     0.79179536
     0.79073026
     0.78966116
     0.78858806
     0.78800601
     0.78760331
     0.78715527
     0.78667378
     0.78619149
     0.78598159
     0.78577559
     0.78556945
     0.78536317
     0.78515673
     0.78495016
     0.78474344
     0.78453658
     0.78432957
     0.78412242
     0.78391513
     0.78370769
     0.78350010
     0.78329238
     0.78308450
     0.78287649
     0.78266833
     0.78250043
     0.78237591
     0.78219090
     0.78207770
     0.78220784
     0.78239348
     0.78262747
     0.78286128
     0.78309490
     0.78300412
     0.78279875
     0.78259323
     0.78238757
     0.78218177
     0.78197584
     0.78176976
     0.78156354
     0.78135718
     0.78115068
     0.77983075
     0.77810141
     0.77636238
     0.77461367
     0.77285529
     0.77108724
     0.76930954
     0.76752220
     0.76572522
     0.76391863
     0.76210243
     0.76027665
     0.75976381
     0.75924765
     0.75839590
     0.75754210
     0.75668625
     0.75582835
     0.75496840
     0.75410641
     0.75325063
     0.75239564
     0.75153866
     0.00000000
     0.00000000
     0.00000000
     0.00000000
     1.00000000
     0.98989899
     0.97979798
     0.96969697
     0.95959596
     0.94949495
     0.93939394
     0.92929293
     0.91919192
     0.90909091
     0.89898990
     0.88888889
     0.87878788
     0.86868687
     0.85858586
     0.84848485
     0.83838384
     0.82828283
     0.81818182
     0.80808081
     0.79963950
     0.79860432
     0.79756515
     0.79652198
     0.79547481
     0.79442365
     0.79336848
     0.79230932
     0.79124616
     0.79017899
     0.78910783
     0.78807462
     0.78767201
     0.78719765
     0.78671622
     0.78623401
     0.78579119
     0.78558506
     0.78537879
     0.78517237
     0.78496580
     0.78475910
     0.78455224
     0.78434525
     0.78413811
     0.78393082
     0.78372340
     0.78351582
     0.78330811
     0.78310025
     0.78289224
     0.78268409
     0.78247580
     0.78226736
     0.78205878
     0.78185005
     0.78155991
     0.78137440
     0.78146342
     0.78164585
     0.78188042
     0.78211481
     0.78234902
     0.78235348
     0.78214766
     0.78194169
     0.78173559
     0.78152935
     0.78132297
     0.78111645
     0.78090978
     0.78070298
     0.78049604
     0.77924473
     0.77751210
     0.77576979
     0.77401779
     0.77225613
     0.77048480
     0.76870382
     0.76691321
     0.76511297
     0.76330311
     0.76148366
     0.75965462
     0.75862260
     0.75826442
     0.75790107
     0.75704608
     0.75618904
     0.75532995
     0.75446882
     0.75360565
     0.75274043
     0.75188031
     0.75102214
     0.00000000
     0.00000000
     0.00000000
     0.00000000
     1.00000000
     0.98989899
     0.97979798
     0.96969697
     0.95959596
     0.94949495
     0.93939394
     0.92929293
     0.91919192
     0.90909091
     0.89898990
     0.88888889
     0.87878788
     0.86868687
     0.85858586
     0.84848485
     0.83838384
     0.82828283
     0.81818182
     0.80808081
     0.79910573
     0.79806849
     0.79702726
     0.79598203
     0.79493280
     0.79387957
     0.79282234
     0.79176111
     0.79069589
     0.78962666
     0.78855342
     0.78772058
     0.78724002
     0.78675866
     0.78627651
     0.78579357
     0.78539441
     0.78518800
     0.78498145
     0.78477475
     0.78456791
     0.78436092
     0.78415379
     0.78394652
     0.78373910
     0.78353154
     0.78332384
     0.78311599
     0.78290799
     0.78269985
     0.78249157
     0.78228314
     0.78207457
     0.78186586
     0.78165700
     0.78144800
     0.78117047
     0.78083487
     0.78071716
     0.78089638
     0.78113153
     0.78136650
     0.78160129
     0.78170142
     0.78149516
     0.78128875
     0.78108221
     0.78087552
     0.78066869
     0.78046173
     0.78025462
     0.78004737
     0.77983998
     0.77865760
     0.77692168
     0.77517607
     0.77342079
     0.77165585
     0.76988124
     0.76809699
     0.76630311
     0.76449960
     0.76268649
     0.76086378
     0.75903149
     0.75747770
     0.75711836
     0.75675866
     0.75639860
     0.75569114
     0.75483087
     0.75396855
     0.75310420
     0.75223780
     0.75136937
     0.75050490
     0.00000000
     0.00000000
     0.00000000
     0.00000000
     1.00000000
     0.98989899
     0.97979798
     0.96969697
     0.95959596
     0.94949495
     0.93939394
     0.92929293
     0.91919192
     0.90909091
     0.89898990
     0.88888889
     0.87878788
     0.86868687
     0.85858586
     0.84848485
     0.83838384
     0.82828283
     0.81818182
     0.80808081
     0.79857091
     0.79753161
     0.79648831
     0.79544101
     0.79438972
     0.79333443
     0.79227514
     0.79121184
     0.79014462
     0.78913675
     0.78812534
     0.78728238
     0.78680109
     0.78631902
     0.78583614
     0.78535248
     0.78499709
     0.78479040
     0.78458357
     0.78437660
     0.78416948
     0.78396222
     0.78375481
     0.78354726
     0.78333956
     0.78313172
     0.78292374
     0.78271561
     0.78250734
     0.78229893
     0.78209037
     0.78188166
     0.78167282
     0.78146382
     0.78125469
     0.78104541
     0.78082430
     0.78048832
     0.78018889
     0.78014506
     0.78038079
     0.78061634
     0.78085170
     0.78104796
     0.78084125
     0.78063440
     0.78042741
     0.78022028
     0.78001301
     0.77980560
     0.77959805
     0.77939036
     0.77918253
     0.77806934
     0.77633013
     0.77458124
     0.77282268
     0.77105446
     0.76927658
     0.76748905
     0.76569190
     0.76388513
     0.76206876
     0.76024279
     0.75840726
     0.75656218
     0.75596863
     0.75560777
     0.75524656
     0.75488498
     0.75433110
     0.75346760
     0.75260206
     0.75173448
     0.75086487
     0.74999323
     0.00000000
     0.00000000
     0.00000000
     0.00000000
     1.00000000
     0.98989899
     0.97979798
     0.96969697
     0.95959596
     0.94949495
     0.93939394
     0.92929293
     0.91919192
     0.90909091
     0.89898990
     0.88888889
     0.87878788
     0.86868687
     0.85858586
     0.84848485
     0.83838384
     0.82828283
     0.81818182
     0.80808081
     0.79803501
     0.79699365
     0.79594829
     0.79489893
     0.79384558
     0.79278822
     0.79177497
     0.79077285
     0.78976719
     0.78875799
     0.78774525
     0.78684352
     0.78636151
     0.78587871
     0.78539511
     0.78491073
     0.78459923
     0.78439227
     0.78418516
     0.78397791
     0.78377052
     0.78356298
     0.78335529
     0.78314746
     0.78293949
     0.78273137
     0.78252311
     0.78231471
     0.78210616
     0.78189747
     0.78168863
     0.78147965
     0.78127053
     0.78106126
     0.78085184
     0.78064229
     0.78043258
     0.78014138
     0.77980465
     0.77969632
     0.77969199
     0.77986432
     0.78010027
     0.78033603
     0.78018594
     0.77997865
     0.77977121
     0.77956364
     0.77935592
     0.77914807
     0.77894007
     0.77873194
     0.77852366
     0.77747997
     0.77573747
     0.77398530
     0.77222346
     0.77045195
     0.76867080
     0.76688000
     0.76507958
     0.76326955
     0.76144992
     0.75962071
     0.75778193
     0.75593361
     0.75481521
     0.75445320
     0.75409084
     0.75372811
     0.75336503
     0.75296596
     0.75209924
     0.75123048
     0.75035969
     0.74948687
     0.00000000
     0.00000000
     0.00000000
     0.00000000
     1.00000000
     0.98989899
     0.97979798
     0.96969697
     0.95959596
     0.94949495
     0.93939394
     0.92929293
     0.91919192
     0.90909091
     0.89898990
     0.88888889
     0.87878788
     0.86868687
     0.85858586
     0.84848485
     0.83838384
     0.82828283
     0.81818182
     0.80808081
     0.79797980
     0.79645463
     0.79540721
     0.79438877
     0.79339596
     0.79239959
     0.79139969
     0.79039625
     0.78938926
     0.78837873
     0.78736466
     0.78640400
     0.78592127
     0.78543774
     0.78495343
     0.78446831
     0.78420085
     0.78399361
     0.78378622
     0.78357869
     0.78337102
     0.78316320
     0.78295524
     0.78274713
     0.78253888
     0.78233049
     0.78212195
     0.78191327
     0.78170445
     0.78149548
     0.78128636
     0.78107710
     0.78086770
     0.78065815
     0.78044846
     0.78023863
     0.78002865
     0.77979405
     0.77945693
     0.77925700
     0.77925266
     0.77924832
     0.77934699
     0.77958333
     0.77952922
     0.77932149
     0.77911361
     0.77890559
     0.77869743
     0.77848913
     0.77828069
     0.77807211
     0.77786339
     0.77688948
     0.77514370
     0.77338824
     0.77162312
     0.76984834
     0.76806391
     0.76626984
     0.76446616
     0.76265287
     0.76082998
     0.75899752
     0.75715550
     0.75530394
     0.75365811
     0.75329496
     0.75293144
     0.75256757
     0.75220334
     0.75183874
     0.75147379
     0.75072580
     0.74985383
     0.74897983
     0.00000000
     0.00000000
     0.00000000
     0.00000000
     1.00000000
     0.98989899
     0.97979798
     0.96969697
     0.95959596
     0.94949495
     0.93939394
     0.92929293
     0.91919192
     0.90909091
     0.89898990
     0.88888889
     0.87878788
     0.86868687
     0.85858586
     0.84848485
     0.83838384
     0.82828283
     0.81818182
     0.80808081
     0.79797980
     0.79599466
     0.79500759
     0.79401699
     0.79302284
     0.79202515
     0.79102392
     0.79001915
     0.78901083
     0.78799898
     0.78698753
     0.78598995
     0.78548037
     0.78499612
     0.78451108
     0.78402524
     0.78380192
     0.78359441
     0.78338674
     0.78317894
     0.78297099
     0.78276289
     0.78255465
     0.78234627
     0.78213775
     0.78192907
     0.78172026
     0.78151130
     0.78130220
     0.78109295
     0.78088356
     0.78067402
     0.78046434
     0.78025452
     0.78004455
     0.77983444
     0.77962419
     0.77941379
     0.77910882
     0.77881706
     0.77881271
     0.77880836
     0.77880401
     0.77882878
     0.77887110
     0.77866292
     0.77845460
     0.77824613
     0.77803753
     0.77782879
     0.77761990
     0.77741088
     0.77720172
     0.77629788
     0.77454881
     0.77279007
     0.77102167
     0.76924361
     0.76745591
     0.76565858
     0.76385163
     0.76203508
     0.76020894
     0.75837323
     0.75652797
     0.75467317
     0.75280887
     0.75213305
     0.75176838
     0.75140336
     0.75103798
     0.75067224
     0.75030615
     0.74993969
     0.74934728
     0.74847211
     0.00000000
     0.00000000
     0.00000000
     0.00000000
     1.00000000
     0.98989899
     0.97979798
     0.96969697
     0.95959596
     0.94949495
     0.93939394
     0.92929293
     0.91919192
     0.90909091
     0.89898990
     0.88888889
     0.87878788
     0.86868687
     0.85858586
     0.84848485
     0.83838384
     0.82828283
     0.81818182
     0.80808081
     0.79797980
     0.79562503
     0.79463663
     0.79364470
     0.79264922
     0.79165021
     0.79064765
     0.78964155
     0.78863191
     0.78761872
     0.78661079
     0.78561192
     0.78503881
     0.78455383
     0.78406807
     0.78361012
     0.78340247
     0.78319467
     0.78298674
     0.78277865
     0.78257042
     0.78236205
     0.78215354
     0.78194488
     0.78173607
     0.78152712
     0.78131803
     0.78110879
     0.78089941
     0.78068989
     0.78048022
     0.78027041
     0.78006045
     0.77985035
     0.77964011
     0.77942972
     0.77921919
     0.77900851
     0.77876032
     0.77844723
     0.77837213
     0.77836777
     0.77836341
     0.77835906
     0.77822597
     0.77800295
     0.77779418
     0.77758527
     0.77737623
     0.77716704
     0.77695771
     0.77674825
     0.77653864
     0.77570516
     0.77395281
     0.77219079
     0.77041910
     0.76863777
     0.76684680
     0.76504620
     0.76323599
     0.76141618
     0.75958679
     0.75774784
     0.75589934
     0.75404131
     0.75217378
     0.75096747
     0.75060166
     0.75023550
     0.74986897
     0.74950209
     0.74913484
     0.74876724
     0.74839929
     0.74796370
     0.00000000
     0.00000000
     0.00000000
     0.00000000
     1.00000000
     0.98989899
     0.97979798
     0.96969697
     0.95959596
     0.94949495
     0.93939394
     0.92929293
     0.91919192
     0.90909091
     0.89898990
     0.88888889
     0.87878788
     0.86868687
     0.85858586
     0.84848485
     0.83838384
     0.82828283
     0.81818182
     0.80808081
     0.79797980
     0.79525490
     0.79426518
     0.79327191
     0.79227511
     0.79127477
     0.79027088
     0.78926345
     0.78825248
     0.78723797
     0.78623356
     0.78523340
     0.78459658
     0.78411089
     0.78362440
     0.78321041
     0.78300248
     0.78279441
     0.78258619
     0.78237783
     0.78216933
     0.78196068
     0.78175188
     0.78154295
     0.78133386
     0.78112464
     0.78091527
     0.78070576
     0.78049610
     0.78028630
     0.78007635
     0.77986626
     0.77965603
     0.77944565
     0.77923513
     0.77902446
     0.77881365
     0.77860270
     0.77839160
     0.77809492
     0.77793092
     0.77792656
     0.77792219
     0.77791783
     0.77791163
     0.77734157
     0.77713236
     0.77692301
     0.77671352
     0.77650389
     0.77629412
     0.77608421
     0.77587415
     0.77511133
     0.77335569
     0.77159039
     0.76981543
     0.76803082
     0.76623658
     0.76443271
     0.76261924
     0.76079618
     0.75896354
     0.75712135
     0.75526961
     0.75340835
     0.75153760
     0.74979824
     0.74943129
     0.74906397
     0.74869631
     0.74832828
     0.74795989
     0.74759115
     0.74722206
     0.74685260
     0.00000000
     0.00000000
     0.00000000
     0.00000000
     1.00000000
     0.98989899
     0.97979798
     0.96969697
     0.95959596
     0.94949495
     0.93939394
     0.92929293
     0.91919192
     0.90909091
     0.89898990
     0.88888889
     0.87878788
     0.86868687
     0.85858586
     0.84848485
     0.83838384
     0.82828283
     0.81818182
     0.80808081
     0.79797980
     0.79488427
     0.79389322
     0.79289863
     0.79190050
     0.79089883
     0.78989362
     0.78888486
     0.78787256
     0.78685672
     0.78585585
     0.78485440
     0.78415370
     0.78366729
     0.78318007
     0.78281016
     0.78260196
     0.78239361
     0.78218511
     0.78197648
     0.78176769
     0.78155877
     0.78134970
     0.78114048
     0.78093112
     0.78072162
     0.78051197
     0.78030218
     0.78009225
     0.77988217
     0.77967195
     0.77946158
     0.77925107
     0.77904042
     0.77882962
     0.77861867
     0.77840759
     0.77819636
     0.77798498
     0.77774221
     0.77749034
     0.77748471
     0.77748035
     0.77747598
     0.77747161
     0.77700595
     0.77646913
     0.77625934
     0.77604940
     0.77583933
     0.77562912
     0.77541876
     0.77520827
     0.77451638
     0.77275746
     0.77098887
     0.76921064
     0.76742276
     0.76562525
     0.76381812
     0.76200139
     0.76017508
     0.75833919
     0.75649375
     0.75463878
     0.75277430
     0.75090033
     0.74901688
     0.74825726
     0.74788880
     0.74751999
     0.74715413
     0.74679579
     0.74643712
     0.74607812
     0.74571878
     0.00000000
     0.00000000
     0.00000000
     0.00000000
     1.00000000
     0.98989899
     0.97979798
     0.96969697
     0.95959596
     0.94949495
     0.93939394
     0.92929293
     0.91919192
     0.90909091
     0.89898990
     0.88888889
     0.87878788
     0.86868687
     0.85858586
     0.84848485
     0.83838384
     0.82828283
     0.81818182
     0.80808081
     0.79797980
     0.79451314
     0.79352077
     0.79252485
     0.79152540
     0.79052240
     0.78951585
     0.78850577
     0.78749214
     0.78647697
     0.78547764
     0.78447492
     0.78371016
     0.78322302
     0.78273509
     0.78240939
     0.78220090
     0.78199228
     0.78178350
     0.78157459
     0.78136553
     0.78115633
     0.78094698
     0.78073749
     0.78052785
     0.78031807
     0.78010815
     0.77989808
     0.77968787
     0.77947751
     0.77926701
     0.77905637
     0.77884558
     0.77863465
     0.77842357
     0.77821235
     0.77800099
     0.77778948
     0.77757783
     0.77738208
     0.77713694
     0.77704224
     0.77703787
     0.77703350
     0.77702912
     0.77669038
     0.77609764
     0.77559426
     0.77538389
     0.77517337
     0.77496271
     0.77475191
     0.77454098
     0.77392031
     0.77215811
     0.77038625
     0.76860474
     0.76681359
     0.76501281
     0.76320242
     0.76138244
     0.75955287
     0.75771374
     0.75586507
     0.75400686
     0.75214099
     0.75027489
     0.74839944
     0.74711497
     0.74675660
     0.74639789
     0.74603885
     0.74567947
     0.74531976
     0.74495971
     0.74459933
     0.00000000
     0.00000000
     0.00000000
     0.00000000
     1.00000000
     0.98989899
     0.97979798
     0.96969697
     0.95959596
     0.94949495
     0.93939394
     0.92929293
     0.91919192
     0.90909091
     0.89898990
     0.88888889
     0.87878788
     0.86868687
     0.85858586
     0.84848485
     0.83838384
     0.82828283
     0.81818182
     0.80808081
     0.79797980
     0.79414152
     0.79314782
     0.79215058
     0.79114979
     0.79014546
     0.78913759
     0.78812618
     0.78711122
     0.78609957
     0.78509896
     0.78409495
     0.78326596
     0.78277810
     0.78228944
     0.78200807
     0.78179931
     0.78159041
     0.78138136
     0.78117217
     0.78096283
     0.78075335
     0.78054373
     0.78033396
     0.78012404
     0.77991399
     0.77970379
     0.77949344
     0.77928295
     0.77907232
     0.77886154
     0.77865062
     0.77843956
     0.77822835
     0.77801699
     0.77780550
     0.77759386
     0.77738207
     0.77717014
     0.77697107
     0.77678315
     0.77659915
     0.77659477
     0.77659039
     0.77658601
     0.77637449
     0.77578116
     0.77518670
     0.77471697
     0.77450600
     0.77429490
     0.77408366
     0.77387228
     0.77332313
     0.77155765
     0.76978251
     0.76799773
     0.76620331
     0.76439927
     0.76258601
     0.76077354
     0.75895160
     0.75712022
     0.75527941
     0.75342920
     0.75156959
     0.74970062
     0.74782231
     0.74650305
     0.74564016
     0.74528041
     0.74492033
     0.74455991
     0.74419915
     0.74383807
     0.74369369
     0.00000000
     0.00000000
     0.00000000
     0.00000000
     1.00000000
     0.98989899
     0.97979798
     0.96969697
     0.95959596
     0.94949495
     0.93939394
     0.92929293
     0.91919192
     0.90909091
     0.89898990
     0.88888889
     0.87878788
     0.86868687
     0.85858586
     0.84848485
     0.83838384
     0.82828283
     0.81818182
     0.80808081
     0.79797980
     0.79376940
     0.79277437
     0.79177580
     0.79077369
     0.78976803
     0.78875883
     0.78774609
     0.78672981
     0.78572168
     0.78471979
     0.78371450
     0.78282110
     0.78233252
     0.78184314
     0.78160623
     0.78139719
     0.78118801
     0.78097868
     0.78076921
     0.78055960
     0.78034984
     0.78013994
     0.77992989
     0.77971970
     0.77950937
     0.77929889
     0.77908827
     0.77887750
     0.77866659
     0.77845554
     0.77824434
     0.77803300
     0.77782151
     0.77760988
     0.77739811
     0.77718619
     0.77697413
     0.77676193
     0.77655952
     0.77642895
     0.77617601
     0.77615104
     0.77614665
     0.77614227
     0.77605828
     0.77546435
     0.77486930
     0.77427314
     0.77383724
     0.77362569
     0.77341401
     0.77320219
     0.77272484
     0.77096555
     0.76919769
     0.76742030
     0.76563339
     0.76383698
     0.76203108
     0.76021570
     0.75839087
     0.75655659
     0.75471290
     0.75285980
     0.75099732
     0.74912548
     0.74724431
     0.74629203
     0.74555898
     0.74446797
     0.74379857
     0.74343711
     0.74307532
     0.74271391
     0.74283254
     0.00000000
     0.00000000
     0.00000000
     0.00000000
     1.00000000
     0.98989899
     0.97979798
     0.96969697
     0.95959596
     0.94949495
     0.93939394
     0.92929293
     0.91919192
     0.90909091
     0.89898990
     0.88888889
     0.87878788
     0.86868687
     0.85858586
     0.84848485
     0.83838384
     0.82828283
     0.81818182
     0.80808081
     0.79797980
     0.79339678
     0.79240043
     0.79140053
     0.79039709
     0.78939010
     0.78837958
     0.78736551
     0.78634790
     0.78534331
     0.78434013
     0.78333356
     0.78237559
     0.78188627
     0.78141302
     0.78120385
     0.78099453
     0.78078508
     0.78057547
     0.78036572
     0.78015583
     0.77994580
     0.77973562
     0.77952530
     0.77931483
     0.77910422
     0.77889346
     0.77868256
     0.77847152
     0.77826033
     0.77804900
     0.77783753
     0.77762591
     0.77741415
     0.77720224
     0.77699019
     0.77677800
     0.77656566
     0.77635318
     0.77614743
     0.77602256
     0.77582113
     0.77570668
     0.77570229
     0.77569790
     0.77569350
     0.77514723
     0.77455158
     0.77395778
     0.77336373
     0.77295484
     0.77274263
     0.77253028
     0.77218556
     0.77042431
     0.76865352
     0.76687321
     0.76508339
     0.76328406
     0.76147525
     0.75965697
     0.75782924
     0.75599208
     0.75414549
     0.75228952
     0.75042416
     0.74854946
     0.74666543
     0.74603203
     0.74570320
     0.74461260
     0.74351892
     0.74242219
     0.74195352
     0.74165675
     0.74196376
     0.74250017
     0.00000000
     0.00000000
     0.00000000
     1.00000000
     0.98989899
     0.97979798
     0.96969697
     0.95959596
     0.94949495
     0.93939394
     0.92929293
     0.91919192
     0.90909091
     0.89898990
     0.88888889
     0.87878788
     0.86868687
     0.85858586
     0.84848485
     0.83838384
     0.82828283
     0.81818182
     0.80808081
     0.79797980
     0.79302367
     0.79202598
     0.79102476
     0.79001999
     0.78901167
     0.78799982
     0.78698442
     0.78596552
     0.78496445
     0.78395999
     0.78295213
     0.78194088
     0.78143937
     0.78101038
     0.78080094
     0.78059134
     0.78038161
     0.78017173
     0.77996170
     0.77975154
     0.77954122
     0.77933077
     0.77912017
     0.77890942
     0.77869853
     0.77848750
     0.77827633
     0.77806501
     0.77785354
     0.77764193
     0.77743018
     0.77721829
     0.77700625
     0.77679406
     0.77658174
     0.77636927
     0.77615665
     0.77594389
     0.77573480
     0.77560976
     0.77546585
     0.77526416
     0.77526355
     0.77526295
     0.77526234
     0.77484745
     0.77425505
     0.77366154
     0.77306693
     0.77247122
     0.77206967
     0.77185687
     0.77164394
     0.76988217
     0.76810846
     0.76632523
     0.76453249
     0.76273025
     0.76091854
     0.75909736
     0.75726673
     0.75542667
     0.75357721
     0.75171835
     0.74985013
     0.74797256
     0.74608567
     0.74577186
     0.74583796
     0.74475717
     0.74366390
     0.74260161
     0.74173297
     0.74086243
     0.74144371
     0.74210081
     0.00000000
     0.00000000
     0.00000000
     1.00000000
     0.98989899
     0.97979798
     0.96969697
     0.95959596
     0.94949495
     0.93939394
     0.92929293
     0.91919192
     0.90909091
     0.89898990
     0.88888889
     0.87878788
     0.86868687
     0.85858586
     0.84848485
     0.83838384
     0.82828283
     0.81818182
     0.80808081
     0.79797980
     0.79265006
     0.79165104
     0.79064849
     0.78964239
     0.78863275
     0.78761957
     0.78660284
     0.78558746
     0.78458511
     0.78357936
     0.78257022
     0.78155769
     0.78099181
     0.78060722
     0.78039749
     0.78018762
     0.77997761
     0.77976745
     0.77955715
     0.77934670
     0.77913611
     0.77892538
     0.77871450
     0.77850348
     0.77829232
     0.77808101
     0.77786955
     0.77765796
     0.77744622
     0.77723433
     0.77702230
     0.77681013
     0.77659781
     0.77638535
     0.77617275
     0.77595421
     0.77573013
     0.77550590
     0.77530190
     0.77517108
     0.77504021
     0.77484086
     0.77484025
     0.77483964
     0.77483904
     0.77455203
     0.77395908
     0.77336502
     0.77276986
     0.77217360
     0.77157624
     0.77118206
     0.77096869
     0.76933913
     0.76756250
     0.76577635
     0.76398070
     0.76217555
     0.76036093
     0.75853685
     0.75670333
     0.75486039
     0.75300804
     0.75114631
     0.74927521
     0.74739479
     0.74550504
     0.74551151
     0.74557766
     0.74490169
     0.74385848
     0.74299262
     0.74212484
     0.74152307
     0.74218004
     0.74283592
     0.00000000
     0.00000000
     0.00000000
     1.00000000
     0.98989899
     0.97979798
     0.96969697
     0.95959596
     0.94949495
     0.93939394
     0.92929293
     0.91919192
     0.90909091
     0.89898990
     0.88888889
     0.87878788
     0.86868687
     0.85858586
     0.84848485
     0.83838384
     0.82828283
     0.81818182
     0.80808081
     0.79797980
     0.79227594
     0.79127560
     0.79027172
     0.78926430
     0.78825333
     0.78723882
     0.78622076
     0.78520892
     0.78420528
     0.78319825
     0.78218783
     0.78117401
     0.78054359
     0.78020351
     0.77999351
     0.77978336
     0.77957307
     0.77936264
     0.77915206
     0.77894134
     0.77873047
     0.77851946
     0.77830831
     0.77809701
     0.77788557
     0.77767398
     0.77746225
     0.77725038
     0.77703836
     0.77682186
     0.77659840
     0.77637479
     0.77615101
     0.77592707
     0.77570297
     0.77547872
     0.77525430
     0.77502973
     0.77485520
     0.77472420
     0.77459315
     0.77445092
     0.77441638
     0.77441577
     0.77441517
     0.77425634
     0.77366284
     0.77306823
     0.77247252
     0.77187571
     0.77127780
     0.77067878
     0.77029203
     0.76879520
     0.76701565
     0.76522658
     0.76342801
     0.76161996
     0.75980244
     0.75797546
     0.75613904
     0.75429321
     0.75243798
     0.75057338
     0.74869942
     0.74681613
     0.74518479
     0.74525099
     0.74531718
     0.74511133
     0.74424824
     0.74338324
     0.74251632
     0.74225925
     0.74291500
     0.74356965
     0.00000000
     0.00000000
     0.00000000
     1.00000000
     0.98989899
     0.97979798
     0.96969697
     0.95959596
     0.94949495
     0.93939394
     0.92929293
     0.91919192
     0.90909091
     0.89898990
     0.88888889
     0.87878788
     0.86868687
     0.85858586
     0.84848485
     0.83838384
     0.82828283
     0.81818182
     0.80808081
     0.79797980
     0.79241109
     0.79097549
     0.78989446
     0.78888570
     0.78787341
     0.78685757
     0.78583819
     0.78482989
     0.78382497
     0.78281665
     0.78180495
     0.78078985
     0.78009472
     0.77979928
     0.77958900
     0.77937857
     0.77916801
     0.77895730
     0.77874644
     0.77853544
     0.77832430
     0.77811301
     0.77790158
     0.77768712
     0.77746428
     0.77724128
     0.77701812
     0.77679480
     0.77657132
     0.77634768
     0.77612389
     0.77589993
     0.77567582
     0.77545154
     0.77522711
     0.77500251
     0.77477776
     0.77455285
     0.77440788
     0.77427669
     0.77414545
     0.77401416
     0.77399195
     0.77399134
     0.77399073
     0.77396037
     0.77336632
     0.77277116
     0.77217490
     0.77157754
     0.77097908
     0.77037952
     0.76977885
     0.76825037
     0.76646790
     0.76467592
     0.76287444
     0.76106348
     0.75924305
     0.75741318
     0.75557387
     0.75372516
     0.75186705
     0.74999957
     0.74812275
     0.74623661
     0.74492405
     0.74499029
     0.74513737
     0.74543207
     0.74463760
     0.74377347
     0.74290741
     0.74299407
     0.74364859
     0.74430202
     0.00000000
     0.00000000
     0.00000000
     1.00000000
     0.98989899
     0.97979798
     0.96969697
     0.95959596
     0.94949495
     0.93939394
     0.92929293
     0.91919192
     0.90909091
     0.89898990
     0.88888889
     0.87878788
     0.86868687
     0.85858586
     0.84848485
     0.83838384
     0.82828283
     0.81818182
     0.80808081
     0.79797980
     0.79312700
     0.79169505
     0.79025581
     0.78880928
     0.78749299
     0.78647582
     0.78545511
     0.78445037
     0.78344417
     0.78243457
     0.78142158
     0.78040520
     0.77964518
     0.77939451
     0.77918395
     0.77897325
     0.77876241
     0.77854998
     0.77832776
     0.77810537
     0.77788283
     0.77766013
     0.77743727
     0.77721425
     0.77699107
     0.77676773
     0.77654424
     0.77632058
     0.77609676
     0.77587279
     0.77564865
     0.77542436
     0.77519991
     0.77497529
     0.77475052
     0.77452559
     0.77430050
     0.77409124
     0.77395992
     0.77382855
     0.77369713
     0.77356565
     0.77356695
     0.77356634
     0.77356573
     0.77356512
     0.77306953
     0.77247382
     0.77187701
     0.77127910
     0.77068009
     0.77007998
     0.76923276
     0.76763300
     0.76591925
     0.76412436
     0.76231997
     0.76050610
     0.75868278
     0.75685001
     0.75500782
     0.75315622
     0.75129523
     0.74942489
     0.74754520
     0.74565620
     0.74466313
     0.74484719
     0.74527676
     0.74570584
     0.74520437
     0.74416331
     0.74329811
     0.74372751
     0.74438081
     0.74503301
     0.00000000
     0.00000000
     0.00000000
     1.00000000
     0.98989899
     0.97979798
     0.96969697
     0.95959596
     0.94949495
     0.93939394
     0.92929293
     0.91919192
     0.90909091
     0.89898990
     0.88888889
     0.87878788
     0.86868687
     0.85858586
     0.84848485
     0.83838384
     0.82828283
     0.81818182
     0.80808081
     0.79797980
     0.79384109
     0.79241279
     0.79097720
     0.78953432
     0.78808415
     0.78662669
     0.78516485
     0.78407037
     0.78306288
     0.78205200
     0.78103773
     0.78002007
     0.77918883
     0.77896707
     0.77874515
     0.77852306
     0.77830082
     0.77807842
     0.77785586
     0.77763314
     0.77741026
     0.77718722
     0.77696402
     0.77674067
     0.77651715
     0.77629347
     0.77606964
     0.77584564
     0.77562149
     0.77539718
     0.77517270
     0.77494807
     0.77472328
     0.77449833
     0.77427322
     0.77404795
     0.77382252
     0.77364284
     0.77351134
     0.77337979
     0.77324818
     0.77311651
     0.77307607
     0.77314077
     0.77314017
     0.77313956
     0.77277246
     0.77217621
     0.77157885
     0.77098039
     0.77038083
     0.76978016
     0.76851567
     0.76691245
     0.76530151
     0.76357190
     0.76176461
     0.75994784
     0.75812162
     0.75628595
     0.75444087
     0.75258639
     0.75072254
     0.74884932
     0.74696678
     0.74515950
     0.74480762
     0.74523723
     0.74566636
     0.74609501
     0.74614462
     0.74500007
     0.74395571
     0.74445958
     0.74511165
     0.74576262
     0.00000000
     0.00000000
     0.00000000
     1.00000000
     0.98989899
     0.97979798
     0.96969697
     0.95959596
     0.94949495
     0.93939394
     0.92929293
     0.91919192
     0.90909091
     0.89898990
     0.88888889
     0.87878788
     0.86868687
     0.85858586
     0.84848485
     0.83838384
     0.82828283
     0.81818182
     0.80808081
     0.79797980
     0.79455336
     0.79312871
     0.79169677
     0.79025754
     0.78881101
     0.78735720
     0.78590438
     0.78445809
     0.78300472
     0.78167135
     0.78065643
     0.77963811
     0.77871825
     0.77849615
     0.77827389
     0.77805147
     0.77782889
     0.77760615
     0.77738325
     0.77716019
     0.77693697
     0.77671360
     0.77649006
     0.77626636
     0.77604251
     0.77581850
     0.77559432
     0.77536999
     0.77514550
     0.77492085
     0.77469604
     0.77447107
     0.77424594
     0.77402065
     0.77379520
     0.77356960
     0.77334383
     0.77319381
     0.77306213
     0.77293039
     0.77279860
     0.77266675
     0.77258168
     0.77270901
     0.77271403
     0.77271342
     0.77247512
     0.77187832
     0.77128041
     0.77068140
     0.77008129
     0.76939600
     0.76779703
     0.76619034
     0.76457594
     0.76295384
     0.76120836
     0.75938869
     0.75755956
     0.75572101
     0.75387305
     0.75201569
     0.75014896
     0.74831455
     0.74671770
     0.74508813
     0.74519769
     0.74562687
     0.74605557
     0.74648379
     0.74691154
     0.74594081
     0.74519892
     0.74538227
     0.74584111
     0.74649086
     0.00000000
     0.00000000
     0.00000000
     1.00000000
     0.98989899
     0.97979798
     0.96969697
     0.95959596
     0.94949495
     0.93939394
     0.92929293
     0.91919192
     0.90909091
     0.89898990
     0.88888889
     0.87878788
     0.86868687
     0.85858586
     0.84848485
     0.83838384
     0.82828283
     0.81818182
     0.80808081
     0.79797980
     0.79526424
     0.79384383
     0.79241614
     0.79098117
     0.78953891
     0.78808937
     0.78664510
     0.78520245
     0.78375272
     0.78229592
     0.78083205
     0.77936111
     0.77838013
     0.77802451
     0.77780191
     0.77757915
     0.77735623
     0.77713316
     0.77690992
     0.77668652
     0.77646297
     0.77623925
     0.77601538
     0.77579135
     0.77556715
     0.77534280
     0.77511829
     0.77489362
     0.77466879
     0.77444380
     0.77421865
     0.77399335
     0.77376788
     0.77354225
     0.77331647
     0.77309053
     0.77287597
     0.77274416
     0.77261229
     0.77248036
     0.77234839
     0.77221635
     0.77208652
     0.77221405
     0.77228734
     0.77228673
     0.77217751
     0.77158015
     0.77098169
     0.77038213
     0.76978147
     0.76867926
     0.76707683
     0.76546668
     0.76384882
     0.76222327
     0.76059004
     0.75882864
     0.75699663
     0.75515519
     0.75330434
     0.75144410
     0.74985993
     0.74826959
     0.74664343
     0.74523091
     0.74558738
     0.74601612
     0.74644439
     0.74687217
     0.74729949
     0.74687926
     0.74643815
     0.74662091
     0.74680358
     0.74721772
     0.00000000
     0.00000000
     0.00000000
     1.00000000
     0.98989899
     0.97979798
     0.96969697
     0.95959596
     0.94949495
     0.93939394
     0.92929293
     0.91919192
     0.90909091
     0.89898990
     0.88888889
     0.87878788
     0.86868687
     0.85858586
     0.84848485
     0.83838384
     0.82828283
     0.81818182
     0.80808081
     0.79797980
     0.79597631
     0.79455957
     0.79313554
     0.79170423
     0.79026564
     0.78881977
     0.78738396
     0.78594494
     0.78449885
     0.78304568
     0.78158545
     0.78011814
     0.77886079
     0.77795216
     0.77732922
     0.77710612
     0.77688286
     0.77665945
     0.77643587
     0.77621214
     0.77598825
     0.77576419
     0.77553998
     0.77531561
     0.77509108
     0.77486639
     0.77464154
     0.77441653
     0.77419137
     0.77396604
     0.77374055
     0.77351491
     0.77328910
     0.77306314
     0.77283702
     0.77261074
     0.77242587
     0.77229387
     0.77216182
     0.77202971
     0.77189755
     0.77176533
     0.77163306
     0.77171833
     0.77184601
     0.77185947
     0.77185886
     0.77128171
     0.77068271
     0.77008260
     0.76948139
     0.76796097
     0.76635507
     0.76474146
     0.76312015
     0.76149116
     0.75985448
     0.75821014
     0.75643280
     0.75458847
     0.75297608
     0.75139898
     0.74981516
     0.74819246
     0.74658947
     0.74590428
     0.74617807
     0.74645167
     0.74683281
     0.74726016
     0.74768704
     0.74781542
     0.74767339
     0.74785556
     0.74803765
     0.74821965
     0.00000000
     0.00000000
     0.00000000
     1.00000000
     0.98989899
     0.97979798
     0.96969697
     0.95959596
     0.94949495
     0.93939394
     0.92929293
     0.91919192
     0.90909091
     0.89898990
     0.88888889
     0.87878788
     0.86868687
     0.85858586
     0.84848485
     0.83838384
     0.82828283
     0.81818182
     0.80808081
     0.79797980
     0.79668654
     0.79527346
     0.79385310
     0.79242546
     0.79099053
     0.78954925
     0.78812094
     0.78668556
     0.78524311
     0.78379358
     0.78233697
     0.78087330
     0.77968866
     0.77882437
     0.77806792
     0.77730962
     0.77654948
     0.77618502
     0.77596111
     0.77573704
     0.77551281
     0.77528842
     0.77506387
     0.77483916
     0.77461429
     0.77438926
     0.77416408
     0.77393873
     0.77371323
     0.77348756
     0.77326174
     0.77303576
     0.77280961
     0.77258331
     0.77235686
     0.77213024
     0.77197514
     0.77184295
     0.77171072
     0.77157843
     0.77144608
     0.77131368
     0.77118123
     0.77122185
     0.77134972
     0.77143164
     0.77143103
     0.77098300
     0.77038344
     0.76978279
     0.76884277
     0.76724113
     0.76563177
     0.76401470
     0.76238994
     0.76075749
     0.75911738
     0.75746960
     0.75599578
     0.75450223
     0.75301680
     0.75155436
     0.74995245
     0.74830242
     0.74700470
     0.74676169
     0.74702030
     0.74727872
     0.74753698
     0.74789295
     0.74829096
     0.74868855
     0.74890464
     0.74908622
     0.74926772
     0.74944912
     0.00000000
     0.00000000
     0.00000000
     1.00000000
     0.98989899
     0.97979798
     0.96969697
     0.95959596
     0.94949495
     0.93939394
     0.92929293
     0.91919192
     0.90909091
     0.89898990
     0.88888889
     0.87878788
     0.86868687
     0.85858586
     0.84848485
     0.83838384
     0.82828283
     0.81818182
     0.80808081
     0.79864817
     0.79737000
     0.79598551
     0.79456881
     0.79314483
     0.79171358
     0.79028073
     0.78885606
     0.78742432
     0.78598550
     0.78453960
     0.78308663
     0.78162660
     0.78051430
     0.77969413
     0.77893981
     0.77818364
     0.77742563
     0.77666576
     0.77590405
     0.77526122
     0.77503665
     0.77481192
     0.77458704
     0.77436199
     0.77413678
     0.77391142
     0.77368590
     0.77346021
     0.77323437
     0.77300837
     0.77278221
     0.77255589
     0.77232941
     0.77210277
     0.77187598
     0.77165609
     0.77152378
     0.77139141
     0.77125899
     0.77112651
     0.77099398
     0.77086140
     0.77072876
     0.77072461
     0.77085268
     0.77098070
     0.77100264
     0.77068401
     0.77008391
     0.76948270
     0.76812484
     0.76651973
     0.76490691
     0.76328638
     0.76165817
     0.76005654
     0.75856233
     0.75731174
     0.75611578
     0.75491584
     0.75348337
     0.75187787
     0.75023632
     0.74860706
     0.74757169
     0.74782974
     0.74808762
     0.74834533
     0.74865084
     0.74904805
     0.74944485
     0.74984123
     0.75013189
     0.75031288
     0.75049378
     0.75067460
     0.00000000
     0.00000000
     0.00000000
     1.00000000
     0.98989899
     0.97979798
     0.96969697
     0.95959596
     0.94949495
     0.93939394
     0.92929293
     0.91919192
     0.90909091
     0.89898990
     0.88888889
     0.87878788
     0.86868687
     0.85858586
     0.84848485
     0.83838384
     0.82828283
     0.81818182
     0.80808081
     0.79931819
     0.79804320
     0.79669571
     0.79528268
     0.79386237
     0.79243477
     0.79101034
     0.78958931
     0.78816120
     0.78672602
     0.78528376
     0.78383443
     0.78237802
     0.78133771
     0.78056144
     0.77980925
     0.77905521
     0.77829932
     0.77754159
     0.77678201
     0.77602058
     0.77525731
     0.77449219
     0.77410949
     0.77388411
     0.77365856
     0.77343286
     0.77320700
     0.77298098
     0.77275480
     0.77252846
     0.77230196
     0.77207530
     0.77184849
     0.77162151
     0.77139438
     0.77120429
     0.77107179
     0.77093924
     0.77080663
     0.77067397
     0.77054126
     0.77040849
     0.77027567
     0.77022661
     0.77035487
     0.77048309
     0.77057369
     0.77038475
     0.76978410
     0.76900620
     0.76740535
     0.76590116
     0.76443207
     0.76295662
     0.76147480
     0.75998664
     0.75877613
     0.75758507
     0.75639003
     0.75519099
     0.75379332
     0.75216027
     0.75051997
     0.74908740
     0.74863747
     0.74889481
     0.74915196
     0.74940894
     0.74980363
     0.75019963
     0.75059522
     0.75099038
     0.75135513
     0.75153553
     0.75171584
     0.75189606
     0.00000000
     0.00000000
     0.00000000
     1.00000000
     0.98989899
     0.97979798
     0.96969697
     0.95959596
     0.94949495
     0.93939394
     0.92929293
     0.91919192
     0.90909091
     0.89898990
     0.88888889
     0.87878788
     0.86868687
     0.85858586
     0.84848485
     0.83838384
     0.82828283
     0.81818182
     0.80808081
     0.79998654
     0.79871472
     0.79740407
     0.79599470
     0.79457806
     0.79315413
     0.79173808
     0.79032068
     0.78889621
     0.78746467
     0.78602604
     0.78458035
     0.78318552
     0.78217449
     0.78142628
     0.78067622
     0.77992432
     0.77917056
     0.77841496
     0.77765750
     0.77689821
     0.77613706
     0.77537407
     0.77460923
     0.77384255
     0.77317962
     0.77295358
     0.77272739
     0.77250103
     0.77227451
     0.77204783
     0.77182100
     0.77159401
     0.77136685
     0.77113954
     0.77091207
     0.77075186
     0.77061918
     0.77048644
     0.77035365
     0.77022080
     0.77010261
     0.77022530
     0.77034795
     0.77044017
     0.77039537
     0.77036015
     0.77032493
     0.77026632
     0.76981671
     0.76875209
     0.76729545
     0.76583244
     0.76436305
     0.76288730
     0.76141661
     0.76023447
     0.75904833
     0.75785819
     0.75666406
     0.75531877
     0.75396401
     0.75244246
     0.75080341
     0.74956713
     0.74970027
     0.74995687
     0.75021330
     0.75055769
     0.75095290
     0.75134768
     0.75174205
     0.75213600
     0.75252952
     0.75275416
     0.75293388
     0.75311351
     0.00000000
     0.00000000
     0.00000000
     1.00000000
     0.98989899
     0.97979798
     0.96969697
     0.95959596
     0.94949495
     0.93939394
     0.92929293
     0.91919192
     0.90909091
     0.89898990
     0.88888889
     0.87878788
     0.86868687
     0.85858586
     0.84848485
     0.83838384
     0.82828283
     0.81818182
     0.80808081
     0.80065322
     0.79938458
     0.79810990
     0.79670489
     0.79529190
     0.79387164
     0.79246395
     0.79105019
     0.78962936
     0.78820145
     0.78676646
     0.78532440
     0.78400169
     0.78303475
     0.78228867
     0.78154074
     0.78079097
     0.78003934
     0.77928587
     0.77853055
     0.77777338
     0.77701436
     0.77625350
     0.77549079
     0.77472624
     0.77395984
     0.77319159
     0.77242151
     0.77202036
     0.77180887
     0.77162671
     0.77144445
     0.77126208
     0.77107962
     0.77091731
     0.77079195
     0.77096048
     0.77112893
     0.77129729
     0.77146557
     0.77163376
     0.77180186
     0.77196987
     0.77213780
     0.77230564
     0.77227529
     0.77224028
     0.77220526
     0.77208326
     0.77135797
     0.76968597
     0.76785120
     0.76600626
     0.76429401
     0.76286398
     0.76168677
     0.76050555
     0.75932033
     0.75812518
     0.75678096
     0.75543168
     0.75407735
     0.75271797
     0.75115866
     0.75050400
     0.75076006
     0.75101594
     0.75131023
     0.75170464
     0.75209863
     0.75249219
     0.75288534
     0.75327807
     0.75367038
     0.75396878
     0.75414790
     0.75432694
     0.00000000
     0.00000000
     0.00000000
     1.00000000
     0.98989899
     0.97979798
     0.96969697
     0.95959596
     0.94949495
     0.93939394
     0.92929293
     0.91919192
     0.90909091
     0.89898990
     0.88888889
     0.87878788
     0.86868687
     0.85858586
     0.84848485
     0.83838384
     0.82828283
     0.81818182
     0.80808081
     0.80131822
     0.80005276
     0.79878126
     0.79741322
     0.79600390
     0.79459101
     0.79318795
     0.79177783
     0.79036063
     0.78893636
     0.78750501
     0.78606659
     0.78481563
     0.78389254
     0.78314860
     0.78240281
     0.78165516
     0.78090567
     0.78015433
     0.77940114
     0.77864610
     0.77788921
     0.77713048
     0.77636990
     0.77560747
     0.77484320
     0.77407708
     0.77343213
     0.77318941
     0.77320422
     0.77319470
     0.77306213
     0.77292950
     0.77279681
     0.77266407
     0.77263475
     0.77280233
     0.77296982
     0.77313723
     0.77330455
     0.77347178
     0.77363892
     0.77380598
     0.77397295
     0.77413983
     0.77414433
     0.77410952
     0.77407471
     0.77403990
     0.77351136
     0.77173323
     0.76990989
     0.76807637
     0.76623268
     0.76466649
     0.76313046
     0.76158754
     0.76004804
     0.75858739
     0.75712069
     0.75564795
     0.75419064
     0.75283168
     0.75163575
     0.75156152
     0.75181685
     0.75207201
     0.75245486
     0.75284805
     0.75324082
     0.75363317
     0.75402509
     0.75441660
     0.75480769
     0.75517937
     0.75535789
     0.75553633
     0.00000000
     0.00000000
     0.00000000
