     0.00000000
     0.00000000
     0.00000000
     0.00000000
     0.00000000
     0.00000000
     0.00000000
     0.00000000
     0.00000000
     0.00000000
     0.00000000
     0.00000000
     0.00000000
     0.00000000
     0.00000000
     0.00000000
     0.00000000
     0.00000000
     0.00000000
     0.00000000
     0.00528984
     0.00579403
     0.00508415
     0.00447665
     0.00404143
     0.00368004
     0.00340557
     0.00332978
     0.00325395
     0.00317811
     0.00310225
     0.00302637
     0.00295047
     0.00287454
     0.00279859
     0.00272262
     0.00264664
     0.00257063
     0.00249460
     0.00241854
     0.00234218
     0.00226608
     0.00218994
     0.00172092
     0.00124878
     0.00077580
     0.00030199
     0.00016526
     0.00002418
     0.00000118
     0.00073105
     0.00145764
     0.00241247
     0.00352988
     0.00465178
     0.00577817
     0.00690905
     0.00887556
     0.01085586
     0.01284933
     0.01306253
     0.01269733
     0.01233258
     0.01196827
     0.01189621
     0.01184836
     0.01180052
     0.01175267
     0.01170485
     0.01165703
     0.01185821
     0.01223783
     0.01261792
     0.01299850
     0.01314341
     0.01317566
     0.01365194
     0.01463897
     0.01562924
     0.01662275
     0.01761949
     0.01861946
     0.01962267
     0.02062910
     0.02163877
     0.02265166
     0.02366778
     0.02468713
     0.02570969
     0.02673547
     0.02776448
     0.02879670
     0.02983212
     0.03104974
     0.79676788
     0.00000000
     0.00000000
     0.00000000
     0.00000000
     0.00000000
     0.00000000
     0.00000000
     0.00000000
     0.00000000
     0.00000000
     0.00000000
     0.00000000
     0.00000000
     0.00000000
     0.00000000
     0.00000000
     0.00000000
     0.00000000
     0.00000000
     0.00000000
     0.00000000
     0.00000000
     0.00000000
     0.00000000
     0.00000000
     0.00746066
     0.00819100
     0.00748704
     0.00678115
     0.00625450
     0.00583189
     0.00553616
     0.00531463
     0.00523932
     0.00516398
     0.00508862
     0.00501324
     0.00493784
     0.00486242
     0.00478698
     0.00471152
     0.00463603
     0.00456052
     0.00448499
     0.00413334
     0.00366477
     0.00319564
     0.00272569
     0.00225492
     0.00178332
     0.00131089
     0.00083764
     0.00036471
     0.00075040
     0.00118565
     0.00154449
     0.00081667
     0.00009785
     0.00098742
     0.00209998
     0.00321704
     0.00507242
     0.00702806
     0.00899706
     0.01097943
     0.01201680
     0.01165260
     0.01128887
     0.01092557
     0.01082585
     0.01077813
     0.01073043
     0.01068272
     0.01063504
     0.01058734
     0.01053967
     0.01088998
     0.01126864
     0.01164777
     0.01187317
     0.01190532
     0.01251799
     0.01340610
     0.01439305
     0.01538323
     0.01637665
     0.01737331
     0.01837320
     0.01937632
     0.02038267
     0.02139225
     0.02240506
     0.02342109
     0.02444035
     0.02546283
     0.02651704
     0.02774309
     0.02897369
     0.03020884
     0.79654765
     0.00000000
     0.00000000
     0.00000000
     0.00000000
     0.00000000
     0.00000000
     0.00000000
     0.00000000
     0.00000000
     0.00000000
     0.00000000
     0.00000000
     0.00000000
     0.00000000
     0.00000000
     0.00000000
     0.00000000
     0.00000000
     0.00000000
     0.00000000
     0.00000000
     0.00000000
     0.00000000
     0.00000000
     0.00000000
     0.00810480
     0.00980960
     0.00986177
     0.00917172
     0.00846950
     0.00802335
     0.00767604
     0.00738216
     0.00721293
     0.00713809
     0.00706324
     0.00698835
     0.00691346
     0.00683854
     0.00676361
     0.00652747
     0.00606302
     0.00559776
     0.00513167
     0.00466476
     0.00419675
     0.00372817
     0.00325876
     0.00278854
     0.00231749
     0.00184561
     0.00137291
     0.00105216
     0.00147568
     0.00191012
     0.00234385
     0.00277688
     0.00236216
     0.00153560
     0.00043237
     0.00131428
     0.00324498
     0.00518952
     0.00714742
     0.00911871
     0.01097335
     0.01061018
     0.01024745
     0.00988516
     0.00975793
     0.00971035
     0.00966279
     0.00961522
     0.00956767
     0.00952012
     0.00947258
     0.00954644
     0.00992364
     0.01030133
     0.01060666
     0.01067586
     0.01149648
     0.01231938
     0.01316026
     0.01414712
     0.01513722
     0.01613056
     0.01712713
     0.01812694
     0.01912997
     0.02013624
     0.02114573
     0.02215846
     0.02325033
     0.02446495
     0.02568414
     0.02690790
     0.02813622
     0.02936908
     0.79632742
     0.00000000
     0.00000000
     0.00000000
     0.00000000
     0.00000000
     0.00000000
     0.00000000
     0.00000000
     0.00000000
     0.00000000
     0.00000000
     0.00000000
     0.00000000
     0.00000000
     0.00000000
     0.00000000
     0.00000000
     0.00000000
     0.00000000
     0.00000000
     0.00000000
     0.00000000
     0.00000000
     0.00000000
     0.00000000
     0.00812236
     0.01004738
     0.01009955
     0.01015171
     0.01020354
     0.01020955
     0.00980181
     0.00951010
     0.00921804
     0.00910045
     0.00902609
     0.00890365
     0.00844305
     0.00798164
     0.00751939
     0.00705632
     0.00659243
     0.00612772
     0.00566219
     0.00519582
     0.00472835
     0.00426033
     0.00379147
     0.00332179
     0.00285130
     0.00237996
     0.00190781
     0.00178870
     0.00220001
     0.00263363
     0.00306657
     0.00349879
     0.00393032
     0.00390114
     0.00239931
     0.00049290
     0.00142670
     0.00336017
     0.00530699
     0.00726717
     0.00924041
     0.00957004
     0.00920831
     0.00884705
     0.00869247
     0.00864503
     0.00859759
     0.00855017
     0.00850276
     0.00845534
     0.00840794
     0.00836054
     0.00858296
     0.00895920
     0.00933593
     0.00965873
     0.01047713
     0.01129781
     0.01212077
     0.01294600
     0.01390121
     0.01489123
     0.01588448
     0.01688097
     0.01788069
     0.01888363
     0.02001225
     0.02121542
     0.02242317
     0.02363550
     0.02485240
     0.02607386
     0.02729990
     0.02853048
     0.79610720
     0.00000000
     0.00000000
     0.00000000
     0.00000000
     0.00000000
     0.00000000
     0.00000000
     0.00000000
     0.00000000
     0.00000000
     0.00000000
     0.00000000
     0.00000000
     0.00000000
     0.00000000
     0.00000000
     0.00000000
     0.00000000
     0.00000000
     0.00000000
     0.00000000
     0.00000000
     0.00000000
     0.00000000
     0.00000000
     0.00813751
     0.01028515
     0.01033732
     0.01038948
     0.01044131
     0.01049337
     0.01064039
     0.01062857
     0.01049352
     0.01034758
     0.00988918
     0.00942995
     0.00896990
     0.00850903
     0.00804734
     0.00758482
     0.00712148
     0.00665731
     0.00619232
     0.00572651
     0.00525958
     0.00479211
     0.00432381
     0.00385467
     0.00338473
     0.00291394
     0.00244234
     0.00252271
     0.00292340
     0.00335621
     0.00378833
     0.00421975
     0.00465048
     0.00491571
     0.00418623
     0.00229090
     0.00038239
     0.00153999
     0.00347571
     0.00542481
     0.00738695
     0.00853219
     0.00817148
     0.00781122
     0.00762945
     0.00758214
     0.00753485
     0.00748757
     0.00744029
     0.00739301
     0.00734575
     0.00729849
     0.00725124
     0.00762137
     0.00799666
     0.00864376
     0.00945994
     0.01027841
     0.01109915
     0.01192216
     0.01274746
     0.01365530
     0.01464523
     0.01563840
     0.01680283
     0.01799453
     0.01919083
     0.02039170
     0.02159716
     0.02280719
     0.02402180
     0.02524097
     0.02646471
     0.02769302
     0.79588698
     0.00000000
     0.00000000
     0.00000000
     0.00000000
     0.00000000
     0.00000000
     0.00000000
     0.00000000
     0.00000000
     0.00000000
     0.00000000
     0.00000000
     0.00000000
     0.00000000
     0.00000000
     0.00000000
     0.00000000
     0.00000000
     0.00000000
     0.00000000
     0.00000000
     0.00000000
     0.00000000
     0.00000000
     0.00000000
     0.00799517
     0.01051069
     0.01057510
     0.01062725
     0.01067908
     0.01073112
     0.01078316
     0.01090560
     0.01077058
     0.01063550
     0.01041457
     0.00995588
     0.00949638
     0.00903606
     0.00857492
     0.00811295
     0.00765016
     0.00718653
     0.00672209
     0.00625683
     0.00579045
     0.00532353
     0.00485577
     0.00438719
     0.00391779
     0.00344756
     0.00297650
     0.00325575
     0.00364585
     0.00407785
     0.00450916
     0.00493977
     0.00527857
     0.00551422
     0.00522080
     0.00407974
     0.00218203
     0.00027101
     0.00165363
     0.00359163
     0.00554268
     0.00749663
     0.00713694
     0.00677769
     0.00656888
     0.00652172
     0.00647457
     0.00642741
     0.00638027
     0.00633314
     0.00628601
     0.00623889
     0.00619178
     0.00628784
     0.00670809
     0.00763095
     0.00844492
     0.00926116
     0.01009100
     0.01095425
     0.01182001
     0.01268830
     0.01362210
     0.01480233
     0.01598716
     0.01717657
     0.01837056
     0.01956914
     0.02077230
     0.02198004
     0.02319236
     0.02440924
     0.02563069
     0.02685670
     0.79566677
     0.00000000
     0.00000000
     0.00000000
     0.00000000
     0.00000000
     0.00000000
     0.00000000
     0.00000000
     0.00000000
     0.00000000
     0.00000000
     0.00000000
     0.00000000
     0.00000000
     0.00000000
     0.00000000
     0.00000000
     0.00000000
     0.00000000
     0.00000000
     0.00000000
     0.00000000
     0.00000000
     0.00000000
     0.00000000
     0.00779222
     0.01060407
     0.01072795
     0.01085177
     0.01091683
     0.01096888
     0.01102091
     0.01108495
     0.01104763
     0.01091256
     0.01077744
     0.01048145
     0.01002250
     0.00956272
     0.00910212
     0.00864070
     0.00817846
     0.00771539
     0.00725150
     0.00678679
     0.00632096
     0.00585457
     0.00538736
     0.00491934
     0.00445048
     0.00398080
     0.00357744
     0.00398781
     0.00437441
     0.00479855
     0.00522904
     0.00558832
     0.00582389
     0.00605924
     0.00602741
     0.00494801
     0.00386415
     0.00207285
     0.00015929
     0.00176763
     0.00370758
     0.00566119
     0.00610468
     0.00574644
     0.00551076
     0.00546374
     0.00541672
     0.00536971
     0.00532271
     0.00527571
     0.00522872
     0.00518173
     0.00513476
     0.00546395
     0.00616059
     0.00710657
     0.00796170
     0.00881935
     0.00967952
     0.01054220
     0.01140741
     0.01227514
     0.01314538
     0.01401814
     0.01517265
     0.01635975
     0.01755145
     0.01874773
     0.01994860
     0.02115405
     0.02236407
     0.02357865
     0.02479781
     0.02602154
     0.79544655
     0.00000000
     0.00000000
     0.00000000
     0.00000000
     0.00000000
     0.00000000
     0.00000000
     0.00000000
     0.00000000
     0.00000000
     0.00000000
     0.00000000
     0.00000000
     0.00000000
     0.00000000
     0.00000000
     0.00000000
     0.00000000
     0.00000000
     0.00000000
     0.00000000
     0.00000000
     0.00000000
     0.00000000
     0.00000000
     0.00758911
     0.01064242
     0.01082133
     0.01094522
     0.01106871
     0.01119239
     0.01125867
     0.01131068
     0.01132465
     0.01118963
     0.01105452
     0.01091936
     0.01054825
     0.01008902
     0.00962897
     0.00916809
     0.00870640
     0.00824388
     0.00778053
     0.00731637
     0.00685109
     0.00638525
     0.00591860
     0.00545112
     0.00498281
     0.00451368
     0.00431885
     0.00471888
     0.00510475
     0.00551830
     0.00589803
     0.00613353
     0.00636881
     0.00660388
     0.00683874
     0.00575572
     0.00467424
     0.00358845
     0.00196302
     0.00004719
     0.00188167
     0.00382418
     0.00507472
     0.00471750
     0.00445509
     0.00440821
     0.00436133
     0.00431446
     0.00426759
     0.00422073
     0.00417388
     0.00426803
     0.00462364
     0.00497969
     0.00572142
     0.00669689
     0.00755146
     0.00840855
     0.00926816
     0.01013029
     0.01099493
     0.01186210
     0.01273179
     0.01360399
     0.01447871
     0.01554409
     0.01673350
     0.01792748
     0.01912605
     0.02032920
     0.02153693
     0.02274922
     0.02396609
     0.02518753
     0.79522635
     0.00000000
     0.00000000
     0.00000000
     0.00000000
     0.00000000
     0.00000000
     0.00000000
     0.00000000
     0.00000000
     0.00000000
     0.00000000
     0.00000000
     0.00000000
     0.00000000
     0.00000000
     0.00000000
     0.00000000
     0.00000000
     0.00000000
     0.00000000
     0.00000000
     0.00000000
     0.00000000
     0.00000000
     0.00000000
     0.00738583
     0.01065959
     0.01091465
     0.01103860
     0.01116216
     0.01128590
     0.01140957
     0.01153319
     0.01160044
     0.01146666
     0.01133159
     0.01119646
     0.01106125
     0.01061494
     0.01015544
     0.00969511
     0.00923397
     0.00877200
     0.00830920
     0.00784530
     0.00738085
     0.00691556
     0.00644945
     0.00598253
     0.00551477
     0.00504618
     0.00505924
     0.00544898
     0.00583410
     0.00620772
     0.00644313
     0.00667834
     0.00691333
     0.00714811
     0.00738269
     0.00661206
     0.00548303
     0.00439965
     0.00331161
     0.00185284
     0.00006493
     0.00199635
     0.00394118
     0.00369085
     0.00340188
     0.00335513
     0.00330839
     0.00326165
     0.00321492
     0.00316821
     0.00342984
     0.00378468
     0.00413995
     0.00453042
     0.00536756
     0.00626285
     0.00714134
     0.00799788
     0.00885693
     0.00971850
     0.01058259
     0.01144920
     0.01231832
     0.01318996
     0.01406412
     0.01494080
     0.01591669
     0.01710839
     0.01830465
     0.01950550
     0.02071094
     0.02192095
     0.02313553
     0.02435467
     0.02557859
     0.00000000
     0.00000000
     0.00000000
     0.00000000
     0.00000000
     0.00000000
     0.00000000
     0.00000000
     0.00000000
     0.00000000
     0.00000000
     0.00000000
     0.00000000
     0.00000000
     0.00000000
     0.00000000
     0.00000000
     0.00000000
     0.00000000
     0.00000000
     0.00000000
     0.00000000
     0.00000000
     0.00000000
     0.00000000
     0.00718240
     0.01067659
     0.01097634
     0.01113191
     0.01125553
     0.01137933
     0.01150307
     0.01162674
     0.01175037
     0.01173445
     0.01160864
     0.01147354
     0.01133836
     0.01114050
     0.01068155
     0.01022177
     0.00976117
     0.00929975
     0.00883750
     0.00837415
     0.00791024
     0.00744550
     0.00697995
     0.00651356
     0.00604635
     0.00557833
     0.00579315
     0.00617809
     0.00655365
     0.00675270
     0.00698783
     0.00722274
     0.00745744
     0.00769194
     0.00792622
     0.00766113
     0.00629050
     0.00520952
     0.00412389
     0.00303390
     0.00174262
     0.00017770
     0.00211143
     0.00266648
     0.00235112
     0.00230451
     0.00225790
     0.00221130
     0.00223939
     0.00259301
     0.00294706
     0.00330157
     0.00365651
     0.00418307
     0.00501984
     0.00585906
     0.00673136
     0.00758733
     0.00844583
     0.00930684
     0.01017037
     0.01103642
     0.01190498
     0.01277606
     0.01364967
     0.01452579
     0.01540441
     0.01629044
     0.01748441
     0.01868297
     0.01988611
     0.02109382
     0.02230611
     0.02352296
     0.02474460
     0.00000000
     0.00000000
     0.00000000
     0.00000000
     0.00000000
     0.00000000
     0.00000000
     0.00000000
     0.00000000
     0.00000000
     0.00000000
     0.00000000
     0.00000000
     0.00000000
     0.00000000
     0.00000000
     0.00000000
     0.00000000
     0.00000000
     0.00000000
     0.00000000
     0.00000000
     0.00000000
     0.00000000
     0.00000000
     0.00676549
     0.01055696
     0.01093358
     0.01122515
     0.01134883
     0.01147270
     0.01159650
     0.01172024
     0.01184392
     0.01191007
     0.01173667
     0.01172166
     0.01161546
     0.01148024
     0.01120728
     0.01074806
     0.01028800
     0.00982713
     0.00936543
     0.00890263
     0.00843926
     0.00797507
     0.00751007
     0.00704423
     0.00657757
     0.00611009
     0.00652202
     0.00690623
     0.00710822
     0.00729836
     0.00753212
     0.00776674
     0.00800115
     0.00823536
     0.00846935
     0.00870316
     0.00724299
     0.00601810
     0.00493486
     0.00384725
     0.00275562
     0.00163177
     0.00029087
     0.00164441
     0.00130280
     0.00125633
     0.00120986
     0.00140467
     0.00175752
     0.00211081
     0.00246453
     0.00281871
     0.00317332
     0.00383580
     0.00467219
     0.00551103
     0.00632150
     0.00717692
     0.00803485
     0.00889530
     0.00975828
     0.01062377
     0.01149177
     0.01236229
     0.01323534
     0.01411090
     0.01498897
     0.01586956
     0.01675266
     0.01786159
     0.01906243
     0.02026785
     0.02147784
     0.02269240
     0.02391176
     0.00000000
     0.00000000
     0.00000000
     0.00000000
     0.00000000
     0.00000000
     0.00000000
     0.00000000
     0.00000000
     0.00000000
     0.00000000
     0.00000000
     0.00000000
     0.00000000
     0.00000000
     0.00000000
     0.00000000
     0.00000000
     0.00000000
     0.00000000
     0.00000000
     0.00000000
     0.00000000
     0.00000000
     0.00000000
     0.00629812
     0.01031046
     0.01068776
     0.01099452
     0.01121918
     0.01144389
     0.01166839
     0.01181366
     0.01193741
     0.01206109
     0.01188093
     0.01175671
     0.01174171
     0.01172670
     0.01162209
     0.01127397
     0.01081447
     0.01035414
     0.00989299
     0.00943073
     0.00896792
     0.00850428
     0.00803982
     0.00757454
     0.00710842
     0.00683085
     0.00724992
     0.00747231
     0.00766236
     0.00785226
     0.00807600
     0.00831034
     0.00854446
     0.00877838
     0.00901208
     0.00924562
     0.00829146
     0.00682537
     0.00574452
     0.00465931
     0.00357006
     0.00247620
     0.00137793
     0.00040444
     0.00027189
     0.00021968
     0.00057131
     0.00092338
     0.00127589
     0.00162884
     0.00198225
     0.00233608
     0.00269038
     0.00348857
     0.00432460
     0.00516307
     0.00596438
     0.00676663
     0.00762400
     0.00848389
     0.00934630
     0.01021123
     0.01107868
     0.01194865
     0.01282114
     0.01369613
     0.01457365
     0.01545368
     0.01633623
     0.01722129
     0.01823991
     0.01944302
     0.02065072
     0.02186300
     0.02308005
     0.00000000
     0.00000000
     0.00000000
     0.00000000
     0.00000000
     0.00000000
     0.00000000
     0.00000000
     0.00000000
     0.00000000
     0.00000000
     0.00000000
     0.00000000
     0.00000000
     0.00000000
     0.00000000
     0.00000000
     0.00000000
     0.00000000
     0.00000000
     0.00000000
     0.00000000
     0.00000000
     0.00000000
     0.00000000
     0.00582990
     0.01006312
     0.01044111
     0.01074113
     0.01096621
     0.01119133
     0.01141626
     0.01164098
     0.01186551
     0.01208984
     0.01205650
     0.01185155
     0.01177660
     0.01176159
     0.01174657
     0.01173155
     0.01134056
     0.01088078
     0.01042018
     0.00995848
     0.00949621
     0.00903311
     0.00856921
     0.00810447
     0.00763890
     0.00756805
     0.00783633
     0.00802626
     0.00821607
     0.00840573
     0.00861949
     0.00885353
     0.00908736
     0.00932100
     0.00955441
     0.00978766
     0.00933729
     0.00787390
     0.00655287
     0.00547005
     0.00438321
     0.00329173
     0.00219585
     0.00109558
     0.00057127
     0.00026071
     0.00009059
     0.00044233
     0.00079451
     0.00114713
     0.00150021
     0.00185372
     0.00230821
     0.00314141
     0.00397705
     0.00481516
     0.00561665
     0.00637555
     0.00721328
     0.00807262
     0.00893447
     0.00979884
     0.01066573
     0.01153514
     0.01240707
     0.01328150
     0.01415846
     0.01503793
     0.01591992
     0.01680442
     0.01769143
     0.01861936
     0.01982476
     0.02103473
     0.02224952
     0.00000000
     0.00000000
     0.00000000
     0.00000000
     0.00000000
     0.00000000
     0.00000000
     0.00000000
     0.00000000
     0.00000000
     0.00000000
     0.00000000
     0.00000000
     0.00000000
     0.00000000
     0.00000000
     0.00000000
     0.00000000
     0.00000000
     0.00000000
     0.00000000
     0.00000000
     0.00000000
     0.00000000
     0.00000000
     0.00536083
     0.00981493
     0.01019359
     0.01048687
     0.01071237
     0.01093791
     0.01116324
     0.01138838
     0.01161332
     0.01183807
     0.01183547
     0.01175931
     0.01168313
     0.01178495
     0.01178131
     0.01176628
     0.01169665
     0.01136958
     0.01094701
     0.01048585
     0.01002413
     0.00956158
     0.00909822
     0.00863403
     0.00816901
     0.00818427
     0.00839010
     0.00857979
     0.00876936
     0.00895877
     0.00916257
     0.00939632
     0.00962987
     0.00986321
     0.01009633
     0.01032930
     0.01038052
     0.00892176
     0.00745453
     0.00627949
     0.00519504
     0.00410596
     0.00301248
     0.00191460
     0.00102520
     0.00074086
     0.00038989
     0.00003848
     0.00031338
     0.00066567
     0.00101841
     0.00137160
     0.00196148
     0.00279431
     0.00362959
     0.00446731
     0.00526897
     0.00602754
     0.00680270
     0.00766147
     0.00852276
     0.00938658
     0.01025290
     0.01112175
     0.01199312
     0.01286700
     0.01374339
     0.01462231
     0.01550374
     0.01638768
     0.01727414
     0.01816309
     0.01905456
     0.02020764
     0.02142012
     0.00000000
     0.00000000
     0.00000000
     0.00000000
     0.00000000
     0.00000000
     0.00000000
     0.00000000
     0.00000000
     0.00000000
     0.00000000
     0.00000000
     0.00000000
     0.00000000
     0.00000000
     0.00000000
     0.00000000
     0.00000000
     0.00000000
     0.00000000
     0.00000000
     0.00000000
     0.00000000
     0.00000000
     0.00000000
     0.00489092
     0.00956588
     0.00994524
     0.01023174
     0.01045765
     0.01068359
     0.01090935
     0.01113490
     0.01136026
     0.01158542
     0.01156768
     0.01149138
     0.01141506
     0.01133872
     0.01143540
     0.01157226
     0.01170904
     0.01162900
     0.01130156
     0.01097342
     0.01055167
     0.01008969
     0.00962686
     0.00916322
     0.00859935
     0.00874730
     0.00894344
     0.00913289
     0.00932221
     0.00951139
     0.00970524
     0.00993872
     0.01017197
     0.01040503
     0.01063786
     0.01087055
     0.01110286
     0.00996701
     0.00850439
     0.00708763
     0.00600556
     0.00491888
     0.00382780
     0.00273231
     0.00163242
     0.00122075
     0.00087011
     0.00051903
     0.00016751
     0.00018446
     0.00053687
     0.00088973
     0.00161482
     0.00244727
     0.00328217
     0.00411953
     0.00492136
     0.00567960
     0.00643982
     0.00725044
     0.00811118
     0.00897443
     0.00984020
     0.01070849
     0.01157930
     0.01245262
     0.01332846
     0.01420681
     0.01508769
     0.01597107
     0.01685697
     0.01774537
     0.01863628
     0.01952970
     0.02059188
     0.00000000
     0.00000000
     0.00000000
     0.00000000
     0.00000000
     0.00000000
     0.00000000
     0.00000000
     0.00000000
     0.00000000
     0.00000000
     0.00000000
     0.00000000
     0.00000000
     0.00000000
     0.00000000
     0.00000000
     0.00000000
     0.00000000
     0.00000000
     0.00000000
     0.00000000
     0.00000000
     0.00000000
     0.00000000
     0.00442016
     0.00931598
     0.00969603
     0.00997573
     0.01020205
     0.01042842
     0.01065458
     0.01088055
     0.01110632
     0.01133190
     0.01129897
     0.01122252
     0.01114605
     0.01106956
     0.01099305
     0.01108458
     0.01122174
     0.01135883
     0.01126405
     0.01108914
     0.01090468
     0.01057603
     0.01015514
     0.00961334
     0.00906126
     0.00930699
     0.00949635
     0.00968556
     0.00987465
     0.01006358
     0.01025238
     0.01048070
     0.01071367
     0.01094643
     0.01117898
     0.01141139
     0.01164340
     0.01100964
     0.00955163
     0.00808550
     0.00681478
     0.00573049
     0.00464181
     0.00354871
     0.00245122
     0.00170040
     0.00135009
     0.00099934
     0.00064815
     0.00029651
     0.00005558
     0.00043858
     0.00126821
     0.00210029
     0.00293482
     0.00377181
     0.00457381
     0.00533171
     0.00609160
     0.00685348
     0.00769972
     0.00856241
     0.00942763
     0.01029536
     0.01116561
     0.01203837
     0.01291365
     0.01379145
     0.01467176
     0.01555459
     0.01643993
     0.01732777
     0.01821813
     0.01911098
     0.02000659
     0.00000000
     0.00000000
     0.00000000
     0.00000000
     0.00000000
     0.00000000
     0.00000000
     0.00000000
     0.00000000
     0.00000000
     0.00000000
     0.00000000
     0.00000000
     0.00000000
     0.00000000
     0.00000000
     0.00000000
     0.00000000
     0.00000000
     0.00000000
     0.00000000
     0.00000000
     0.00000000
     0.00000000
     0.00000000
     0.00394856
     0.00906524
     0.00944596
     0.00971884
     0.00994558
     0.01017235
     0.01039894
     0.01062532
     0.01085151
     0.01107750
     0.01102932
     0.01095273
     0.01087612
     0.01079948
     0.01072282
     0.01064614
     0.01073250
     0.01086997
     0.01099672
     0.01082148
     0.01064641
     0.01047121
     0.01033568
     0.00990172
     0.00962373
     0.00985972
     0.01004884
     0.01023781
     0.01042665
     0.01061535
     0.01080390
     0.01102229
     0.01125497
     0.01148744
     0.01171970
     0.01195184
     0.01218355
     0.01204966
     0.01059627
     0.00913475
     0.00766543
     0.00654080
     0.00545451
     0.00436381
     0.00326871
     0.00217981
     0.00182983
     0.00147940
     0.00112853
     0.00077723
     0.00042547
     0.00009241
     0.00092166
     0.00175337
     0.00258753
     0.00342414
     0.00422631
     0.00498388
     0.00574345
     0.00650499
     0.00728840
     0.00815054
     0.00901519
     0.00988235
     0.01075204
     0.01162425
     0.01249897
     0.01337621
     0.01425596
     0.01513823
     0.01602301
     0.01691029
     0.01780009
     0.01869239
     0.01958745
     0.00000000
     0.00000000
     0.00000000
     0.00000000
     0.00000000
     0.00000000
     0.00000000
     0.00000000
     0.00000000
     0.00000000
     0.00000000
     0.00000000
     0.00000000
     0.00000000
     0.00000000
     0.00000000
     0.00000000
     0.00000000
     0.00000000
     0.00000000
     0.00000000
     0.00000000
     0.00000000
     0.00000000
     0.00000000
     0.00347610
     0.00881364
     0.00919506
     0.00946107
     0.00968823
     0.00991542
     0.01014242
     0.01036921
     0.01059582
     0.01082223
     0.01075875
     0.01068201
     0.01060525
     0.01052847
     0.01045167
     0.01037484
     0.01029799
     0.01037914
     0.01051691
     0.01055289
     0.01037749
     0.01022785
     0.01009050
     0.00962008
     0.00966506
     0.01007782
     0.01045268
     0.01078963
     0.01097822
     0.01116668
     0.01135500
     0.01156347
     0.01179586
     0.01202804
     0.01226002
     0.01249178
     0.01272329
     0.01295473
     0.01163829
     0.01018139
     0.00871669
     0.00734982
     0.00626591
     0.00517761
     0.00405404
     0.00283181
     0.00230931
     0.00195921
     0.00160868
     0.00125770
     0.00090627
     0.00025371
     0.00057518
     0.00140651
     0.00224029
     0.00307654
     0.00387888
     0.00463611
     0.00539534
     0.00615655
     0.00691974
     0.00773877
     0.00860286
     0.00946948
     0.01033861
     0.01121025
     0.01208442
     0.01296109
     0.01384030
     0.01472200
     0.01560623
     0.01649295
     0.01738219
     0.01827393
     0.01916843
     0.00000000
     0.00000000
     0.00000000
     0.00000000
     0.00000000
     0.00000000
     0.00000000
     0.00000000
     0.00000000
     0.00000000
     0.00000000
     0.00000000
     0.00000000
     0.00000000
     0.00000000
     0.00000000
     0.00000000
     0.00000000
     0.00000000
     0.00000000
     0.00000000
     0.00000000
     0.00000000
     0.00000000
     0.00000000
     0.00300280
     0.00856120
     0.00894330
     0.00920243
     0.00943000
     0.00965761
     0.00988502
     0.01011224
     0.01033925
     0.01056409
     0.01048723
     0.01041035
     0.01033345
     0.01025652
     0.01017957
     0.01010260
     0.01002561
     0.00994860
     0.01002453
     0.01016230
     0.01011962
     0.01007538
     0.00980879
     0.00933854
     0.00958838
     0.00999217
     0.01036747
     0.01074225
     0.01111647
     0.01149016
     0.01186331
     0.01210426
     0.01233635
     0.01256824
     0.01279993
     0.01303140
     0.01326263
     0.01349378
     0.01267769
     0.01122541
     0.00976535
     0.00829687
     0.00707600
     0.00599010
     0.00483646
     0.00361675
     0.00278855
     0.00243878
     0.00208858
     0.00173793
     0.00138683
     0.00059977
     0.00022875
     0.00105971
     0.00189313
     0.00272899
     0.00353150
     0.00428840
     0.00504729
     0.00580817
     0.00657103
     0.00733588
     0.00819067
     0.00905673
     0.00992530
     0.01079639
     0.01166999
     0.01254611
     0.01342475
     0.01430590
     0.01518957
     0.01607573
     0.01696442
     0.01785560
     0.01874955
     0.00000000
     0.00000000
     0.00000000
     0.00000000
     0.00000000
     0.00000000
     0.00000000
     0.00000000
     0.00000000
     0.00000000
     0.00000000
     0.00000000
     0.00000000
     0.00000000
     0.00000000
     0.00000000
     0.00000000
     0.00000000
     0.00000000
     0.00000000
     0.00000000
     0.00000000
     0.00000000
     0.00000000
     0.00000000
     0.00252866
     0.00830789
     0.00869068
     0.00894291
     0.00917090
     0.00939892
     0.00962675
     0.00985438
     0.01008181
     0.01029179
     0.01021479
     0.01013776
     0.01006071
     0.00998364
     0.00990655
     0.00982943
     0.00975229
     0.00967513
     0.00959766
     0.00966833
     0.00979561
     0.00992236
     0.00952676
     0.00908334
     0.00951303
     0.00990616
     0.01028191
     0.01065712
     0.01103178
     0.01140590
     0.01177950
     0.01215356
     0.01257037
     0.01298650
     0.01333945
     0.01357063
     0.01380157
     0.01403244
     0.01371448
     0.01226682
     0.01081137
     0.00934752
     0.00788479
     0.00680127
     0.00561771
     0.00440052
     0.00326754
     0.00291811
     0.00256822
     0.00221790
     0.00177145
     0.00094575
     0.00011762
     0.00071298
     0.00154601
     0.00238150
     0.00318419
     0.00394076
     0.00469931
     0.00545986
     0.00622238
     0.00698690
     0.00777862
     0.00864411
     0.00951212
     0.01038265
     0.01125570
     0.01213126
     0.01300933
     0.01388992
     0.01477303
     0.01565864
     0.01654676
     0.01743739
     0.01833078
     0.00000000
     0.00000000
     0.00000000
     0.00000000
     0.00000000
     0.00000000
     0.00000000
     0.00000000
     0.00000000
     0.00000000
     0.00000000
     0.00000000
     0.00000000
     0.00000000
     0.00000000
     0.00000000
     0.00000000
     0.00000000
     0.00000000
     0.00000000
     0.00000000
     0.00000000
     0.00000000
     0.00000000
     0.00000000
     0.00205366
     0.00805402
     0.00843722
     0.00868251
     0.00891092
     0.00913935
     0.00936760
     0.00959565
     0.00982350
     0.01001856
     0.00994141
     0.00986423
     0.00978704
     0.00970983
     0.00963259
     0.00955533
     0.00947804
     0.00940074
     0.00932313
     0.00924888
     0.00928995
     0.00936831
     0.00911510
     0.00900969
     0.00943985
     0.00981979
     0.01019598
     0.01057162
     0.01094673
     0.01132130
     0.01169532
     0.01206882
     0.01247750
     0.01289415
     0.01331011
     0.01372541
     0.01414000
     0.01455406
     0.01474838
     0.01330562
     0.01185479
     0.01039556
     0.00892815
     0.00760701
     0.00639779
     0.00518312
     0.00396299
     0.00339718
     0.00304762
     0.00269764
     0.00211701
     0.00129169
     0.00046392
     0.00036629
     0.00119897
     0.00203408
     0.00283693
     0.00359316
     0.00435139
     0.00511160
     0.00587379
     0.00663798
     0.00740415
     0.00823161
     0.00909907
     0.00996904
     0.01084152
     0.01171653
     0.01259405
     0.01347408
     0.01435663
     0.01524168
     0.01612925
     0.01701931
     0.01791215
     0.00000000
     0.00000000
     0.00000000
     0.00000000
     0.00000000
     0.00000000
     0.00000000
     0.00000000
     0.00000000
     0.00000000
     0.00000000
     0.00000000
     0.00000000
     0.00000000
     0.00000000
     0.00000000
     0.00000000
     0.00000000
     0.00000000
     0.00000000
     0.00000000
     0.00000000
     0.00000000
     0.00000000
     0.00000000
     0.00157782
     0.00779902
     0.00818291
     0.00842124
     0.00865006
     0.00887891
     0.00910757
     0.00933603
     0.00956430
     0.00974439
     0.00966710
     0.00958978
     0.00951244
     0.00943508
     0.00935769
     0.00928029
     0.00920286
     0.00912540
     0.00905040
     0.00897645
     0.00890248
     0.00877495
     0.00855264
     0.00870905
     0.00936594
     0.00973564
     0.01010969
     0.01048577
     0.01086132
     0.01123632
     0.01161080
     0.01198472
     0.01238425
     0.01280141
     0.01321788
     0.01363368
     0.01404877
     0.01446335
     0.01487660
     0.01407087
     0.01280221
     0.01144098
     0.00997820
     0.00847092
     0.00717671
     0.00596456
     0.00474695
     0.00387600
     0.00352678
     0.00317712
     0.00246251
     0.00163756
     0.00081017
     0.00001968
     0.00085197
     0.00168671
     0.00248974
     0.00324564
     0.00400353
     0.00476340
     0.00552526
     0.00628911
     0.00705494
     0.00782276
     0.00868614
     0.00955555
     0.01042748
     0.01130193
     0.01217888
     0.01305836
     0.01394035
     0.01482484
     0.01571185
     0.01660136
     0.01751595
     0.00000000
     0.00000000
     0.00000000
     0.00000000
     0.00000000
     0.00000000
     0.00000000
     0.00000000
     0.00000000
     0.00000000
     0.00000000
     0.00000000
     0.00000000
     0.00000000
     0.00000000
     0.00000000
     0.00000000
     0.00000000
     0.00000000
     0.00000000
     0.00000000
     0.00000000
     0.00000000
     0.00000000
     0.00000000
     0.00110113
     0.00754315
     0.00792774
     0.00815909
     0.00838832
     0.00861759
     0.00884667
     0.00907555
     0.00930423
     0.00946929
     0.00939184
     0.00931438
     0.00923689
     0.00915940
     0.00908187
     0.00900431
     0.00892674
     0.00889991
     0.00885912
     0.00881858
     0.00878704
     0.00847742
     0.00808183
     0.00831132
     0.00901314
     0.00961179
     0.01002303
     0.01039956
     0.01077554
     0.01115099
     0.01152589
     0.01190026
     0.01229062
     0.01270828
     0.01312526
     0.01354157
     0.01395717
     0.01437226
     0.01478605
     0.01449536
     0.01322770
     0.01195356
     0.01067314
     0.00932946
     0.00795447
     0.00674484
     0.00552975
     0.00435458
     0.00400569
     0.00363007
     0.00280795
     0.00198337
     0.00115635
     0.00032688
     0.00050504
     0.00133942
     0.00214261
     0.00289817
     0.00365572
     0.00441526
     0.00517678
     0.00594030
     0.00670580
     0.00747328
     0.00827335
     0.00914219
     0.01001357
     0.01088745
     0.01176386
     0.01264277
     0.01352419
     0.01440814
     0.01529459
     0.01621768
     0.01715616
     0.00000000
     0.00000000
     0.00000000
     0.00000000
     0.00000000
     0.00000000
     0.00000000
     0.00000000
     0.00000000
     0.00000000
     0.00000000
     0.00000000
     0.00000000
     0.00000000
     0.00000000
     0.00000000
     0.00000000
     0.00000000
     0.00000000
     0.00000000
     0.00000000
     0.00000000
     0.00000000
     0.00000000
     0.00000000
     0.00062359
     0.00728644
     0.00766587
     0.00789605
     0.00812571
     0.00835539
     0.00858488
     0.00881418
     0.00904327
     0.00919325
     0.00911567
     0.00903806
     0.00896043
     0.00888277
     0.00880510
     0.00877039
     0.00882438
     0.00878382
     0.00874297
     0.00871085
     0.00866714
     0.00825453
     0.00784128
     0.00797526
     0.00859612
     0.00919622
     0.00979496
     0.01031297
     0.01068941
     0.01106529
     0.01144064
     0.01181544
     0.01219661
     0.01261477
     0.01303226
     0.01344907
     0.01386518
     0.01428078
     0.01469512
     0.01491968
     0.01365304
     0.01237991
     0.01110050
     0.00976667
     0.00833940
     0.00706083
     0.00604146
     0.00501825
     0.00448435
     0.00397507
     0.00315333
     0.00232912
     0.00150248
     0.00067338
     0.00015817
     0.00099218
     0.00179553
     0.00255076
     0.00330798
     0.00406718
     0.00482837
     0.00559155
     0.00635672
     0.00712387
     0.00789301
     0.00872897
     0.00959978
     0.01047310
     0.01134894
     0.01222730
     0.01310817
     0.01399155
     0.01492333
     0.01585837
     0.01679645
     0.00000000
     0.00000000
     0.00000000
     0.00000000
     0.00000000
     0.00000000
     0.00000000
     0.00000000
     0.00000000
     0.00000000
     0.00000000
     0.00000000
     0.00000000
     0.00000000
     0.00000000
     0.00000000
     0.00000000
     0.00000000
     0.00000000
     0.00000000
     0.00000000
     0.00000000
     0.00000000
     0.00000000
     0.00000000
     0.00014520
     0.00702888
     0.00740154
     0.00763214
     0.00786222
     0.00809231
     0.00832222
     0.00855193
     0.00878144
     0.00891628
     0.00883855
     0.00876080
     0.00868302
     0.00860522
     0.00867161
     0.00874851
     0.00870791
     0.00866730
     0.00863432
     0.00860356
     0.00844420
     0.00803090
     0.00769115
     0.00782606
     0.00835116
     0.00881714
     0.00937929
     0.00997837
     0.01058465
     0.01097923
     0.01135502
     0.01173026
     0.01210497
     0.01252087
     0.01293887
     0.01335619
     0.01377281
     0.01418893
     0.01460380
     0.01501834
     0.01407820
     0.01280609
     0.01152770
     0.01020371
     0.00877760
     0.00734382
     0.00615329
     0.00512966
     0.00441021
     0.00386323
     0.00329314
     0.00267482
     0.00184854
     0.00101981
     0.00018864
     0.00064499
     0.00144851
     0.00220341
     0.00296029
     0.00371916
     0.00448002
     0.00524286
     0.00600769
     0.00677451
     0.00754332
     0.00831586
     0.00918612
     0.01005888
     0.01093417
     0.01181197
     0.01270359
     0.01363266
     0.01456450
     0.01549913
     0.01643680
     0.00000000
     0.00000000
     0.00000000
     0.00000000
     0.00000000
     0.00000000
     0.00000000
     0.00000000
     0.00000000
     0.00000000
     0.00000000
     0.00000000
     0.00000000
     0.00000000
     0.00000000
     0.00000000
     0.00000000
     0.00000000
     0.00000000
     0.00000000
     0.00000000
     0.00000000
     0.00000000
     0.00000000
     0.00000000
     0.00000000
     0.00677045
     0.00713634
     0.00736735
     0.00759784
     0.00782836
     0.00805869
     0.00828881
     0.00851874
     0.00863838
     0.00856050
     0.00848260
     0.00840468
     0.00857244
     0.00867230
     0.00863165
     0.00859101
     0.00855774
     0.00852667
     0.00849586
     0.00822051
     0.00780654
     0.00757286
     0.00767636
     0.00818411
     0.00865075
     0.00911658
     0.00958160
     0.01016558
     0.01077193
     0.01126904
     0.01164472
     0.01201987
     0.01242659
     0.01284510
     0.01326292
     0.01368005
     0.01409670
     0.01451210
     0.01492711
     0.01450319
     0.01323210
     0.01195472
     0.01064056
     0.00921562
     0.00778300
     0.00634270
     0.00521021
     0.00391323
     0.00334279
     0.00277115
     0.00219834
     0.00162436
     0.00104920
     0.00047287
     0.00029786
     0.00110156
     0.00185612
     0.00261267
     0.00337121
     0.00413173
     0.00489424
     0.00565874
     0.00642522
     0.00719368
     0.00796414
     0.00877258
     0.00964479
     0.01051952
     0.01141978
     0.01234566
     0.01327431
     0.01420575
     0.01513996
     0.01607722
     0.00000000
     0.00000000
     0.00000000
     0.00000000
     0.00000000
     0.00000000
     0.00000000
     0.00000000
     0.00000000
     0.00000000
     0.00000000
     0.00000000
     0.00000000
     0.00000000
     0.00000000
     0.00000000
     0.00000000
     0.00000000
     0.00000000
     0.00000000
     0.00000000
     0.00000000
     0.00000000
     0.00000000
     0.00000000
     0.00000000
     0.00651119
     0.00687026
     0.00710169
     0.00733260
     0.00756353
     0.00779426
     0.00802481
     0.00825515
     0.00835953
     0.00828151
     0.00829756
     0.00847289
     0.00859576
     0.00855508
     0.00851438
     0.00848052
     0.00844970
     0.00841860
     0.00838776
     0.00799609
     0.00758142
     0.00745414
     0.00752613
     0.00801648
     0.00848381
     0.00895031
     0.00941601
     0.00988088
     0.01035373
     0.01095920
     0.01155882
     0.01193441
     0.01233193
     0.01275094
     0.01316927
     0.01358692
     0.01400407
     0.01442002
     0.01483549
     0.01492803
     0.01365795
     0.01238158
     0.01107723
     0.00965347
     0.00822201
     0.00673965
     0.00494819
     0.00364790
     0.00282035
     0.00224718
     0.00167285
     0.00109734
     0.00052065
     0.00005722
     0.00063626
     0.00118568
     0.00168309
     0.00226511
     0.00302331
     0.00378350
     0.00454567
     0.00530983
     0.00607599
     0.00684411
     0.00761424
     0.00838634
     0.00923083
     0.01013965
     0.01106233
     0.01198779
     0.01291603
     0.01384705
     0.01478085
     0.01571770
     0.00000000
     0.00000000
     0.00000000
     0.00000000
     0.00000000
     0.00000000
     0.00000000
     0.00000000
     0.00000000
     0.00000000
     0.00000000
     0.00000000
     0.00000000
     0.00000000
     0.00000000
     0.00000000
     0.00000000
     0.00000000
     0.00000000
     0.00000000
     0.00000000
     0.00000000
     0.00000000
     0.00000000
     0.00000000
     0.00000000
     0.00625922
     0.00660330
     0.00683515
     0.00706647
     0.00729781
     0.00752897
     0.00775993
     0.00799069
     0.00807976
     0.00819741
     0.00837295
     0.00851889
     0.00847816
     0.00843742
     0.00840297
     0.00837212
     0.00834128
     0.00831013
     0.00818564
     0.00777093
     0.00735557
     0.00733498
     0.00739024
     0.00784829
     0.00831630
     0.00878348
     0.00924985
     0.00971540
     0.01018392
     0.01065711
     0.01114646
     0.01175158
     0.01223688
     0.01265640
     0.01307525
     0.01349340
     0.01391106
     0.01432756
     0.01474348
     0.01515912
     0.01408361
     0.01280827
     0.01151372
     0.01009113
     0.00866084
     0.00688221
     0.00507028
     0.00338273
     0.00229592
     0.00172123
     0.00114536
     0.00056832
     0.00000991
     0.00058930
     0.00116987
     0.00172274
     0.00222145
     0.00272102
     0.00322145
     0.00372275
     0.00422490
     0.00496099
     0.00572681
     0.00649460
     0.00726439
     0.00803710
     0.00886320
     0.00978267
     0.01070494
     0.01162998
     0.01255781
     0.01348842
     0.01442180
     0.01535795
     0.00000000
     0.00000000
     0.00000000
     0.00000000
     0.00000000
     0.00000000
     0.00000000
     0.00000000
     0.00000000
     0.00000000
     0.00000000
     0.00000000
     0.00000000
     0.00000000
     0.00000000
     0.00000000
     0.00000000
     0.00000000
     0.00000000
     0.00000000
     0.00000000
     0.00000000
     0.00000000
     0.00000000
     0.00000000
     0.00000000
     0.00602659
     0.00634879
     0.00656772
     0.00679946
     0.00703123
     0.00726280
     0.00749417
     0.00778260
     0.00809687
     0.00827262
     0.00844169
     0.00840091
     0.00836012
     0.00832509
     0.00829421
     0.00826332
     0.00823244
     0.00820125
     0.00796042
     0.00754502
     0.00716006
     0.00721539
     0.00727993
     0.00767955
     0.00814822
     0.00861608
     0.00908312
     0.00954936
     0.01001477
     0.01048741
     0.01096045
     0.01143265
     0.01193634
     0.01250348
     0.01298082
     0.01339949
     0.01381767
     0.01423470
     0.01465110
     0.01506723
     0.01450913
     0.01323479
     0.01195003
     0.01052860
     0.00882516
     0.00702475
     0.00521231
     0.00338782
     0.00180573
     0.00119327
     0.00061588
     0.00003731
     0.00054244
     0.00112337
     0.00170547
     0.00226179
     0.00276181
     0.00326270
     0.00376445
     0.00426705
     0.00477052
     0.00527486
     0.00578004
     0.00628610
     0.00692773
     0.00774430
     0.00856311
     0.00942577
     0.01034762
     0.01127224
     0.01219966
     0.01312985
     0.01406282
     0.01499856
     0.00000000
     0.00000000
     0.00000000
     0.00000000
     0.00000000
     0.00000000
     0.00000000
     0.00000000
     0.00000000
     0.00000000
     0.00000000
     0.00000000
     0.00000000
     0.00000000
     0.00000000
     0.00000000
     0.00000000
     0.00000000
     0.00000000
     0.00000000
     0.00000000
     0.00000000
     0.00000000
     0.00000000
     0.00000000
     0.00000000
     0.00579321
     0.00610762
     0.00630488
     0.00653157
     0.00676376
     0.00699574
     0.00741863
     0.00798347
     0.00817191
     0.00834775
     0.00832333
     0.00828251
     0.00824687
     0.00821596
     0.00818504
     0.00815412
     0.00812319
     0.00809196
     0.00773446
     0.00731838
     0.00703997
     0.00709538
     0.00717189
     0.00751023
     0.00797958
     0.00844811
     0.00891584
     0.00938274
     0.00984884
     0.01031712
     0.01079087
     0.01126376
     0.01173582
     0.01224295
     0.01275530
     0.01326663
     0.01372390
     0.01414148
     0.01455833
     0.01497496
     0.01493446
     0.01366115
     0.01238155
     0.01075709
     0.00896819
     0.00716726
     0.00535430
     0.00352930
     0.00169225
     0.00066333
     0.00008441
     0.00049569
     0.00107697
     0.00165943
     0.00224306
     0.00280284
     0.00330418
     0.00380638
     0.00430944
     0.00481336
     0.00531814
     0.00582377
     0.00636293
     0.00690482
     0.00744770
     0.00799155
     0.00853638
     0.00909097
     0.00999036
     0.01091457
     0.01184158
     0.01277135
     0.01370390
     0.01463923
     0.00000000
     0.00000000
     0.00000000
     0.00000000
     0.00000000
     0.00000000
     0.00000000
     0.00000000
     0.00000000
     0.00000000
     0.00000000
     0.00000000
     0.00000000
     0.00000000
     0.00000000
     0.00000000
     0.00000000
     0.00000000
     0.00000000
     0.00000000
     0.00000000
     0.00000000
     0.00000000
     0.00000000
     0.00000000
     0.00000000
     0.00568620
     0.00599245
     0.00609214
     0.00626281
     0.00649541
     0.00705339
     0.00761946
     0.00807081
     0.00824686
     0.00824541
     0.00820454
     0.00816832
     0.00813737
     0.00810642
     0.00807546
     0.00804451
     0.00801354
     0.00792390
     0.00750776
     0.00709099
     0.00691945
     0.00697493
     0.00706345
     0.00734035
     0.00781038
     0.00827959
     0.00874799
     0.00921557
     0.00968234
     0.01014829
     0.01062071
     0.01109430
     0.01156705
     0.01206578
     0.01257890
     0.01309101
     0.01360204
     0.01403630
     0.01445754
     0.01487860
     0.01529859
     0.01408734
     0.01266392
     0.01090061
     0.00911120
     0.00730975
     0.00549627
     0.00367075
     0.00183318
     0.00014357
     0.00044904
     0.00103068
     0.00161348
     0.00219747
     0.00278263
     0.00334590
     0.00384855
     0.00435206
     0.00485643
     0.00538426
     0.00592477
     0.00646627
     0.00700875
     0.00755220
     0.00809665
     0.00864207
     0.00918848
     0.00973587
     0.01033231
     0.01096572
     0.01160043
     0.01241291
     0.01334505
     0.01427997
     0.00000000
     0.00000000
     0.00000000
     0.00000000
     0.00000000
     0.00000000
     0.00000000
     0.00000000
     0.00000000
     0.00000000
     0.00000000
     0.00000000
     0.00000000
     0.00000000
     0.00000000
     0.00000000
     0.00000000
     0.00000000
     0.00000000
     0.00000000
     0.00000000
     0.00000000
     0.00000000
     0.00000000
     0.00000000
     0.00000000
     0.00559244
     0.00590890
     0.00609868
     0.00638379
     0.00678465
     0.00725418
     0.00782029
     0.00814559
     0.00816717
     0.00812625
     0.00808943
     0.00805845
     0.00802747
     0.00799647
     0.00796548
     0.00793449
     0.00790320
     0.00769715
     0.00728032
     0.00686286
     0.00679851
     0.00685405
     0.00695461
     0.00716991
     0.00764061
     0.00811050
     0.00857957
     0.00904783
     0.00951527
     0.00998190
     0.01044996
     0.01092426
     0.01139770
     0.01188801
     0.01240190
     0.01291480
     0.01342660
     0.01392562
     0.01434735
     0.01476895
     0.01518968
     0.01431555
     0.01272350
     0.01100037
     0.00924177
     0.00745220
     0.00563821
     0.00381217
     0.00197409
     0.00012397
     0.00098449
     0.00156766
     0.00215199
     0.00273751
     0.00332421
     0.00389095
     0.00440751
     0.00494665
     0.00548678
     0.00602788
     0.00656996
     0.00711302
     0.00765707
     0.00820210
     0.00874812
     0.00929511
     0.00984308
     0.01039205
     0.01097702
     0.01161222
     0.01224871
     0.01288650
     0.01352559
     0.01416596
     0.00000000
     0.00000000
     0.00000000
     0.00000000
     0.00000000
     0.00000000
     0.00000000
     0.00000000
     0.00000000
     0.00000000
     0.00000000
     0.00000000
     0.00000000
     0.00000000
     0.00000000
     0.00000000
     0.00000000
     0.00000000
     0.00000000
     0.00000000
     0.00000000
     0.00000000
     0.00000000
     0.00000000
     0.00000000
     0.00000000
     0.00549832
     0.00596660
     0.00654583
     0.00693423
     0.00732230
     0.00773225
     0.00818143
     0.00813864
     0.00804762
     0.00801021
     0.00797920
     0.00794818
     0.00791715
     0.00788612
     0.00785510
     0.00782406
     0.00779274
     0.00746965
     0.00705214
     0.00663399
     0.00667713
     0.00673274
     0.00684537
     0.00699889
     0.00747028
     0.00794084
     0.00841059
     0.00887952
     0.00934765
     0.00981495
     0.01028144
     0.01075364
     0.01122778
     0.01170962
     0.01222430
     0.01273798
     0.01325055
     0.01376239
     0.01423674
     0.01465887
     0.01496293
     0.01430592
     0.01271246
     0.01099735
     0.00923726
     0.00746558
     0.00568228
     0.00388736
     0.00208082
     0.00026266
     0.00124469
     0.00210662
     0.00269249
     0.00328219
     0.00390462
     0.00450921
     0.00504893
     0.00558963
     0.00613132
     0.00667400
     0.00721765
     0.00776229
     0.00830791
     0.00885451
     0.00940209
     0.00995065
     0.01050019
     0.01105072
     0.01162418
     0.01226116
     0.01289943
     0.01353900
     0.01417987
     0.01482202
     0.00000000
     0.00000000
     0.00000000
     0.00000000
     0.00000000
     0.00000000
     0.00000000
     0.00000000
     0.00000000
     0.00000000
     0.00000000
     0.00000000
     0.00000000
     0.00000000
     0.00000000
     0.00000000
     0.00000000
     0.00000000
     0.00000000
     0.00000000
     0.00000000
     0.00000000
     0.00000000
     0.00000000
     0.00000000
     0.00000000
     0.00581137
     0.00641796
     0.00702333
     0.00748426
     0.00787187
     0.00825892
     0.00850440
     0.00835639
     0.00818259
     0.00801991
     0.00786856
     0.00783749
     0.00780643
     0.00777536
     0.00774430
     0.00771322
     0.00765897
     0.00724141
     0.00682321
     0.00649963
     0.00655532
     0.00661100
     0.00673573
     0.00686626
     0.00729938
     0.00777062
     0.00824105
     0.00871066
     0.00917946
     0.00964743
     0.01011460
     0.01058244
     0.01105728
     0.01153127
     0.01204609
     0.01256056
     0.01307389
     0.01358632
     0.01409750
     0.01443398
     0.01451990
     0.01429609
     0.01270123
     0.01099413
     0.00923257
     0.00745941
     0.00567463
     0.00387823
     0.00207021
     0.00025056
     0.00144399
     0.00256070
     0.00323968
     0.00386753
     0.00449672
     0.00511006
     0.00565636
     0.00620366
     0.00675195
     0.00730125
     0.00785155
     0.00840285
     0.00895514
     0.00950844
     0.01005858
     0.01060870
     0.01115982
     0.01171191
     0.01227378
     0.01291253
     0.01355258
     0.01419393
     0.01483657
     0.01548050
     0.00000000
     0.00000000
     0.00000000
     0.00000000
     0.00000000
     0.00000000
     0.00000000
     0.00000000
     0.00000000
     0.00000000
     0.00000000
     0.00000000
     0.00000000
     0.00000000
     0.00000000
     0.00000000
     0.00000000
     0.00000000
     0.00000000
     0.00000000
     0.00000000
     0.00000000
     0.00000000
     0.00000000
     0.00000000
     0.00000000
     0.00626305
     0.00686914
     0.00747399
     0.00803390
     0.00842104
     0.00867757
     0.00873386
     0.00857414
     0.00840428
     0.00824224
     0.00808010
     0.00791787
     0.00775553
     0.00766420
     0.00763310
     0.00760199
     0.00743068
     0.00701243
     0.00659355
     0.00637731
     0.00643308
     0.00649492
     0.00662569
     0.00675638
     0.00712791
     0.00759984
     0.00807093
     0.00854123
     0.00901069
     0.00947935
     0.00994719
     0.01041422
     0.01088620
     0.01136089
     0.01186728
     0.01238253
     0.01289664
     0.01340984
     0.01381022
     0.01398472
     0.01407515
     0.01416126
     0.01268978
     0.01099072
     0.00922769
     0.00745304
     0.00566678
     0.00386891
     0.00205942
     0.00023828
     0.00152135
     0.00262771
     0.00357452
     0.00420355
     0.00483393
     0.00545046
     0.00599778
     0.00654610
     0.00709542
     0.00764575
     0.00819707
     0.00874940
     0.00930273
     0.00985705
     0.01041237
     0.01096870
     0.01152602
     0.01208434
     0.01264366
     0.01332270
     0.01400978
     0.01469836
     0.01538841
     0.01607996
     0.00000000
     0.00000000
     0.00000000
     0.00000000
     0.00000000
     0.00000000
     0.00000000
     0.00000000
     0.00000000
     0.00000000
     0.00000000
     0.00000000
     0.00000000
     0.00000000
     0.00000000
     0.00000000
     0.00000000
     0.00000000
     0.00000000
     0.00000000
     0.00000000
     0.00000000
     0.00000000
     0.00000000
     0.00000000
     0.00000000
     0.00671452
     0.00732012
     0.00792446
     0.00852714
     0.00887475
     0.00893105
     0.00898733
     0.00896747
     0.00875180
     0.00856723
     0.00838255
     0.00819773
     0.00801279
     0.00782773
     0.00765291
     0.00749033
     0.00720164
     0.00682889
     0.00645625
     0.00629550
     0.00631041
     0.00638431
     0.00651524
     0.00664609
     0.00695589
     0.00742848
     0.00790027
     0.00837123
     0.00884138
     0.00931071
     0.00977923
     0.01024693
     0.01071454
     0.01118993
     0.01168786
     0.01220390
     0.01271878
     0.01312400
     0.01329870
     0.01347367
     0.01362871
     0.01371504
     0.01267813
     0.01098711
     0.00922261
     0.00744649
     0.00565875
     0.00385940
     0.00204842
     0.00035025
     0.00134290
     0.00269502
     0.00370103
     0.00454063
     0.00517219
     0.00579191
     0.00634026
     0.00688960
     0.00743995
     0.00799131
     0.00854366
     0.00909701
     0.00965137
     0.01020672
     0.01076307
     0.01132042
     0.01187877
     0.01243812
     0.01299846
     0.01365909
     0.01434739
     0.01503718
     0.01572844
     0.01642120
     0.00000000
     0.00000000
     0.00000000
     0.00000000
     0.00000000
     0.00000000
     0.00000000
     0.00000000
     0.00000000
     0.00000000
     0.00000000
     0.00000000
     0.00000000
     0.00000000
     0.00000000
     0.00000000
     0.00000000
     0.00000000
     0.00000000
     0.00000000
     0.00000000
     0.00000000
     0.00000000
     0.00000000
     0.00000000
     0.00000000
     0.00716579
     0.00777090
     0.00837473
     0.00891046
     0.00912823
     0.00918452
     0.00924080
     0.00930448
     0.00919338
     0.00900897
     0.00882444
     0.00863977
     0.00845498
     0.00827007
     0.00808503
     0.00776731
     0.00729347
     0.00681910
     0.00639089
     0.00630365
     0.00625488
     0.00627331
     0.00640440
     0.00653541
     0.00678330
     0.00725657
     0.00772903
     0.00820066
     0.00867149
     0.00914150
     0.00961070
     0.01007907
     0.01054664
     0.01101839
     0.01150783
     0.01202466
     0.01243437
     0.01260993
     0.01278512
     0.01296058
     0.01313577
     0.01326710
     0.01266627
     0.01098332
     0.00921734
     0.00743974
     0.00565052
     0.00388594
     0.00221240
     0.00052894
     0.00116445
     0.00276262
     0.00376960
     0.00478004
     0.00551149
     0.00613441
     0.00668379
     0.00723418
     0.00778555
     0.00833793
     0.00889131
     0.00944569
     0.01000106
     0.01055745
     0.01111483
     0.01167320
     0.01223257
     0.01279295
     0.01335432
     0.01399647
     0.01468597
     0.01537697
     0.01606945
     0.01676341
     0.00000000
     0.00000000
     0.00000000
     0.00000000
     0.00000000
     0.00000000
     0.00000000
     0.00000000
     0.00000000
     0.00000000
     0.00000000
     0.00000000
     0.00000000
     0.00000000
     0.00000000
     0.00000000
     0.00000000
     0.00000000
     0.00000000
     0.00000000
     0.00000000
     0.00000000
     0.00000000
     0.00000000
     0.00000000
     0.00000000
     0.00761687
     0.00822148
     0.00879709
     0.00903342
     0.00926976
     0.00943799
     0.00949426
     0.00958529
     0.00963479
     0.00945053
     0.00926614
     0.00908163
     0.00889699
     0.00871222
     0.00843447
     0.00796171
     0.00748784
     0.00701342
     0.00657336
     0.00642230
     0.00627117
     0.00629616
     0.00639407
     0.00649195
     0.00663805
     0.00708409
     0.00755722
     0.00802954
     0.00850104
     0.00897173
     0.00944159
     0.00991065
     0.01037889
     0.01084632
     0.01132720
     0.01174172
     0.01191776
     0.01209383
     0.01226949
     0.01244544
     0.01262112
     0.01279668
     0.01265419
     0.01097934
     0.00921188
     0.00743280
     0.00572898
     0.00406512
     0.00239133
     0.00070762
     0.00098602
     0.00268956
     0.00383847
     0.00484988
     0.00585186
     0.00647798
     0.00702839
     0.00757979
     0.00813220
     0.00868560
     0.00924001
     0.00979541
     0.01035182
     0.01090923
     0.01146763
     0.01202704
     0.01258743
     0.01314883
     0.01371123
     0.01433483
     0.01502555
     0.01571775
     0.01641144
     0.01710661
     0.00000000
     0.00000000
     0.00000000
     0.00000000
     0.00000000
     0.00000000
     0.00000000
     0.00000000
     0.00000000
     0.00000000
     0.00000000
     0.00000000
     0.00000000
     0.00000000
     0.00000000
     0.00000000
     0.00000000
     0.00000000
     0.00000000
     0.00000000
     0.00000000
     0.00000000
     0.00000000
     0.00000000
     0.00000000
     0.00000000
     0.00817955
     0.00867186
     0.00891992
     0.00915633
     0.00939275
     0.00962897
     0.00974770
     0.00986607
     0.00999313
     0.00989189
     0.00970766
     0.00952330
     0.00933881
     0.00910091
     0.00862892
     0.00815612
     0.00768220
     0.00720369
     0.00684129
     0.00669026
     0.00653915
     0.00649353
     0.00648910
     0.00652331
     0.00662122
     0.00701521
     0.00741540
     0.00785785
     0.00833003
     0.00880139
     0.00927194
     0.00974167
     0.01021059
     0.01067868
     0.01104230
     0.01122260
     0.01139910
     0.01157566
     0.01175182
     0.01192825
     0.01210441
     0.01228046
     0.01245308
     0.01097517
     0.00920686
     0.00756258
     0.00590838
     0.00424427
     0.00257024
     0.00088629
     0.00080759
     0.00251138
     0.00390762
     0.00492001
     0.00593584
     0.00682261
     0.00737404
     0.00792647
     0.00847990
     0.00903433
     0.00958977
     0.01014620
     0.01070363
     0.01126207
     0.01182149
     0.01238193
     0.01294335
     0.01350577
     0.01406919
     0.01467418
     0.01536610
     0.01605951
     0.01675442
     0.01745079
     0.00000000
     0.00000000
     0.00000000
     0.00000000
     0.00000000
     0.00000000
     0.00000000
     0.00000000
     0.00000000
     0.00000000
     0.00000000
     0.00000000
     0.00000000
     0.00000000
     0.00000000
     0.00000000
     0.00000000
     0.00000000
     0.00000000
     0.00000000
     0.00000000
     0.00000000
     0.00000000
     0.00000000
     0.00000000
     0.00000000
     0.00898991
     0.00880568
     0.00904271
     0.00927921
     0.00951572
     0.00975202
     0.01000673
     0.01014685
     0.01027387
     0.01033309
     0.01014747
     0.00995725
     0.00975305
     0.00927581
     0.00879772
     0.00831880
     0.00783872
     0.00735810
     0.00708410
     0.00695820
     0.00680712
     0.00678492
     0.00678049
     0.00677605
     0.00677162
     0.00700442
     0.00739228
     0.00779223
     0.00819160
     0.00863049
     0.00910171
     0.00957212
     0.01004171
     0.01036124
     0.01051792
     0.01070132
     0.01087839
     0.01105545
     0.01123208
     0.01140900
     0.01158565
     0.01176220
     0.01195308
     0.01104500
     0.00939812
     0.00774222
     0.00608777
     0.00442341
     0.00274915
     0.00106495
     0.00062917
     0.00233320
     0.00397704
     0.00499042
     0.00600724
     0.00700381
     0.00772074
     0.00827421
     0.00882867
     0.00938413
     0.00994059
     0.01049805
     0.01105650
     0.01161596
     0.01217642
     0.01273787
     0.01330031
     0.01386377
     0.01442821
     0.01501451
     0.01570764
     0.01640227
     0.01709837
     0.01779595
     0.00000000
     0.00000000
     0.00000000
     0.00000000
     0.00000000
     0.00000000
     0.00000000
     0.00000000
     0.00000000
     0.00000000
     0.00000000
     0.00000000
     0.00000000
     0.00000000
     0.00000000
     0.00000000
     0.00000000
     0.00000000
     0.00000000
     0.00000000
     0.00000000
     0.00000000
     0.00000000
     0.00000000
     0.00000000
     0.00000000
     0.00946674
     0.00900767
     0.00916546
     0.00940204
     0.00965162
     0.00990339
     0.01020093
     0.01048665
     0.01062898
     0.01073910
     0.01054915
     0.01035907
     0.00990802
     0.00943066
     0.00895246
     0.00847342
     0.00799323
     0.00751248
     0.00732215
     0.00720947
     0.00708073
     0.00707630
     0.00707186
     0.00706743
     0.00706299
     0.00717804
     0.00750110
     0.00782379
     0.00816897
     0.00856811
     0.00896667
     0.00940201
     0.00970228
     0.00985947
     0.01001657
     0.01017805
     0.01035563
     0.01053318
     0.01071030
     0.01088769
     0.01106718
     0.01128477
     0.01147734
     0.01119672
     0.00959476
     0.00796855
     0.00630158
     0.00462456
     0.00293746
     0.00124360
     0.00045076
     0.00215504
     0.00386925
     0.00506112
     0.00605994
     0.00704383
     0.00803089
     0.00862300
     0.00917848
     0.00973497
     0.01029245
     0.01085094
     0.01141043
     0.01197091
     0.01253239
     0.01309487
     0.01365834
     0.01422281
     0.01478828
     0.01535582
     0.01605017
     0.01674600
     0.01744331
     0.01814211
     0.00000000
     0.00000000
     0.00000000
     0.00000000
     0.00000000
     0.00000000
     0.00000000
     0.00000000
     0.00000000
     0.00000000
     0.00000000
     0.00000000
     0.00000000
     0.00000000
     0.00000000
     0.00000000
     0.00000000
     0.00000000
     0.00000000
     0.00000000
     0.00000000
     0.00000000
     0.00000000
     0.00000000
     0.00000000
     0.00040294
     0.01000946
     0.00965196
     0.00937202
     0.00962404
     0.00987606
     0.01013029
     0.01045271
     0.01077474
     0.01101079
     0.01114054
     0.01095072
     0.01053960
     0.01006297
     0.00958549
     0.00910718
     0.00862802
     0.00814771
     0.00767280
     0.00756019
     0.00744752
     0.00736797
     0.00736764
     0.00736321
     0.00735877
     0.00735434
     0.00735164
     0.00767477
     0.00799750
     0.00831987
     0.00864185
     0.00896346
     0.00912189
     0.00922619
     0.00935577
     0.00951329
     0.00966264
     0.00983081
     0.01000886
     0.01018646
     0.01039520
     0.01061352
     0.01079837
     0.01097122
     0.01108676
     0.00972712
     0.00811514
     0.00649363
     0.00485201
     0.00316496
     0.00146783
     0.00023936
     0.00195664
     0.00368399
     0.00511780
     0.00609934
     0.00708407
     0.00807198
     0.00897285
     0.00952936
     0.01008687
     0.01064538
     0.01120489
     0.01176541
     0.01232692
     0.01288942
     0.01345292
     0.01401742
     0.01458292
     0.01514941
     0.01571689
     0.01639367
     0.01709071
     0.01778924
     0.01848924
     0.00000000
     0.00000000
     0.00000000
     0.00000000
     0.00000000
     0.00000000
     0.00000000
     0.00000000
     0.00000000
     0.00000000
     0.00000000
     0.00000000
     0.00000000
     0.00000000
     0.00000000
     0.00000000
     0.00000000
     0.00000000
     0.00000000
     0.00000000
     0.00000000
     0.00000000
     0.00000000
     0.00000000
     0.00000000
     0.00110211
     0.01070992
     0.01057379
     0.01007891
     0.00996701
     0.01014150
     0.01038211
     0.01070449
     0.01102648
     0.01134809
     0.01153460
     0.01117056
     0.01069465
     0.01021790
     0.00974030
     0.00926188
     0.00878260
     0.00830218
     0.00791083
     0.00779823
     0.00768556
     0.00763273
     0.00765897
     0.00765454
     0.00765010
     0.00764567
     0.00764123
     0.00784842
     0.00817121
     0.00849363
     0.00869030
     0.00874869
     0.00880706
     0.00886542
     0.00893364
     0.00903809
     0.00916489
     0.00930393
     0.00950118
     0.00972014
     0.00993931
     0.01011638
     0.01028980
     0.01046312
     0.01059979
     0.00985945
     0.00824695
     0.00662493
     0.00499338
     0.00335231
     0.00169538
     0.00001178
     0.00172900
     0.00345631
     0.00515658
     0.00613897
     0.00712453
     0.00811328
     0.00910524
     0.00988130
     0.01043983
     0.01099937
     0.01155991
     0.01212144
     0.01268397
     0.01324751
     0.01381203
     0.01437755
     0.01494407
     0.01551159
     0.01608010
     0.01673816
     0.01743640
     0.01813614
     0.01883734
     0.00000000
     0.00000000
     0.00000000
     0.00000000
     0.00000000
     0.00000000
     0.00000000
     0.00000000
     0.00000000
     0.00000000
     0.00000000
     0.00000000
     0.00000000
     0.00000000
     0.00000000
     0.00000000
     0.00000000
     0.00000000
     0.00000000
     0.00000000
     0.00000000
     0.00000000
     0.00000000
     0.00000000
     0.00000000
     0.00179947
     0.01140856
     0.01149379
     0.01100020
     0.01050537
     0.01059576
     0.01080402
     0.01102026
     0.01127822
     0.01159979
     0.01180088
     0.01132570
     0.01084967
     0.01037280
     0.00989510
     0.00941656
     0.00893716
     0.00845663
     0.00814886
     0.00803626
     0.00792361
     0.00789747
     0.00795027
     0.00794584
     0.00794141
     0.00793697
     0.00793254
     0.00802205
     0.00829209
     0.00835060
     0.00840911
     0.00846760
     0.00852608
     0.00858456
     0.00864301
     0.00870145
     0.00875988
     0.00885452
     0.00904252
     0.00925716
     0.00943138
     0.00960538
     0.00977927
     0.00995306
     0.01011096
     0.00996565
     0.00837872
     0.00675618
     0.00512411
     0.00348252
     0.00183140
     0.00017076
     0.00150138
     0.00322864
     0.00496596
     0.00617881
     0.00716523
     0.00815482
     0.00914761
     0.01014357
     0.01079384
     0.01135441
     0.01191597
     0.01247853
     0.01304209
     0.01360664
     0.01417220
     0.01473874
     0.01530628
     0.01587482
     0.01644435
     0.01708362
     0.01778308
     0.01848402
     0.01918643
     0.00000000
     0.00000000
     0.00000000
     0.00000000
     0.00000000
     0.00000000
     0.00000000
     0.00000000
     0.00000000
     0.00000000
     0.00000000
     0.00000000
     0.00000000
     0.00000000
     0.00000000
     0.00000000
     0.00000000
     0.00000000
     0.00000000
     0.00000000
     0.00000000
     0.00000000
     0.00000000
     0.00000000
     0.00000000
     0.00249502
     0.01210539
     0.01241198
     0.01191967
     0.01142612
     0.01105794
     0.01127417
     0.01149022
     0.01170609
     0.01182275
     0.01182102
     0.01148082
     0.01100467
     0.01052769
     0.01004987
     0.00957121
     0.00909142
     0.00861106
     0.00838688
     0.00827428
     0.00816164
     0.00816221
     0.00821684
     0.00823713
     0.00823269
     0.00822826
     0.00820570
     0.00797229
     0.00800976
     0.00806839
     0.00812700
     0.00818560
     0.00824418
     0.00830276
     0.00836133
     0.00841987
     0.00847842
     0.00854070
     0.00862965
     0.00874326
     0.00891794
     0.00909242
     0.00926677
     0.00944102
     0.00961516
     0.00947458
     0.00851047
     0.00688741
     0.00525482
     0.00361271
     0.00196107
     0.00029991
     0.00137079
     0.00305101
     0.00474075
     0.00621889
     0.00720615
     0.00819658
     0.00919021
     0.01018702
     0.01114891
     0.01171050
     0.01227309
     0.01283667
     0.01340126
     0.01396683
     0.01453341
     0.01510098
     0.01566955
     0.01623911
     0.01680966
     0.01743007
     0.01813074
     0.01883288
     0.01953650
     0.00000000
     0.00000000
     0.00000000
     0.00000000
     0.00000000
     0.00000000
     0.00000000
     0.00000000
     0.00000000
     0.00000000
     0.00000000
     0.00000000
     0.00000000
     0.00000000
     0.00000000
     0.00000000
     0.00000000
     0.00000000
     0.00000000
     0.00000000
     0.00000000
     0.00000000
     0.00000000
     0.00000000
     0.00000000
     0.00318875
     0.01280040
     0.01332835
     0.01283733
     0.01234505
     0.01183279
     0.01174408
     0.01195993
     0.01211427
     0.01205566
     0.01183574
     0.01155388
     0.01115966
     0.01068256
     0.01020463
     0.00972585
     0.00924595
     0.00876547
     0.00862489
     0.00851231
     0.00839967
     0.00842694
     0.00848156
     0.00852839
     0.00849476
     0.00826141
     0.00802785
     0.00779410
     0.00772652
     0.00778525
     0.00784397
     0.00790268
     0.00796137
     0.00802005
     0.00807873
     0.00813738
     0.00819603
     0.00824396
     0.00829186
     0.00839643
     0.00850135
     0.00860613
     0.00875230
     0.00892702
     0.00910163
     0.00898166
     0.00864219
     0.00701860
     0.00538550
     0.00374286
     0.00209070
     0.00042901
     0.00124219
     0.00292294
     0.00461320
     0.00631299
     0.00724729
     0.00823857
     0.00923303
     0.01023069
     0.01123153
     0.01206766
     0.01263126
     0.01319587
     0.01376148
     0.01432807
     0.01489568
     0.01546427
     0.01603386
     0.01660444
     0.01717603
     0.01777751
     0.01847938
     0.01918272
     0.01988755
     0.00000000
     0.00000000
     0.00000000
     0.00000000
     0.00000000
     0.00000000
     0.00000000
     0.00000000
     0.00000000
     0.00000000
     0.00000000
     0.00000000
     0.00000000
     0.00000000
     0.00000000
     0.00000000
     0.00000000
     0.00000000
     0.00000000
     0.00000000
     0.00000000
     0.00000000
     0.00000000
     0.00000000
     0.00000000
     0.00388066
     0.01349359
     0.01424291
     0.01375315
     0.01326217
     0.01273840
     0.01221375
     0.01240575
     0.01234717
     0.01220433
     0.01187759
     0.01156822
     0.01128585
     0.01083742
     0.01035936
     0.00988048
     0.00940045
     0.00897545
     0.00886291
     0.00875032
     0.00863770
     0.00869165
     0.00863111
     0.00851367
     0.00831701
     0.00808331
     0.00784942
     0.00761533
     0.00744236
     0.00750119
     0.00756002
     0.00761884
     0.00767763
     0.00773643
     0.00779520
     0.00785397
     0.00790186
     0.00790739
     0.00795294
     0.00805771
     0.00816285
     0.00826784
     0.00837280
     0.00847772
     0.00858612
     0.00848687
     0.00834034
     0.00714976
     0.00551614
     0.00387298
     0.00222031
     0.00055810
     0.00111364
     0.00279489
     0.00448568
     0.00618598
     0.00729324
     0.00828078
     0.00927609
     0.01027458
     0.01127626
     0.01228111
     0.01299049
     0.01355612
     0.01412276
     0.01469038
     0.01525901
     0.01582862
     0.01639923
     0.01697084
     0.01754343
     0.01812592
     0.01882900
     0.01953355
     0.02023958
     0.00000000
     0.00000000
     0.00000000
     0.00000000
     0.00000000
     0.00000000
     0.00000000
     0.00000000
     0.00000000
     0.00000000
     0.00000000
     0.00000000
     0.00000000
     0.00000000
     0.00000000
     0.00000000
     0.00000000
     0.00000000
     0.00000000
     0.00000000
     0.00000000
     0.00000000
     0.00000000
     0.00000000
     0.00000000
     0.00457076
     0.01418497
     0.01515564
     0.01466716
     0.01416585
     0.01364224
     0.01311762
     0.01263866
     0.01257742
     0.01225086
     0.01192391
     0.01159656
     0.01129982
     0.01099225
     0.01051409
     0.01003507
     0.00955494
     0.00917097
     0.00898947
     0.00880786
     0.00863613
     0.00851860
     0.00840102
     0.00828340
     0.00813867
     0.00790465
     0.00767042
     0.00743600
     0.00720137
     0.00721622
     0.00727515
     0.00733407
     0.00739299
     0.00745188
     0.00751076
     0.00756065
     0.00756534
     0.00756998
     0.00761289
     0.00771786
     0.00782320
     0.00792841
     0.00803358
     0.00813871
     0.00820374
     0.00803015
     0.00785647
     0.00728090
     0.00564676
     0.00400308
     0.00234988
     0.00068715
     0.00098511
     0.00266688
     0.00435819
     0.00605901
     0.00749213
     0.00832322
     0.00931937
     0.01031870
     0.01132122
     0.01232691
     0.01333579
     0.01391743
     0.01448509
     0.01505373
     0.01562337
     0.01619402
     0.01676565
     0.01733828
     0.01791189
     0.01848650
     0.01917959
     0.01988536
     0.02059258
     0.00000000
     0.00000000
     0.00000000
     0.00000000
     0.00000000
     0.00000000
     0.00000000
     0.00000000
     0.00000000
     0.00000000
     0.00000000
     0.00000000
     0.00000000
     0.00000000
     0.00000000
     0.00000000
     0.00000000
     0.00000000
     0.00000000
     0.00000000
     0.00000000
     0.00000000
     0.00000000
     0.00000000
     0.00000000
     0.00525905
     0.01487454
     0.01606655
     0.01557936
     0.01506660
     0.01454434
     0.01384303
     0.01309833
     0.01262405
     0.01229728
     0.01197012
     0.01164255
     0.01125076
     0.01086565
     0.01040872
     0.00983868
     0.00926715
     0.00893115
     0.00874935
     0.00856744
     0.00840569
     0.00828798
     0.00817020
     0.00805239
     0.00793452
     0.00772540
     0.00749083
     0.00725608
     0.00702111
     0.00693033
     0.00698936
     0.00704839
     0.00710741
     0.00716641
     0.00721830
     0.00722301
     0.00722771
     0.00723237
     0.00727170
     0.00737688
     0.00748243
     0.00758784
     0.00769323
     0.00779857
     0.00777396
     0.00759996
     0.00742587
     0.00725166
     0.00581120
     0.00413418
     0.00247941
     0.00081617
     0.00085660
     0.00253891
     0.00423073
     0.00593207
     0.00764293
     0.00847706
     0.00936287
     0.01036304
     0.01136640
     0.01237294
     0.01338265
     0.01427979
     0.01484847
     0.01541813
     0.01598881
     0.01656047
     0.01713312
     0.01770677
     0.01828141
     0.01885704
     0.01953118
     0.02023814
     0.02094658
     0.76454399
     0.00000000
     0.00000000
     0.00000000
     0.00000000
     0.00000000
     0.00000000
     0.00000000
     0.00000000
     0.00000000
     0.00000000
     0.00000000
     0.00000000
     0.00000000
     0.00000000
     0.00000000
     0.00000000
     0.00000000
     0.00000000
     0.00000000
     0.00000000
     0.00000000
     0.00000000
     0.00000000
     0.00000000
     0.00594552
     0.01556229
     0.01697565
     0.01648570
     0.01596561
     0.01529749
     0.01455625
     0.01370592
     0.01269229
     0.01234358
     0.01201621
     0.01148802
     0.01092150
     0.01040410
     0.01002150
     0.00951105
     0.00893837
     0.00869057
     0.00850846
     0.00832625
     0.00817452
     0.00805661
     0.00793865
     0.00782064
     0.00770258
     0.00754558
     0.00731068
     0.00707558
     0.00684028
     0.00664352
     0.00670266
     0.00676179
     0.00682091
     0.00687482
     0.00687953
     0.00688424
     0.00688896
     0.00689362
     0.00692938
     0.00703476
     0.00714052
     0.00724615
     0.00735174
     0.00745729
     0.00734265
     0.00716826
     0.00699375
     0.00681914
     0.00602520
     0.00434814
     0.00266117
     0.00096429
     0.00072814
     0.00241096
     0.00410330
     0.00580516
     0.00751654
     0.00867817
     0.00946669
     0.01040761
     0.01141181
     0.01241919
     0.01342975
     0.01444348
     0.01521290
     0.01578360
     0.01635528
     0.01692797
     0.01750165
     0.01807631
     0.01865197
     0.01922862
     0.01988373
     0.02059190
     0.02130154
     0.76396776
     0.00000000
     0.00000000
     0.00000000
     0.00000000
     0.00000000
     0.00000000
     0.00000000
     0.00000000
     0.00000000
     0.00000000
     0.00000000
     0.00000000
     0.00000000
     0.00000000
     0.00000000
     0.00000000
     0.00000000
     0.00000000
     0.00000000
     0.00000000
     0.00000000
     0.00000000
     0.00000000
     0.00000000
     0.00663018
     0.01624823
     0.01788293
     0.01738161
     0.01674622
     0.01600842
     0.01524301
     0.01423436
     0.01322188
     0.01229059
     0.01172528
     0.01115879
     0.01059112
     0.01002227
     0.00955728
     0.00917318
     0.00863149
     0.00844921
     0.00826680
     0.00808428
     0.00794261
     0.00782451
     0.00770636
     0.00758816
     0.00746990
     0.00735161
     0.00712994
     0.00689451
     0.00665887
     0.00642304
     0.00641503
     0.00647427
     0.00653020
     0.00653491
     0.00653964
     0.00654437
     0.00654908
     0.00655377
     0.00658593
     0.00669153
     0.00679748
     0.00690331
     0.00700912
     0.00708451
     0.00690982
     0.00673502
     0.00656010
     0.00638509
     0.00620997
     0.00456210
     0.00287509
     0.00117817
     0.00052865
     0.00224540
     0.00397205
     0.00567829
     0.00739018
     0.00887984
     0.00966943
     0.01046100
     0.01145745
     0.01246566
     0.01347706
     0.01449164
     0.01550938
     0.01615011
     0.01672281
     0.01729651
     0.01787122
     0.01844690
     0.01902359
     0.01960126
     0.02023727
     0.02094664
     0.02165748
     0.76339055
     0.00000000
     0.00000000
     0.00000000
     0.00000000
     0.00000000
     0.00000000
     0.00000000
     0.00000000
     0.00000000
     0.00000000
     0.00000000
     0.00000000
     0.00000000
     0.00000000
     0.00000000
     0.00000000
     0.00000000
     0.00000000
     0.00000000
     0.00000000
     0.00000000
     0.00000000
     0.00000000
     0.00000000
     0.00731303
     0.01693236
     0.01878839
     0.01818942
     0.01745486
     0.01671844
     0.01576991
     0.01476243
     0.01351656
     0.01226321
     0.01139608
     0.01082845
     0.01025963
     0.00968963
     0.00911846
     0.00870631
     0.00836363
     0.00812897
     0.00789413
     0.00765908
     0.00758113
     0.00754401
     0.00747333
     0.00735494
     0.00723649
     0.00711800
     0.00694863
     0.00671286
     0.00647689
     0.00624072
     0.00612649
     0.00618443
     0.00618917
     0.00619390
     0.00619863
     0.00620336
     0.00620810
     0.00621279
     0.00624134
     0.00634717
     0.00645495
     0.00656262
     0.00667025
     0.00665706
     0.00648358
     0.00631000
     0.00613630
     0.00596250
     0.00578860
     0.00475447
     0.00306514
     0.00136587
     0.00034335
     0.00206249
     0.00379157
     0.00553058
     0.00727952
     0.00902150
     0.00987273
     0.01066536
     0.01150330
     0.01251236
     0.01352460
     0.01454001
     0.01555860
     0.01651766
     0.01709139
     0.01766612
     0.01824184
     0.01881854
     0.01939625
     0.01997494
     0.02059179
     0.02130236
     0.02201440
     0.76281237
     0.00000000
     0.00000000
     0.00000000
     0.00000000
     0.00000000
     0.00000000
     0.00000000
     0.00000000
     0.00000000
     0.00000000
     0.00000000
     0.00000000
     0.00000000
     0.00000000
     0.00000000
     0.00000000
     0.00000000
     0.00000000
     0.00000000
     0.00000000
     0.00000000
     0.00000000
     0.00000000
     0.00000000
     0.00792014
     0.01761467
     0.01962654
     0.01889576
     0.01816259
     0.01729893
     0.01616352
     0.01492153
     0.01367371
     0.01242006
     0.01116059
     0.01049699
     0.00992703
     0.00935589
     0.00878356
     0.00823774
     0.00792861
     0.00769341
     0.00745800
     0.00722241
     0.00717596
     0.00713876
     0.00710154
     0.00706433
     0.00700234
     0.00688366
     0.00676492
     0.00653063
     0.00629432
     0.00605782
     0.00583702
     0.00584228
     0.00584702
     0.00585176
     0.00585650
     0.00586125
     0.00588203
     0.00592396
     0.00598619
     0.00609859
     0.00620654
     0.00631438
     0.00642219
     0.00631846
     0.00614463
     0.00597070
     0.00579667
     0.00562252
     0.00544827
     0.00483953
     0.00314940
     0.00144934
     0.00026067
     0.00198062
     0.00371049
     0.00545030
     0.00720003
     0.00895967
     0.01019774
     0.01099964
     0.01176393
     0.01258087
     0.01357821
     0.01458861
     0.01560804
     0.01663064
     0.01746103
     0.01803677
     0.01861351
     0.01919124
     0.01976995
     0.02034966
     0.02094728
     0.02165906
     0.02237230
     0.76223321
     0.00000000
     0.00000000
     0.00000000
     0.00000000
     0.00000000
     0.00000000
     0.00000000
     0.00000000
     0.00000000
     0.00000000
     0.00000000
     0.00000000
     0.00000000
     0.00000000
     0.00000000
     0.00000000
     0.00000000
     0.00000000
     0.00000000
     0.00000000
     0.00000000
     0.00000000
     0.00000000
     0.00000000
     0.00847502
     0.01820901
     0.02033060
     0.01960119
     0.01878837
     0.01755771
     0.01632124
     0.01507895
     0.01383083
     0.01257690
     0.01131713
     0.01016442
     0.00959332
     0.00902103
     0.00848290
     0.00796759
     0.00761768
     0.00732538
     0.00703278
     0.00680668
     0.00676940
     0.00673211
     0.00669482
     0.00665752
     0.00662022
     0.00658290
     0.00652966
     0.00634783
     0.00611119
     0.00587434
     0.00558783
     0.00549900
     0.00550375
     0.00550850
     0.00554419
     0.00558623
     0.00562826
     0.00567027
     0.00572907
     0.00584922
     0.00595735
     0.00606536
     0.00615282
     0.00597875
     0.00580458
     0.00563030
     0.00545592
     0.00528144
     0.00510684
     0.00492452
     0.00323359
     0.00153273
     0.00017807
     0.00189881
     0.00362948
     0.00537009
     0.00712061
     0.00888105
     0.01045989
     0.01126301
     0.01206816
     0.01287533
     0.01369618
     0.01469764
     0.01570218
     0.01670979
     0.01772046
     0.01840848
     0.01898623
     0.01956498
     0.02014471
     0.02072544
     0.02130715
     0.02201672
     0.02273117
     0.76165309
     0.00000000
     0.00000000
     0.00000000
     0.00000000
     0.00000000
     0.00000000
     0.00000000
     0.00000000
     0.00000000
     0.00000000
     0.00000000
     0.00000000
     0.00000000
     0.00000000
     0.00000000
     0.00000000
     0.00000000
     0.00000000
     0.00000000
     0.00000000
     0.00000000
     0.00000000
     0.00000000
     0.00000000
     0.00902870
     0.01857711
     0.02098849
     0.02014004
     0.01894665
     0.01771570
     0.01647894
     0.01523635
     0.01398795
     0.01273372
     0.01147367
     0.01019342
     0.00932937
     0.00881522
     0.00830010
     0.00778404
     0.00738162
     0.00708884
     0.00679577
     0.00656416
     0.00649726
     0.00643034
     0.00636342
     0.00629647
     0.00622951
     0.00617453
     0.00613713
     0.00608969
     0.00592747
     0.00565556
     0.00535380
     0.00516311
     0.00520524
     0.00524736
     0.00528948
     0.00533159
     0.00537370
     0.00541578
     0.00547114
     0.00559908
     0.00570737
     0.00581557
     0.00581234
     0.00563793
     0.00546341
     0.00528879
     0.00511407
     0.00493924
     0.00476430
     0.00458926
     0.00331772
     0.00161607
     0.00009553
     0.00181707
     0.00354854
     0.00528994
     0.00704125
     0.00880249
     0.01057365
     0.01152711
     0.01233348
     0.01314186
     0.01395227
     0.01476470
     0.01580608
     0.01683123
     0.01784295
     0.01884906
     0.01941185
     0.01997558
     0.02054023
     0.02110583
     0.02168499
     0.02237538
     0.02309102
     0.76107199
     0.00000000
     0.00000000
     0.00000000
     0.00000000
     0.00000000
     0.00000000
     0.00000000
     0.00000000
     0.00000000
     0.00000000
     0.00000000
     0.00000000
     0.00000000
     0.00000000
     0.00000000
     0.00000000
     0.00000000
     0.00000000
     0.00000000
     0.00000000
     0.00000000
     0.00000000
     0.00000000
     0.00000000
     0.00933294
     0.01880008
     0.02120731
     0.02026799
     0.01910492
     0.01787367
     0.01663662
     0.01539374
     0.01414504
     0.01283359
     0.01150189
     0.01016370
     0.00914747
     0.00863256
     0.00811671
     0.00760243
     0.00714481
     0.00685157
     0.00655802
     0.00636225
     0.00629525
     0.00622823
     0.00616121
     0.00609415
     0.00602710
     0.00596001
     0.00589293
     0.00582581
     0.00566224
     0.00543580
     0.00522319
     0.00493151
     0.00494960
     0.00499179
     0.00503398
     0.00507616
     0.00511834
     0.00516050
     0.00521240
     0.00534816
     0.00545662
     0.00556499
     0.00547075
     0.00529600
     0.00512114
     0.00494617
     0.00477110
     0.00459593
     0.00442066
     0.00424527
     0.00340179
     0.00169933
     0.00001307
     0.00173540
     0.00346766
     0.00520985
     0.00696197
     0.00872400
     0.01049594
     0.01179194
     0.01259952
     0.01340913
     0.01422075
     0.01503439
     0.01585006
     0.01684437
     0.01791674
     0.01898161
     0.01985814
     0.02042298
     0.02098875
     0.02155545
     0.02212308
     0.02277804
     0.02347866
     0.76047938
     0.00000000
     0.00000000
     0.00000000
     0.00000000
     0.00000000
     0.00000000
     0.00000000
     0.00000000
     0.00000000
     0.00000000
     0.00000000
     0.00000000
     0.00000000
     0.00000000
     0.00000000
     0.00000000
     0.00000000
     0.00000000
     0.00000000
     0.00000000
     0.00000000
     0.00000000
     0.00000000
     0.00000000
     0.00929444
     0.01861245
     0.02111414
     0.02017368
     0.01922945
     0.01803163
     0.01676578
     0.01545237
     0.01413247
     0.01280606
     0.01147316
     0.01013376
     0.00896498
     0.00844934
     0.00793274
     0.00742068
     0.00691494
     0.00661355
     0.00631952
     0.00615970
     0.00609260
     0.00602549
     0.00595836
     0.00589122
     0.00582405
     0.00575688
     0.00569058
     0.00565902
     0.00553218
     0.00531948
     0.00510661
     0.00489358
     0.00487019
     0.00489454
     0.00490826
     0.00492199
     0.00493571
     0.00494943
     0.00496906
     0.00509594
     0.00520479
     0.00530305
     0.00512806
     0.00495296
     0.00477775
     0.00460244
     0.00442704
     0.00425151
     0.00407590
     0.00390017
     0.00348578
     0.00178252
     0.00006934
     0.00165379
     0.00338686
     0.00512984
     0.00688276
     0.00864558
     0.01041831
     0.01205751
     0.01286631
     0.01367713
     0.01448997
     0.01530483
     0.01612170
     0.01694059
     0.01788743
     0.01896386
     0.02004371
     0.02086134
     0.02143857
     0.02200637
     0.02257511
     0.02321084
     0.02391278
     0.75982391
     0.00000000
     0.00000000
     0.00000000
     0.00000000
     0.00000000
     0.00000000
     0.00000000
     0.00000000
     0.00000000
     0.00000000
     0.00000000
     0.00000000
     0.00000000
     0.00000000
     0.00000000
     0.00000000
     0.00000000
     0.00000000
     0.00000000
     0.00000000
     0.00000000
     0.00000000
     0.00000000
     0.00000000
     0.00913388
     0.01830001
     0.02102060
     0.02007814
     0.01906355
     0.01804521
     0.01674165
     0.01542704
     0.01410593
     0.01277832
     0.01144420
     0.01010358
     0.00878192
     0.00826552
     0.00774818
     0.00723835
     0.00673189
     0.00637478
     0.00608028
     0.00595653
     0.00588932
     0.00582211
     0.00575488
     0.00568764
     0.00563634
     0.00560690
     0.00557744
     0.00549527
     0.00538790
     0.00520275
     0.00498963
     0.00477635
     0.00464226
     0.00473693
     0.00483156
     0.00486474
     0.00487848
     0.00489222
     0.00490830
     0.00502336
     0.00510313
     0.00507115
     0.00485674
     0.00464218
     0.00443326
     0.00425761
     0.00408186
     0.00390599
     0.00373003
     0.00355396
     0.00337778
     0.00186565
     0.00015166
     0.00157225
     0.00330611
     0.00504989
     0.00680360
     0.00856722
     0.01034075
     0.01212418
     0.01313383
     0.01394587
     0.01475992
     0.01557599
     0.01639408
     0.01721418
     0.01803630
     0.01893527
     0.02001574
     0.02109963
     0.02183477
     0.02243255
     0.02302845
     0.02364487
     0.02434813
     0.75916721
     0.00000000
     0.00000000
     0.00000000
     0.00000000
     0.00000000
     0.00000000
     0.00000000
     0.00000000
     0.00000000
     0.00000000
     0.00000000
     0.00000000
     0.00000000
     0.00000000
     0.00000000
     0.00000000
     0.00000000
     0.00000000
     0.00000000
     0.00000000
     0.00000000
     0.00000000
     0.00000000
     0.00000000
     0.00882220
     0.01794497
     0.02081549
     0.01980326
     0.01878673
     0.01776646
     0.01671731
     0.01540149
     0.01407916
     0.01275034
     0.01141501
     0.01007318
     0.00872484
     0.00808112
     0.00756304
     0.00705544
     0.00654827
     0.00613528
     0.00584030
     0.00575272
     0.00568542
     0.00561811
     0.00558183
     0.00555236
     0.00552288
     0.00549340
     0.00543847
     0.00533100
     0.00522348
     0.00508562
     0.00487226
     0.00465872
     0.00444504
     0.00450845
     0.00460323
     0.00469799
     0.00479271
     0.00483475
     0.00484835
     0.00496250
     0.00505223
     0.00492881
     0.00471413
     0.00449931
     0.00428432
     0.00406917
     0.00385387
     0.00363841
     0.00342280
     0.00320702
     0.00303012
     0.00194872
     0.00023393
     0.00149079
     0.00322543
     0.00497002
     0.00672451
     0.00848893
     0.01026326
     0.01204748
     0.01340210
     0.01421534
     0.01503061
     0.01584789
     0.01666719
     0.01748851
     0.01831183
     0.01913716
     0.01998787
     0.02107238
     0.02216031
     0.02281232
     0.02341216
     0.02401302
     0.02476025
     0.75850928
     0.00000000
     0.00000000
     0.00000000
     0.00000000
     0.00000000
     0.00000000
     0.00000000
     0.00000000
     0.00000000
     0.00000000
     0.00000000
     0.00000000
     0.00000000
     0.00000000
     0.00000000
     0.00000000
     0.00000000
     0.00000000
     0.00000000
     0.00000000
     0.00000000
     0.00000000
     0.00000000
     0.00000000
     0.00835836
     0.01745298
     0.02054159
     0.01952742
     0.01850897
     0.01748675
     0.01646056
     0.01537569
     0.01405216
     0.01272212
     0.01138559
     0.01004254
     0.00869299
     0.00789614
     0.00737864
     0.00687167
     0.00636407
     0.00589502
     0.00561566
     0.00555656
     0.00552706
     0.00549755
     0.00546805
     0.00543853
     0.00540903
     0.00537950
     0.00527384
     0.00516621
     0.00505855
     0.00495086
     0.00475447
     0.00454070
     0.00432677
     0.00427926
     0.00437420
     0.00446910
     0.00456397
     0.00465884
     0.00475349
     0.00490136
     0.00500053
     0.00478602
     0.00457107
     0.00435597
     0.00414071
     0.00392529
     0.00370973
     0.00349399
     0.00327811
     0.00306206
     0.00284586
     0.00203668
     0.00031955
     0.00140753
     0.00314456
     0.00489020
     0.00664550
     0.00841070
     0.01018582
     0.01197084
     0.01367109
     0.01448555
     0.01530202
     0.01612052
     0.01694104
     0.01776356
     0.01858810
     0.01941464
     0.02024320
     0.02107376
     0.02213378
     0.02319313
     0.02379400
     0.02439590
     0.02505685
     0.75796045
     0.00000000
     0.00000000
     0.00000000
     0.00000000
     0.00000000
     0.00000000
     0.00000000
     0.00000000
     0.00000000
     0.00000000
     0.00000000
     0.00000000
     0.00000000
     0.00000000
     0.00000000
     0.00000000
     0.00000000
     0.00000000
     0.00000000
     0.00000000
     0.00000000
     0.00000000
     0.00000000
     0.00000000
     0.00786735
     0.01696004
     0.02026674
     0.01925064
     0.01823026
     0.01720609
     0.01617796
     0.01514586
     0.01402493
     0.01269368
     0.01135594
     0.01001169
     0.00866093
     0.00771057
     0.00719530
     0.00668761
     0.00617929
     0.00567168
     0.00547202
     0.00544248
     0.00541295
     0.00538340
     0.00535387
     0.00532432
     0.00529478
     0.00521641
     0.00510868
     0.00500092
     0.00489311
     0.00478526
     0.00463631
     0.00442227
     0.00420809
     0.00404938
     0.00414446
     0.00423951
     0.00433453
     0.00442957
     0.00452435
     0.00471287
     0.00485755
     0.00464277
     0.00442755
     0.00421217
     0.00399665
     0.00378096
     0.00356512
     0.00334912
     0.00313296
     0.00291665
     0.00270017
     0.00212770
     0.00040982
     0.00131801
     0.00305579
     0.00480352
     0.00656118
     0.00832877
     0.01010630
     0.01189374
     0.01368997
     0.01475649
     0.01557419
     0.01639389
     0.01721562
     0.01803935
     0.01886510
     0.01969285
     0.02052262
     0.02135439
     0.02218816
     0.02319992
     0.02417689
     0.02477981
     0.02538375
     0.75744195
     0.00000000
     0.00000000
     0.00000000
     0.00000000
     0.00000000
     0.00000000
     0.00000000
     0.00000000
     0.00000000
     0.00000000
     0.00000000
     0.00000000
     0.00000000
     0.00000000
     0.00000000
     0.00000000
     0.00000000
     0.00000000
     0.00000000
     0.00000000
     0.00000000
     0.00000000
     0.00000000
     0.00000000
     0.00737540
     0.01646615
     0.01999095
     0.01897292
     0.01795059
     0.01692449
     0.01589442
     0.01486037
     0.01382236
     0.01266502
     0.01132606
     0.00998060
     0.00862862
     0.00752442
     0.00701139
     0.00650298
     0.00604126
     0.00563861
     0.00535759
     0.00532801
     0.00529845
     0.00526887
     0.00523930
     0.00520972
     0.00515870
     0.00505088
     0.00494300
     0.00483510
     0.00472714
     0.00461916
     0.00451113
     0.00430345
     0.00408902
     0.00387443
     0.00391402
     0.00400922
     0.00410439
     0.00419961
     0.00429450
     0.00447981
     0.00467662
     0.00449905
     0.00428357
     0.00406792
     0.00385212
     0.00363617
     0.00342005
     0.00320379
     0.00298736
     0.00277078
     0.00255402
     0.00221866
     0.00050003
     0.00122855
     0.00296708
     0.00471556
     0.00647396
     0.00824232
     0.01002058
     0.01180876
     0.01360685
     0.01502591
     0.01584707
     0.01666799
     0.01749092
     0.01831587
     0.01914282
     0.01997179
     0.02080276
     0.02163574
     0.02247071
     0.02330769
     0.02427081
     0.02516476
     0.02576973
     0.75692269
     0.00000000
     0.00000000
     0.00000000
     0.00000000
     0.00000000
     0.00000000
     0.00000000
     0.00000000
     0.00000000
     0.00000000
     0.00000000
     0.00000000
     0.00000000
     0.00000000
     0.00000000
     0.00000000
     0.00000000
     0.00000000
     0.00000000
     0.00000000
     0.00000000
     0.00000000
     0.00000000
     0.00000000
     0.00688251
     0.01597133
     0.01971421
     0.01869423
     0.01766997
     0.01664194
     0.01560992
     0.01457394
     0.01353398
     0.01249005
     0.01129596
     0.00994928
     0.00859609
     0.00733769
     0.00682691
     0.00641075
     0.00600831
     0.00560531
     0.00534593
     0.00521316
     0.00518355
     0.00515395
     0.00512434
     0.00509472
     0.00499280
     0.00488482
     0.00477681
     0.00466876
     0.00456067
     0.00445254
     0.00434436
     0.00418424
     0.00396955
     0.00375471
     0.00368289
     0.00377823
     0.00387355
     0.00396882
     0.00406396
     0.00424604
     0.00444309
     0.00435489
     0.00413912
     0.00392321
     0.00370714
     0.00349092
     0.00327454
     0.00305799
     0.00284129
     0.00262444
     0.00240742
     0.00219025
     0.00059018
     0.00113916
     0.00287843
     0.00462766
     0.00638681
     0.00815590
     0.00993493
     0.01172386
     0.01352269
     0.01528663
     0.01611733
     0.01694281
     0.01776696
     0.01859313
     0.01942129
     0.02025146
     0.02108364
     0.02191783
     0.02275401
     0.02359219
     0.02443237
     0.02534642
     0.02615674
     0.75635608
     0.00000000
     0.00000000
     0.00000000
     0.00000000
     0.00000000
     0.00000000
     0.00000000
     0.00000000
     0.00000000
     0.00000000
     0.00000000
     0.00000000
     0.00000000
     0.00000000
     0.00000000
     0.00000000
     0.00000000
     0.00000000
     0.00000000
     0.00000000
     0.00000000
     0.00000000
     0.00000000
     0.00000000
     0.00638867
     0.01547555
     0.01943652
     0.01841460
     0.01738841
     0.01635843
     0.01532448
     0.01428655
     0.01324466
     0.01219877
     0.01114892
     0.00991597
     0.00855882
     0.00719719
     0.00678044
     0.00637793
     0.00597514
     0.00557178
     0.00535411
     0.00521281
     0.00507144
     0.00503863
     0.00500899
     0.00493445
     0.00482638
     0.00471826
     0.00461010
     0.00450191
     0.00439366
     0.00428539
     0.00417708
     0.00406461
     0.00384968
     0.00363459
     0.00345105
     0.00354654
     0.00364200
     0.00373743
     0.00383271
     0.00401156
     0.00420884
     0.00421025
     0.00399423
     0.00377804
     0.00356170
     0.00334521
     0.00312855
     0.00291174
     0.00269477
     0.00247765
     0.00226036
     0.00204292
     0.00068027
     0.00104982
     0.00278984
     0.00453982
     0.00629972
     0.00806956
     0.00984933
     0.01163901
     0.01343859
     0.01524806
     0.01637994
     0.01721390
     0.01804374
     0.01887111
     0.01970048
     0.02053186
     0.02136525
     0.02220064
     0.02303802
     0.02387741
     0.02471879
     0.02556215
     0.02642676
     0.75574698
     0.00000000
     0.00000000
     0.00000000
     0.00000000
     0.00000000
     0.00000000
     0.00000000
     0.00000000
     0.00000000
     0.00000000
     0.00000000
     0.00000000
     0.00000000
     0.00000000
     0.00000000
     0.00000000
     0.00000000
     0.00000000
     0.00000000
     0.00000000
     0.00000000
     0.00000000
     0.00000000
     0.00000000
     0.00589154
     0.01497385
     0.01915024
     0.01812371
     0.01709287
     0.01605823
     0.01501960
     0.01397697
     0.01293035
     0.01187973
     0.01082510
     0.00976648
     0.00849495
     0.00718420
     0.00674776
     0.00634489
     0.00594175
     0.00553803
     0.00536212
     0.00522071
     0.00507925
     0.00493770
     0.00487584
     0.00476765
     0.00465944
     0.00455118
     0.00444287
     0.00433454
     0.00422615
     0.00411773
     0.00400927
     0.00390077
     0.00372942
     0.00351408
     0.00329858
     0.00331415
     0.00340976
     0.00350534
     0.00360076
     0.00377636
     0.00397389
     0.00406516
     0.00384886
     0.00363241
     0.00341579
     0.00319903
     0.00298211
     0.00276503
     0.00254779
     0.00233040
     0.00211284
     0.00189513
     0.00077030
     0.00096053
     0.00270130
     0.00445203
     0.00621268
     0.00798328
     0.00976379
     0.01155421
     0.01335454
     0.01516475
     0.01664325
     0.01747841
     0.01831563
     0.01914982
     0.01998040
     0.02081299
     0.02164758
     0.02248418
     0.02332277
     0.02416336
     0.02500594
     0.02585051
     0.02669704
     0.75513422
     0.00000000
     0.00000000
     0.00000000
     0.00000000
     0.00000000
     0.00000000
     0.00000000
     0.00000000
     0.00000000
     0.00000000
     0.00000000
     0.00000000
     0.00000000
     0.00000000
     0.00000000
     0.00000000
     0.00000000
     0.00000000
     0.00000000
     0.00000000
     0.00000000
     0.00000000
     0.00000000
     0.00000000
     0.00536628
     0.01444653
     0.01884087
     0.01781229
     0.01677939
     0.01574269
     0.01470199
     0.01365730
     0.01260862
     0.01155593
     0.01049924
     0.00943856
     0.00837388
     0.00717102
     0.00671484
     0.00631162
     0.00590812
     0.00551140
     0.00536996
     0.00522846
     0.00508689
     0.00494525
     0.00473510
     0.00460034
     0.00449198
     0.00438357
     0.00427513
     0.00416665
     0.00405812
     0.00394956
     0.00384096
     0.00373230
     0.00360875
     0.00339316
     0.00317741
     0.00308106
     0.00317682
     0.00327254
     0.00336812
     0.00354046
     0.00373822
     0.00391961
     0.00370304
     0.00348631
     0.00326944
     0.00305240
     0.00283521
     0.00261786
     0.00240035
     0.00218268
     0.00196486
     0.00174687
     0.00086027
     0.00087131
     0.00261284
     0.00436431
     0.00612571
     0.00789705
     0.00967831
     0.01146948
     0.01327055
     0.01508151
     0.01690235
     0.01774361
     0.01858203
     0.01942250
     0.02026105
     0.02109485
     0.02193065
     0.02276844
     0.02360824
     0.02445003
     0.02529381
     0.02613958
     0.02698733
     0.75462273
     0.00000000
     0.00000000
     0.00000000
     0.00000000
     0.00000000
     0.00000000
     0.00000000
     0.00000000
     0.00000000
     0.00000000
     0.00000000
     0.00000000
     0.00000000
     0.00000000
     0.00000000
     0.00000000
     0.00000000
     0.00000000
     0.00000000
     0.00000000
     0.00000000
     0.00000000
     0.00000000
     0.00000000
     0.00483996
     0.01391815
     0.01853044
     0.01749980
     0.01646484
     0.01542608
     0.01438332
     0.01333656
     0.01228582
     0.01123107
     0.01017231
     0.00910957
     0.00804282
     0.00703041
     0.00662949
     0.00622771
     0.00582566
     0.00547376
     0.00534139
     0.00520895
     0.00507647
     0.00489726
     0.00469127
     0.00447063
     0.00432400
     0.00421546
     0.00410686
     0.00399824
     0.00388957
     0.00378086
     0.00367211
     0.00356333
     0.00345449
     0.00327184
     0.00305585
     0.00284728
     0.00294317
     0.00303904
     0.00313478
     0.00330354
     0.00350184
     0.00370057
     0.00355676
     0.00333977
     0.00312262
     0.00290531
     0.00268784
     0.00247023
     0.00225244
     0.00203451
     0.00181642
     0.00159816
     0.00095018
     0.00078215
     0.00252443
     0.00427664
     0.00603880
     0.00781088
     0.00959288
     0.01138481
     0.01318662
     0.01499833
     0.01681992
     0.01800951
     0.01884913
     0.01969080
     0.02053454
     0.02137743
     0.02221444
     0.02305344
     0.02389444
     0.02473743
     0.02558242
     0.02642939
     0.02727833
     0.75411052
     0.00000000
     0.00000000
     0.00000000
     0.00000000
     0.00000000
     0.00000000
     0.00000000
     0.00000000
     0.00000000
     0.00000000
     0.00000000
     0.00000000
     0.00000000
     0.00000000
     0.00000000
     0.00000000
     0.00000000
     0.00000000
     0.00000000
     0.00000000
     0.00000000
     0.00000000
     0.00000000
     0.00000000
     0.00431257
     0.01338870
     0.01821894
     0.01718624
     0.01614923
     0.01510840
     0.01406358
     0.01301476
     0.01196195
     0.01090514
     0.00984433
     0.00877951
     0.00771069
     0.00691787
     0.00651650
     0.00611425
     0.00571174
     0.00540264
     0.00527014
     0.00513279
     0.00492761
     0.00472230
     0.00451684
     0.00431124
     0.00410549
     0.00389960
     0.00378983
     0.00371388
     0.00363792
     0.00356195
     0.00348594
     0.00339383
     0.00328486
     0.00315013
     0.00293388
     0.00271748
     0.00270884
     0.00280485
     0.00290073
     0.00306616
     0.00326476
     0.00346378
     0.00341002
     0.00319276
     0.00297534
     0.00275776
     0.00254003
     0.00232214
     0.00210409
     0.00188588
     0.00166752
     0.00144899
     0.00104003
     0.00069305
     0.00243607
     0.00418904
     0.00595194
     0.00772477
     0.00950753
     0.01130019
     0.01310275
     0.01491520
     0.01673753
     0.01827612
     0.01911692
     0.01995979
     0.02080472
     0.02165169
     0.02249896
     0.02333917
     0.02418137
     0.02502556
     0.02587174
     0.02671991
     0.02757005
     0.75359758
     0.00000000
     0.00000000
     0.00000000
     0.00000000
     0.00000000
     0.00000000
     0.00000000
     0.00000000
     0.00000000
     0.00000000
     0.00000000
     0.00000000
     0.00000000
     0.00000000
     0.00000000
     0.00000000
     0.00000000
     0.00000000
     0.00000000
     0.00000000
     0.00000000
     0.00000000
     0.00000000
     0.00000000
     0.00378412
     0.01285819
     0.01790638
     0.01687161
     0.01583254
     0.01478966
     0.01374278
     0.01269189
     0.01163702
     0.01057814
     0.00951526
     0.00844838
     0.00736890
     0.00680496
     0.00640312
     0.00600041
     0.00559743
     0.00533123
     0.00516315
     0.00495784
     0.00475240
     0.00454680
     0.00434107
     0.00413519
     0.00392916
     0.00372300
     0.00351668
     0.00331022
     0.00318604
     0.00310988
     0.00303371
     0.00295753
     0.00288132
     0.00280508
     0.00264397
     0.00246025
     0.00237217
     0.00250141
     0.00263050
     0.00282560
     0.00302695
     0.00322628
     0.00326283
     0.00304529
     0.00282760
     0.00260976
     0.00239175
     0.00217359
     0.00195527
     0.00173680
     0.00151816
     0.00129937
     0.00108042
     0.00060400
     0.00234778
     0.00410149
     0.00586515
     0.00763873
     0.00942222
     0.01121563
     0.01301894
     0.01483213
     0.01665521
     0.01848814
     0.01938542
     0.02022947
     0.02107559
     0.02192377
     0.02277398
     0.02362561
     0.02446902
     0.02531442
     0.02616180
     0.02701116
     0.02786250
     0.75308393
     0.00000000
     0.00000000
     0.00000000
     0.00000000
     0.00000000
     0.00000000
     0.00000000
     0.00000000
     0.00000000
     0.00000000
     0.00000000
     0.00000000
     0.00000000
     0.00000000
     0.00000000
     0.00000000
     0.00000000
     0.00000000
     0.00000000
     0.00000000
     0.00000000
     0.00000000
     0.00000000
     0.00000000
     0.00325461
     0.01232662
     0.01759275
     0.01655593
     0.01551479
     0.01446984
     0.01342090
     0.01236796
     0.01131101
     0.01025007
     0.00918513
     0.00811618
     0.00709340
     0.00669166
     0.00628936
     0.00588618
     0.00548273
     0.00519339
     0.00498794
     0.00478237
     0.00457664
     0.00437077
     0.00416476
     0.00395860
     0.00375230
     0.00354585
     0.00333926
     0.00313253
     0.00292565
     0.00271863
     0.00257995
     0.00250358
     0.00242720
     0.00235080
     0.00223772
     0.00205360
     0.00186937
     0.00198217
     0.00211158
     0.00230355
     0.00253600
     0.00276884
     0.00292569
     0.00272131
     0.00251680
     0.00231215
     0.00210736
     0.00190244
     0.00169737
     0.00149217
     0.00128683
     0.00108135
     0.00087573
     0.00058059
     0.00230335
     0.00403581
     0.00577841
     0.00755274
     0.00933698
     0.01113114
     0.01293519
     0.01474913
     0.01657294
     0.01840662
     0.01965460
     0.02049985
     0.02134716
     0.02219652
     0.02304793
     0.02390140
     0.02475691
     0.02560400
     0.02645257
     0.02730314
     0.02815567
     0.75256956
     0.00000000
     0.00000000
     0.00000000
     0.00000000
     0.00000000
     0.00000000
     0.00000000
     0.00000000
     0.00000000
     0.00000000
     0.00000000
     0.00000000
     0.00000000
     0.00000000
     0.00000000
     0.00000000
     0.00000000
     0.00000000
     0.00000000
     0.00000000
     0.00000000
     0.00000000
     0.00000000
     0.00000000
     0.00272404
     0.01179399
     0.01727835
     0.01623916
     0.01519597
     0.01414897
     0.01309795
     0.01204295
     0.01098394
     0.00992094
     0.00885392
     0.00778291
     0.00698017
     0.00657797
     0.00617520
     0.00575322
     0.00527166
     0.00501793
     0.00481222
     0.00460635
     0.00440035
     0.00419420
     0.00398791
     0.00378147
     0.00357490
     0.00336818
     0.00316130
     0.00295430
     0.00274714
     0.00253984
     0.00233240
     0.00212481
     0.00197156
     0.00189499
     0.00181840
     0.00164565
     0.00146103
     0.00146109
     0.00159082
     0.00177963
     0.00201266
     0.00224607
     0.00247909
     0.00229348
     0.00208852
     0.00188343
     0.00167820
     0.00147283
     0.00126732
     0.00106167
     0.00085589
     0.00064997
     0.00044390
     0.00094437
     0.00267043
     0.00440618
     0.00615161
     0.00790671
     0.00967148
     0.01144590
     0.01322997
     0.01502368
     0.01682701
     0.01863995
     0.02010322
     0.02077092
     0.02161942
     0.02246998
     0.02332258
     0.02417723
     0.02503393
     0.02589267
     0.02674407
     0.02759584
     0.02844957
     0.75205447
     0.00000000
     0.00000000
     0.00000000
     0.00000000
     0.00000000
     0.00000000
     0.00000000
     0.00000000
     0.00000000
     0.00000000
     0.00000000
     0.00000000
     0.00000000
     0.00000000
     0.00000000
     0.00000000
     0.00000000
     0.00000000
     0.00000000
     0.00000000
     0.00000000
     0.00000000
     0.00000000
     0.00000000
     0.00219240
     0.01126029
     0.01696257
     0.01592134
     0.01487609
     0.01382701
     0.01277394
     0.01171687
     0.01065580
     0.00959072
     0.00852165
     0.00744858
     0.00686656
     0.00646389
     0.00601589
     0.00553411
     0.00505182
     0.00484193
     0.00463593
     0.00442980
     0.00422353
     0.00401709
     0.00381053
     0.00360381
     0.00339696
     0.00318996
     0.00298281
     0.00277553
     0.00256810
     0.00236051
     0.00215280
     0.00194493
     0.00173692
     0.00152877
     0.00136088
     0.00123637
     0.00105137
     0.00093817
     0.00106823
     0.00125387
     0.00148747
     0.00172146
     0.00195504
     0.00186423
     0.00165884
     0.00145330
     0.00124762
     0.00104180
     0.00083586
     0.00062976
     0.00042353
     0.00021716
     0.00001065
     0.00130928
     0.00303863
     0.00477767
     0.00652638
     0.00828476
     0.01005282
     0.01183052
     0.01361786
     0.01541484
     0.01722143
     0.01903762
     0.02086340
     0.02137624
     0.02189239
     0.02274413
     0.02359792
     0.02445375
     0.02531163
     0.02617156
     0.02703352
     0.02788925
     0.02874418
     0.75153866
     0.00000000
     0.00000000
     0.00000000
     0.00000000
     0.00000000
     0.00000000
     0.00000000
     0.00000000
     0.00000000
     0.00000000
     0.00000000
     0.00000000
     0.00000000
     0.00000000
     0.00000000
     0.00000000
     0.00000000
     0.00000000
     0.00000000
     0.00000000
     0.00000000
     0.00000000
     0.00000000
     0.00000000
     0.00165970
     0.01072553
     0.01664573
     0.01560246
     0.01455513
     0.01350400
     0.01244886
     0.01138972
     0.01032659
     0.00925945
     0.00818832
     0.00715514
     0.00675256
     0.00627823
     0.00579683
     0.00531433
     0.00487152
     0.00466540
     0.00445913
     0.00425272
     0.00404615
     0.00383946
     0.00363260
     0.00342562
     0.00321849
     0.00301120
     0.00280379
     0.00259622
     0.00238851
     0.00218066
     0.00197266
     0.00176451
     0.00155623
     0.00134780
     0.00113923
     0.00093050
     0.00064037
     0.00045487
     0.00054381
     0.00072626
     0.00096043
     0.00119499
     0.00142916
     0.00143359
     0.00122774
     0.00102175
     0.00081563
     0.00060938
     0.00040298
     0.00019645
     0.00001023
     0.00021704
     0.00042399
     0.00167531
     0.00340795
     0.00515026
     0.00690227
     0.00866393
     0.01043526
     0.01221625
     0.01400686
     0.01580710
     0.01761695
     0.01943640
     0.02126544
     0.02229745
     0.02265563
     0.02301897
     0.02387395
     0.02473097
     0.02559004
     0.02645115
     0.02731428
     0.02817946
     0.02903951
     0.75102214
     0.00000000
     0.00000000
     0.00000000
     0.00000000
     0.00000000
     0.00000000
     0.00000000
     0.00000000
     0.00000000
     0.00000000
     0.00000000
     0.00000000
     0.00000000
     0.00000000
     0.00000000
     0.00000000
     0.00000000
     0.00000000
     0.00000000
     0.00000000
     0.00000000
     0.00000000
     0.00000000
     0.00000000
     0.00112593
     0.01018970
     0.01632781
     0.01528250
     0.01423312
     0.01317991
     0.01212271
     0.01106151
     0.00999632
     0.00892712
     0.00785390
     0.00702109
     0.00654056
     0.00605924
     0.00557712
     0.00509389
     0.00469473
     0.00448833
     0.00428178
     0.00407509
     0.00386826
     0.00366127
     0.00345415
     0.00324688
     0.00303947
     0.00283192
     0.00262422
     0.00241638
     0.00220839
     0.00200025
     0.00179198
     0.00158356
     0.00137500
     0.00116629
     0.00095744
     0.00074845
     0.00047093
     0.00013534
     0.00001755
     0.00019680
     0.00043154
     0.00066667
     0.00090142
     0.00100152
     0.00079524
     0.00058880
     0.00038224
     0.00017554
     0.00003131
     0.00023828
     0.00044540
     0.00065266
     0.00086006
     0.00204245
     0.00377838
     0.00552399
     0.00727928
     0.00904422
     0.01081883
     0.01260309
     0.01439697
     0.01620048
     0.01801358
     0.01983629
     0.02166858
     0.02322236
     0.02358170
     0.02394139
     0.02430144
     0.02500888
     0.02586913
     0.02673143
     0.02759574
     0.02846210
     0.02933046
     0.75050490
     0.00000000
     0.00000000
     0.00000000
     0.00000000
     0.00000000
     0.00000000
     0.00000000
     0.00000000
     0.00000000
     0.00000000
     0.00000000
     0.00000000
     0.00000000
     0.00000000
     0.00000000
     0.00000000
     0.00000000
     0.00000000
     0.00000000
     0.00000000
     0.00000000
     0.00000000
     0.00000000
     0.00000000
     0.00059111
     0.00965282
     0.01600883
     0.01496146
     0.01391003
     0.01285476
     0.01179550
     0.01073223
     0.00966504
     0.00865720
     0.00764582
     0.00680289
     0.00632163
     0.00583959
     0.00535674
     0.00487279
     0.00451740
     0.00431072
     0.00410389
     0.00389693
     0.00368982
     0.00348256
     0.00327516
     0.00306761
     0.00285992
     0.00265209
     0.00244411
     0.00223599
     0.00202773
     0.00181932
     0.00161077
     0.00140207
     0.00119324
     0.00098424
     0.00077512
     0.00056585
     0.00034475
     0.00000878
     0.00029072
     0.00033452
     0.00009921
     0.00013650
     0.00037182
     0.00056805
     0.00036131
     0.00015444
     0.00005257
     0.00025972
     0.00046700
     0.00067442
     0.00088199
     0.00108969
     0.00129753
     0.00241072
     0.00414994
     0.00589884
     0.00765740
     0.00942562
     0.01120351
     0.01299104
     0.01478819
     0.01659496
     0.01841133
     0.02023730
     0.02207282
     0.02391790
     0.02451144
     0.02487229
     0.02523349
     0.02559505
     0.02614891
     0.02701239
     0.02787790
     0.02874543
     0.02961497
     0.74999323
     0.00000000
     0.00000000
     0.00000000
     0.00000000
     0.00000000
     0.00000000
     0.00000000
     0.00000000
     0.00000000
     0.00000000
     0.00000000
     0.00000000
     0.00000000
     0.00000000
     0.00000000
     0.00000000
     0.00000000
     0.00000000
     0.00000000
     0.00000000
     0.00000000
     0.00000000
     0.00000000
     0.00000000
     0.00005521
     0.00911486
     0.01568878
     0.01463937
     0.01358587
     0.01252854
     0.01151532
     0.01051323
     0.00950759
     0.00849842
     0.00748571
     0.00658401
     0.00610203
     0.00561927
     0.00513570
     0.00465103
     0.00433953
     0.00413258
     0.00392547
     0.00371823
     0.00351084
     0.00330331
     0.00309563
     0.00288780
     0.00267984
     0.00247172
     0.00226347
     0.00205508
     0.00184653
     0.00163785
     0.00142902
     0.00122005
     0.00101093
     0.00080167
     0.00059226
     0.00038272
     0.00017302
     0.00011817
     0.00045497
     0.00056325
     0.00056801
     0.00039553
     0.00015962
     0.00007611
     0.00007401
     0.00028132
     0.00048878
     0.00069637
     0.00090411
     0.00111197
     0.00131998
     0.00152812
     0.00173641
     0.00278011
     0.00452262
     0.00627479
     0.00803664
     0.00980815
     0.01158930
     0.01338010
     0.01518053
     0.01699056
     0.01881018
     0.02063939
     0.02247817
     0.02432648
     0.02544487
     0.02580688
     0.02616922
     0.02653194
     0.02689500
     0.02729404
     0.02816073
     0.02902944
     0.02990017
     0.74948687
     0.00000000
     0.00000000
     0.00000000
     0.00000000
     0.00000000
     0.00000000
     0.00000000
     0.00000000
     0.00000000
     0.00000000
     0.00000000
     0.00000000
     0.00000000
     0.00000000
     0.00000000
     0.00000000
     0.00000000
     0.00000000
     0.00000000
     0.00000000
     0.00000000
     0.00000000
     0.00000000
     0.00000000
     0.00000000
     0.00857584
     0.01536766
     0.01434919
     0.01335624
     0.01235989
     0.01136002
     0.01035661
     0.00934965
     0.00833915
     0.00732511
     0.00636448
     0.00588178
     0.00539828
     0.00491370
     0.00442859
     0.00416114
     0.00395390
     0.00374652
     0.00353899
     0.00333133
     0.00312351
     0.00291556
     0.00270746
     0.00249921
     0.00229083
     0.00208230
     0.00187362
     0.00166481
     0.00145585
     0.00124673
     0.00103748
     0.00082809
     0.00061855
     0.00040887
     0.00019904
     0.00001093
     0.00024552
     0.00058270
     0.00078257
     0.00078735
     0.00079155
     0.00069292
     0.00045661
     0.00051075
     0.00071850
     0.00092640
     0.00113444
     0.00134261
     0.00155093
     0.00175938
     0.00196797
     0.00217670
     0.00315062
     0.00489640
     0.00665187
     0.00841700
     0.01019178
     0.01197621
     0.01377028
     0.01557396
     0.01738725
     0.01921014
     0.02104260
     0.02288462
     0.02473617
     0.02638199
     0.02674513
     0.02710864
     0.02747250
     0.02783671
     0.02820128
     0.02856620
     0.02931414
     0.03018604
     0.74897983
     0.00000000
     0.00000000
     0.00000000
     0.00000000
     0.00000000
     0.00000000
     0.00000000
     0.00000000
     0.00000000
     0.00000000
     0.00000000
     0.00000000
     0.00000000
     0.00000000
     0.00000000
     0.00000000
     0.00000000
     0.00000000
     0.00000000
     0.00000000
     0.00000000
     0.00000000
     0.00000000
     0.00000000
     0.00000000
     0.00811587
     0.01518800
     0.01419739
     0.01320310
     0.01220544
     0.01120423
     0.01019949
     0.00919120
     0.00817938
     0.00716796
     0.00617041
     0.00566086
     0.00517665
     0.00469134
     0.00420550
     0.00398219
     0.00377468
     0.00356702
     0.00335922
     0.00315128
     0.00294319
     0.00273495
     0.00252658
     0.00231806
     0.00210939
     0.00190059
     0.00169164
     0.00148254
     0.00127330
     0.00106392
     0.00085438
     0.00064471
     0.00043490
     0.00022494
     0.00001484
     0.00019540
     0.00040580
     0.00071082
     0.00100251
     0.00100731
     0.00101153
     0.00101592
     0.00099118
     0.00094889
     0.00115709
     0.00136543
     0.00157392
     0.00178254
     0.00199129
     0.00220019
     0.00240922
     0.00261839
     0.00352224
     0.00527132
     0.00703006
     0.00879847
     0.01057653
     0.01236423
     0.01416157
     0.01596852
     0.01778507
     0.01961121
     0.02144691
     0.02329217
     0.02514696
     0.02701126
     0.02768707
     0.02805172
     0.02841673
     0.02878209
     0.02914780
     0.02951386
     0.02988027
     0.03047261
     0.74847211
     0.00000000
     0.00000000
     0.00000000
     0.00000000
     0.00000000
     0.00000000
     0.00000000
     0.00000000
     0.00000000
     0.00000000
     0.00000000
     0.00000000
     0.00000000
     0.00000000
     0.00000000
     0.00000000
     0.00000000
     0.00000000
     0.00000000
     0.00000000
     0.00000000
     0.00000000
     0.00000000
     0.00000000
     0.00000000
     0.00774624
     0.01503699
     0.01404507
     0.01304946
     0.01205047
     0.01104794
     0.01004187
     0.00903226
     0.00801910
     0.00701120
     0.00601236
     0.00543928
     0.00495434
     0.00446830
     0.00401036
     0.00380272
     0.00359492
     0.00338700
     0.00317891
     0.00297069
     0.00276232
     0.00255382
     0.00234517
     0.00213636
     0.00192742
     0.00171834
     0.00150910
     0.00129973
     0.00109022
     0.00088056
     0.00067075
     0.00046080
     0.00025071
     0.00004048
     0.00016990
     0.00038042
     0.00059110
     0.00083933
     0.00115235
     0.00122790
     0.00123214
     0.00123654
     0.00124092
     0.00137404
     0.00159708
     0.00180588
     0.00201480
     0.00222386
     0.00243306
     0.00264241
     0.00285188
     0.00306150
     0.00389498
     0.00564734
     0.00740937
     0.00918106
     0.01096240
     0.01275337
     0.01455397
     0.01636418
     0.01818399
     0.02001338
     0.02185233
     0.02370082
     0.02555885
     0.02742637
     0.02863267
     0.02899847
     0.02936461
     0.02973112
     0.03009798
     0.03046519
     0.03083275
     0.03120063
     0.74796370
     0.00000000
     0.00000000
     0.00000000
     0.00000000
     0.00000000
     0.00000000
     0.00000000
     0.00000000
     0.00000000
     0.00000000
     0.00000000
     0.00000000
     0.00000000
     0.00000000
     0.00000000
     0.00000000
     0.00000000
     0.00000000
     0.00000000
     0.00000000
     0.00000000
     0.00000000
     0.00000000
     0.00000000
     0.00000000
     0.00737611
     0.01488550
     0.01389226
     0.01289532
     0.01189501
     0.01089115
     0.00988375
     0.00887281
     0.00785833
     0.00685395
     0.00585382
     0.00521703
     0.00473137
     0.00424461
     0.00383063
     0.00362270
     0.00341464
     0.00320642
     0.00299807
     0.00278957
     0.00258093
     0.00237214
     0.00216321
     0.00195413
     0.00174492
     0.00153555
     0.00132605
     0.00111640
     0.00090661
     0.00069666
     0.00048658
     0.00027636
     0.00006599
     0.00014452
     0.00035519
     0.00056599
     0.00077693
     0.00098806
     0.00128466
     0.00144913
     0.00145337
     0.00145778
     0.00146218
     0.00146841
     0.00203849
     0.00224772
     0.00245709
     0.00266660
     0.00287624
     0.00308602
     0.00329594
     0.00350601
     0.00426884
     0.00602449
     0.00778979
     0.00956476
     0.01134937
     0.01314362
     0.01494749
     0.01676096
     0.01858402
     0.02041666
     0.02225885
     0.02411058
     0.02597184
     0.02784258
     0.02958193
     0.02994887
     0.03031617
     0.03068381
     0.03105182
     0.03142017
     0.03178886
     0.03215788
     0.74685260
     0.00000000
     0.00000000
     0.00000000
     0.00000000
     0.00000000
     0.00000000
     0.00000000
     0.00000000
     0.00000000
     0.00000000
     0.00000000
     0.00000000
     0.00000000
     0.00000000
     0.00000000
     0.00000000
     0.00000000
     0.00000000
     0.00000000
     0.00000000
     0.00000000
     0.00000000
     0.00000000
     0.00000000
     0.00000000
     0.00700548
     0.01473349
     0.01373895
     0.01274068
     0.01173904
     0.01073386
     0.00972513
     0.00871286
     0.00769705
     0.00669621
     0.00569479
     0.00499412
     0.00450775
     0.00402025
     0.00365035
     0.00344215
     0.00323381
     0.00302532
     0.00281669
     0.00260791
     0.00239899
     0.00218993
     0.00198072
     0.00177136
     0.00156187
     0.00135223
     0.00114244
     0.00093252
     0.00072245
     0.00051224
     0.00030187
     0.00009137
     0.00011927
     0.00033006
     0.00054100
     0.00075207
     0.00096329
     0.00117470
     0.00141738
     0.00166973
     0.00167525
     0.00167965
     0.00168406
     0.00168846
     0.00215414
     0.00269098
     0.00290079
     0.00311075
     0.00332083
     0.00353105
     0.00374142
     0.00395192
     0.00464382
     0.00640275
     0.00817135
     0.00994958
     0.01173746
     0.01353498
     0.01534211
     0.01715884
     0.01898515
     0.02082104
     0.02266648
     0.02452144
     0.02638592
     0.02825988
     0.03014332
     0.03090293
     0.03127137
     0.03164016
     0.03200600
     0.03236430
     0.03272292
     0.03308185
     0.74571878
     0.00000000
     0.00000000
     0.00000000
     0.00000000
     0.00000000
     0.00000000
     0.00000000
     0.00000000
     0.00000000
     0.00000000
     0.00000000
     0.00000000
     0.00000000
     0.00000000
     0.00000000
     0.00000000
     0.00000000
     0.00000000
     0.00000000
     0.00000000
     0.00000000
     0.00000000
     0.00000000
     0.00000000
     0.00000000
     0.00663435
     0.01458099
     0.01358513
     0.01258555
     0.01158258
     0.01057606
     0.00956601
     0.00855241
     0.00753727
     0.00653797
     0.00553528
     0.00477056
     0.00428345
     0.00379524
     0.00346955
     0.00326106
     0.00305245
     0.00284368
     0.00263477
     0.00242572
     0.00221652
     0.00200718
     0.00179770
     0.00158806
     0.00137829
     0.00116838
     0.00095832
     0.00074811
     0.00053776
     0.00032727
     0.00011664
     0.00009415
     0.00030507
     0.00051614
     0.00072735
     0.00093870
     0.00115020
     0.00136186
     0.00155752
     0.00180315
     0.00189775
     0.00190216
     0.00190657
     0.00191098
     0.00224974
     0.00284250
     0.00334590
     0.00355629
     0.00376682
     0.00397750
     0.00418831
     0.00439925
     0.00501993
     0.00678213
     0.00855400
     0.01033551
     0.01212667
     0.01392745
     0.01573784
     0.01755752
     0.01938709
     0.02122652
     0.02307519
     0.02493340
     0.02679926
     0.02866535
     0.03054079
     0.03182525
     0.03218360
     0.03254229
     0.03290131
     0.03326065
     0.03362031
     0.03398029
     0.74459933
     0.00000000
     0.00000000
     0.00000000
     0.00000000
     0.00000000
     0.00000000
     0.00000000
     0.00000000
     0.00000000
     0.00000000
     0.00000000
     0.00000000
     0.00000000
     0.00000000
     0.00000000
     0.00000000
     0.00000000
     0.00000000
     0.00000000
     0.00000000
     0.00000000
     0.00000000
     0.00000000
     0.00000000
     0.00000000
     0.00626273
     0.01442798
     0.01343083
     0.01242991
     0.01142561
     0.01041777
     0.00940639
     0.00839146
     0.00737984
     0.00637926
     0.00537528
     0.00454632
     0.00405850
     0.00356956
     0.00328820
     0.00307944
     0.00287055
     0.00266150
     0.00245232
     0.00224299
     0.00203351
     0.00182390
     0.00161414
     0.00140422
     0.00119418
     0.00098399
     0.00077364
     0.00056316
     0.00035254
     0.00014177
     0.00006915
     0.00028020
     0.00049140
     0.00070275
     0.00091423
     0.00112586
     0.00133764
     0.00154957
     0.00174854
     0.00193696
     0.00212087
     0.00212530
     0.00212971
     0.00213412
     0.00234567
     0.00293902
     0.00353350
     0.00400324
     0.00421423
     0.00442534
     0.00463659
     0.00484798
     0.00539714
     0.00716263
     0.00893778
     0.01072256
     0.01251698
     0.01432073
     0.01613399
     0.01794646
     0.01976840
     0.02159978
     0.02344089
     0.02529109
     0.02715070
     0.02901966
     0.03089796
     0.03221721
     0.03308008
     0.03343981
     0.03379986
     0.03416025
     0.03452096
     0.03488197
     0.74369369
     0.00000000
     0.00000000
     0.00000000
     0.00000000
     0.00000000
     0.00000000
     0.00000000
     0.00000000
     0.00000000
     0.00000000
     0.00000000
     0.00000000
     0.00000000
     0.00000000
     0.00000000
     0.00000000
     0.00000000
     0.00000000
     0.00000000
     0.00000000
     0.00000000
     0.00000000
     0.00000000
     0.00000000
     0.00000000
     0.00589061
     0.01427447
     0.01327601
     0.01227377
     0.01126814
     0.01025897
     0.00924626
     0.00823001
     0.00722191
     0.00622005
     0.00521480
     0.00432143
     0.00383288
     0.00334322
     0.00310632
     0.00289729
     0.00268811
     0.00247879
     0.00226932
     0.00205972
     0.00184997
     0.00164007
     0.00143003
     0.00121985
     0.00100952
     0.00079905
     0.00058844
     0.00037768
     0.00016677
     0.00004427
     0.00025546
     0.00046679
     0.00067827
     0.00088990
     0.00110166
     0.00131357
     0.00152562
     0.00173779
     0.00194010
     0.00207119
     0.00232405
     0.00234906
     0.00235349
     0.00235790
     0.00244191
     0.00303587
     0.00363094
     0.00422711
     0.00466303
     0.00487459
     0.00508628
     0.00529811
     0.00577547
     0.00753477
     0.00930263
     0.01108003
     0.01286694
     0.01466305
     0.01646895
     0.01828433
     0.02010916
     0.02194344
     0.02378713
     0.02564053
     0.02750301
     0.02937484
     0.03125600
     0.03220827
     0.03294130
     0.03403229
     0.03470166
     0.03506309
     0.03542483
     0.03578617
     0.74283254
     0.00000000
     0.00000000
     0.00000000
     0.00000000
     0.00000000
     0.00000000
     0.00000000
     0.00000000
     0.00000000
     0.00000000
     0.00000000
     0.00000000
     0.00000000
     0.00000000
     0.00000000
     0.00000000
     0.00000000
     0.00000000
     0.00000000
     0.00000000
     0.00000000
     0.00000000
     0.00000000
     0.00000000
     0.00000000
     0.00551799
     0.01412075
     0.01312070
     0.01211713
     0.01111017
     0.01009968
     0.00908564
     0.00806806
     0.00706350
     0.00606036
     0.00505382
     0.00409588
     0.00360660
     0.00313307
     0.00292390
     0.00271459
     0.00250514
     0.00229554
     0.00208580
     0.00187591
     0.00166589
     0.00145572
     0.00124540
     0.00103494
     0.00082434
     0.00061358
     0.00040269
     0.00019166
     0.00001952
     0.00023085
     0.00044231
     0.00065392
     0.00086567
     0.00107757
     0.00128961
     0.00150179
     0.00171413
     0.00192655
     0.00213252
     0.00225761
     0.00245897
     0.00257346
     0.00257789
     0.00258231
     0.00258673
     0.00313303
     0.00372870
     0.00432251
     0.00491658
     0.00532548
     0.00553770
     0.00575006
     0.00609479
     0.00785605
     0.00962685
     0.01140716
     0.01319668
     0.01499601
     0.01680482
     0.01862310
     0.02045083
     0.02228799
     0.02413458
     0.02599055
     0.02785621
     0.02973090
     0.03161492
     0.03224831
     0.03257712
     0.03366770
     0.03476135
     0.03585805
     0.03632667
     0.03662337
     0.74196376
     0.74250017
     0.00000000
     0.00000000
     0.00000000
     0.00000000
     0.00000000
     0.00000000
     0.00000000
     0.00000000
     0.00000000
     0.00000000
     0.00000000
     0.00000000
     0.00000000
     0.00000000
     0.00000000
     0.00000000
     0.00000000
     0.00000000
     0.00000000
     0.00000000
     0.00000000
     0.00000000
     0.00000000
     0.00000000
     0.00514488
     0.01396611
     0.01296488
     0.01196029
     0.01095170
     0.00993988
     0.00892451
     0.00790564
     0.00690460
     0.00590018
     0.00489235
     0.00388113
     0.00337966
     0.00295038
     0.00274095
     0.00253136
     0.00232163
     0.00211176
     0.00190173
     0.00169158
     0.00148127
     0.00127082
     0.00106023
     0.00084949
     0.00063860
     0.00042758
     0.00021642
     0.00000511
     0.00020635
     0.00041796
     0.00062970
     0.00084158
     0.00105361
     0.00126579
     0.00147810
     0.00169056
     0.00190317
     0.00211592
     0.00232519
     0.00245044
     0.00259429
     0.00279602
     0.00279667
     0.00279730
     0.00279794
     0.00321285
     0.00380527
     0.00439880
     0.00499342
     0.00558915
     0.00599071
     0.00620352
     0.00641646
     0.00817823
     0.00995195
     0.01173488
     0.01352762
     0.01532986
     0.01714158
     0.01896276
     0.02079339
     0.02263345
     0.02448290
     0.02634176
     0.02821028
     0.03008785
     0.03197473
     0.03228852
     0.03222241
     0.03330318
     0.03439642
     0.03545867
     0.03632726
     0.03719773
     0.74144371
     0.74210081
     0.00000000
     0.00000000
     0.00000000
     0.00000000
     0.00000000
     0.00000000
     0.00000000
     0.00000000
     0.00000000
     0.00000000
     0.00000000
     0.00000000
     0.00000000
     0.00000000
     0.00000000
     0.00000000
     0.00000000
     0.00000000
     0.00000000
     0.00000000
     0.00000000
     0.00000000
     0.00000000
     0.00000000
     0.00477127
     0.01381120
     0.01280857
     0.01180265
     0.01079274
     0.00977959
     0.00876289
     0.00774754
     0.00674522
     0.00573950
     0.00473040
     0.00371790
     0.00315205
     0.00276718
     0.00255746
     0.00234759
     0.00213759
     0.00192743
     0.00171714
     0.00150670
     0.00129611
     0.00108539
     0.00087452
     0.00066350
     0.00045235
     0.00024105
     0.00002960
     0.00018199
     0.00039372
     0.00060560
     0.00081762
     0.00102978
     0.00124209
     0.00145455
     0.00166714
     0.00188567
     0.00210974
     0.00233396
     0.00253813
     0.00266915
     0.00279997
     0.00299937
     0.00300002
     0.00300066
     0.00300128
     0.00328832
     0.00388129
     0.00447536
     0.00507054
     0.00566681
     0.00626419
     0.00665838
     0.00687175
     0.00850132
     0.01027796
     0.01206381
     0.01385946
     0.01566461
     0.01747923
     0.01930331
     0.02113683
     0.02297977
     0.02483212
     0.02669385
     0.02856495
     0.03044566
     0.03233540
     0.03232892
     0.03226275
     0.03293870
     0.03398188
     0.03484771
     0.03571544
     0.03631713
     0.74218004
     0.74283592
     0.00000000
     0.00000000
     0.00000000
     0.00000000
     0.00000000
     0.00000000
     0.00000000
     0.00000000
     0.00000000
     0.00000000
     0.00000000
     0.00000000
     0.00000000
     0.00000000
     0.00000000
     0.00000000
     0.00000000
     0.00000000
     0.00000000
     0.00000000
     0.00000000
     0.00000000
     0.00000000
     0.00000000
     0.00439715
     0.01349782
     0.01265175
     0.01164451
     0.01063327
     0.00961879
     0.00860076
     0.00758895
     0.00658534
     0.00557835
     0.00456796
     0.00355417
     0.00292379
     0.00258342
     0.00237343
     0.00216329
     0.00195300
     0.00174258
     0.00153200
     0.00132129
     0.00111043
     0.00089942
     0.00068828
     0.00047699
     0.00026556
     0.00005397
     0.00015775
     0.00036961
     0.00058162
     0.00079812
     0.00102157
     0.00124517
     0.00146894
     0.00169287
     0.00191696
     0.00214120
     0.00236561
     0.00259017
     0.00276487
     0.00289607
     0.00302708
     0.00316936
     0.00320393
     0.00320458
     0.00320520
     0.00336406
     0.00395758
     0.00455220
     0.00514793
     0.00574475
     0.00634268
     0.00694171
     0.00732846
     0.00882530
     0.01060456
     0.01239363
     0.01419220
     0.01600025
     0.01781777
     0.01964475
     0.02148117
     0.02332700
     0.02518223
     0.02704683
     0.02892079
     0.03080437
     0.03243570
     0.03236949
     0.03230328
     0.03250911
     0.03337217
     0.03423714
     0.03510401
     0.03536100
     0.74291500
     0.74356965
     0.00000000
     0.00000000
     0.00000000
     0.00000000
     0.00000000
     0.00000000
     0.00000000
     0.00000000
     0.00000000
     0.00000000
     0.00000000
     0.00000000
     0.00000000
     0.00000000
     0.00000000
     0.00000000
     0.00000000
     0.00000000
     0.00000000
     0.00000000
     0.00000000
     0.00000000
     0.00000000
     0.00000000
     0.00453230
     0.01319771
     0.01249443
     0.01148586
     0.01047330
     0.00945749
     0.00843814
     0.00742987
     0.00642498
     0.00541670
     0.00440503
     0.00338997
     0.00269487
     0.00239914
     0.00218887
     0.00197845
     0.00176789
     0.00155719
     0.00134633
     0.00113534
     0.00092421
     0.00071292
     0.00050150
     0.00028705
     0.00006422
     0.00015878
     0.00038193
     0.00060524
     0.00082871
     0.00105234
     0.00127613
     0.00150008
     0.00172418
     0.00194845
     0.00217287
     0.00239746
     0.00262220
     0.00284710
     0.00299224
     0.00312361
     0.00325483
     0.00338617
     0.00340842
     0.00340906
     0.00340969
     0.00344008
     0.00403415
     0.00462933
     0.00522560
     0.00582298
     0.00642145
     0.00702102
     0.00762170
     0.00915019
     0.01093236
     0.01272434
     0.01452582
     0.01633678
     0.01815721
     0.01998708
     0.02182639
     0.02367510
     0.02553321
     0.02740069
     0.02927751
     0.03116395
     0.03247650
     0.03241024
     0.03226315
     0.03196843
     0.03276287
     0.03362696
     0.03449297
     0.03440623
     0.74364859
     0.74430202
     0.00000000
     0.00000000
     0.00000000
     0.00000000
     0.00000000
     0.00000000
     0.00000000
     0.00000000
     0.00000000
     0.00000000
     0.00000000
     0.00000000
     0.00000000
     0.00000000
     0.00000000
     0.00000000
     0.00000000
     0.00000000
     0.00000000
     0.00000000
     0.00000000
     0.00000000
     0.00000000
     0.00000000
     0.00524821
     0.01391727
     0.01307573
     0.01162938
     0.01031283
     0.00929569
     0.00827501
     0.00727030
     0.00626413
     0.00525457
     0.00424161
     0.00322526
     0.00246528
     0.00221432
     0.00200377
     0.00179307
     0.00158224
     0.00136982
     0.00114760
     0.00092522
     0.00070269
     0.00047999
     0.00025714
     0.00003413
     0.00018905
     0.00041238
     0.00063586
     0.00085951
     0.00108332
     0.00130729
     0.00153142
     0.00175570
     0.00198014
     0.00220475
     0.00242951
     0.00265443
     0.00287951
     0.00308876
     0.00322025
     0.00335179
     0.00348320
     0.00361473
     0.00361347
     0.00361411
     0.00361475
     0.00361538
     0.00411099
     0.00470672
     0.00530355
     0.00590147
     0.00650049
     0.00710061
     0.00794784
     0.00954731
     0.01126106
     0.01305595
     0.01486034
     0.01667421
     0.01849753
     0.02033030
     0.02217249
     0.02402409
     0.02588508
     0.02775542
     0.02963511
     0.03152411
     0.03251747
     0.03233340
     0.03190381
     0.03147471
     0.03197615
     0.03301718
     0.03388232
     0.03345285
     0.74438081
     0.74503301
     0.00000000
     0.00000000
     0.00000000
     0.00000000
     0.00000000
     0.00000000
     0.00000000
     0.00000000
     0.00000000
     0.00000000
     0.00000000
     0.00000000
     0.00000000
     0.00000000
     0.00000000
     0.00000000
     0.00000000
     0.00000000
     0.00000000
     0.00000000
     0.00000000
     0.00000000
     0.00000000
     0.00000000
     0.00596230
     0.01463501
     0.01401706
     0.01257436
     0.01112393
     0.00966650
     0.00820469
     0.00711025
     0.00610279
     0.00509194
     0.00407771
     0.00306008
     0.00222888
     0.00200683
     0.00178491
     0.00156283
     0.00134059
     0.00111820
     0.00089565
     0.00067293
     0.00045006
     0.00022703
     0.00000384
     0.00021951
     0.00044302
     0.00066669
     0.00089051
     0.00111451
     0.00133865
     0.00156295
     0.00178742
     0.00201204
     0.00223682
     0.00246176
     0.00268687
     0.00291213
     0.00313755
     0.00331722
     0.00344888
     0.00358060
     0.00371221
     0.00384393
     0.00388441
     0.00381974
     0.00382037
     0.00382100
     0.00418812
     0.00478439
     0.00538177
     0.00598024
     0.00657981
     0.00718049
     0.00844499
     0.01004792
     0.01165886
     0.01338847
     0.01519576
     0.01701253
     0.01883875
     0.02067442
     0.02251950
     0.02437398
     0.02623783
     0.02811105
     0.02999359
     0.03180087
     0.03215304
     0.03172342
     0.03129427
     0.03086560
     0.03081596
     0.03196047
     0.03300478
     0.03250084
     0.74511165
     0.74576262
     0.00000000
     0.00000000
     0.00000000
     0.00000000
     0.00000000
     0.00000000
     0.00000000
     0.00000000
     0.00000000
     0.00000000
     0.00000000
     0.00000000
     0.00000000
     0.00000000
     0.00000000
     0.00000000
     0.00000000
     0.00000000
     0.00000000
     0.00000000
     0.00000000
     0.00000000
     0.00000000
     0.00000000
     0.00667457
     0.01535093
     0.01495657
     0.01351752
     0.01207073
     0.01061695
     0.00916417
     0.00771791
     0.00626457
     0.00493123
     0.00391635
     0.00289806
     0.00197824
     0.00175585
     0.00153359
     0.00131118
     0.00108861
     0.00086587
     0.00064298
     0.00041993
     0.00019671
     0.00002665
     0.00025018
     0.00047387
     0.00069772
     0.00092172
     0.00114589
     0.00137021
     0.00159470
     0.00181934
     0.00204414
     0.00226910
     0.00249422
     0.00271950
     0.00294494
     0.00317053
     0.00339629
     0.00354630
     0.00367814
     0.00381004
     0.00394184
     0.00407374
     0.00415885
     0.00403156
     0.00402657
     0.00402720
     0.00426552
     0.00486234
     0.00546027
     0.00605929
     0.00665941
     0.00734471
     0.00894369
     0.01055008
     0.01216449
     0.01378659
     0.01553207
     0.01735174
     0.01918087
     0.02101942
     0.02286738
     0.02472474
     0.02659147
     0.02842588
     0.03002273
     0.03165229
     0.03154303
     0.03111384
     0.03068512
     0.03025688
     0.02982910
     0.03079979
     0.03154163
     0.03135821
     0.74584111
     0.74649086
     0.00000000
     0.00000000
     0.00000000
     0.00000000
     0.00000000
     0.00000000
     0.00000000
     0.00000000
     0.00000000
     0.00000000
     0.00000000
     0.00000000
     0.00000000
     0.00000000
     0.00000000
     0.00000000
     0.00000000
     0.00000000
     0.00000000
     0.00000000
     0.00000000
     0.00000000
     0.00000000
     0.00000000
     0.00738545
     0.01606605
     0.01589587
     0.01446109
     0.01301857
     0.01156906
     0.01012482
     0.00868221
     0.00723251
     0.00577574
     0.00431191
     0.00284100
     0.00186006
     0.00150415
     0.00128155
     0.00105880
     0.00083589
     0.00061282
     0.00038959
     0.00016620
     0.00005735
     0.00028106
     0.00050492
     0.00072895
     0.00095314
     0.00117748
     0.00140198
     0.00162664
     0.00185147
     0.00207645
     0.00230159
     0.00252688
     0.00275234
     0.00297796
     0.00320373
     0.00342966
     0.00364421
     0.00377601
     0.00390804
     0.00404039
     0.00417211
     0.00430420
     0.00443408
     0.00430658
     0.00423332
     0.00423395
     0.00434320
     0.00494057
     0.00553905
     0.00613862
     0.00673930
     0.00784152
     0.00944365
     0.01105381
     0.01267167
     0.01429722
     0.01593045
     0.01769185
     0.01952386
     0.02136530
     0.02321615
     0.02507639
     0.02666056
     0.02825090
     0.02987706
     0.03128958
     0.03093341
     0.03050465
     0.03007637
     0.02964856
     0.02922122
     0.02964141
     0.03008246
     0.02989963
     0.74680358
     0.74721772
     0.00000000
     0.00000000
     0.00000000
     0.00000000
     0.00000000
     0.00000000
     0.00000000
     0.00000000
     0.00000000
     0.00000000
     0.00000000
     0.00000000
     0.00000000
     0.00000000
     0.00000000
     0.00000000
     0.00000000
     0.00000000
     0.00000000
     0.00000000
     0.00000000
     0.00000000
     0.00000000
     0.00000000
     0.00809752
     0.01678179
     0.01683521
     0.01540409
     0.01396524
     0.01251940
     0.01108362
     0.00964463
     0.00819858
     0.00674544
     0.00528525
     0.00381797
     0.00256066
     0.00165173
     0.00102880
     0.00080571
     0.00058245
     0.00035905
     0.00013548
     0.00008825
     0.00031213
     0.00053618
     0.00076039
     0.00098475
     0.00120927
     0.00143395
     0.00165879
     0.00188380
     0.00210895
     0.00233427
     0.00255975
     0.00278538
     0.00301118
     0.00323713
     0.00346324
     0.00368951
     0.00387437
     0.00400636
     0.00413856
     0.00427101
     0.00440302
     0.00453529
     0.00466760
     0.00458237
     0.00445471
     0.00444128
     0.00444191
     0.00501908
     0.00561810
     0.00621822
     0.00681944
     0.00833988
     0.00994548
     0.01155909
     0.01318040
     0.01480939
     0.01644607
     0.01809041
     0.01986775
     0.02171208
     0.02332447
     0.02490157
     0.02648539
     0.02810809
     0.02971108
     0.03039627
     0.03012248
     0.02984917
     0.02946801
     0.02904064
     0.02861373
     0.02848531
     0.02862729
     0.02844504
     0.74803765
     0.74821965
     0.00000000
     0.00000000
     0.00000000
     0.00000000
     0.00000000
     0.00000000
     0.00000000
     0.00000000
     0.00000000
     0.00000000
     0.00000000
     0.00000000
     0.00000000
     0.00000000
     0.00000000
     0.00000000
     0.00000000
     0.00000000
     0.00000000
     0.00000000
     0.00000000
     0.00000000
     0.00000000
     0.00000000
     0.00880775
     0.01749568
     0.01777270
     0.01634525
     0.01491006
     0.01346881
     0.01204054
     0.01060519
     0.00916277
     0.00771328
     0.00625670
     0.00479307
     0.00360846
     0.00274388
     0.00198743
     0.00122914
     0.00046901
     0.00010455
     0.00011935
     0.00034341
     0.00056764
     0.00079202
     0.00101656
     0.00124126
     0.00146613
     0.00169115
     0.00191632
     0.00214166
     0.00236715
     0.00259281
     0.00281863
     0.00304460
     0.00327074
     0.00349703
     0.00372347
     0.00395008
     0.00410517
     0.00423735
     0.00436972
     0.00450226
     0.00463455
     0.00476701
     0.00489950
     0.00485891
     0.00473107
     0.00464918
     0.00464981
     0.00509786
     0.00569744
     0.00629810
     0.00723813
     0.00883979
     0.01044885
     0.01206592
     0.01369068
     0.01532313
     0.01696324
     0.01861102
     0.02008484
     0.02157839
     0.02306382
     0.02452626
     0.02612817
     0.02777820
     0.02907592
     0.02931893
     0.02906032
     0.02880219
     0.02854391
     0.02818792
     0.02778988
     0.02739225
     0.02717611
     0.02699445
     0.74926772
     0.74944912
     0.00000000
     0.00000000
     0.00000000
     0.00000000
     0.00000000
     0.00000000
     0.00000000
     0.00000000
     0.00000000
     0.00000000
     0.00000000
     0.00000000
     0.00000000
     0.00000000
     0.00000000
     0.00000000
     0.00000000
     0.00000000
     0.00000000
     0.00000000
     0.00000000
     0.00000000
     0.00000000
     0.00066837
     0.00949121
     0.01820773
     0.01870834
     0.01728455
     0.01585304
     0.01442022
     0.01299559
     0.01156388
     0.01012509
     0.00867923
     0.00722629
     0.00576630
     0.00465404
     0.00383357
     0.00307926
     0.00232309
     0.00156509
     0.00080523
     0.00004352
     0.00059930
     0.00082386
     0.00104859
     0.00127346
     0.00149850
     0.00172370
     0.00194906
     0.00217457
     0.00240025
     0.00262608
     0.00285207
     0.00307822
     0.00330453
     0.00353100
     0.00375763
     0.00398441
     0.00420429
     0.00433659
     0.00446895
     0.00460152
     0.00473416
     0.00486672
     0.00499935
     0.00513204
     0.00513622
     0.00500818
     0.00488019
     0.00485827
     0.00517692
     0.00577704
     0.00637826
     0.00773614
     0.00934126
     0.01095378
     0.01257431
     0.01420252
     0.01580415
     0.01729836
     0.01854895
     0.01974491
     0.02094485
     0.02237732
     0.02398282
     0.02562437
     0.02725363
     0.02828900
     0.02803095
     0.02777307
     0.02751565
     0.02721013
     0.02681289
     0.02641606
     0.02601964
     0.02572893
     0.02554786
     0.75049378
     0.75067460
     0.00000000
     0.00000000
     0.00000000
     0.00000000
     0.00000000
     0.00000000
     0.00000000
     0.00000000
     0.00000000
     0.00000000
     0.00000000
     0.00000000
     0.00000000
     0.00000000
     0.00000000
     0.00000000
     0.00000000
     0.00000000
     0.00000000
     0.00000000
     0.00000000
     0.00000000
     0.00000000
     0.00133839
     0.01016441
     0.01891793
     0.01964213
     0.01822201
     0.01679416
     0.01536976
     0.01394877
     0.01252069
     0.01108554
     0.00964332
     0.00819402
     0.00673765
     0.00569707
     0.00492081
     0.00416862
     0.00341459
     0.00265871
     0.00190098
     0.00114141
     0.00037999
     0.00038327
     0.00114839
     0.00153108
     0.00175645
     0.00198199
     0.00220769
     0.00243354
     0.00265955
     0.00288572
     0.00311205
     0.00333854
     0.00356519
     0.00379199
     0.00401897
     0.00424608
     0.00443616
     0.00456865
     0.00470119
     0.00483394
     0.00496667
     0.00509951
     0.00523234
     0.00536520
     0.00541430
     0.00528607
     0.00515787
     0.00506730
     0.00525626
     0.00585692
     0.00663484
     0.00823570
     0.00973960
     0.01120869
     0.01268414
     0.01416596
     0.01565412
     0.01686463
     0.01805569
     0.01925073
     0.02044977
     0.02184744
     0.02348049
     0.02512079
     0.02655336
     0.02700329
     0.02674595
     0.02648880
     0.02623212
     0.02583741
     0.02544139
     0.02504577
     0.02465057
     0.02428576
     0.02410528
     0.75171584
     0.75189606
     0.00000000
     0.00000000
     0.00000000
     0.00000000
     0.00000000
     0.00000000
     0.00000000
     0.00000000
     0.00000000
     0.00000000
     0.00000000
     0.00000000
     0.00000000
     0.00000000
     0.00000000
     0.00000000
     0.00000000
     0.00000000
     0.00000000
     0.00000000
     0.00000000
     0.00000000
     0.00000000
     0.00200674
     0.01083593
     0.01962629
     0.02057407
     0.01915763
     0.01773345
     0.01631743
     0.01490006
     0.01347562
     0.01204412
     0.01060552
     0.00915987
     0.00776508
     0.00675378
     0.00600557
     0.00525552
     0.00450363
     0.00374987
     0.00299428
     0.00223683
     0.00147754
     0.00071640
     0.00004658
     0.00081141
     0.00157809
     0.00224101
     0.00246704
     0.00269322
     0.00291957
     0.00314608
     0.00337276
     0.00359958
     0.00382656
     0.00405371
     0.00428101
     0.00450847
     0.00466867
     0.00480134
     0.00493407
     0.00506699
     0.00519981
     0.00531823
     0.00519560
     0.00507300
     0.00498081
     0.00502564
     0.00506089
     0.00509613
     0.00515476
     0.00560439
     0.00666903
     0.00812568
     0.00958839
     0.01105778
     0.01253353
     0.01400423
     0.01518637
     0.01637251
     0.01756265
     0.01875678
     0.02010207
     0.02145683
     0.02297838
     0.02461743
     0.02585371
     0.02572057
     0.02546397
     0.02520753
     0.02486345
     0.02446822
     0.02407342
     0.02367902
     0.02328503
     0.02289145
     0.02266673
     0.75293388
     0.75311351
     0.00000000
     0.00000000
     0.00000000
     0.00000000
     0.00000000
     0.00000000
     0.00000000
     0.00000000
     0.00000000
     0.00000000
     0.00000000
     0.00000000
     0.00000000
     0.00000000
     0.00000000
     0.00000000
     0.00000000
     0.00000000
     0.00000000
     0.00000000
     0.00000000
     0.00000000
     0.00000000
     0.00267342
     0.01150579
     0.02033212
     0.02150418
     0.02009139
     0.01867088
     0.01726322
     0.01584949
     0.01442870
     0.01300082
     0.01156587
     0.01012385
     0.00880117
     0.00783396
     0.00708789
     0.00633996
     0.00559020
     0.00483858
     0.00408511
     0.00332980
     0.00257264
     0.00181363
     0.00105277
     0.00029007
     0.00047447
     0.00124086
     0.00200911
     0.00277918
     0.00318032
     0.00339180
     0.00357395
     0.00375620
     0.00393856
     0.00412101
     0.00428331
     0.00440866
     0.00424012
     0.00407166
     0.00390329
     0.00373514
     0.00356682
     0.00339906
     0.00323111
     0.00306322
     0.00289542
     0.00292580
     0.00296084
     0.00299588
     0.00311790
     0.00384321
     0.00551523
     0.00735001
     0.00919465
     0.01090690
     0.01233693
     0.01351414
     0.01469537
     0.01588059
     0.01707574
     0.01841996
     0.01976924
     0.02112357
     0.02248295
     0.02404226
     0.02469692
     0.02444085
     0.02418497
     0.02389068
     0.02349627
     0.02310257
     0.02270899
     0.02231581
     0.02192304
     0.02153067
     0.02123219
     0.75414790
     0.75432694
     0.00000000
     0.00000000
     0.00000000
     0.00000000
     0.00000000
     0.00000000
     0.00000000
     0.00000000
     0.00000000
     0.00000000
     0.00000000
     0.00000000
     0.00000000
     0.00000000
     0.00000000
     0.00000000
     0.00000000
     0.00000000
     0.00000000
     0.00000000
     0.00000000
     0.00000000
     0.00000000
     0.00333842
     0.01217397
     0.02100348
     0.02243243
     0.02102331
     0.01961017
     0.01820714
     0.01679705
     0.01537989
     0.01395565
     0.01252434
     0.01108596
     0.00983503
     0.00891167
     0.00816774
     0.00742195
     0.00667431
     0.00592483
     0.00517349
     0.00442031
     0.00366528
     0.00290840
     0.00214967
     0.00138910
     0.00062668
     0.00013758
     0.00090369
     0.00154864
     0.00179135
     0.00177653
     0.00178604
     0.00191860
     0.00205122
     0.00218390
     0.00231663
     0.00234594
     0.00217835
     0.00201085
     0.00184343
     0.00167623
     0.00150909
     0.00134208
     0.00117508
     0.00100815
     0.00084131
     0.00083684
     0.00087168
     0.00090651
     0.00094134
     0.00146990
     0.00324805
     0.00507140
     0.00690462
     0.00874831
     0.01031450
     0.01185053
     0.01339346
     0.01493296
     0.01639361
     0.01786031
     0.01933305
     0.02079036
     0.02214932
     0.02334525
     0.02341948
     0.02316415
     0.02290898
     0.02252613
     0.02213294
     0.02174046
     0.02134809
     0.02095614
     0.02056459
     0.02017344
     0.01980168
     0.75535789
     0.75553633
     0.00000000
     0.00000000
     0.00000000
