          0.000
          0.000
          0.000
          0.000
          0.000
          0.000
          0.000
          0.000
          0.000
          0.000
          0.000
          0.000
          0.000
          0.000
          0.000
          0.000
          0.000
          0.000
          0.000
          0.000
          0.000
         20.430
         20.430
         20.430
         20.430
         20.430
         20.430
         20.430
         20.430
         20.430
         20.430
         20.430
         20.430
         20.430
         20.430
         20.430
         20.430
         20.430
         20.430
         20.430
         20.430
         20.430
         20.430
         20.430
         20.430
         20.430
         20.430
         20.430
         20.430
         20.430
         20.430
         20.430
         20.430
         20.430
         20.430
         20.430
         20.430
         20.430
         20.430
         20.430
         20.430
         20.430
         20.430
         20.430
         20.430
         20.430
         20.430
         20.430
         20.430
         20.430
         20.430
         20.430
         20.430
         20.430
         20.430
         20.430
         20.430
         20.430
         20.430
         20.430
         20.430
         20.430
         20.430
         20.430
         20.430
         20.430
         20.430
         20.430
         20.430
         20.430
         20.430
         20.430
         20.430
         20.430
         20.430
         20.297
         19.872
         19.453
         19.040
         18.633
          0.000
          0.000
          0.000
          0.000
          0.000
          0.000
          0.000
          0.000
          0.000
          0.000
          0.000
          0.000
          0.000
          0.000
          0.000
          0.000
          0.000
          0.000
          0.000
          0.000
          0.000
         20.454
         20.454
         20.454
         20.454
         20.454
         20.454
         20.454
         20.454
         20.454
         20.454
         20.454
         20.454
         20.454
         20.454
         20.454
         20.454
         20.454
         20.454
         20.454
         20.454
         20.454
         20.454
         20.454
         20.454
         20.454
         20.454
         20.454
         20.454
         20.454
         20.454
         20.454
         20.454
         20.454
         20.454
         20.454
         20.454
         20.454
         20.454
         20.454
         20.454
         20.454
         20.454
         20.454
         20.454
         20.454
         20.454
         20.454
         20.454
         20.454
         20.454
         20.454
         20.454
         20.454
         20.454
         20.454
         20.454
         20.454
         20.454
         20.454
         20.454
         20.454
         20.454
         20.454
         20.454
         20.454
         20.454
         20.454
         20.454
         20.454
         20.454
         20.454
         20.454
         20.454
         20.454
         20.321
         19.896
         19.477
         19.063
         18.655
          0.000
          0.000
          0.000
          0.000
          0.000
          0.000
          0.000
          0.000
          0.000
          0.000
          0.000
          0.000
          0.000
          0.000
          0.000
          0.000
          0.000
          0.000
          0.000
          0.000
          0.000
         20.477
         20.477
         20.477
         20.477
         20.477
         20.477
         20.477
         20.477
         20.477
         20.477
         20.477
         20.477
         20.477
         20.477
         20.477
         20.477
         20.477
         20.477
         20.477
         20.477
         20.477
         20.477
         20.477
         20.477
         20.477
         20.477
         20.477
         20.477
         20.477
         20.477
         20.477
         20.477
         20.477
         20.477
         20.477
         20.477
         20.477
         20.477
         20.477
         20.477
         20.477
         20.477
         20.477
         20.477
         20.477
         20.477
         20.477
         20.477
         20.477
         20.477
         20.477
         20.477
         20.477
         20.477
         20.477
         20.477
         20.477
         20.477
         20.477
         20.477
         20.477
         20.477
         20.477
         20.477
         20.477
         20.477
         20.477
         20.477
         20.477
         20.477
         20.477
         20.477
         20.477
         20.477
         20.346
         19.920
         19.500
         19.086
         18.677
          0.000
          0.000
          0.000
          0.000
          0.000
          0.000
          0.000
          0.000
          0.000
          0.000
          0.000
          0.000
          0.000
          0.000
          0.000
          0.000
          0.000
          0.000
          0.000
          0.000
          0.000
         20.501
         20.501
         20.501
         20.501
         20.501
         20.501
         20.501
         20.501
         20.501
         20.501
         20.501
         20.501
         20.501
         20.501
         20.501
         20.501
         20.501
         20.501
         20.501
         20.501
         20.501
         20.501
         20.501
         20.501
         20.501
         20.501
         20.501
         20.501
         20.501
         20.501
         20.501
         20.501
         20.501
         20.501
         20.501
         20.501
         20.501
         20.501
         20.501
         20.501
         20.501
         20.501
         20.501
         20.501
         20.501
         20.501
         20.501
         20.501
         20.501
         20.501
         20.501
         20.501
         20.501
         20.501
         20.501
         20.501
         20.501
         20.501
         20.501
         20.501
         20.501
         20.501
         20.501
         20.501
         20.501
         20.501
         20.501
         20.501
         20.501
         20.501
         20.501
         20.501
         20.501
         20.501
         20.371
         19.944
         19.524
         19.109
         18.700
          0.000
          0.000
          0.000
          0.000
          0.000
          0.000
          0.000
          0.000
          0.000
          0.000
          0.000
          0.000
          0.000
          0.000
          0.000
          0.000
          0.000
          0.000
          0.000
          0.000
          0.000
         20.525
         20.525
         20.525
         20.525
         20.525
         20.525
         20.525
         20.525
         20.525
         20.525
         20.525
         20.525
         20.525
         20.525
         20.525
         20.525
         20.525
         20.525
         20.525
         20.525
         20.525
         20.525
         20.525
         20.525
         20.525
         20.525
         20.525
         20.525
         20.525
         20.525
         20.525
         20.525
         20.525
         20.525
         20.525
         20.525
         20.525
         20.525
         20.525
         20.525
         20.525
         20.525
         20.525
         20.525
         20.525
         20.525
         20.525
         20.525
         20.525
         20.525
         20.525
         20.525
         20.525
         20.525
         20.525
         20.525
         20.525
         20.525
         20.525
         20.525
         20.525
         20.525
         20.525
         20.525
         20.525
         20.525
         20.525
         20.525
         20.525
         20.525
         20.525
         20.525
         20.525
         20.525
         20.396
         19.969
         19.547
         19.132
         18.722
          0.000
          0.000
          0.000
          0.000
          0.000
          0.000
          0.000
          0.000
          0.000
          0.000
          0.000
          0.000
          0.000
          0.000
          0.000
          0.000
          0.000
          0.000
          0.000
          0.000
          0.000
         20.548
         20.548
         20.548
         20.548
         20.548
         20.548
         20.548
         20.548
         20.548
         20.548
         20.548
         20.548
         20.548
         20.548
         20.548
         20.548
         20.548
         20.548
         20.548
         20.548
         20.548
         20.548
         20.548
         20.548
         20.548
         20.548
         20.548
         20.548
         20.548
         20.548
         20.548
         20.548
         20.548
         20.548
         20.548
         20.548
         20.548
         20.548
         20.548
         20.548
         20.548
         20.548
         20.548
         20.548
         20.548
         20.548
         20.548
         20.548
         20.548
         20.548
         20.548
         20.548
         20.548
         20.548
         20.548
         20.548
         20.548
         20.548
         20.548
         20.548
         20.548
         20.548
         20.548
         20.548
         20.548
         20.548
         20.548
         20.548
         20.548
         20.548
         20.548
         20.548
         20.548
         20.548
         20.421
         19.993
         19.571
         19.155
         18.744
          0.000
          0.000
          0.000
          0.000
          0.000
          0.000
          0.000
          0.000
          0.000
          0.000
          0.000
          0.000
          0.000
          0.000
          0.000
          0.000
          0.000
          0.000
          0.000
          0.000
          0.000
         20.572
         20.572
         20.572
         20.572
         20.572
         20.572
         20.572
         20.572
         20.572
         20.572
         20.572
         20.572
         20.572
         20.572
         20.572
         20.572
         20.572
         20.572
         20.572
         20.572
         20.572
         20.572
         20.572
         20.572
         20.572
         20.572
         20.572
         20.572
         20.572
         20.572
         20.572
         20.572
         20.572
         20.572
         20.572
         20.572
         20.572
         20.572
         20.572
         20.572
         20.572
         20.572
         20.572
         20.572
         20.572
         20.572
         20.572
         20.572
         20.572
         20.572
         20.572
         20.572
         20.572
         20.572
         20.572
         20.572
         20.572
         20.572
         20.572
         20.572
         20.572
         20.572
         20.572
         20.572
         20.572
         20.572
         20.572
         20.572
         20.572
         20.572
         20.572
         20.572
         20.572
         20.572
         20.445
         20.017
         19.594
         19.178
         18.766
          0.000
          0.000
          0.000
          0.000
          0.000
          0.000
          0.000
          0.000
          0.000
          0.000
          0.000
          0.000
          0.000
          0.000
          0.000
          0.000
          0.000
          0.000
          0.000
          0.000
          0.000
         20.596
         20.596
         20.596
         20.596
         20.596
         20.596
         20.596
         20.596
         20.596
         20.596
         20.596
         20.596
         20.596
         20.596
         20.596
         20.596
         20.596
         20.596
         20.596
         20.596
         20.596
         20.596
         20.596
         20.596
         20.596
         20.596
         20.596
         20.596
         20.596
         20.596
         20.596
         20.596
         20.596
         20.596
         20.596
         20.596
         20.596
         20.596
         20.596
         20.596
         20.596
         20.596
         20.596
         20.596
         20.596
         20.596
         20.596
         20.596
         20.596
         20.596
         20.596
         20.596
         20.596
         20.596
         20.596
         20.596
         20.596
         20.596
         20.596
         20.596
         20.596
         20.596
         20.596
         20.596
         20.596
         20.596
         20.596
         20.596
         20.596
         20.596
         20.596
         20.596
         20.596
         20.596
         20.470
         20.041
         19.618
         19.201
         18.789
          0.000
          0.000
          0.000
          0.000
          0.000
          0.000
          0.000
          0.000
          0.000
          0.000
          0.000
          0.000
          0.000
          0.000
          0.000
          0.000
          0.000
          0.000
          0.000
          0.000
          0.000
         20.619
         20.619
         20.619
         20.619
         20.619
         20.619
         20.619
         20.619
         20.619
         20.619
         20.619
         20.619
         20.619
         20.619
         20.619
         20.619
         20.619
         20.619
         20.619
         20.619
         20.619
         20.619
         20.619
         20.619
         20.619
         20.619
         20.619
         20.619
         20.619
         20.619
         20.619
         20.619
         20.619
         20.619
         20.619
         20.619
         20.619
         20.619
         20.619
         20.619
         20.619
         20.619
         20.619
         20.619
         20.619
         20.619
         20.619
         20.619
         20.619
         20.619
         20.619
         20.619
         20.619
         20.619
         20.619
         20.619
         20.619
         20.619
         20.619
         20.619
         20.619
         20.619
         20.619
         20.619
         20.619
         20.619
         20.619
         20.619
         20.619
         20.619
         20.619
         20.619
         20.619
         20.619
         20.495
         20.065
         19.641
         19.223
         18.811
          0.000
          0.000
          0.000
          0.000
          0.000
          0.000
          0.000
          0.000
          0.000
          0.000
          0.000
          0.000
          0.000
          0.000
          0.000
          0.000
          0.000
          0.000
          0.000
          0.000
          0.000
         20.643
         20.643
         20.643
         20.643
         20.643
         20.643
         20.643
         20.643
         20.643
         20.643
         20.643
         20.643
         20.643
         20.643
         20.643
         20.643
         20.643
         20.643
         20.643
         20.643
         20.643
         20.643
         20.643
         20.643
         20.643
         20.643
         20.643
         20.643
         20.643
         20.643
         20.643
         20.643
         20.643
         20.643
         20.643
         20.643
         20.643
         20.643
         20.643
         20.643
         20.643
         20.643
         20.643
         20.643
         20.643
         20.643
         20.643
         20.643
         20.643
         20.643
         20.643
         20.643
         20.643
         20.643
         20.643
         20.643
         20.643
         20.643
         20.643
         20.643
         20.643
         20.643
         20.643
         20.643
         20.643
         20.643
         20.643
         20.643
         20.643
         20.643
         20.643
         20.643
         20.643
         20.643
         20.520
         20.089
         19.665
         19.246
         18.833
          0.000
          0.000
          0.000
          0.000
          0.000
          0.000
          0.000
          0.000
          0.000
          0.000
          0.000
          0.000
          0.000
          0.000
          0.000
          0.000
          0.000
          0.000
          0.000
          0.000
          0.000
         20.667
         20.667
         20.667
         20.667
         20.667
         20.667
         20.667
         20.667
         20.667
         20.667
         20.667
         20.667
         20.667
         20.667
         20.667
         20.667
         20.667
         20.667
         20.667
         20.667
         20.667
         20.667
         20.667
         20.667
         20.667
         20.667
         20.667
         20.667
         20.667
         20.667
         20.667
         20.667
         20.667
         20.667
         20.667
         20.667
         20.667
         20.667
         20.667
         20.667
         20.667
         20.667
         20.667
         20.667
         20.667
         20.667
         20.667
         20.667
         20.667
         20.667
         20.667
         20.667
         20.667
         20.667
         20.667
         20.667
         20.667
         20.667
         20.667
         20.667
         20.667
         20.667
         20.667
         20.667
         20.667
         20.667
         20.667
         20.667
         20.667
         20.667
         20.667
         20.667
         20.667
         20.667
         20.545
         20.114
         19.689
         19.269
         18.856
          0.000
          0.000
          0.000
          0.000
          0.000
          0.000
          0.000
          0.000
          0.000
          0.000
          0.000
          0.000
          0.000
          0.000
          0.000
          0.000
          0.000
          0.000
          0.000
          0.000
          0.000
         20.691
         20.691
         20.691
         20.691
         20.691
         20.691
         20.691
         20.691
         20.691
         20.691
         20.691
         20.691
         20.691
         20.691
         20.691
         20.691
         20.691
         20.691
         20.691
         20.691
         20.691
         20.691
         20.691
         20.691
         20.691
         20.691
         20.691
         20.691
         20.691
         20.691
         20.691
         20.691
         20.691
         20.691
         20.691
         20.691
         20.691
         20.691
         20.691
         20.691
         20.691
         20.691
         20.691
         20.691
         20.691
         20.691
         20.691
         20.691
         20.691
         20.691
         20.691
         20.691
         20.691
         20.691
         20.691
         20.691
         20.691
         20.691
         20.691
         20.691
         20.691
         20.691
         20.691
         20.691
         20.691
         20.691
         20.691
         20.691
         20.691
         20.691
         20.691
         20.691
         20.691
         20.691
         20.570
         20.138
         19.712
         19.292
         18.878
          0.000
          0.000
          0.000
          0.000
          0.000
          0.000
          0.000
          0.000
          0.000
          0.000
          0.000
          0.000
          0.000
          0.000
          0.000
          0.000
          0.000
          0.000
          0.000
          0.000
          0.000
         20.714
         20.714
         20.714
         20.714
         20.714
         20.714
         20.714
         20.714
         20.714
         20.714
         20.714
         20.714
         20.714
         20.714
         20.714
         20.714
         20.714
         20.714
         20.714
         20.714
         20.714
         20.714
         20.714
         20.714
         20.714
         20.714
         20.714
         20.714
         20.714
         20.714
         20.714
         20.714
         20.714
         20.714
         20.714
         20.714
         20.714
         20.714
         20.714
         20.714
         20.714
         20.714
         20.714
         20.714
         20.714
         20.714
         20.714
         20.714
         20.714
         20.714
         20.714
         20.714
         20.714
         20.714
         20.714
         20.714
         20.714
         20.714
         20.714
         20.714
         20.714
         20.714
         20.714
         20.714
         20.714
         20.714
         20.714
         20.714
         20.714
         20.714
         20.714
         20.714
         20.714
         20.714
         20.594
         20.162
         19.736
         19.315
         18.901
          0.000
          0.000
          0.000
          0.000
          0.000
          0.000
          0.000
          0.000
          0.000
          0.000
          0.000
          0.000
          0.000
          0.000
          0.000
          0.000
          0.000
          0.000
          0.000
          0.000
          0.000
         20.738
         20.738
         20.738
         20.738
         20.738
         20.738
         20.738
         20.738
         20.738
         20.738
         20.738
         20.738
         20.738
         20.738
         20.738
         20.738
         20.738
         20.738
         20.738
         20.738
         20.738
         20.738
         20.738
         20.738
         20.738
         20.738
         20.738
         20.738
         20.738
         20.738
         20.738
         20.738
         20.738
         20.738
         20.738
         20.738
         20.738
         20.738
         20.738
         20.738
         20.738
         20.738
         20.738
         20.738
         20.738
         20.738
         20.738
         20.738
         20.738
         20.738
         20.738
         20.738
         20.738
         20.738
         20.738
         20.738
         20.738
         20.738
         20.738
         20.738
         20.738
         20.738
         20.738
         20.738
         20.738
         20.738
         20.738
         20.738
         20.738
         20.738
         20.738
         20.738
         20.738
         20.738
         20.619
         20.186
         19.759
         19.338
         18.923
          0.000
          0.000
          0.000
          0.000
          0.000
          0.000
          0.000
          0.000
          0.000
          0.000
          0.000
          0.000
          0.000
          0.000
          0.000
          0.000
          0.000
          0.000
          0.000
          0.000
          0.000
         20.762
         20.762
         20.762
         20.762
         20.762
         20.762
         20.762
         20.762
         20.762
         20.762
         20.762
         20.762
         20.762
         20.762
         20.762
         20.762
         20.762
         20.762
         20.762
         20.762
         20.762
         20.762
         20.762
         20.762
         20.762
         20.762
         20.762
         20.762
         20.762
         20.762
         20.762
         20.762
         20.762
         20.762
         20.762
         20.762
         20.762
         20.762
         20.762
         20.762
         20.762
         20.762
         20.762
         20.762
         20.762
         20.762
         20.762
         20.762
         20.762
         20.762
         20.762
         20.762
         20.762
         20.762
         20.762
         20.762
         20.762
         20.762
         20.762
         20.762
         20.762
         20.762
         20.762
         20.762
         20.762
         20.762
         20.762
         20.762
         20.762
         20.762
         20.762
         20.762
         20.762
         20.762
         20.644
         20.210
         19.783
         19.361
         18.945
          0.000
          0.000
          0.000
          0.000
          0.000
          0.000
          0.000
          0.000
          0.000
          0.000
          0.000
          0.000
          0.000
          0.000
          0.000
          0.000
          0.000
          0.000
          0.000
          0.000
          0.000
         20.786
         20.786
         20.786
         20.786
         20.786
         20.786
         20.786
         20.786
         20.786
         20.786
         20.786
         20.786
         20.786
         20.786
         20.786
         20.786
         20.786
         20.786
         20.786
         20.786
         20.786
         20.786
         20.786
         20.786
         20.786
         20.786
         20.786
         20.786
         20.786
         20.786
         20.786
         20.786
         20.786
         20.786
         20.786
         20.786
         20.786
         20.786
         20.786
         20.786
         20.786
         20.786
         20.786
         20.786
         20.786
         20.786
         20.786
         20.786
         20.786
         20.786
         20.786
         20.786
         20.786
         20.786
         20.786
         20.786
         20.786
         20.786
         20.786
         20.786
         20.786
         20.786
         20.786
         20.786
         20.786
         20.786
         20.786
         20.786
         20.786
         20.786
         20.786
         20.786
         20.786
         20.786
         20.669
         20.235
         19.806
         19.384
         18.968
          0.000
          0.000
          0.000
          0.000
          0.000
          0.000
          0.000
          0.000
          0.000
          0.000
          0.000
          0.000
          0.000
          0.000
          0.000
          0.000
          0.000
          0.000
          0.000
          0.000
          0.000
         20.809
         20.809
         20.809
         20.809
         20.809
         20.809
         20.809
         20.809
         20.809
         20.809
         20.809
         20.809
         20.809
         20.809
         20.809
         20.809
         20.809
         20.809
         20.809
         20.809
         20.809
         20.809
         20.809
         20.809
         20.809
         20.809
         20.809
         20.809
         20.809
         20.809
         20.809
         20.809
         20.809
         20.809
         20.809
         20.809
         20.809
         20.809
         20.809
         20.809
         20.809
         20.809
         20.809
         20.809
         20.809
         20.809
         20.809
         20.809
         20.809
         20.809
         20.809
         20.809
         20.809
         20.809
         20.809
         20.809
         20.809
         20.809
         20.809
         20.809
         20.809
         20.809
         20.809
         20.809
         20.809
         20.809
         20.809
         20.809
         20.809
         20.809
         20.809
         20.809
         20.809
         20.809
         20.694
         20.259
         19.830
         19.407
         18.990
          0.000
          0.000
          0.000
          0.000
          0.000
          0.000
          0.000
          0.000
          0.000
          0.000
          0.000
          0.000
          0.000
          0.000
          0.000
          0.000
          0.000
          0.000
          0.000
          0.000
          0.000
         20.833
         20.833
         20.833
         20.833
         20.833
         20.833
         20.833
         20.833
         20.833
         20.833
         20.833
         20.833
         20.833
         20.833
         20.833
         20.833
         20.833
         20.833
         20.833
         20.833
         20.833
         20.833
         20.833
         20.833
         20.833
         20.833
         20.833
         20.833
         20.833
         20.833
         20.833
         20.833
         20.833
         20.833
         20.833
         20.833
         20.833
         20.833
         20.833
         20.833
         20.833
         20.833
         20.833
         20.833
         20.833
         20.833
         20.833
         20.833
         20.833
         20.833
         20.833
         20.833
         20.833
         20.833
         20.833
         20.833
         20.833
         20.833
         20.833
         20.833
         20.833
         20.833
         20.833
         20.833
         20.833
         20.833
         20.833
         20.833
         20.833
         20.833
         20.833
         20.833
         20.833
         20.833
         20.719
         20.283
         19.854
         19.430
         19.012
          0.000
          0.000
          0.000
          0.000
          0.000
          0.000
          0.000
          0.000
          0.000
          0.000
          0.000
          0.000
          0.000
          0.000
          0.000
          0.000
          0.000
          0.000
          0.000
          0.000
          0.000
         20.857
         20.857
         20.857
         20.857
         20.857
         20.857
         20.857
         20.857
         20.857
         20.857
         20.857
         20.857
         20.857
         20.857
         20.857
         20.857
         20.857
         20.857
         20.857
         20.857
         20.857
         20.857
         20.857
         20.857
         20.857
         20.857
         20.857
         20.857
         20.857
         20.857
         20.857
         20.857
         20.857
         20.857
         20.857
         20.857
         20.857
         20.857
         20.857
         20.857
         20.857
         20.857
         20.857
         20.857
         20.857
         20.857
         20.857
         20.857
         20.857
         20.857
         20.857
         20.857
         20.857
         20.857
         20.857
         20.857
         20.857
         20.857
         20.857
         20.857
         20.857
         20.857
         20.857
         20.857
         20.857
         20.857
         20.857
         20.857
         20.857
         20.857
         20.857
         20.857
         20.857
         20.857
         20.744
         20.307
         19.877
         19.453
         19.035
          0.000
          0.000
          0.000
          0.000
          0.000
          0.000
          0.000
          0.000
          0.000
          0.000
          0.000
          0.000
          0.000
          0.000
          0.000
          0.000
          0.000
          0.000
          0.000
          0.000
          0.000
         20.881
         20.881
         20.881
         20.881
         20.881
         20.881
         20.881
         20.881
         20.881
         20.881
         20.881
         20.881
         20.881
         20.881
         20.881
         20.881
         20.881
         20.881
         20.881
         20.881
         20.881
         20.881
         20.881
         20.881
         20.881
         20.881
         20.881
         20.881
         20.881
         20.881
         20.881
         20.881
         20.881
         20.881
         20.881
         20.881
         20.881
         20.881
         20.881
         20.881
         20.881
         20.881
         20.881
         20.881
         20.881
         20.881
         20.881
         20.881
         20.881
         20.881
         20.881
         20.881
         20.881
         20.881
         20.881
         20.881
         20.881
         20.881
         20.881
         20.881
         20.881
         20.881
         20.881
         20.881
         20.881
         20.881
         20.881
         20.881
         20.881
         20.881
         20.881
         20.881
         20.881
         20.881
         20.769
         20.332
         19.901
         19.476
         19.057
          0.000
          0.000
          0.000
          0.000
          0.000
          0.000
          0.000
          0.000
          0.000
          0.000
          0.000
          0.000
          0.000
          0.000
          0.000
          0.000
          0.000
          0.000
          0.000
          0.000
          0.000
         20.905
         20.905
         20.905
         20.905
         20.905
         20.905
         20.905
         20.905
         20.905
         20.905
         20.905
         20.905
         20.905
         20.905
         20.905
         20.905
         20.905
         20.905
         20.905
         20.905
         20.905
         20.905
         20.905
         20.905
         20.905
         20.905
         20.905
         20.905
         20.905
         20.905
         20.905
         20.905
         20.905
         20.905
         20.905
         20.905
         20.905
         20.905
         20.905
         20.905
         20.905
         20.905
         20.905
         20.905
         20.905
         20.905
         20.905
         20.905
         20.905
         20.905
         20.905
         20.905
         20.905
         20.905
         20.905
         20.905
         20.905
         20.905
         20.905
         20.905
         20.905
         20.905
         20.905
         20.905
         20.905
         20.905
         20.905
         20.905
         20.905
         20.905
         20.905
         20.905
         20.905
         20.905
         20.794
         20.356
         19.924
         19.499
         19.080
          0.000
          0.000
          0.000
          0.000
          0.000
          0.000
          0.000
          0.000
          0.000
          0.000
          0.000
          0.000
          0.000
          0.000
          0.000
          0.000
          0.000
          0.000
          0.000
          0.000
          0.000
         20.928
         20.928
         20.928
         20.928
         20.928
         20.928
         20.928
         20.928
         20.928
         20.928
         20.928
         20.928
         20.928
         20.928
         20.928
         20.928
         20.928
         20.928
         20.928
         20.928
         20.928
         20.928
         20.928
         20.928
         20.928
         20.928
         20.928
         20.928
         20.928
         20.928
         20.928
         20.928
         20.928
         20.928
         20.928
         20.928
         20.928
         20.928
         20.928
         20.928
         20.928
         20.928
         20.928
         20.928
         20.928
         20.928
         20.928
         20.928
         20.928
         20.928
         20.928
         20.928
         20.928
         20.928
         20.928
         20.928
         20.928
         20.928
         20.928
         20.928
         20.928
         20.928
         20.928
         20.928
         20.928
         20.928
         20.928
         20.928
         20.928
         20.928
         20.928
         20.928
         20.928
         20.928
         20.818
         20.380
         19.948
         19.522
         19.102
          0.000
          0.000
          0.000
          0.000
          0.000
          0.000
          0.000
          0.000
          0.000
          0.000
          0.000
          0.000
          0.000
          0.000
          0.000
          0.000
          0.000
          0.000
          0.000
          0.000
          0.000
         20.952
         20.952
         20.952
         20.952
         20.952
         20.952
         20.952
         20.952
         20.952
         20.952
         20.952
         20.952
         20.952
         20.952
         20.952
         20.952
         20.952
         20.952
         20.952
         20.952
         20.952
         20.952
         20.952
         20.952
         20.952
         20.952
         20.952
         20.952
         20.952
         20.952
         20.952
         20.952
         20.952
         20.952
         20.952
         20.952
         20.952
         20.952
         20.952
         20.952
         20.952
         20.952
         20.952
         20.952
         20.952
         20.952
         20.952
         20.952
         20.952
         20.952
         20.952
         20.952
         20.952
         20.952
         20.952
         20.952
         20.952
         20.952
         20.952
         20.952
         20.952
         20.952
         20.952
         20.952
         20.952
         20.952
         20.952
         20.952
         20.952
         20.952
         20.952
         20.952
         20.952
         20.952
         20.843
         20.404
         19.972
         19.545
         19.124
          0.000
          0.000
          0.000
          0.000
          0.000
          0.000
          0.000
          0.000
          0.000
          0.000
          0.000
          0.000
          0.000
          0.000
          0.000
          0.000
          0.000
          0.000
          0.000
          0.000
          0.000
         20.976
         20.976
         20.976
         20.976
         20.976
         20.976
         20.976
         20.976
         20.976
         20.976
         20.976
         20.976
         20.976
         20.976
         20.976
         20.976
         20.976
         20.976
         20.976
         20.976
         20.976
         20.976
         20.976
         20.976
         20.976
         20.976
         20.976
         20.976
         20.976
         20.976
         20.976
         20.976
         20.976
         20.976
         20.976
         20.976
         20.976
         20.976
         20.976
         20.976
         20.976
         20.976
         20.976
         20.976
         20.976
         20.976
         20.976
         20.976
         20.976
         20.976
         20.976
         20.976
         20.976
         20.976
         20.976
         20.976
         20.976
         20.976
         20.976
         20.976
         20.976
         20.976
         20.976
         20.976
         20.976
         20.976
         20.976
         20.976
         20.976
         20.976
         20.976
         20.976
         20.976
         20.976
         20.868
         20.429
         19.995
         19.568
         19.147
          0.000
          0.000
          0.000
          0.000
          0.000
          0.000
          0.000
          0.000
          0.000
          0.000
          0.000
          0.000
          0.000
          0.000
          0.000
          0.000
          0.000
          0.000
          0.000
          0.000
          0.000
         21.000
         21.000
         21.000
         21.000
         21.000
         21.000
         21.000
         21.000
         21.000
         21.000
         21.000
         21.000
         21.000
         21.000
         21.000
         21.000
         21.000
         21.000
         21.000
         21.000
         21.000
         21.000
         21.000
         21.000
         21.000
         21.000
         21.000
         21.000
         21.000
         21.000
         21.000
         21.000
         21.000
         21.000
         21.000
         21.000
         21.000
         21.000
         21.000
         21.000
         21.000
         21.000
         21.000
         21.000
         21.000
         21.000
         21.000
         21.000
         21.000
         21.000
         21.000
         21.000
         21.000
         21.000
         21.000
         21.000
         21.000
         21.000
         21.000
         21.000
         21.000
         21.000
         21.000
         21.000
         21.000
         21.000
         21.000
         21.000
         21.000
         21.000
         21.000
         21.000
         21.000
         21.000
         20.893
         20.453
         20.019
         19.591
         19.169
          0.000
          0.000
          0.000
          0.000
          0.000
          0.000
          0.000
          0.000
          0.000
          0.000
          0.000
          0.000
          0.000
          0.000
          0.000
          0.000
          0.000
          0.000
          0.000
          0.000
          0.000
         21.024
         21.024
         21.024
         21.024
         21.024
         21.024
         21.024
         21.024
         21.024
         21.024
         21.024
         21.024
         21.024
         21.024
         21.024
         21.024
         21.024
         21.024
         21.024
         21.024
         21.024
         21.024
         21.024
         21.024
         21.024
         21.024
         21.024
         21.024
         21.024
         21.024
         21.024
         21.024
         21.024
         21.024
         21.024
         21.024
         21.024
         21.024
         21.024
         21.024
         21.024
         21.024
         21.024
         21.024
         21.024
         21.024
         21.024
         21.024
         21.024
         21.024
         21.024
         21.024
         21.024
         21.024
         21.024
         21.024
         21.024
         21.024
         21.024
         21.024
         21.024
         21.024
         21.024
         21.024
         21.024
         21.024
         21.024
         21.024
         21.024
         21.024
         21.024
         21.024
         21.024
         21.024
         20.918
         20.477
         20.043
         19.614
         19.192
          0.000
          0.000
          0.000
          0.000
          0.000
          0.000
          0.000
          0.000
          0.000
          0.000
          0.000
          0.000
          0.000
          0.000
          0.000
          0.000
          0.000
          0.000
          0.000
          0.000
          0.000
         21.048
         21.048
         21.048
         21.048
         21.048
         21.048
         21.048
         21.048
         21.048
         21.048
         21.048
         21.048
         21.048
         21.048
         21.048
         21.048
         21.048
         21.048
         21.048
         21.048
         21.048
         21.048
         21.048
         21.048
         21.048
         21.048
         21.048
         21.048
         21.048
         21.048
         21.048
         21.048
         21.048
         21.048
         21.048
         21.048
         21.048
         21.048
         21.048
         21.048
         21.048
         21.048
         21.048
         21.048
         21.048
         21.048
         21.048
         21.048
         21.048
         21.048
         21.048
         21.048
         21.048
         21.048
         21.048
         21.048
         21.048
         21.048
         21.048
         21.048
         21.048
         21.048
         21.048
         21.048
         21.048
         21.048
         21.048
         21.048
         21.048
         21.048
         21.048
         21.048
         21.048
         21.048
         20.943
         20.502
         20.066
         19.637
         19.214
          0.000
          0.000
          0.000
          0.000
          0.000
          0.000
          0.000
          0.000
          0.000
          0.000
          0.000
          0.000
          0.000
          0.000
          0.000
          0.000
          0.000
          0.000
          0.000
          0.000
          0.000
         21.071
         21.071
         21.071
         21.071
         21.071
         21.071
         21.071
         21.071
         21.071
         21.071
         21.071
         21.071
         21.071
         21.071
         21.071
         21.071
         21.071
         21.071
         21.071
         21.071
         21.071
         21.071
         21.071
         21.071
         21.071
         21.071
         21.071
         21.071
         21.071
         21.071
         21.071
         21.071
         21.071
         21.071
         21.071
         21.071
         21.071
         21.071
         21.071
         21.071
         21.071
         21.071
         21.071
         21.071
         21.071
         21.071
         21.071
         21.071
         21.071
         21.071
         21.071
         21.071
         21.071
         21.071
         21.071
         21.071
         21.071
         21.071
         21.071
         21.071
         21.071
         21.071
         21.071
         21.071
         21.071
         21.071
         21.071
         21.071
         21.071
         21.071
         21.071
         21.071
         21.071
         21.071
         20.968
         20.526
         20.090
         19.660
         19.237
          0.000
          0.000
          0.000
          0.000
          0.000
          0.000
          0.000
          0.000
          0.000
          0.000
          0.000
          0.000
          0.000
          0.000
          0.000
          0.000
          0.000
          0.000
          0.000
          0.000
          0.000
         21.095
         21.095
         21.095
         21.095
         21.095
         21.095
         21.095
         21.095
         21.095
         21.095
         21.095
         21.095
         21.095
         21.095
         21.095
         21.095
         21.095
         21.095
         21.095
         21.095
         21.095
         21.095
         21.095
         21.095
         21.095
         21.095
         21.095
         21.095
         21.095
         21.095
         21.095
         21.095
         21.095
         21.095
         21.095
         21.095
         21.095
         21.095
         21.095
         21.095
         21.095
         21.095
         21.095
         21.095
         21.095
         21.095
         21.095
         21.095
         21.095
         21.095
         21.095
         21.095
         21.095
         21.095
         21.095
         21.095
         21.095
         21.095
         21.095
         21.095
         21.095
         21.095
         21.095
         21.095
         21.095
         21.095
         21.095
         21.095
         21.095
         21.095
         21.095
         21.095
         21.095
         21.095
         20.993
         20.550
         20.114
         19.683
         19.259
          0.000
          0.000
          0.000
          0.000
          0.000
          0.000
          0.000
          0.000
          0.000
          0.000
          0.000
          0.000
          0.000
          0.000
          0.000
          0.000
          0.000
          0.000
          0.000
          0.000
          0.000
         21.119
         21.119
         21.119
         21.119
         21.119
         21.119
         21.119
         21.119
         21.119
         21.119
         21.119
         21.119
         21.119
         21.119
         21.119
         21.119
         21.119
         21.119
         21.119
         21.119
         21.119
         21.119
         21.119
         21.119
         21.119
         21.119
         21.119
         21.119
         21.119
         21.119
         21.119
         21.119
         21.119
         21.119
         21.119
         21.119
         21.119
         21.119
         21.119
         21.119
         21.119
         21.119
         21.119
         21.119
         21.119
         21.119
         21.119
         21.119
         21.119
         21.119
         21.119
         21.119
         21.119
         21.119
         21.119
         21.119
         21.119
         21.119
         21.119
         21.119
         21.119
         21.119
         21.119
         21.119
         21.119
         21.119
         21.119
         21.119
         21.119
         21.119
         21.119
         21.119
         21.119
         21.119
         21.018
         20.575
         20.137
         19.706
         19.281
          0.000
          0.000
          0.000
          0.000
          0.000
          0.000
          0.000
          0.000
          0.000
          0.000
          0.000
          0.000
          0.000
          0.000
          0.000
          0.000
          0.000
          0.000
          0.000
          0.000
          0.000
         21.143
         21.143
         21.143
         21.143
         21.143
         21.143
         21.143
         21.143
         21.143
         21.143
         21.143
         21.143
         21.143
         21.143
         21.143
         21.143
         21.143
         21.143
         21.143
         21.143
         21.143
         21.143
         21.143
         21.143
         21.143
         21.143
         21.143
         21.143
         21.143
         21.143
         21.143
         21.143
         21.143
         21.143
         21.143
         21.143
         21.143
         21.143
         21.143
         21.143
         21.143
         21.143
         21.143
         21.143
         21.143
         21.143
         21.143
         21.143
         21.143
         21.143
         21.143
         21.143
         21.143
         21.143
         21.143
         21.143
         21.143
         21.143
         21.143
         21.143
         21.143
         21.143
         21.143
         21.143
         21.143
         21.143
         21.143
         21.143
         21.143
         21.143
         21.143
         21.143
         21.143
         21.143
         21.043
         20.599
         20.161
         19.730
         19.304
          0.000
          0.000
          0.000
          0.000
          0.000
          0.000
          0.000
          0.000
          0.000
          0.000
          0.000
          0.000
          0.000
          0.000
          0.000
          0.000
          0.000
          0.000
          0.000
          0.000
          0.000
         21.167
         21.167
         21.167
         21.167
         21.167
         21.167
         21.167
         21.167
         21.167
         21.167
         21.167
         21.167
         21.167
         21.167
         21.167
         21.167
         21.167
         21.167
         21.167
         21.167
         21.167
         21.167
         21.167
         21.167
         21.167
         21.167
         21.167
         21.167
         21.167
         21.167
         21.167
         21.167
         21.167
         21.167
         21.167
         21.167
         21.167
         21.167
         21.167
         21.167
         21.167
         21.167
         21.167
         21.167
         21.167
         21.167
         21.167
         21.167
         21.167
         21.167
         21.167
         21.167
         21.167
         21.167
         21.167
         21.167
         21.167
         21.167
         21.167
         21.167
         21.167
         21.167
         21.167
         21.167
         21.167
         21.167
         21.167
         21.167
         21.167
         21.167
         21.167
         21.167
         21.167
         21.167
         21.068
         20.623
         20.185
         19.753
         19.326
          0.000
          0.000
          0.000
          0.000
          0.000
          0.000
          0.000
          0.000
          0.000
          0.000
          0.000
          0.000
          0.000
          0.000
          0.000
          0.000
          0.000
          0.000
          0.000
          0.000
          0.000
         21.191
         21.191
         21.191
         21.191
         21.191
         21.191
         21.191
         21.191
         21.191
         21.191
         21.191
         21.191
         21.191
         21.191
         21.191
         21.191
         21.191
         21.191
         21.191
         21.191
         21.191
         21.191
         21.191
         21.191
         21.191
         21.191
         21.191
         21.191
         21.191
         21.191
         21.191
         21.191
         21.191
         21.191
         21.191
         21.191
         21.191
         21.191
         21.191
         21.191
         21.191
         21.191
         21.191
         21.191
         21.191
         21.191
         21.191
         21.191
         21.191
         21.191
         21.191
         21.191
         21.191
         21.191
         21.191
         21.191
         21.191
         21.191
         21.191
         21.191
         21.191
         21.191
         21.191
         21.191
         21.191
         21.191
         21.191
         21.191
         21.191
         21.191
         21.191
         21.191
         21.191
         21.191
         21.093
         20.648
         20.209
         19.776
         19.349
          0.000
          0.000
          0.000
          0.000
          0.000
          0.000
          0.000
          0.000
          0.000
          0.000
          0.000
          0.000
          0.000
          0.000
          0.000
          0.000
          0.000
          0.000
          0.000
          0.000
          0.000
         21.215
         21.215
         21.215
         21.215
         21.215
         21.215
         21.215
         21.215
         21.215
         21.215
         21.215
         21.215
         21.215
         21.215
         21.215
         21.215
         21.215
         21.215
         21.215
         21.215
         21.215
         21.215
         21.215
         21.215
         21.215
         21.215
         21.215
         21.215
         21.215
         21.215
         21.215
         21.215
         21.215
         21.215
         21.215
         21.215
         21.215
         21.215
         21.215
         21.215
         21.215
         21.215
         21.215
         21.215
         21.215
         21.215
         21.215
         21.215
         21.215
         21.215
         21.215
         21.215
         21.215
         21.215
         21.215
         21.215
         21.215
         21.215
         21.215
         21.215
         21.215
         21.215
         21.215
         21.215
         21.215
         21.215
         21.215
         21.215
         21.215
         21.215
         21.215
         21.215
         21.215
         21.215
         21.118
         20.672
         20.232
         19.799
         19.371
          0.000
          0.000
          0.000
          0.000
          0.000
          0.000
          0.000
          0.000
          0.000
          0.000
          0.000
          0.000
          0.000
          0.000
          0.000
          0.000
          0.000
          0.000
          0.000
          0.000
          0.000
         21.239
         21.239
         21.239
         21.239
         21.239
         21.239
         21.239
         21.239
         21.239
         21.239
         21.239
         21.239
         21.239
         21.239
         21.239
         21.239
         21.239
         21.239
         21.239
         21.239
         21.239
         21.239
         21.239
         21.239
         21.239
         21.239
         21.239
         21.239
         21.239
         21.239
         21.239
         21.239
         21.239
         21.239
         21.239
         21.239
         21.239
         21.239
         21.239
         21.239
         21.239
         21.239
         21.239
         21.239
         21.239
         21.239
         21.239
         21.239
         21.239
         21.239
         21.239
         21.239
         21.239
         21.239
         21.239
         21.239
         21.239
         21.239
         21.239
         21.239
         21.239
         21.239
         21.239
         21.239
         21.239
         21.239
         21.239
         21.239
         21.239
         21.239
         21.239
         21.239
         21.239
         21.239
         21.143
         20.696
         20.256
         19.822
         19.394
          0.000
          0.000
          0.000
          0.000
          0.000
          0.000
          0.000
          0.000
          0.000
          0.000
          0.000
          0.000
          0.000
          0.000
          0.000
          0.000
          0.000
          0.000
          0.000
          0.000
          0.000
         21.263
         21.263
         21.263
         21.263
         21.263
         21.263
         21.263
         21.263
         21.263
         21.263
         21.263
         21.263
         21.263
         21.263
         21.263
         21.263
         21.263
         21.263
         21.263
         21.263
         21.263
         21.263
         21.263
         21.263
         21.263
         21.263
         21.263
         21.263
         21.263
         21.263
         21.263
         21.263
         21.263
         21.263
         21.263
         21.263
         21.263
         21.263
         21.263
         21.263
         21.263
         21.263
         21.263
         21.263
         21.263
         21.263
         21.263
         21.263
         21.263
         21.263
         21.263
         21.263
         21.263
         21.263
         21.263
         21.263
         21.263
         21.263
         21.263
         21.263
         21.263
         21.263
         21.263
         21.263
         21.263
         21.263
         21.263
         21.263
         21.263
         21.263
         21.263
         21.263
         21.263
         21.263
         21.168
         20.721
         20.280
         19.845
         19.416
          0.000
          0.000
          0.000
          0.000
          0.000
          0.000
          0.000
          0.000
          0.000
          0.000
          0.000
          0.000
          0.000
          0.000
          0.000
          0.000
          0.000
          0.000
          0.000
          0.000
          0.000
         21.286
         21.286
         21.286
         21.286
         21.286
         21.286
         21.286
         21.286
         21.286
         21.286
         21.286
         21.286
         21.286
         21.286
         21.286
         21.286
         21.286
         21.286
         21.286
         21.286
         21.286
         21.286
         21.286
         21.286
         21.286
         21.286
         21.286
         21.286
         21.286
         21.286
         21.286
         21.286
         21.286
         21.286
         21.286
         21.286
         21.286
         21.286
         21.286
         21.286
         21.286
         21.286
         21.286
         21.286
         21.286
         21.286
         21.286
         21.286
         21.286
         21.286
         21.286
         21.286
         21.286
         21.286
         21.286
         21.286
         21.286
         21.286
         21.286
         21.286
         21.286
         21.286
         21.286
         21.286
         21.286
         21.286
         21.286
         21.286
         21.286
         21.286
         21.286
         21.286
         21.286
         21.286
         21.193
         20.745
         20.303
         19.868
         19.439
          0.000
          0.000
          0.000
          0.000
          0.000
          0.000
          0.000
          0.000
          0.000
          0.000
          0.000
          0.000
          0.000
          0.000
          0.000
          0.000
          0.000
          0.000
          0.000
          0.000
          0.000
         21.310
         21.310
         21.310
         21.310
         21.310
         21.310
         21.310
         21.310
         21.310
         21.310
         21.310
         21.310
         21.310
         21.310
         21.310
         21.310
         21.310
         21.310
         21.310
         21.310
         21.310
         21.310
         21.310
         21.310
         21.310
         21.310
         21.310
         21.310
         21.310
         21.310
         21.310
         21.310
         21.310
         21.310
         21.310
         21.310
         21.310
         21.310
         21.310
         21.310
         21.310
         21.310
         21.310
         21.310
         21.310
         21.310
         21.310
         21.310
         21.310
         21.310
         21.310
         21.310
         21.310
         21.310
         21.310
         21.310
         21.310
         21.310
         21.310
         21.310
         21.310
         21.310
         21.310
         21.310
         21.310
         21.310
         21.310
         21.310
         21.310
         21.310
         21.310
         21.310
         21.310
         21.310
         21.218
         20.770
         20.327
         19.891
         19.461
          0.000
          0.000
          0.000
          0.000
          0.000
          0.000
          0.000
          0.000
          0.000
          0.000
          0.000
          0.000
          0.000
          0.000
          0.000
          0.000
          0.000
          0.000
          0.000
          0.000
          0.000
         21.334
         21.334
         21.334
         21.334
         21.334
         21.334
         21.334
         21.334
         21.334
         21.334
         21.334
         21.334
         21.334
         21.334
         21.334
         21.334
         21.334
         21.334
         21.334
         21.334
         21.334
         21.334
         21.334
         21.334
         21.334
         21.334
         21.334
         21.334
         21.334
         21.334
         21.334
         21.334
         21.334
         21.334
         21.334
         21.334
         21.334
         21.334
         21.334
         21.334
         21.334
         21.334
         21.334
         21.334
         21.334
         21.334
         21.334
         21.334
         21.334
         21.334
         21.334
         21.334
         21.334
         21.334
         21.334
         21.334
         21.334
         21.334
         21.334
         21.334
         21.334
         21.334
         21.334
         21.334
         21.334
         21.334
         21.334
         21.334
         21.334
         21.334
         21.334
         21.334
         21.334
         21.334
         21.244
         20.794
         20.351
         19.914
         19.484
          0.000
          0.000
          0.000
          0.000
          0.000
          0.000
          0.000
          0.000
          0.000
          0.000
          0.000
          0.000
          0.000
          0.000
          0.000
          0.000
          0.000
          0.000
          0.000
          0.000
          0.000
         21.358
         21.358
         21.358
         21.358
         21.358
         21.358
         21.358
         21.358
         21.358
         21.358
         21.358
         21.358
         21.358
         21.358
         21.358
         21.358
         21.358
         21.358
         21.358
         21.358
         21.358
         21.358
         21.358
         21.358
         21.358
         21.358
         21.358
         21.358
         21.358
         21.358
         21.358
         21.358
         21.358
         21.358
         21.358
         21.358
         21.358
         21.358
         21.358
         21.358
         21.358
         21.358
         21.358
         21.358
         21.358
         21.358
         21.358
         21.358
         21.358
         21.358
         21.358
         21.358
         21.358
         21.358
         21.358
         21.358
         21.358
         21.358
         21.358
         21.358
         21.358
         21.358
         21.358
         21.358
         21.358
         21.358
         21.358
         21.358
         21.358
         21.358
         21.358
         21.358
         21.358
         21.358
         21.269
         20.818
         20.375
         19.938
         19.506
          0.000
          0.000
          0.000
          0.000
          0.000
          0.000
          0.000
          0.000
          0.000
          0.000
          0.000
          0.000
          0.000
          0.000
          0.000
          0.000
          0.000
          0.000
          0.000
          0.000
          0.000
         21.382
         21.382
         21.382
         21.382
         21.382
         21.382
         21.382
         21.382
         21.382
         21.382
         21.382
         21.382
         21.382
         21.382
         21.382
         21.382
         21.382
         21.382
         21.382
         21.382
         21.382
         21.382
         21.382
         21.382
         21.382
         21.382
         21.382
         21.382
         21.382
         21.382
         21.382
         21.382
         21.382
         21.382
         21.382
         21.382
         21.382
         21.382
         21.382
         21.382
         21.382
         21.382
         21.382
         21.382
         21.382
         21.382
         21.382
         21.382
         21.382
         21.382
         21.382
         21.382
         21.382
         21.382
         21.382
         21.382
         21.382
         21.382
         21.382
         21.382
         21.382
         21.382
         21.382
         21.382
         21.382
         21.382
         21.382
         21.382
         21.382
         21.382
         21.382
         21.382
         21.382
         21.382
         21.294
         20.843
         20.399
         19.961
         19.529
          0.000
          0.000
          0.000
          0.000
          0.000
          0.000
          0.000
          0.000
          0.000
          0.000
          0.000
          0.000
          0.000
          0.000
          0.000
          0.000
          0.000
          0.000
          0.000
          0.000
          0.000
          0.000
         21.406
         21.406
         21.406
         21.406
         21.406
         21.406
         21.406
         21.406
         21.406
         21.406
         21.406
         21.406
         21.406
         21.406
         21.406
         21.406
         21.406
         21.406
         21.406
         21.406
         21.406
         21.406
         21.406
         21.406
         21.406
         21.406
         21.406
         21.406
         21.406
         21.406
         21.406
         21.406
         21.406
         21.406
         21.406
         21.406
         21.406
         21.406
         21.406
         21.406
         21.406
         21.406
         21.406
         21.406
         21.406
         21.406
         21.406
         21.406
         21.406
         21.406
         21.406
         21.406
         21.406
         21.406
         21.406
         21.406
         21.406
         21.406
         21.406
         21.406
         21.406
         21.406
         21.406
         21.406
         21.406
         21.406
         21.406
         21.406
         21.406
         21.406
         21.406
         21.406
         21.406
         21.319
         20.867
         20.422
         19.984
         19.551
          0.000
          0.000
          0.000
          0.000
          0.000
          0.000
          0.000
          0.000
          0.000
          0.000
          0.000
          0.000
          0.000
          0.000
          0.000
          0.000
          0.000
          0.000
          0.000
          0.000
          0.000
          0.000
         21.430
         21.430
         21.430
         21.430
         21.430
         21.430
         21.430
         21.430
         21.430
         21.430
         21.430
         21.430
         21.430
         21.430
         21.430
         21.430
         21.430
         21.430
         21.430
         21.430
         21.430
         21.430
         21.430
         21.430
         21.430
         21.430
         21.430
         21.430
         21.430
         21.430
         21.430
         21.430
         21.430
         21.430
         21.430
         21.430
         21.430
         21.430
         21.430
         21.430
         21.430
         21.430
         21.430
         21.430
         21.430
         21.430
         21.430
         21.430
         21.430
         21.430
         21.430
         21.430
         21.430
         21.430
         21.430
         21.430
         21.430
         21.430
         21.430
         21.430
         21.430
         21.430
         21.430
         21.430
         21.430
         21.430
         21.430
         21.430
         21.430
         21.430
         21.430
         21.430
         21.430
         21.344
         20.892
         20.446
         20.007
         19.574
          0.000
          0.000
          0.000
          0.000
          0.000
          0.000
          0.000
          0.000
          0.000
          0.000
          0.000
          0.000
          0.000
          0.000
          0.000
          0.000
          0.000
          0.000
          0.000
          0.000
          0.000
          0.000
         21.454
         21.454
         21.454
         21.454
         21.454
         21.454
         21.454
         21.454
         21.454
         21.454
         21.454
         21.454
         21.454
         21.454
         21.454
         21.454
         21.454
         21.454
         21.454
         21.454
         21.454
         21.454
         21.454
         21.454
         21.454
         21.454
         21.454
         21.454
         21.454
         21.454
         21.454
         21.454
         21.454
         21.454
         21.454
         21.454
         21.454
         21.454
         21.454
         21.454
         21.454
         21.454
         21.454
         21.454
         21.454
         21.454
         21.454
         21.454
         21.454
         21.454
         21.454
         21.454
         21.454
         21.454
         21.454
         21.454
         21.454
         21.454
         21.454
         21.454
         21.454
         21.454
         21.454
         21.454
         21.454
         21.454
         21.454
         21.454
         21.454
         21.454
         21.454
         21.454
         21.454
         21.369
         20.916
         20.470
         20.030
         19.597
          0.000
          0.000
          0.000
          0.000
          0.000
          0.000
          0.000
          0.000
          0.000
          0.000
          0.000
          0.000
          0.000
          0.000
          0.000
          0.000
          0.000
          0.000
          0.000
          0.000
          0.000
          0.000
         21.478
         21.478
         21.478
         21.478
         21.478
         21.478
         21.478
         21.478
         21.478
         21.478
         21.478
         21.478
         21.478
         21.478
         21.478
         21.478
         21.478
         21.478
         21.478
         21.478
         21.478
         21.478
         21.478
         21.478
         21.478
         21.478
         21.478
         21.478
         21.478
         21.478
         21.478
         21.478
         21.478
         21.478
         21.478
         21.478
         21.478
         21.478
         21.478
         21.478
         21.478
         21.478
         21.478
         21.478
         21.478
         21.478
         21.478
         21.478
         21.478
         21.478
         21.478
         21.478
         21.478
         21.478
         21.478
         21.478
         21.478
         21.478
         21.478
         21.478
         21.478
         21.478
         21.478
         21.478
         21.478
         21.478
         21.478
         21.478
         21.478
         21.478
         21.478
         21.478
         21.478
         21.394
         20.940
         20.494
         20.053
         19.619
          0.000
          0.000
          0.000
          0.000
          0.000
          0.000
          0.000
          0.000
          0.000
          0.000
          0.000
          0.000
          0.000
          0.000
          0.000
          0.000
          0.000
          0.000
          0.000
          0.000
          0.000
          0.000
         21.502
         21.502
         21.502
         21.502
         21.502
         21.502
         21.502
         21.502
         21.502
         21.502
         21.502
         21.502
         21.502
         21.502
         21.502
         21.502
         21.502
         21.502
         21.502
         21.502
         21.502
         21.502
         21.502
         21.502
         21.502
         21.502
         21.502
         21.502
         21.502
         21.502
         21.502
         21.502
         21.502
         21.502
         21.502
         21.502
         21.502
         21.502
         21.502
         21.502
         21.502
         21.502
         21.502
         21.502
         21.502
         21.502
         21.502
         21.502
         21.502
         21.502
         21.502
         21.502
         21.502
         21.502
         21.502
         21.502
         21.502
         21.502
         21.502
         21.502
         21.502
         21.502
         21.502
         21.502
         21.502
         21.502
         21.502
         21.502
         21.502
         21.502
         21.502
         21.502
         21.502
         21.419
         20.965
         20.517
         20.076
         19.642
          0.000
          0.000
          0.000
          0.000
          0.000
          0.000
          0.000
          0.000
          0.000
          0.000
          0.000
          0.000
          0.000
          0.000
          0.000
          0.000
          0.000
          0.000
          0.000
          0.000
          0.000
          0.000
         21.526
         21.526
         21.526
         21.526
         21.526
         21.526
         21.526
         21.526
         21.526
         21.526
         21.526
         21.526
         21.526
         21.526
         21.526
         21.526
         21.526
         21.526
         21.526
         21.526
         21.526
         21.526
         21.526
         21.526
         21.526
         21.526
         21.526
         21.526
         21.526
         21.526
         21.526
         21.526
         21.526
         21.526
         21.526
         21.526
         21.526
         21.526
         21.526
         21.526
         21.526
         21.526
         21.526
         21.526
         21.526
         21.526
         21.526
         21.526
         21.526
         21.526
         21.526
         21.526
         21.526
         21.526
         21.526
         21.526
         21.526
         21.526
         21.526
         21.526
         21.526
         21.526
         21.526
         21.526
         21.526
         21.526
         21.526
         21.526
         21.526
         21.526
         21.526
         21.526
         21.526
         21.444
         20.989
         20.541
         20.100
         19.664
          0.000
          0.000
          0.000
          0.000
          0.000
          0.000
          0.000
          0.000
          0.000
          0.000
          0.000
          0.000
          0.000
          0.000
          0.000
          0.000
          0.000
          0.000
          0.000
          0.000
          0.000
          0.000
         21.550
         21.550
         21.550
         21.550
         21.550
         21.550
         21.550
         21.550
         21.550
         21.550
         21.550
         21.550
         21.550
         21.550
         21.550
         21.550
         21.550
         21.550
         21.550
         21.550
         21.550
         21.550
         21.550
         21.550
         21.550
         21.550
         21.550
         21.550
         21.550
         21.550
         21.550
         21.550
         21.550
         21.550
         21.550
         21.550
         21.550
         21.550
         21.550
         21.550
         21.550
         21.550
         21.550
         21.550
         21.550
         21.550
         21.550
         21.550
         21.550
         21.550
         21.550
         21.550
         21.550
         21.550
         21.550
         21.550
         21.550
         21.550
         21.550
         21.550
         21.550
         21.550
         21.550
         21.550
         21.550
         21.550
         21.550
         21.550
         21.550
         21.550
         21.550
         21.550
         21.550
         21.470
         21.014
         20.565
         20.123
         19.687
          0.000
          0.000
          0.000
          0.000
          0.000
          0.000
          0.000
          0.000
          0.000
          0.000
          0.000
          0.000
          0.000
          0.000
          0.000
          0.000
          0.000
          0.000
          0.000
          0.000
          0.000
          0.000
         21.574
         21.574
         21.574
         21.574
         21.574
         21.574
         21.574
         21.574
         21.574
         21.574
         21.574
         21.574
         21.574
         21.574
         21.574
         21.574
         21.574
         21.574
         21.574
         21.574
         21.574
         21.574
         21.574
         21.574
         21.574
         21.574
         21.574
         21.574
         21.574
         21.574
         21.574
         21.574
         21.574
         21.574
         21.574
         21.574
         21.574
         21.574
         21.574
         21.574
         21.574
         21.574
         21.574
         21.574
         21.574
         21.574
         21.574
         21.574
         21.574
         21.574
         21.574
         21.574
         21.574
         21.574
         21.574
         21.574
         21.574
         21.574
         21.574
         21.574
         21.574
         21.574
         21.574
         21.574
         21.574
         21.574
         21.574
         21.574
         21.574
         21.574
         21.574
         21.574
         21.574
         21.495
         21.038
         20.589
         20.146
         19.709
          0.000
          0.000
          0.000
          0.000
          0.000
          0.000
          0.000
          0.000
          0.000
          0.000
          0.000
          0.000
          0.000
          0.000
          0.000
          0.000
          0.000
          0.000
          0.000
          0.000
          0.000
          0.000
         21.598
         21.598
         21.598
         21.598
         21.598
         21.598
         21.598
         21.598
         21.598
         21.598
         21.598
         21.598
         21.598
         21.598
         21.598
         21.598
         21.598
         21.598
         21.598
         21.598
         21.598
         21.598
         21.598
         21.598
         21.598
         21.598
         21.598
         21.598
         21.598
         21.598
         21.598
         21.598
         21.598
         21.598
         21.598
         21.598
         21.598
         21.598
         21.598
         21.598
         21.598
         21.598
         21.598
         21.598
         21.598
         21.598
         21.598
         21.598
         21.598
         21.598
         21.598
         21.598
         21.598
         21.598
         21.598
         21.598
         21.598
         21.598
         21.598
         21.598
         21.598
         21.598
         21.598
         21.598
         21.598
         21.598
         21.598
         21.598
         21.598
         21.598
         21.598
         21.598
         21.598
         21.520
         21.063
         20.613
         20.169
         19.732
          0.000
          0.000
          0.000
          0.000
          0.000
          0.000
          0.000
          0.000
          0.000
          0.000
          0.000
          0.000
          0.000
          0.000
          0.000
          0.000
          0.000
          0.000
          0.000
          0.000
          0.000
          0.000
         21.622
         21.622
         21.622
         21.622
         21.622
         21.622
         21.622
         21.622
         21.622
         21.622
         21.622
         21.622
         21.622
         21.622
         21.622
         21.622
         21.622
         21.622
         21.622
         21.622
         21.622
         21.622
         21.622
         21.622
         21.622
         21.622
         21.622
         21.622
         21.622
         21.622
         21.622
         21.622
         21.622
         21.622
         21.622
         21.622
         21.622
         21.622
         21.622
         21.622
         21.622
         21.622
         21.622
         21.622
         21.622
         21.622
         21.622
         21.622
         21.622
         21.622
         21.622
         21.622
         21.622
         21.622
         21.622
         21.622
         21.622
         21.622
         21.622
         21.622
         21.622
         21.622
         21.622
         21.622
         21.622
         21.622
         21.622
         21.622
         21.622
         21.622
         21.622
         21.622
         21.622
         21.545
         21.087
         20.637
         20.192
         19.755
          0.000
          0.000
          0.000
          0.000
          0.000
          0.000
          0.000
          0.000
          0.000
          0.000
          0.000
          0.000
          0.000
          0.000
          0.000
          0.000
          0.000
          0.000
          0.000
          0.000
          0.000
          0.000
         21.646
         21.646
         21.646
         21.646
         21.646
         21.646
         21.646
         21.646
         21.646
         21.646
         21.646
         21.646
         21.646
         21.646
         21.646
         21.646
         21.646
         21.646
         21.646
         21.646
         21.646
         21.646
         21.646
         21.646
         21.646
         21.646
         21.646
         21.646
         21.646
         21.646
         21.646
         21.646
         21.646
         21.646
         21.646
         21.646
         21.646
         21.646
         21.646
         21.646
         21.646
         21.646
         21.646
         21.646
         21.646
         21.646
         21.646
         21.646
         21.646
         21.646
         21.646
         21.646
         21.646
         21.646
         21.646
         21.646
         21.646
         21.646
         21.646
         21.646
         21.646
         21.646
         21.646
         21.646
         21.646
         21.646
         21.646
         21.646
         21.646
         21.646
         21.646
         21.646
         21.646
         21.570
         21.112
         20.660
         20.216
         19.777
          0.000
          0.000
          0.000
          0.000
          0.000
          0.000
          0.000
          0.000
          0.000
          0.000
          0.000
          0.000
          0.000
          0.000
          0.000
          0.000
          0.000
          0.000
          0.000
          0.000
          0.000
          0.000
         21.670
         21.670
         21.670
         21.670
         21.670
         21.670
         21.670
         21.670
         21.670
         21.670
         21.670
         21.670
         21.670
         21.670
         21.670
         21.670
         21.670
         21.670
         21.670
         21.670
         21.670
         21.670
         21.670
         21.670
         21.670
         21.670
         21.670
         21.670
         21.670
         21.670
         21.670
         21.670
         21.670
         21.670
         21.670
         21.670
         21.670
         21.670
         21.670
         21.670
         21.670
         21.670
         21.670
         21.670
         21.670
         21.670
         21.670
         21.670
         21.670
         21.670
         21.670
         21.670
         21.670
         21.670
         21.670
         21.670
         21.670
         21.670
         21.670
         21.670
         21.670
         21.670
         21.670
         21.670
         21.670
         21.670
         21.670
         21.670
         21.670
         21.670
         21.670
         21.670
         21.670
         21.595
         21.136
         20.684
         20.239
         19.800
          0.000
          0.000
          0.000
          0.000
          0.000
          0.000
          0.000
          0.000
          0.000
          0.000
          0.000
          0.000
          0.000
          0.000
          0.000
          0.000
          0.000
          0.000
          0.000
          0.000
          0.000
          0.000
         21.694
         21.694
         21.694
         21.694
         21.694
         21.694
         21.694
         21.694
         21.694
         21.694
         21.694
         21.694
         21.694
         21.694
         21.694
         21.694
         21.694
         21.694
         21.694
         21.694
         21.694
         21.694
         21.694
         21.694
         21.694
         21.694
         21.694
         21.694
         21.694
         21.694
         21.694
         21.694
         21.694
         21.694
         21.694
         21.694
         21.694
         21.694
         21.694
         21.694
         21.694
         21.694
         21.694
         21.694
         21.694
         21.694
         21.694
         21.694
         21.694
         21.694
         21.694
         21.694
         21.694
         21.694
         21.694
         21.694
         21.694
         21.694
         21.694
         21.694
         21.694
         21.694
         21.694
         21.694
         21.694
         21.694
         21.694
         21.694
         21.694
         21.694
         21.694
         21.694
         21.694
         21.621
         21.161
         20.708
         20.262
         19.822
          0.000
          0.000
          0.000
          0.000
          0.000
          0.000
          0.000
          0.000
          0.000
          0.000
          0.000
          0.000
          0.000
          0.000
          0.000
          0.000
          0.000
          0.000
          0.000
          0.000
          0.000
          0.000
         21.718
         21.718
         21.718
         21.718
         21.718
         21.718
         21.718
         21.718
         21.718
         21.718
         21.718
         21.718
         21.718
         21.718
         21.718
         21.718
         21.718
         21.718
         21.718
         21.718
         21.718
         21.718
         21.718
         21.718
         21.718
         21.718
         21.718
         21.718
         21.718
         21.718
         21.718
         21.718
         21.718
         21.718
         21.718
         21.718
         21.718
         21.718
         21.718
         21.718
         21.718
         21.718
         21.718
         21.718
         21.718
         21.718
         21.718
         21.718
         21.718
         21.718
         21.718
         21.718
         21.718
         21.718
         21.718
         21.718
         21.718
         21.718
         21.718
         21.718
         21.718
         21.718
         21.718
         21.718
         21.718
         21.718
         21.718
         21.718
         21.718
         21.718
         21.718
         21.718
         21.718
         21.646
         21.185
         20.732
         20.285
         19.845
          0.000
          0.000
          0.000
          0.000
          0.000
          0.000
          0.000
          0.000
          0.000
          0.000
          0.000
          0.000
          0.000
          0.000
          0.000
          0.000
          0.000
          0.000
          0.000
          0.000
          0.000
          0.000
         21.742
         21.742
         21.742
         21.742
         21.742
         21.742
         21.742
         21.742
         21.742
         21.742
         21.742
         21.742
         21.742
         21.742
         21.742
         21.742
         21.742
         21.742
         21.742
         21.742
         21.742
         21.742
         21.742
         21.742
         21.742
         21.742
         21.742
         21.742
         21.742
         21.742
         21.742
         21.742
         21.742
         21.742
         21.742
         21.742
         21.742
         21.742
         21.742
         21.742
         21.742
         21.742
         21.742
         21.742
         21.742
         21.742
         21.742
         21.742
         21.742
         21.742
         21.742
         21.742
         21.742
         21.742
         21.742
         21.742
         21.742
         21.742
         21.742
         21.742
         21.742
         21.742
         21.742
         21.742
         21.742
         21.742
         21.742
         21.742
         21.742
         21.742
         21.742
         21.742
         21.742
         21.671
         21.210
         20.756
         20.309
         19.868
          0.000
          0.000
          0.000
          0.000
          0.000
          0.000
          0.000
          0.000
          0.000
          0.000
          0.000
          0.000
          0.000
          0.000
          0.000
          0.000
          0.000
          0.000
          0.000
          0.000
          0.000
          0.000
         21.767
         21.767
         21.767
         21.767
         21.767
         21.767
         21.767
         21.767
         21.767
         21.767
         21.767
         21.767
         21.767
         21.767
         21.767
         21.767
         21.767
         21.767
         21.767
         21.767
         21.767
         21.767
         21.767
         21.767
         21.767
         21.767
         21.767
         21.767
         21.767
         21.767
         21.767
         21.767
         21.767
         21.767
         21.767
         21.767
         21.767
         21.767
         21.767
         21.767
         21.767
         21.767
         21.767
         21.767
         21.767
         21.767
         21.767
         21.767
         21.767
         21.767
         21.767
         21.767
         21.767
         21.767
         21.767
         21.767
         21.767
         21.767
         21.767
         21.767
         21.767
         21.767
         21.767
         21.767
         21.767
         21.767
         21.767
         21.767
         21.767
         21.767
         21.767
         21.767
         21.767
         21.696
         21.234
         20.780
         20.332
         19.890
          0.000
          0.000
          0.000
          0.000
          0.000
          0.000
          0.000
          0.000
          0.000
          0.000
          0.000
          0.000
          0.000
          0.000
          0.000
          0.000
          0.000
          0.000
          0.000
          0.000
          0.000
          0.000
         21.791
         21.791
         21.791
         21.791
         21.791
         21.791
         21.791
         21.791
         21.791
         21.791
         21.791
         21.791
         21.791
         21.791
         21.791
         21.791
         21.791
         21.791
         21.791
         21.791
         21.791
         21.791
         21.791
         21.791
         21.791
         21.791
         21.791
         21.791
         21.791
         21.791
         21.791
         21.791
         21.791
         21.791
         21.791
         21.791
         21.791
         21.791
         21.791
         21.791
         21.791
         21.791
         21.791
         21.791
         21.791
         21.791
         21.791
         21.791
         21.791
         21.791
         21.791
         21.791
         21.791
         21.791
         21.791
         21.791
         21.791
         21.791
         21.791
         21.791
         21.791
         21.791
         21.791
         21.791
         21.791
         21.791
         21.791
         21.791
         21.791
         21.791
         21.791
         21.791
         21.791
         21.721
         21.259
         20.804
         20.355
         19.913
          0.000
          0.000
          0.000
          0.000
          0.000
          0.000
          0.000
          0.000
          0.000
          0.000
          0.000
          0.000
          0.000
          0.000
          0.000
          0.000
          0.000
          0.000
          0.000
          0.000
          0.000
          0.000
         21.815
         21.815
         21.815
         21.815
         21.815
         21.815
         21.815
         21.815
         21.815
         21.815
         21.815
         21.815
         21.815
         21.815
         21.815
         21.815
         21.815
         21.815
         21.815
         21.815
         21.815
         21.815
         21.815
         21.815
         21.815
         21.815
         21.815
         21.815
         21.815
         21.815
         21.815
         21.815
         21.815
         21.815
         21.815
         21.815
         21.815
         21.815
         21.815
         21.815
         21.815
         21.815
         21.815
         21.815
         21.815
         21.815
         21.815
         21.815
         21.815
         21.815
         21.815
         21.815
         21.815
         21.815
         21.815
         21.815
         21.815
         21.815
         21.815
         21.815
         21.815
         21.815
         21.815
         21.815
         21.815
         21.815
         21.815
         21.815
         21.815
         21.815
         21.815
         21.815
         21.815
         21.747
         21.284
         20.828
         20.378
         19.936
          0.000
          0.000
          0.000
          0.000
          0.000
          0.000
          0.000
          0.000
          0.000
          0.000
          0.000
          0.000
          0.000
          0.000
          0.000
          0.000
          0.000
          0.000
          0.000
          0.000
          0.000
          0.000
         21.839
         21.839
         21.839
         21.839
         21.839
         21.839
         21.839
         21.839
         21.839
         21.839
         21.839
         21.839
         21.839
         21.839
         21.839
         21.839
         21.839
         21.839
         21.839
         21.839
         21.839
         21.839
         21.839
         21.839
         21.839
         21.839
         21.839
         21.839
         21.839
         21.839
         21.839
         21.839
         21.839
         21.839
         21.839
         21.839
         21.839
         21.839
         21.839
         21.839
         21.839
         21.839
         21.839
         21.839
         21.839
         21.839
         21.839
         21.839
         21.839
         21.839
         21.839
         21.839
         21.839
         21.839
         21.839
         21.839
         21.839
         21.839
         21.839
         21.839
         21.839
         21.839
         21.839
         21.839
         21.839
         21.839
         21.839
         21.839
         21.839
         21.839
         21.839
         21.839
         21.839
         21.772
         21.308
         20.852
         20.402
         19.958
          0.000
          0.000
          0.000
          0.000
          0.000
          0.000
          0.000
          0.000
          0.000
          0.000
          0.000
          0.000
          0.000
          0.000
          0.000
          0.000
          0.000
          0.000
          0.000
          0.000
          0.000
          0.000
         21.863
         21.863
         21.863
         21.863
         21.863
         21.863
         21.863
         21.863
         21.863
         21.863
         21.863
         21.863
         21.863
         21.863
         21.863
         21.863
         21.863
         21.863
         21.863
         21.863
         21.863
         21.863
         21.863
         21.863
         21.863
         21.863
         21.863
         21.863
         21.863
         21.863
         21.863
         21.863
         21.863
         21.863
         21.863
         21.863
         21.863
         21.863
         21.863
         21.863
         21.863
         21.863
         21.863
         21.863
         21.863
         21.863
         21.863
         21.863
         21.863
         21.863
         21.863
         21.863
         21.863
         21.863
         21.863
         21.863
         21.863
         21.863
         21.863
         21.863
         21.863
         21.863
         21.863
         21.863
         21.863
         21.863
         21.863
         21.863
         21.863
         21.863
         21.863
         21.863
         21.863
         21.797
         21.333
         20.875
         20.425
         19.981
          0.000
          0.000
          0.000
          0.000
          0.000
          0.000
          0.000
          0.000
          0.000
          0.000
          0.000
          0.000
          0.000
          0.000
          0.000
          0.000
          0.000
          0.000
          0.000
          0.000
          0.000
          0.000
         21.887
         21.887
         21.887
         21.887
         21.887
         21.887
         21.887
         21.887
         21.887
         21.887
         21.887
         21.887
         21.887
         21.887
         21.887
         21.887
         21.887
         21.887
         21.887
         21.887
         21.887
         21.887
         21.887
         21.887
         21.887
         21.887
         21.887
         21.887
         21.887
         21.887
         21.887
         21.887
         21.887
         21.887
         21.887
         21.887
         21.887
         21.887
         21.887
         21.887
         21.887
         21.887
         21.887
         21.887
         21.887
         21.887
         21.887
         21.887
         21.887
         21.887
         21.887
         21.887
         21.887
         21.887
         21.887
         21.887
         21.887
         21.887
         21.887
         21.887
         21.887
         21.887
         21.887
         21.887
         21.887
         21.887
         21.887
         21.887
         21.887
         21.887
         21.887
         21.887
         21.887
         21.822
         21.357
         20.899
         20.448
         20.003
          0.000
          0.000
          0.000
          0.000
          0.000
          0.000
          0.000
          0.000
          0.000
          0.000
          0.000
          0.000
          0.000
          0.000
          0.000
          0.000
          0.000
          0.000
          0.000
          0.000
          0.000
          0.000
         21.911
         21.911
         21.911
         21.911
         21.911
         21.911
         21.911
         21.911
         21.911
         21.911
         21.911
         21.911
         21.911
         21.911
         21.911
         21.911
         21.911
         21.911
         21.911
         21.911
         21.911
         21.911
         21.911
         21.911
         21.911
         21.911
         21.911
         21.911
         21.911
         21.911
         21.911
         21.911
         21.911
         21.911
         21.911
         21.911
         21.911
         21.911
         21.911
         21.911
         21.911
         21.911
         21.911
         21.911
         21.911
         21.911
         21.911
         21.911
         21.911
         21.911
         21.911
         21.911
         21.911
         21.911
         21.911
         21.911
         21.911
         21.911
         21.911
         21.911
         21.911
         21.911
         21.911
         21.911
         21.911
         21.911
         21.911
         21.911
         21.911
         21.911
         21.911
         21.911
         21.911
         21.848
         21.382
         20.923
         20.471
         20.026
          0.000
          0.000
          0.000
          0.000
          0.000
          0.000
          0.000
          0.000
          0.000
          0.000
          0.000
          0.000
          0.000
          0.000
          0.000
          0.000
          0.000
          0.000
          0.000
          0.000
          0.000
          0.000
         21.935
         21.935
         21.935
         21.935
         21.935
         21.935
         21.935
         21.935
         21.935
         21.935
         21.935
         21.935
         21.935
         21.935
         21.935
         21.935
         21.935
         21.935
         21.935
         21.935
         21.935
         21.935
         21.935
         21.935
         21.935
         21.935
         21.935
         21.935
         21.935
         21.935
         21.935
         21.935
         21.935
         21.935
         21.935
         21.935
         21.935
         21.935
         21.935
         21.935
         21.935
         21.935
         21.935
         21.935
         21.935
         21.935
         21.935
         21.935
         21.935
         21.935
         21.935
         21.935
         21.935
         21.935
         21.935
         21.935
         21.935
         21.935
         21.935
         21.935
         21.935
         21.935
         21.935
         21.935
         21.935
         21.935
         21.935
         21.935
         21.935
         21.935
         21.935
         21.935
         21.935
         21.873
         21.406
         20.947
         20.495
         20.049
          0.000
          0.000
          0.000
          0.000
          0.000
          0.000
          0.000
          0.000
          0.000
          0.000
          0.000
          0.000
          0.000
          0.000
          0.000
          0.000
          0.000
          0.000
          0.000
          0.000
          0.000
          0.000
         21.959
         21.959
         21.959
         21.959
         21.959
         21.959
         21.959
         21.959
         21.959
         21.959
         21.959
         21.959
         21.959
         21.959
         21.959
         21.959
         21.959
         21.959
         21.959
         21.959
         21.959
         21.959
         21.959
         21.959
         21.959
         21.959
         21.959
         21.959
         21.959
         21.959
         21.959
         21.959
         21.959
         21.959
         21.959
         21.959
         21.959
         21.959
         21.959
         21.959
         21.959
         21.959
         21.959
         21.959
         21.959
         21.959
         21.959
         21.959
         21.959
         21.959
         21.959
         21.959
         21.959
         21.959
         21.959
         21.959
         21.959
         21.959
         21.959
         21.959
         21.959
         21.959
         21.959
         21.959
         21.959
         21.959
         21.959
         21.959
         21.959
         21.959
         21.959
         21.959
         21.959
         21.898
         21.431
         20.971
         20.518
         20.071
          0.000
          0.000
          0.000
          0.000
          0.000
          0.000
          0.000
          0.000
          0.000
          0.000
          0.000
          0.000
          0.000
          0.000
          0.000
          0.000
          0.000
          0.000
          0.000
          0.000
          0.000
          0.000
         21.984
         21.984
         21.984
         21.984
         21.984
         21.984
         21.984
         21.984
         21.984
         21.984
         21.984
         21.984
         21.984
         21.984
         21.984
         21.984
         21.984
         21.984
         21.984
         21.984
         21.984
         21.984
         21.984
         21.984
         21.984
         21.984
         21.984
         21.984
         21.984
         21.984
         21.984
         21.984
         21.984
         21.984
         21.984
         21.984
         21.984
         21.984
         21.984
         21.984
         21.984
         21.984
         21.984
         21.984
         21.984
         21.984
         21.984
         21.984
         21.984
         21.984
         21.984
         21.984
         21.984
         21.984
         21.984
         21.984
         21.984
         21.984
         21.984
         21.984
         21.984
         21.984
         21.984
         21.984
         21.984
         21.984
         21.984
         21.984
         21.984
         21.984
         21.984
         21.984
         21.984
         21.924
         21.456
         20.995
         20.541
         20.094
          0.000
          0.000
          0.000
          0.000
          0.000
          0.000
          0.000
          0.000
          0.000
          0.000
          0.000
          0.000
          0.000
          0.000
          0.000
          0.000
          0.000
          0.000
          0.000
          0.000
          0.000
          0.000
         22.008
         22.008
         22.008
         22.008
         22.008
         22.008
         22.008
         22.008
         22.008
         22.008
         22.008
         22.008
         22.008
         22.008
         22.008
         22.008
         22.008
         22.008
         22.008
         22.008
         22.008
         22.008
         22.008
         22.008
         22.008
         22.008
         22.008
         22.008
         22.008
         22.008
         22.008
         22.008
         22.008
         22.008
         22.008
         22.008
         22.008
         22.008
         22.008
         22.008
         22.008
         22.008
         22.008
         22.008
         22.008
         22.008
         22.008
         22.008
         22.008
         22.008
         22.008
         22.008
         22.008
         22.008
         22.008
         22.008
         22.008
         22.008
         22.008
         22.008
         22.008
         22.008
         22.008
         22.008
         22.008
         22.008
         22.008
         22.008
         22.008
         22.008
         22.008
         22.008
         22.008
         21.949
         21.480
         21.019
         20.565
         20.117
          0.000
          0.000
          0.000
          0.000
          0.000
          0.000
          0.000
          0.000
          0.000
          0.000
          0.000
          0.000
          0.000
          0.000
          0.000
          0.000
          0.000
          0.000
          0.000
          0.000
          0.000
          0.000
         22.032
         22.032
         22.032
         22.032
         22.032
         22.032
         22.032
         22.032
         22.032
         22.032
         22.032
         22.032
         22.032
         22.032
         22.032
         22.032
         22.032
         22.032
         22.032
         22.032
         22.032
         22.032
         22.032
         22.032
         22.032
         22.032
         22.032
         22.032
         22.032
         22.032
         22.032
         22.032
         22.032
         22.032
         22.032
         22.032
         22.032
         22.032
         22.032
         22.032
         22.032
         22.032
         22.032
         22.032
         22.032
         22.032
         22.032
         22.032
         22.032
         22.032
         22.032
         22.032
         22.032
         22.032
         22.032
         22.032
         22.032
         22.032
         22.032
         22.032
         22.032
         22.032
         22.032
         22.032
         22.032
         22.032
         22.032
         22.032
         22.032
         22.032
         22.032
         22.032
         22.032
         21.974
         21.505
         21.043
         20.588
         20.140
          0.000
          0.000
          0.000
          0.000
          0.000
          0.000
          0.000
          0.000
          0.000
          0.000
          0.000
          0.000
          0.000
          0.000
          0.000
          0.000
          0.000
          0.000
          0.000
          0.000
          0.000
          0.000
         22.056
         22.056
         22.056
         22.056
         22.056
         22.056
         22.056
         22.056
         22.056
         22.056
         22.056
         22.056
         22.056
         22.056
         22.056
         22.056
         22.056
         22.056
         22.056
         22.056
         22.056
         22.056
         22.056
         22.056
         22.056
         22.056
         22.056
         22.056
         22.056
         22.056
         22.056
         22.056
         22.056
         22.056
         22.056
         22.056
         22.056
         22.056
         22.056
         22.056
         22.056
         22.056
         22.056
         22.056
         22.056
         22.056
         22.056
         22.056
         22.056
         22.056
         22.056
         22.056
         22.056
         22.056
         22.056
         22.056
         22.056
         22.056
         22.056
         22.056
         22.056
         22.056
         22.056
         22.056
         22.056
         22.056
         22.056
         22.056
         22.056
         22.056
         22.056
         22.056
         22.056
         21.999
         21.530
         21.067
         20.611
         20.162
          0.000
          0.000
          0.000
          0.000
          0.000
          0.000
          0.000
          0.000
          0.000
          0.000
          0.000
          0.000
          0.000
          0.000
          0.000
          0.000
          0.000
          0.000
          0.000
          0.000
          0.000
          0.000
         22.080
         22.080
         22.080
         22.080
         22.080
         22.080
         22.080
         22.080
         22.080
         22.080
         22.080
         22.080
         22.080
         22.080
         22.080
         22.080
         22.080
         22.080
         22.080
         22.080
         22.080
         22.080
         22.080
         22.080
         22.080
         22.080
         22.080
         22.080
         22.080
         22.080
         22.080
         22.080
         22.080
         22.080
         22.080
         22.080
         22.080
         22.080
         22.080
         22.080
         22.080
         22.080
         22.080
         22.080
         22.080
         22.080
         22.080
         22.080
         22.080
         22.080
         22.080
         22.080
         22.080
         22.080
         22.080
         22.080
         22.080
         22.080
         22.080
         22.080
         22.080
         22.080
         22.080
         22.080
         22.080
         22.080
         22.080
         22.080
         22.080
         22.080
         22.080
         22.080
         22.080
         22.025
         21.554
         21.091
         20.635
         20.185
          0.000
          0.000
          0.000
          0.000
          0.000
          0.000
          0.000
          0.000
          0.000
          0.000
          0.000
          0.000
          0.000
          0.000
          0.000
          0.000
          0.000
          0.000
          0.000
          0.000
          0.000
          0.000
         22.104
         22.104
         22.104
         22.104
         22.104
         22.104
         22.104
         22.104
         22.104
         22.104
         22.104
         22.104
         22.104
         22.104
         22.104
         22.104
         22.104
         22.104
         22.104
         22.104
         22.104
         22.104
         22.104
         22.104
         22.104
         22.104
         22.104
         22.104
         22.104
         22.104
         22.104
         22.104
         22.104
         22.104
         22.104
         22.104
         22.104
         22.104
         22.104
         22.104
         22.104
         22.104
         22.104
         22.104
         22.104
         22.104
         22.104
         22.104
         22.104
         22.104
         22.104
         22.104
         22.104
         22.104
         22.104
         22.104
         22.104
         22.104
         22.104
         22.104
         22.104
         22.104
         22.104
         22.104
         22.104
         22.104
         22.104
         22.104
         22.104
         22.104
         22.104
         22.104
         22.104
         22.050
         21.579
         21.115
         20.658
         20.208
          0.000
          0.000
          0.000
          0.000
          0.000
          0.000
          0.000
          0.000
          0.000
          0.000
          0.000
          0.000
          0.000
          0.000
          0.000
          0.000
          0.000
          0.000
          0.000
          0.000
          0.000
          0.000
         22.129
         22.129
         22.129
         22.129
         22.129
         22.129
         22.129
         22.129
         22.129
         22.129
         22.129
         22.129
         22.129
         22.129
         22.129
         22.129
         22.129
         22.129
         22.129
         22.129
         22.129
         22.129
         22.129
         22.129
         22.129
         22.129
         22.129
         22.129
         22.129
         22.129
         22.129
         22.129
         22.129
         22.129
         22.129
         22.129
         22.129
         22.129
         22.129
         22.129
         22.129
         22.129
         22.129
         22.129
         22.129
         22.129
         22.129
         22.129
         22.129
         22.129
         22.129
         22.129
         22.129
         22.129
         22.129
         22.129
         22.129
         22.129
         22.129
         22.129
         22.129
         22.129
         22.129
         22.129
         22.129
         22.129
         22.129
         22.129
         22.129
         22.129
         22.129
         22.129
         22.129
         22.076
         21.604
         21.139
         20.681
         20.230
          0.000
          0.000
          0.000
          0.000
          0.000
          0.000
          0.000
          0.000
          0.000
          0.000
          0.000
          0.000
          0.000
          0.000
          0.000
          0.000
          0.000
          0.000
          0.000
          0.000
          0.000
          0.000
         22.153
         22.153
         22.153
         22.153
         22.153
         22.153
         22.153
         22.153
         22.153
         22.153
         22.153
         22.153
         22.153
         22.153
         22.153
         22.153
         22.153
         22.153
         22.153
         22.153
         22.153
         22.153
         22.153
         22.153
         22.153
         22.153
         22.153
         22.153
         22.153
         22.153
         22.153
         22.153
         22.153
         22.153
         22.153
         22.153
         22.153
         22.153
         22.153
         22.153
         22.153
         22.153
         22.153
         22.153
         22.153
         22.153
         22.153
         22.153
         22.153
         22.153
         22.153
         22.153
         22.153
         22.153
         22.153
         22.153
         22.153
         22.153
         22.153
         22.153
         22.153
         22.153
         22.153
         22.153
         22.153
         22.153
         22.153
         22.153
         22.153
         22.153
         22.153
         22.153
         22.153
         22.101
         21.628
         21.163
         20.705
         20.253
          0.000
          0.000
          0.000
          0.000
          0.000
          0.000
          0.000
          0.000
          0.000
          0.000
          0.000
          0.000
          0.000
          0.000
          0.000
          0.000
          0.000
          0.000
          0.000
          0.000
          0.000
          0.000
         22.177
         22.177
         22.177
         22.177
         22.177
         22.177
         22.177
         22.177
         22.177
         22.177
         22.177
         22.177
         22.177
         22.177
         22.177
         22.177
         22.177
         22.177
         22.177
         22.177
         22.177
         22.177
         22.177
         22.177
         22.177
         22.177
         22.177
         22.177
         22.177
         22.177
         22.177
         22.177
         22.177
         22.177
         22.177
         22.177
         22.177
         22.177
         22.177
         22.177
         22.177
         22.177
         22.177
         22.177
         22.177
         22.177
         22.177
         22.177
         22.177
         22.177
         22.177
         22.177
         22.177
         22.177
         22.177
         22.177
         22.177
         22.177
         22.177
         22.177
         22.177
         22.177
         22.177
         22.177
         22.177
         22.177
         22.177
         22.177
         22.177
         22.177
         22.177
         22.177
         22.177
         22.126
         21.653
         21.187
         20.728
         20.276
          0.000
          0.000
          0.000
          0.000
          0.000
          0.000
          0.000
          0.000
          0.000
          0.000
          0.000
          0.000
          0.000
          0.000
          0.000
          0.000
          0.000
          0.000
          0.000
          0.000
          0.000
          0.000
         22.201
         22.201
         22.201
         22.201
         22.201
         22.201
         22.201
         22.201
         22.201
         22.201
         22.201
         22.201
         22.201
         22.201
         22.201
         22.201
         22.201
         22.201
         22.201
         22.201
         22.201
         22.201
         22.201
         22.201
         22.201
         22.201
         22.201
         22.201
         22.201
         22.201
         22.201
         22.201
         22.201
         22.201
         22.201
         22.201
         22.201
         22.201
         22.201
         22.201
         22.201
         22.201
         22.201
         22.201
         22.201
         22.201
         22.201
         22.201
         22.201
         22.201
         22.201
         22.201
         22.201
         22.201
         22.201
         22.201
         22.201
         22.201
         22.201
         22.201
         22.201
         22.201
         22.201
         22.201
         22.201
         22.201
         22.201
         22.201
         22.201
         22.201
         22.201
         22.201
         22.201
         22.152
         21.678
         21.211
         20.751
         20.299
          0.000
          0.000
          0.000
          0.000
          0.000
          0.000
          0.000
          0.000
          0.000
          0.000
          0.000
          0.000
          0.000
          0.000
          0.000
          0.000
          0.000
          0.000
          0.000
          0.000
          0.000
          0.000
         22.226
         22.226
         22.226
         22.226
         22.226
         22.226
         22.226
         22.226
         22.226
         22.226
         22.226
         22.226
         22.226
         22.226
         22.226
         22.226
         22.226
         22.226
         22.226
         22.226
         22.226
         22.226
         22.226
         22.226
         22.226
         22.226
         22.226
         22.226
         22.226
         22.226
         22.226
         22.226
         22.226
         22.226
         22.226
         22.226
         22.226
         22.226
         22.226
         22.226
         22.226
         22.226
         22.226
         22.226
         22.226
         22.226
         22.226
         22.226
         22.226
         22.226
         22.226
         22.226
         22.226
         22.226
         22.226
         22.226
         22.226
         22.226
         22.226
         22.226
         22.226
         22.226
         22.226
         22.226
         22.226
         22.226
         22.226
         22.226
         22.226
         22.226
         22.226
         22.226
         22.226
         22.177
         21.702
         21.235
         20.775
         20.321
          0.000
          0.000
          0.000
          0.000
          0.000
          0.000
          0.000
          0.000
          0.000
          0.000
          0.000
          0.000
          0.000
          0.000
          0.000
          0.000
          0.000
          0.000
          0.000
          0.000
          0.000
          0.000
         22.250
         22.250
         22.250
         22.250
         22.250
         22.250
         22.250
         22.250
         22.250
         22.250
         22.250
         22.250
         22.250
         22.250
         22.250
         22.250
         22.250
         22.250
         22.250
         22.250
         22.250
         22.250
         22.250
         22.250
         22.250
         22.250
         22.250
         22.250
         22.250
         22.250
         22.250
         22.250
         22.250
         22.250
         22.250
         22.250
         22.250
         22.250
         22.250
         22.250
         22.250
         22.250
         22.250
         22.250
         22.250
         22.250
         22.250
         22.250
         22.250
         22.250
         22.250
         22.250
         22.250
         22.250
         22.250
         22.250
         22.250
         22.250
         22.250
         22.250
         22.250
         22.250
         22.250
         22.250
         22.250
         22.250
         22.250
         22.250
         22.250
         22.250
         22.250
         22.250
         22.250
         22.202
         21.727
         21.259
         20.798
         20.344
          0.000
          0.000
          0.000
          0.000
          0.000
          0.000
          0.000
          0.000
          0.000
          0.000
          0.000
          0.000
          0.000
          0.000
          0.000
          0.000
          0.000
          0.000
          0.000
          0.000
          0.000
          0.000
         22.274
         22.274
         22.274
         22.274
         22.274
         22.274
         22.274
         22.274
         22.274
         22.274
         22.274
         22.274
         22.274
         22.274
         22.274
         22.274
         22.274
         22.274
         22.274
         22.274
         22.274
         22.274
         22.274
         22.274
         22.274
         22.274
         22.274
         22.274
         22.274
         22.274
         22.274
         22.274
         22.274
         22.274
         22.274
         22.274
         22.274
         22.274
         22.274
         22.274
         22.274
         22.274
         22.274
         22.274
         22.274
         22.274
         22.274
         22.274
         22.274
         22.274
         22.274
         22.274
         22.274
         22.274
         22.274
         22.274
         22.274
         22.274
         22.274
         22.274
         22.274
         22.274
         22.274
         22.274
         22.274
         22.274
         22.274
         22.274
         22.274
         22.274
         22.274
         22.274
         22.274
         22.228
         21.752
         21.283
         20.822
         20.367
          0.000
          0.000
          0.000
          0.000
          0.000
          0.000
          0.000
          0.000
          0.000
          0.000
          0.000
          0.000
          0.000
          0.000
          0.000
          0.000
          0.000
          0.000
          0.000
          0.000
          0.000
          0.000
         22.298
         22.298
         22.298
         22.298
         22.298
         22.298
         22.298
         22.298
         22.298
         22.298
         22.298
         22.298
         22.298
         22.298
         22.298
         22.298
         22.298
         22.298
         22.298
         22.298
         22.298
         22.298
         22.298
         22.298
         22.298
         22.298
         22.298
         22.298
         22.298
         22.298
         22.298
         22.298
         22.298
         22.298
         22.298
         22.298
         22.298
         22.298
         22.298
         22.298
         22.298
         22.298
         22.298
         22.298
         22.298
         22.298
         22.298
         22.298
         22.298
         22.298
         22.298
         22.298
         22.298
         22.298
         22.298
         22.298
         22.298
         22.298
         22.298
         22.298
         22.298
         22.298
         22.298
         22.298
         22.298
         22.298
         22.298
         22.298
         22.298
         22.298
         22.298
         22.298
         22.298
         22.253
         21.776
         21.307
         20.845
         20.390
          0.000
          0.000
          0.000
          0.000
          0.000
          0.000
          0.000
          0.000
          0.000
          0.000
          0.000
          0.000
          0.000
          0.000
          0.000
          0.000
          0.000
          0.000
          0.000
          0.000
          0.000
          0.000
         22.323
         22.323
         22.323
         22.323
         22.323
         22.323
         22.323
         22.323
         22.323
         22.323
         22.323
         22.323
         22.323
         22.323
         22.323
         22.323
         22.323
         22.323
         22.323
         22.323
         22.323
         22.323
         22.323
         22.323
         22.323
         22.323
         22.323
         22.323
         22.323
         22.323
         22.323
         22.323
         22.323
         22.323
         22.323
         22.323
         22.323
         22.323
         22.323
         22.323
         22.323
         22.323
         22.323
         22.323
         22.323
         22.323
         22.323
         22.323
         22.323
         22.323
         22.323
         22.323
         22.323
         22.323
         22.323
         22.323
         22.323
         22.323
         22.323
         22.323
         22.323
         22.323
         22.323
         22.323
         22.323
         22.323
         22.323
         22.323
         22.323
         22.323
         22.323
         22.323
         22.323
         22.279
         21.801
         21.331
         20.868
         20.412
          0.000
          0.000
          0.000
          0.000
          0.000
          0.000
          0.000
          0.000
          0.000
          0.000
          0.000
          0.000
          0.000
          0.000
          0.000
          0.000
          0.000
          0.000
          0.000
          0.000
          0.000
          0.000
         22.347
         22.347
         22.347
         22.347
         22.347
         22.347
         22.347
         22.347
         22.347
         22.347
         22.347
         22.347
         22.347
         22.347
         22.347
         22.347
         22.347
         22.347
         22.347
         22.347
         22.347
         22.347
         22.347
         22.347
         22.347
         22.347
         22.347
         22.347
         22.347
         22.347
         22.347
         22.347
         22.347
         22.347
         22.347
         22.347
         22.347
         22.347
         22.347
         22.347
         22.347
         22.347
         22.347
         22.347
         22.347
         22.347
         22.347
         22.347
         22.347
         22.347
         22.347
         22.347
         22.347
         22.347
         22.347
         22.347
         22.347
         22.347
         22.347
         22.347
         22.347
         22.347
         22.347
         22.347
         22.347
         22.347
         22.347
         22.347
         22.347
         22.347
         22.347
         22.347
         22.347
         22.304
         21.826
         21.355
         20.892
         20.435
          0.000
          0.000
          0.000
          0.000
          0.000
          0.000
          0.000
          0.000
          0.000
          0.000
          0.000
          0.000
          0.000
          0.000
          0.000
          0.000
          0.000
          0.000
          0.000
          0.000
          0.000
          0.000
         22.371
         22.371
         22.371
         22.371
         22.371
         22.371
         22.371
         22.371
         22.371
         22.371
         22.371
         22.371
         22.371
         22.371
         22.371
         22.371
         22.371
         22.371
         22.371
         22.371
         22.371
         22.371
         22.371
         22.371
         22.371
         22.371
         22.371
         22.371
         22.371
         22.371
         22.371
         22.371
         22.371
         22.371
         22.371
         22.371
         22.371
         22.371
         22.371
         22.371
         22.371
         22.371
         22.371
         22.371
         22.371
         22.371
         22.371
         22.371
         22.371
         22.371
         22.371
         22.371
         22.371
         22.371
         22.371
         22.371
         22.371
         22.371
         22.371
         22.371
         22.371
         22.371
         22.371
         22.371
         22.371
         22.371
         22.371
         22.371
         22.371
         22.371
         22.371
         22.371
         22.371
         22.329
         21.851
         21.379
         20.915
         20.458
          0.000
          0.000
          0.000
          0.000
          0.000
          0.000
          0.000
          0.000
          0.000
          0.000
          0.000
          0.000
          0.000
          0.000
          0.000
          0.000
          0.000
          0.000
          0.000
          0.000
          0.000
          0.000
         22.395
         22.395
         22.395
         22.395
         22.395
         22.395
         22.395
         22.395
         22.395
         22.395
         22.395
         22.395
         22.395
         22.395
         22.395
         22.395
         22.395
         22.395
         22.395
         22.395
         22.395
         22.395
         22.395
         22.395
         22.395
         22.395
         22.395
         22.395
         22.395
         22.395
         22.395
         22.395
         22.395
         22.395
         22.395
         22.395
         22.395
         22.395
         22.395
         22.395
         22.395
         22.395
         22.395
         22.395
         22.395
         22.395
         22.395
         22.395
         22.395
         22.395
         22.395
         22.395
         22.395
         22.395
         22.395
         22.395
         22.395
         22.395
         22.395
         22.395
         22.395
         22.395
         22.395
         22.395
         22.395
         22.395
         22.395
         22.395
         22.395
         22.395
         22.395
         22.395
         22.395
         22.355
         21.875
         21.403
         20.939
         20.481
          0.000
          0.000
          0.000
          0.000
          0.000
          0.000
          0.000
          0.000
          0.000
          0.000
          0.000
          0.000
          0.000
          0.000
          0.000
          0.000
          0.000
          0.000
          0.000
          0.000
          0.000
          0.000
         22.420
         22.420
         22.420
         22.420
         22.420
         22.420
         22.420
         22.420
         22.420
         22.420
         22.420
         22.420
         22.420
         22.420
         22.420
         22.420
         22.420
         22.420
         22.420
         22.420
         22.420
         22.420
         22.420
         22.420
         22.420
         22.420
         22.420
         22.420
         22.420
         22.420
         22.420
         22.420
         22.420
         22.420
         22.420
         22.420
         22.420
         22.420
         22.420
         22.420
         22.420
         22.420
         22.420
         22.420
         22.420
         22.420
         22.420
         22.420
         22.420
         22.420
         22.420
         22.420
         22.420
         22.420
         22.420
         22.420
         22.420
         22.420
         22.420
         22.420
         22.420
         22.420
         22.420
         22.420
         22.420
         22.420
         22.420
         22.420
         22.420
         22.420
         22.420
         22.420
         22.420
         22.380
         21.900
         21.427
         20.962
         20.504
          0.000
          0.000
          0.000
          0.000
          0.000
          0.000
          0.000
          0.000
          0.000
          0.000
          0.000
          0.000
          0.000
          0.000
          0.000
          0.000
          0.000
          0.000
          0.000
          0.000
          0.000
          0.000
         22.444
         22.444
         22.444
         22.444
         22.444
         22.444
         22.444
         22.444
         22.444
         22.444
         22.444
         22.444
         22.444
         22.444
         22.444
         22.444
         22.444
         22.444
         22.444
         22.444
         22.444
         22.444
         22.444
         22.444
         22.444
         22.444
         22.444
         22.444
         22.444
         22.444
         22.444
         22.444
         22.444
         22.444
         22.444
         22.444
         22.444
         22.444
         22.444
         22.444
         22.444
         22.444
         22.444
         22.444
         22.444
         22.444
         22.444
         22.444
         22.444
         22.444
         22.444
         22.444
         22.444
         22.444
         22.444
         22.444
         22.444
         22.444
         22.444
         22.444
         22.444
         22.444
         22.444
         22.444
         22.444
         22.444
         22.444
         22.444
         22.444
         22.444
         22.444
         22.444
         22.444
         22.406
         21.925
         21.452
         20.986
         20.526
          0.000
          0.000
          0.000
          0.000
          0.000
          0.000
          0.000
          0.000
          0.000
          0.000
          0.000
          0.000
          0.000
          0.000
          0.000
          0.000
          0.000
          0.000
          0.000
          0.000
          0.000
          0.000
         22.468
         22.468
         22.468
         22.468
         22.468
         22.468
         22.468
         22.468
         22.468
         22.468
         22.468
         22.468
         22.468
         22.468
         22.468
         22.468
         22.468
         22.468
         22.468
         22.468
         22.468
         22.468
         22.468
         22.468
         22.468
         22.468
         22.468
         22.468
         22.468
         22.468
         22.468
         22.468
         22.468
         22.468
         22.468
         22.468
         22.468
         22.468
         22.468
         22.468
         22.468
         22.468
         22.468
         22.468
         22.468
         22.468
         22.468
         22.468
         22.468
         22.468
         22.468
         22.468
         22.468
         22.468
         22.468
         22.468
         22.468
         22.468
         22.468
         22.468
         22.468
         22.468
         22.468
         22.468
         22.468
         22.468
         22.468
         22.468
         22.468
         22.468
         22.468
         22.468
         22.468
         22.431
         21.950
         21.476
         21.009
         20.549
          0.000
          0.000
          0.000
          0.000
          0.000
          0.000
          0.000
          0.000
          0.000
          0.000
          0.000
          0.000
          0.000
          0.000
          0.000
          0.000
          0.000
          0.000
          0.000
          0.000
          0.000
          0.000
         22.493
         22.493
         22.493
         22.493
         22.493
         22.493
         22.493
         22.493
         22.493
         22.493
         22.493
         22.493
         22.493
         22.493
         22.493
         22.493
         22.493
         22.493
         22.493
         22.493
         22.493
         22.493
         22.493
         22.493
         22.493
         22.493
         22.493
         22.493
         22.493
         22.493
         22.493
         22.493
         22.493
         22.493
         22.493
         22.493
         22.493
         22.493
         22.493
         22.493
         22.493
         22.493
         22.493
         22.493
         22.493
         22.493
         22.493
         22.493
         22.493
         22.493
         22.493
         22.493
         22.493
         22.493
         22.493
         22.493
         22.493
         22.493
         22.493
         22.493
         22.493
         22.493
         22.493
         22.493
         22.493
         22.493
         22.493
         22.493
         22.493
         22.493
         22.493
         22.493
         22.493
         22.457
         21.974
         21.500
         21.032
         20.572
          0.000
          0.000
          0.000
          0.000
          0.000
          0.000
          0.000
          0.000
          0.000
          0.000
          0.000
          0.000
          0.000
          0.000
          0.000
          0.000
          0.000
          0.000
          0.000
          0.000
          0.000
          0.000
          0.000
         22.517
         22.517
         22.517
         22.517
         22.517
         22.517
         22.517
         22.517
         22.517
         22.517
         22.517
         22.517
         22.517
         22.517
         22.517
         22.517
         22.517
         22.517
         22.517
         22.517
         22.517
         22.517
         22.517
         22.517
         22.517
         22.517
         22.517
         22.517
         22.517
         22.517
         22.517
         22.517
         22.517
         22.517
         22.517
         22.517
         22.517
         22.517
         22.517
         22.517
         22.517
         22.517
         22.517
         22.517
         22.517
         22.517
         22.517
         22.517
         22.517
         22.517
         22.517
         22.517
         22.517
         22.517
         22.517
         22.517
         22.517
         22.517
         22.517
         22.517
         22.517
         22.517
         22.517
         22.517
         22.517
         22.517
         22.517
         22.517
         22.517
         22.517
         22.517
         22.517
         22.482
         21.999
         21.524
         21.056
         20.595
          0.000
          0.000
          0.000
          0.000
          0.000
          0.000
          0.000
          0.000
          0.000
          0.000
          0.000
          0.000
          0.000
          0.000
          0.000
          0.000
          0.000
          0.000
          0.000
          0.000
          0.000
          0.000
          0.000
         22.541
         22.541
         22.541
         22.541
         22.541
         22.541
         22.541
         22.541
         22.541
         22.541
         22.541
         22.541
         22.541
         22.541
         22.541
         22.541
         22.541
         22.541
         22.541
         22.541
         22.541
         22.541
         22.541
         22.541
         22.541
         22.541
         22.541
         22.541
         22.541
         22.541
         22.541
         22.541
         22.541
         22.541
         22.541
         22.541
         22.541
         22.541
         22.541
         22.541
         22.541
         22.541
         22.541
         22.541
         22.541
         22.541
         22.541
         22.541
         22.541
         22.541
         22.541
         22.541
         22.541
         22.541
         22.541
         22.541
         22.541
         22.541
         22.541
         22.541
         22.541
         22.541
         22.541
         22.541
         22.541
         22.541
         22.541
         22.541
         22.541
         22.541
         22.541
         22.541
         22.508
         22.024
         21.548
         21.079
         20.618
          0.000
          0.000
          0.000
          0.000
          0.000
          0.000
          0.000
          0.000
          0.000
          0.000
          0.000
          0.000
          0.000
          0.000
          0.000
          0.000
          0.000
          0.000
          0.000
          0.000
          0.000
          0.000
          0.000
         22.566
         22.566
         22.566
         22.566
         22.566
         22.566
         22.566
         22.566
         22.566
         22.566
         22.566
         22.566
         22.566
         22.566
         22.566
         22.566
         22.566
         22.566
         22.566
         22.566
         22.566
         22.566
         22.566
         22.566
         22.566
         22.566
         22.566
         22.566
         22.566
         22.566
         22.566
         22.566
         22.566
         22.566
         22.566
         22.566
         22.566
         22.566
         22.566
         22.566
         22.566
         22.566
         22.566
         22.566
         22.566
         22.566
         22.566
         22.566
         22.566
         22.566
         22.566
         22.566
         22.566
         22.566
         22.566
         22.566
         22.566
         22.566
         22.566
         22.566
         22.566
         22.566
         22.566
         22.566
         22.566
         22.566
         22.566
         22.566
         22.566
         22.566
         22.566
         22.566
         22.533
         22.049
         21.572
         21.103
         20.640
          0.000
          0.000
          0.000
          0.000
          0.000
          0.000
          0.000
          0.000
          0.000
          0.000
          0.000
          0.000
          0.000
          0.000
          0.000
          0.000
          0.000
          0.000
          0.000
          0.000
          0.000
          0.000
          0.000
         22.590
         22.590
         22.590
         22.590
         22.590
         22.590
         22.590
         22.590
         22.590
         22.590
         22.590
         22.590
         22.590
         22.590
         22.590
         22.590
         22.590
         22.590
         22.590
         22.590
         22.590
         22.590
         22.590
         22.590
         22.590
         22.590
         22.590
         22.590
         22.590
         22.590
         22.590
         22.590
         22.590
         22.590
         22.590
         22.590
         22.590
         22.590
         22.590
         22.590
         22.590
         22.590
         22.590
         22.590
         22.590
         22.590
         22.590
         22.590
         22.590
         22.590
         22.590
         22.590
         22.590
         22.590
         22.590
         22.590
         22.590
         22.590
         22.590
         22.590
         22.590
         22.590
         22.590
         22.590
         22.590
         22.590
         22.590
         22.590
         22.590
         22.590
         22.590
         22.590
         22.559
         22.074
         21.596
         21.126
         20.663
          0.000
          0.000
          0.000
          0.000
          0.000
          0.000
          0.000
          0.000
          0.000
          0.000
          0.000
          0.000
          0.000
          0.000
          0.000
          0.000
          0.000
          0.000
          0.000
          0.000
          0.000
          0.000
          0.000
         22.614
         22.614
         22.614
         22.614
         22.614
         22.614
         22.614
         22.614
         22.614
         22.614
         22.614
         22.614
         22.614
         22.614
         22.614
         22.614
         22.614
         22.614
         22.614
         22.614
         22.614
         22.614
         22.614
         22.614
         22.614
         22.614
         22.614
         22.614
         22.614
         22.614
         22.614
         22.614
         22.614
         22.614
         22.614
         22.614
         22.614
         22.614
         22.614
         22.614
         22.614
         22.614
         22.614
         22.614
         22.614
         22.614
         22.614
         22.614
         22.614
         22.614
         22.614
         22.614
         22.614
         22.614
         22.614
         22.614
         22.614
         22.614
         22.614
         22.614
         22.614
         22.614
         22.614
         22.614
         22.614
         22.614
         22.614
         22.614
         22.614
         22.614
         22.614
         22.614
         22.584
         22.098
         21.620
         21.150
         20.686
          0.000
          0.000
          0.000
          0.000
          0.000
          0.000
          0.000
          0.000
          0.000
          0.000
          0.000
          0.000
          0.000
          0.000
          0.000
          0.000
          0.000
          0.000
          0.000
          0.000
          0.000
          0.000
          0.000
         22.639
         22.639
         22.639
         22.639
         22.639
         22.639
         22.639
         22.639
         22.639
         22.639
         22.639
         22.639
         22.639
         22.639
         22.639
         22.639
         22.639
         22.639
         22.639
         22.639
         22.639
         22.639
         22.639
         22.639
         22.639
         22.639
         22.639
         22.639
         22.639
         22.639
         22.639
         22.639
         22.639
         22.639
         22.639
         22.639
         22.639
         22.639
         22.639
         22.639
         22.639
         22.639
         22.639
         22.639
         22.639
         22.639
         22.639
         22.639
         22.639
         22.639
         22.639
         22.639
         22.639
         22.639
         22.639
         22.639
         22.639
         22.639
         22.639
         22.639
         22.639
         22.639
         22.639
         22.639
         22.639
         22.639
         22.639
         22.639
         22.639
         22.639
         22.639
         22.639
         22.610
         22.123
         21.645
         21.173
         20.709
          0.000
          0.000
          0.000
          0.000
          0.000
          0.000
          0.000
          0.000
          0.000
          0.000
          0.000
          0.000
          0.000
          0.000
          0.000
          0.000
          0.000
          0.000
          0.000
          0.000
          0.000
          0.000
          0.000
         22.663
         22.663
         22.663
         22.663
         22.663
         22.663
         22.663
         22.663
         22.663
         22.663
         22.663
         22.663
         22.663
         22.663
         22.663
         22.663
         22.663
         22.663
         22.663
         22.663
         22.663
         22.663
         22.663
         22.663
         22.663
         22.663
         22.663
         22.663
         22.663
         22.663
         22.663
         22.663
         22.663
         22.663
         22.663
         22.663
         22.663
         22.663
         22.663
         22.663
         22.663
         22.663
         22.663
         22.663
         22.663
         22.663
         22.663
         22.663
         22.663
         22.663
         22.663
         22.663
         22.663
         22.663
         22.663
         22.663
         22.663
         22.663
         22.663
         22.663
         22.663
         22.663
         22.663
         22.663
         22.663
         22.663
         22.663
         22.663
         22.663
         22.663
         22.663
         22.663
         22.635
         22.148
         21.669
         21.197
         20.732
          0.000
          0.000
          0.000
          0.000
          0.000
          0.000
          0.000
          0.000
          0.000
          0.000
          0.000
          0.000
          0.000
          0.000
          0.000
          0.000
          0.000
          0.000
          0.000
          0.000
          0.000
          0.000
          0.000
         22.687
         22.687
         22.687
         22.687
         22.687
         22.687
         22.687
         22.687
         22.687
         22.687
         22.687
         22.687
         22.687
         22.687
         22.687
         22.687
         22.687
         22.687
         22.687
         22.687
         22.687
         22.687
         22.687
         22.687
         22.687
         22.687
         22.687
         22.687
         22.687
         22.687
         22.687
         22.687
         22.687
         22.687
         22.687
         22.687
         22.687
         22.687
         22.687
         22.687
         22.687
         22.687
         22.687
         22.687
         22.687
         22.687
         22.687
         22.687
         22.687
         22.687
         22.687
         22.687
         22.687
         22.687
         22.687
         22.687
         22.687
         22.687
         22.687
         22.687
         22.687
         22.687
         22.687
         22.687
         22.687
         22.687
         22.687
         22.687
         22.687
         22.687
         22.687
         22.687
         22.661
         22.173
         21.693
         21.220
         20.755
          0.000
          0.000
          0.000
          0.000
          0.000
          0.000
          0.000
          0.000
          0.000
          0.000
          0.000
          0.000
          0.000
          0.000
          0.000
          0.000
          0.000
          0.000
          0.000
          0.000
          0.000
          0.000
          0.000
         22.712
         22.712
         22.712
         22.712
         22.712
         22.712
         22.712
         22.712
         22.712
         22.712
         22.712
         22.712
         22.712
         22.712
         22.712
         22.712
         22.712
         22.712
         22.712
         22.712
         22.712
         22.712
         22.712
         22.712
         22.712
         22.712
         22.712
         22.712
         22.712
         22.712
         22.712
         22.712
         22.712
         22.712
         22.712
         22.712
         22.712
         22.712
         22.712
         22.712
         22.712
         22.712
         22.712
         22.712
         22.712
         22.712
         22.712
         22.712
         22.712
         22.712
         22.712
         22.712
         22.712
         22.712
         22.712
         22.712
         22.712
         22.712
         22.712
         22.712
         22.712
         22.712
         22.712
         22.712
         22.712
         22.712
         22.712
         22.712
         22.712
         22.712
         22.712
         22.712
         22.686
         22.198
         21.717
         21.244
         20.778
          0.000
          0.000
          0.000
          0.000
          0.000
          0.000
          0.000
          0.000
          0.000
          0.000
          0.000
          0.000
          0.000
          0.000
          0.000
          0.000
          0.000
          0.000
          0.000
          0.000
          0.000
          0.000
          0.000
         22.736
         22.736
         22.736
         22.736
         22.736
         22.736
         22.736
         22.736
         22.736
         22.736
         22.736
         22.736
         22.736
         22.736
         22.736
         22.736
         22.736
         22.736
         22.736
         22.736
         22.736
         22.736
         22.736
         22.736
         22.736
         22.736
         22.736
         22.736
         22.736
         22.736
         22.736
         22.736
         22.736
         22.736
         22.736
         22.736
         22.736
         22.736
         22.736
         22.736
         22.736
         22.736
         22.736
         22.736
         22.736
         22.736
         22.736
         22.736
         22.736
         22.736
         22.736
         22.736
         22.736
         22.736
         22.736
         22.736
         22.736
         22.736
         22.736
         22.736
         22.736
         22.736
         22.736
         22.736
         22.736
         22.736
         22.736
         22.736
         22.736
         22.736
         22.736
         22.736
         22.712
         22.223
         21.741
         21.267
         20.801
          0.000
          0.000
          0.000
          0.000
          0.000
          0.000
          0.000
          0.000
          0.000
          0.000
          0.000
          0.000
          0.000
          0.000
          0.000
          0.000
          0.000
          0.000
          0.000
          0.000
          0.000
          0.000
          0.000
         22.761
         22.761
         22.761
         22.761
         22.761
         22.761
         22.761
         22.761
         22.761
         22.761
         22.761
         22.761
         22.761
         22.761
         22.761
         22.761
         22.761
         22.761
         22.761
         22.761
         22.761
         22.761
         22.761
         22.761
         22.761
         22.761
         22.761
         22.761
         22.761
         22.761
         22.761
         22.761
         22.761
         22.761
         22.761
         22.761
         22.761
         22.761
         22.761
         22.761
         22.761
         22.761
         22.761
         22.761
         22.761
         22.761
         22.761
         22.761
         22.761
         22.761
         22.761
         22.761
         22.761
         22.761
         22.761
         22.761
         22.761
         22.761
         22.761
         22.761
         22.761
         22.761
         22.761
         22.761
         22.761
         22.761
         22.761
         22.761
         22.761
         22.761
         22.761
         22.761
         22.738
         22.247
         21.765
         21.291
         20.823
          0.000
          0.000
          0.000
          0.000
          0.000
          0.000
          0.000
          0.000
          0.000
          0.000
          0.000
          0.000
          0.000
          0.000
          0.000
          0.000
          0.000
          0.000
          0.000
          0.000
          0.000
          0.000
          0.000
         22.785
         22.785
         22.785
         22.785
         22.785
         22.785
         22.785
         22.785
         22.785
         22.785
         22.785
         22.785
         22.785
         22.785
         22.785
         22.785
         22.785
         22.785
         22.785
         22.785
         22.785
         22.785
         22.785
         22.785
         22.785
         22.785
         22.785
         22.785
         22.785
         22.785
         22.785
         22.785
         22.785
         22.785
         22.785
         22.785
         22.785
         22.785
         22.785
         22.785
         22.785
         22.785
         22.785
         22.785
         22.785
         22.785
         22.785
         22.785
         22.785
         22.785
         22.785
         22.785
         22.785
         22.785
         22.785
         22.785
         22.785
         22.785
         22.785
         22.785
         22.785
         22.785
         22.785
         22.785
         22.785
         22.785
         22.785
         22.785
         22.785
         22.785
         22.785
         22.785
         22.763
         22.272
         21.790
         21.314
         20.846
          0.000
          0.000
          0.000
          0.000
          0.000
          0.000
          0.000
          0.000
          0.000
          0.000
          0.000
          0.000
          0.000
          0.000
          0.000
          0.000
          0.000
          0.000
          0.000
          0.000
          0.000
          0.000
          0.000
         22.809
         22.809
         22.809
         22.809
         22.809
         22.809
         22.809
         22.809
         22.809
         22.809
         22.809
         22.809
         22.809
         22.809
         22.809
         22.809
         22.809
         22.809
         22.809
         22.809
         22.809
         22.809
         22.809
         22.809
         22.809
         22.809
         22.809
         22.809
         22.809
         22.809
         22.809
         22.809
         22.809
         22.809
         22.809
         22.809
         22.809
         22.809
         22.809
         22.809
         22.809
         22.809
         22.809
         22.809
         22.809
         22.809
         22.809
         22.809
         22.809
         22.809
         22.809
         22.809
         22.809
         22.809
         22.809
         22.809
         22.809
         22.809
         22.809
         22.809
         22.809
         22.809
         22.809
         22.809
         22.809
         22.809
         22.809
         22.809
         22.809
         22.809
         22.809
         22.809
         22.789
         22.297
         21.814
         21.338
         20.869
