     0.00000000
     0.00004599
     0.00004612
     0.00004625
     0.00004638
     0.00004652
     0.00004665
     0.00004680
     0.00004694
     0.00004709
     0.00004724
     0.00004739
     0.00004755
     0.00004771
     0.00004788
     0.00004805
     0.00004823
     0.00004841
     0.00004859
     0.00004878
     0.00004897
     0.00092257
     0.00095858
     0.00099113
     0.00090692
     0.00091081
     0.00091435
     0.00091759
     0.00092054
     0.00092325
     0.00092573
     0.00092800
     0.00093008
     0.00093199
     0.00093374
     0.00093534
     0.00093681
     0.00093814
     0.00093936
     0.00094047
     0.00089543
     0.00089557
     0.00089568
     0.00089579
     0.00089588
     0.00089597
     0.00089604
     0.00089610
     0.00089615
     0.00089619
     0.00089622
     0.00089624
     0.00089626
     0.00089626
     0.00089626
     0.00089534
     0.00090973
     0.00090685
     0.00087711
     0.00086733
     0.00088362
     0.00088283
     0.00088225
     0.00088182
     0.00088153
     0.00088134
     0.00088123
     0.00088120
     0.00088123
     0.00088131
     0.00088144
     0.00088160
     0.00088179
     0.00088200
     0.00088224
     0.00088249
     0.00088276
     0.00088304
     0.00088333
     0.00088362
     0.00088392
     0.00088422
     0.00088453
     0.00088483
     0.00088514
     0.00088544
     0.00088573
     0.00088602
     0.00088631
     0.00088658
     0.00088683
     0.00088707
     0.00088729
     0.00088747
     0.00088741
     0.00085946
     0.00085913
     0.00085889
     0.00085875
     0.00085871
     0.00000000
     0.00004599
     0.00004612
     0.00004625
     0.00004638
     0.00004652
     0.00004665
     0.00004679
     0.00004694
     0.00004709
     0.00004724
     0.00004739
     0.00004755
     0.00004771
     0.00004788
     0.00004805
     0.00004823
     0.00004840
     0.00004859
     0.00004878
     0.00004897
     0.00092082
     0.00095710
     0.00098990
     0.00090586
     0.00090978
     0.00091336
     0.00091662
     0.00091961
     0.00092234
     0.00092484
     0.00092713
     0.00092923
     0.00093115
     0.00093292
     0.00093454
     0.00093602
     0.00093737
     0.00093860
     0.00093972
     0.00089440
     0.00089453
     0.00089465
     0.00089476
     0.00089485
     0.00089494
     0.00089501
     0.00089507
     0.00089512
     0.00089516
     0.00089519
     0.00089522
     0.00089523
     0.00089524
     0.00089523
     0.00089454
     0.00090956
     0.00088992
     0.00087627
     0.00086631
     0.00088252
     0.00088171
     0.00088112
     0.00088069
     0.00088039
     0.00088019
     0.00088009
     0.00088006
     0.00088009
     0.00088017
     0.00088029
     0.00088045
     0.00088064
     0.00088086
     0.00088109
     0.00088135
     0.00088162
     0.00088190
     0.00088219
     0.00088249
     0.00088279
     0.00088310
     0.00088341
     0.00088371
     0.00088402
     0.00088432
     0.00088462
     0.00088491
     0.00088520
     0.00088547
     0.00088573
     0.00088597
     0.00088619
     0.00088637
     0.00088631
     0.00085844
     0.00085810
     0.00085786
     0.00085773
     0.00085768
     0.00000000
     0.00004599
     0.00004612
     0.00004625
     0.00004638
     0.00004651
     0.00004665
     0.00004679
     0.00004694
     0.00004709
     0.00004724
     0.00004739
     0.00004755
     0.00004771
     0.00004788
     0.00004805
     0.00004822
     0.00004840
     0.00004859
     0.00004878
     0.00004897
     0.00091907
     0.00095562
     0.00098867
     0.00090480
     0.00090876
     0.00091237
     0.00091566
     0.00091867
     0.00092143
     0.00092395
     0.00092626
     0.00092838
     0.00093032
     0.00093211
     0.00093374
     0.00093523
     0.00093660
     0.00093784
     0.00093897
     0.00089337
     0.00089350
     0.00089362
     0.00089373
     0.00089383
     0.00089391
     0.00089398
     0.00089405
     0.00089410
     0.00089414
     0.00089417
     0.00089420
     0.00089421
     0.00089422
     0.00089421
     0.00089376
     0.00090943
     0.00088934
     0.00087543
     0.00086531
     0.00088142
     0.00088060
     0.00087999
     0.00087955
     0.00087925
     0.00087905
     0.00087894
     0.00087891
     0.00087894
     0.00087902
     0.00087914
     0.00087931
     0.00087950
     0.00087971
     0.00087995
     0.00088021
     0.00088048
     0.00088077
     0.00088106
     0.00088136
     0.00088167
     0.00088197
     0.00088228
     0.00088259
     0.00088290
     0.00088321
     0.00088351
     0.00088380
     0.00088409
     0.00088437
     0.00088463
     0.00088487
     0.00088509
     0.00088527
     0.00088521
     0.00085741
     0.00085708
     0.00085684
     0.00085670
     0.00085666
     0.00000000
     0.00004599
     0.00004612
     0.00004625
     0.00004638
     0.00004651
     0.00004665
     0.00004679
     0.00004694
     0.00004708
     0.00004724
     0.00004739
     0.00004755
     0.00004771
     0.00004788
     0.00004805
     0.00004822
     0.00004840
     0.00004859
     0.00004878
     0.00004897
     0.00091731
     0.00095414
     0.00098743
     0.00090375
     0.00090774
     0.00091138
     0.00091470
     0.00091774
     0.00092052
     0.00092306
     0.00092540
     0.00092754
     0.00092950
     0.00093130
     0.00093294
     0.00093445
     0.00093583
     0.00093708
     0.00093822
     0.00089234
     0.00089247
     0.00089260
     0.00089271
     0.00089280
     0.00089289
     0.00089296
     0.00089302
     0.00089308
     0.00089312
     0.00089315
     0.00089318
     0.00089319
     0.00089320
     0.00089319
     0.00089300
     0.00090933
     0.00088878
     0.00087461
     0.00086431
     0.00088032
     0.00087948
     0.00087887
     0.00087842
     0.00087811
     0.00087791
     0.00087780
     0.00087777
     0.00087780
     0.00087788
     0.00087800
     0.00087816
     0.00087836
     0.00087857
     0.00087882
     0.00087908
     0.00087935
     0.00087964
     0.00087993
     0.00088023
     0.00088054
     0.00088085
     0.00088116
     0.00088148
     0.00088179
     0.00088210
     0.00088240
     0.00088270
     0.00088299
     0.00088327
     0.00088353
     0.00088378
     0.00088400
     0.00088418
     0.00088412
     0.00085639
     0.00085606
     0.00085582
     0.00085568
     0.00085564
     0.00000000
     0.00004599
     0.00004612
     0.00004625
     0.00004638
     0.00004651
     0.00004665
     0.00004679
     0.00004694
     0.00004708
     0.00004724
     0.00004739
     0.00004755
     0.00004771
     0.00004788
     0.00004805
     0.00004822
     0.00004840
     0.00004859
     0.00004878
     0.00004897
     0.00091554
     0.00095265
     0.00098619
     0.00090269
     0.00090672
     0.00091040
     0.00091375
     0.00091681
     0.00091961
     0.00092218
     0.00092454
     0.00092670
     0.00092867
     0.00093049
     0.00093215
     0.00093367
     0.00093506
     0.00093633
     0.00093748
     0.00089131
     0.00089145
     0.00089157
     0.00089168
     0.00089178
     0.00089187
     0.00089194
     0.00089201
     0.00089206
     0.00089210
     0.00089214
     0.00089216
     0.00089217
     0.00089218
     0.00089218
     0.00089226
     0.00090927
     0.00088823
     0.00087379
     0.00086332
     0.00087922
     0.00087837
     0.00087775
     0.00087730
     0.00087698
     0.00087677
     0.00087666
     0.00087663
     0.00087665
     0.00087673
     0.00087686
     0.00087702
     0.00087722
     0.00087744
     0.00087768
     0.00087794
     0.00087822
     0.00087851
     0.00087880
     0.00087911
     0.00087942
     0.00087973
     0.00088005
     0.00088036
     0.00088068
     0.00088099
     0.00088129
     0.00088159
     0.00088189
     0.00088217
     0.00088243
     0.00088268
     0.00088290
     0.00088309
     0.00088302
     0.00085537
     0.00085504
     0.00085480
     0.00085466
     0.00085462
     0.00000000
     0.00004599
     0.00004612
     0.00004625
     0.00004638
     0.00004651
     0.00004665
     0.00004679
     0.00004694
     0.00004708
     0.00004723
     0.00004739
     0.00004755
     0.00004771
     0.00004788
     0.00004805
     0.00004822
     0.00004840
     0.00004859
     0.00004877
     0.00004897
     0.00091376
     0.00095115
     0.00098494
     0.00090164
     0.00090571
     0.00090941
     0.00091279
     0.00091588
     0.00091871
     0.00092130
     0.00092368
     0.00092586
     0.00092785
     0.00092969
     0.00093136
     0.00093290
     0.00093430
     0.00093558
     0.00093675
     0.00089029
     0.00089043
     0.00089055
     0.00089066
     0.00089076
     0.00089085
     0.00089093
     0.00089099
     0.00089104
     0.00089109
     0.00089112
     0.00089115
     0.00089116
     0.00089117
     0.00089117
     0.00089154
     0.00088612
     0.00088770
     0.00087299
     0.00086234
     0.00087812
     0.00087727
     0.00087663
     0.00087617
     0.00087585
     0.00087564
     0.00087552
     0.00087549
     0.00087551
     0.00087559
     0.00087572
     0.00087588
     0.00087608
     0.00087630
     0.00087655
     0.00087681
     0.00087709
     0.00087738
     0.00087768
     0.00087799
     0.00087830
     0.00087861
     0.00087893
     0.00087925
     0.00087957
     0.00087988
     0.00088019
     0.00088049
     0.00088079
     0.00088107
     0.00088134
     0.00088159
     0.00088181
     0.00088200
     0.00088193
     0.00085436
     0.00085402
     0.00085378
     0.00085365
     0.00085360
     0.00000000
     0.00004599
     0.00004612
     0.00004624
     0.00004638
     0.00004651
     0.00004665
     0.00004679
     0.00004693
     0.00004708
     0.00004723
     0.00004739
     0.00004755
     0.00004771
     0.00004788
     0.00004805
     0.00004822
     0.00004840
     0.00004858
     0.00004877
     0.00004897
     0.00091198
     0.00094965
     0.00098369
     0.00090059
     0.00090469
     0.00090843
     0.00091184
     0.00091496
     0.00091781
     0.00092043
     0.00092282
     0.00092502
     0.00092704
     0.00092889
     0.00093058
     0.00093213
     0.00093355
     0.00093484
     0.00093601
     0.00088927
     0.00088941
     0.00088953
     0.00088965
     0.00088975
     0.00088984
     0.00088991
     0.00088998
     0.00089003
     0.00089008
     0.00089011
     0.00089014
     0.00089015
     0.00089016
     0.00089016
     0.00089084
     0.00088520
     0.00088719
     0.00087219
     0.00086137
     0.00087703
     0.00087616
     0.00087552
     0.00087505
     0.00087472
     0.00087451
     0.00087439
     0.00087435
     0.00087437
     0.00087446
     0.00087458
     0.00087475
     0.00087494
     0.00087517
     0.00087541
     0.00087568
     0.00087596
     0.00087625
     0.00087655
     0.00087686
     0.00087718
     0.00087750
     0.00087782
     0.00087814
     0.00087846
     0.00087878
     0.00087909
     0.00087939
     0.00087969
     0.00087998
     0.00088025
     0.00088050
     0.00088073
     0.00088092
     0.00088085
     0.00085334
     0.00085300
     0.00085277
     0.00085263
     0.00085258
     0.00000000
     0.00004599
     0.00004611
     0.00004624
     0.00004638
     0.00004651
     0.00004665
     0.00004679
     0.00004693
     0.00004708
     0.00004723
     0.00004739
     0.00004755
     0.00004771
     0.00004787
     0.00004804
     0.00004822
     0.00004840
     0.00004858
     0.00004877
     0.00004897
     0.00091019
     0.00094814
     0.00098244
     0.00089954
     0.00090368
     0.00090745
     0.00091089
     0.00091404
     0.00091692
     0.00091955
     0.00092197
     0.00092419
     0.00092623
     0.00092809
     0.00092980
     0.00093136
     0.00093279
     0.00093410
     0.00093528
     0.00088825
     0.00088839
     0.00088852
     0.00088863
     0.00088873
     0.00088882
     0.00088890
     0.00088897
     0.00088902
     0.00088907
     0.00088910
     0.00088913
     0.00088914
     0.00088915
     0.00088915
     0.00089017
     0.00088429
     0.00088670
     0.00087141
     0.00086040
     0.00087594
     0.00087506
     0.00087440
     0.00087393
     0.00087359
     0.00087338
     0.00087326
     0.00087321
     0.00087324
     0.00087332
     0.00087345
     0.00087361
     0.00087381
     0.00087403
     0.00087428
     0.00087455
     0.00087483
     0.00087513
     0.00087543
     0.00087575
     0.00087606
     0.00087639
     0.00087671
     0.00087703
     0.00087735
     0.00087767
     0.00087799
     0.00087830
     0.00087860
     0.00087888
     0.00087916
     0.00087941
     0.00087964
     0.00087983
     0.00087976
     0.00085233
     0.00085199
     0.00085176
     0.00085162
     0.00085157
     0.00000000
     0.00004599
     0.00004611
     0.00004624
     0.00004638
     0.00004651
     0.00004665
     0.00004679
     0.00004693
     0.00004708
     0.00004723
     0.00004739
     0.00004755
     0.00004771
     0.00004787
     0.00004804
     0.00004822
     0.00004840
     0.00004858
     0.00004877
     0.00004897
     0.00090839
     0.00094662
     0.00098118
     0.00089850
     0.00090267
     0.00090647
     0.00090994
     0.00091312
     0.00091602
     0.00091869
     0.00092113
     0.00092336
     0.00092542
     0.00092730
     0.00092902
     0.00093060
     0.00093204
     0.00093336
     0.00088707
     0.00088723
     0.00088738
     0.00088751
     0.00088762
     0.00088772
     0.00088781
     0.00088789
     0.00088796
     0.00088802
     0.00088806
     0.00088810
     0.00088812
     0.00088814
     0.00088815
     0.00088815
     0.00088954
     0.00088339
     0.00088623
     0.00087064
     0.00085944
     0.00087486
     0.00087396
     0.00087329
     0.00087281
     0.00087247
     0.00087225
     0.00087212
     0.00087208
     0.00087210
     0.00087218
     0.00087231
     0.00087248
     0.00087268
     0.00087290
     0.00087315
     0.00087342
     0.00087371
     0.00087401
     0.00087431
     0.00087463
     0.00087495
     0.00087527
     0.00087560
     0.00087593
     0.00087625
     0.00087657
     0.00087689
     0.00087720
     0.00087750
     0.00087779
     0.00087807
     0.00087833
     0.00087856
     0.00087875
     0.00087868
     0.00085132
     0.00085098
     0.00085074
     0.00085061
     0.00085056
     0.00000000
     0.00004599
     0.00004611
     0.00004624
     0.00004637
     0.00004651
     0.00004665
     0.00004679
     0.00004693
     0.00004708
     0.00004723
     0.00004739
     0.00004754
     0.00004771
     0.00004787
     0.00004804
     0.00004822
     0.00004840
     0.00004858
     0.00004877
     0.00004896
     0.00090658
     0.00094510
     0.00097992
     0.00089745
     0.00090166
     0.00090550
     0.00090900
     0.00091220
     0.00091513
     0.00091782
     0.00092028
     0.00092254
     0.00092461
     0.00092651
     0.00092825
     0.00092984
     0.00093130
     0.00093263
     0.00088606
     0.00088622
     0.00088637
     0.00088650
     0.00088661
     0.00088672
     0.00088681
     0.00088689
     0.00088696
     0.00088701
     0.00088706
     0.00088710
     0.00088712
     0.00088714
     0.00088715
     0.00088714
     0.00088894
     0.00088249
     0.00088578
     0.00086989
     0.00085849
     0.00087378
     0.00087286
     0.00087218
     0.00087169
     0.00087135
     0.00087112
     0.00087099
     0.00087095
     0.00087097
     0.00087105
     0.00087118
     0.00087135
     0.00087155
     0.00087178
     0.00087203
     0.00087230
     0.00087259
     0.00087289
     0.00087320
     0.00087351
     0.00087384
     0.00087416
     0.00087449
     0.00087482
     0.00087515
     0.00087547
     0.00087579
     0.00087611
     0.00087641
     0.00087671
     0.00087698
     0.00087724
     0.00087748
     0.00087767
     0.00087760
     0.00085031
     0.00084997
     0.00084974
     0.00084960
     0.00084955
     0.00000000
     0.00004599
     0.00004611
     0.00004624
     0.00004637
     0.00004651
     0.00004665
     0.00004679
     0.00004693
     0.00004708
     0.00004723
     0.00004739
     0.00004754
     0.00004771
     0.00004787
     0.00004804
     0.00004822
     0.00004840
     0.00004858
     0.00004877
     0.00004896
     0.00090476
     0.00094357
     0.00097865
     0.00089641
     0.00090065
     0.00090452
     0.00090806
     0.00091129
     0.00091425
     0.00091695
     0.00091944
     0.00092172
     0.00092381
     0.00092572
     0.00092748
     0.00092909
     0.00093056
     0.00093190
     0.00088505
     0.00088521
     0.00088536
     0.00088549
     0.00088561
     0.00088571
     0.00088580
     0.00088589
     0.00088595
     0.00088601
     0.00088606
     0.00088610
     0.00088612
     0.00088614
     0.00088615
     0.00088615
     0.00088839
     0.00088161
     0.00088535
     0.00086914
     0.00085755
     0.00087270
     0.00087176
     0.00087108
     0.00087057
     0.00087022
     0.00087000
     0.00086987
     0.00086982
     0.00086984
     0.00086992
     0.00087005
     0.00087022
     0.00087042
     0.00087065
     0.00087090
     0.00087118
     0.00087147
     0.00087177
     0.00087208
     0.00087240
     0.00087273
     0.00087306
     0.00087339
     0.00087372
     0.00087405
     0.00087438
     0.00087470
     0.00087502
     0.00087532
     0.00087562
     0.00087590
     0.00087616
     0.00087640
     0.00087660
     0.00087652
     0.00084931
     0.00084897
     0.00084873
     0.00084859
     0.00084855
     0.00000000
     0.00004599
     0.00004611
     0.00004624
     0.00004637
     0.00004651
     0.00004665
     0.00004679
     0.00004693
     0.00004708
     0.00004723
     0.00004738
     0.00004754
     0.00004770
     0.00004787
     0.00004804
     0.00004822
     0.00004840
     0.00004858
     0.00004877
     0.00004896
     0.00090294
     0.00094203
     0.00097738
     0.00089536
     0.00089965
     0.00090355
     0.00090712
     0.00091038
     0.00091336
     0.00091609
     0.00091860
     0.00092090
     0.00092301
     0.00092494
     0.00092672
     0.00092834
     0.00092982
     0.00093118
     0.00088404
     0.00088420
     0.00088435
     0.00088448
     0.00088460
     0.00088471
     0.00088480
     0.00088489
     0.00088496
     0.00088501
     0.00088506
     0.00088510
     0.00088513
     0.00088514
     0.00088515
     0.00088515
     0.00088788
     0.00088073
     0.00088494
     0.00086841
     0.00085661
     0.00087162
     0.00087067
     0.00086997
     0.00086946
     0.00086911
     0.00086887
     0.00086874
     0.00086869
     0.00086871
     0.00086879
     0.00086892
     0.00086909
     0.00086929
     0.00086952
     0.00086978
     0.00087006
     0.00087035
     0.00087065
     0.00087097
     0.00087129
     0.00087162
     0.00087195
     0.00087229
     0.00087262
     0.00087295
     0.00087328
     0.00087361
     0.00087393
     0.00087424
     0.00087454
     0.00087482
     0.00087509
     0.00087532
     0.00087552
     0.00087544
     0.00084830
     0.00084796
     0.00084772
     0.00084759
     0.00084754
     0.00000000
     0.00004598
     0.00004611
     0.00004624
     0.00004637
     0.00004651
     0.00004665
     0.00004679
     0.00004693
     0.00004708
     0.00004723
     0.00004738
     0.00004754
     0.00004770
     0.00004787
     0.00004804
     0.00004822
     0.00004839
     0.00004858
     0.00004877
     0.00004896
     0.00090111
     0.00094049
     0.00097610
     0.00089432
     0.00089865
     0.00090258
     0.00090618
     0.00090947
     0.00091248
     0.00091524
     0.00091777
     0.00092008
     0.00092221
     0.00092416
     0.00092595
     0.00092759
     0.00092909
     0.00093046
     0.00088303
     0.00088320
     0.00088335
     0.00088348
     0.00088360
     0.00088371
     0.00088381
     0.00088389
     0.00088396
     0.00088402
     0.00088407
     0.00088411
     0.00088413
     0.00088415
     0.00088416
     0.00088416
     0.00088745
     0.00087986
     0.00088455
     0.00086769
     0.00085568
     0.00087054
     0.00086958
     0.00086887
     0.00086835
     0.00086799
     0.00086775
     0.00086762
     0.00086757
     0.00086759
     0.00086767
     0.00086779
     0.00086796
     0.00086817
     0.00086840
     0.00086866
     0.00086894
     0.00086923
     0.00086954
     0.00086986
     0.00087018
     0.00087051
     0.00087085
     0.00087119
     0.00087152
     0.00087186
     0.00087219
     0.00087252
     0.00087284
     0.00087315
     0.00087346
     0.00087374
     0.00087401
     0.00087425
     0.00087445
     0.00087437
     0.00084730
     0.00084696
     0.00084672
     0.00084658
     0.00084654
     0.00000000
     0.00004598
     0.00004611
     0.00004624
     0.00004637
     0.00004651
     0.00004664
     0.00004679
     0.00004693
     0.00004708
     0.00004723
     0.00004738
     0.00004754
     0.00004770
     0.00004787
     0.00004804
     0.00004821
     0.00004839
     0.00004858
     0.00004877
     0.00004896
     0.00089927
     0.00093894
     0.00097482
     0.00089328
     0.00089764
     0.00090162
     0.00090525
     0.00090856
     0.00091160
     0.00091438
     0.00091693
     0.00091927
     0.00092142
     0.00092339
     0.00092520
     0.00092685
     0.00092836
     0.00092974
     0.00088203
     0.00088220
     0.00088235
     0.00088248
     0.00088261
     0.00088272
     0.00088281
     0.00088289
     0.00088297
     0.00088303
     0.00088308
     0.00088311
     0.00088314
     0.00088316
     0.00088317
     0.00088317
     0.00088709
     0.00087900
     0.00088419
     0.00086698
     0.00085477
     0.00086947
     0.00086849
     0.00086777
     0.00086724
     0.00086688
     0.00086663
     0.00086650
     0.00086644
     0.00086646
     0.00086654
     0.00086667
     0.00086684
     0.00086705
     0.00086728
     0.00086754
     0.00086782
     0.00086812
     0.00086843
     0.00086875
     0.00086908
     0.00086941
     0.00086975
     0.00087009
     0.00087043
     0.00087077
     0.00087110
     0.00087143
     0.00087176
     0.00087207
     0.00087238
     0.00087267
     0.00087294
     0.00087318
     0.00087338
     0.00087330
     0.00084630
     0.00084596
     0.00084572
     0.00084558
     0.00084554
     0.00000000
     0.00004598
     0.00004611
     0.00004624
     0.00004637
     0.00004651
     0.00004664
     0.00004678
     0.00004693
     0.00004708
     0.00004723
     0.00004738
     0.00004754
     0.00004770
     0.00004787
     0.00004804
     0.00004821
     0.00004839
     0.00004858
     0.00004877
     0.00004896
     0.00089742
     0.00093739
     0.00097353
     0.00089225
     0.00089664
     0.00090065
     0.00090431
     0.00090766
     0.00091072
     0.00091353
     0.00091610
     0.00091847
     0.00092063
     0.00092262
     0.00092444
     0.00092611
     0.00092763
     0.00092903
     0.00088103
     0.00088120
     0.00088135
     0.00088149
     0.00088161
     0.00088172
     0.00088182
     0.00088190
     0.00088198
     0.00088204
     0.00088209
     0.00088213
     0.00088215
     0.00088217
     0.00088218
     0.00088218
     0.00088686
     0.00087816
     0.00088384
     0.00086628
     0.00085386
     0.00086840
     0.00086741
     0.00086667
     0.00086614
     0.00086576
     0.00086552
     0.00086538
     0.00086532
     0.00086534
     0.00086542
     0.00086555
     0.00086572
     0.00086593
     0.00086616
     0.00086642
     0.00086671
     0.00086700
     0.00086732
     0.00086764
     0.00086797
     0.00086831
     0.00086865
     0.00086899
     0.00086934
     0.00086968
     0.00087002
     0.00087035
     0.00087068
     0.00087099
     0.00087130
     0.00087159
     0.00087186
     0.00087211
     0.00087231
     0.00087223
     0.00084530
     0.00084496
     0.00084472
     0.00084459
     0.00084454
     0.00000000
     0.00004598
     0.00004611
     0.00004624
     0.00004637
     0.00004651
     0.00004664
     0.00004678
     0.00004693
     0.00004708
     0.00004723
     0.00004738
     0.00004754
     0.00004770
     0.00004787
     0.00004804
     0.00004821
     0.00004839
     0.00004858
     0.00004876
     0.00004896
     0.00089556
     0.00093583
     0.00097224
     0.00089121
     0.00089565
     0.00089969
     0.00090338
     0.00090676
     0.00090985
     0.00091268
     0.00091528
     0.00091766
     0.00091985
     0.00092185
     0.00092369
     0.00092537
     0.00092691
     0.00092832
     0.00088003
     0.00088020
     0.00088036
     0.00088050
     0.00088062
     0.00088073
     0.00088083
     0.00088092
     0.00088099
     0.00088105
     0.00088110
     0.00088114
     0.00088117
     0.00088119
     0.00088120
     0.00088120
     0.00088681
     0.00087732
     0.00088352
     0.00086560
     0.00085295
     0.00086734
     0.00086633
     0.00086558
     0.00086504
     0.00086465
     0.00086440
     0.00086426
     0.00086420
     0.00086422
     0.00086430
     0.00086443
     0.00086460
     0.00086481
     0.00086505
     0.00086531
     0.00086559
     0.00086589
     0.00086621
     0.00086653
     0.00086687
     0.00086721
     0.00086755
     0.00086790
     0.00086824
     0.00086859
     0.00086893
     0.00086927
     0.00086960
     0.00086992
     0.00087023
     0.00087052
     0.00087079
     0.00087104
     0.00087125
     0.00087116
     0.00084431
     0.00084397
     0.00084373
     0.00084359
     0.00084354
     0.00000000
     0.00004598
     0.00004611
     0.00004624
     0.00004637
     0.00004650
     0.00004664
     0.00004678
     0.00004693
     0.00004707
     0.00004723
     0.00004738
     0.00004754
     0.00004770
     0.00004787
     0.00004804
     0.00004821
     0.00004839
     0.00004857
     0.00004876
     0.00004896
     0.00089369
     0.00093426
     0.00097094
     0.00089017
     0.00089465
     0.00089873
     0.00090245
     0.00090586
     0.00090898
     0.00091183
     0.00091445
     0.00091686
     0.00091906
     0.00092109
     0.00092294
     0.00092464
     0.00092620
     0.00092762
     0.00087903
     0.00087921
     0.00087936
     0.00087950
     0.00087963
     0.00087974
     0.00087984
     0.00087993
     0.00088000
     0.00088007
     0.00088012
     0.00088016
     0.00088019
     0.00088021
     0.00088022
     0.00088022
     0.00088714
     0.00087650
     0.00088323
     0.00086493
     0.00085206
     0.00086627
     0.00086525
     0.00086449
     0.00086393
     0.00086355
     0.00086329
     0.00086314
     0.00086309
     0.00086310
     0.00086318
     0.00086331
     0.00086348
     0.00086369
     0.00086393
     0.00086420
     0.00086448
     0.00086479
     0.00086510
     0.00086543
     0.00086577
     0.00086611
     0.00086646
     0.00086681
     0.00086715
     0.00086750
     0.00086785
     0.00086819
     0.00086852
     0.00086884
     0.00086915
     0.00086945
     0.00086973
     0.00086998
     0.00087018
     0.00087009
     0.00084331
     0.00084297
     0.00084273
     0.00084259
     0.00084255
     0.00000000
     0.00004598
     0.00004611
     0.00004624
     0.00004637
     0.00004650
     0.00004664
     0.00004678
     0.00004693
     0.00004707
     0.00004722
     0.00004738
     0.00004754
     0.00004770
     0.00004787
     0.00004804
     0.00004821
     0.00004839
     0.00004857
     0.00004876
     0.00004896
     0.00089181
     0.00093268
     0.00096964
     0.00088914
     0.00089366
     0.00089777
     0.00090153
     0.00090496
     0.00090811
     0.00091099
     0.00091363
     0.00091606
     0.00091829
     0.00092033
     0.00092220
     0.00092391
     0.00092548
     0.00092692
     0.00087804
     0.00087822
     0.00087837
     0.00087852
     0.00087864
     0.00087876
     0.00087886
     0.00087895
     0.00087902
     0.00087909
     0.00087914
     0.00087918
     0.00087921
     0.00087923
     0.00087924
     0.00087924
     0.00087923
     0.00087569
     0.00088296
     0.00086428
     0.00085118
     0.00086521
     0.00086417
     0.00086340
     0.00086283
     0.00086244
     0.00086218
     0.00086203
     0.00086197
     0.00086199
     0.00086206
     0.00086219
     0.00086237
     0.00086258
     0.00086282
     0.00086309
     0.00086337
     0.00086368
     0.00086400
     0.00086433
     0.00086467
     0.00086501
     0.00086536
     0.00086572
     0.00086607
     0.00086642
     0.00086677
     0.00086711
     0.00086744
     0.00086777
     0.00086808
     0.00086838
     0.00086866
     0.00086891
     0.00086912
     0.00086903
     0.00084232
     0.00084198
     0.00084174
     0.00084160
     0.00084156
     0.00000000
     0.00004598
     0.00004611
     0.00004624
     0.00004637
     0.00004650
     0.00004664
     0.00004678
     0.00004693
     0.00004707
     0.00004722
     0.00004738
     0.00004754
     0.00004770
     0.00004786
     0.00004804
     0.00004821
     0.00004839
     0.00004857
     0.00004876
     0.00004896
     0.00088993
     0.00093110
     0.00096833
     0.00088811
     0.00089266
     0.00089681
     0.00090060
     0.00090407
     0.00090724
     0.00091015
     0.00091282
     0.00091526
     0.00091751
     0.00091957
     0.00092146
     0.00092319
     0.00092477
     0.00092622
     0.00087705
     0.00087723
     0.00087739
     0.00087753
     0.00087766
     0.00087778
     0.00087788
     0.00087797
     0.00087804
     0.00087811
     0.00087816
     0.00087820
     0.00087823
     0.00087825
     0.00087826
     0.00087826
     0.00087826
     0.00087489
     0.00088272
     0.00086364
     0.00085030
     0.00086416
     0.00086309
     0.00086231
     0.00086174
     0.00086134
     0.00086107
     0.00086092
     0.00086086
     0.00086087
     0.00086095
     0.00086108
     0.00086125
     0.00086146
     0.00086171
     0.00086198
     0.00086227
     0.00086257
     0.00086290
     0.00086323
     0.00086357
     0.00086392
     0.00086427
     0.00086463
     0.00086498
     0.00086534
     0.00086569
     0.00086603
     0.00086637
     0.00086670
     0.00086702
     0.00086732
     0.00086760
     0.00086785
     0.00086807
     0.00086797
     0.00084133
     0.00084099
     0.00084075
     0.00084061
     0.00084057
     0.00000000
     0.00004598
     0.00004611
     0.00004624
     0.00004637
     0.00004650
     0.00004664
     0.00004678
     0.00004692
     0.00004707
     0.00004722
     0.00004738
     0.00004754
     0.00004770
     0.00004786
     0.00004803
     0.00004821
     0.00004839
     0.00004857
     0.00004876
     0.00004895
     0.00088804
     0.00092951
     0.00096702
     0.00088708
     0.00089167
     0.00089586
     0.00089968
     0.00090318
     0.00090638
     0.00090931
     0.00091200
     0.00091447
     0.00091674
     0.00091882
     0.00092072
     0.00092247
     0.00092407
     0.00087586
     0.00087606
     0.00087624
     0.00087640
     0.00087655
     0.00087668
     0.00087680
     0.00087690
     0.00087699
     0.00087707
     0.00087713
     0.00087718
     0.00087723
     0.00087726
     0.00087728
     0.00087729
     0.00087729
     0.00087728
     0.00087410
     0.00088250
     0.00086302
     0.00084944
     0.00086310
     0.00086202
     0.00086122
     0.00086064
     0.00086024
     0.00085997
     0.00085981
     0.00085974
     0.00085976
     0.00085983
     0.00085996
     0.00086014
     0.00086035
     0.00086060
     0.00086087
     0.00086116
     0.00086147
     0.00086180
     0.00086213
     0.00086248
     0.00086283
     0.00086318
     0.00086354
     0.00086390
     0.00086426
     0.00086461
     0.00086496
     0.00086530
     0.00086563
     0.00086595
     0.00086626
     0.00086654
     0.00086679
     0.00086701
     0.00086691
     0.00084034
     0.00084000
     0.00083976
     0.00083962
     0.00083958
     0.00000000
     0.00004598
     0.00004611
     0.00004623
     0.00004637
     0.00004650
     0.00004664
     0.00004678
     0.00004692
     0.00004707
     0.00004722
     0.00004738
     0.00004754
     0.00004770
     0.00004786
     0.00004803
     0.00004821
     0.00004839
     0.00004857
     0.00004876
     0.00004895
     0.00100054
     0.00092792
     0.00096570
     0.00088605
     0.00089068
     0.00089490
     0.00089876
     0.00090229
     0.00090552
     0.00090848
     0.00091119
     0.00091368
     0.00091597
     0.00091807
     0.00091999
     0.00092175
     0.00092337
     0.00087488
     0.00087508
     0.00087526
     0.00087542
     0.00087557
     0.00087570
     0.00087582
     0.00087592
     0.00087601
     0.00087609
     0.00087616
     0.00087621
     0.00087626
     0.00087629
     0.00087631
     0.00087632
     0.00087632
     0.00087631
     0.00087333
     0.00088231
     0.00084024
     0.00084858
     0.00086205
     0.00086095
     0.00086014
     0.00085955
     0.00085914
     0.00085886
     0.00085870
     0.00085863
     0.00085865
     0.00085872
     0.00085885
     0.00085903
     0.00085924
     0.00085949
     0.00085976
     0.00086006
     0.00086037
     0.00086070
     0.00086104
     0.00086138
     0.00086174
     0.00086210
     0.00086246
     0.00086282
     0.00086318
     0.00086353
     0.00086389
     0.00086423
     0.00086456
     0.00086489
     0.00086519
     0.00086548
     0.00086574
     0.00086596
     0.00086586
     0.00083936
     0.00083902
     0.00083878
     0.00083864
     0.00083859
     0.00000000
     0.00004598
     0.00004611
     0.00004623
     0.00004637
     0.00004650
     0.00004664
     0.00004678
     0.00004692
     0.00004707
     0.00004722
     0.00004738
     0.00004753
     0.00004770
     0.00004786
     0.00004803
     0.00004821
     0.00004839
     0.00004857
     0.00004876
     0.00004895
     0.00099353
     0.00092631
     0.00096438
     0.00088502
     0.00088969
     0.00089395
     0.00089784
     0.00090140
     0.00090466
     0.00090764
     0.00091038
     0.00091290
     0.00091520
     0.00091732
     0.00091926
     0.00092104
     0.00092267
     0.00087389
     0.00087409
     0.00087428
     0.00087444
     0.00087459
     0.00087473
     0.00087485
     0.00087495
     0.00087504
     0.00087512
     0.00087519
     0.00087524
     0.00087529
     0.00087532
     0.00087534
     0.00087535
     0.00087535
     0.00087535
     0.00087257
     0.00088215
     0.00084228
     0.00084773
     0.00086100
     0.00085988
     0.00085906
     0.00085846
     0.00085804
     0.00085776
     0.00085760
     0.00085753
     0.00085754
     0.00085761
     0.00085774
     0.00085792
     0.00085814
     0.00085838
     0.00085866
     0.00085896
     0.00085927
     0.00085960
     0.00085994
     0.00086029
     0.00086065
     0.00086101
     0.00086138
     0.00086174
     0.00086210
     0.00086246
     0.00086282
     0.00086316
     0.00086350
     0.00086383
     0.00086414
     0.00086442
     0.00086468
     0.00086490
     0.00086480
     0.00083838
     0.00083803
     0.00083779
     0.00083766
     0.00083761
     0.00000000
     0.00004598
     0.00004610
     0.00004623
     0.00004637
     0.00004650
     0.00004664
     0.00004678
     0.00004692
     0.00004707
     0.00004722
     0.00004738
     0.00004753
     0.00004770
     0.00004786
     0.00004803
     0.00004821
     0.00004839
     0.00004857
     0.00004876
     0.00004895
     0.00098646
     0.00092470
     0.00096305
     0.00088399
     0.00088871
     0.00089300
     0.00089693
     0.00090052
     0.00090380
     0.00090682
     0.00090958
     0.00091212
     0.00091444
     0.00091658
     0.00091854
     0.00092033
     0.00092197
     0.00087291
     0.00087311
     0.00087330
     0.00087347
     0.00087362
     0.00087375
     0.00087387
     0.00087398
     0.00087407
     0.00087415
     0.00087422
     0.00087428
     0.00087432
     0.00087435
     0.00087438
     0.00087439
     0.00087439
     0.00087438
     0.00087183
     0.00088202
     0.00084440
     0.00084690
     0.00085995
     0.00085882
     0.00085798
     0.00085737
     0.00085694
     0.00085666
     0.00085649
     0.00085642
     0.00085643
     0.00085651
     0.00085664
     0.00085681
     0.00085703
     0.00085728
     0.00085756
     0.00085786
     0.00085817
     0.00085851
     0.00085885
     0.00085921
     0.00085956
     0.00085993
     0.00086030
     0.00086066
     0.00086103
     0.00086139
     0.00086175
     0.00086210
     0.00086244
     0.00086277
     0.00086308
     0.00086337
     0.00086363
     0.00086385
     0.00086375
     0.00083739
     0.00083705
     0.00083681
     0.00083667
     0.00083663
     0.00000000
     0.00004598
     0.00004610
     0.00004623
     0.00004636
     0.00004650
     0.00004664
     0.00004678
     0.00004692
     0.00004707
     0.00004722
     0.00004737
     0.00004753
     0.00004769
     0.00004786
     0.00004803
     0.00004821
     0.00004838
     0.00004857
     0.00004876
     0.00004895
     0.00097932
     0.00092308
     0.00096171
     0.00088297
     0.00088772
     0.00089206
     0.00089601
     0.00089963
     0.00090295
     0.00090599
     0.00090878
     0.00091134
     0.00091368
     0.00091584
     0.00091782
     0.00091963
     0.00092128
     0.00087193
     0.00087214
     0.00087232
     0.00087249
     0.00087265
     0.00087278
     0.00087291
     0.00087301
     0.00087311
     0.00087319
     0.00087326
     0.00087331
     0.00087336
     0.00087339
     0.00087342
     0.00087343
     0.00087343
     0.00087342
     0.00087111
     0.00088192
     0.00084661
     0.00084607
     0.00085891
     0.00085776
     0.00085690
     0.00085629
     0.00085585
     0.00085556
     0.00085539
     0.00085532
     0.00085532
     0.00085540
     0.00085553
     0.00085571
     0.00085593
     0.00085618
     0.00085646
     0.00085676
     0.00085708
     0.00085741
     0.00085776
     0.00085812
     0.00085848
     0.00085885
     0.00085922
     0.00085959
     0.00085996
     0.00086032
     0.00086068
     0.00086103
     0.00086138
     0.00086171
     0.00086202
     0.00086232
     0.00086258
     0.00086281
     0.00086270
     0.00083642
     0.00083607
     0.00083583
     0.00083569
     0.00083565
     0.00000000
     0.00004598
     0.00004610
     0.00004623
     0.00004636
     0.00004650
     0.00004664
     0.00004678
     0.00004692
     0.00004707
     0.00004722
     0.00004737
     0.00004753
     0.00004769
     0.00004786
     0.00004803
     0.00004820
     0.00004838
     0.00004857
     0.00004876
     0.00004895
     0.00097213
     0.00092146
     0.00096037
     0.00088194
     0.00088674
     0.00089111
     0.00089510
     0.00089876
     0.00090210
     0.00090517
     0.00090798
     0.00091056
     0.00091293
     0.00091510
     0.00091710
     0.00091893
     0.00092060
     0.00087096
     0.00087116
     0.00087135
     0.00087152
     0.00087168
     0.00087182
     0.00087194
     0.00087205
     0.00087214
     0.00087223
     0.00087230
     0.00087235
     0.00087240
     0.00087243
     0.00087246
     0.00087247
     0.00087247
     0.00087246
     0.00087040
     0.00088185
     0.00084891
     0.00084525
     0.00085787
     0.00085670
     0.00085583
     0.00085520
     0.00085476
     0.00085446
     0.00085429
     0.00085421
     0.00085422
     0.00085430
     0.00085443
     0.00085461
     0.00085483
     0.00085508
     0.00085536
     0.00085566
     0.00085599
     0.00085632
     0.00085667
     0.00085703
     0.00085740
     0.00085777
     0.00085814
     0.00085851
     0.00085889
     0.00085925
     0.00085962
     0.00085997
     0.00086032
     0.00086065
     0.00086097
     0.00086127
     0.00086154
     0.00086176
     0.00086166
     0.00083544
     0.00083509
     0.00083486
     0.00083472
     0.00083467
     0.00000000
     0.00004598
     0.00004610
     0.00004623
     0.00004636
     0.00004650
     0.00004664
     0.00004678
     0.00004692
     0.00004707
     0.00004722
     0.00004737
     0.00004753
     0.00004769
     0.00004786
     0.00004803
     0.00004820
     0.00004838
     0.00004857
     0.00004875
     0.00004895
     0.00096487
     0.00091982
     0.00095902
     0.00088092
     0.00088576
     0.00089017
     0.00089419
     0.00089788
     0.00090125
     0.00090434
     0.00090718
     0.00090979
     0.00091218
     0.00091437
     0.00091638
     0.00091823
     0.00091992
     0.00086998
     0.00087019
     0.00087038
     0.00087056
     0.00087071
     0.00087085
     0.00087098
     0.00087109
     0.00087118
     0.00087127
     0.00087134
     0.00087139
     0.00087144
     0.00087148
     0.00087150
     0.00087151
     0.00087152
     0.00087151
     0.00086972
     0.00088182
     0.00085130
     0.00084444
     0.00085683
     0.00085564
     0.00085476
     0.00085412
     0.00085367
     0.00085337
     0.00085319
     0.00085311
     0.00085312
     0.00085319
     0.00085332
     0.00085351
     0.00085373
     0.00085398
     0.00085426
     0.00085457
     0.00085489
     0.00085524
     0.00085559
     0.00085595
     0.00085632
     0.00085669
     0.00085707
     0.00085744
     0.00085782
     0.00085819
     0.00085856
     0.00085892
     0.00085926
     0.00085960
     0.00085992
     0.00086022
     0.00086049
     0.00086072
     0.00086061
     0.00083446
     0.00083412
     0.00083388
     0.00083374
     0.00083369
     0.00000000
     0.00004598
     0.00004610
     0.00004623
     0.00004636
     0.00004650
     0.00004663
     0.00004678
     0.00004692
     0.00004707
     0.00004722
     0.00004737
     0.00004753
     0.00004769
     0.00004786
     0.00004803
     0.00004820
     0.00004838
     0.00004857
     0.00004875
     0.00004895
     0.00095756
     0.00091818
     0.00095767
     0.00087990
     0.00088478
     0.00088923
     0.00089329
     0.00089700
     0.00090041
     0.00090353
     0.00090639
     0.00090902
     0.00091143
     0.00091364
     0.00091567
     0.00091753
     0.00091924
     0.00086901
     0.00086922
     0.00086942
     0.00086959
     0.00086975
     0.00086989
     0.00087002
     0.00087013
     0.00087023
     0.00087031
     0.00087038
     0.00087044
     0.00087049
     0.00087052
     0.00087055
     0.00087056
     0.00087056
     0.00087056
     0.00086906
     0.00088182
     0.00085379
     0.00084365
     0.00085580
     0.00085458
     0.00085369
     0.00085304
     0.00085258
     0.00085228
     0.00085209
     0.00085201
     0.00085202
     0.00085209
     0.00085222
     0.00085241
     0.00085263
     0.00085288
     0.00085317
     0.00085348
     0.00085380
     0.00085415
     0.00085450
     0.00085487
     0.00085524
     0.00085562
     0.00085600
     0.00085637
     0.00085675
     0.00085713
     0.00085750
     0.00085786
     0.00085821
     0.00085855
     0.00085887
     0.00085918
     0.00085945
     0.00085968
     0.00085957
     0.00083349
     0.00083315
     0.00083291
     0.00083277
     0.00083272
     0.00000000
     0.00004597
     0.00004610
     0.00004623
     0.00004636
     0.00004650
     0.00004663
     0.00004677
     0.00004692
     0.00004707
     0.00004722
     0.00004737
     0.00004753
     0.00004769
     0.00004786
     0.00004803
     0.00004820
     0.00004838
     0.00004856
     0.00004875
     0.00004895
     0.00095017
     0.00091653
     0.00095631
     0.00087888
     0.00088380
     0.00088829
     0.00089238
     0.00089613
     0.00089956
     0.00090271
     0.00090560
     0.00090825
     0.00091068
     0.00091292
     0.00091497
     0.00091684
     0.00091856
     0.00086804
     0.00086826
     0.00086845
     0.00086863
     0.00086879
     0.00086893
     0.00086906
     0.00086917
     0.00086927
     0.00086936
     0.00086943
     0.00086949
     0.00086953
     0.00086957
     0.00086960
     0.00086961
     0.00086961
     0.00086961
     0.00086842
     0.00088186
     0.00085638
     0.00084286
     0.00085477
     0.00085353
     0.00085262
     0.00085196
     0.00085150
     0.00085119
     0.00085100
     0.00085092
     0.00085092
     0.00085099
     0.00085113
     0.00085131
     0.00085153
     0.00085179
     0.00085208
     0.00085239
     0.00085272
     0.00085306
     0.00085342
     0.00085379
     0.00085416
     0.00085454
     0.00085493
     0.00085531
     0.00085569
     0.00085607
     0.00085644
     0.00085680
     0.00085716
     0.00085750
     0.00085783
     0.00085813
     0.00085841
     0.00085864
     0.00085880
     0.00083252
     0.00083217
     0.00083194
     0.00083180
     0.00083175
     0.00000000
     0.00004597
     0.00004610
     0.00004623
     0.00004636
     0.00004650
     0.00004663
     0.00004677
     0.00004692
     0.00004707
     0.00004722
     0.00004737
     0.00004753
     0.00004769
     0.00004786
     0.00004803
     0.00004820
     0.00004838
     0.00004856
     0.00004875
     0.00004895
     0.00094273
     0.00091487
     0.00095495
     0.00087786
     0.00088282
     0.00088735
     0.00089148
     0.00089526
     0.00089872
     0.00090190
     0.00090481
     0.00090749
     0.00090994
     0.00091220
     0.00091426
     0.00091616
     0.00091789
     0.00086708
     0.00086729
     0.00086749
     0.00086767
     0.00086783
     0.00086797
     0.00086810
     0.00086822
     0.00086832
     0.00086840
     0.00086848
     0.00086854
     0.00086859
     0.00086862
     0.00086865
     0.00086866
     0.00086867
     0.00086866
     0.00086782
     0.00088193
     0.00085906
     0.00084209
     0.00085374
     0.00085248
     0.00085156
     0.00085089
     0.00085041
     0.00085010
     0.00084991
     0.00084982
     0.00084982
     0.00084990
     0.00085003
     0.00085021
     0.00085044
     0.00085070
     0.00085099
     0.00085130
     0.00085163
     0.00085198
     0.00085234
     0.00085271
     0.00085309
     0.00085347
     0.00085386
     0.00085424
     0.00085463
     0.00085501
     0.00085538
     0.00085575
     0.00085611
     0.00085646
     0.00085678
     0.00085709
     0.00085737
     0.00085760
     0.00085777
     0.00083155
     0.00083121
     0.00083097
     0.00083083
     0.00083078
     0.00000000
     0.00004597
     0.00004610
     0.00004623
     0.00004636
     0.00004650
     0.00004663
     0.00004677
     0.00004692
     0.00004706
     0.00004722
     0.00004737
     0.00004753
     0.00004769
     0.00004786
     0.00004803
     0.00004820
     0.00004838
     0.00004856
     0.00004875
     0.00004894
     0.00093522
     0.00091321
     0.00095358
     0.00087684
     0.00088185
     0.00088641
     0.00089058
     0.00089439
     0.00089789
     0.00090109
     0.00090403
     0.00090673
     0.00090920
     0.00091148
     0.00091356
     0.00091548
     0.00091723
     0.00086611
     0.00086633
     0.00086653
     0.00086671
     0.00086687
     0.00086702
     0.00086715
     0.00086727
     0.00086737
     0.00086746
     0.00086753
     0.00086759
     0.00086764
     0.00086768
     0.00086770
     0.00086772
     0.00086772
     0.00086771
     0.00086724
     0.00088205
     0.00086185
     0.00084132
     0.00085271
     0.00085143
     0.00085050
     0.00084981
     0.00084933
     0.00084901
     0.00084882
     0.00084873
     0.00084873
     0.00084880
     0.00084893
     0.00084912
     0.00084934
     0.00084961
     0.00084990
     0.00085021
     0.00085055
     0.00085090
     0.00085126
     0.00085164
     0.00085202
     0.00085240
     0.00085279
     0.00085318
     0.00085357
     0.00085395
     0.00085433
     0.00085470
     0.00085506
     0.00085541
     0.00085574
     0.00085605
     0.00085633
     0.00085657
     0.00085674
     0.00083058
     0.00083024
     0.00083000
     0.00082986
     0.00082981
     0.00000000
     0.00004597
     0.00004610
     0.00004623
     0.00004636
     0.00004649
     0.00004663
     0.00004677
     0.00004692
     0.00004706
     0.00004721
     0.00004737
     0.00004753
     0.00004769
     0.00004785
     0.00004802
     0.00004820
     0.00004838
     0.00004856
     0.00004875
     0.00004894
     0.00092765
     0.00091154
     0.00095220
     0.00087582
     0.00088087
     0.00088548
     0.00088968
     0.00089353
     0.00089705
     0.00090028
     0.00090325
     0.00090597
     0.00090847
     0.00091076
     0.00091287
     0.00091480
     0.00091656
     0.00086515
     0.00086537
     0.00086557
     0.00086576
     0.00086592
     0.00086607
     0.00086620
     0.00086632
     0.00086642
     0.00086651
     0.00086658
     0.00086665
     0.00086670
     0.00086673
     0.00086676
     0.00086678
     0.00086678
     0.00086677
     0.00086670
     0.00085974
     0.00086475
     0.00084057
     0.00085169
     0.00085039
     0.00084944
     0.00084874
     0.00084825
     0.00084792
     0.00084773
     0.00084764
     0.00084764
     0.00084771
     0.00084784
     0.00084803
     0.00084825
     0.00084852
     0.00084881
     0.00084913
     0.00084946
     0.00084982
     0.00085018
     0.00085056
     0.00085095
     0.00085133
     0.00085173
     0.00085212
     0.00085251
     0.00085290
     0.00085328
     0.00085365
     0.00085402
     0.00085437
     0.00085470
     0.00085502
     0.00085530
     0.00085554
     0.00085571
     0.00082962
     0.00082927
     0.00082903
     0.00082889
     0.00082885
     0.00000000
     0.00004597
     0.00004610
     0.00004623
     0.00004636
     0.00004649
     0.00004663
     0.00004677
     0.00004692
     0.00004706
     0.00004721
     0.00004737
     0.00004753
     0.00004769
     0.00004785
     0.00004802
     0.00004820
     0.00004838
     0.00004856
     0.00004875
     0.00004894
     0.00092001
     0.00090985
     0.00095082
     0.00087481
     0.00087990
     0.00088454
     0.00088879
     0.00089266
     0.00089622
     0.00089948
     0.00090247
     0.00090521
     0.00090774
     0.00091005
     0.00091217
     0.00091412
     0.00086395
     0.00086419
     0.00086442
     0.00086462
     0.00086481
     0.00086497
     0.00086512
     0.00086526
     0.00086537
     0.00086548
     0.00086557
     0.00086564
     0.00086570
     0.00086576
     0.00086579
     0.00086582
     0.00086584
     0.00086584
     0.00086583
     0.00086620
     0.00085890
     0.00086776
     0.00083983
     0.00085067
     0.00084935
     0.00084838
     0.00084767
     0.00084717
     0.00084684
     0.00084664
     0.00084655
     0.00084654
     0.00084662
     0.00084675
     0.00084693
     0.00084716
     0.00084743
     0.00084772
     0.00084804
     0.00084838
     0.00084874
     0.00084911
     0.00084949
     0.00084988
     0.00085027
     0.00085066
     0.00085106
     0.00085145
     0.00085184
     0.00085223
     0.00085261
     0.00085297
     0.00085333
     0.00085367
     0.00085398
     0.00085427
     0.00085451
     0.00085468
     0.00082865
     0.00082831
     0.00082807
     0.00082793
     0.00082788
     0.00000000
     0.00004597
     0.00004610
     0.00004623
     0.00004636
     0.00004649
     0.00004663
     0.00004677
     0.00004692
     0.00004706
     0.00004721
     0.00004737
     0.00004753
     0.00004769
     0.00004785
     0.00004802
     0.00004820
     0.00004838
     0.00004856
     0.00004875
     0.00004894
     0.00091231
     0.00090816
     0.00094943
     0.00087379
     0.00087893
     0.00088361
     0.00088789
     0.00089180
     0.00089539
     0.00089868
     0.00090169
     0.00090446
     0.00090701
     0.00090934
     0.00091149
     0.00091345
     0.00086299
     0.00086324
     0.00086346
     0.00086367
     0.00086386
     0.00086402
     0.00086418
     0.00086431
     0.00086443
     0.00086454
     0.00086463
     0.00086470
     0.00086477
     0.00086482
     0.00086486
     0.00086488
     0.00086490
     0.00086490
     0.00086490
     0.00086575
     0.00085807
     0.00087088
     0.00083910
     0.00084966
     0.00084831
     0.00084732
     0.00084661
     0.00084610
     0.00084576
     0.00084555
     0.00084546
     0.00084545
     0.00084553
     0.00084566
     0.00084585
     0.00084608
     0.00084634
     0.00084664
     0.00084696
     0.00084730
     0.00084766
     0.00084804
     0.00084842
     0.00084881
     0.00084920
     0.00084960
     0.00085000
     0.00085040
     0.00085079
     0.00085118
     0.00085156
     0.00085193
     0.00085229
     0.00085263
     0.00085295
     0.00085324
     0.00085348
     0.00085365
     0.00082769
     0.00082735
     0.00082711
     0.00082697
     0.00082692
     0.00000000
     0.00004597
     0.00004610
     0.00004623
     0.00004636
     0.00004649
     0.00004663
     0.00004677
     0.00004691
     0.00004706
     0.00004721
     0.00004737
     0.00004752
     0.00004769
     0.00004785
     0.00004802
     0.00004820
     0.00004838
     0.00004856
     0.00004875
     0.00004894
     0.00090454
     0.00090647
     0.00094803
     0.00087278
     0.00087796
     0.00088268
     0.00088700
     0.00089095
     0.00089456
     0.00089788
     0.00090092
     0.00090372
     0.00090628
     0.00090864
     0.00091080
     0.00091278
     0.00086203
     0.00086228
     0.00086251
     0.00086272
     0.00086291
     0.00086308
     0.00086323
     0.00086337
     0.00086349
     0.00086360
     0.00086369
     0.00086377
     0.00086383
     0.00086388
     0.00086392
     0.00086395
     0.00086397
     0.00086397
     0.00086397
     0.00086536
     0.00085725
     0.00085603
     0.00083839
     0.00084864
     0.00084727
     0.00084627
     0.00084554
     0.00084503
     0.00084468
     0.00084447
     0.00084437
     0.00084437
     0.00084444
     0.00084457
     0.00084476
     0.00084499
     0.00084526
     0.00084556
     0.00084588
     0.00084623
     0.00084659
     0.00084696
     0.00084735
     0.00084774
     0.00084814
     0.00084854
     0.00084895
     0.00084935
     0.00084974
     0.00085014
     0.00085052
     0.00085089
     0.00085125
     0.00085160
     0.00085192
     0.00085221
     0.00085245
     0.00085263
     0.00082673
     0.00082639
     0.00082615
     0.00082601
     0.00082596
     0.00000000
     0.00004597
     0.00004610
     0.00004623
     0.00004636
     0.00004649
     0.00004663
     0.00004677
     0.00004691
     0.00004706
     0.00004721
     0.00004737
     0.00004752
     0.00004769
     0.00004785
     0.00004802
     0.00004820
     0.00004837
     0.00004856
     0.00004875
     0.00004894
     0.00089671
     0.00090476
     0.00094663
     0.00087177
     0.00087699
     0.00088176
     0.00088611
     0.00089009
     0.00089374
     0.00089708
     0.00090015
     0.00090297
     0.00090556
     0.00090794
     0.00091012
     0.00091212
     0.00086108
     0.00086133
     0.00086156
     0.00086178
     0.00086197
     0.00086214
     0.00086229
     0.00086243
     0.00086255
     0.00086266
     0.00086275
     0.00086283
     0.00086290
     0.00086295
     0.00086299
     0.00086302
     0.00086304
     0.00086304
     0.00086304
     0.00086505
     0.00085645
     0.00085568
     0.00083768
     0.00084763
     0.00084624
     0.00084522
     0.00084448
     0.00084396
     0.00084360
     0.00084339
     0.00084329
     0.00084328
     0.00084335
     0.00084348
     0.00084367
     0.00084391
     0.00084418
     0.00084448
     0.00084480
     0.00084515
     0.00084552
     0.00084590
     0.00084628
     0.00084668
     0.00084708
     0.00084749
     0.00084789
     0.00084830
     0.00084870
     0.00084909
     0.00084948
     0.00084986
     0.00085022
     0.00085057
     0.00085089
     0.00085118
     0.00085143
     0.00085161
     0.00082578
     0.00082543
     0.00082519
     0.00082505
     0.00082500
     0.00000000
     0.00004597
     0.00004610
     0.00004622
     0.00004636
     0.00004649
     0.00004663
     0.00004677
     0.00004691
     0.00004706
     0.00004721
     0.00004736
     0.00004752
     0.00004768
     0.00004785
     0.00004802
     0.00004819
     0.00004837
     0.00004856
     0.00004875
     0.00004894
     0.00088881
     0.00090304
     0.00094522
     0.00087076
     0.00087603
     0.00088083
     0.00088522
     0.00088924
     0.00089291
     0.00089629
     0.00089939
     0.00090223
     0.00090484
     0.00090724
     0.00090944
     0.00091146
     0.00086013
     0.00086039
     0.00086062
     0.00086083
     0.00086102
     0.00086120
     0.00086136
     0.00086149
     0.00086162
     0.00086173
     0.00086182
     0.00086190
     0.00086197
     0.00086202
     0.00086206
     0.00086209
     0.00086211
     0.00086211
     0.00086211
     0.00086483
     0.00085565
     0.00085535
     0.00083699
     0.00084662
     0.00084521
     0.00084417
     0.00084342
     0.00084289
     0.00084253
     0.00084231
     0.00084221
     0.00084220
     0.00084227
     0.00084240
     0.00084259
     0.00084282
     0.00084309
     0.00084340
     0.00084373
     0.00084408
     0.00084445
     0.00084483
     0.00084522
     0.00084562
     0.00084602
     0.00084643
     0.00084684
     0.00084725
     0.00084765
     0.00084805
     0.00084844
     0.00084882
     0.00084919
     0.00084954
     0.00084986
     0.00085016
     0.00085041
     0.00085059
     0.00082482
     0.00082447
     0.00082423
     0.00082409
     0.00082405
     0.00000000
     0.00004597
     0.00004609
     0.00004622
     0.00004636
     0.00004649
     0.00004663
     0.00004677
     0.00004691
     0.00004706
     0.00004721
     0.00004736
     0.00004752
     0.00004768
     0.00004785
     0.00004802
     0.00004819
     0.00004837
     0.00004856
     0.00004874
     0.00004894
     0.00088084
     0.00090132
     0.00094380
     0.00086974
     0.00087506
     0.00087991
     0.00088433
     0.00088838
     0.00089209
     0.00089550
     0.00089862
     0.00090149
     0.00090413
     0.00090654
     0.00090877
     0.00091080
     0.00085918
     0.00085944
     0.00085968
     0.00085989
     0.00086009
     0.00086026
     0.00086042
     0.00086056
     0.00086069
     0.00086080
     0.00086089
     0.00086097
     0.00086104
     0.00086109
     0.00086113
     0.00086116
     0.00086118
     0.00086119
     0.00086118
     0.00086477
     0.00085486
     0.00085504
     0.00083631
     0.00084562
     0.00084418
     0.00084312
     0.00084236
     0.00084182
     0.00084145
     0.00084123
     0.00084113
     0.00084111
     0.00084118
     0.00084132
     0.00084151
     0.00084174
     0.00084201
     0.00084232
     0.00084265
     0.00084301
     0.00084338
     0.00084376
     0.00084416
     0.00084456
     0.00084497
     0.00084538
     0.00084579
     0.00084620
     0.00084661
     0.00084701
     0.00084740
     0.00084779
     0.00084816
     0.00084851
     0.00084884
     0.00084914
     0.00084939
     0.00084957
     0.00082387
     0.00082352
     0.00082328
     0.00082314
     0.00082309
     0.00000000
     0.00004597
     0.00004609
     0.00004622
     0.00004635
     0.00004649
     0.00004663
     0.00004677
     0.00004691
     0.00004706
     0.00004721
     0.00004736
     0.00004752
     0.00004768
     0.00004785
     0.00004802
     0.00004819
     0.00004837
     0.00004856
     0.00004874
     0.00004894
     0.00087281
     0.00089959
     0.00094238
     0.00086874
     0.00087410
     0.00087898
     0.00088345
     0.00088753
     0.00089128
     0.00089471
     0.00089786
     0.00090076
     0.00090341
     0.00090585
     0.00090809
     0.00091015
     0.00085824
     0.00085850
     0.00085874
     0.00085895
     0.00085915
     0.00085933
     0.00085949
     0.00085963
     0.00085976
     0.00085987
     0.00085996
     0.00086005
     0.00086011
     0.00086017
     0.00086021
     0.00086024
     0.00086026
     0.00086027
     0.00086026
     0.00086494
     0.00085408
     0.00085475
     0.00083565
     0.00084462
     0.00084315
     0.00084208
     0.00084130
     0.00084075
     0.00084038
     0.00084016
     0.00084005
     0.00084003
     0.00084010
     0.00084024
     0.00084043
     0.00084066
     0.00084094
     0.00084125
     0.00084158
     0.00084194
     0.00084231
     0.00084270
     0.00084310
     0.00084350
     0.00084391
     0.00084433
     0.00084474
     0.00084516
     0.00084557
     0.00084597
     0.00084637
     0.00084676
     0.00084713
     0.00084749
     0.00084782
     0.00084812
     0.00084837
     0.00084855
     0.00082292
     0.00082257
     0.00082233
     0.00082219
     0.00082214
     0.00000000
     0.00004597
     0.00004609
     0.00004622
     0.00004635
     0.00004649
     0.00004663
     0.00004677
     0.00004691
     0.00004706
     0.00004721
     0.00004736
     0.00004752
     0.00004768
     0.00004785
     0.00004802
     0.00004819
     0.00004837
     0.00004855
     0.00004874
     0.00004894
     0.00096018
     0.00089784
     0.00094095
     0.00086773
     0.00087313
     0.00087806
     0.00088257
     0.00088669
     0.00089046
     0.00089392
     0.00089710
     0.00090002
     0.00090270
     0.00090517
     0.00090743
     0.00090950
     0.00085729
     0.00085756
     0.00085780
     0.00085802
     0.00085822
     0.00085840
     0.00085856
     0.00085870
     0.00085883
     0.00085894
     0.00085904
     0.00085912
     0.00085919
     0.00085925
     0.00085929
     0.00085932
     0.00085934
     0.00085935
     0.00085934
     0.00086566
     0.00085332
     0.00085449
     0.00083499
     0.00084362
     0.00084213
     0.00084104
     0.00084025
     0.00083969
     0.00083931
     0.00083908
     0.00083897
     0.00083895
     0.00083902
     0.00083916
     0.00083935
     0.00083958
     0.00083986
     0.00084017
     0.00084051
     0.00084087
     0.00084124
     0.00084163
     0.00084204
     0.00084245
     0.00084286
     0.00084328
     0.00084370
     0.00084411
     0.00084453
     0.00084494
     0.00084534
     0.00084573
     0.00084610
     0.00084646
     0.00084680
     0.00084710
     0.00084736
     0.00084754
     0.00082197
     0.00082162
     0.00082138
     0.00082124
     0.00082119
     0.00000000
     0.00004597
     0.00004609
     0.00004622
     0.00004635
     0.00004649
     0.00004663
     0.00004677
     0.00004691
     0.00004706
     0.00004721
     0.00004736
     0.00004752
     0.00004768
     0.00004785
     0.00004802
     0.00004819
     0.00004837
     0.00004855
     0.00004874
     0.00004893
     0.00091199
     0.00089609
     0.00093951
     0.00086672
     0.00087217
     0.00087714
     0.00088168
     0.00088584
     0.00088965
     0.00089314
     0.00089635
     0.00089929
     0.00090200
     0.00090448
     0.00090676
     0.00090885
     0.00085635
     0.00085662
     0.00085686
     0.00085708
     0.00085729
     0.00085747
     0.00085763
     0.00085778
     0.00085791
     0.00085802
     0.00085812
     0.00085820
     0.00085827
     0.00085833
     0.00085837
     0.00085840
     0.00085842
     0.00085843
     0.00085843
     0.00085841
     0.00085256
     0.00085426
     0.00083436
     0.00084262
     0.00084111
     0.00084000
     0.00083920
     0.00083863
     0.00083824
     0.00083801
     0.00083789
     0.00083788
     0.00083794
     0.00083808
     0.00083827
     0.00083851
     0.00083879
     0.00083910
     0.00083944
     0.00083980
     0.00084018
     0.00084057
     0.00084098
     0.00084139
     0.00084181
     0.00084223
     0.00084265
     0.00084307
     0.00084349
     0.00084390
     0.00084431
     0.00084470
     0.00084508
     0.00084544
     0.00084578
     0.00084609
     0.00084634
     0.00084653
     0.00082102
     0.00082067
     0.00082043
     0.00082029
     0.00082024
     0.00000000
     0.00004597
     0.00004609
     0.00004622
     0.00004635
     0.00004649
     0.00004662
     0.00004677
     0.00004691
     0.00004706
     0.00004721
     0.00004736
     0.00004752
     0.00004768
     0.00004785
     0.00004802
     0.00004819
     0.00004837
     0.00004855
     0.00004874
     0.00004893
     0.00096289
     0.00089433
     0.00093806
     0.00086571
     0.00087121
     0.00087623
     0.00088081
     0.00088500
     0.00088884
     0.00089236
     0.00089560
     0.00089857
     0.00090130
     0.00090380
     0.00090610
     0.00090821
     0.00085541
     0.00085568
     0.00085593
     0.00085615
     0.00085636
     0.00085654
     0.00085671
     0.00085685
     0.00085698
     0.00085710
     0.00085720
     0.00085728
     0.00085736
     0.00085741
     0.00085746
     0.00085749
     0.00085751
     0.00085752
     0.00085751
     0.00085750
     0.00085182
     0.00085405
     0.00083373
     0.00084163
     0.00084009
     0.00083896
     0.00083815
     0.00083757
     0.00083718
     0.00083694
     0.00083682
     0.00083680
     0.00083687
     0.00083700
     0.00083719
     0.00083743
     0.00083771
     0.00083803
     0.00083837
     0.00083873
     0.00083912
     0.00083951
     0.00083992
     0.00084034
     0.00084076
     0.00084118
     0.00084161
     0.00084203
     0.00084246
     0.00084287
     0.00084328
     0.00084367
     0.00084406
     0.00084442
     0.00084476
     0.00084507
     0.00084533
     0.00084552
     0.00082007
     0.00081973
     0.00081948
     0.00081934
     0.00081930
     0.00000000
     0.00004597
     0.00004609
     0.00004622
     0.00004635
     0.00004649
     0.00004662
     0.00004676
     0.00004691
     0.00004706
     0.00004721
     0.00004736
     0.00004752
     0.00004768
     0.00004785
     0.00004802
     0.00004819
     0.00004837
     0.00004855
     0.00004874
     0.00004893
     0.00004913
     0.00089257
     0.00093661
     0.00086471
     0.00087025
     0.00087531
     0.00087993
     0.00088416
     0.00088803
     0.00089158
     0.00089485
     0.00089784
     0.00090060
     0.00090312
     0.00090545
     0.00090758
     0.00085448
     0.00085475
     0.00085500
     0.00085523
     0.00085543
     0.00085562
     0.00085578
     0.00085593
     0.00085607
     0.00085618
     0.00085628
     0.00085637
     0.00085644
     0.00085650
     0.00085654
     0.00085658
     0.00085660
     0.00085660
     0.00085660
     0.00085659
     0.00085110
     0.00085387
     0.00083312
     0.00084064
     0.00083907
     0.00083793
     0.00083710
     0.00083651
     0.00083611
     0.00083587
     0.00083575
     0.00083573
     0.00083579
     0.00083593
     0.00083612
     0.00083636
     0.00083664
     0.00083696
     0.00083730
     0.00083767
     0.00083806
     0.00083846
     0.00083887
     0.00083929
     0.00083971
     0.00084014
     0.00084057
     0.00084100
     0.00084142
     0.00084184
     0.00084225
     0.00084265
     0.00084304
     0.00084341
     0.00084375
     0.00084406
     0.00084432
     0.00084451
     0.00081913
     0.00081878
     0.00081854
     0.00081840
     0.00081835
     0.00000000
     0.00004596
     0.00004609
     0.00004622
     0.00004635
     0.00004649
     0.00004662
     0.00004676
     0.00004691
     0.00004705
     0.00004721
     0.00004736
     0.00004752
     0.00004768
     0.00004784
     0.00004801
     0.00004819
     0.00004837
     0.00004855
     0.00004874
     0.00004893
     0.00004913
     0.00089079
     0.00093515
     0.00086370
     0.00086929
     0.00087439
     0.00087905
     0.00088332
     0.00088723
     0.00089081
     0.00089410
     0.00089712
     0.00089990
     0.00090245
     0.00090479
     0.00090694
     0.00085355
     0.00085382
     0.00085407
     0.00085430
     0.00085451
     0.00085470
     0.00085487
     0.00085502
     0.00085515
     0.00085527
     0.00085537
     0.00085546
     0.00085553
     0.00085559
     0.00085563
     0.00085567
     0.00085569
     0.00085570
     0.00085569
     0.00085568
     0.00085039
     0.00085371
     0.00083253
     0.00083966
     0.00083806
     0.00083690
     0.00083605
     0.00083546
     0.00083505
     0.00083480
     0.00083468
     0.00083466
     0.00083472
     0.00083485
     0.00083505
     0.00083529
     0.00083557
     0.00083589
     0.00083624
     0.00083661
     0.00083700
     0.00083740
     0.00083782
     0.00083824
     0.00083867
     0.00083910
     0.00083953
     0.00083996
     0.00084039
     0.00084081
     0.00084123
     0.00084163
     0.00084202
     0.00084239
     0.00084274
     0.00084305
     0.00084332
     0.00084351
     0.00081819
     0.00081784
     0.00081760
     0.00081746
     0.00081741
     0.00000000
     0.00004596
     0.00004609
     0.00004622
     0.00004635
     0.00004648
     0.00004662
     0.00004676
     0.00004691
     0.00004705
     0.00004720
     0.00004736
     0.00004752
     0.00004768
     0.00004784
     0.00004801
     0.00004819
     0.00004837
     0.00004855
     0.00004874
     0.00004893
     0.00004913
     0.00088900
     0.00093369
     0.00086270
     0.00086834
     0.00087348
     0.00087818
     0.00088248
     0.00088642
     0.00089004
     0.00089336
     0.00089641
     0.00089921
     0.00090178
     0.00090414
     0.00090631
     0.00085262
     0.00085289
     0.00085315
     0.00085338
     0.00085359
     0.00085378
     0.00085395
     0.00085410
     0.00085424
     0.00085436
     0.00085446
     0.00085455
     0.00085462
     0.00085468
     0.00085473
     0.00085476
     0.00085478
     0.00085479
     0.00085479
     0.00085477
     0.00084969
     0.00085359
     0.00083195
     0.00083868
     0.00083705
     0.00083587
     0.00083501
     0.00083440
     0.00083399
     0.00083374
     0.00083361
     0.00083358
     0.00083365
     0.00083378
     0.00083398
     0.00083422
     0.00083451
     0.00083483
     0.00083518
     0.00083555
     0.00083594
     0.00083635
     0.00083676
     0.00083719
     0.00083762
     0.00083806
     0.00083849
     0.00083893
     0.00083936
     0.00083979
     0.00084020
     0.00084061
     0.00084100
     0.00084138
     0.00084173
     0.00084204
     0.00084231
     0.00084251
     0.00081725
     0.00081690
     0.00081666
     0.00081652
     0.00081647
     0.00000000
     0.00004596
     0.00004609
     0.00004622
     0.00004635
     0.00004648
     0.00004662
     0.00004676
     0.00004691
     0.00004705
     0.00004720
     0.00004736
     0.00004752
     0.00004768
     0.00004784
     0.00004801
     0.00004819
     0.00004837
     0.00004855
     0.00004874
     0.00004893
     0.00004913
     0.00088720
     0.00093221
     0.00086169
     0.00086738
     0.00087257
     0.00087731
     0.00088165
     0.00088562
     0.00088927
     0.00089262
     0.00089569
     0.00089852
     0.00090111
     0.00090350
     0.00085138
     0.00085169
     0.00085197
     0.00085223
     0.00085246
     0.00085267
     0.00085286
     0.00085304
     0.00085319
     0.00085333
     0.00085345
     0.00085355
     0.00085364
     0.00085372
     0.00085378
     0.00085382
     0.00085386
     0.00085388
     0.00085389
     0.00085388
     0.00085387
     0.00084901
     0.00085349
     0.00083138
     0.00083770
     0.00083604
     0.00083484
     0.00083397
     0.00083335
     0.00083293
     0.00083267
     0.00083254
     0.00083252
     0.00083258
     0.00083271
     0.00083291
     0.00083315
     0.00083344
     0.00083376
     0.00083412
     0.00083449
     0.00083489
     0.00083529
     0.00083572
     0.00083615
     0.00083658
     0.00083702
     0.00083746
     0.00083790
     0.00083833
     0.00083876
     0.00083918
     0.00083959
     0.00083999
     0.00084037
     0.00084072
     0.00084104
     0.00084131
     0.00084150
     0.00081631
     0.00081596
     0.00081572
     0.00081558
     0.00081553
     0.00000000
     0.00004596
     0.00004609
     0.00004622
     0.00004635
     0.00004648
     0.00004662
     0.00004676
     0.00004691
     0.00004705
     0.00004720
     0.00004736
     0.00004751
     0.00004768
     0.00004784
     0.00004801
     0.00004819
     0.00004836
     0.00004855
     0.00004874
     0.00004893
     0.00004913
     0.00088540
     0.00093073
     0.00086069
     0.00086643
     0.00087166
     0.00087644
     0.00088081
     0.00088482
     0.00088850
     0.00089188
     0.00089498
     0.00089783
     0.00090045
     0.00090285
     0.00085045
     0.00085076
     0.00085105
     0.00085131
     0.00085154
     0.00085176
     0.00085195
     0.00085212
     0.00085228
     0.00085242
     0.00085254
     0.00085265
     0.00085274
     0.00085281
     0.00085287
     0.00085292
     0.00085296
     0.00085298
     0.00085299
     0.00085298
     0.00085297
     0.00084835
     0.00085342
     0.00083083
     0.00083672
     0.00083504
     0.00083381
     0.00083293
     0.00083230
     0.00083187
     0.00083161
     0.00083148
     0.00083145
     0.00083151
     0.00083164
     0.00083184
     0.00083209
     0.00083238
     0.00083270
     0.00083306
     0.00083343
     0.00083383
     0.00083424
     0.00083467
     0.00083510
     0.00083554
     0.00083598
     0.00083643
     0.00083687
     0.00083731
     0.00083774
     0.00083816
     0.00083858
     0.00083898
     0.00083936
     0.00083971
     0.00084004
     0.00084031
     0.00084051
     0.00081537
     0.00081502
     0.00081478
     0.00081464
     0.00081459
     0.00000000
     0.00004596
     0.00004609
     0.00004622
     0.00004635
     0.00004648
     0.00004662
     0.00004676
     0.00004690
     0.00004705
     0.00004720
     0.00004736
     0.00004751
     0.00004768
     0.00004784
     0.00004801
     0.00004818
     0.00004836
     0.00004855
     0.00004873
     0.00004893
     0.00004913
     0.00088358
     0.00092924
     0.00085969
     0.00086548
     0.00087075
     0.00087557
     0.00087998
     0.00088403
     0.00088774
     0.00089114
     0.00089427
     0.00089715
     0.00089979
     0.00090222
     0.00084953
     0.00084984
     0.00085013
     0.00085039
     0.00085063
     0.00085084
     0.00085104
     0.00085122
     0.00085137
     0.00085151
     0.00085164
     0.00085174
     0.00085183
     0.00085191
     0.00085197
     0.00085202
     0.00085206
     0.00085208
     0.00085209
     0.00085209
     0.00085207
     0.00084771
     0.00085339
     0.00083030
     0.00083575
     0.00083403
     0.00083279
     0.00083189
     0.00083125
     0.00083082
     0.00083055
     0.00083041
     0.00083038
     0.00083044
     0.00083058
     0.00083077
     0.00083102
     0.00083131
     0.00083164
     0.00083200
     0.00083238
     0.00083278
     0.00083320
     0.00083362
     0.00083406
     0.00083450
     0.00083495
     0.00083540
     0.00083584
     0.00083628
     0.00083672
     0.00083715
     0.00083756
     0.00083797
     0.00083835
     0.00083871
     0.00083904
     0.00083931
     0.00083951
     0.00081444
     0.00081409
     0.00081385
     0.00081371
     0.00081366
     0.00000000
     0.00004596
     0.00004609
     0.00004622
     0.00004635
     0.00004648
     0.00004662
     0.00004676
     0.00004690
     0.00004705
     0.00004720
     0.00004736
     0.00004751
     0.00004767
     0.00004784
     0.00004801
     0.00004818
     0.00004836
     0.00004855
     0.00004873
     0.00004893
     0.00004913
     0.00088175
     0.00092775
     0.00085869
     0.00086452
     0.00086984
     0.00087471
     0.00087916
     0.00088323
     0.00088698
     0.00089041
     0.00089357
     0.00089647
     0.00089913
     0.00090158
     0.00084860
     0.00084892
     0.00084921
     0.00084947
     0.00084971
     0.00084993
     0.00085013
     0.00085031
     0.00085047
     0.00085061
     0.00085073
     0.00085084
     0.00085094
     0.00085101
     0.00085108
     0.00085113
     0.00085116
     0.00085119
     0.00085120
     0.00085119
     0.00085118
     0.00084709
     0.00085339
     0.00082978
     0.00083478
     0.00083304
     0.00083177
     0.00083086
     0.00083021
     0.00082977
     0.00082949
     0.00082935
     0.00082932
     0.00082938
     0.00082951
     0.00082971
     0.00082996
     0.00083025
     0.00083058
     0.00083094
     0.00083133
     0.00083173
     0.00083215
     0.00083258
     0.00083302
     0.00083347
     0.00083391
     0.00083437
     0.00083481
     0.00083526
     0.00083570
     0.00083613
     0.00083655
     0.00083696
     0.00083735
     0.00083771
     0.00083804
     0.00083831
     0.00083851
     0.00081351
     0.00081316
     0.00081291
     0.00081277
     0.00081273
     0.00000000
     0.00004596
     0.00004609
     0.00004622
     0.00004635
     0.00004648
     0.00004662
     0.00004676
     0.00004690
     0.00004705
     0.00004720
     0.00004735
     0.00004751
     0.00004767
     0.00004784
     0.00004801
     0.00004818
     0.00004836
     0.00004854
     0.00004873
     0.00004893
     0.00004912
     0.00087992
     0.00092624
     0.00085769
     0.00086357
     0.00086894
     0.00087384
     0.00087833
     0.00088244
     0.00088622
     0.00088968
     0.00089287
     0.00089579
     0.00089848
     0.00090095
     0.00084768
     0.00084800
     0.00084829
     0.00084856
     0.00084880
     0.00084903
     0.00084923
     0.00084941
     0.00084957
     0.00084971
     0.00084984
     0.00084995
     0.00085004
     0.00085012
     0.00085018
     0.00085023
     0.00085027
     0.00085029
     0.00085030
     0.00085030
     0.00085029
     0.00084649
     0.00085343
     0.00082928
     0.00083382
     0.00083204
     0.00083075
     0.00082982
     0.00082916
     0.00082871
     0.00082843
     0.00082829
     0.00082826
     0.00082831
     0.00082845
     0.00082865
     0.00082890
     0.00082919
     0.00082953
     0.00082989
     0.00083027
     0.00083068
     0.00083110
     0.00083154
     0.00083198
     0.00083243
     0.00083288
     0.00083334
     0.00083379
     0.00083424
     0.00083468
     0.00083512
     0.00083554
     0.00083595
     0.00083634
     0.00083671
     0.00083704
     0.00083732
     0.00083752
     0.00081258
     0.00081223
     0.00081198
     0.00081184
     0.00081180
     0.00000000
     0.00004596
     0.00004609
     0.00004621
     0.00004635
     0.00004648
     0.00004662
     0.00004676
     0.00004690
     0.00004705
     0.00004720
     0.00004735
     0.00004751
     0.00004767
     0.00004784
     0.00004801
     0.00004818
     0.00004836
     0.00004854
     0.00004873
     0.00004893
     0.00004912
     0.00087807
     0.00092473
     0.00085669
     0.00086262
     0.00086803
     0.00087298
     0.00087750
     0.00088165
     0.00088546
     0.00088895
     0.00089217
     0.00089512
     0.00089783
     0.00090032
     0.00084676
     0.00084709
     0.00084738
     0.00084765
     0.00084790
     0.00084812
     0.00084832
     0.00084851
     0.00084867
     0.00084881
     0.00084894
     0.00084905
     0.00084915
     0.00084923
     0.00084929
     0.00084934
     0.00084938
     0.00084940
     0.00084941
     0.00084941
     0.00084940
     0.00084592
     0.00085350
     0.00082880
     0.00083285
     0.00083104
     0.00082974
     0.00082879
     0.00082812
     0.00082766
     0.00082738
     0.00082723
     0.00082719
     0.00082725
     0.00082739
     0.00082759
     0.00082784
     0.00082814
     0.00082847
     0.00082883
     0.00082922
     0.00082963
     0.00083006
     0.00083050
     0.00083094
     0.00083140
     0.00083185
     0.00083231
     0.00083277
     0.00083322
     0.00083367
     0.00083411
     0.00083454
     0.00083495
     0.00083534
     0.00083571
     0.00083604
     0.00083633
     0.00083653
     0.00081165
     0.00081130
     0.00081106
     0.00081091
     0.00081087
     0.00000000
     0.00004596
     0.00004609
     0.00004621
     0.00004635
     0.00004648
     0.00004662
     0.00004676
     0.00004690
     0.00004705
     0.00004720
     0.00004735
     0.00004751
     0.00004767
     0.00004784
     0.00004801
     0.00004818
     0.00004836
     0.00004854
     0.00004873
     0.00004892
     0.00004912
     0.00087622
     0.00092321
     0.00085569
     0.00086168
     0.00086713
     0.00087212
     0.00087668
     0.00088087
     0.00088471
     0.00088823
     0.00089147
     0.00089445
     0.00089718
     0.00089969
     0.00084585
     0.00084617
     0.00084647
     0.00084674
     0.00084699
     0.00084722
     0.00084742
     0.00084761
     0.00084777
     0.00084792
     0.00084805
     0.00084816
     0.00084826
     0.00084834
     0.00084840
     0.00084845
     0.00084849
     0.00084852
     0.00084853
     0.00084853
     0.00084851
     0.00084538
     0.00085360
     0.00082834
     0.00083189
     0.00083005
     0.00082872
     0.00082776
     0.00082708
     0.00082662
     0.00082632
     0.00082617
     0.00082614
     0.00082619
     0.00082633
     0.00082653
     0.00082678
     0.00082708
     0.00082742
     0.00082778
     0.00082817
     0.00082859
     0.00082902
     0.00082946
     0.00082991
     0.00083037
     0.00083083
     0.00083129
     0.00083175
     0.00083220
     0.00083266
     0.00083310
     0.00083353
     0.00083395
     0.00083434
     0.00083471
     0.00083505
     0.00083534
     0.00083554
     0.00081072
     0.00081037
     0.00081013
     0.00080999
     0.00080994
     0.00000000
     0.00004596
     0.00004608
     0.00004621
     0.00004634
     0.00004648
     0.00004662
     0.00004676
     0.00004690
     0.00004705
     0.00004720
     0.00004735
     0.00004751
     0.00004767
     0.00004784
     0.00004801
     0.00004818
     0.00004836
     0.00004854
     0.00004873
     0.00004892
     0.00004912
     0.00087435
     0.00092168
     0.00085469
     0.00086073
     0.00086623
     0.00087126
     0.00087586
     0.00088008
     0.00088395
     0.00088751
     0.00089078
     0.00089378
     0.00089654
     0.00089907
     0.00084493
     0.00084526
     0.00084556
     0.00084584
     0.00084609
     0.00084632
     0.00084653
     0.00084671
     0.00084688
     0.00084703
     0.00084716
     0.00084727
     0.00084737
     0.00084745
     0.00084752
     0.00084757
     0.00084761
     0.00084763
     0.00084764
     0.00084764
     0.00084763
     0.00084487
     0.00085375
     0.00082789
     0.00083094
     0.00082906
     0.00082771
     0.00082674
     0.00082604
     0.00082557
     0.00082527
     0.00082512
     0.00082508
     0.00082513
     0.00082527
     0.00082547
     0.00082572
     0.00082602
     0.00082636
     0.00082673
     0.00082713
     0.00082754
     0.00082798
     0.00082842
     0.00082887
     0.00082934
     0.00082980
     0.00083027
     0.00083073
     0.00083119
     0.00083164
     0.00083209
     0.00083253
     0.00083295
     0.00083335
     0.00083372
     0.00083406
     0.00083435
     0.00083456
     0.00080980
     0.00080945
     0.00080920
     0.00080906
     0.00080901
     0.00000000
     0.00004596
     0.00004608
     0.00004621
     0.00004634
     0.00004648
     0.00004662
     0.00004676
     0.00004690
     0.00004705
     0.00004720
     0.00004735
     0.00004751
     0.00004767
     0.00004784
     0.00004801
     0.00004818
     0.00004836
     0.00004854
     0.00004873
     0.00004892
     0.00004912
     0.00087247
     0.00092015
     0.00085370
     0.00085978
     0.00086533
     0.00087040
     0.00087504
     0.00087930
     0.00088320
     0.00088679
     0.00089009
     0.00089312
     0.00089590
     0.00089846
     0.00084402
     0.00084435
     0.00084466
     0.00084494
     0.00084519
     0.00084542
     0.00084563
     0.00084582
     0.00084599
     0.00084614
     0.00084627
     0.00084638
     0.00084648
     0.00084657
     0.00084663
     0.00084669
     0.00084673
     0.00084675
     0.00084676
     0.00084676
     0.00084675
     0.00084439
     0.00085394
     0.00082747
     0.00082999
     0.00082808
     0.00082670
     0.00082571
     0.00082501
     0.00082453
     0.00082422
     0.00082406
     0.00082402
     0.00082408
     0.00082421
     0.00082441
     0.00082467
     0.00082497
     0.00082531
     0.00082568
     0.00082608
     0.00082650
     0.00082694
     0.00082738
     0.00082784
     0.00082831
     0.00082878
     0.00082924
     0.00082971
     0.00083018
     0.00083064
     0.00083109
     0.00083152
     0.00083195
     0.00083235
     0.00083273
     0.00083307
     0.00083336
     0.00083357
     0.00080887
     0.00080852
     0.00080828
     0.00080814
     0.00080809
     0.00000000
     0.00004596
     0.00004608
     0.00004621
     0.00004634
     0.00004648
     0.00004662
     0.00004676
     0.00004690
     0.00004705
     0.00004720
     0.00004735
     0.00004751
     0.00004767
     0.00004783
     0.00004800
     0.00004818
     0.00004836
     0.00004854
     0.00004873
     0.00004892
     0.00004912
     0.00087059
     0.00091860
     0.00085270
     0.00085884
     0.00086443
     0.00086955
     0.00087423
     0.00087852
     0.00088246
     0.00088608
     0.00088940
     0.00089245
     0.00089526
     0.00089784
     0.00084311
     0.00084345
     0.00084376
     0.00084404
     0.00084429
     0.00084453
     0.00084474
     0.00084493
     0.00084510
     0.00084525
     0.00084538
     0.00084550
     0.00084560
     0.00084568
     0.00084575
     0.00084581
     0.00084585
     0.00084587
     0.00084588
     0.00084588
     0.00084587
     0.00084396
     0.00085417
     0.00082706
     0.00082904
     0.00082710
     0.00082570
     0.00082469
     0.00082397
     0.00082348
     0.00082317
     0.00082301
     0.00082297
     0.00082302
     0.00082315
     0.00082336
     0.00082361
     0.00082392
     0.00082426
     0.00082464
     0.00082504
     0.00082546
     0.00082590
     0.00082635
     0.00082681
     0.00082728
     0.00082775
     0.00082823
     0.00082870
     0.00082917
     0.00082963
     0.00083008
     0.00083052
     0.00083095
     0.00083136
     0.00083174
     0.00083208
     0.00083238
     0.00083259
     0.00080795
     0.00080760
     0.00080736
     0.00080722
     0.00080717
     0.00000000
     0.00004596
     0.00004608
     0.00004621
     0.00004634
     0.00004648
     0.00004661
     0.00004675
     0.00004690
     0.00004705
     0.00004720
     0.00004735
     0.00004751
     0.00004767
     0.00004783
     0.00004800
     0.00004818
     0.00004836
     0.00004854
     0.00004873
     0.00004892
     0.00004912
     0.00086869
     0.00091705
     0.00085171
     0.00085789
     0.00086354
     0.00086869
     0.00087341
     0.00087774
     0.00088171
     0.00088536
     0.00088871
     0.00089180
     0.00089463
     0.00089723
     0.00084221
     0.00084255
     0.00084286
     0.00084314
     0.00084340
     0.00084364
     0.00084385
     0.00084404
     0.00084421
     0.00084437
     0.00084450
     0.00084462
     0.00084472
     0.00084480
     0.00084487
     0.00084493
     0.00084497
     0.00084500
     0.00084501
     0.00084501
     0.00084500
     0.00084357
     0.00085445
     0.00082667
     0.00082809
     0.00082612
     0.00082469
     0.00082367
     0.00082294
     0.00082244
     0.00082213
     0.00082196
     0.00082191
     0.00082197
     0.00082210
     0.00082230
     0.00082256
     0.00082287
     0.00082321
     0.00082359
     0.00082400
     0.00082442
     0.00082486
     0.00082532
     0.00082578
     0.00082626
     0.00082673
     0.00082721
     0.00082768
     0.00082816
     0.00082862
     0.00082908
     0.00082952
     0.00082996
     0.00083037
     0.00083075
     0.00083110
     0.00083140
     0.00083161
     0.00080703
     0.00080668
     0.00080644
     0.00080630
     0.00080625
     0.00000000
     0.00004596
     0.00004608
     0.00004621
     0.00004634
     0.00004648
     0.00004661
     0.00004675
     0.00004690
     0.00004704
     0.00004719
     0.00004735
     0.00004751
     0.00004767
     0.00004783
     0.00004800
     0.00004818
     0.00004836
     0.00004854
     0.00004873
     0.00004892
     0.00004912
     0.00086678
     0.00091549
     0.00085071
     0.00085695
     0.00086264
     0.00086784
     0.00087260
     0.00087697
     0.00088097
     0.00088465
     0.00088803
     0.00089114
     0.00089400
     0.00089662
     0.00084130
     0.00084165
     0.00084196
     0.00084225
     0.00084251
     0.00084275
     0.00084296
     0.00084316
     0.00084333
     0.00084348
     0.00084362
     0.00084374
     0.00084384
     0.00084393
     0.00084400
     0.00084405
     0.00084410
     0.00084412
     0.00084414
     0.00084414
     0.00084412
     0.00084325
     0.00085477
     0.00082631
     0.00082715
     0.00082514
     0.00082369
     0.00082265
     0.00082191
     0.00082140
     0.00082108
     0.00082091
     0.00082086
     0.00082091
     0.00082105
     0.00082125
     0.00082151
     0.00082182
     0.00082217
     0.00082255
     0.00082295
     0.00082338
     0.00082383
     0.00082429
     0.00082476
     0.00082523
     0.00082571
     0.00082619
     0.00082667
     0.00082715
     0.00082762
     0.00082808
     0.00082853
     0.00082896
     0.00082938
     0.00082976
     0.00083012
     0.00083042
     0.00083063
     0.00080612
     0.00080576
     0.00080552
     0.00080538
     0.00080533
     0.00000000
     0.00004596
     0.00004608
     0.00004621
     0.00004634
     0.00004648
     0.00004661
     0.00004675
     0.00004690
     0.00004704
     0.00004719
     0.00004735
     0.00004751
     0.00004767
     0.00004783
     0.00004800
     0.00004818
     0.00004835
     0.00004854
     0.00004873
     0.00004892
     0.00004912
     0.00086486
     0.00091392
     0.00084972
     0.00085601
     0.00086174
     0.00086699
     0.00087179
     0.00087619
     0.00088023
     0.00088394
     0.00088735
     0.00089049
     0.00089337
     0.00089602
     0.00084040
     0.00084075
     0.00084106
     0.00084135
     0.00084162
     0.00084186
     0.00084208
     0.00084227
     0.00084245
     0.00084261
     0.00084274
     0.00084286
     0.00084297
     0.00084305
     0.00084313
     0.00084318
     0.00084322
     0.00084325
     0.00084327
     0.00084327
     0.00084325
     0.00084299
     0.00083368
     0.00080466
     0.00080706
     0.00082416
     0.00082269
     0.00082163
     0.00082088
     0.00082037
     0.00082004
     0.00081986
     0.00081981
     0.00081986
     0.00082000
     0.00082020
     0.00082046
     0.00082077
     0.00082112
     0.00082151
     0.00082192
     0.00082235
     0.00082280
     0.00082326
     0.00082373
     0.00082421
     0.00082469
     0.00082518
     0.00082566
     0.00082614
     0.00082662
     0.00082708
     0.00082753
     0.00082797
     0.00082839
     0.00082878
     0.00082914
     0.00082944
     0.00082966
     0.00080520
     0.00080485
     0.00080460
     0.00080446
     0.00080441
     0.00000000
     0.00004595
     0.00004608
     0.00004621
     0.00004634
     0.00004647
     0.00004661
     0.00004675
     0.00004690
     0.00004704
     0.00004719
     0.00004735
     0.00004750
     0.00004767
     0.00004783
     0.00004800
     0.00004817
     0.00004835
     0.00004854
     0.00004872
     0.00004892
     0.00004912
     0.00086293
     0.00091234
     0.00084872
     0.00085506
     0.00086085
     0.00086614
     0.00087098
     0.00087542
     0.00087950
     0.00088324
     0.00088668
     0.00088984
     0.00089275
     0.00089542
     0.00083950
     0.00083985
     0.00084017
     0.00084046
     0.00084073
     0.00084097
     0.00084119
     0.00084139
     0.00084157
     0.00084173
     0.00084187
     0.00084199
     0.00084210
     0.00084218
     0.00084226
     0.00084231
     0.00084236
     0.00084238
     0.00084240
     0.00084240
     0.00084239
     0.00084283
     0.00083293
     0.00080789
     0.00080636
     0.00082319
     0.00082170
     0.00082062
     0.00081985
     0.00081933
     0.00081900
     0.00081882
     0.00081876
     0.00081881
     0.00081895
     0.00081915
     0.00081941
     0.00081973
     0.00082008
     0.00082046
     0.00082088
     0.00082131
     0.00082177
     0.00082223
     0.00082271
     0.00082319
     0.00082368
     0.00082417
     0.00082465
     0.00082514
     0.00082562
     0.00082608
     0.00082654
     0.00082698
     0.00082740
     0.00082780
     0.00082816
     0.00082846
     0.00082868
     0.00080429
     0.00080393
     0.00080369
     0.00080355
     0.00080350
     0.00000000
     0.00004595
     0.00004608
     0.00004621
     0.00004634
     0.00004647
     0.00004661
     0.00004675
     0.00004690
     0.00004704
     0.00004719
     0.00004735
     0.00004750
     0.00004767
     0.00004783
     0.00004800
     0.00004817
     0.00004835
     0.00004854
     0.00004872
     0.00004892
     0.00004911
     0.00086099
     0.00091075
     0.00084773
     0.00085412
     0.00085996
     0.00086529
     0.00087018
     0.00087465
     0.00087876
     0.00088254
     0.00088601
     0.00088920
     0.00089213
     0.00089482
     0.00083860
     0.00083896
     0.00083928
     0.00083958
     0.00083985
     0.00084009
     0.00084031
     0.00084052
     0.00084070
     0.00084086
     0.00084100
     0.00084112
     0.00084123
     0.00084132
     0.00084139
     0.00084145
     0.00084149
     0.00084152
     0.00084153
     0.00084154
     0.00084152
     0.00084281
     0.00083219
     0.00081124
     0.00080568
     0.00082222
     0.00082070
     0.00081961
     0.00081883
     0.00081830
     0.00081796
     0.00081777
     0.00081772
     0.00081777
     0.00081790
     0.00081810
     0.00081837
     0.00081868
     0.00081904
     0.00081943
     0.00081984
     0.00082028
     0.00082074
     0.00082121
     0.00082169
     0.00082217
     0.00082266
     0.00082316
     0.00082365
     0.00082414
     0.00082462
     0.00082509
     0.00082555
     0.00082600
     0.00082642
     0.00082682
     0.00082718
     0.00082749
     0.00082771
     0.00080337
     0.00080302
     0.00080278
     0.00080263
     0.00080259
     0.00000000
     0.00004595
     0.00004608
     0.00004621
     0.00004634
     0.00004647
     0.00004661
     0.00004675
     0.00004689
     0.00004704
     0.00004719
     0.00004735
     0.00004750
     0.00004766
     0.00004783
     0.00004800
     0.00004817
     0.00004835
     0.00004853
     0.00004872
     0.00004892
     0.00004911
     0.00085904
     0.00090915
     0.00084673
     0.00085318
     0.00085907
     0.00086445
     0.00086937
     0.00087389
     0.00087803
     0.00088184
     0.00088534
     0.00088855
     0.00089151
     0.00083732
     0.00083771
     0.00083807
     0.00083839
     0.00083869
     0.00083897
     0.00083921
     0.00083944
     0.00083964
     0.00083982
     0.00083998
     0.00084013
     0.00084025
     0.00084036
     0.00084045
     0.00084052
     0.00084058
     0.00084063
     0.00084066
     0.00084067
     0.00084067
     0.00084066
     0.00084298
     0.00083146
     0.00081473
     0.00080501
     0.00082126
     0.00081971
     0.00081860
     0.00081781
     0.00081726
     0.00081692
     0.00081673
     0.00081667
     0.00081672
     0.00081685
     0.00081706
     0.00081732
     0.00081764
     0.00081800
     0.00081839
     0.00081881
     0.00081925
     0.00081971
     0.00082018
     0.00082067
     0.00082116
     0.00082165
     0.00082215
     0.00082264
     0.00082313
     0.00082362
     0.00082410
     0.00082456
     0.00082501
     0.00082544
     0.00082584
     0.00082620
     0.00082651
     0.00082674
     0.00080246
     0.00080211
     0.00080187
     0.00080172
     0.00080168
     0.00000000
     0.00004595
     0.00004608
     0.00004621
     0.00004634
     0.00004647
     0.00004661
     0.00004675
     0.00004689
     0.00004704
     0.00004719
     0.00004734
     0.00004750
     0.00004766
     0.00004783
     0.00004800
     0.00004817
     0.00004835
     0.00004853
     0.00004872
     0.00004891
     0.00004911
     0.00085708
     0.00090755
     0.00084574
     0.00085225
     0.00085818
     0.00086360
     0.00086857
     0.00087312
     0.00087730
     0.00088114
     0.00088467
     0.00088791
     0.00089090
     0.00083643
     0.00083682
     0.00083718
     0.00083751
     0.00083781
     0.00083809
     0.00083834
     0.00083856
     0.00083877
     0.00083895
     0.00083912
     0.00083926
     0.00083939
     0.00083950
     0.00083959
     0.00083966
     0.00083972
     0.00083977
     0.00083980
     0.00083981
     0.00083982
     0.00083980
     0.00084352
     0.00083074
     0.00081834
     0.00080436
     0.00082030
     0.00081872
     0.00081759
     0.00081678
     0.00081623
     0.00081588
     0.00081569
     0.00081563
     0.00081567
     0.00081581
     0.00081601
     0.00081628
     0.00081660
     0.00081696
     0.00081735
     0.00081777
     0.00081822
     0.00081868
     0.00081916
     0.00081965
     0.00082014
     0.00082064
     0.00082114
     0.00082164
     0.00082214
     0.00082263
     0.00082311
     0.00082357
     0.00082403
     0.00082446
     0.00082486
     0.00082523
     0.00082554
     0.00082577
     0.00080156
     0.00080120
     0.00080096
     0.00080082
     0.00080077
     0.00000000
     0.00004595
     0.00004608
     0.00004621
     0.00004634
     0.00004647
     0.00004661
     0.00004675
     0.00004689
     0.00004704
     0.00004719
     0.00004734
     0.00004750
     0.00004766
     0.00004783
     0.00004800
     0.00004817
     0.00004835
     0.00004853
     0.00004872
     0.00004891
     0.00004911
     0.00085511
     0.00090593
     0.00084475
     0.00085131
     0.00085729
     0.00086276
     0.00086777
     0.00087236
     0.00087657
     0.00088045
     0.00088401
     0.00088728
     0.00089029
     0.00083553
     0.00083593
     0.00083629
     0.00083663
     0.00083693
     0.00083721
     0.00083746
     0.00083769
     0.00083790
     0.00083808
     0.00083825
     0.00083840
     0.00083852
     0.00083863
     0.00083873
     0.00083880
     0.00083886
     0.00083891
     0.00083894
     0.00083896
     0.00083896
     0.00083895
     0.00084555
     0.00083004
     0.00082209
     0.00080371
     0.00081934
     0.00081773
     0.00081658
     0.00081577
     0.00081521
     0.00081485
     0.00081465
     0.00081459
     0.00081463
     0.00081476
     0.00081497
     0.00081524
     0.00081556
     0.00081592
     0.00081632
     0.00081674
     0.00081719
     0.00081766
     0.00081814
     0.00081863
     0.00081913
     0.00081963
     0.00082014
     0.00082064
     0.00082114
     0.00082163
     0.00082212
     0.00082259
     0.00082304
     0.00082348
     0.00082389
     0.00082426
     0.00082457
     0.00082480
     0.00080065
     0.00080030
     0.00080005
     0.00079991
     0.00079986
     0.00000000
     0.00004595
     0.00004608
     0.00004621
     0.00004634
     0.00004647
     0.00004661
     0.00004675
     0.00004689
     0.00004704
     0.00004719
     0.00004734
     0.00004750
     0.00004766
     0.00004783
     0.00004800
     0.00004817
     0.00004835
     0.00004853
     0.00004872
     0.00004891
     0.00004911
     0.00085312
     0.00090431
     0.00084376
     0.00085037
     0.00085640
     0.00086192
     0.00086697
     0.00087160
     0.00087585
     0.00087975
     0.00088334
     0.00088665
     0.00088968
     0.00083464
     0.00083504
     0.00083541
     0.00083575
     0.00083605
     0.00083633
     0.00083659
     0.00083682
     0.00083703
     0.00083722
     0.00083739
     0.00083753
     0.00083766
     0.00083777
     0.00083787
     0.00083795
     0.00083801
     0.00083805
     0.00083809
     0.00083810
     0.00083811
     0.00083809
     0.00083807
     0.00082934
     0.00082598
     0.00080308
     0.00081838
     0.00081675
     0.00081558
     0.00081475
     0.00081418
     0.00081381
     0.00081361
     0.00081355
     0.00081359
     0.00081372
     0.00081393
     0.00081420
     0.00081452
     0.00081488
     0.00081528
     0.00081571
     0.00081616
     0.00081663
     0.00081712
     0.00081761
     0.00081812
     0.00081862
     0.00081913
     0.00081964
     0.00082014
     0.00082064
     0.00082113
     0.00082160
     0.00082207
     0.00082250
     0.00082292
     0.00082329
     0.00082361
     0.00082384
     0.00079974
     0.00079939
     0.00079915
     0.00079900
     0.00079896
     0.00000000
     0.00004595
     0.00004608
     0.00004621
     0.00004634
     0.00004647
     0.00004661
     0.00004675
     0.00004689
     0.00004704
     0.00004719
     0.00004734
     0.00004750
     0.00004766
     0.00004783
     0.00004800
     0.00004817
     0.00004835
     0.00004853
     0.00004872
     0.00004891
     0.00004911
     0.00085112
     0.00090268
     0.00084277
     0.00084944
     0.00085552
     0.00086108
     0.00086617
     0.00087084
     0.00087513
     0.00087907
     0.00088269
     0.00088602
     0.00088908
     0.00083375
     0.00083416
     0.00083453
     0.00083487
     0.00083518
     0.00083546
     0.00083572
     0.00083596
     0.00083617
     0.00083636
     0.00083653
     0.00083668
     0.00083681
     0.00083692
     0.00083701
     0.00083709
     0.00083716
     0.00083720
     0.00083723
     0.00083725
     0.00083725
     0.00083724
     0.00083722
     0.00082866
     0.00083002
     0.00080247
     0.00081742
     0.00081577
     0.00081458
     0.00081373
     0.00081315
     0.00081278
     0.00081258
     0.00081251
     0.00081255
     0.00081268
     0.00081289
     0.00081316
     0.00081348
     0.00081385
     0.00081425
     0.00081468
     0.00081514
     0.00081561
     0.00081610
     0.00081660
     0.00081711
     0.00081762
     0.00081813
     0.00081864
     0.00081915
     0.00081965
     0.00082014
     0.00082062
     0.00082109
     0.00082153
     0.00082195
     0.00082232
     0.00082264
     0.00082288
     0.00079884
     0.00079849
     0.00079824
     0.00079810
     0.00079805
     0.00000000
     0.00004595
     0.00004608
     0.00004620
     0.00004634
     0.00004647
     0.00004661
     0.00004675
     0.00004689
     0.00004704
     0.00004719
     0.00004734
     0.00004750
     0.00004766
     0.00004783
     0.00004799
     0.00004817
     0.00004835
     0.00004853
     0.00004872
     0.00004891
     0.00004911
     0.00084912
     0.00090104
     0.00084178
     0.00084850
     0.00085463
     0.00086024
     0.00086538
     0.00087009
     0.00087441
     0.00087838
     0.00088203
     0.00088539
     0.00088848
     0.00083287
     0.00083327
     0.00083365
     0.00083399
     0.00083431
     0.00083459
     0.00083485
     0.00083509
     0.00083531
     0.00083550
     0.00083567
     0.00083582
     0.00083595
     0.00083607
     0.00083616
     0.00083624
     0.00083630
     0.00083635
     0.00083639
     0.00083640
     0.00083641
     0.00083640
     0.00083637
     0.00082800
     0.00083420
     0.00080187
     0.00081647
     0.00081479
     0.00081358
     0.00081272
     0.00081213
     0.00081175
     0.00081154
     0.00081147
     0.00081151
     0.00081164
     0.00081185
     0.00081212
     0.00081245
     0.00081282
     0.00081322
     0.00081366
     0.00081411
     0.00081459
     0.00081508
     0.00081559
     0.00081610
     0.00081661
     0.00081713
     0.00081765
     0.00081816
     0.00081866
     0.00081916
     0.00081964
     0.00082011
     0.00082056
     0.00082098
     0.00082136
     0.00082168
     0.00082192
     0.00079794
     0.00079759
     0.00079734
     0.00079720
     0.00079715
     0.00000000
     0.00004595
     0.00004608
     0.00004620
     0.00004633
     0.00004647
     0.00004661
     0.00004675
     0.00004689
     0.00004704
     0.00004719
     0.00004734
     0.00004750
     0.00004766
     0.00004782
     0.00004799
     0.00004817
     0.00004835
     0.00004853
     0.00004872
     0.00004891
     0.00004911
     0.00084710
     0.00089938
     0.00084079
     0.00084757
     0.00085375
     0.00085941
     0.00086458
     0.00086933
     0.00087369
     0.00087770
     0.00088138
     0.00088476
     0.00088788
     0.00083198
     0.00083239
     0.00083277
     0.00083312
     0.00083344
     0.00083373
     0.00083399
     0.00083423
     0.00083445
     0.00083464
     0.00083481
     0.00083497
     0.00083510
     0.00083521
     0.00083531
     0.00083539
     0.00083546
     0.00083551
     0.00083554
     0.00083556
     0.00083556
     0.00083555
     0.00083553
     0.00082735
     0.00083854
     0.00080128
     0.00081553
     0.00081381
     0.00081258
     0.00081171
     0.00081111
     0.00081072
     0.00081051
     0.00081043
     0.00081047
     0.00081060
     0.00081081
     0.00081109
     0.00081141
     0.00081178
     0.00081219
     0.00081263
     0.00081309
     0.00081357
     0.00081407
     0.00081458
     0.00081509
     0.00081561
     0.00081613
     0.00081665
     0.00081717
     0.00081768
     0.00081818
     0.00081866
     0.00081914
     0.00081959
     0.00082001
     0.00082039
     0.00082072
     0.00082096
     0.00079704
     0.00079669
     0.00079644
     0.00079630
     0.00079625
     0.00000000
     0.00004595
     0.00004607
     0.00004620
     0.00004633
     0.00004647
     0.00004661
     0.00004675
     0.00004689
     0.00004704
     0.00004719
     0.00004734
     0.00004750
     0.00004766
     0.00004782
     0.00004799
     0.00004817
     0.00004834
     0.00004853
     0.00004872
     0.00004891
     0.00004911
     0.00084506
     0.00089772
     0.00083980
     0.00084663
     0.00085287
     0.00085857
     0.00086379
     0.00086858
     0.00087298
     0.00087702
     0.00088073
     0.00088414
     0.00088728
     0.00083110
     0.00083152
     0.00083190
     0.00083225
     0.00083257
     0.00083286
     0.00083313
     0.00083337
     0.00083359
     0.00083378
     0.00083396
     0.00083411
     0.00083425
     0.00083437
     0.00083447
     0.00083455
     0.00083461
     0.00083466
     0.00083470
     0.00083471
     0.00083472
     0.00083471
     0.00083468
     0.00082672
     0.00082383
     0.00080071
     0.00081458
     0.00081284
     0.00081158
     0.00081070
     0.00081009
     0.00080970
     0.00080948
     0.00080940
     0.00080943
     0.00080957
     0.00080978
     0.00081005
     0.00081038
     0.00081075
     0.00081116
     0.00081161
     0.00081207
     0.00081256
     0.00081306
     0.00081357
     0.00081409
     0.00081461
     0.00081513
     0.00081566
     0.00081618
     0.00081669
     0.00081720
     0.00081769
     0.00081816
     0.00081862
     0.00081904
     0.00081943
     0.00081976
     0.00082000
     0.00079614
     0.00079579
     0.00079554
     0.00079540
     0.00079535
     0.00000000
     0.00004595
     0.00004607
     0.00004620
     0.00004633
     0.00004647
     0.00004660
     0.00004675
     0.00004689
     0.00004704
     0.00004719
     0.00004734
     0.00004750
     0.00004766
     0.00004782
     0.00004799
     0.00004817
     0.00004834
     0.00004853
     0.00004871
     0.00004891
     0.00004911
     0.00084302
     0.00089605
     0.00083881
     0.00084570
     0.00085199
     0.00085774
     0.00086300
     0.00086783
     0.00087226
     0.00087634
     0.00088008
     0.00088353
     0.00088669
     0.00083022
     0.00083064
     0.00083103
     0.00083138
     0.00083170
     0.00083200
     0.00083227
     0.00083251
     0.00083273
     0.00083293
     0.00083311
     0.00083327
     0.00083340
     0.00083352
     0.00083362
     0.00083370
     0.00083377
     0.00083382
     0.00083385
     0.00083387
     0.00083388
     0.00083387
     0.00083384
     0.00082610
     0.00082376
     0.00080015
     0.00081364
     0.00081186
     0.00081059
     0.00080969
     0.00080907
     0.00080867
     0.00080845
     0.00080837
     0.00080840
     0.00080853
     0.00080874
     0.00080902
     0.00080935
     0.00080973
     0.00081014
     0.00081058
     0.00081105
     0.00081154
     0.00081204
     0.00081256
     0.00081308
     0.00081361
     0.00081414
     0.00081467
     0.00081519
     0.00081571
     0.00081622
     0.00081671
     0.00081719
     0.00081765
     0.00081808
     0.00081847
     0.00081880
     0.00081905
     0.00079525
     0.00079489
     0.00079465
     0.00079450
     0.00079446
     0.00000000
     0.00004595
     0.00004607
     0.00004620
     0.00004633
     0.00004647
     0.00004660
     0.00004674
     0.00004689
     0.00004703
     0.00004718
     0.00004734
     0.00004750
     0.00004766
     0.00004782
     0.00004799
     0.00004816
     0.00004834
     0.00004853
     0.00004871
     0.00004891
     0.00004910
     0.00084097
     0.00089437
     0.00083782
     0.00084477
     0.00085111
     0.00085690
     0.00086221
     0.00086708
     0.00087155
     0.00087566
     0.00087944
     0.00088291
     0.00088611
     0.00082934
     0.00082977
     0.00083016
     0.00083051
     0.00083084
     0.00083114
     0.00083141
     0.00083166
     0.00083188
     0.00083208
     0.00083226
     0.00083242
     0.00083256
     0.00083268
     0.00083278
     0.00083286
     0.00083293
     0.00083298
     0.00083302
     0.00083304
     0.00083304
     0.00083303
     0.00083301
     0.00082551
     0.00082373
     0.00079961
     0.00081270
     0.00081089
     0.00080960
     0.00080868
     0.00080805
     0.00080765
     0.00080742
     0.00080733
     0.00080737
     0.00080750
     0.00080771
     0.00080799
     0.00080832
     0.00080870
     0.00080911
     0.00080956
     0.00081003
     0.00081053
     0.00081103
     0.00081155
     0.00081208
     0.00081261
     0.00081314
     0.00081368
     0.00081421
     0.00081473
     0.00081524
     0.00081574
     0.00081622
     0.00081669
     0.00081712
     0.00081751
     0.00081785
     0.00081809
     0.00079435
     0.00079400
     0.00079375
     0.00079361
     0.00079356
     0.00000000
     0.00004595
     0.00004607
     0.00004620
     0.00004633
     0.00004647
     0.00004660
     0.00004674
     0.00004689
     0.00004703
     0.00004718
     0.00004734
     0.00004749
     0.00004766
     0.00004782
     0.00004799
     0.00004816
     0.00004834
     0.00004852
     0.00004871
     0.00004891
     0.00004910
     0.00083890
     0.00089268
     0.00083683
     0.00084383
     0.00085023
     0.00085607
     0.00086143
     0.00086634
     0.00087085
     0.00087499
     0.00087880
     0.00088230
     0.00088552
     0.00082847
     0.00082890
     0.00082929
     0.00082965
     0.00082998
     0.00083028
     0.00083056
     0.00083081
     0.00083103
     0.00083124
     0.00083142
     0.00083158
     0.00083172
     0.00083184
     0.00083194
     0.00083202
     0.00083209
     0.00083214
     0.00083218
     0.00083220
     0.00083221
     0.00083220
     0.00083217
     0.00082493
     0.00082373
     0.00079908
     0.00081177
     0.00080993
     0.00080861
     0.00080768
     0.00080704
     0.00080662
     0.00080639
     0.00080630
     0.00080633
     0.00080647
     0.00080668
     0.00080696
     0.00080729
     0.00080767
     0.00080809
     0.00080854
     0.00080902
     0.00080951
     0.00081002
     0.00081055
     0.00081108
     0.00081161
     0.00081215
     0.00081269
     0.00081322
     0.00081375
     0.00081427
     0.00081477
     0.00081526
     0.00081572
     0.00081616
     0.00081656
     0.00081690
     0.00081714
     0.00079346
     0.00079311
     0.00079286
     0.00079272
     0.00079267
     0.00000000
     0.00004595
     0.00004607
     0.00004620
     0.00004633
     0.00004647
     0.00004660
     0.00004674
     0.00004689
     0.00004703
     0.00004718
     0.00004734
     0.00004749
     0.00004766
     0.00004782
     0.00004799
     0.00004816
     0.00004834
     0.00004852
     0.00004871
     0.00004890
     0.00004910
     0.00094636
     0.00089098
     0.00083584
     0.00084290
     0.00084935
     0.00085524
     0.00086064
     0.00086559
     0.00087014
     0.00087432
     0.00087816
     0.00088169
     0.00088494
     0.00082759
     0.00082803
     0.00082843
     0.00082879
     0.00082912
     0.00082943
     0.00082971
     0.00082996
     0.00083019
     0.00083039
     0.00083057
     0.00083074
     0.00083088
     0.00083100
     0.00083110
     0.00083119
     0.00083126
     0.00083131
     0.00083135
     0.00083137
     0.00083137
     0.00083137
     0.00083134
     0.00082438
     0.00082376
     0.00079857
     0.00081083
     0.00080896
     0.00080763
     0.00080668
     0.00080603
     0.00080560
     0.00080536
     0.00080527
     0.00080530
     0.00080543
     0.00080565
     0.00080593
     0.00080626
     0.00080665
     0.00080707
     0.00080752
     0.00080800
     0.00080850
     0.00080902
     0.00080954
     0.00081008
     0.00081062
     0.00081116
     0.00081170
     0.00081224
     0.00081277
     0.00081329
     0.00081380
     0.00081429
     0.00081476
     0.00081520
     0.00081560
     0.00081594
     0.00081619
     0.00079257
     0.00079222
     0.00079197
     0.00079183
     0.00079178
     0.00000000
     0.00004595
     0.00004607
     0.00004620
     0.00004633
     0.00004646
     0.00004660
     0.00004674
     0.00004689
     0.00004703
     0.00004718
     0.00004734
     0.00004749
     0.00004765
     0.00004782
     0.00004799
     0.00004816
     0.00004834
     0.00004852
     0.00004871
     0.00004890
     0.00004910
     0.00093801
     0.00088927
     0.00083485
     0.00084197
     0.00084847
     0.00085442
     0.00085986
     0.00086485
     0.00086944
     0.00087365
     0.00087752
     0.00088109
     0.00088436
     0.00082672
     0.00082716
     0.00082756
     0.00082793
     0.00082827
     0.00082858
     0.00082886
     0.00082911
     0.00082934
     0.00082955
     0.00082973
     0.00082990
     0.00083004
     0.00083016
     0.00083027
     0.00083036
     0.00083043
     0.00083048
     0.00083052
     0.00083054
     0.00083055
     0.00083054
     0.00083051
     0.00082385
     0.00082383
     0.00079808
     0.00080990
     0.00080800
     0.00080664
     0.00080568
     0.00080501
     0.00080458
     0.00080434
     0.00080425
     0.00080428
     0.00080440
     0.00080462
     0.00080490
     0.00080524
     0.00080562
     0.00080605
     0.00080651
     0.00080699
     0.00080749
     0.00080801
     0.00080854
     0.00080908
     0.00080963
     0.00081017
     0.00081072
     0.00081126
     0.00081180
     0.00081232
     0.00081283
     0.00081333
     0.00081380
     0.00081425
     0.00081465
     0.00081499
     0.00081525
     0.00079168
     0.00079133
     0.00079108
     0.00079094
     0.00079089
     0.00000000
     0.00004594
     0.00004607
     0.00004620
     0.00004633
     0.00004646
     0.00004660
     0.00004674
     0.00004688
     0.00004703
     0.00004718
     0.00004733
     0.00004749
     0.00004765
     0.00004782
     0.00004799
     0.00004816
     0.00004834
     0.00004852
     0.00004871
     0.00004890
     0.00004910
     0.00092958
     0.00088755
     0.00083386
     0.00084104
     0.00084760
     0.00085359
     0.00085908
     0.00086411
     0.00086874
     0.00087298
     0.00087689
     0.00088048
     0.00088379
     0.00082586
     0.00082630
     0.00082670
     0.00082708
     0.00082742
     0.00082773
     0.00082801
     0.00082827
     0.00082850
     0.00082871
     0.00082890
     0.00082906
     0.00082921
     0.00082933
     0.00082944
     0.00082953
     0.00082960
     0.00082965
     0.00082969
     0.00082971
     0.00082972
     0.00082971
     0.00082969
     0.00082334
     0.00082393
     0.00079761
     0.00080898
     0.00080704
     0.00080566
     0.00080468
     0.00080400
     0.00080357
     0.00080332
     0.00080322
     0.00080325
     0.00080338
     0.00080359
     0.00080387
     0.00080421
     0.00080460
     0.00080503
     0.00080549
     0.00080598
     0.00080648
     0.00080701
     0.00080754
     0.00080809
     0.00080864
     0.00080919
     0.00080974
     0.00081028
     0.00081082
     0.00081135
     0.00081187
     0.00081237
     0.00081284
     0.00081329
     0.00081370
     0.00081405
     0.00081430
     0.00079079
     0.00079044
     0.00079019
     0.00079005
     0.00079000
     0.00000000
     0.00004594
     0.00004607
     0.00004620
     0.00004633
     0.00004646
     0.00004660
     0.00004674
     0.00004688
     0.00004703
     0.00004718
     0.00004733
     0.00004749
     0.00004765
     0.00004782
     0.00004799
     0.00004816
     0.00004834
     0.00004852
     0.00004871
     0.00004890
     0.00004910
     0.00092109
     0.00088582
     0.00083287
     0.00084011
     0.00084672
     0.00085276
     0.00085830
     0.00086338
     0.00086804
     0.00087232
     0.00087626
     0.00087988
     0.00088322
     0.00082499
     0.00082544
     0.00082585
     0.00082622
     0.00082657
     0.00082688
     0.00082717
     0.00082743
     0.00082766
     0.00082787
     0.00082806
     0.00082823
     0.00082838
     0.00082850
     0.00082861
     0.00082870
     0.00082877
     0.00082883
     0.00082887
     0.00082889
     0.00082890
     0.00082889
     0.00082886
     0.00082287
     0.00082407
     0.00079715
     0.00080806
     0.00080608
     0.00080468
     0.00080368
     0.00080300
     0.00080255
     0.00080230
     0.00080220
     0.00080222
     0.00080235
     0.00080256
     0.00080285
     0.00080319
     0.00080358
     0.00080401
     0.00080448
     0.00080497
     0.00080548
     0.00080600
     0.00080654
     0.00080709
     0.00080765
     0.00080820
     0.00080875
     0.00080930
     0.00080985
     0.00081038
     0.00081090
     0.00081141
     0.00081189
     0.00081234
     0.00081275
     0.00081310
     0.00081336
     0.00078991
     0.00078955
     0.00078931
     0.00078916
     0.00078912
     0.00000000
     0.00004594
     0.00004607
     0.00004620
     0.00004633
     0.00004646
     0.00004660
     0.00004674
     0.00004688
     0.00004703
     0.00004718
     0.00004733
     0.00004749
     0.00004765
     0.00004782
     0.00004799
     0.00004816
     0.00004834
     0.00004852
     0.00004871
     0.00004890
     0.00004910
     0.00091251
     0.00088408
     0.00083188
     0.00083918
     0.00084585
     0.00085194
     0.00085752
     0.00086264
     0.00086734
     0.00087166
     0.00087563
     0.00087929
     0.00088265
     0.00082413
     0.00082458
     0.00082499
     0.00082537
     0.00082572
     0.00082604
     0.00082633
     0.00082659
     0.00082683
     0.00082704
     0.00082723
     0.00082740
     0.00082755
     0.00082767
     0.00082778
     0.00082788
     0.00082795
     0.00082800
     0.00082804
     0.00082807
     0.00082807
     0.00082807
     0.00082804
     0.00082243
     0.00082425
     0.00079671
     0.00080714
     0.00080513
     0.00080370
     0.00080269
     0.00080199
     0.00080154
     0.00080128
     0.00080117
     0.00080120
     0.00080132
     0.00080154
     0.00080182
     0.00080217
     0.00080256
     0.00080300
     0.00080346
     0.00080396
     0.00080447
     0.00080500
     0.00080555
     0.00080610
     0.00080666
     0.00080722
     0.00080777
     0.00080833
     0.00080888
     0.00080942
     0.00080994
     0.00081045
     0.00081093
     0.00081139
     0.00081180
     0.00081216
     0.00081242
     0.00078903
     0.00078867
     0.00078842
     0.00078828
     0.00078823
     0.00000000
     0.00004594
     0.00004607
     0.00004620
     0.00004633
     0.00004646
     0.00004660
     0.00004674
     0.00004688
     0.00004703
     0.00004718
     0.00004733
     0.00004749
     0.00004765
     0.00004782
     0.00004799
     0.00004816
     0.00004834
     0.00004852
     0.00004871
     0.00004890
     0.00004910
     0.00090387
     0.00088233
     0.00083089
     0.00083826
     0.00084498
     0.00085112
     0.00085674
     0.00086191
     0.00086665
     0.00087100
     0.00087501
     0.00087869
     0.00088209
     0.00082327
     0.00082372
     0.00082414
     0.00082452
     0.00082487
     0.00082519
     0.00082549
     0.00082575
     0.00082599
     0.00082621
     0.00082640
     0.00082657
     0.00082672
     0.00082685
     0.00082696
     0.00082705
     0.00082713
     0.00082718
     0.00082722
     0.00082725
     0.00082726
     0.00082725
     0.00082723
     0.00082203
     0.00082448
     0.00079629
     0.00080622
     0.00080418
     0.00080272
     0.00080169
     0.00080099
     0.00080052
     0.00080026
     0.00080015
     0.00080017
     0.00080030
     0.00080051
     0.00080080
     0.00080115
     0.00080154
     0.00080198
     0.00080245
     0.00080295
     0.00080347
     0.00080400
     0.00080455
     0.00080511
     0.00080567
     0.00080623
     0.00080680
     0.00080736
     0.00080791
     0.00080845
     0.00080898
     0.00080949
     0.00080998
     0.00081044
     0.00081086
     0.00081122
     0.00081148
     0.00078814
     0.00078779
     0.00078754
     0.00078740
     0.00078735
     0.00000000
     0.00004594
     0.00004607
     0.00004620
     0.00004633
     0.00004646
     0.00004660
     0.00004674
     0.00004688
     0.00004703
     0.00004718
     0.00004733
     0.00004749
     0.00004765
     0.00004782
     0.00004798
     0.00004816
     0.00004834
     0.00004852
     0.00004871
     0.00004890
     0.00004910
     0.00089515
     0.00088056
     0.00082991
     0.00083733
     0.00084410
     0.00085030
     0.00085597
     0.00086117
     0.00086595
     0.00087035
     0.00087439
     0.00087810
     0.00082191
     0.00082241
     0.00082287
     0.00082329
     0.00082368
     0.00082403
     0.00082435
     0.00082465
     0.00082492
     0.00082516
     0.00082538
     0.00082557
     0.00082575
     0.00082590
     0.00082603
     0.00082614
     0.00082623
     0.00082631
     0.00082637
     0.00082641
     0.00082643
     0.00082644
     0.00082643
     0.00082641
     0.00082167
     0.00082474
     0.00079589
     0.00080531
     0.00080323
     0.00080175
     0.00080070
     0.00079998
     0.00079951
     0.00079924
     0.00079913
     0.00079915
     0.00079928
     0.00079949
     0.00079978
     0.00080013
     0.00080053
     0.00080097
     0.00080144
     0.00080194
     0.00080246
     0.00080300
     0.00080356
     0.00080412
     0.00080468
     0.00080525
     0.00080582
     0.00080638
     0.00080694
     0.00080749
     0.00080802
     0.00080854
     0.00080903
     0.00080949
     0.00080991
     0.00081028
     0.00081054
     0.00078726
     0.00078691
     0.00078666
     0.00078652
     0.00078647
     0.00000000
     0.00004594
     0.00004607
     0.00004620
     0.00004633
     0.00004646
     0.00004660
     0.00004674
     0.00004688
     0.00004703
     0.00004718
     0.00004733
     0.00004749
     0.00004765
     0.00004781
     0.00004798
     0.00004816
     0.00004833
     0.00004852
     0.00004870
     0.00004890
     0.00004910
     0.00088636
     0.00087879
     0.00082892
     0.00083640
     0.00084323
     0.00084948
     0.00085520
     0.00086044
     0.00086526
     0.00086969
     0.00087377
     0.00087752
     0.00082105
     0.00082155
     0.00082201
     0.00082244
     0.00082283
     0.00082319
     0.00082352
     0.00082382
     0.00082409
     0.00082433
     0.00082455
     0.00082475
     0.00082492
     0.00082508
     0.00082521
     0.00082532
     0.00082542
     0.00082549
     0.00082555
     0.00082559
     0.00082562
     0.00082563
     0.00082562
     0.00082560
     0.00082136
     0.00082505
     0.00079550
     0.00080440
     0.00080228
     0.00080078
     0.00079971
     0.00079898
     0.00079850
     0.00079823
     0.00079811
     0.00079813
     0.00079826
     0.00079847
     0.00079876
     0.00079911
     0.00079951
     0.00079996
     0.00080043
     0.00080094
     0.00080146
     0.00080201
     0.00080256
     0.00080313
     0.00080370
     0.00080427
     0.00080484
     0.00080541
     0.00080597
     0.00080653
     0.00080706
     0.00080758
     0.00080808
     0.00080855
     0.00080897
     0.00080934
     0.00080960
     0.00078639
     0.00078603
     0.00078578
     0.00078564
     0.00078559
     0.00000000
     0.00004594
     0.00004607
     0.00004619
     0.00004633
     0.00004646
     0.00004660
     0.00004674
     0.00004688
     0.00004703
     0.00004718
     0.00004733
     0.00004749
     0.00004765
     0.00004781
     0.00004798
     0.00004816
     0.00004833
     0.00004852
     0.00004870
     0.00004890
     0.00004909
     0.00087749
     0.00087701
     0.00082793
     0.00083548
     0.00084236
     0.00084866
     0.00085443
     0.00085972
     0.00086458
     0.00086904
     0.00087315
     0.00087693
     0.00082019
     0.00082070
     0.00082116
     0.00082160
     0.00082199
     0.00082235
     0.00082268
     0.00082298
     0.00082326
     0.00082350
     0.00082373
     0.00082393
     0.00082410
     0.00082426
     0.00082439
     0.00082451
     0.00082460
     0.00082468
     0.00082474
     0.00082478
     0.00082481
     0.00082482
     0.00082481
     0.00082479
     0.00082111
     0.00082540
     0.00079514
     0.00080349
     0.00080134
     0.00079981
     0.00079873
     0.00079798
     0.00079749
     0.00079721
     0.00079709
     0.00079711
     0.00079724
     0.00079745
     0.00079774
     0.00079809
     0.00079850
     0.00079894
     0.00079942
     0.00079993
     0.00080046
     0.00080101
     0.00080157
     0.00080214
     0.00080272
     0.00080329
     0.00080387
     0.00080444
     0.00080501
     0.00080557
     0.00080611
     0.00080663
     0.00080713
     0.00080761
     0.00080803
     0.00080840
     0.00080867
     0.00078551
     0.00078515
     0.00078490
     0.00078476
     0.00078471
     0.00000000
     0.00004594
     0.00004607
     0.00004619
     0.00004633
     0.00004646
     0.00004660
     0.00004674
     0.00004688
     0.00004703
     0.00004718
     0.00004733
     0.00004749
     0.00004765
     0.00004781
     0.00004798
     0.00004816
     0.00004833
     0.00004852
     0.00004870
     0.00004890
     0.00004909
     0.00086855
     0.00087521
     0.00082694
     0.00083455
     0.00084149
     0.00084784
     0.00085366
     0.00085899
     0.00086389
     0.00086840
     0.00087254
     0.00087635
     0.00081933
     0.00081984
     0.00082032
     0.00082075
     0.00082115
     0.00082152
     0.00082185
     0.00082215
     0.00082243
     0.00082268
     0.00082291
     0.00082311
     0.00082329
     0.00082344
     0.00082358
     0.00082369
     0.00082379
     0.00082387
     0.00082393
     0.00082397
     0.00082400
     0.00082401
     0.00082400
     0.00082398
     0.00082093
     0.00082581
     0.00079480
     0.00080259
     0.00080039
     0.00079884
     0.00079774
     0.00079698
     0.00079649
     0.00079620
     0.00079608
     0.00079609
     0.00079622
     0.00079643
     0.00079672
     0.00079708
     0.00079749
     0.00079793
     0.00079842
     0.00079893
     0.00079947
     0.00080002
     0.00080058
     0.00080116
     0.00080174
     0.00080232
     0.00080290
     0.00080348
     0.00080405
     0.00080461
     0.00080515
     0.00080568
     0.00080619
     0.00080666
     0.00080710
     0.00080747
     0.00080774
     0.00078463
     0.00078428
     0.00078403
     0.00078388
     0.00078384
     0.00000000
     0.00004594
     0.00004606
     0.00004619
     0.00004632
     0.00004646
     0.00004660
     0.00004674
     0.00004688
     0.00004703
     0.00004718
     0.00004733
     0.00004749
     0.00004765
     0.00004781
     0.00004798
     0.00004815
     0.00004833
     0.00004851
     0.00004870
     0.00004889
     0.00004909
     0.00085953
     0.00087341
     0.00082595
     0.00083362
     0.00084062
     0.00084702
     0.00085289
     0.00085827
     0.00086321
     0.00086775
     0.00087193
     0.00087577
     0.00081847
     0.00081899
     0.00081947
     0.00081991
     0.00082031
     0.00082068
     0.00082102
     0.00082133
     0.00082161
     0.00082186
     0.00082209
     0.00082229
     0.00082247
     0.00082263
     0.00082277
     0.00082288
     0.00082298
     0.00082306
     0.00082312
     0.00082317
     0.00082319
     0.00082320
     0.00082320
     0.00082318
     0.00082085
     0.00082626
     0.00079448
     0.00080169
     0.00079946
     0.00079788
     0.00079676
     0.00079599
     0.00079548
     0.00079519
     0.00079506
     0.00079507
     0.00079520
     0.00079542
     0.00079571
     0.00079607
     0.00079647
     0.00079693
     0.00079741
     0.00079793
     0.00079847
     0.00079902
     0.00079959
     0.00080017
     0.00080076
     0.00080134
     0.00080193
     0.00080251
     0.00080309
     0.00080365
     0.00080420
     0.00080474
     0.00080525
     0.00080572
     0.00080616
     0.00080653
     0.00080681
     0.00078376
     0.00078340
     0.00078316
     0.00078301
     0.00078296
     0.00000000
     0.00004594
     0.00004606
     0.00004619
     0.00004632
     0.00004646
     0.00004659
     0.00004673
     0.00004688
     0.00004702
     0.00004717
     0.00004733
     0.00004748
     0.00004765
     0.00004781
     0.00004798
     0.00004815
     0.00004833
     0.00004851
     0.00004870
     0.00004889
     0.00004909
     0.00085044
     0.00087159
     0.00082497
     0.00083270
     0.00083976
     0.00084621
     0.00085212
     0.00085755
     0.00086253
     0.00086711
     0.00087132
     0.00087520
     0.00081762
     0.00081815
     0.00081863
     0.00081907
     0.00081948
     0.00081985
     0.00082019
     0.00082050
     0.00082079
     0.00082104
     0.00082127
     0.00082148
     0.00082166
     0.00082182
     0.00082196
     0.00082208
     0.00082218
     0.00082226
     0.00082232
     0.00082236
     0.00082239
     0.00082240
     0.00082240
     0.00082238
     0.00082090
     0.00082677
     0.00079418
     0.00080080
     0.00079852
     0.00079691
     0.00079578
     0.00079499
     0.00079448
     0.00079418
     0.00079405
     0.00079406
     0.00079418
     0.00079440
     0.00079469
     0.00079505
     0.00079546
     0.00079592
     0.00079641
     0.00079693
     0.00079747
     0.00079803
     0.00080481
     0.00080490
     0.00079978
     0.00080037
     0.00080096
     0.00080155
     0.00080213
     0.00080270
     0.00080325
     0.00080379
     0.00080430
     0.00080479
     0.00080523
     0.00080560
     0.00080588
     0.00078289
     0.00078253
     0.00078228
     0.00078214
     0.00078209
     0.00000000
     0.00004594
     0.00004606
     0.00004619
     0.00004632
     0.00004646
     0.00004659
     0.00004673
     0.00004688
     0.00004702
     0.00004717
     0.00004733
     0.00004748
     0.00004765
     0.00004781
     0.00004798
     0.00004815
     0.00004833
     0.00004851
     0.00004870
     0.00004889
     0.00004909
     0.00084127
     0.00086976
     0.00082398
     0.00083177
     0.00083889
     0.00084540
     0.00085136
     0.00085682
     0.00086185
     0.00086647
     0.00087071
     0.00087462
     0.00081677
     0.00081730
     0.00081779
     0.00081824
     0.00081865
     0.00081902
     0.00081937
     0.00081968
     0.00081997
     0.00082022
     0.00082046
     0.00082066
     0.00082085
     0.00082101
     0.00082115
     0.00082127
     0.00082137
     0.00082145
     0.00082152
     0.00082156
     0.00082159
     0.00082160
     0.00082160
     0.00082158
     0.00082113
     0.00082734
     0.00079391
     0.00079990
     0.00079759
     0.00079595
     0.00079480
     0.00079400
     0.00079348
     0.00079317
     0.00079304
     0.00079305
     0.00079317
     0.00079339
     0.00079368
     0.00079404
     0.00079446
     0.00079491
     0.00079541
     0.00079593
     0.00080369
     0.00080378
     0.00080387
     0.00080397
     0.00080406
     0.00079940
     0.00079999
     0.00080058
     0.00080117
     0.00080174
     0.00080230
     0.00080285
     0.00080336
     0.00080385
     0.00080429
     0.00080467
     0.00080495
     0.00078202
     0.00078166
     0.00078141
     0.00078127
     0.00078122
     0.00000000
     0.00004594
     0.00004606
     0.00004619
     0.00004632
     0.00004646
     0.00004659
     0.00004673
     0.00004688
     0.00004702
     0.00004717
     0.00004733
     0.00004748
     0.00004764
     0.00004781
     0.00004798
     0.00004815
     0.00004833
     0.00004851
     0.00004870
     0.00004889
     0.00004909
     0.00083203
     0.00086792
     0.00082299
     0.00083085
     0.00083802
     0.00084458
     0.00085059
     0.00085611
     0.00086117
     0.00086583
     0.00087011
     0.00087405
     0.00081592
     0.00081646
     0.00081695
     0.00081740
     0.00081782
     0.00081820
     0.00081855
     0.00081886
     0.00081915
     0.00081941
     0.00081964
     0.00081985
     0.00082004
     0.00082021
     0.00082035
     0.00082047
     0.00082057
     0.00082065
     0.00082072
     0.00082076
     0.00082079
     0.00082081
     0.00082080
     0.00082078
     0.00082168
     0.00082797
     0.00079365
     0.00079902
     0.00079666
     0.00079499
     0.00079382
     0.00079301
     0.00079248
     0.00079216
     0.00079203
     0.00079203
     0.00079215
     0.00079237
     0.00079267
     0.00079303
     0.00079345
     0.00079391
     0.00079441
     0.00079493
     0.00080275
     0.00080284
     0.00080294
     0.00080303
     0.00080313
     0.00080322
     0.00079903
     0.00079962
     0.00080021
     0.00080079
     0.00080136
     0.00080190
     0.00080243
     0.00080292
     0.00080336
     0.00080375
     0.00080403
     0.00078115
     0.00078079
     0.00078054
     0.00078040
     0.00078035
     0.00000000
     0.00004594
     0.00004606
     0.00004619
     0.00004632
     0.00004646
     0.00004659
     0.00004673
     0.00004688
     0.00004702
     0.00004717
     0.00004733
     0.00004748
     0.00004764
     0.00004781
     0.00004798
     0.00004815
     0.00004833
     0.00004851
     0.00004870
     0.00004889
     0.00004909
     0.00092467
     0.00086607
     0.00082200
     0.00082993
     0.00083716
     0.00084377
     0.00084983
     0.00085539
     0.00086050
     0.00086519
     0.00086951
     0.00087349
     0.00081508
     0.00081562
     0.00081611
     0.00081657
     0.00081699
     0.00081737
     0.00081772
     0.00081804
     0.00081834
     0.00081860
     0.00081884
     0.00081905
     0.00081924
     0.00081940
     0.00081955
     0.00081967
     0.00081977
     0.00081986
     0.00081992
     0.00081997
     0.00082000
     0.00082001
     0.00082001
     0.00081999
     0.00082306
     0.00080730
     0.00079343
     0.00079813
     0.00079573
     0.00079404
     0.00079284
     0.00079202
     0.00079148
     0.00079116
     0.00079102
     0.00079102
     0.00079114
     0.00079136
     0.00079166
     0.00079202
     0.00079244
     0.00079291
     0.00079341
     0.00080173
     0.00080182
     0.00080191
     0.00080200
     0.00080210
     0.00080220
     0.00080229
     0.00080239
     0.00079866
     0.00079926
     0.00079984
     0.00080041
     0.00080096
     0.00080149
     0.00080198
     0.00080243
     0.00080282
     0.00080311
     0.00078029
     0.00077993
     0.00077968
     0.00077953
     0.00077949
     0.00000000
     0.00004594
     0.00004606
     0.00004619
     0.00004632
     0.00004645
     0.00004659
     0.00004673
     0.00004687
     0.00004702
     0.00004717
     0.00004732
     0.00004748
     0.00004764
     0.00004781
     0.00004798
     0.00004815
     0.00004833
     0.00004851
     0.00004870
     0.00004889
     0.00004909
     0.00087080
     0.00086421
     0.00091882
     0.00082900
     0.00083629
     0.00084296
     0.00084907
     0.00085468
     0.00085982
     0.00086456
     0.00086892
     0.00087292
     0.00081423
     0.00081478
     0.00081528
     0.00081574
     0.00081616
     0.00081655
     0.00081691
     0.00081723
     0.00081752
     0.00081779
     0.00081803
     0.00081824
     0.00081843
     0.00081860
     0.00081875
     0.00081887
     0.00081898
     0.00081906
     0.00081913
     0.00081918
     0.00081921
     0.00081922
     0.00081922
     0.00081920
     0.00081916
     0.00080666
     0.00079322
     0.00079725
     0.00079480
     0.00079308
     0.00079187
     0.00079103
     0.00079048
     0.00079016
     0.00079001
     0.00079001
     0.00079013
     0.00079035
     0.00079065
     0.00079102
     0.00079144
     0.00079190
     0.00080071
     0.00080080
     0.00080089
     0.00080098
     0.00080107
     0.00080117
     0.00080127
     0.00080137
     0.00080146
     0.00079771
     0.00079831
     0.00079889
     0.00079947
     0.00080002
     0.00080055
     0.00080105
     0.00080151
     0.00080190
     0.00080219
     0.00077942
     0.00077906
     0.00077881
     0.00077867
     0.00077862
     0.00000000
     0.00004594
     0.00004606
     0.00004619
     0.00004632
     0.00004645
     0.00004659
     0.00004673
     0.00004687
     0.00004702
     0.00004717
     0.00004732
     0.00004748
     0.00004764
     0.00004781
     0.00004798
     0.00004815
     0.00004833
     0.00004851
     0.00004870
     0.00004889
     0.00004909
     0.00089578
     0.00086233
     0.00091733
     0.00082808
     0.00083543
     0.00084215
     0.00084831
     0.00085396
     0.00085915
     0.00086393
     0.00086832
     0.00087236
     0.00081339
     0.00081394
     0.00081445
     0.00081492
     0.00081534
     0.00081573
     0.00081609
     0.00081642
     0.00081672
     0.00081698
     0.00081723
     0.00081744
     0.00081764
     0.00081781
     0.00081795
     0.00081808
     0.00081818
     0.00081827
     0.00081834
     0.00081839
     0.00081842
     0.00081843
     0.00081843
     0.00081841
     0.00081837
     0.00080603
     0.00079305
     0.00079637
     0.00079388
     0.00079213
     0.00079090
     0.00079005
     0.00078948
     0.00078915
     0.00078900
     0.00078900
     0.00078912
     0.00078934
     0.00078964
     0.00079001
     0.00079043
     0.00079090
     0.00079978
     0.00079986
     0.00079995
     0.00080005
     0.00080014
     0.00080024
     0.00080034
     0.00080044
     0.00080054
     0.00080064
     0.00079735
     0.00079795
     0.00079852
     0.00079908
     0.00079962
     0.00080012
     0.00080058
     0.00080097
     0.00080127
     0.00077856
     0.00077820
     0.00077795
     0.00077780
     0.00077776
     0.00000000
     0.00004593
     0.00004606
     0.00004619
     0.00004632
     0.00004645
     0.00004659
     0.00004673
     0.00004687
     0.00004702
     0.00004717
     0.00004732
     0.00004748
     0.00004764
     0.00004781
     0.00004797
     0.00004815
     0.00004833
     0.00004851
     0.00004870
     0.00004889
     0.00004909
     0.00004929
     0.00086045
     0.00091583
     0.00082715
     0.00083456
     0.00084134
     0.00084755
     0.00085325
     0.00085849
     0.00086330
     0.00086773
     0.00087181
     0.00081255
     0.00081311
     0.00081362
     0.00081409
     0.00081452
     0.00081492
     0.00081528
     0.00081561
     0.00081591
     0.00081618
     0.00081642
     0.00081664
     0.00081684
     0.00081701
     0.00081716
     0.00081729
     0.00081739
     0.00081748
     0.00081755
     0.00081760
     0.00081763
     0.00081764
     0.00081764
     0.00081762
     0.00081759
     0.00080541
     0.00079290
     0.00079550
     0.00079296
     0.00079118
     0.00078993
     0.00078906
     0.00078849
     0.00078815
     0.00078800
     0.00078799
     0.00078811
     0.00078833
     0.00078863
     0.00078900
     0.00078943
     0.00079876
     0.00079885
     0.00079893
     0.00079903
     0.00079912
     0.00079922
     0.00079932
     0.00079941
     0.00079951
     0.00079961
     0.00079971
     0.00079640
     0.00079700
     0.00079758
     0.00079815
     0.00079869
     0.00079920
     0.00079966
     0.00080005
     0.00080035
     0.00077770
     0.00077734
     0.00077709
     0.00077694
     0.00077689
     0.00000000
     0.00004593
     0.00004606
     0.00004619
     0.00004632
     0.00004645
     0.00004659
     0.00004673
     0.00004687
     0.00004702
     0.00004717
     0.00004732
     0.00004748
     0.00004764
     0.00004780
     0.00004797
     0.00004815
     0.00004832
     0.00004851
     0.00004869
     0.00004889
     0.00004908
     0.00004929
     0.00085855
     0.00091432
     0.00082623
     0.00083370
     0.00084054
     0.00084680
     0.00085254
     0.00085782
     0.00086267
     0.00086714
     0.00087125
     0.00081172
     0.00081228
     0.00081279
     0.00081327
     0.00081370
     0.00081410
     0.00081447
     0.00081480
     0.00081510
     0.00081538
     0.00081563
     0.00081585
     0.00081604
     0.00081622
     0.00081637
     0.00081650
     0.00081661
     0.00081670
     0.00081676
     0.00081681
     0.00081685
     0.00081686
     0.00081686
     0.00081684
     0.00081680
     0.00080481
     0.00079277
     0.00079463
     0.00079204
     0.00079023
     0.00078896
     0.00078808
     0.00078750
     0.00078715
     0.00078699
     0.00078699
     0.00078710
     0.00078732
     0.00078763
     0.00078800
     0.00078843
     0.00079784
     0.00079792
     0.00079801
     0.00079810
     0.00079819
     0.00079829
     0.00079839
     0.00079849
     0.00079859
     0.00079869
     0.00079879
     0.00079546
     0.00079606
     0.00079665
     0.00079721
     0.00079776
     0.00079827
     0.00079874
     0.00079914
     0.00079943
     0.00077684
     0.00077648
     0.00077623
     0.00077608
     0.00077603
     0.00000000
     0.00004593
     0.00004606
     0.00004619
     0.00004632
     0.00004645
     0.00004659
     0.00004673
     0.00004687
     0.00004702
     0.00004717
     0.00004732
     0.00004748
     0.00004764
     0.00004780
     0.00004797
     0.00004815
     0.00004832
     0.00004851
     0.00004869
     0.00004889
     0.00004908
     0.00004929
     0.00085664
     0.00091279
     0.00082531
     0.00083284
     0.00083973
     0.00084604
     0.00085183
     0.00085716
     0.00086205
     0.00086655
     0.00087070
     0.00081088
     0.00081145
     0.00081197
     0.00081245
     0.00081289
     0.00081329
     0.00081366
     0.00081400
     0.00081430
     0.00081458
     0.00081483
     0.00081505
     0.00081525
     0.00081543
     0.00081558
     0.00081571
     0.00081582
     0.00081591
     0.00081598
     0.00081603
     0.00081607
     0.00081608
     0.00081608
     0.00081606
     0.00081602
     0.00080422
     0.00079268
     0.00079377
     0.00079113
     0.00078929
     0.00078799
     0.00078710
     0.00078651
     0.00078615
     0.00078599
     0.00078598
     0.00078610
     0.00078632
     0.00078662
     0.00078700
     0.00079683
     0.00079691
     0.00079699
     0.00079708
     0.00079717
     0.00079727
     0.00079737
     0.00079747
     0.00079757
     0.00079767
     0.00079777
     0.00079787
     0.00079797
     0.00079512
     0.00079571
     0.00079628
     0.00079683
     0.00079735
     0.00079782
     0.00079822
     0.00079852
     0.00077598
     0.00077562
     0.00077537
     0.00077522
     0.00077518
     0.00000000
     0.00004593
     0.00004606
     0.00004619
     0.00004632
     0.00004645
     0.00004659
     0.00004673
     0.00004687
     0.00004702
     0.00004717
     0.00004732
     0.00004748
     0.00004764
     0.00004780
     0.00004797
     0.00004815
     0.00004832
     0.00004851
     0.00004869
     0.00004888
     0.00004908
     0.00004929
     0.00085472
     0.00091126
     0.00082439
     0.00083198
     0.00083892
     0.00084529
     0.00085113
     0.00085649
     0.00086143
     0.00086597
     0.00087015
     0.00081005
     0.00081062
     0.00081115
     0.00081163
     0.00081207
     0.00081248
     0.00081285
     0.00081319
     0.00081350
     0.00081378
     0.00081404
     0.00081426
     0.00081446
     0.00081464
     0.00081480
     0.00081493
     0.00081504
     0.00081513
     0.00081520
     0.00081525
     0.00081529
     0.00081530
     0.00081530
     0.00081528
     0.00081524
     0.00080365
     0.00079261
     0.00079290
     0.00079022
     0.00078835
     0.00078703
     0.00078612
     0.00078552
     0.00078516
     0.00078499
     0.00078498
     0.00078509
     0.00078531
     0.00078562
     0.00078600
     0.00079590
     0.00079598
     0.00079607
     0.00079616
     0.00079625
     0.00079635
     0.00079645
     0.00079655
     0.00079665
     0.00079675
     0.00079685
     0.00079695
     0.00079706
     0.00079418
     0.00079477
     0.00079535
     0.00079590
     0.00079642
     0.00079690
     0.00079730
     0.00079761
     0.00077512
     0.00077476
     0.00077451
     0.00077437
     0.00077432
     0.00000000
     0.00004593
     0.00004606
     0.00004619
     0.00004632
     0.00004645
     0.00004659
     0.00004673
     0.00004687
     0.00004702
     0.00004717
     0.00004732
     0.00004748
     0.00004764
     0.00004780
     0.00004797
     0.00004814
     0.00004832
     0.00004850
     0.00004869
     0.00004888
     0.00004908
     0.00004928
     0.00085278
     0.00090972
     0.00082346
     0.00083112
     0.00083812
     0.00084454
     0.00085043
     0.00085584
     0.00086081
     0.00086539
     0.00086960
     0.00080922
     0.00080980
     0.00081033
     0.00081082
     0.00081126
     0.00081167
     0.00081205
     0.00081239
     0.00081271
     0.00081299
     0.00081324
     0.00081347
     0.00081368
     0.00081386
     0.00081401
     0.00081415
     0.00081426
     0.00081435
     0.00081442
     0.00081448
     0.00081451
     0.00081453
     0.00081452
     0.00081451
     0.00081447
     0.00080310
     0.00079257
     0.00079205
     0.00078931
     0.00078741
     0.00078607
     0.00078514
     0.00078453
     0.00078416
     0.00078399
     0.00078398
     0.00078409
     0.00078431
     0.00078462
     0.00078500
     0.00079498
     0.00079506
     0.00079514
     0.00079523
     0.00079533
     0.00079542
     0.00079552
     0.00079563
     0.00079573
     0.00079583
     0.00079594
     0.00079604
     0.00079614
     0.00079324
     0.00079384
     0.00079442
     0.00079498
     0.00079550
     0.00079598
     0.00079639
     0.00079670
     0.00077427
     0.00077391
     0.00077366
     0.00077351
     0.00077346
     0.00000000
     0.00004593
     0.00004606
     0.00004619
     0.00004632
     0.00004645
     0.00004659
     0.00004673
     0.00004687
     0.00004702
     0.00004717
     0.00004732
     0.00004748
     0.00004764
     0.00004780
     0.00004797
     0.00004814
     0.00004832
     0.00004850
     0.00004869
     0.00004888
     0.00004908
     0.00004928
     0.00085084
     0.00090817
     0.00082254
     0.00083026
     0.00083732
     0.00084379
     0.00084972
     0.00085518
     0.00086019
     0.00086481
     0.00086906
     0.00080839
     0.00080897
     0.00080951
     0.00081000
     0.00081046
     0.00081087
     0.00081125
     0.00081160
     0.00081191
     0.00081220
     0.00081246
     0.00081269
     0.00081289
     0.00081307
     0.00081323
     0.00081337
     0.00081348
     0.00081357
     0.00081365
     0.00081370
     0.00081374
     0.00081375
     0.00081375
     0.00081373
     0.00081370
     0.00080257
     0.00077439
     0.00079119
     0.00078841
     0.00078647
     0.00078511
     0.00078416
     0.00078354
     0.00078317
     0.00078299
     0.00078297
     0.00078309
     0.00078331
     0.00078362
     0.00079398
     0.00079405
     0.00079413
     0.00079422
     0.00079431
     0.00079441
     0.00079451
     0.00079461
     0.00079471
     0.00079481
     0.00079492
     0.00079502
     0.00079512
     0.00079523
     0.00079230
     0.00079291
     0.00079349
     0.00079406
     0.00079458
     0.00079507
     0.00079548
     0.00079579
     0.00077341
     0.00077305
     0.00077280
     0.00077266
     0.00077261
     0.00000000
     0.00004593
     0.00004606
     0.00004618
     0.00004632
     0.00004645
     0.00004659
     0.00004673
     0.00004687
     0.00004702
     0.00004716
     0.00004732
     0.00004748
     0.00004764
     0.00004780
     0.00004797
     0.00004814
     0.00004832
     0.00004850
     0.00004869
     0.00004888
     0.00004908
     0.00004928
     0.00084888
     0.00090661
     0.00082162
     0.00082940
     0.00083652
     0.00084304
     0.00084902
     0.00085452
     0.00085958
     0.00086423
     0.00086852
     0.00080756
     0.00080815
     0.00080869
     0.00080919
     0.00080965
     0.00081007
     0.00081045
     0.00081080
     0.00081112
     0.00081141
     0.00081167
     0.00081190
     0.00081211
     0.00081229
     0.00081245
     0.00081259
     0.00081271
     0.00081280
     0.00081288
     0.00081293
     0.00081297
     0.00081298
     0.00081298
     0.00081296
     0.00081293
     0.00080206
     0.00077926
     0.00079034
     0.00078750
     0.00078553
     0.00078415
     0.00078319
     0.00078256
     0.00078217
     0.00078199
     0.00078197
     0.00078209
     0.00078231
     0.00078262
     0.00079306
     0.00079313
     0.00079321
     0.00079330
     0.00079339
     0.00079349
     0.00079359
     0.00079369
     0.00079379
     0.00079390
     0.00079400
     0.00079411
     0.00079421
     0.00079432
     0.00079442
     0.00079198
     0.00079257
     0.00079313
     0.00079367
     0.00079415
     0.00079457
     0.00079488
     0.00077256
     0.00077220
     0.00077195
     0.00077181
     0.00077176
     0.00000000
     0.00004593
     0.00004606
     0.00004618
     0.00004631
     0.00004645
     0.00004659
     0.00004672
     0.00004687
     0.00004701
     0.00004716
     0.00004732
     0.00004747
     0.00004764
     0.00004780
     0.00004797
     0.00004814
     0.00004832
     0.00004850
     0.00004869
     0.00004888
     0.00004908
     0.00004928
     0.00084691
     0.00090503
     0.00082070
     0.00082854
     0.00083571
     0.00084229
     0.00084832
     0.00085387
     0.00085897
     0.00086366
     0.00086798
     0.00080674
     0.00080733
     0.00080788
     0.00080838
     0.00080884
     0.00080927
     0.00080966
     0.00081001
     0.00081033
     0.00081062
     0.00081089
     0.00081112
     0.00081133
     0.00081152
     0.00081168
     0.00081182
     0.00081193
     0.00081203
     0.00081211
     0.00081216
     0.00081220
     0.00081222
     0.00081222
     0.00081220
     0.00081216
     0.00080158
     0.00078431
     0.00078950
     0.00078661
     0.00078460
     0.00078319
     0.00078222
     0.00078157
     0.00078118
     0.00078100
     0.00078097
     0.00078109
     0.00078131
     0.00078162
     0.00079214
     0.00079221
     0.00079229
     0.00079238
     0.00079247
     0.00079257
     0.00079267
     0.00079277
     0.00079288
     0.00079298
     0.00079309
     0.00079320
     0.00079330
     0.00079341
     0.00079351
     0.00079105
     0.00079164
     0.00079221
     0.00079275
     0.00079324
     0.00079366
     0.00079398
     0.00077171
     0.00077135
     0.00077110
     0.00077096
     0.00077091
     0.00000000
     0.00004593
     0.00004605
     0.00004618
     0.00004631
     0.00004645
     0.00004658
     0.00004672
     0.00004687
     0.00004701
     0.00004716
     0.00004732
     0.00004747
     0.00004763
     0.00004780
     0.00004797
     0.00004814
     0.00004832
     0.00004850
     0.00004869
     0.00004888
     0.00004908
     0.00004928
     0.00084492
     0.00090345
     0.00081977
     0.00082768
     0.00083491
     0.00084154
     0.00084763
     0.00085322
     0.00085836
     0.00086309
     0.00086745
     0.00080592
     0.00080652
     0.00080707
     0.00080758
     0.00080804
     0.00080847
     0.00080886
     0.00080922
     0.00080954
     0.00080984
     0.00081010
     0.00081034
     0.00081056
     0.00081074
     0.00081091
     0.00081105
     0.00081117
     0.00081126
     0.00081134
     0.00081140
     0.00081143
     0.00081145
     0.00081145
     0.00081143
     0.00081140
     0.00080112
     0.00078956
     0.00078866
     0.00078571
     0.00078367
     0.00078224
     0.00078125
     0.00078059
     0.00078019
     0.00078000
     0.00077998
     0.00078009
     0.00078031
     0.00078062
     0.00079122
     0.00079129
     0.00079138
     0.00079146
     0.00079156
     0.00079165
     0.00079176
     0.00079186
     0.00079197
     0.00079207
     0.00079218
     0.00079229
     0.00079239
     0.00079250
     0.00079260
     0.00079012
     0.00079072
     0.00079130
     0.00079184
     0.00079233
     0.00079276
     0.00079307
     0.00077086
     0.00077050
     0.00077025
     0.00077011
     0.00077006
     0.00000000
     0.00004593
     0.00004605
     0.00004618
     0.00004631
     0.00004645
     0.00004658
     0.00004672
     0.00004687
     0.00004701
     0.00004716
     0.00004732
     0.00004747
     0.00004763
     0.00004780
     0.00004797
     0.00004814
     0.00004832
     0.00004850
     0.00004869
     0.00004888
     0.00004908
     0.00004928
     0.00084292
     0.00090186
     0.00081885
     0.00082682
     0.00083411
     0.00084080
     0.00084693
     0.00085257
     0.00085775
     0.00086252
     0.00080444
     0.00080510
     0.00080570
     0.00080626
     0.00080677
     0.00080724
     0.00080768
     0.00080807
     0.00080843
     0.00080876
     0.00080906
     0.00080933
     0.00080957
     0.00080978
     0.00080997
     0.00081014
     0.00081028
     0.00081040
     0.00081050
     0.00081057
     0.00081063
     0.00081067
     0.00081069
     0.00081069
     0.00081067
     0.00081064
     0.00080069
     0.00079501
     0.00078782
     0.00078482
     0.00078274
     0.00078128
     0.00078028
     0.00077961
     0.00077920
     0.00077901
     0.00077898
     0.00077909
     0.00077931
     0.00079024
     0.00079030
     0.00079038
     0.00079046
     0.00079055
     0.00079064
     0.00079074
     0.00079084
     0.00079095
     0.00079105
     0.00079116
     0.00079127
     0.00079138
     0.00079149
     0.00079159
     0.00079170
     0.00078919
     0.00078980
     0.00079038
     0.00079093
     0.00079142
     0.00079185
     0.00079217
     0.00077002
     0.00076966
     0.00076941
     0.00076926
     0.00076921
     0.00000000
     0.00004593
     0.00004605
     0.00004618
     0.00004631
     0.00004645
     0.00004658
     0.00004672
     0.00004687
     0.00004701
     0.00004716
     0.00004731
     0.00004747
     0.00004763
     0.00004780
     0.00004797
     0.00004814
     0.00004832
     0.00004850
     0.00004869
     0.00004888
     0.00004908
     0.00004928
     0.00084091
     0.00090025
     0.00081793
     0.00082597
     0.00083332
     0.00084005
     0.00084624
     0.00085192
     0.00085715
     0.00086196
     0.00080361
     0.00080428
     0.00080489
     0.00080545
     0.00080597
     0.00080645
     0.00080688
     0.00080728
     0.00080765
     0.00080798
     0.00080828
     0.00080855
     0.00080879
     0.00080901
     0.00080920
     0.00080937
     0.00080951
     0.00080963
     0.00080973
     0.00080981
     0.00080987
     0.00080991
     0.00080993
     0.00080993
     0.00080991
     0.00080988
     0.00080029
     0.00080067
     0.00078699
     0.00078393
     0.00078181
     0.00078033
     0.00077931
     0.00077863
     0.00077822
     0.00077802
     0.00077798
     0.00077809
     0.00077831
     0.00078933
     0.00078939
     0.00078946
     0.00078955
     0.00078963
     0.00078973
     0.00078983
     0.00078993
     0.00079004
     0.00079014
     0.00079025
     0.00079036
     0.00079047
     0.00079058
     0.00079069
     0.00079079
     0.00078827
     0.00078888
     0.00078947
     0.00079002
     0.00079052
     0.00079095
     0.00079127
     0.00076917
     0.00076881
     0.00076856
     0.00076841
     0.00076837
     0.00000000
     0.00004593
     0.00004605
     0.00004618
     0.00004631
     0.00004645
     0.00004658
     0.00004672
     0.00004686
     0.00004701
     0.00004716
     0.00004731
     0.00004747
     0.00004763
     0.00004780
     0.00004797
     0.00004814
     0.00004832
     0.00004850
     0.00004868
     0.00004888
     0.00004907
     0.00004928
     0.00083889
     0.00089864
     0.00081701
     0.00082511
     0.00083252
     0.00083931
     0.00084554
     0.00085127
     0.00085654
     0.00086139
     0.00080279
     0.00080346
     0.00080408
     0.00080465
     0.00080517
     0.00080565
     0.00080609
     0.00080650
     0.00080686
     0.00080720
     0.00080750
     0.00080778
     0.00080802
     0.00080824
     0.00080844
     0.00080860
     0.00080875
     0.00080887
     0.00080897
     0.00080905
     0.00080911
     0.00080915
     0.00080917
     0.00080917
     0.00080916
     0.00080912
     0.00079992
     0.00080654
     0.00078616
     0.00078304
     0.00078089
     0.00077938
     0.00077834
     0.00077765
     0.00077723
     0.00077702
     0.00077699
     0.00077710
     0.00077732
     0.00078841
     0.00078847
     0.00078855
     0.00078863
     0.00078872
     0.00078882
     0.00078892
     0.00078902
     0.00078913
     0.00078924
     0.00078935
     0.00078946
     0.00078957
     0.00078968
     0.00078978
     0.00078989
     0.00078999
     0.00078796
     0.00078855
     0.00078911
     0.00078961
     0.00079005
     0.00079038
     0.00076833
     0.00076797
     0.00076772
     0.00076757
     0.00076752
     0.00000000
     0.00004593
     0.00004605
     0.00004618
     0.00004631
     0.00004644
     0.00004658
     0.00004672
     0.00004686
     0.00004701
     0.00004716
     0.00004731
     0.00004747
     0.00004763
     0.00004780
     0.00004796
     0.00004814
     0.00004831
     0.00004850
     0.00004868
     0.00004888
     0.00004907
     0.00004928
     0.00083685
     0.00089702
     0.00081609
     0.00082425
     0.00083172
     0.00083857
     0.00084485
     0.00085063
     0.00085594
     0.00086083
     0.00080197
     0.00080265
     0.00080327
     0.00080385
     0.00080437
     0.00080486
     0.00080530
     0.00080571
     0.00080608
     0.00080642
     0.00080673
     0.00080701
     0.00080725
     0.00080748
     0.00080767
     0.00080784
     0.00080799
     0.00080811
     0.00080822
     0.00080830
     0.00080836
     0.00080840
     0.00080842
     0.00080842
     0.00080840
     0.00080837
     0.00079960
     0.00079352
     0.00078534
     0.00078216
     0.00077997
     0.00077843
     0.00077738
     0.00077667
     0.00077625
     0.00077603
     0.00077600
     0.00077610
     0.00077632
     0.00078750
     0.00078756
     0.00078764
     0.00078772
     0.00078781
     0.00078791
     0.00078801
     0.00078811
     0.00078822
     0.00078833
     0.00078844
     0.00078855
     0.00078866
     0.00078877
     0.00078888
     0.00078899
     0.00078909
     0.00078705
     0.00078764
     0.00078820
     0.00078871
     0.00078915
     0.00078948
     0.00076749
     0.00076713
     0.00076687
     0.00076673
     0.00076668
