          0.000
          0.000
          0.000
          0.000
          0.000
          0.000
          0.000
          0.000
          0.000
          0.000
          0.000
          0.000
         21.526
         21.526
         21.526
         21.526
         21.526
         21.526
         21.526
         21.526
         21.526
         21.526
         21.526
         21.526
         21.526
         21.526
         21.526
         21.526
         21.526
         21.526
         21.526
         21.526
         21.526
         21.526
         21.526
         21.526
         21.526
         21.526
         21.526
         21.526
         21.526
         21.526
         21.526
         21.526
         21.526
         21.526
         21.526
         21.526
         21.526
         21.526
         21.526
         21.526
         21.526
         21.526
         21.526
         21.526
         21.526
         21.526
         21.526
         21.526
         21.526
         21.526
         21.526
         21.526
         21.526
         21.526
         21.526
         21.526
         21.526
         21.526
         21.526
         21.526
         21.526
         21.526
         21.526
         21.526
         21.526
         21.526
         21.526
         21.526
         21.207
         20.852
         20.501
         20.153
         19.809
         19.469
         19.133
         18.799
         18.469
         18.142
         17.818
         17.497
         17.179
         16.863
         16.550
         16.239
         15.931
         15.626
         15.322
         15.021
          0.000
          0.000
          0.000
          0.000
          0.000
          0.000
          0.000
          0.000
          0.000
          0.000
          0.000
          0.000
         21.546
         21.546
         21.546
         21.546
         21.546
         21.546
         21.546
         21.546
         21.546
         21.546
         21.546
         21.546
         21.546
         21.546
         21.546
         21.546
         21.546
         21.546
         21.546
         21.546
         21.546
         21.546
         21.546
         21.546
         21.546
         21.546
         21.546
         21.546
         21.546
         21.546
         21.546
         21.546
         21.546
         21.546
         21.546
         21.546
         21.546
         21.546
         21.546
         21.546
         21.546
         21.546
         21.546
         21.546
         21.546
         21.546
         21.546
         21.546
         21.546
         21.546
         21.546
         21.546
         21.546
         21.546
         21.546
         21.546
         21.546
         21.546
         21.546
         21.546
         21.546
         21.546
         21.546
         21.546
         21.546
         21.546
         21.546
         21.546
         21.233
         20.877
         20.525
         20.177
         19.833
         19.492
         19.155
         18.821
         18.491
         18.163
         17.839
         17.517
         17.198
         16.882
         16.569
         16.258
         15.950
         15.644
         15.340
         15.038
          0.000
          0.000
          0.000
          0.000
          0.000
          0.000
          0.000
          0.000
          0.000
          0.000
          0.000
          0.000
         21.566
         21.566
         21.566
         21.566
         21.566
         21.566
         21.566
         21.566
         21.566
         21.566
         21.566
         21.566
         21.566
         21.566
         21.566
         21.566
         21.566
         21.566
         21.566
         21.566
         21.566
         21.566
         21.566
         21.566
         21.566
         21.566
         21.566
         21.566
         21.566
         21.566
         21.566
         21.566
         21.566
         21.566
         21.566
         21.566
         21.566
         21.566
         21.566
         21.566
         21.566
         21.566
         21.566
         21.566
         21.566
         21.566
         21.566
         21.566
         21.566
         21.566
         21.566
         21.566
         21.566
         21.566
         21.566
         21.566
         21.566
         21.566
         21.566
         21.566
         21.566
         21.566
         21.566
         21.566
         21.566
         21.566
         21.566
         21.566
         21.258
         20.902
         20.550
         20.201
         19.857
         19.515
         19.178
         18.843
         18.512
         18.184
         17.859
         17.537
         17.218
         16.902
         16.588
         16.277
         15.968
         15.661
         15.357
         15.055
          0.000
          0.000
          0.000
          0.000
          0.000
          0.000
          0.000
          0.000
          0.000
          0.000
          0.000
          0.000
         21.587
         21.587
         21.587
         21.587
         21.587
         21.587
         21.587
         21.587
         21.587
         21.587
         21.587
         21.587
         21.587
         21.587
         21.587
         21.587
         21.587
         21.587
         21.587
         21.587
         21.587
         21.587
         21.587
         21.587
         21.587
         21.587
         21.587
         21.587
         21.587
         21.587
         21.587
         21.587
         21.587
         21.587
         21.587
         21.587
         21.587
         21.587
         21.587
         21.587
         21.587
         21.587
         21.587
         21.587
         21.587
         21.587
         21.587
         21.587
         21.587
         21.587
         21.587
         21.587
         21.587
         21.587
         21.587
         21.587
         21.587
         21.587
         21.587
         21.587
         21.587
         21.587
         21.587
         21.587
         21.587
         21.587
         21.587
         21.587
         21.284
         20.927
         20.574
         20.225
         19.880
         19.538
         19.200
         18.865
         18.534
         18.206
         17.880
         17.558
         17.238
         16.921
         16.607
         16.295
         15.986
         15.679
         15.375
         15.072
          0.000
          0.000
          0.000
          0.000
          0.000
          0.000
          0.000
          0.000
          0.000
          0.000
          0.000
          0.000
         21.607
         21.607
         21.607
         21.607
         21.607
         21.607
         21.607
         21.607
         21.607
         21.607
         21.607
         21.607
         21.607
         21.607
         21.607
         21.607
         21.607
         21.607
         21.607
         21.607
         21.607
         21.607
         21.607
         21.607
         21.607
         21.607
         21.607
         21.607
         21.607
         21.607
         21.607
         21.607
         21.607
         21.607
         21.607
         21.607
         21.607
         21.607
         21.607
         21.607
         21.607
         21.607
         21.607
         21.607
         21.607
         21.607
         21.607
         21.607
         21.607
         21.607
         21.607
         21.607
         21.607
         21.607
         21.607
         21.607
         21.607
         21.607
         21.607
         21.607
         21.607
         21.607
         21.607
         21.607
         21.607
         21.607
         21.607
         21.607
         21.310
         20.952
         20.599
         20.249
         19.904
         19.561
         19.223
         18.888
         18.556
         18.227
         17.901
         17.578
         17.258
         16.941
         16.626
         16.314
         16.004
         15.697
         15.392
         15.089
          0.000
          0.000
          0.000
          0.000
          0.000
          0.000
          0.000
          0.000
          0.000
          0.000
          0.000
          0.000
         21.627
         21.627
         21.627
         21.627
         21.627
         21.627
         21.627
         21.627
         21.627
         21.627
         21.627
         21.627
         21.627
         21.627
         21.627
         21.627
         21.627
         21.627
         21.627
         21.627
         21.627
         21.627
         21.627
         21.627
         21.627
         21.627
         21.627
         21.627
         21.627
         21.627
         21.627
         21.627
         21.627
         21.627
         21.627
         21.627
         21.627
         21.627
         21.627
         21.627
         21.627
         21.627
         21.627
         21.627
         21.627
         21.627
         21.627
         21.627
         21.627
         21.627
         21.627
         21.627
         21.627
         21.627
         21.627
         21.627
         21.627
         21.627
         21.627
         21.627
         21.627
         21.627
         21.627
         21.627
         21.627
         21.627
         21.627
         21.627
         21.335
         20.977
         20.623
         20.273
         19.927
         19.584
         19.245
         18.910
         18.577
         18.248
         17.922
         17.598
         17.278
         16.960
         16.645
         16.333
         16.023
         15.715
         15.410
         15.107
          0.000
          0.000
          0.000
          0.000
          0.000
          0.000
          0.000
          0.000
          0.000
          0.000
          0.000
          0.000
         21.648
         21.648
         21.648
         21.648
         21.648
         21.648
         21.648
         21.648
         21.648
         21.648
         21.648
         21.648
         21.648
         21.648
         21.648
         21.648
         21.648
         21.648
         21.648
         21.648
         21.648
         21.648
         21.648
         21.648
         21.648
         21.648
         21.648
         21.648
         21.648
         21.648
         21.648
         21.648
         21.648
         21.648
         21.648
         21.648
         21.648
         21.648
         21.648
         21.648
         21.648
         21.648
         21.648
         21.648
         21.648
         21.648
         21.648
         21.648
         21.648
         21.648
         21.648
         21.648
         21.648
         21.648
         21.648
         21.648
         21.648
         21.648
         21.648
         21.648
         21.648
         21.648
         21.648
         21.648
         21.648
         21.648
         21.648
         21.648
         21.361
         21.002
         20.648
         20.297
         19.951
         19.608
         19.268
         18.932
         18.599
         18.269
         17.942
         17.619
         17.298
         16.980
         16.664
         16.351
         16.041
         15.733
         15.427
         15.124
          0.000
          0.000
          0.000
          0.000
          0.000
          0.000
          0.000
          0.000
          0.000
          0.000
          0.000
          0.000
         21.668
         21.668
         21.668
         21.668
         21.668
         21.668
         21.668
         21.668
         21.668
         21.668
         21.668
         21.668
         21.668
         21.668
         21.668
         21.668
         21.668
         21.668
         21.668
         21.668
         21.668
         21.668
         21.668
         21.668
         21.668
         21.668
         21.668
         21.668
         21.668
         21.668
         21.668
         21.668
         21.668
         21.668
         21.668
         21.668
         21.668
         21.668
         21.668
         21.668
         21.668
         21.668
         21.668
         21.668
         21.668
         21.668
         21.668
         21.668
         21.668
         21.668
         21.668
         21.668
         21.668
         21.668
         21.668
         21.668
         21.668
         21.668
         21.668
         21.668
         21.668
         21.668
         21.668
         21.668
         21.668
         21.668
         21.668
         21.668
         21.386
         21.027
         20.672
         20.321
         19.974
         19.631
         19.291
         18.954
         18.621
         18.290
         17.963
         17.639
         17.318
         16.999
         16.683
         16.370
         16.059
         15.751
         15.444
         15.141
          0.000
          0.000
          0.000
          0.000
          0.000
          0.000
          0.000
          0.000
          0.000
          0.000
          0.000
          0.000
         21.688
         21.688
         21.688
         21.688
         21.688
         21.688
         21.688
         21.688
         21.688
         21.688
         21.688
         21.688
         21.688
         21.688
         21.688
         21.688
         21.688
         21.688
         21.688
         21.688
         21.688
         21.688
         21.688
         21.688
         21.688
         21.688
         21.688
         21.688
         21.688
         21.688
         21.688
         21.688
         21.688
         21.688
         21.688
         21.688
         21.688
         21.688
         21.688
         21.688
         21.688
         21.688
         21.688
         21.688
         21.688
         21.688
         21.688
         21.688
         21.688
         21.688
         21.688
         21.688
         21.688
         21.688
         21.688
         21.688
         21.688
         21.688
         21.688
         21.688
         21.688
         21.688
         21.688
         21.688
         21.688
         21.688
         21.688
         21.688
         21.412
         21.052
         20.697
         20.345
         19.998
         19.654
         19.313
         18.976
         18.642
         18.311
         17.984
         17.659
         17.337
         17.018
         16.702
         16.388
         16.077
         15.768
         15.462
         15.158
          0.000
          0.000
          0.000
          0.000
          0.000
          0.000
          0.000
          0.000
          0.000
          0.000
          0.000
          0.000
         21.708
         21.708
         21.708
         21.708
         21.708
         21.708
         21.708
         21.708
         21.708
         21.708
         21.708
         21.708
         21.708
         21.708
         21.708
         21.708
         21.708
         21.708
         21.708
         21.708
         21.708
         21.708
         21.708
         21.708
         21.708
         21.708
         21.708
         21.708
         21.708
         21.708
         21.708
         21.708
         21.708
         21.708
         21.708
         21.708
         21.708
         21.708
         21.708
         21.708
         21.708
         21.708
         21.708
         21.708
         21.708
         21.708
         21.708
         21.708
         21.708
         21.708
         21.708
         21.708
         21.708
         21.708
         21.708
         21.708
         21.708
         21.708
         21.708
         21.708
         21.708
         21.708
         21.708
         21.708
         21.708
         21.708
         21.708
         21.708
         21.438
         21.078
         20.722
         20.370
         20.021
         19.677
         19.336
         18.998
         18.664
         18.333
         18.005
         17.680
         17.357
         17.038
         16.721
         16.407
         16.095
         15.786
         15.479
         15.175
          0.000
          0.000
          0.000
          0.000
          0.000
          0.000
          0.000
          0.000
          0.000
          0.000
          0.000
          0.000
         21.729
         21.729
         21.729
         21.729
         21.729
         21.729
         21.729
         21.729
         21.729
         21.729
         21.729
         21.729
         21.729
         21.729
         21.729
         21.729
         21.729
         21.729
         21.729
         21.729
         21.729
         21.729
         21.729
         21.729
         21.729
         21.729
         21.729
         21.729
         21.729
         21.729
         21.729
         21.729
         21.729
         21.729
         21.729
         21.729
         21.729
         21.729
         21.729
         21.729
         21.729
         21.729
         21.729
         21.729
         21.729
         21.729
         21.729
         21.729
         21.729
         21.729
         21.729
         21.729
         21.729
         21.729
         21.729
         21.729
         21.729
         21.729
         21.729
         21.729
         21.729
         21.729
         21.729
         21.729
         21.729
         21.729
         21.729
         21.729
         21.463
         21.103
         20.746
         20.394
         20.045
         19.700
         19.358
         19.020
         18.685
         18.354
         18.025
         17.700
         17.377
         17.057
         16.740
         16.426
         16.114
         15.804
         15.497
         15.192
          0.000
          0.000
          0.000
          0.000
          0.000
          0.000
          0.000
          0.000
          0.000
          0.000
          0.000
          0.000
         21.749
         21.749
         21.749
         21.749
         21.749
         21.749
         21.749
         21.749
         21.749
         21.749
         21.749
         21.749
         21.749
         21.749
         21.749
         21.749
         21.749
         21.749
         21.749
         21.749
         21.749
         21.749
         21.749
         21.749
         21.749
         21.749
         21.749
         21.749
         21.749
         21.749
         21.749
         21.749
         21.749
         21.749
         21.749
         21.749
         21.749
         21.749
         21.749
         21.749
         21.749
         21.749
         21.749
         21.749
         21.749
         21.749
         21.749
         21.749
         21.749
         21.749
         21.749
         21.749
         21.749
         21.749
         21.749
         21.749
         21.749
         21.749
         21.749
         21.749
         21.749
         21.749
         21.749
         21.749
         21.749
         21.749
         21.749
         21.749
         21.489
         21.128
         20.771
         20.418
         20.068
         19.723
         19.381
         19.042
         18.707
         18.375
         18.046
         17.720
         17.397
         17.077
         16.759
         16.444
         16.132
         15.822
         15.514
         15.209
          0.000
          0.000
          0.000
          0.000
          0.000
          0.000
          0.000
          0.000
          0.000
          0.000
          0.000
          0.000
         21.769
         21.769
         21.769
         21.769
         21.769
         21.769
         21.769
         21.769
         21.769
         21.769
         21.769
         21.769
         21.769
         21.769
         21.769
         21.769
         21.769
         21.769
         21.769
         21.769
         21.769
         21.769
         21.769
         21.769
         21.769
         21.769
         21.769
         21.769
         21.769
         21.769
         21.769
         21.769
         21.769
         21.769
         21.769
         21.769
         21.769
         21.769
         21.769
         21.769
         21.769
         21.769
         21.769
         21.769
         21.769
         21.769
         21.769
         21.769
         21.769
         21.769
         21.769
         21.769
         21.769
         21.769
         21.769
         21.769
         21.769
         21.769
         21.769
         21.769
         21.769
         21.769
         21.769
         21.769
         21.769
         21.769
         21.769
         21.769
         21.515
         21.153
         20.795
         20.442
         20.092
         19.746
         19.404
         19.064
         18.729
         18.396
         18.067
         17.741
         17.417
         17.096
         16.778
         16.463
         16.150
         15.840
         15.532
         15.226
          0.000
          0.000
          0.000
          0.000
          0.000
          0.000
          0.000
          0.000
          0.000
          0.000
          0.000
          0.000
         21.790
         21.790
         21.790
         21.790
         21.790
         21.790
         21.790
         21.790
         21.790
         21.790
         21.790
         21.790
         21.790
         21.790
         21.790
         21.790
         21.790
         21.790
         21.790
         21.790
         21.790
         21.790
         21.790
         21.790
         21.790
         21.790
         21.790
         21.790
         21.790
         21.790
         21.790
         21.790
         21.790
         21.790
         21.790
         21.790
         21.790
         21.790
         21.790
         21.790
         21.790
         21.790
         21.790
         21.790
         21.790
         21.790
         21.790
         21.790
         21.790
         21.790
         21.790
         21.790
         21.790
         21.790
         21.790
         21.790
         21.790
         21.790
         21.790
         21.790
         21.790
         21.790
         21.790
         21.790
         21.790
         21.790
         21.790
         21.790
         21.540
         21.178
         20.820
         20.466
         20.116
         19.769
         19.426
         19.087
         18.750
         18.418
         18.088
         17.761
         17.437
         17.116
         16.797
         16.482
         16.168
         15.858
         15.549
         15.243
          0.000
          0.000
          0.000
          0.000
          0.000
          0.000
          0.000
          0.000
          0.000
          0.000
          0.000
          0.000
         21.810
         21.810
         21.810
         21.810
         21.810
         21.810
         21.810
         21.810
         21.810
         21.810
         21.810
         21.810
         21.810
         21.810
         21.810
         21.810
         21.810
         21.810
         21.810
         21.810
         21.810
         21.810
         21.810
         21.810
         21.810
         21.810
         21.810
         21.810
         21.810
         21.810
         21.810
         21.810
         21.810
         21.810
         21.810
         21.810
         21.810
         21.810
         21.810
         21.810
         21.810
         21.810
         21.810
         21.810
         21.810
         21.810
         21.810
         21.810
         21.810
         21.810
         21.810
         21.810
         21.810
         21.810
         21.810
         21.810
         21.810
         21.810
         21.810
         21.810
         21.810
         21.810
         21.810
         21.810
         21.810
         21.810
         21.810
         21.810
         21.566
         21.203
         20.845
         20.490
         20.139
         19.792
         19.449
         19.109
         18.772
         18.439
         18.108
         17.781
         17.457
         17.135
         16.817
         16.500
         16.187
         15.875
         15.567
         15.260
          0.000
          0.000
          0.000
          0.000
          0.000
          0.000
          0.000
          0.000
          0.000
          0.000
          0.000
          0.000
         21.830
         21.830
         21.830
         21.830
         21.830
         21.830
         21.830
         21.830
         21.830
         21.830
         21.830
         21.830
         21.830
         21.830
         21.830
         21.830
         21.830
         21.830
         21.830
         21.830
         21.830
         21.830
         21.830
         21.830
         21.830
         21.830
         21.830
         21.830
         21.830
         21.830
         21.830
         21.830
         21.830
         21.830
         21.830
         21.830
         21.830
         21.830
         21.830
         21.830
         21.830
         21.830
         21.830
         21.830
         21.830
         21.830
         21.830
         21.830
         21.830
         21.830
         21.830
         21.830
         21.830
         21.830
         21.830
         21.830
         21.830
         21.830
         21.830
         21.830
         21.830
         21.830
         21.830
         21.830
         21.830
         21.830
         21.830
         21.830
         21.592
         21.228
         20.869
         20.514
         20.163
         19.815
         19.471
         19.131
         18.794
         18.460
         18.129
         17.802
         17.477
         17.155
         16.836
         16.519
         16.205
         15.893
         15.584
         15.277
          0.000
          0.000
          0.000
          0.000
          0.000
          0.000
          0.000
          0.000
          0.000
          0.000
          0.000
          0.000
         21.851
         21.851
         21.851
         21.851
         21.851
         21.851
         21.851
         21.851
         21.851
         21.851
         21.851
         21.851
         21.851
         21.851
         21.851
         21.851
         21.851
         21.851
         21.851
         21.851
         21.851
         21.851
         21.851
         21.851
         21.851
         21.851
         21.851
         21.851
         21.851
         21.851
         21.851
         21.851
         21.851
         21.851
         21.851
         21.851
         21.851
         21.851
         21.851
         21.851
         21.851
         21.851
         21.851
         21.851
         21.851
         21.851
         21.851
         21.851
         21.851
         21.851
         21.851
         21.851
         21.851
         21.851
         21.851
         21.851
         21.851
         21.851
         21.851
         21.851
         21.851
         21.851
         21.851
         21.851
         21.851
         21.851
         21.851
         21.851
         21.617
         21.253
         20.894
         20.538
         20.186
         19.838
         19.494
         19.153
         18.816
         18.481
         18.150
         17.822
         17.497
         17.174
         16.855
         16.538
         16.223
         15.911
         15.602
         15.294
          0.000
          0.000
          0.000
          0.000
          0.000
          0.000
          0.000
          0.000
          0.000
          0.000
          0.000
          0.000
         21.871
         21.871
         21.871
         21.871
         21.871
         21.871
         21.871
         21.871
         21.871
         21.871
         21.871
         21.871
         21.871
         21.871
         21.871
         21.871
         21.871
         21.871
         21.871
         21.871
         21.871
         21.871
         21.871
         21.871
         21.871
         21.871
         21.871
         21.871
         21.871
         21.871
         21.871
         21.871
         21.871
         21.871
         21.871
         21.871
         21.871
         21.871
         21.871
         21.871
         21.871
         21.871
         21.871
         21.871
         21.871
         21.871
         21.871
         21.871
         21.871
         21.871
         21.871
         21.871
         21.871
         21.871
         21.871
         21.871
         21.871
         21.871
         21.871
         21.871
         21.871
         21.871
         21.871
         21.871
         21.871
         21.871
         21.871
         21.871
         21.643
         21.279
         20.918
         20.562
         20.210
         19.861
         19.517
         19.175
         18.837
         18.502
         18.171
         17.842
         17.517
         17.194
         16.874
         16.556
         16.241
         15.929
         15.619
         15.311
          0.000
          0.000
          0.000
          0.000
          0.000
          0.000
          0.000
          0.000
          0.000
          0.000
          0.000
          0.000
         21.891
         21.891
         21.891
         21.891
         21.891
         21.891
         21.891
         21.891
         21.891
         21.891
         21.891
         21.891
         21.891
         21.891
         21.891
         21.891
         21.891
         21.891
         21.891
         21.891
         21.891
         21.891
         21.891
         21.891
         21.891
         21.891
         21.891
         21.891
         21.891
         21.891
         21.891
         21.891
         21.891
         21.891
         21.891
         21.891
         21.891
         21.891
         21.891
         21.891
         21.891
         21.891
         21.891
         21.891
         21.891
         21.891
         21.891
         21.891
         21.891
         21.891
         21.891
         21.891
         21.891
         21.891
         21.891
         21.891
         21.891
         21.891
         21.891
         21.891
         21.891
         21.891
         21.891
         21.891
         21.891
         21.891
         21.891
         21.891
         21.669
         21.304
         20.943
         20.586
         20.234
         19.885
         19.539
         19.197
         18.859
         18.524
         18.192
         17.863
         17.537
         17.213
         16.893
         16.575
         16.260
         15.947
         15.637
         15.328
          0.000
          0.000
          0.000
          0.000
          0.000
          0.000
          0.000
          0.000
          0.000
          0.000
          0.000
          0.000
         21.912
         21.912
         21.912
         21.912
         21.912
         21.912
         21.912
         21.912
         21.912
         21.912
         21.912
         21.912
         21.912
         21.912
         21.912
         21.912
         21.912
         21.912
         21.912
         21.912
         21.912
         21.912
         21.912
         21.912
         21.912
         21.912
         21.912
         21.912
         21.912
         21.912
         21.912
         21.912
         21.912
         21.912
         21.912
         21.912
         21.912
         21.912
         21.912
         21.912
         21.912
         21.912
         21.912
         21.912
         21.912
         21.912
         21.912
         21.912
         21.912
         21.912
         21.912
         21.912
         21.912
         21.912
         21.912
         21.912
         21.912
         21.912
         21.912
         21.912
         21.912
         21.912
         21.912
         21.912
         21.912
         21.912
         21.912
         21.912
         21.694
         21.329
         20.968
         20.610
         20.257
         19.908
         19.562
         19.220
         18.881
         18.545
         18.212
         17.883
         17.556
         17.233
         16.912
         16.594
         16.278
         15.965
         15.654
         15.346
          0.000
          0.000
          0.000
          0.000
          0.000
          0.000
          0.000
          0.000
          0.000
          0.000
          0.000
          0.000
         21.932
         21.932
         21.932
         21.932
         21.932
         21.932
         21.932
         21.932
         21.932
         21.932
         21.932
         21.932
         21.932
         21.932
         21.932
         21.932
         21.932
         21.932
         21.932
         21.932
         21.932
         21.932
         21.932
         21.932
         21.932
         21.932
         21.932
         21.932
         21.932
         21.932
         21.932
         21.932
         21.932
         21.932
         21.932
         21.932
         21.932
         21.932
         21.932
         21.932
         21.932
         21.932
         21.932
         21.932
         21.932
         21.932
         21.932
         21.932
         21.932
         21.932
         21.932
         21.932
         21.932
         21.932
         21.932
         21.932
         21.932
         21.932
         21.932
         21.932
         21.932
         21.932
         21.932
         21.932
         21.932
         21.932
         21.932
         21.932
         21.720
         21.354
         20.992
         20.635
         20.281
         19.931
         19.585
         19.242
         18.902
         18.566
         18.233
         17.903
         17.576
         17.252
         16.931
         16.612
         16.296
         15.983
         15.672
         15.363
          0.000
          0.000
          0.000
          0.000
          0.000
          0.000
          0.000
          0.000
          0.000
          0.000
          0.000
          0.000
         21.952
         21.952
         21.952
         21.952
         21.952
         21.952
         21.952
         21.952
         21.952
         21.952
         21.952
         21.952
         21.952
         21.952
         21.952
         21.952
         21.952
         21.952
         21.952
         21.952
         21.952
         21.952
         21.952
         21.952
         21.952
         21.952
         21.952
         21.952
         21.952
         21.952
         21.952
         21.952
         21.952
         21.952
         21.952
         21.952
         21.952
         21.952
         21.952
         21.952
         21.952
         21.952
         21.952
         21.952
         21.952
         21.952
         21.952
         21.952
         21.952
         21.952
         21.952
         21.952
         21.952
         21.952
         21.952
         21.952
         21.952
         21.952
         21.952
         21.952
         21.952
         21.952
         21.952
         21.952
         21.952
         21.952
         21.952
         21.952
         21.746
         21.379
         21.017
         20.659
         20.304
         19.954
         19.607
         19.264
         18.924
         18.587
         18.254
         17.924
         17.596
         17.272
         16.950
         16.631
         16.315
         16.001
         15.689
         15.380
          0.000
          0.000
          0.000
          0.000
          0.000
          0.000
          0.000
          0.000
          0.000
          0.000
          0.000
          0.000
         21.973
         21.973
         21.973
         21.973
         21.973
         21.973
         21.973
         21.973
         21.973
         21.973
         21.973
         21.973
         21.973
         21.973
         21.973
         21.973
         21.973
         21.973
         21.973
         21.973
         21.973
         21.973
         21.973
         21.973
         21.973
         21.973
         21.973
         21.973
         21.973
         21.973
         21.973
         21.973
         21.973
         21.973
         21.973
         21.973
         21.973
         21.973
         21.973
         21.973
         21.973
         21.973
         21.973
         21.973
         21.973
         21.973
         21.973
         21.973
         21.973
         21.973
         21.973
         21.973
         21.973
         21.973
         21.973
         21.973
         21.973
         21.973
         21.973
         21.973
         21.973
         21.973
         21.973
         21.973
         21.973
         21.973
         21.973
         21.973
         21.771
         21.404
         21.042
         20.683
         20.328
         19.977
         19.630
         19.286
         18.946
         18.609
         18.275
         17.944
         17.616
         17.291
         16.969
         16.650
         16.333
         16.018
         15.706
         15.397
          0.000
          0.000
          0.000
          0.000
          0.000
          0.000
          0.000
          0.000
          0.000
          0.000
          0.000
          0.000
         21.993
         21.993
         21.993
         21.993
         21.993
         21.993
         21.993
         21.993
         21.993
         21.993
         21.993
         21.993
         21.993
         21.993
         21.993
         21.993
         21.993
         21.993
         21.993
         21.993
         21.993
         21.993
         21.993
         21.993
         21.993
         21.993
         21.993
         21.993
         21.993
         21.993
         21.993
         21.993
         21.993
         21.993
         21.993
         21.993
         21.993
         21.993
         21.993
         21.993
         21.993
         21.993
         21.993
         21.993
         21.993
         21.993
         21.993
         21.993
         21.993
         21.993
         21.993
         21.993
         21.993
         21.993
         21.993
         21.993
         21.993
         21.993
         21.993
         21.993
         21.993
         21.993
         21.993
         21.993
         21.993
         21.993
         21.993
         21.993
         21.797
         21.430
         21.066
         20.707
         20.352
         20.000
         19.652
         19.308
         18.967
         18.630
         18.296
         17.964
         17.636
         17.311
         16.988
         16.668
         16.351
         16.036
         15.724
         15.414
          0.000
          0.000
          0.000
          0.000
          0.000
          0.000
          0.000
          0.000
          0.000
          0.000
          0.000
          0.000
         22.013
         22.013
         22.013
         22.013
         22.013
         22.013
         22.013
         22.013
         22.013
         22.013
         22.013
         22.013
         22.013
         22.013
         22.013
         22.013
         22.013
         22.013
         22.013
         22.013
         22.013
         22.013
         22.013
         22.013
         22.013
         22.013
         22.013
         22.013
         22.013
         22.013
         22.013
         22.013
         22.013
         22.013
         22.013
         22.013
         22.013
         22.013
         22.013
         22.013
         22.013
         22.013
         22.013
         22.013
         22.013
         22.013
         22.013
         22.013
         22.013
         22.013
         22.013
         22.013
         22.013
         22.013
         22.013
         22.013
         22.013
         22.013
         22.013
         22.013
         22.013
         22.013
         22.013
         22.013
         22.013
         22.013
         22.013
         22.013
         21.823
         21.455
         21.091
         20.731
         20.375
         20.023
         19.675
         19.330
         18.989
         18.651
         18.316
         17.985
         17.656
         17.330
         17.007
         16.687
         16.369
         16.054
         15.741
         15.431
          0.000
          0.000
          0.000
          0.000
          0.000
          0.000
          0.000
          0.000
          0.000
          0.000
          0.000
          0.000
         22.034
         22.034
         22.034
         22.034
         22.034
         22.034
         22.034
         22.034
         22.034
         22.034
         22.034
         22.034
         22.034
         22.034
         22.034
         22.034
         22.034
         22.034
         22.034
         22.034
         22.034
         22.034
         22.034
         22.034
         22.034
         22.034
         22.034
         22.034
         22.034
         22.034
         22.034
         22.034
         22.034
         22.034
         22.034
         22.034
         22.034
         22.034
         22.034
         22.034
         22.034
         22.034
         22.034
         22.034
         22.034
         22.034
         22.034
         22.034
         22.034
         22.034
         22.034
         22.034
         22.034
         22.034
         22.034
         22.034
         22.034
         22.034
         22.034
         22.034
         22.034
         22.034
         22.034
         22.034
         22.034
         22.034
         22.034
         22.034
         21.849
         21.480
         21.116
         20.755
         20.399
         20.047
         19.698
         19.353
         19.011
         18.672
         18.337
         18.005
         17.676
         17.350
         17.026
         16.706
         16.388
         16.072
         15.759
         15.448
          0.000
          0.000
          0.000
          0.000
          0.000
          0.000
          0.000
          0.000
          0.000
          0.000
          0.000
          0.000
         22.054
         22.054
         22.054
         22.054
         22.054
         22.054
         22.054
         22.054
         22.054
         22.054
         22.054
         22.054
         22.054
         22.054
         22.054
         22.054
         22.054
         22.054
         22.054
         22.054
         22.054
         22.054
         22.054
         22.054
         22.054
         22.054
         22.054
         22.054
         22.054
         22.054
         22.054
         22.054
         22.054
         22.054
         22.054
         22.054
         22.054
         22.054
         22.054
         22.054
         22.054
         22.054
         22.054
         22.054
         22.054
         22.054
         22.054
         22.054
         22.054
         22.054
         22.054
         22.054
         22.054
         22.054
         22.054
         22.054
         22.054
         22.054
         22.054
         22.054
         22.054
         22.054
         22.054
         22.054
         22.054
         22.054
         22.054
         22.054
         21.874
         21.505
         21.140
         20.779
         20.423
         20.070
         19.720
         19.375
         19.033
         18.694
         18.358
         18.026
         17.696
         17.369
         17.046
         16.724
         16.406
         16.090
         15.776
         15.465
          0.000
          0.000
          0.000
          0.000
          0.000
          0.000
          0.000
          0.000
          0.000
          0.000
          0.000
          0.000
         22.074
         22.074
         22.074
         22.074
         22.074
         22.074
         22.074
         22.074
         22.074
         22.074
         22.074
         22.074
         22.074
         22.074
         22.074
         22.074
         22.074
         22.074
         22.074
         22.074
         22.074
         22.074
         22.074
         22.074
         22.074
         22.074
         22.074
         22.074
         22.074
         22.074
         22.074
         22.074
         22.074
         22.074
         22.074
         22.074
         22.074
         22.074
         22.074
         22.074
         22.074
         22.074
         22.074
         22.074
         22.074
         22.074
         22.074
         22.074
         22.074
         22.074
         22.074
         22.074
         22.074
         22.074
         22.074
         22.074
         22.074
         22.074
         22.074
         22.074
         22.074
         22.074
         22.074
         22.074
         22.074
         22.074
         22.074
         22.074
         21.900
         21.530
         21.165
         20.804
         20.446
         20.093
         19.743
         19.397
         19.054
         18.715
         18.379
         18.046
         17.716
         17.389
         17.065
         16.743
         16.424
         16.108
         15.794
         15.482
          0.000
          0.000
          0.000
          0.000
          0.000
          0.000
          0.000
          0.000
          0.000
          0.000
          0.000
          0.000
         22.095
         22.095
         22.095
         22.095
         22.095
         22.095
         22.095
         22.095
         22.095
         22.095
         22.095
         22.095
         22.095
         22.095
         22.095
         22.095
         22.095
         22.095
         22.095
         22.095
         22.095
         22.095
         22.095
         22.095
         22.095
         22.095
         22.095
         22.095
         22.095
         22.095
         22.095
         22.095
         22.095
         22.095
         22.095
         22.095
         22.095
         22.095
         22.095
         22.095
         22.095
         22.095
         22.095
         22.095
         22.095
         22.095
         22.095
         22.095
         22.095
         22.095
         22.095
         22.095
         22.095
         22.095
         22.095
         22.095
         22.095
         22.095
         22.095
         22.095
         22.095
         22.095
         22.095
         22.095
         22.095
         22.095
         22.095
         22.095
         21.926
         21.556
         21.190
         20.828
         20.470
         20.116
         19.766
         19.419
         19.076
         18.736
         18.400
         18.066
         17.736
         17.408
         17.084
         16.762
         16.443
         16.126
         15.811
         15.499
          0.000
          0.000
          0.000
          0.000
          0.000
          0.000
          0.000
          0.000
          0.000
          0.000
          0.000
          0.000
         22.115
         22.115
         22.115
         22.115
         22.115
         22.115
         22.115
         22.115
         22.115
         22.115
         22.115
         22.115
         22.115
         22.115
         22.115
         22.115
         22.115
         22.115
         22.115
         22.115
         22.115
         22.115
         22.115
         22.115
         22.115
         22.115
         22.115
         22.115
         22.115
         22.115
         22.115
         22.115
         22.115
         22.115
         22.115
         22.115
         22.115
         22.115
         22.115
         22.115
         22.115
         22.115
         22.115
         22.115
         22.115
         22.115
         22.115
         22.115
         22.115
         22.115
         22.115
         22.115
         22.115
         22.115
         22.115
         22.115
         22.115
         22.115
         22.115
         22.115
         22.115
         22.115
         22.115
         22.115
         22.115
         22.115
         22.115
         22.115
         21.952
         21.581
         21.214
         20.852
         20.494
         20.139
         19.789
         19.441
         19.098
         18.758
         18.421
         18.087
         17.756
         17.428
         17.103
         16.781
         16.461
         16.144
         15.829
         15.517
          0.000
          0.000
          0.000
          0.000
          0.000
          0.000
          0.000
          0.000
          0.000
          0.000
          0.000
          0.000
         22.136
         22.136
         22.136
         22.136
         22.136
         22.136
         22.136
         22.136
         22.136
         22.136
         22.136
         22.136
         22.136
         22.136
         22.136
         22.136
         22.136
         22.136
         22.136
         22.136
         22.136
         22.136
         22.136
         22.136
         22.136
         22.136
         22.136
         22.136
         22.136
         22.136
         22.136
         22.136
         22.136
         22.136
         22.136
         22.136
         22.136
         22.136
         22.136
         22.136
         22.136
         22.136
         22.136
         22.136
         22.136
         22.136
         22.136
         22.136
         22.136
         22.136
         22.136
         22.136
         22.136
         22.136
         22.136
         22.136
         22.136
         22.136
         22.136
         22.136
         22.136
         22.136
         22.136
         22.136
         22.136
         22.136
         22.136
         22.136
         21.978
         21.606
         21.239
         20.876
         20.517
         20.162
         19.811
         19.464
         19.120
         18.779
         18.441
         18.107
         17.776
         17.448
         17.122
         16.799
         16.479
         16.162
         15.846
         15.534
          0.000
          0.000
          0.000
          0.000
          0.000
          0.000
          0.000
          0.000
          0.000
          0.000
          0.000
          0.000
         22.156
         22.156
         22.156
         22.156
         22.156
         22.156
         22.156
         22.156
         22.156
         22.156
         22.156
         22.156
         22.156
         22.156
         22.156
         22.156
         22.156
         22.156
         22.156
         22.156
         22.156
         22.156
         22.156
         22.156
         22.156
         22.156
         22.156
         22.156
         22.156
         22.156
         22.156
         22.156
         22.156
         22.156
         22.156
         22.156
         22.156
         22.156
         22.156
         22.156
         22.156
         22.156
         22.156
         22.156
         22.156
         22.156
         22.156
         22.156
         22.156
         22.156
         22.156
         22.156
         22.156
         22.156
         22.156
         22.156
         22.156
         22.156
         22.156
         22.156
         22.156
         22.156
         22.156
         22.156
         22.156
         22.156
         22.156
         22.156
         22.003
         21.631
         21.264
         20.900
         20.541
         20.186
         19.834
         19.486
         19.141
         18.800
         18.462
         18.128
         17.796
         17.467
         17.141
         16.818
         16.497
         16.179
         15.864
         15.551
          0.000
          0.000
          0.000
          0.000
          0.000
          0.000
          0.000
          0.000
          0.000
          0.000
          0.000
          0.000
         22.176
         22.176
         22.176
         22.176
         22.176
         22.176
         22.176
         22.176
         22.176
         22.176
         22.176
         22.176
         22.176
         22.176
         22.176
         22.176
         22.176
         22.176
         22.176
         22.176
         22.176
         22.176
         22.176
         22.176
         22.176
         22.176
         22.176
         22.176
         22.176
         22.176
         22.176
         22.176
         22.176
         22.176
         22.176
         22.176
         22.176
         22.176
         22.176
         22.176
         22.176
         22.176
         22.176
         22.176
         22.176
         22.176
         22.176
         22.176
         22.176
         22.176
         22.176
         22.176
         22.176
         22.176
         22.176
         22.176
         22.176
         22.176
         22.176
         22.176
         22.176
         22.176
         22.176
         22.176
         22.176
         22.176
         22.176
         22.176
         22.029
         21.657
         21.288
         20.925
         20.565
         20.209
         19.857
         19.508
         19.163
         18.822
         18.483
         18.148
         17.816
         17.487
         17.160
         16.837
         16.516
         16.197
         15.881
         15.568
          0.000
          0.000
          0.000
          0.000
          0.000
          0.000
          0.000
          0.000
          0.000
          0.000
          0.000
          0.000
         22.197
         22.197
         22.197
         22.197
         22.197
         22.197
         22.197
         22.197
         22.197
         22.197
         22.197
         22.197
         22.197
         22.197
         22.197
         22.197
         22.197
         22.197
         22.197
         22.197
         22.197
         22.197
         22.197
         22.197
         22.197
         22.197
         22.197
         22.197
         22.197
         22.197
         22.197
         22.197
         22.197
         22.197
         22.197
         22.197
         22.197
         22.197
         22.197
         22.197
         22.197
         22.197
         22.197
         22.197
         22.197
         22.197
         22.197
         22.197
         22.197
         22.197
         22.197
         22.197
         22.197
         22.197
         22.197
         22.197
         22.197
         22.197
         22.197
         22.197
         22.197
         22.197
         22.197
         22.197
         22.197
         22.197
         22.197
         22.197
         22.055
         21.682
         21.313
         20.949
         20.588
         20.232
         19.879
         19.530
         19.185
         18.843
         18.504
         18.168
         17.836
         17.506
         17.179
         16.855
         16.534
         16.215
         15.899
         15.585
          0.000
          0.000
          0.000
          0.000
          0.000
          0.000
          0.000
          0.000
          0.000
          0.000
          0.000
          0.000
         22.217
         22.217
         22.217
         22.217
         22.217
         22.217
         22.217
         22.217
         22.217
         22.217
         22.217
         22.217
         22.217
         22.217
         22.217
         22.217
         22.217
         22.217
         22.217
         22.217
         22.217
         22.217
         22.217
         22.217
         22.217
         22.217
         22.217
         22.217
         22.217
         22.217
         22.217
         22.217
         22.217
         22.217
         22.217
         22.217
         22.217
         22.217
         22.217
         22.217
         22.217
         22.217
         22.217
         22.217
         22.217
         22.217
         22.217
         22.217
         22.217
         22.217
         22.217
         22.217
         22.217
         22.217
         22.217
         22.217
         22.217
         22.217
         22.217
         22.217
         22.217
         22.217
         22.217
         22.217
         22.217
         22.217
         22.217
         22.217
         22.081
         21.707
         21.338
         20.973
         20.612
         20.255
         19.902
         19.553
         19.207
         18.864
         18.525
         18.189
         17.856
         17.526
         17.199
         16.874
         16.552
         16.233
         15.916
         15.602
          0.000
          0.000
          0.000
          0.000
          0.000
          0.000
          0.000
          0.000
          0.000
          0.000
          0.000
          0.000
         22.238
         22.238
         22.238
         22.238
         22.238
         22.238
         22.238
         22.238
         22.238
         22.238
         22.238
         22.238
         22.238
         22.238
         22.238
         22.238
         22.238
         22.238
         22.238
         22.238
         22.238
         22.238
         22.238
         22.238
         22.238
         22.238
         22.238
         22.238
         22.238
         22.238
         22.238
         22.238
         22.238
         22.238
         22.238
         22.238
         22.238
         22.238
         22.238
         22.238
         22.238
         22.238
         22.238
         22.238
         22.238
         22.238
         22.238
         22.238
         22.238
         22.238
         22.238
         22.238
         22.238
         22.238
         22.238
         22.238
         22.238
         22.238
         22.238
         22.238
         22.238
         22.238
         22.238
         22.238
         22.238
         22.238
         22.238
         22.238
         22.107
         21.732
         21.363
         20.997
         20.636
         20.278
         19.925
         19.575
         19.228
         18.885
         18.546
         18.209
         17.876
         17.545
         17.218
         16.893
         16.571
         16.251
         15.934
         15.619
          0.000
          0.000
          0.000
          0.000
          0.000
          0.000
          0.000
          0.000
          0.000
          0.000
          0.000
          0.000
         22.258
         22.258
         22.258
         22.258
         22.258
         22.258
         22.258
         22.258
         22.258
         22.258
         22.258
         22.258
         22.258
         22.258
         22.258
         22.258
         22.258
         22.258
         22.258
         22.258
         22.258
         22.258
         22.258
         22.258
         22.258
         22.258
         22.258
         22.258
         22.258
         22.258
         22.258
         22.258
         22.258
         22.258
         22.258
         22.258
         22.258
         22.258
         22.258
         22.258
         22.258
         22.258
         22.258
         22.258
         22.258
         22.258
         22.258
         22.258
         22.258
         22.258
         22.258
         22.258
         22.258
         22.258
         22.258
         22.258
         22.258
         22.258
         22.258
         22.258
         22.258
         22.258
         22.258
         22.258
         22.258
         22.258
         22.258
         22.258
         22.132
         21.758
         21.387
         21.021
         20.660
         20.302
         19.948
         19.597
         19.250
         18.907
         18.567
         18.230
         17.896
         17.565
         17.237
         16.912
         16.589
         16.269
         15.952
         15.636
          0.000
          0.000
          0.000
          0.000
          0.000
          0.000
          0.000
          0.000
          0.000
          0.000
          0.000
          0.000
         22.278
         22.278
         22.278
         22.278
         22.278
         22.278
         22.278
         22.278
         22.278
         22.278
         22.278
         22.278
         22.278
         22.278
         22.278
         22.278
         22.278
         22.278
         22.278
         22.278
         22.278
         22.278
         22.278
         22.278
         22.278
         22.278
         22.278
         22.278
         22.278
         22.278
         22.278
         22.278
         22.278
         22.278
         22.278
         22.278
         22.278
         22.278
         22.278
         22.278
         22.278
         22.278
         22.278
         22.278
         22.278
         22.278
         22.278
         22.278
         22.278
         22.278
         22.278
         22.278
         22.278
         22.278
         22.278
         22.278
         22.278
         22.278
         22.278
         22.278
         22.278
         22.278
         22.278
         22.278
         22.278
         22.278
         22.278
         22.278
         22.158
         21.783
         21.412
         21.046
         20.683
         20.325
         19.970
         19.619
         19.272
         18.928
         18.587
         18.250
         17.916
         17.584
         17.256
         16.930
         16.607
         16.287
         15.969
         15.654
          0.000
          0.000
          0.000
          0.000
          0.000
          0.000
          0.000
          0.000
          0.000
          0.000
          0.000
          0.000
         22.299
         22.299
         22.299
         22.299
         22.299
         22.299
         22.299
         22.299
         22.299
         22.299
         22.299
         22.299
         22.299
         22.299
         22.299
         22.299
         22.299
         22.299
         22.299
         22.299
         22.299
         22.299
         22.299
         22.299
         22.299
         22.299
         22.299
         22.299
         22.299
         22.299
         22.299
         22.299
         22.299
         22.299
         22.299
         22.299
         22.299
         22.299
         22.299
         22.299
         22.299
         22.299
         22.299
         22.299
         22.299
         22.299
         22.299
         22.299
         22.299
         22.299
         22.299
         22.299
         22.299
         22.299
         22.299
         22.299
         22.299
         22.299
         22.299
         22.299
         22.299
         22.299
         22.299
         22.299
         22.299
         22.299
         22.299
         22.299
         22.184
         21.808
         21.437
         21.070
         20.707
         20.348
         19.993
         19.642
         19.294
         18.949
         18.608
         18.270
         17.936
         17.604
         17.275
         16.949
         16.626
         16.305
         15.987
         15.671
          0.000
          0.000
          0.000
          0.000
          0.000
          0.000
          0.000
          0.000
          0.000
          0.000
          0.000
          0.000
          0.000
         22.319
         22.319
         22.319
         22.319
         22.319
         22.319
         22.319
         22.319
         22.319
         22.319
         22.319
         22.319
         22.319
         22.319
         22.319
         22.319
         22.319
         22.319
         22.319
         22.319
         22.319
         22.319
         22.319
         22.319
         22.319
         22.319
         22.319
         22.319
         22.319
         22.319
         22.319
         22.319
         22.319
         22.319
         22.319
         22.319
         22.319
         22.319
         22.319
         22.319
         22.319
         22.319
         22.319
         22.319
         22.319
         22.319
         22.319
         22.319
         22.319
         22.319
         22.319
         22.319
         22.319
         22.319
         22.319
         22.319
         22.319
         22.319
         22.319
         22.319
         22.319
         22.319
         22.319
         22.319
         22.319
         22.319
         22.319
         22.210
         21.834
         21.462
         21.094
         20.731
         20.371
         20.016
         19.664
         19.316
         18.971
         18.629
         18.291
         17.956
         17.624
         17.294
         16.968
         16.644
         16.323
         16.004
         15.688
          0.000
          0.000
          0.000
          0.000
          0.000
          0.000
          0.000
          0.000
          0.000
          0.000
          0.000
          0.000
          0.000
         22.340
         22.340
         22.340
         22.340
         22.340
         22.340
         22.340
         22.340
         22.340
         22.340
         22.340
         22.340
         22.340
         22.340
         22.340
         22.340
         22.340
         22.340
         22.340
         22.340
         22.340
         22.340
         22.340
         22.340
         22.340
         22.340
         22.340
         22.340
         22.340
         22.340
         22.340
         22.340
         22.340
         22.340
         22.340
         22.340
         22.340
         22.340
         22.340
         22.340
         22.340
         22.340
         22.340
         22.340
         22.340
         22.340
         22.340
         22.340
         22.340
         22.340
         22.340
         22.340
         22.340
         22.340
         22.340
         22.340
         22.340
         22.340
         22.340
         22.340
         22.340
         22.340
         22.340
         22.340
         22.340
         22.340
         22.340
         22.236
         21.859
         21.487
         21.118
         20.754
         20.395
         20.039
         19.686
         19.337
         18.992
         18.650
         18.311
         17.976
         17.643
         17.313
         16.986
         16.662
         16.341
         16.022
         15.705
          0.000
          0.000
          0.000
          0.000
          0.000
          0.000
          0.000
          0.000
          0.000
          0.000
          0.000
          0.000
          0.000
         22.360
         22.360
         22.360
         22.360
         22.360
         22.360
         22.360
         22.360
         22.360
         22.360
         22.360
         22.360
         22.360
         22.360
         22.360
         22.360
         22.360
         22.360
         22.360
         22.360
         22.360
         22.360
         22.360
         22.360
         22.360
         22.360
         22.360
         22.360
         22.360
         22.360
         22.360
         22.360
         22.360
         22.360
         22.360
         22.360
         22.360
         22.360
         22.360
         22.360
         22.360
         22.360
         22.360
         22.360
         22.360
         22.360
         22.360
         22.360
         22.360
         22.360
         22.360
         22.360
         22.360
         22.360
         22.360
         22.360
         22.360
         22.360
         22.360
         22.360
         22.360
         22.360
         22.360
         22.360
         22.360
         22.360
         22.360
         22.262
         21.884
         21.511
         21.143
         20.778
         20.418
         20.061
         19.708
         19.359
         19.013
         18.671
         18.332
         17.996
         17.663
         17.333
         17.005
         16.681
         16.359
         16.039
         15.722
          0.000
          0.000
          0.000
          0.000
          0.000
          0.000
          0.000
          0.000
          0.000
          0.000
          0.000
          0.000
          0.000
         22.381
         22.381
         22.381
         22.381
         22.381
         22.381
         22.381
         22.381
         22.381
         22.381
         22.381
         22.381
         22.381
         22.381
         22.381
         22.381
         22.381
         22.381
         22.381
         22.381
         22.381
         22.381
         22.381
         22.381
         22.381
         22.381
         22.381
         22.381
         22.381
         22.381
         22.381
         22.381
         22.381
         22.381
         22.381
         22.381
         22.381
         22.381
         22.381
         22.381
         22.381
         22.381
         22.381
         22.381
         22.381
         22.381
         22.381
         22.381
         22.381
         22.381
         22.381
         22.381
         22.381
         22.381
         22.381
         22.381
         22.381
         22.381
         22.381
         22.381
         22.381
         22.381
         22.381
         22.381
         22.381
         22.381
         22.381
         22.288
         21.910
         21.536
         21.167
         20.802
         20.441
         20.084
         19.731
         19.381
         19.035
         18.692
         18.352
         18.016
         17.682
         17.352
         17.024
         16.699
         16.377
         16.057
         15.739
          0.000
          0.000
          0.000
          0.000
          0.000
          0.000
          0.000
          0.000
          0.000
          0.000
          0.000
          0.000
          0.000
         22.401
         22.401
         22.401
         22.401
         22.401
         22.401
         22.401
         22.401
         22.401
         22.401
         22.401
         22.401
         22.401
         22.401
         22.401
         22.401
         22.401
         22.401
         22.401
         22.401
         22.401
         22.401
         22.401
         22.401
         22.401
         22.401
         22.401
         22.401
         22.401
         22.401
         22.401
         22.401
         22.401
         22.401
         22.401
         22.401
         22.401
         22.401
         22.401
         22.401
         22.401
         22.401
         22.401
         22.401
         22.401
         22.401
         22.401
         22.401
         22.401
         22.401
         22.401
         22.401
         22.401
         22.401
         22.401
         22.401
         22.401
         22.401
         22.401
         22.401
         22.401
         22.401
         22.401
         22.401
         22.401
         22.401
         22.401
         22.313
         21.935
         21.561
         21.191
         20.826
         20.464
         20.107
         19.753
         19.403
         19.056
         18.713
         18.373
         18.036
         17.702
         17.371
         17.043
         16.717
         16.394
         16.074
         15.756
          0.000
          0.000
          0.000
          0.000
          0.000
          0.000
          0.000
          0.000
          0.000
          0.000
          0.000
          0.000
          0.000
         22.421
         22.421
         22.421
         22.421
         22.421
         22.421
         22.421
         22.421
         22.421
         22.421
         22.421
         22.421
         22.421
         22.421
         22.421
         22.421
         22.421
         22.421
         22.421
         22.421
         22.421
         22.421
         22.421
         22.421
         22.421
         22.421
         22.421
         22.421
         22.421
         22.421
         22.421
         22.421
         22.421
         22.421
         22.421
         22.421
         22.421
         22.421
         22.421
         22.421
         22.421
         22.421
         22.421
         22.421
         22.421
         22.421
         22.421
         22.421
         22.421
         22.421
         22.421
         22.421
         22.421
         22.421
         22.421
         22.421
         22.421
         22.421
         22.421
         22.421
         22.421
         22.421
         22.421
         22.421
         22.421
         22.421
         22.421
         22.339
         21.960
         21.586
         21.216
         20.850
         20.488
         20.130
         19.775
         19.425
         19.077
         18.734
         18.393
         18.056
         17.721
         17.390
         17.061
         16.736
         16.412
         16.092
         15.774
          0.000
          0.000
          0.000
          0.000
          0.000
          0.000
          0.000
          0.000
          0.000
          0.000
          0.000
          0.000
          0.000
         22.442
         22.442
         22.442
         22.442
         22.442
         22.442
         22.442
         22.442
         22.442
         22.442
         22.442
         22.442
         22.442
         22.442
         22.442
         22.442
         22.442
         22.442
         22.442
         22.442
         22.442
         22.442
         22.442
         22.442
         22.442
         22.442
         22.442
         22.442
         22.442
         22.442
         22.442
         22.442
         22.442
         22.442
         22.442
         22.442
         22.442
         22.442
         22.442
         22.442
         22.442
         22.442
         22.442
         22.442
         22.442
         22.442
         22.442
         22.442
         22.442
         22.442
         22.442
         22.442
         22.442
         22.442
         22.442
         22.442
         22.442
         22.442
         22.442
         22.442
         22.442
         22.442
         22.442
         22.442
         22.442
         22.442
         22.442
         22.365
         21.986
         21.610
         21.240
         20.873
         20.511
         20.152
         19.798
         19.446
         19.099
         18.755
         18.414
         18.076
         17.741
         17.409
         17.080
         16.754
         16.430
         16.109
         15.791
          0.000
          0.000
          0.000
          0.000
          0.000
          0.000
          0.000
          0.000
          0.000
          0.000
          0.000
          0.000
          0.000
         22.462
         22.462
         22.462
         22.462
         22.462
         22.462
         22.462
         22.462
         22.462
         22.462
         22.462
         22.462
         22.462
         22.462
         22.462
         22.462
         22.462
         22.462
         22.462
         22.462
         22.462
         22.462
         22.462
         22.462
         22.462
         22.462
         22.462
         22.462
         22.462
         22.462
         22.462
         22.462
         22.462
         22.462
         22.462
         22.462
         22.462
         22.462
         22.462
         22.462
         22.462
         22.462
         22.462
         22.462
         22.462
         22.462
         22.462
         22.462
         22.462
         22.462
         22.462
         22.462
         22.462
         22.462
         22.462
         22.462
         22.462
         22.462
         22.462
         22.462
         22.462
         22.462
         22.462
         22.462
         22.462
         22.462
         22.462
         22.391
         22.011
         21.635
         21.264
         20.897
         20.534
         20.175
         19.820
         19.468
         19.120
         18.776
         18.434
         18.096
         17.761
         17.428
         17.099
         16.772
         16.448
         16.127
         15.808
          0.000
          0.000
          0.000
          0.000
          0.000
          0.000
          0.000
          0.000
          0.000
          0.000
          0.000
          0.000
          0.000
         22.483
         22.483
         22.483
         22.483
         22.483
         22.483
         22.483
         22.483
         22.483
         22.483
         22.483
         22.483
         22.483
         22.483
         22.483
         22.483
         22.483
         22.483
         22.483
         22.483
         22.483
         22.483
         22.483
         22.483
         22.483
         22.483
         22.483
         22.483
         22.483
         22.483
         22.483
         22.483
         22.483
         22.483
         22.483
         22.483
         22.483
         22.483
         22.483
         22.483
         22.483
         22.483
         22.483
         22.483
         22.483
         22.483
         22.483
         22.483
         22.483
         22.483
         22.483
         22.483
         22.483
         22.483
         22.483
         22.483
         22.483
         22.483
         22.483
         22.483
         22.483
         22.483
         22.483
         22.483
         22.483
         22.483
         22.483
         22.417
         22.036
         21.660
         21.288
         20.921
         20.557
         20.198
         19.842
         19.490
         19.142
         18.796
         18.455
         18.116
         17.780
         17.448
         17.118
         16.791
         16.466
         16.144
         15.825
          0.000
          0.000
          0.000
          0.000
          0.000
          0.000
          0.000
          0.000
          0.000
          0.000
          0.000
          0.000
          0.000
         22.503
         22.503
         22.503
         22.503
         22.503
         22.503
         22.503
         22.503
         22.503
         22.503
         22.503
         22.503
         22.503
         22.503
         22.503
         22.503
         22.503
         22.503
         22.503
         22.503
         22.503
         22.503
         22.503
         22.503
         22.503
         22.503
         22.503
         22.503
         22.503
         22.503
         22.503
         22.503
         22.503
         22.503
         22.503
         22.503
         22.503
         22.503
         22.503
         22.503
         22.503
         22.503
         22.503
         22.503
         22.503
         22.503
         22.503
         22.503
         22.503
         22.503
         22.503
         22.503
         22.503
         22.503
         22.503
         22.503
         22.503
         22.503
         22.503
         22.503
         22.503
         22.503
         22.503
         22.503
         22.503
         22.503
         22.503
         22.443
         22.062
         21.685
         21.313
         20.945
         20.581
         20.221
         19.865
         19.512
         19.163
         18.817
         18.475
         18.136
         17.800
         17.467
         17.136
         16.809
         16.484
         16.162
         15.842
          0.000
          0.000
          0.000
          0.000
          0.000
          0.000
          0.000
          0.000
          0.000
          0.000
          0.000
          0.000
          0.000
         22.524
         22.524
         22.524
         22.524
         22.524
         22.524
         22.524
         22.524
         22.524
         22.524
         22.524
         22.524
         22.524
         22.524
         22.524
         22.524
         22.524
         22.524
         22.524
         22.524
         22.524
         22.524
         22.524
         22.524
         22.524
         22.524
         22.524
         22.524
         22.524
         22.524
         22.524
         22.524
         22.524
         22.524
         22.524
         22.524
         22.524
         22.524
         22.524
         22.524
         22.524
         22.524
         22.524
         22.524
         22.524
         22.524
         22.524
         22.524
         22.524
         22.524
         22.524
         22.524
         22.524
         22.524
         22.524
         22.524
         22.524
         22.524
         22.524
         22.524
         22.524
         22.524
         22.524
         22.524
         22.524
         22.524
         22.524
         22.469
         22.087
         21.710
         21.337
         20.968
         20.604
         20.244
         19.887
         19.534
         19.184
         18.838
         18.496
         18.156
         17.819
         17.486
         17.155
         16.827
         16.502
         16.179
         15.859
          0.000
          0.000
          0.000
          0.000
          0.000
          0.000
          0.000
          0.000
          0.000
          0.000
          0.000
          0.000
          0.000
         22.544
         22.544
         22.544
         22.544
         22.544
         22.544
         22.544
         22.544
         22.544
         22.544
         22.544
         22.544
         22.544
         22.544
         22.544
         22.544
         22.544
         22.544
         22.544
         22.544
         22.544
         22.544
         22.544
         22.544
         22.544
         22.544
         22.544
         22.544
         22.544
         22.544
         22.544
         22.544
         22.544
         22.544
         22.544
         22.544
         22.544
         22.544
         22.544
         22.544
         22.544
         22.544
         22.544
         22.544
         22.544
         22.544
         22.544
         22.544
         22.544
         22.544
         22.544
         22.544
         22.544
         22.544
         22.544
         22.544
         22.544
         22.544
         22.544
         22.544
         22.544
         22.544
         22.544
         22.544
         22.544
         22.544
         22.544
         22.495
         22.112
         21.735
         21.361
         20.992
         20.627
         20.266
         19.909
         19.556
         19.206
         18.859
         18.516
         18.176
         17.839
         17.505
         17.174
         16.846
         16.520
         16.197
         15.877
          0.000
          0.000
          0.000
          0.000
          0.000
          0.000
          0.000
          0.000
          0.000
          0.000
          0.000
          0.000
          0.000
         22.565
         22.565
         22.565
         22.565
         22.565
         22.565
         22.565
         22.565
         22.565
         22.565
         22.565
         22.565
         22.565
         22.565
         22.565
         22.565
         22.565
         22.565
         22.565
         22.565
         22.565
         22.565
         22.565
         22.565
         22.565
         22.565
         22.565
         22.565
         22.565
         22.565
         22.565
         22.565
         22.565
         22.565
         22.565
         22.565
         22.565
         22.565
         22.565
         22.565
         22.565
         22.565
         22.565
         22.565
         22.565
         22.565
         22.565
         22.565
         22.565
         22.565
         22.565
         22.565
         22.565
         22.565
         22.565
         22.565
         22.565
         22.565
         22.565
         22.565
         22.565
         22.565
         22.565
         22.565
         22.565
         22.565
         22.565
         22.521
         22.138
         21.759
         21.386
         21.016
         20.651
         20.289
         19.931
         19.577
         19.227
         18.880
         18.536
         18.196
         17.859
         17.524
         17.193
         16.864
         16.538
         16.215
         15.894
          0.000
          0.000
          0.000
          0.000
          0.000
          0.000
          0.000
          0.000
          0.000
          0.000
          0.000
          0.000
          0.000
         22.585
         22.585
         22.585
         22.585
         22.585
         22.585
         22.585
         22.585
         22.585
         22.585
         22.585
         22.585
         22.585
         22.585
         22.585
         22.585
         22.585
         22.585
         22.585
         22.585
         22.585
         22.585
         22.585
         22.585
         22.585
         22.585
         22.585
         22.585
         22.585
         22.585
         22.585
         22.585
         22.585
         22.585
         22.585
         22.585
         22.585
         22.585
         22.585
         22.585
         22.585
         22.585
         22.585
         22.585
         22.585
         22.585
         22.585
         22.585
         22.585
         22.585
         22.585
         22.585
         22.585
         22.585
         22.585
         22.585
         22.585
         22.585
         22.585
         22.585
         22.585
         22.585
         22.585
         22.585
         22.585
         22.585
         22.585
         22.547
         22.163
         21.784
         21.410
         21.040
         20.674
         20.312
         19.954
         19.599
         19.248
         18.901
         18.557
         18.216
         17.878
         17.543
         17.212
         16.882
         16.556
         16.232
         15.911
          0.000
          0.000
          0.000
          0.000
          0.000
          0.000
          0.000
          0.000
          0.000
          0.000
          0.000
          0.000
          0.000
         22.606
         22.606
         22.606
         22.606
         22.606
         22.606
         22.606
         22.606
         22.606
         22.606
         22.606
         22.606
         22.606
         22.606
         22.606
         22.606
         22.606
         22.606
         22.606
         22.606
         22.606
         22.606
         22.606
         22.606
         22.606
         22.606
         22.606
         22.606
         22.606
         22.606
         22.606
         22.606
         22.606
         22.606
         22.606
         22.606
         22.606
         22.606
         22.606
         22.606
         22.606
         22.606
         22.606
         22.606
         22.606
         22.606
         22.606
         22.606
         22.606
         22.606
         22.606
         22.606
         22.606
         22.606
         22.606
         22.606
         22.606
         22.606
         22.606
         22.606
         22.606
         22.606
         22.606
         22.606
         22.606
         22.606
         22.606
         22.573
         22.189
         21.809
         21.434
         21.064
         20.697
         20.335
         19.976
         19.621
         19.270
         18.922
         18.577
         18.236
         17.898
         17.563
         17.230
         16.901
         16.574
         16.250
         15.928
          0.000
          0.000
          0.000
          0.000
          0.000
          0.000
          0.000
          0.000
          0.000
          0.000
          0.000
          0.000
          0.000
         22.626
         22.626
         22.626
         22.626
         22.626
         22.626
         22.626
         22.626
         22.626
         22.626
         22.626
         22.626
         22.626
         22.626
         22.626
         22.626
         22.626
         22.626
         22.626
         22.626
         22.626
         22.626
         22.626
         22.626
         22.626
         22.626
         22.626
         22.626
         22.626
         22.626
         22.626
         22.626
         22.626
         22.626
         22.626
         22.626
         22.626
         22.626
         22.626
         22.626
         22.626
         22.626
         22.626
         22.626
         22.626
         22.626
         22.626
         22.626
         22.626
         22.626
         22.626
         22.626
         22.626
         22.626
         22.626
         22.626
         22.626
         22.626
         22.626
         22.626
         22.626
         22.626
         22.626
         22.626
         22.626
         22.626
         22.626
         22.599
         22.214
         21.834
         21.459
         21.088
         20.721
         20.358
         19.998
         19.643
         19.291
         18.943
         18.598
         18.256
         17.917
         17.582
         17.249
         16.919
         16.592
         16.267
         15.945
          0.000
          0.000
          0.000
          0.000
          0.000
          0.000
          0.000
          0.000
          0.000
          0.000
          0.000
          0.000
          0.000
         22.647
         22.647
         22.647
         22.647
         22.647
         22.647
         22.647
         22.647
         22.647
         22.647
         22.647
         22.647
         22.647
         22.647
         22.647
         22.647
         22.647
         22.647
         22.647
         22.647
         22.647
         22.647
         22.647
         22.647
         22.647
         22.647
         22.647
         22.647
         22.647
         22.647
         22.647
         22.647
         22.647
         22.647
         22.647
         22.647
         22.647
         22.647
         22.647
         22.647
         22.647
         22.647
         22.647
         22.647
         22.647
         22.647
         22.647
         22.647
         22.647
         22.647
         22.647
         22.647
         22.647
         22.647
         22.647
         22.647
         22.647
         22.647
         22.647
         22.647
         22.647
         22.647
         22.647
         22.647
         22.647
         22.647
         22.647
         22.625
         22.239
         21.859
         21.483
         21.111
         20.744
         20.380
         20.021
         19.665
         19.313
         18.964
         18.618
         18.276
         17.937
         17.601
         17.268
         16.938
         16.610
         16.285
         15.962
          0.000
          0.000
          0.000
          0.000
          0.000
          0.000
          0.000
          0.000
          0.000
          0.000
          0.000
          0.000
          0.000
         22.667
         22.667
         22.667
         22.667
         22.667
         22.667
         22.667
         22.667
         22.667
         22.667
         22.667
         22.667
         22.667
         22.667
         22.667
         22.667
         22.667
         22.667
         22.667
         22.667
         22.667
         22.667
         22.667
         22.667
         22.667
         22.667
         22.667
         22.667
         22.667
         22.667
         22.667
         22.667
         22.667
         22.667
         22.667
         22.667
         22.667
         22.667
         22.667
         22.667
         22.667
         22.667
         22.667
         22.667
         22.667
         22.667
         22.667
         22.667
         22.667
         22.667
         22.667
         22.667
         22.667
         22.667
         22.667
         22.667
         22.667
         22.667
         22.667
         22.667
         22.667
         22.667
         22.667
         22.667
         22.667
         22.667
         22.667
         22.651
         22.265
         21.884
         21.507
         21.135
         20.767
         20.403
         20.043
         19.687
         19.334
         18.985
         18.639
         18.296
         17.957
         17.620
         17.287
         16.956
         16.628
         16.302
         15.980
          0.000
          0.000
          0.000
          0.000
          0.000
          0.000
          0.000
          0.000
          0.000
          0.000
          0.000
          0.000
          0.000
         22.688
         22.688
         22.688
         22.688
         22.688
         22.688
         22.688
         22.688
         22.688
         22.688
         22.688
         22.688
         22.688
         22.688
         22.688
         22.688
         22.688
         22.688
         22.688
         22.688
         22.688
         22.688
         22.688
         22.688
         22.688
         22.688
         22.688
         22.688
         22.688
         22.688
         22.688
         22.688
         22.688
         22.688
         22.688
         22.688
         22.688
         22.688
         22.688
         22.688
         22.688
         22.688
         22.688
         22.688
         22.688
         22.688
         22.688
         22.688
         22.688
         22.688
         22.688
         22.688
         22.688
         22.688
         22.688
         22.688
         22.688
         22.688
         22.688
         22.688
         22.688
         22.688
         22.688
         22.688
         22.688
         22.688
         22.688
         22.677
         22.290
         21.909
         21.532
         21.159
         20.791
         20.426
         20.066
         19.709
         19.356
         19.006
         18.659
         18.316
         17.976
         17.639
         17.305
         16.974
         16.646
         16.320
         15.997
          0.000
          0.000
          0.000
          0.000
          0.000
          0.000
          0.000
          0.000
          0.000
          0.000
          0.000
          0.000
          0.000
         22.708
         22.708
         22.708
         22.708
         22.708
         22.708
         22.708
         22.708
         22.708
         22.708
         22.708
         22.708
         22.708
         22.708
         22.708
         22.708
         22.708
         22.708
         22.708
         22.708
         22.708
         22.708
         22.708
         22.708
         22.708
         22.708
         22.708
         22.708
         22.708
         22.708
         22.708
         22.708
         22.708
         22.708
         22.708
         22.708
         22.708
         22.708
         22.708
         22.708
         22.708
         22.708
         22.708
         22.708
         22.708
         22.708
         22.708
         22.708
         22.708
         22.708
         22.708
         22.708
         22.708
         22.708
         22.708
         22.708
         22.708
         22.708
         22.708
         22.708
         22.708
         22.708
         22.708
         22.708
         22.708
         22.708
         22.708
         22.703
         22.316
         21.934
         21.556
         21.183
         20.814
         20.449
         20.088
         19.731
         19.377
         19.027
         18.680
         18.336
         17.996
         17.659
         17.324
         16.993
         16.664
         16.338
         16.014
          0.000
          0.000
          0.000
          0.000
          0.000
          0.000
          0.000
          0.000
          0.000
          0.000
          0.000
          0.000
          0.000
         22.729
         22.729
         22.729
         22.729
         22.729
         22.729
         22.729
         22.729
         22.729
         22.729
         22.729
         22.729
         22.729
         22.729
         22.729
         22.729
         22.729
         22.729
         22.729
         22.729
         22.729
         22.729
         22.729
         22.729
         22.729
         22.729
         22.729
         22.729
         22.729
         22.729
         22.729
         22.729
         22.729
         22.729
         22.729
         22.729
         22.729
         22.729
         22.729
         22.729
         22.729
         22.729
         22.729
         22.729
         22.729
         22.729
         22.729
         22.729
         22.729
         22.729
         22.729
         22.729
         22.729
         22.729
         22.729
         22.729
         22.729
         22.729
         22.729
         22.729
         22.729
         22.729
         22.729
         22.729
         22.729
         22.729
         22.729
         22.729
         22.341
         21.959
         21.580
         21.207
         20.837
         20.472
         20.110
         19.752
         19.398
         19.048
         18.700
         18.356
         18.016
         17.678
         17.343
         17.011
         16.682
         16.355
         16.031
          0.000
          0.000
          0.000
          0.000
          0.000
          0.000
          0.000
          0.000
          0.000
          0.000
          0.000
          0.000
          0.000
         22.749
         22.749
         22.749
         22.749
         22.749
         22.749
         22.749
         22.749
         22.749
         22.749
         22.749
         22.749
         22.749
         22.749
         22.749
         22.749
         22.749
         22.749
         22.749
         22.749
         22.749
         22.749
         22.749
         22.749
         22.749
         22.749
         22.749
         22.749
         22.749
         22.749
         22.749
         22.749
         22.749
         22.749
         22.749
         22.749
         22.749
         22.749
         22.749
         22.749
         22.749
         22.749
         22.749
         22.749
         22.749
         22.749
         22.749
         22.749
         22.749
         22.749
         22.749
         22.749
         22.749
         22.749
         22.749
         22.749
         22.749
         22.749
         22.749
         22.749
         22.749
         22.749
         22.749
         22.749
         22.749
         22.749
         22.749
         22.749
         22.367
         21.983
         21.605
         21.231
         20.861
         20.495
         20.133
         19.774
         19.420
         19.069
         18.721
         18.377
         18.035
         17.697
         17.362
         17.029
         16.700
         16.373
         16.048
          0.000
          0.000
          0.000
          0.000
          0.000
          0.000
          0.000
          0.000
          0.000
          0.000
          0.000
          0.000
          0.000
         22.770
         22.770
         22.770
         22.770
         22.770
         22.770
         22.770
         22.770
         22.770
         22.770
         22.770
         22.770
         22.770
         22.770
         22.770
         22.770
         22.770
         22.770
         22.770
         22.770
         22.770
         22.770
         22.770
         22.770
         22.770
         22.770
         22.770
         22.770
         22.770
         22.770
         22.770
         22.770
         22.770
         22.770
         22.770
         22.770
         22.770
         22.770
         22.770
         22.770
         22.770
         22.770
         22.770
         22.770
         22.770
         22.770
         22.770
         22.770
         22.770
         22.770
         22.770
         22.770
         22.770
         22.770
         22.770
         22.770
         22.770
         22.770
         22.770
         22.770
         22.770
         22.770
         22.770
         22.770
         22.770
         22.770
         22.770
         22.770
         22.392
         22.008
         21.629
         21.254
         20.884
         20.518
         20.155
         19.796
         19.441
         19.090
         18.742
         18.397
         18.055
         17.716
         17.381
         17.048
         16.718
         16.390
         16.065
          0.000
          0.000
          0.000
          0.000
          0.000
          0.000
          0.000
          0.000
          0.000
          0.000
          0.000
          0.000
          0.000
         22.790
         22.790
         22.790
         22.790
         22.790
         22.790
         22.790
         22.790
         22.790
         22.790
         22.790
         22.790
         22.790
         22.790
         22.790
         22.790
         22.790
         22.790
         22.790
         22.790
         22.790
         22.790
         22.790
         22.790
         22.790
         22.790
         22.790
         22.790
         22.790
         22.790
         22.790
         22.790
         22.790
         22.790
         22.790
         22.790
         22.790
         22.790
         22.790
         22.790
         22.790
         22.790
         22.790
         22.790
         22.790
         22.790
         22.790
         22.790
         22.790
         22.790
         22.790
         22.790
         22.790
         22.790
         22.790
         22.790
         22.790
         22.790
         22.790
         22.790
         22.790
         22.790
         22.790
         22.790
         22.790
         22.790
         22.790
         22.790
         22.418
         22.033
         21.654
         21.278
         20.907
         20.540
         20.177
         19.818
         19.463
         19.111
         18.762
         18.417
         18.075
         17.736
         17.399
         17.066
         16.736
         16.408
         16.083
          0.000
          0.000
          0.000
          0.000
          0.000
          0.000
          0.000
          0.000
          0.000
          0.000
          0.000
          0.000
          0.000
         22.811
         22.811
         22.811
         22.811
         22.811
         22.811
         22.811
         22.811
         22.811
         22.811
         22.811
         22.811
         22.811
         22.811
         22.811
         22.811
         22.811
         22.811
         22.811
         22.811
         22.811
         22.811
         22.811
         22.811
         22.811
         22.811
         22.811
         22.811
         22.811
         22.811
         22.811
         22.811
         22.811
         22.811
         22.811
         22.811
         22.811
         22.811
         22.811
         22.811
         22.811
         22.811
         22.811
         22.811
         22.811
         22.811
         22.811
         22.811
         22.811
         22.811
         22.811
         22.811
         22.811
         22.811
         22.811
         22.811
         22.811
         22.811
         22.811
         22.811
         22.811
         22.811
         22.811
         22.811
         22.811
         22.811
         22.811
         22.811
         22.443
         22.058
         21.678
         21.302
         20.931
         20.563
         20.200
         19.840
         19.484
         19.132
         18.783
         18.437
         18.094
         17.755
         17.418
         17.085
         16.754
         16.425
         16.100
          0.000
          0.000
          0.000
          0.000
          0.000
          0.000
          0.000
          0.000
          0.000
          0.000
          0.000
          0.000
          0.000
         22.831
         22.831
         22.831
         22.831
         22.831
         22.831
         22.831
         22.831
         22.831
         22.831
         22.831
         22.831
         22.831
         22.831
         22.831
         22.831
         22.831
         22.831
         22.831
         22.831
         22.831
         22.831
         22.831
         22.831
         22.831
         22.831
         22.831
         22.831
         22.831
         22.831
         22.831
         22.831
         22.831
         22.831
         22.831
         22.831
         22.831
         22.831
         22.831
         22.831
         22.831
         22.831
         22.831
         22.831
         22.831
         22.831
         22.831
         22.831
         22.831
         22.831
         22.831
         22.831
         22.831
         22.831
         22.831
         22.831
         22.831
         22.831
         22.831
         22.831
         22.831
         22.831
         22.831
         22.831
         22.831
         22.831
         22.831
         22.831
         22.469
         22.083
         21.702
         21.326
         20.954
         20.586
         20.222
         19.862
         19.506
         19.153
         18.803
         18.457
         18.114
         17.774
         17.437
         17.103
         16.772
         16.443
         16.117
          0.000
          0.000
          0.000
          0.000
          0.000
          0.000
          0.000
          0.000
          0.000
          0.000
          0.000
          0.000
          0.000
         22.852
         22.852
         22.852
         22.852
         22.852
         22.852
         22.852
         22.852
         22.852
         22.852
         22.852
         22.852
         22.852
         22.852
         22.852
         22.852
         22.852
         22.852
         22.852
         22.852
         22.852
         22.852
         22.852
         22.852
         22.852
         22.852
         22.852
         22.852
         22.852
         22.852
         22.852
         22.852
         22.852
         22.852
         22.852
         22.852
         22.852
         22.852
         22.852
         22.852
         22.852
         22.852
         22.852
         22.852
         22.852
         22.852
         22.852
         22.852
         22.852
         22.852
         22.852
         22.852
         22.852
         22.852
         22.852
         22.852
         22.852
         22.852
         22.852
         22.852
         22.852
         22.852
         22.852
         22.852
         22.852
         22.852
         22.852
         22.852
         22.494
         22.108
         21.727
         21.350
         20.977
         20.609
         20.245
         19.884
         19.527
         19.174
         18.824
         18.477
         18.134
         17.793
         17.456
         17.121
         16.790
         16.461
         16.134
          0.000
          0.000
          0.000
          0.000
          0.000
          0.000
          0.000
          0.000
          0.000
          0.000
          0.000
          0.000
          0.000
         22.872
         22.872
         22.872
         22.872
         22.872
         22.872
         22.872
         22.872
         22.872
         22.872
         22.872
         22.872
         22.872
         22.872
         22.872
         22.872
         22.872
         22.872
         22.872
         22.872
         22.872
         22.872
         22.872
         22.872
         22.872
         22.872
         22.872
         22.872
         22.872
         22.872
         22.872
         22.872
         22.872
         22.872
         22.872
         22.872
         22.872
         22.872
         22.872
         22.872
         22.872
         22.872
         22.872
         22.872
         22.872
         22.872
         22.872
         22.872
         22.872
         22.872
         22.872
         22.872
         22.872
         22.872
         22.872
         22.872
         22.872
         22.872
         22.872
         22.872
         22.872
         22.872
         22.872
         22.872
         22.872
         22.872
         22.872
         22.872
         22.520
         22.133
         21.751
         21.374
         21.001
         20.632
         20.267
         19.906
         19.548
         19.195
         18.844
         18.497
         18.153
         17.812
         17.475
         17.140
         16.808
         16.478
         16.151
          0.000
          0.000
          0.000
          0.000
          0.000
          0.000
          0.000
          0.000
          0.000
          0.000
          0.000
          0.000
          0.000
         22.893
         22.893
         22.893
         22.893
         22.893
         22.893
         22.893
         22.893
         22.893
         22.893
         22.893
         22.893
         22.893
         22.893
         22.893
         22.893
         22.893
         22.893
         22.893
         22.893
         22.893
         22.893
         22.893
         22.893
         22.893
         22.893
         22.893
         22.893
         22.893
         22.893
         22.893
         22.893
         22.893
         22.893
         22.893
         22.893
         22.893
         22.893
         22.893
         22.893
         22.893
         22.893
         22.893
         22.893
         22.893
         22.893
         22.893
         22.893
         22.893
         22.893
         22.893
         22.893
         22.893
         22.893
         22.893
         22.893
         22.893
         22.893
         22.893
         22.893
         22.893
         22.893
         22.893
         22.893
         22.893
         22.893
         22.893
         22.893
         22.545
         22.158
         21.776
         21.398
         21.024
         20.655
         20.289
         19.928
         19.570
         19.216
         18.865
         18.517
         18.173
         17.832
         17.493
         17.158
         16.826
         16.496
         16.169
          0.000
          0.000
          0.000
          0.000
          0.000
          0.000
          0.000
          0.000
          0.000
          0.000
          0.000
          0.000
          0.000
         22.914
         22.914
         22.914
         22.914
         22.914
         22.914
         22.914
         22.914
         22.914
         22.914
         22.914
         22.914
         22.914
         22.914
         22.914
         22.914
         22.914
         22.914
         22.914
         22.914
         22.914
         22.914
         22.914
         22.914
         22.914
         22.914
         22.914
         22.914
         22.914
         22.914
         22.914
         22.914
         22.914
         22.914
         22.914
         22.914
         22.914
         22.914
         22.914
         22.914
         22.914
         22.914
         22.914
         22.914
         22.914
         22.914
         22.914
         22.914
         22.914
         22.914
         22.914
         22.914
         22.914
         22.914
         22.914
         22.914
         22.914
         22.914
         22.914
         22.914
         22.914
         22.914
         22.914
         22.914
         22.914
         22.914
         22.914
         22.914
         22.571
         22.183
         21.800
         21.422
         21.048
         20.678
         20.312
         19.950
         19.591
         19.237
         18.885
         18.537
         18.193
         17.851
         17.512
         17.177
         16.844
         16.513
         16.186
          0.000
          0.000
          0.000
          0.000
          0.000
          0.000
          0.000
          0.000
          0.000
          0.000
          0.000
          0.000
          0.000
         22.934
         22.934
         22.934
         22.934
         22.934
         22.934
         22.934
         22.934
         22.934
         22.934
         22.934
         22.934
         22.934
         22.934
         22.934
         22.934
         22.934
         22.934
         22.934
         22.934
         22.934
         22.934
         22.934
         22.934
         22.934
         22.934
         22.934
         22.934
         22.934
         22.934
         22.934
         22.934
         22.934
         22.934
         22.934
         22.934
         22.934
         22.934
         22.934
         22.934
         22.934
         22.934
         22.934
         22.934
         22.934
         22.934
         22.934
         22.934
         22.934
         22.934
         22.934
         22.934
         22.934
         22.934
         22.934
         22.934
         22.934
         22.934
         22.934
         22.934
         22.934
         22.934
         22.934
         22.934
         22.934
         22.934
         22.934
         22.934
         22.596
         22.208
         21.825
         21.446
         21.071
         20.701
         20.334
         19.972
         19.613
         19.258
         18.906
         18.557
         18.212
         17.870
         17.531
         17.195
         16.862
         16.531
         16.203
          0.000
          0.000
          0.000
          0.000
          0.000
          0.000
          0.000
          0.000
          0.000
          0.000
          0.000
          0.000
          0.000
         22.955
         22.955
         22.955
         22.955
         22.955
         22.955
         22.955
         22.955
         22.955
         22.955
         22.955
         22.955
         22.955
         22.955
         22.955
         22.955
         22.955
         22.955
         22.955
         22.955
         22.955
         22.955
         22.955
         22.955
         22.955
         22.955
         22.955
         22.955
         22.955
         22.955
         22.955
         22.955
         22.955
         22.955
         22.955
         22.955
         22.955
         22.955
         22.955
         22.955
         22.955
         22.955
         22.955
         22.955
         22.955
         22.955
         22.955
         22.955
         22.955
         22.955
         22.955
         22.955
         22.955
         22.955
         22.955
         22.955
         22.955
         22.955
         22.955
         22.955
         22.955
         22.955
         22.955
         22.955
         22.955
         22.955
         22.955
         22.955
         22.622
         22.233
         21.849
         21.470
         21.094
         20.724
         20.357
         19.994
         19.634
         19.279
         18.926
         18.578
         18.232
         17.889
         17.550
         17.213
         16.880
         16.549
         16.220
          0.000
          0.000
          0.000
          0.000
          0.000
          0.000
          0.000
          0.000
          0.000
          0.000
          0.000
          0.000
          0.000
         22.975
         22.975
         22.975
         22.975
         22.975
         22.975
         22.975
         22.975
         22.975
         22.975
         22.975
         22.975
         22.975
         22.975
         22.975
         22.975
         22.975
         22.975
         22.975
         22.975
         22.975
         22.975
         22.975
         22.975
         22.975
         22.975
         22.975
         22.975
         22.975
         22.975
         22.975
         22.975
         22.975
         22.975
         22.975
         22.975
         22.975
         22.975
         22.975
         22.975
         22.975
         22.975
         22.975
         22.975
         22.975
         22.975
         22.975
         22.975
         22.975
         22.975
         22.975
         22.975
         22.975
         22.975
         22.975
         22.975
         22.975
         22.975
         22.975
         22.975
         22.975
         22.975
         22.975
         22.975
         22.975
         22.975
         22.975
         22.975
         22.647
         22.258
         21.873
         21.493
         21.118
         20.746
         20.379
         20.016
         19.656
         19.300
         18.947
         18.598
         18.252
         17.909
         17.569
         17.232
         16.898
         16.566
         16.238
          0.000
          0.000
          0.000
          0.000
          0.000
          0.000
          0.000
          0.000
          0.000
          0.000
          0.000
          0.000
          0.000
         22.996
         22.996
         22.996
         22.996
         22.996
         22.996
         22.996
         22.996
         22.996
         22.996
         22.996
         22.996
         22.996
         22.996
         22.996
         22.996
         22.996
         22.996
         22.996
         22.996
         22.996
         22.996
         22.996
         22.996
         22.996
         22.996
         22.996
         22.996
         22.996
         22.996
         22.996
         22.996
         22.996
         22.996
         22.996
         22.996
         22.996
         22.996
         22.996
         22.996
         22.996
         22.996
         22.996
         22.996
         22.996
         22.996
         22.996
         22.996
         22.996
         22.996
         22.996
         22.996
         22.996
         22.996
         22.996
         22.996
         22.996
         22.996
         22.996
         22.996
         22.996
         22.996
         22.996
         22.996
         22.996
         22.996
         22.996
         22.996
         22.673
         22.283
         21.898
         21.517
         21.141
         20.769
         20.401
         20.037
         19.677
         19.321
         18.968
         18.618
         18.271
         17.928
         17.588
         17.250
         16.916
         16.584
         16.255
          0.000
          0.000
          0.000
          0.000
          0.000
          0.000
          0.000
          0.000
          0.000
          0.000
          0.000
          0.000
          0.000
         23.016
         23.016
         23.016
         23.016
         23.016
         23.016
         23.016
         23.016
         23.016
         23.016
         23.016
         23.016
         23.016
         23.016
         23.016
         23.016
         23.016
         23.016
         23.016
         23.016
         23.016
         23.016
         23.016
         23.016
         23.016
         23.016
         23.016
         23.016
         23.016
         23.016
         23.016
         23.016
         23.016
         23.016
         23.016
         23.016
         23.016
         23.016
         23.016
         23.016
         23.016
         23.016
         23.016
         23.016
         23.016
         23.016
         23.016
         23.016
         23.016
         23.016
         23.016
         23.016
         23.016
         23.016
         23.016
         23.016
         23.016
         23.016
         23.016
         23.016
         23.016
         23.016
         23.016
         23.016
         23.016
         23.016
         23.016
         23.016
         22.698
         22.308
         21.922
         21.541
         21.165
         20.792
         20.424
         20.059
         19.699
         19.342
         18.988
         18.638
         18.291
         17.947
         17.606
         17.269
         16.934
         16.602
         16.272
          0.000
          0.000
          0.000
          0.000
          0.000
          0.000
          0.000
          0.000
          0.000
          0.000
          0.000
          0.000
          0.000
         23.037
         23.037
         23.037
         23.037
         23.037
         23.037
         23.037
         23.037
         23.037
         23.037
         23.037
         23.037
         23.037
         23.037
         23.037
         23.037
         23.037
         23.037
         23.037
         23.037
         23.037
         23.037
         23.037
         23.037
         23.037
         23.037
         23.037
         23.037
         23.037
         23.037
         23.037
         23.037
         23.037
         23.037
         23.037
         23.037
         23.037
         23.037
         23.037
         23.037
         23.037
         23.037
         23.037
         23.037
         23.037
         23.037
         23.037
         23.037
         23.037
         23.037
         23.037
         23.037
         23.037
         23.037
         23.037
         23.037
         23.037
         23.037
         23.037
         23.037
         23.037
         23.037
         23.037
         23.037
         23.037
         23.037
         23.037
         23.037
         22.724
         22.333
         21.947
         21.565
         21.188
         20.815
         20.446
         20.081
         19.720
         19.363
         19.009
         18.658
         18.311
         17.966
         17.625
         17.287
         16.952
         16.619
         16.289
          0.000
          0.000
          0.000
          0.000
          0.000
          0.000
          0.000
          0.000
          0.000
          0.000
          0.000
          0.000
          0.000
         23.058
         23.058
         23.058
         23.058
         23.058
         23.058
         23.058
         23.058
         23.058
         23.058
         23.058
         23.058
         23.058
         23.058
         23.058
         23.058
         23.058
         23.058
         23.058
         23.058
         23.058
         23.058
         23.058
         23.058
         23.058
         23.058
         23.058
         23.058
         23.058
         23.058
         23.058
         23.058
         23.058
         23.058
         23.058
         23.058
         23.058
         23.058
         23.058
         23.058
         23.058
         23.058
         23.058
         23.058
         23.058
         23.058
         23.058
         23.058
         23.058
         23.058
         23.058
         23.058
         23.058
         23.058
         23.058
         23.058
         23.058
         23.058
         23.058
         23.058
         23.058
         23.058
         23.058
         23.058
         23.058
         23.058
         23.058
         23.058
         22.749
         22.358
         21.971
         21.589
         21.212
         20.838
         20.469
         20.103
         19.742
         19.384
         19.029
         18.678
         18.330
         17.986
         17.644
         17.306
         16.970
         16.637
         16.306
          0.000
          0.000
          0.000
          0.000
          0.000
          0.000
          0.000
          0.000
          0.000
          0.000
          0.000
          0.000
          0.000
         23.078
         23.078
         23.078
         23.078
         23.078
         23.078
         23.078
         23.078
         23.078
         23.078
         23.078
         23.078
         23.078
         23.078
         23.078
         23.078
         23.078
         23.078
         23.078
         23.078
         23.078
         23.078
         23.078
         23.078
         23.078
         23.078
         23.078
         23.078
         23.078
         23.078
         23.078
         23.078
         23.078
         23.078
         23.078
         23.078
         23.078
         23.078
         23.078
         23.078
         23.078
         23.078
         23.078
         23.078
         23.078
         23.078
         23.078
         23.078
         23.078
         23.078
         23.078
         23.078
         23.078
         23.078
         23.078
         23.078
         23.078
         23.078
         23.078
         23.078
         23.078
         23.078
         23.078
         23.078
         23.078
         23.078
         23.078
         23.078
         22.775
         22.383
         21.996
         21.613
         21.235
         20.861
         20.491
         20.125
         19.763
         19.405
         19.050
         18.698
         18.350
         18.005
         17.663
         17.324
         16.988
         16.654
         16.324
          0.000
          0.000
          0.000
          0.000
          0.000
          0.000
          0.000
          0.000
          0.000
          0.000
          0.000
          0.000
          0.000
         23.099
         23.099
         23.099
         23.099
         23.099
         23.099
         23.099
         23.099
         23.099
         23.099
         23.099
         23.099
         23.099
         23.099
         23.099
         23.099
         23.099
         23.099
         23.099
         23.099
         23.099
         23.099
         23.099
         23.099
         23.099
         23.099
         23.099
         23.099
         23.099
         23.099
         23.099
         23.099
         23.099
         23.099
         23.099
         23.099
         23.099
         23.099
         23.099
         23.099
         23.099
         23.099
         23.099
         23.099
         23.099
         23.099
         23.099
         23.099
         23.099
         23.099
         23.099
         23.099
         23.099
         23.099
         23.099
         23.099
         23.099
         23.099
         23.099
         23.099
         23.099
         23.099
         23.099
         23.099
         23.099
         23.099
         23.099
         23.099
         22.801
         22.408
         22.020
         21.637
         21.259
         20.884
         20.514
         20.147
         19.785
         19.426
         19.070
         18.718
         18.370
         18.024
         17.682
         17.342
         17.006
         16.672
         16.341
          0.000
          0.000
          0.000
          0.000
          0.000
          0.000
          0.000
          0.000
          0.000
          0.000
          0.000
          0.000
          0.000
         23.119
         23.119
         23.119
         23.119
         23.119
         23.119
         23.119
         23.119
         23.119
         23.119
         23.119
         23.119
         23.119
         23.119
         23.119
         23.119
         23.119
         23.119
         23.119
         23.119
         23.119
         23.119
         23.119
         23.119
         23.119
         23.119
         23.119
         23.119
         23.119
         23.119
         23.119
         23.119
         23.119
         23.119
         23.119
         23.119
         23.119
         23.119
         23.119
         23.119
         23.119
         23.119
         23.119
         23.119
         23.119
         23.119
         23.119
         23.119
         23.119
         23.119
         23.119
         23.119
         23.119
         23.119
         23.119
         23.119
         23.119
         23.119
         23.119
         23.119
         23.119
         23.119
         23.119
         23.119
         23.119
         23.119
         23.119
         23.119
         22.826
         22.433
         22.045
         21.661
         21.282
         20.907
         20.536
         20.169
         19.806
         19.447
         19.091
         18.739
         18.389
         18.044
         17.701
         17.361
         17.024
         16.690
         16.358
          0.000
          0.000
          0.000
          0.000
          0.000
          0.000
          0.000
          0.000
          0.000
          0.000
          0.000
          0.000
          0.000
         23.140
         23.140
         23.140
         23.140
         23.140
         23.140
         23.140
         23.140
         23.140
         23.140
         23.140
         23.140
         23.140
         23.140
         23.140
         23.140
         23.140
         23.140
         23.140
         23.140
         23.140
         23.140
         23.140
         23.140
         23.140
         23.140
         23.140
         23.140
         23.140
         23.140
         23.140
         23.140
         23.140
         23.140
         23.140
         23.140
         23.140
         23.140
         23.140
         23.140
         23.140
         23.140
         23.140
         23.140
         23.140
         23.140
         23.140
         23.140
         23.140
         23.140
         23.140
         23.140
         23.140
         23.140
         23.140
         23.140
         23.140
         23.140
         23.140
         23.140
         23.140
         23.140
         23.140
         23.140
         23.140
         23.140
         23.140
         23.140
         22.852
         22.458
         22.069
         21.685
         21.305
         20.930
         20.559
         20.191
         19.828
         19.468
         19.112
         18.759
         18.409
         18.063
         17.720
         17.379
         17.042
         16.707
         16.375
          0.000
          0.000
          0.000
          0.000
          0.000
          0.000
          0.000
          0.000
          0.000
          0.000
          0.000
          0.000
          0.000
         23.161
         23.161
         23.161
         23.161
         23.161
         23.161
         23.161
         23.161
         23.161
         23.161
         23.161
         23.161
         23.161
         23.161
         23.161
         23.161
         23.161
         23.161
         23.161
         23.161
         23.161
         23.161
         23.161
         23.161
         23.161
         23.161
         23.161
         23.161
         23.161
         23.161
         23.161
         23.161
         23.161
         23.161
         23.161
         23.161
         23.161
         23.161
         23.161
         23.161
         23.161
         23.161
         23.161
         23.161
         23.161
         23.161
         23.161
         23.161
         23.161
         23.161
         23.161
         23.161
         23.161
         23.161
         23.161
         23.161
         23.161
         23.161
         23.161
         23.161
         23.161
         23.161
         23.161
         23.161
         23.161
         23.161
         23.161
         23.161
         22.877
         22.483
         22.094
         21.709
         21.329
         20.953
         20.581
         20.213
         19.849
         19.489
         19.132
         18.779
         18.429
         18.082
         17.738
         17.398
         17.060
         16.725
         16.393
          0.000
          0.000
          0.000
          0.000
          0.000
          0.000
          0.000
          0.000
          0.000
          0.000
          0.000
          0.000
          0.000
         23.181
         23.181
         23.181
         23.181
         23.181
         23.181
         23.181
         23.181
         23.181
         23.181
         23.181
         23.181
         23.181
         23.181
         23.181
         23.181
         23.181
         23.181
         23.181
         23.181
         23.181
         23.181
         23.181
         23.181
         23.181
         23.181
         23.181
         23.181
         23.181
         23.181
         23.181
         23.181
         23.181
         23.181
         23.181
         23.181
         23.181
         23.181
         23.181
         23.181
         23.181
         23.181
         23.181
         23.181
         23.181
         23.181
         23.181
         23.181
         23.181
         23.181
         23.181
         23.181
         23.181
         23.181
         23.181
         23.181
         23.181
         23.181
         23.181
         23.181
         23.181
         23.181
         23.181
         23.181
         23.181
         23.181
         23.181
         23.181
         22.903
         22.508
         22.118
         21.733
         21.352
         20.976
         20.604
         20.235
         19.871
         19.510
         19.153
         18.799
         18.449
         18.101
         17.757
         17.416
         17.078
         16.743
         16.410
          0.000
          0.000
          0.000
          0.000
          0.000
          0.000
          0.000
          0.000
          0.000
          0.000
          0.000
          0.000
          0.000
         23.202
         23.202
         23.202
         23.202
         23.202
         23.202
         23.202
         23.202
         23.202
         23.202
         23.202
         23.202
         23.202
         23.202
         23.202
         23.202
         23.202
         23.202
         23.202
         23.202
         23.202
         23.202
         23.202
         23.202
         23.202
         23.202
         23.202
         23.202
         23.202
         23.202
         23.202
         23.202
         23.202
         23.202
         23.202
         23.202
         23.202
         23.202
         23.202
         23.202
         23.202
         23.202
         23.202
         23.202
         23.202
         23.202
         23.202
         23.202
         23.202
         23.202
         23.202
         23.202
         23.202
         23.202
         23.202
         23.202
         23.202
         23.202
         23.202
         23.202
         23.202
         23.202
         23.202
         23.202
         23.202
         23.202
         23.202
         23.202
         22.929
         22.533
         22.143
         21.757
         21.376
         20.999
         20.626
         20.257
         19.892
         19.531
         19.173
         18.819
         18.468
         18.121
         17.776
         17.435
         17.096
         16.760
         16.427
          0.000
          0.000
          0.000
          0.000
          0.000
          0.000
          0.000
          0.000
          0.000
          0.000
          0.000
          0.000
          0.000
         23.222
         23.222
         23.222
         23.222
         23.222
         23.222
         23.222
         23.222
         23.222
         23.222
         23.222
         23.222
         23.222
         23.222
         23.222
         23.222
         23.222
         23.222
         23.222
         23.222
         23.222
         23.222
         23.222
         23.222
         23.222
         23.222
         23.222
         23.222
         23.222
         23.222
         23.222
         23.222
         23.222
         23.222
         23.222
         23.222
         23.222
         23.222
         23.222
         23.222
         23.222
         23.222
         23.222
         23.222
         23.222
         23.222
         23.222
         23.222
         23.222
         23.222
         23.222
         23.222
         23.222
         23.222
         23.222
         23.222
         23.222
         23.222
         23.222
         23.222
         23.222
         23.222
         23.222
         23.222
         23.222
         23.222
         23.222
         23.222
         22.954
         22.558
         22.167
         21.781
         21.399
         21.022
         20.649
         20.279
         19.914
         19.552
         19.194
         18.839
         18.488
         18.140
         17.795
         17.453
         17.114
         16.778
         16.444
          0.000
          0.000
          0.000
          0.000
          0.000
          0.000
          0.000
          0.000
          0.000
          0.000
          0.000
          0.000
          0.000
         23.243
         23.243
         23.243
         23.243
         23.243
         23.243
         23.243
         23.243
         23.243
         23.243
         23.243
         23.243
         23.243
         23.243
         23.243
         23.243
         23.243
         23.243
         23.243
         23.243
         23.243
         23.243
         23.243
         23.243
         23.243
         23.243
         23.243
         23.243
         23.243
         23.243
         23.243
         23.243
         23.243
         23.243
         23.243
         23.243
         23.243
         23.243
         23.243
         23.243
         23.243
         23.243
         23.243
         23.243
         23.243
         23.243
         23.243
         23.243
         23.243
         23.243
         23.243
         23.243
         23.243
         23.243
         23.243
         23.243
         23.243
         23.243
         23.243
         23.243
         23.243
         23.243
         23.243
         23.243
         23.243
         23.243
         23.243
         23.243
         22.980
         22.583
         22.192
         21.805
         21.423
         21.045
         20.671
         20.301
         19.935
         19.573
         19.215
         18.860
         18.508
         18.159
         17.814
         17.472
         17.132
         16.795
         16.462
          0.000
          0.000
          0.000
          0.000
          0.000
          0.000
          0.000
          0.000
          0.000
          0.000
          0.000
          0.000
          0.000
         23.264
         23.264
         23.264
         23.264
         23.264
         23.264
         23.264
         23.264
         23.264
         23.264
         23.264
         23.264
         23.264
         23.264
         23.264
         23.264
         23.264
         23.264
         23.264
         23.264
         23.264
         23.264
         23.264
         23.264
         23.264
         23.264
         23.264
         23.264
         23.264
         23.264
         23.264
         23.264
         23.264
         23.264
         23.264
         23.264
         23.264
         23.264
         23.264
         23.264
         23.264
         23.264
         23.264
         23.264
         23.264
         23.264
         23.264
         23.264
         23.264
         23.264
         23.264
         23.264
         23.264
         23.264
         23.264
         23.264
         23.264
         23.264
         23.264
         23.264
         23.264
         23.264
         23.264
         23.264
         23.264
         23.264
         23.264
         23.264
         23.005
         22.609
         22.217
         21.829
         21.446
         21.068
         20.694
         20.323
         19.957
         19.594
         19.235
         18.880
         18.528
         18.179
         17.833
         17.490
         17.150
         16.813
         16.479
          0.000
          0.000
          0.000
          0.000
          0.000
          0.000
          0.000
          0.000
          0.000
          0.000
          0.000
          0.000
          0.000
         23.284
         23.284
         23.284
         23.284
         23.284
         23.284
         23.284
         23.284
         23.284
         23.284
         23.284
         23.284
         23.284
         23.284
         23.284
         23.284
         23.284
         23.284
         23.284
         23.284
         23.284
         23.284
         23.284
         23.284
         23.284
         23.284
         23.284
         23.284
         23.284
         23.284
         23.284
         23.284
         23.284
         23.284
         23.284
         23.284
         23.284
         23.284
         23.284
         23.284
         23.284
         23.284
         23.284
         23.284
         23.284
         23.284
         23.284
         23.284
         23.284
         23.284
         23.284
         23.284
         23.284
         23.284
         23.284
         23.284
         23.284
         23.284
         23.284
         23.284
         23.284
         23.284
         23.284
         23.284
         23.284
         23.284
         23.284
         23.284
         23.031
         22.634
         22.241
         21.853
         21.470
         21.091
         20.716
         20.345
         19.978
         19.615
         19.256
         18.900
         18.547
         18.198
         17.852
         17.508
         17.168
         16.831
         16.496
          0.000
          0.000
          0.000
          0.000
          0.000
          0.000
          0.000
          0.000
          0.000
          0.000
          0.000
          0.000
          0.000
         23.305
         23.305
         23.305
         23.305
         23.305
         23.305
         23.305
         23.305
         23.305
         23.305
         23.305
         23.305
         23.305
         23.305
         23.305
         23.305
         23.305
         23.305
         23.305
         23.305
         23.305
         23.305
         23.305
         23.305
         23.305
         23.305
         23.305
         23.305
         23.305
         23.305
         23.305
         23.305
         23.305
         23.305
         23.305
         23.305
         23.305
         23.305
         23.305
         23.305
         23.305
         23.305
         23.305
         23.305
         23.305
         23.305
         23.305
         23.305
         23.305
         23.305
         23.305
         23.305
         23.305
         23.305
         23.305
         23.305
         23.305
         23.305
         23.305
         23.305
         23.305
         23.305
         23.305
         23.305
         23.305
         23.305
         23.305
         23.305
         23.057
         22.659
         22.266
         21.877
         21.493
         21.114
         20.739
         20.367
         20.000
         19.636
         19.276
         18.920
         18.567
         18.217
         17.871
         17.527
         17.186
         16.848
         16.513
          0.000
          0.000
          0.000
          0.000
          0.000
          0.000
          0.000
          0.000
          0.000
          0.000
          0.000
          0.000
          0.000
         23.326
         23.326
         23.326
         23.326
         23.326
         23.326
         23.326
         23.326
         23.326
         23.326
         23.326
         23.326
         23.326
         23.326
         23.326
         23.326
         23.326
         23.326
         23.326
         23.326
         23.326
         23.326
         23.326
         23.326
         23.326
         23.326
         23.326
         23.326
         23.326
         23.326
         23.326
         23.326
         23.326
         23.326
         23.326
         23.326
         23.326
         23.326
         23.326
         23.326
         23.326
         23.326
         23.326
         23.326
         23.326
         23.326
         23.326
         23.326
         23.326
         23.326
         23.326
         23.326
         23.326
         23.326
         23.326
         23.326
         23.326
         23.326
         23.326
         23.326
         23.326
         23.326
         23.326
         23.326
         23.326
         23.326
         23.326
         23.326
         23.082
         22.684
         22.290
         21.901
         21.517
         21.137
         20.761
         20.389
         20.022
         19.658
         19.297
         18.940
         18.587
         18.237
         17.889
         17.545
         17.204
         16.866
         16.531
          0.000
          0.000
          0.000
          0.000
          0.000
          0.000
          0.000
          0.000
          0.000
          0.000
          0.000
          0.000
          0.000
         23.346
         23.346
         23.346
         23.346
         23.346
         23.346
         23.346
         23.346
         23.346
         23.346
         23.346
         23.346
         23.346
         23.346
         23.346
         23.346
         23.346
         23.346
         23.346
         23.346
         23.346
         23.346
         23.346
         23.346
         23.346
         23.346
         23.346
         23.346
         23.346
         23.346
         23.346
         23.346
         23.346
         23.346
         23.346
         23.346
         23.346
         23.346
         23.346
         23.346
         23.346
         23.346
         23.346
         23.346
         23.346
         23.346
         23.346
         23.346
         23.346
         23.346
         23.346
         23.346
         23.346
         23.346
         23.346
         23.346
         23.346
         23.346
         23.346
         23.346
         23.346
         23.346
         23.346
         23.346
         23.346
         23.346
         23.346
         23.346
         23.108
         22.709
         22.315
         21.925
         21.540
         21.160
         20.784
         20.411
         20.043
         19.679
         19.318
         18.960
         18.606
         18.256
         17.908
         17.564
         17.222
         16.884
         16.548
          0.000
          0.000
          0.000
          0.000
          0.000
          0.000
          0.000
          0.000
          0.000
          0.000
          0.000
          0.000
          0.000
         23.367
         23.367
         23.367
         23.367
         23.367
         23.367
         23.367
         23.367
         23.367
         23.367
         23.367
         23.367
         23.367
         23.367
         23.367
         23.367
         23.367
         23.367
         23.367
         23.367
         23.367
         23.367
         23.367
         23.367
         23.367
         23.367
         23.367
         23.367
         23.367
         23.367
         23.367
         23.367
         23.367
         23.367
         23.367
         23.367
         23.367
         23.367
         23.367
         23.367
         23.367
         23.367
         23.367
         23.367
         23.367
         23.367
         23.367
         23.367
         23.367
         23.367
         23.367
         23.367
         23.367
         23.367
         23.367
         23.367
         23.367
         23.367
         23.367
         23.367
         23.367
         23.367
         23.367
         23.367
         23.367
         23.367
         23.367
         23.367
         23.134
         22.734
         22.339
         21.949
         21.564
         21.183
         20.806
         20.433
         20.065
         19.700
         19.338
         18.981
         18.626
         18.275
         17.927
         17.582
         17.240
         16.901
         16.565
          0.000
          0.000
          0.000
          0.000
          0.000
          0.000
          0.000
          0.000
          0.000
          0.000
          0.000
          0.000
          0.000
         23.388
         23.388
         23.388
         23.388
         23.388
         23.388
         23.388
         23.388
         23.388
         23.388
         23.388
         23.388
         23.388
         23.388
         23.388
         23.388
         23.388
         23.388
         23.388
         23.388
         23.388
         23.388
         23.388
         23.388
         23.388
         23.388
         23.388
         23.388
         23.388
         23.388
         23.388
         23.388
         23.388
         23.388
         23.388
         23.388
         23.388
         23.388
         23.388
         23.388
         23.388
         23.388
         23.388
         23.388
         23.388
         23.388
         23.388
         23.388
         23.388
         23.388
         23.388
         23.388
         23.388
         23.388
         23.388
         23.388
         23.388
         23.388
         23.388
         23.388
         23.388
         23.388
         23.388
         23.388
         23.388
         23.388
         23.388
         23.388
         23.159
         22.759
         22.364
         21.973
         21.587
         21.206
         20.829
         20.455
         20.086
         19.721
         19.359
         19.001
         18.646
         18.294
         17.946
         17.601
         17.258
         16.919
         16.582
          0.000
          0.000
          0.000
          0.000
          0.000
          0.000
          0.000
          0.000
          0.000
          0.000
          0.000
          0.000
          0.000
         23.408
         23.408
         23.408
         23.408
         23.408
         23.408
         23.408
         23.408
         23.408
         23.408
         23.408
         23.408
         23.408
         23.408
         23.408
         23.408
         23.408
         23.408
         23.408
         23.408
         23.408
         23.408
         23.408
         23.408
         23.408
         23.408
         23.408
         23.408
         23.408
         23.408
         23.408
         23.408
         23.408
         23.408
         23.408
         23.408
         23.408
         23.408
         23.408
         23.408
         23.408
         23.408
         23.408
         23.408
         23.408
         23.408
         23.408
         23.408
         23.408
         23.408
         23.408
         23.408
         23.408
         23.408
         23.408
         23.408
         23.408
         23.408
         23.408
         23.408
         23.408
         23.408
         23.408
         23.408
         23.408
         23.408
         23.408
         23.408
         23.185
         22.784
         22.388
         21.997
         21.611
         21.229
         20.851
         20.478
         20.108
         19.742
         19.380
         19.021
         18.666
         18.314
         17.965
         17.619
         17.277
         16.937
         16.600
          0.000
          0.000
          0.000
          0.000
          0.000
          0.000
          0.000
          0.000
          0.000
          0.000
          0.000
          0.000
          0.000
         23.429
         23.429
         23.429
         23.429
         23.429
         23.429
         23.429
         23.429
         23.429
         23.429
         23.429
         23.429
         23.429
         23.429
         23.429
         23.429
         23.429
         23.429
         23.429
         23.429
         23.429
         23.429
         23.429
         23.429
         23.429
         23.429
         23.429
         23.429
         23.429
         23.429
         23.429
         23.429
         23.429
         23.429
         23.429
         23.429
         23.429
         23.429
         23.429
         23.429
         23.429
         23.429
         23.429
         23.429
         23.429
         23.429
         23.429
         23.429
         23.429
         23.429
         23.429
         23.429
         23.429
         23.429
         23.429
         23.429
         23.429
         23.429
         23.429
         23.429
         23.429
         23.429
         23.429
         23.429
         23.429
         23.429
         23.429
         23.429
         23.211
         22.809
         22.413
         22.022
         21.635
         21.252
         20.874
         20.500
         20.129
         19.763
         19.400
         19.041
         18.685
         18.333
         17.984
         17.638
         17.295
         16.954
         16.617
          0.000
          0.000
          0.000
          0.000
          0.000
          0.000
          0.000
          0.000
          0.000
          0.000
          0.000
          0.000
          0.000
         23.450
         23.450
         23.450
         23.450
         23.450
         23.450
         23.450
         23.450
         23.450
         23.450
         23.450
         23.450
         23.450
         23.450
         23.450
         23.450
         23.450
         23.450
         23.450
         23.450
         23.450
         23.450
         23.450
         23.450
         23.450
         23.450
         23.450
         23.450
         23.450
         23.450
         23.450
         23.450
         23.450
         23.450
         23.450
         23.450
         23.450
         23.450
         23.450
         23.450
         23.450
         23.450
         23.450
         23.450
         23.450
         23.450
         23.450
         23.450
         23.450
         23.450
         23.450
         23.450
         23.450
         23.450
         23.450
         23.450
         23.450
         23.450
         23.450
         23.450
         23.450
         23.450
         23.450
         23.450
         23.450
         23.450
         23.450
         23.450
         23.237
         22.835
         22.438
         22.046
         21.658
         21.275
         20.896
         20.522
         20.151
         19.784
         19.421
         19.061
         18.705
         18.352
         18.003
         17.656
         17.313
         16.972
         16.634
          0.000
          0.000
          0.000
          0.000
          0.000
          0.000
          0.000
          0.000
          0.000
          0.000
          0.000
          0.000
          0.000
         23.470
         23.470
         23.470
         23.470
         23.470
         23.470
         23.470
         23.470
         23.470
         23.470
         23.470
         23.470
         23.470
         23.470
         23.470
         23.470
         23.470
         23.470
         23.470
         23.470
         23.470
         23.470
         23.470
         23.470
         23.470
         23.470
         23.470
         23.470
         23.470
         23.470
         23.470
         23.470
         23.470
         23.470
         23.470
         23.470
         23.470
         23.470
         23.470
         23.470
         23.470
         23.470
         23.470
         23.470
         23.470
         23.470
         23.470
         23.470
         23.470
         23.470
         23.470
         23.470
         23.470
         23.470
         23.470
         23.470
         23.470
         23.470
         23.470
         23.470
         23.470
         23.470
         23.470
         23.470
         23.470
         23.470
         23.470
         23.470
         23.262
         22.860
         22.462
         22.070
         21.682
         21.298
         20.919
         20.544
         20.173
         19.805
         19.442
         19.082
         18.725
         18.372
         18.022
         17.675
         17.331
         16.990
         16.651
          0.000
          0.000
          0.000
          0.000
          0.000
          0.000
          0.000
          0.000
          0.000
          0.000
          0.000
          0.000
          0.000
         23.491
         23.491
         23.491
         23.491
         23.491
         23.491
         23.491
         23.491
         23.491
         23.491
         23.491
         23.491
         23.491
         23.491
         23.491
         23.491
         23.491
         23.491
         23.491
         23.491
         23.491
         23.491
         23.491
         23.491
         23.491
         23.491
         23.491
         23.491
         23.491
         23.491
         23.491
         23.491
         23.491
         23.491
         23.491
         23.491
         23.491
         23.491
         23.491
         23.491
         23.491
         23.491
         23.491
         23.491
         23.491
         23.491
         23.491
         23.491
         23.491
         23.491
         23.491
         23.491
         23.491
         23.491
         23.491
         23.491
         23.491
         23.491
         23.491
         23.491
         23.491
         23.491
         23.491
         23.491
         23.491
         23.491
         23.491
         23.491
         23.288
         22.885
         22.487
         22.094
         21.705
         21.321
         20.941
         20.566
         20.194
         19.826
         19.462
         19.102
         18.745
         18.391
         18.041
         17.693
         17.349
         17.007
         16.669
          0.000
          0.000
          0.000
          0.000
          0.000
          0.000
          0.000
          0.000
          0.000
          0.000
          0.000
          0.000
          0.000
         23.512
         23.512
         23.512
         23.512
         23.512
         23.512
         23.512
         23.512
         23.512
         23.512
         23.512
         23.512
         23.512
         23.512
         23.512
         23.512
         23.512
         23.512
         23.512
         23.512
         23.512
         23.512
         23.512
         23.512
         23.512
         23.512
         23.512
         23.512
         23.512
         23.512
         23.512
         23.512
         23.512
         23.512
         23.512
         23.512
         23.512
         23.512
         23.512
         23.512
         23.512
         23.512
         23.512
         23.512
         23.512
         23.512
         23.512
         23.512
         23.512
         23.512
         23.512
         23.512
         23.512
         23.512
         23.512
         23.512
         23.512
         23.512
         23.512
         23.512
         23.512
         23.512
         23.512
         23.512
         23.512
         23.512
         23.512
         23.512
         23.314
         22.910
         22.512
         22.118
         21.729
         21.344
         20.964
         20.588
         20.216
         19.847
         19.483
         19.122
         18.765
         18.410
         18.060
         17.712
         17.367
         17.025
         16.686
          0.000
          0.000
          0.000
          0.000
          0.000
          0.000
          0.000
          0.000
          0.000
          0.000
          0.000
          0.000
          0.000
         23.532
         23.532
         23.532
         23.532
         23.532
         23.532
         23.532
         23.532
         23.532
         23.532
         23.532
         23.532
         23.532
         23.532
         23.532
         23.532
         23.532
         23.532
         23.532
         23.532
         23.532
         23.532
         23.532
         23.532
         23.532
         23.532
         23.532
         23.532
         23.532
         23.532
         23.532
         23.532
         23.532
         23.532
         23.532
         23.532
         23.532
         23.532
         23.532
         23.532
         23.532
         23.532
         23.532
         23.532
         23.532
         23.532
         23.532
         23.532
         23.532
         23.532
         23.532
         23.532
         23.532
         23.532
         23.532
         23.532
         23.532
         23.532
         23.532
         23.532
         23.532
         23.532
         23.532
         23.532
         23.532
         23.532
         23.532
         23.532
         23.339
         22.935
         22.536
         22.142
         21.752
         21.367
         20.986
         20.610
         20.237
         19.869
         19.504
         19.142
         18.784
         18.430
         18.078
         17.730
         17.385
         17.043
         16.703
          0.000
          0.000
          0.000
          0.000
          0.000
          0.000
          0.000
          0.000
          0.000
          0.000
          0.000
          0.000
          0.000
         23.553
         23.553
         23.553
         23.553
         23.553
         23.553
         23.553
         23.553
         23.553
         23.553
         23.553
         23.553
         23.553
         23.553
         23.553
         23.553
         23.553
         23.553
         23.553
         23.553
         23.553
         23.553
         23.553
         23.553
         23.553
         23.553
         23.553
         23.553
         23.553
         23.553
         23.553
         23.553
         23.553
         23.553
         23.553
         23.553
         23.553
         23.553
         23.553
         23.553
         23.553
         23.553
         23.553
         23.553
         23.553
         23.553
         23.553
         23.553
         23.553
         23.553
         23.553
         23.553
         23.553
         23.553
         23.553
         23.553
         23.553
         23.553
         23.553
         23.553
         23.553
         23.553
         23.553
         23.553
         23.553
         23.553
         23.553
         23.553
         23.365
         22.960
         22.561
         22.166
         21.776
         21.390
         21.009
         20.632
         20.259
         19.890
         19.524
         19.162
         18.804
         18.449
         18.097
         17.749
         17.403
         17.060
         16.721
