      13387.728
      13403.821
      13419.326
      13434.214
      13448.450
      13462.002
      13474.833
      13486.907
      13498.181
      13508.615
      13518.164
      13526.779
      13530.354
      13530.354
      13530.354
      13530.354
      13530.354
      13530.354
      13530.354
      13530.354
      13530.354
      13530.354
      13530.354
      13530.354
      13530.354
      13530.354
      13530.354
      13530.354
      13530.354
      13530.354
      13530.354
      13530.354
      13530.354
      13530.354
      13530.354
      13530.354
      13530.354
      13530.354
      13530.354
      13530.354
      13530.354
      13530.354
      13530.354
      13530.354
      13530.354
      13530.354
      13530.354
      13530.354
      13530.354
      13530.354
      13530.354
      13530.354
      13530.354
      13530.354
      13530.354
      13530.354
      13530.354
      13530.354
      13530.354
      13530.354
      13530.354
      13530.354
      13530.354
      13530.354
      13530.354
      13530.354
      13530.354
      13530.354
      13530.354
      13530.354
      13530.354
      13530.354
      13530.354
      13530.354
      13530.354
      13530.354
      13530.354
      13530.354
      13530.354
      13530.354
          0.000
          0.000
          0.000
          0.000
          0.000
          0.000
          0.000
          0.000
          0.000
          0.000
          0.000
          0.000
          0.000
          0.000
          0.000
          0.000
          0.000
          0.000
          0.000
          0.000
      13387.841
      13403.937
      13419.445
      13434.335
      13448.575
      13462.130
      13474.964
      13487.041
      13498.319
      13508.756
      13518.308
      13526.928
      13530.615
      13530.615
      13530.615
      13530.615
      13530.615
      13530.615
      13530.615
      13530.615
      13530.615
      13530.615
      13530.615
      13530.615
      13530.615
      13530.615
      13530.615
      13530.615
      13530.615
      13530.615
      13530.615
      13530.615
      13530.615
      13530.615
      13530.615
      13530.615
      13530.615
      13530.615
      13530.615
      13530.615
      13530.615
      13530.615
      13530.615
      13530.615
      13530.615
      13530.615
      13530.615
      13530.615
      13530.615
      13530.615
      13530.615
      13530.615
      13530.615
      13530.615
      13530.615
      13530.615
      13530.615
      13530.615
      13530.615
      13530.615
      13530.615
      13530.615
      13530.615
      13530.615
      13530.615
      13530.615
      13530.615
      13530.615
      13530.615
      13530.615
      13530.615
      13530.615
      13530.615
      13530.615
      13530.615
      13530.615
      13530.615
      13530.615
      13530.615
      13530.615
          0.000
          0.000
          0.000
          0.000
          0.000
          0.000
          0.000
          0.000
          0.000
          0.000
          0.000
          0.000
          0.000
          0.000
          0.000
          0.000
          0.000
          0.000
          0.000
          0.000
      13387.955
      13404.053
      13419.564
      13434.457
      13448.699
      13462.257
      13475.095
      13487.175
      13498.456
      13508.898
      13518.453
      13527.076
      13530.875
      13530.875
      13530.875
      13530.875
      13530.875
      13530.875
      13530.875
      13530.875
      13530.875
      13530.875
      13530.875
      13530.875
      13530.875
      13530.875
      13530.875
      13530.875
      13530.875
      13530.875
      13530.875
      13530.875
      13530.875
      13530.875
      13530.875
      13530.875
      13530.875
      13530.875
      13530.875
      13530.875
      13530.875
      13530.875
      13530.875
      13530.875
      13530.875
      13530.875
      13530.875
      13530.875
      13530.875
      13530.875
      13530.875
      13530.875
      13530.875
      13530.875
      13530.875
      13530.875
      13530.875
      13530.875
      13530.875
      13530.875
      13530.875
      13530.875
      13530.875
      13530.875
      13530.875
      13530.875
      13530.875
      13530.875
      13530.875
      13530.875
      13530.875
      13530.875
      13530.875
      13530.875
      13530.875
      13530.875
      13530.875
      13530.875
      13530.875
      13530.875
          0.000
          0.000
          0.000
          0.000
          0.000
          0.000
          0.000
          0.000
          0.000
          0.000
          0.000
          0.000
          0.000
          0.000
          0.000
          0.000
          0.000
          0.000
          0.000
          0.000
      13388.068
      13404.169
      13419.683
      13434.578
      13448.824
      13462.385
      13475.226
      13487.309
      13498.594
      13509.039
      13518.598
      13527.225
      13531.135
      13531.135
      13531.135
      13531.135
      13531.135
      13531.135
      13531.135
      13531.135
      13531.135
      13531.135
      13531.135
      13531.135
      13531.135
      13531.135
      13531.135
      13531.135
      13531.135
      13531.135
      13531.135
      13531.135
      13531.135
      13531.135
      13531.135
      13531.135
      13531.135
      13531.135
      13531.135
      13531.135
      13531.135
      13531.135
      13531.135
      13531.135
      13531.135
      13531.135
      13531.135
      13531.135
      13531.135
      13531.135
      13531.135
      13531.135
      13531.135
      13531.135
      13531.135
      13531.135
      13531.135
      13531.135
      13531.135
      13531.135
      13531.135
      13531.135
      13531.135
      13531.135
      13531.135
      13531.135
      13531.135
      13531.135
      13531.135
      13531.135
      13531.135
      13531.135
      13531.135
      13531.135
      13531.135
      13531.135
      13531.135
      13531.135
      13531.135
      13531.135
          0.000
          0.000
          0.000
          0.000
          0.000
          0.000
          0.000
          0.000
          0.000
          0.000
          0.000
          0.000
          0.000
          0.000
          0.000
          0.000
          0.000
          0.000
          0.000
          0.000
      13388.181
      13404.285
      13419.801
      13434.700
      13448.948
      13462.512
      13475.356
      13487.443
      13498.731
      13509.180
      13518.743
      13527.374
      13531.395
      13531.395
      13531.395
      13531.395
      13531.395
      13531.395
      13531.395
      13531.395
      13531.395
      13531.395
      13531.395
      13531.395
      13531.395
      13531.395
      13531.395
      13531.395
      13531.395
      13531.395
      13531.395
      13531.395
      13531.395
      13531.395
      13531.395
      13531.395
      13531.395
      13531.395
      13531.395
      13531.395
      13531.395
      13531.395
      13531.395
      13531.395
      13531.395
      13531.395
      13531.395
      13531.395
      13531.395
      13531.395
      13531.395
      13531.395
      13531.395
      13531.395
      13531.395
      13531.395
      13531.395
      13531.395
      13531.395
      13531.395
      13531.395
      13531.395
      13531.395
      13531.395
      13531.395
      13531.395
      13531.395
      13531.395
      13531.395
      13531.395
      13531.395
      13531.395
      13531.395
      13531.395
      13531.395
      13531.395
      13531.395
      13531.395
      13531.395
      13531.395
          0.000
          0.000
          0.000
          0.000
          0.000
          0.000
          0.000
          0.000
          0.000
          0.000
          0.000
          0.000
          0.000
          0.000
          0.000
          0.000
          0.000
          0.000
          0.000
          0.000
      13388.295
      13404.401
      13419.920
      13434.821
      13449.072
      13462.640
      13475.487
      13487.577
      13498.869
      13509.321
      13518.888
      13527.523
      13531.655
      13531.655
      13531.655
      13531.655
      13531.655
      13531.655
      13531.655
      13531.655
      13531.655
      13531.655
      13531.655
      13531.655
      13531.655
      13531.655
      13531.655
      13531.655
      13531.655
      13531.655
      13531.655
      13531.655
      13531.655
      13531.655
      13531.655
      13531.655
      13531.655
      13531.655
      13531.655
      13531.655
      13531.655
      13531.655
      13531.655
      13531.655
      13531.655
      13531.655
      13531.655
      13531.655
      13531.655
      13531.655
      13531.655
      13531.655
      13531.655
      13531.655
      13531.655
      13531.655
      13531.655
      13531.655
      13531.655
      13531.655
      13531.655
      13531.655
      13531.655
      13531.655
      13531.655
      13531.655
      13531.655
      13531.655
      13531.655
      13531.655
      13531.655
      13531.655
      13531.655
      13531.655
      13531.655
      13531.655
      13531.655
      13531.655
      13531.655
      13531.655
          0.000
          0.000
          0.000
          0.000
          0.000
          0.000
          0.000
          0.000
          0.000
          0.000
          0.000
          0.000
          0.000
          0.000
          0.000
          0.000
          0.000
          0.000
          0.000
          0.000
      13388.408
      13404.517
      13420.039
      13434.943
      13449.197
      13462.767
      13475.618
      13487.711
      13499.006
      13509.462
      13519.033
      13527.672
      13531.915
      13531.915
      13531.915
      13531.915
      13531.915
      13531.915
      13531.915
      13531.915
      13531.915
      13531.915
      13531.915
      13531.915
      13531.915
      13531.915
      13531.915
      13531.915
      13531.915
      13531.915
      13531.915
      13531.915
      13531.915
      13531.915
      13531.915
      13531.915
      13531.915
      13531.915
      13531.915
      13531.915
      13531.915
      13531.915
      13531.915
      13531.915
      13531.915
      13531.915
      13531.915
      13531.915
      13531.915
      13531.915
      13531.915
      13531.915
      13531.915
      13531.915
      13531.915
      13531.915
      13531.915
      13531.915
      13531.915
      13531.915
      13531.915
      13531.915
      13531.915
      13531.915
      13531.915
      13531.915
      13531.915
      13531.915
      13531.915
      13531.915
      13531.915
      13531.915
      13531.915
      13531.915
      13531.915
      13531.915
      13531.915
      13531.915
      13531.915
      13531.915
          0.000
          0.000
          0.000
          0.000
          0.000
          0.000
          0.000
          0.000
          0.000
          0.000
          0.000
          0.000
          0.000
          0.000
          0.000
          0.000
          0.000
          0.000
          0.000
          0.000
      13388.521
      13404.633
      13420.157
      13435.064
      13449.321
      13462.895
      13475.749
      13487.845
      13499.144
      13509.603
      13519.178
      13527.821
      13532.175
      13532.175
      13532.175
      13532.175
      13532.175
      13532.175
      13532.175
      13532.175
      13532.175
      13532.175
      13532.175
      13532.175
      13532.175
      13532.175
      13532.175
      13532.175
      13532.175
      13532.175
      13532.175
      13532.175
      13532.175
      13532.175
      13532.175
      13532.175
      13532.175
      13532.175
      13532.175
      13532.175
      13532.175
      13532.175
      13532.175
      13532.175
      13532.175
      13532.175
      13532.175
      13532.175
      13532.175
      13532.175
      13532.175
      13532.175
      13532.175
      13532.175
      13532.175
      13532.175
      13532.175
      13532.175
      13532.175
      13532.175
      13532.175
      13532.175
      13532.175
      13532.175
      13532.175
      13532.175
      13532.175
      13532.175
      13532.175
      13532.175
      13532.175
      13532.175
      13532.175
      13532.175
      13532.175
      13532.175
      13532.175
      13532.175
      13532.175
      13532.175
          0.000
          0.000
          0.000
          0.000
          0.000
          0.000
          0.000
          0.000
          0.000
          0.000
          0.000
          0.000
          0.000
          0.000
          0.000
          0.000
          0.000
          0.000
          0.000
          0.000
      13388.635
      13404.749
      13420.276
      13435.186
      13449.446
      13463.022
      13475.879
      13487.979
      13499.281
      13509.744
      13519.323
      13527.969
      13532.434
      13532.435
      13532.435
      13532.434
      13532.434
      13532.435
      13532.435
      13532.435
      13532.435
      13532.435
      13532.435
      13532.435
      13532.435
      13532.435
      13532.435
      13532.435
      13532.435
      13532.434
      13532.435
      13532.435
      13532.435
      13532.435
      13532.435
      13532.435
      13532.435
      13532.434
      13532.434
      13532.434
      13532.434
      13532.434
      13532.434
      13532.434
      13532.434
      13532.434
      13532.434
      13532.434
      13532.434
      13532.434
      13532.434
      13532.434
      13532.434
      13532.434
      13532.434
      13532.434
      13532.434
      13532.434
      13532.434
      13532.434
      13532.434
      13532.434
      13532.434
      13532.434
      13532.434
      13532.434
      13532.434
      13532.434
      13532.434
      13532.434
      13532.434
      13532.434
      13532.434
      13532.434
      13532.434
      13532.434
      13532.434
      13532.434
      13532.434
      13532.434
          0.000
          0.000
          0.000
          0.000
          0.000
          0.000
          0.000
          0.000
          0.000
          0.000
          0.000
          0.000
          0.000
          0.000
          0.000
          0.000
          0.000
          0.000
          0.000
          0.000
      13388.748
      13404.865
      13420.395
      13435.307
      13449.570
      13463.150
      13476.010
      13488.113
      13499.419
      13509.885
      13519.467
      13528.118
      13532.694
      13532.694
      13532.694
      13532.694
      13532.694
      13532.694
      13532.694
      13532.694
      13532.694
      13532.694
      13532.694
      13532.694
      13532.694
      13532.694
      13532.694
      13532.694
      13532.694
      13532.694
      13532.694
      13532.694
      13532.694
      13532.694
      13532.694
      13532.694
      13532.694
      13532.694
      13532.694
      13532.694
      13532.694
      13532.694
      13532.694
      13532.694
      13532.694
      13532.694
      13532.694
      13532.694
      13532.694
      13532.694
      13532.694
      13532.694
      13532.694
      13532.694
      13532.694
      13532.694
      13532.694
      13532.694
      13532.694
      13532.694
      13532.694
      13532.694
      13532.694
      13532.694
      13532.694
      13532.694
      13532.694
      13532.694
      13532.694
      13532.694
      13532.694
      13532.694
      13532.694
      13532.694
      13532.694
      13532.694
      13532.694
      13532.694
      13532.694
      13532.694
          0.000
          0.000
          0.000
          0.000
          0.000
          0.000
          0.000
          0.000
          0.000
          0.000
          0.000
          0.000
          0.000
          0.000
          0.000
          0.000
          0.000
          0.000
          0.000
          0.000
      13388.861
      13404.981
      13420.513
      13435.429
      13449.695
      13463.277
      13476.141
      13488.247
      13499.556
      13510.026
      13519.612
      13528.267
      13532.953
      13532.954
      13532.954
      13532.953
      13532.953
      13532.953
      13532.953
      13532.953
      13532.953
      13532.953
      13532.953
      13532.953
      13532.954
      13532.954
      13532.954
      13532.954
      13532.954
      13532.953
      13532.954
      13532.954
      13532.953
      13532.953
      13532.953
      13532.953
      13532.953
      13532.953
      13532.953
      13532.953
      13532.953
      13532.953
      13532.953
      13532.953
      13532.953
      13532.953
      13532.953
      13532.953
      13532.953
      13532.953
      13532.953
      13532.953
      13532.953
      13532.953
      13532.953
      13532.953
      13532.953
      13532.953
      13532.953
      13532.953
      13532.953
      13532.953
      13532.953
      13532.953
      13532.953
      13532.953
      13532.953
      13532.953
      13532.953
      13532.953
      13532.953
      13532.953
      13532.953
      13532.953
      13532.953
      13532.953
      13532.953
      13532.953
      13532.953
      13532.953
          0.000
          0.000
          0.000
          0.000
          0.000
          0.000
          0.000
          0.000
          0.000
          0.000
          0.000
          0.000
          0.000
          0.000
          0.000
          0.000
          0.000
          0.000
          0.000
          0.000
      13388.975
      13405.097
      13420.632
      13435.550
      13449.819
      13463.405
      13476.271
      13488.381
      13499.694
      13510.167
      13519.757
      13528.416
      13533.213
      13533.213
      13533.213
      13533.213
      13533.213
      13533.213
      13533.213
      13533.213
      13533.213
      13533.213
      13533.213
      13533.213
      13533.213
      13533.213
      13533.213
      13533.213
      13533.213
      13533.213
      13533.213
      13533.213
      13533.213
      13533.213
      13533.213
      13533.213
      13533.213
      13533.213
      13533.213
      13533.213
      13533.213
      13533.213
      13533.213
      13533.213
      13533.213
      13533.213
      13533.213
      13533.213
      13533.213
      13533.213
      13533.213
      13533.213
      13533.213
      13533.213
      13533.213
      13533.213
      13533.213
      13533.213
      13533.213
      13533.213
      13533.213
      13533.213
      13533.213
      13533.213
      13533.213
      13533.213
      13533.213
      13533.213
      13533.213
      13533.213
      13533.213
      13533.213
      13533.213
      13533.213
      13533.213
      13533.213
      13533.213
      13533.213
      13533.213
      13533.213
          0.000
          0.000
          0.000
          0.000
          0.000
          0.000
          0.000
          0.000
          0.000
          0.000
          0.000
          0.000
          0.000
          0.000
          0.000
          0.000
          0.000
          0.000
          0.000
          0.000
      13389.088
      13405.213
      13420.751
      13435.672
      13449.943
      13463.532
      13476.402
      13488.515
      13499.831
      13510.308
      13519.902
      13528.564
      13533.472
      13533.472
      13533.472
      13533.472
      13533.472
      13533.472
      13533.472
      13533.472
      13533.472
      13533.472
      13533.472
      13533.472
      13533.472
      13533.472
      13533.472
      13533.472
      13533.472
      13533.472
      13533.472
      13533.472
      13533.472
      13533.472
      13533.472
      13533.472
      13533.472
      13533.472
      13533.472
      13533.472
      13533.472
      13533.472
      13533.472
      13533.472
      13533.472
      13533.472
      13533.472
      13533.472
      13533.472
      13533.472
      13533.472
      13533.472
      13533.472
      13533.472
      13533.472
      13533.472
      13533.472
      13533.472
      13533.472
      13533.472
      13533.472
      13533.472
      13533.472
      13533.472
      13533.472
      13533.472
      13533.472
      13533.472
      13533.472
      13533.472
      13533.472
      13533.472
      13533.472
      13533.472
      13533.472
      13533.472
      13533.472
      13533.472
      13533.472
      13533.472
          0.000
          0.000
          0.000
          0.000
          0.000
          0.000
          0.000
          0.000
          0.000
          0.000
          0.000
          0.000
          0.000
          0.000
          0.000
          0.000
          0.000
          0.000
          0.000
          0.000
      13389.201
      13405.329
      13420.869
      13435.793
      13450.068
      13463.660
      13476.532
      13488.649
      13499.968
      13510.449
      13520.047
      13528.713
      13533.731
      13533.731
      13533.731
      13533.731
      13533.731
      13533.731
      13533.731
      13533.731
      13533.731
      13533.731
      13533.731
      13533.731
      13533.731
      13533.731
      13533.731
      13533.731
      13533.731
      13533.731
      13533.731
      13533.731
      13533.731
      13533.731
      13533.731
      13533.731
      13533.731
      13533.731
      13533.731
      13533.731
      13533.731
      13533.731
      13533.731
      13533.731
      13533.731
      13533.731
      13533.731
      13533.731
      13533.731
      13533.731
      13533.731
      13533.731
      13533.731
      13533.731
      13533.731
      13533.731
      13533.731
      13533.731
      13533.731
      13533.731
      13533.731
      13533.731
      13533.731
      13533.731
      13533.731
      13533.731
      13533.731
      13533.731
      13533.731
      13533.731
      13533.731
      13533.731
      13533.731
      13533.731
      13533.731
      13533.731
      13533.731
      13533.731
      13533.731
      13533.731
          0.000
          0.000
          0.000
          0.000
          0.000
          0.000
          0.000
          0.000
          0.000
          0.000
          0.000
          0.000
          0.000
          0.000
          0.000
          0.000
          0.000
          0.000
          0.000
          0.000
      13389.315
      13405.444
      13420.988
      13435.915
      13450.192
      13463.787
      13476.663
      13488.783
      13500.106
      13510.590
      13520.191
      13528.862
      13533.990
      13533.990
      13533.990
      13533.990
      13533.990
      13533.990
      13533.990
      13533.990
      13533.990
      13533.990
      13533.990
      13533.990
      13533.990
      13533.990
      13533.990
      13533.990
      13533.990
      13533.990
      13533.990
      13533.990
      13533.990
      13533.990
      13533.990
      13533.990
      13533.990
      13533.990
      13533.990
      13533.990
      13533.990
      13533.990
      13533.990
      13533.990
      13533.990
      13533.990
      13533.990
      13533.990
      13533.990
      13533.990
      13533.990
      13533.990
      13533.990
      13533.990
      13533.990
      13533.990
      13533.990
      13533.990
      13533.990
      13533.990
      13533.990
      13533.990
      13533.990
      13533.990
      13533.990
      13533.990
      13533.990
      13533.990
      13533.990
      13533.990
      13533.990
      13533.990
      13533.990
      13533.990
      13533.990
      13533.990
      13533.990
      13533.990
      13533.990
      13533.990
          0.000
          0.000
          0.000
          0.000
          0.000
          0.000
          0.000
          0.000
          0.000
          0.000
          0.000
          0.000
          0.000
          0.000
          0.000
          0.000
          0.000
          0.000
          0.000
          0.000
      13389.428
      13405.560
      13421.107
      13436.036
      13450.317
      13463.914
      13476.794
      13488.916
      13500.243
      13510.731
      13520.336
      13529.010
      13534.249
      13534.249
      13534.249
      13534.249
      13534.249
      13534.249
      13534.249
      13534.249
      13534.249
      13534.249
      13534.249
      13534.249
      13534.249
      13534.249
      13534.249
      13534.249
      13534.249
      13534.249
      13534.249
      13534.249
      13534.249
      13534.249
      13534.249
      13534.249
      13534.249
      13534.249
      13534.249
      13534.249
      13534.249
      13534.249
      13534.249
      13534.249
      13534.249
      13534.249
      13534.249
      13534.249
      13534.249
      13534.249
      13534.249
      13534.249
      13534.249
      13534.249
      13534.249
      13534.249
      13534.249
      13534.249
      13534.249
      13534.249
      13534.249
      13534.249
      13534.249
      13534.249
      13534.249
      13534.249
      13534.249
      13534.249
      13534.249
      13534.249
      13534.249
      13534.249
      13534.249
      13534.249
      13534.249
      13534.249
      13534.249
      13534.249
      13534.249
      13534.249
          0.000
          0.000
          0.000
          0.000
          0.000
          0.000
          0.000
          0.000
          0.000
          0.000
          0.000
          0.000
          0.000
          0.000
          0.000
          0.000
          0.000
          0.000
          0.000
          0.000
      13389.541
      13405.676
      13421.225
      13436.157
      13450.441
      13464.042
      13476.924
      13489.050
      13500.380
      13510.872
      13520.481
      13529.159
      13534.508
      13534.508
      13534.508
      13534.508
      13534.508
      13534.508
      13534.508
      13534.508
      13534.508
      13534.508
      13534.508
      13534.508
      13534.508
      13534.508
      13534.508
      13534.508
      13534.508
      13534.508
      13534.508
      13534.508
      13534.508
      13534.508
      13534.508
      13534.508
      13534.508
      13534.508
      13534.508
      13534.508
      13534.508
      13534.508
      13534.508
      13534.508
      13534.508
      13534.508
      13534.508
      13534.508
      13534.508
      13534.508
      13534.508
      13534.508
      13534.508
      13534.508
      13534.508
      13534.508
      13534.508
      13534.508
      13534.508
      13534.508
      13534.508
      13534.508
      13534.508
      13534.508
      13534.508
      13534.508
      13534.508
      13534.508
      13534.508
      13534.508
      13534.508
      13534.508
      13534.508
      13534.508
      13534.508
      13534.508
      13534.508
      13534.508
      13534.508
      13534.508
          0.000
          0.000
          0.000
          0.000
          0.000
          0.000
          0.000
          0.000
          0.000
          0.000
          0.000
          0.000
          0.000
          0.000
          0.000
          0.000
          0.000
          0.000
          0.000
          0.000
      13389.654
      13405.792
      13421.344
      13436.279
      13450.565
      13464.169
      13477.055
      13489.184
      13500.518
      13511.013
      13520.625
      13529.308
      13534.766
      13534.766
      13534.767
      13534.766
      13534.766
      13534.766
      13534.766
      13534.766
      13534.766
      13534.766
      13534.766
      13534.766
      13534.766
      13534.766
      13534.766
      13534.766
      13534.767
      13534.767
      13534.766
      13534.766
      13534.766
      13534.766
      13534.766
      13534.766
      13534.766
      13534.766
      13534.766
      13534.766
      13534.766
      13534.766
      13534.766
      13534.766
      13534.766
      13534.766
      13534.766
      13534.766
      13534.766
      13534.766
      13534.766
      13534.766
      13534.766
      13534.766
      13534.766
      13534.766
      13534.766
      13534.766
      13534.766
      13534.766
      13534.766
      13534.766
      13534.766
      13534.766
      13534.766
      13534.766
      13534.766
      13534.766
      13534.766
      13534.766
      13534.766
      13534.766
      13534.766
      13534.766
      13534.766
      13534.766
      13534.766
      13534.766
      13534.766
      13534.766
          0.000
          0.000
          0.000
          0.000
          0.000
          0.000
          0.000
          0.000
          0.000
          0.000
          0.000
          0.000
          0.000
          0.000
          0.000
          0.000
          0.000
          0.000
          0.000
          0.000
      13389.768
      13405.908
      13421.462
      13436.400
      13450.690
      13464.297
      13477.185
      13489.318
      13500.655
      13511.154
      13520.770
      13529.456
      13535.025
      13535.025
      13535.025
      13535.025
      13535.025
      13535.025
      13535.025
      13535.025
      13535.025
      13535.025
      13535.025
      13535.025
      13535.025
      13535.025
      13535.025
      13535.025
      13535.025
      13535.025
      13535.025
      13535.025
      13535.025
      13535.025
      13535.025
      13535.025
      13535.025
      13535.025
      13535.025
      13535.025
      13535.025
      13535.025
      13535.025
      13535.025
      13535.025
      13535.025
      13535.025
      13535.025
      13535.025
      13535.025
      13535.025
      13535.025
      13535.025
      13535.025
      13535.025
      13535.025
      13535.025
      13535.025
      13535.025
      13535.025
      13535.025
      13535.025
      13535.025
      13535.025
      13535.025
      13535.025
      13535.025
      13535.025
      13535.025
      13535.025
      13535.025
      13535.025
      13535.025
      13535.025
      13535.025
      13535.025
      13535.025
      13535.025
      13535.025
      13535.025
          0.000
          0.000
          0.000
          0.000
          0.000
          0.000
          0.000
          0.000
          0.000
          0.000
          0.000
          0.000
          0.000
          0.000
          0.000
          0.000
          0.000
          0.000
          0.000
          0.000
      13389.881
      13406.024
      13421.581
      13436.522
      13450.814
      13464.424
      13477.316
      13489.452
      13500.792
      13511.295
      13520.915
      13529.605
      13535.283
      13535.283
      13535.284
      13535.283
      13535.283
      13535.283
      13535.283
      13535.283
      13535.283
      13535.283
      13535.283
      13535.283
      13535.283
      13535.284
      13535.284
      13535.284
      13535.284
      13535.284
      13535.283
      13535.284
      13535.283
      13535.283
      13535.283
      13535.283
      13535.283
      13535.283
      13535.283
      13535.283
      13535.283
      13535.283
      13535.283
      13535.283
      13535.283
      13535.283
      13535.283
      13535.283
      13535.283
      13535.283
      13535.283
      13535.283
      13535.283
      13535.283
      13535.283
      13535.283
      13535.283
      13535.283
      13535.283
      13535.283
      13535.283
      13535.283
      13535.283
      13535.283
      13535.283
      13535.283
      13535.283
      13535.283
      13535.283
      13535.283
      13535.283
      13535.283
      13535.283
      13535.283
      13535.283
      13535.283
      13535.283
      13535.283
      13535.283
      13535.283
          0.000
          0.000
          0.000
          0.000
          0.000
          0.000
          0.000
          0.000
          0.000
          0.000
          0.000
          0.000
          0.000
          0.000
          0.000
          0.000
          0.000
          0.000
          0.000
          0.000
      13389.994
      13406.140
      13421.699
      13436.643
      13450.938
      13464.551
      13477.446
      13489.586
      13500.930
      13511.436
      13521.059
      13529.753
      13535.542
      13535.542
      13535.542
      13535.542
      13535.542
      13535.542
      13535.542
      13535.542
      13535.542
      13535.542
      13535.542
      13535.542
      13535.542
      13535.542
      13535.542
      13535.542
      13535.542
      13535.542
      13535.542
      13535.542
      13535.542
      13535.542
      13535.542
      13535.542
      13535.542
      13535.542
      13535.542
      13535.542
      13535.542
      13535.542
      13535.542
      13535.542
      13535.542
      13535.542
      13535.542
      13535.542
      13535.542
      13535.542
      13535.542
      13535.542
      13535.542
      13535.542
      13535.542
      13535.542
      13535.542
      13535.542
      13535.542
      13535.542
      13535.542
      13535.542
      13535.542
      13535.542
      13535.542
      13535.542
      13535.542
      13535.542
      13535.542
      13535.542
      13535.542
      13535.542
      13535.542
      13535.542
      13535.542
      13535.542
      13535.542
      13535.542
      13535.542
      13535.542
          0.000
          0.000
          0.000
          0.000
          0.000
          0.000
          0.000
          0.000
          0.000
          0.000
          0.000
          0.000
          0.000
          0.000
          0.000
          0.000
          0.000
          0.000
          0.000
          0.000
      13390.107
      13406.255
      13421.818
      13436.764
      13451.063
      13464.679
      13477.577
      13489.720
      13501.067
      13511.577
      13521.204
      13529.902
      13535.800
      13535.800
      13535.800
      13535.800
      13535.800
      13535.800
      13535.800
      13535.800
      13535.800
      13535.800
      13535.800
      13535.800
      13535.800
      13535.800
      13535.800
      13535.800
      13535.800
      13535.800
      13535.800
      13535.800
      13535.800
      13535.800
      13535.800
      13535.800
      13535.800
      13535.800
      13535.800
      13535.800
      13535.800
      13535.800
      13535.800
      13535.800
      13535.800
      13535.800
      13535.800
      13535.800
      13535.800
      13535.800
      13535.800
      13535.800
      13535.800
      13535.800
      13535.800
      13535.800
      13535.800
      13535.800
      13535.800
      13535.800
      13535.800
      13535.800
      13535.800
      13535.800
      13535.800
      13535.800
      13535.800
      13535.800
      13535.800
      13535.800
      13535.800
      13535.800
      13535.800
      13535.800
      13535.800
      13535.800
      13535.800
      13535.800
      13535.800
      13535.800
          0.000
          0.000
          0.000
          0.000
          0.000
          0.000
          0.000
          0.000
          0.000
          0.000
          0.000
          0.000
          0.000
          0.000
          0.000
          0.000
          0.000
          0.000
          0.000
          0.000
      13390.221
      13406.371
      13421.937
      13436.886
      13451.187
      13464.806
      13477.707
      13489.853
      13501.204
      13511.718
      13521.349
      13530.051
      13536.058
      13536.058
      13536.058
      13536.058
      13536.058
      13536.058
      13536.058
      13536.058
      13536.058
      13536.058
      13536.058
      13536.058
      13536.058
      13536.058
      13536.058
      13536.058
      13536.058
      13536.058
      13536.058
      13536.058
      13536.058
      13536.058
      13536.058
      13536.058
      13536.058
      13536.058
      13536.058
      13536.058
      13536.058
      13536.058
      13536.058
      13536.058
      13536.058
      13536.058
      13536.058
      13536.058
      13536.058
      13536.058
      13536.058
      13536.058
      13536.058
      13536.058
      13536.058
      13536.058
      13536.058
      13536.058
      13536.058
      13536.058
      13536.058
      13536.058
      13536.058
      13536.058
      13536.058
      13536.058
      13536.058
      13536.058
      13536.058
      13536.058
      13536.058
      13536.058
      13536.058
      13536.058
      13536.058
      13536.058
      13536.058
      13536.058
      13536.058
      13536.058
          0.000
          0.000
          0.000
          0.000
          0.000
          0.000
          0.000
          0.000
          0.000
          0.000
          0.000
          0.000
          0.000
          0.000
          0.000
          0.000
          0.000
          0.000
          0.000
          0.000
      13390.334
      13406.487
      13422.055
      13437.007
      13451.311
      13464.933
      13477.838
      13489.987
      13501.342
      13511.858
      13521.493
      13530.199
      13536.316
      13536.316
      13536.316
      13536.316
      13536.316
      13536.316
      13536.316
      13536.316
      13536.316
      13536.316
      13536.316
      13536.316
      13536.316
      13536.316
      13536.316
      13536.316
      13536.316
      13536.316
      13536.316
      13536.316
      13536.316
      13536.316
      13536.316
      13536.316
      13536.316
      13536.316
      13536.316
      13536.316
      13536.316
      13536.316
      13536.316
      13536.316
      13536.316
      13536.316
      13536.316
      13536.316
      13536.316
      13536.316
      13536.316
      13536.316
      13536.316
      13536.316
      13536.316
      13536.316
      13536.316
      13536.316
      13536.316
      13536.316
      13536.316
      13536.316
      13536.316
      13536.316
      13536.316
      13536.316
      13536.316
      13536.316
      13536.316
      13536.316
      13536.316
      13536.316
      13536.316
      13536.316
      13536.316
      13536.316
      13536.316
      13536.316
      13536.316
      13536.316
          0.000
          0.000
          0.000
          0.000
          0.000
          0.000
          0.000
          0.000
          0.000
          0.000
          0.000
          0.000
          0.000
          0.000
          0.000
          0.000
          0.000
          0.000
          0.000
          0.000
      13390.447
      13406.603
      13422.174
      13437.128
      13451.435
      13465.061
      13477.968
      13490.121
      13501.479
      13511.999
      13521.638
      13530.348
      13536.574
      13536.574
      13536.574
      13536.574
      13536.574
      13536.574
      13536.574
      13536.574
      13536.574
      13536.574
      13536.574
      13536.574
      13536.574
      13536.574
      13536.574
      13536.574
      13536.574
      13536.574
      13536.574
      13536.574
      13536.574
      13536.574
      13536.574
      13536.574
      13536.574
      13536.574
      13536.574
      13536.574
      13536.574
      13536.574
      13536.574
      13536.574
      13536.574
      13536.574
      13536.574
      13536.574
      13536.574
      13536.574
      13536.574
      13536.574
      13536.574
      13536.574
      13536.574
      13536.574
      13536.574
      13536.574
      13536.574
      13536.574
      13536.574
      13536.574
      13536.574
      13536.574
      13536.574
      13536.574
      13536.574
      13536.574
      13536.574
      13536.574
      13536.574
      13536.574
      13536.574
      13536.574
      13536.574
      13536.574
      13536.574
      13536.574
      13536.574
      13536.574
          0.000
          0.000
          0.000
          0.000
          0.000
          0.000
          0.000
          0.000
          0.000
          0.000
          0.000
          0.000
          0.000
          0.000
          0.000
          0.000
          0.000
          0.000
          0.000
          0.000
      13390.560
      13406.719
      13422.292
      13437.250
      13451.560
      13465.188
      13478.099
      13490.255
      13501.616
      13512.140
      13521.783
      13530.496
      13536.832
      13536.832
      13536.832
      13536.832
      13536.832
      13536.832
      13536.832
      13536.832
      13536.832
      13536.832
      13536.832
      13536.832
      13536.832
      13536.832
      13536.832
      13536.832
      13536.832
      13536.832
      13536.832
      13536.832
      13536.832
      13536.832
      13536.832
      13536.832
      13536.832
      13536.832
      13536.832
      13536.832
      13536.832
      13536.832
      13536.832
      13536.832
      13536.832
      13536.832
      13536.832
      13536.832
      13536.832
      13536.832
      13536.832
      13536.832
      13536.832
      13536.832
      13536.832
      13536.832
      13536.832
      13536.832
      13536.832
      13536.832
      13536.832
      13536.832
      13536.832
      13536.832
      13536.832
      13536.832
      13536.832
      13536.832
      13536.832
      13536.832
      13536.832
      13536.832
      13536.832
      13536.832
      13536.832
      13536.832
      13536.832
      13536.832
      13536.832
      13536.832
          0.000
          0.000
          0.000
          0.000
          0.000
          0.000
          0.000
          0.000
          0.000
          0.000
          0.000
          0.000
          0.000
          0.000
          0.000
          0.000
          0.000
          0.000
          0.000
          0.000
      13390.673
      13406.834
      13422.411
      13437.371
      13451.684
      13465.315
      13478.229
      13490.389
      13501.753
      13512.281
      13521.927
      13530.645
      13537.090
      13537.090
      13537.090
      13537.090
      13537.090
      13537.090
      13537.090
      13537.090
      13537.090
      13537.090
      13537.090
      13537.090
      13537.090
      13537.090
      13537.090
      13537.090
      13537.090
      13537.090
      13537.090
      13537.090
      13537.090
      13537.090
      13537.090
      13537.090
      13537.090
      13537.090
      13537.090
      13537.090
      13537.090
      13537.090
      13537.090
      13537.090
      13537.090
      13537.090
      13537.090
      13537.090
      13537.090
      13537.090
      13537.090
      13537.090
      13537.090
      13537.090
      13537.090
      13537.090
      13537.090
      13537.090
      13537.090
      13537.090
      13537.090
      13537.090
      13537.090
      13537.090
      13537.090
      13537.090
      13537.090
      13537.090
      13537.090
      13537.090
      13537.090
      13537.090
      13537.090
      13537.090
      13537.090
      13537.089
      13537.089
      13537.090
      13537.090
      13537.090
          0.000
          0.000
          0.000
          0.000
          0.000
          0.000
          0.000
          0.000
          0.000
          0.000
          0.000
          0.000
          0.000
          0.000
          0.000
          0.000
          0.000
          0.000
          0.000
          0.000
      13390.786
      13406.950
      13422.529
      13437.492
      13451.808
      13465.443
      13478.360
      13490.522
      13501.890
      13512.422
      13522.072
      13530.793
      13537.347
      13537.347
      13537.347
      13537.347
      13537.347
      13537.347
      13537.347
      13537.347
      13537.347
      13537.347
      13537.347
      13537.347
      13537.347
      13537.347
      13537.347
      13537.347
      13537.347
      13537.347
      13537.347
      13537.347
      13537.347
      13537.347
      13537.347
      13537.347
      13537.347
      13537.347
      13537.347
      13537.347
      13537.347
      13537.347
      13537.347
      13537.347
      13537.347
      13537.347
      13537.347
      13537.347
      13537.347
      13537.347
      13537.347
      13537.347
      13537.347
      13537.347
      13537.347
      13537.347
      13537.347
      13537.347
      13537.347
      13537.347
      13537.347
      13537.347
      13537.347
      13537.347
      13537.347
      13537.347
      13537.347
      13537.347
      13537.347
      13537.347
      13537.347
      13537.347
      13537.347
      13537.347
      13537.347
      13537.347
      13537.347
      13537.347
      13537.347
      13537.347
          0.000
          0.000
          0.000
          0.000
          0.000
          0.000
          0.000
          0.000
          0.000
          0.000
          0.000
          0.000
          0.000
          0.000
          0.000
          0.000
          0.000
          0.000
          0.000
          0.000
      13390.900
      13407.066
      13422.648
      13437.614
      13451.932
      13465.570
      13478.490
      13490.656
      13502.028
      13512.563
      13522.216
      13530.942
      13537.605
      13537.605
      13537.605
      13537.605
      13537.605
      13537.605
      13537.605
      13537.605
      13537.605
      13537.605
      13537.605
      13537.605
      13537.605
      13537.605
      13537.605
      13537.605
      13537.605
      13537.605
      13537.605
      13537.605
      13537.605
      13537.605
      13537.605
      13537.605
      13537.605
      13537.605
      13537.605
      13537.605
      13537.605
      13537.605
      13537.605
      13537.605
      13537.605
      13537.605
      13537.605
      13537.605
      13537.605
      13537.605
      13537.605
      13537.605
      13537.605
      13537.605
      13537.605
      13537.605
      13537.605
      13537.605
      13537.605
      13537.605
      13537.605
      13537.605
      13537.605
      13537.605
      13537.605
      13537.605
      13537.605
      13537.605
      13537.605
      13537.605
      13537.605
      13537.605
      13537.605
      13537.605
      13537.605
      13537.605
      13537.605
      13537.605
      13537.605
      13537.605
          0.000
          0.000
          0.000
          0.000
          0.000
          0.000
          0.000
          0.000
          0.000
          0.000
          0.000
          0.000
          0.000
          0.000
          0.000
          0.000
          0.000
          0.000
          0.000
          0.000
      13391.013
      13407.182
      13422.766
      13437.735
      13452.057
      13465.697
      13478.621
      13490.790
      13502.165
      13512.703
      13522.361
      13531.090
      13537.862
      13537.862
      13537.862
      13537.862
      13537.862
      13537.862
      13537.862
      13537.862
      13537.862
      13537.862
      13537.862
      13537.862
      13537.862
      13537.862
      13537.862
      13537.862
      13537.862
      13537.862
      13537.862
      13537.862
      13537.862
      13537.862
      13537.862
      13537.862
      13537.862
      13537.862
      13537.862
      13537.862
      13537.862
      13537.862
      13537.862
      13537.862
      13537.862
      13537.862
      13537.862
      13537.862
      13537.862
      13537.862
      13537.862
      13537.862
      13537.862
      13537.862
      13537.862
      13537.862
      13537.862
      13537.862
      13537.862
      13537.862
      13537.862
      13537.862
      13537.862
      13537.862
      13537.862
      13537.862
      13537.862
      13537.862
      13537.862
      13537.862
      13537.862
      13537.862
      13537.862
      13537.862
      13537.862
      13537.862
      13537.862
      13537.862
      13537.862
      13537.862
          0.000
          0.000
          0.000
          0.000
          0.000
          0.000
          0.000
          0.000
          0.000
          0.000
          0.000
          0.000
          0.000
          0.000
          0.000
          0.000
          0.000
          0.000
          0.000
          0.000
      13391.126
      13407.298
      13422.884
      13437.856
      13452.181
      13465.824
      13478.751
      13490.924
      13502.302
      13512.844
      13522.505
      13531.239
      13538.119
      13538.119
      13538.119
      13538.119
      13538.119
      13538.119
      13538.119
      13538.119
      13538.119
      13538.119
      13538.119
      13538.119
      13538.119
      13538.119
      13538.119
      13538.119
      13538.119
      13538.119
      13538.119
      13538.119
      13538.119
      13538.119
      13538.119
      13538.119
      13538.119
      13538.119
      13538.119
      13538.119
      13538.119
      13538.119
      13538.119
      13538.119
      13538.119
      13538.119
      13538.119
      13538.119
      13538.119
      13538.119
      13538.119
      13538.119
      13538.119
      13538.119
      13538.119
      13538.119
      13538.119
      13538.119
      13538.119
      13538.119
      13538.119
      13538.119
      13538.119
      13538.119
      13538.119
      13538.119
      13538.119
      13538.119
      13538.119
      13538.119
      13538.119
      13538.119
      13538.119
      13538.119
      13538.119
      13538.119
      13538.119
      13538.119
      13538.119
      13538.119
          0.000
          0.000
          0.000
          0.000
          0.000
          0.000
          0.000
          0.000
          0.000
          0.000
          0.000
          0.000
          0.000
          0.000
          0.000
          0.000
          0.000
          0.000
          0.000
          0.000
      13391.239
      13407.413
      13423.003
      13437.977
      13452.305
      13465.952
      13478.882
      13491.057
      13502.439
      13512.985
      13522.650
      13531.387
      13538.377
      13538.377
      13538.377
      13538.376
      13538.376
      13538.376
      13538.376
      13538.376
      13538.377
      13538.377
      13538.377
      13538.377
      13538.377
      13538.377
      13538.377
      13538.377
      13538.377
      13538.377
      13538.377
      13538.376
      13538.377
      13538.377
      13538.377
      13538.376
      13538.376
      13538.376
      13538.376
      13538.376
      13538.376
      13538.376
      13538.376
      13538.376
      13538.376
      13538.376
      13538.376
      13538.376
      13538.376
      13538.376
      13538.376
      13538.376
      13538.376
      13538.376
      13538.376
      13538.376
      13538.376
      13538.376
      13538.376
      13538.376
      13538.376
      13538.376
      13538.376
      13538.376
      13538.376
      13538.376
      13538.376
      13538.376
      13538.376
      13538.376
      13538.376
      13538.376
      13538.376
      13538.376
      13538.376
      13538.376
      13538.376
      13538.376
      13538.376
      13538.376
          0.000
          0.000
          0.000
          0.000
          0.000
          0.000
          0.000
          0.000
          0.000
          0.000
          0.000
          0.000
          0.000
          0.000
          0.000
          0.000
          0.000
          0.000
          0.000
          0.000
      13391.352
      13407.529
      13423.121
      13438.099
      13452.429
      13466.079
      13479.012
      13491.191
      13502.576
      13513.126
      13522.794
      13531.535
      13538.634
      13538.634
      13538.634
      13538.634
      13538.634
      13538.634
      13538.634
      13538.634
      13538.634
      13538.634
      13538.634
      13538.634
      13538.634
      13538.634
      13538.634
      13538.634
      13538.634
      13538.634
      13538.634
      13538.634
      13538.634
      13538.634
      13538.634
      13538.634
      13538.634
      13538.634
      13538.634
      13538.634
      13538.634
      13538.634
      13538.634
      13538.634
      13538.634
      13538.633
      13538.633
      13538.633
      13538.633
      13538.633
      13538.633
      13538.633
      13538.633
      13538.633
      13538.633
      13538.633
      13538.633
      13538.633
      13538.633
      13538.633
      13538.633
      13538.633
      13538.633
      13538.633
      13538.633
      13538.633
      13538.633
      13538.633
      13538.633
      13538.633
      13538.633
      13538.633
      13538.633
      13538.633
      13538.633
      13538.633
      13538.633
      13538.633
      13538.633
      13538.633
          0.000
          0.000
          0.000
          0.000
          0.000
          0.000
          0.000
          0.000
          0.000
          0.000
          0.000
          0.000
          0.000
          0.000
          0.000
          0.000
          0.000
          0.000
          0.000
          0.000
      13391.465
      13407.645
      13423.240
      13438.220
      13452.553
      13466.206
      13479.142
      13491.325
      13502.713
      13513.266
      13522.939
      13531.684
      13538.890
      13538.890
      13538.891
      13538.890
      13538.890
      13538.890
      13538.890
      13538.890
      13538.890
      13538.890
      13538.890
      13538.891
      13538.891
      13538.891
      13538.891
      13538.891
      13538.891
      13538.891
      13538.891
      13538.890
      13538.891
      13538.891
      13538.890
      13538.890
      13538.890
      13538.890
      13538.890
      13538.890
      13538.890
      13538.890
      13538.890
      13538.890
      13538.890
      13538.890
      13538.890
      13538.890
      13538.890
      13538.890
      13538.890
      13538.890
      13538.890
      13538.890
      13538.890
      13538.890
      13538.890
      13538.890
      13538.890
      13538.890
      13538.890
      13538.890
      13538.890
      13538.890
      13538.890
      13538.890
      13538.890
      13538.890
      13538.890
      13538.890
      13538.890
      13538.890
      13538.890
      13538.890
      13538.890
      13538.890
      13538.890
      13538.890
      13538.890
      13538.890
          0.000
          0.000
          0.000
          0.000
          0.000
          0.000
          0.000
          0.000
          0.000
          0.000
          0.000
          0.000
          0.000
          0.000
          0.000
          0.000
          0.000
          0.000
          0.000
          0.000
      13391.578
      13407.760
      13423.358
      13438.341
      13452.677
      13466.333
      13479.273
      13491.458
      13502.851
      13513.407
      13523.083
      13531.832
      13539.147
      13539.147
      13539.147
      13539.147
      13539.147
      13539.147
      13539.147
      13539.147
      13539.147
      13539.147
      13539.147
      13539.147
      13539.147
      13539.147
      13539.147
      13539.147
      13539.147
      13539.147
      13539.147
      13539.147
      13539.147
      13539.147
      13539.147
      13539.147
      13539.147
      13539.147
      13539.147
      13539.147
      13539.147
      13539.147
      13539.147
      13539.147
      13539.147
      13539.147
      13539.147
      13539.147
      13539.147
      13539.147
      13539.147
      13539.147
      13539.147
      13539.147
      13539.147
      13539.147
      13539.147
      13539.147
      13539.147
      13539.147
      13539.147
      13539.147
      13539.147
      13539.147
      13539.147
      13539.147
      13539.147
      13539.147
      13539.147
      13539.147
      13539.147
      13539.147
      13539.147
      13539.147
      13539.147
      13539.147
      13539.147
      13539.147
      13539.147
      13539.147
          0.000
          0.000
          0.000
          0.000
          0.000
          0.000
          0.000
          0.000
          0.000
          0.000
          0.000
          0.000
          0.000
          0.000
          0.000
          0.000
          0.000
          0.000
          0.000
          0.000
      13391.691
      13407.876
      13423.477
      13438.462
      13452.802
      13466.460
      13479.403
      13491.592
      13502.988
      13513.548
      13523.228
      13531.981
      13539.404
      13539.404
      13539.404
      13539.404
      13539.404
      13539.404
      13539.404
      13539.404
      13539.404
      13539.404
      13539.404
      13539.404
      13539.404
      13539.404
      13539.404
      13539.404
      13539.404
      13539.404
      13539.404
      13539.404
      13539.404
      13539.404
      13539.404
      13539.404
      13539.404
      13539.404
      13539.404
      13539.404
      13539.404
      13539.404
      13539.404
      13539.404
      13539.404
      13539.404
      13539.404
      13539.404
      13539.404
      13539.404
      13539.404
      13539.404
      13539.404
      13539.404
      13539.404
      13539.404
      13539.404
      13539.404
      13539.404
      13539.404
      13539.404
      13539.404
      13539.404
      13539.404
      13539.404
      13539.404
      13539.404
      13539.404
      13539.404
      13539.404
      13539.404
      13539.404
      13539.404
      13539.404
      13539.404
      13539.404
      13539.404
      13539.404
      13539.404
      13539.404
          0.000
          0.000
          0.000
          0.000
          0.000
          0.000
          0.000
          0.000
          0.000
          0.000
          0.000
          0.000
          0.000
          0.000
          0.000
          0.000
          0.000
          0.000
          0.000
          0.000
      13391.805
      13407.992
      13423.595
      13438.584
      13452.926
      13466.588
      13479.533
      13491.726
      13503.125
      13513.688
      13523.372
      13532.129
      13539.661
      13539.661
      13539.661
      13539.661
      13539.661
      13539.661
      13539.661
      13539.661
      13539.661
      13539.661
      13539.661
      13539.661
      13539.661
      13539.661
      13539.661
      13539.661
      13539.661
      13539.661
      13539.661
      13539.661
      13539.661
      13539.661
      13539.661
      13539.661
      13539.661
      13539.661
      13539.661
      13539.661
      13539.661
      13539.661
      13539.661
      13539.661
      13539.661
      13539.661
      13539.661
      13539.661
      13539.661
      13539.661
      13539.661
      13539.661
      13539.661
      13539.661
      13539.661
      13539.661
      13539.661
      13539.661
      13539.661
      13539.661
      13539.661
      13539.661
      13539.661
      13539.661
      13539.661
      13539.661
      13539.661
      13539.661
      13539.661
      13539.661
      13539.661
      13539.661
      13539.661
      13539.661
      13539.661
      13539.660
      13539.660
      13539.661
      13539.661
      13539.661
          0.000
          0.000
          0.000
          0.000
          0.000
          0.000
          0.000
          0.000
          0.000
          0.000
          0.000
          0.000
          0.000
          0.000
          0.000
          0.000
          0.000
          0.000
          0.000
          0.000
      13391.918
      13408.107
      13423.713
      13438.705
      13453.050
      13466.715
      13479.664
      13491.859
      13503.262
      13513.829
      13523.517
      13532.277
      13539.917
      13539.917
      13539.917
      13539.917
      13539.917
      13539.917
      13539.917
      13539.917
      13539.917
      13539.917
      13539.917
      13539.917
      13539.917
      13539.917
      13539.917
      13539.917
      13539.917
      13539.917
      13539.917
      13539.917
      13539.917
      13539.917
      13539.917
      13539.917
      13539.917
      13539.917
      13539.917
      13539.917
      13539.917
      13539.917
      13539.917
      13539.917
      13539.917
      13539.917
      13539.917
      13539.917
      13539.917
      13539.917
      13539.917
      13539.917
      13539.917
      13539.917
      13539.917
      13539.917
      13539.917
      13539.917
      13539.917
      13539.917
      13539.917
      13539.917
      13539.917
      13539.917
      13539.917
      13539.917
      13539.917
      13539.917
      13539.917
      13539.917
      13539.917
      13539.917
      13539.917
      13539.917
      13539.917
      13539.917
      13539.917
      13539.917
      13539.917
      13539.917
          0.000
          0.000
          0.000
          0.000
          0.000
          0.000
          0.000
          0.000
          0.000
          0.000
          0.000
          0.000
          0.000
          0.000
          0.000
          0.000
          0.000
          0.000
          0.000
          0.000
      13392.031
      13408.223
      13423.832
      13438.826
      13453.174
      13466.842
      13479.794
      13491.993
      13503.399
      13513.970
      13523.661
      13532.426
      13540.174
      13540.174
      13540.174
      13540.174
      13540.174
      13540.174
      13540.174
      13540.174
      13540.174
      13540.174
      13540.174
      13540.174
      13540.174
      13540.174
      13540.174
      13540.174
      13540.174
      13540.174
      13540.174
      13540.174
      13540.174
      13540.174
      13540.174
      13540.174
      13540.174
      13540.174
      13540.174
      13540.174
      13540.174
      13540.174
      13540.174
      13540.173
      13540.173
      13540.173
      13540.173
      13540.173
      13540.173
      13540.173
      13540.173
      13540.173
      13540.173
      13540.173
      13540.173
      13540.173
      13540.173
      13540.173
      13540.173
      13540.173
      13540.173
      13540.173
      13540.173
      13540.173
      13540.173
      13540.173
      13540.173
      13540.173
      13540.173
      13540.173
      13540.173
      13540.173
      13540.173
      13540.173
      13540.173
      13540.173
      13540.173
      13540.173
      13540.173
      13540.173
          0.000
          0.000
          0.000
          0.000
          0.000
          0.000
          0.000
          0.000
          0.000
          0.000
          0.000
          0.000
          0.000
          0.000
          0.000
          0.000
          0.000
          0.000
          0.000
          0.000
      13392.144
      13408.339
      13423.950
      13438.947
      13453.298
      13466.969
      13479.924
      13492.127
      13503.536
      13514.110
      13523.805
      13532.574
      13540.366
      13540.430
      13540.430
      13540.430
      13540.430
      13540.430
      13540.430
      13540.430
      13540.430
      13540.430
      13540.430
      13540.430
      13540.430
      13540.430
      13540.430
      13540.430
      13540.430
      13540.430
      13540.430
      13540.430
      13540.430
      13540.430
      13540.430
      13540.430
      13540.430
      13540.430
      13540.430
      13540.430
      13540.430
      13540.430
      13540.430
      13540.430
      13540.430
      13540.430
      13540.430
      13540.430
      13540.430
      13540.430
      13540.430
      13540.430
      13540.430
      13540.430
      13540.430
      13540.430
      13540.430
      13540.430
      13540.430
      13540.430
      13540.430
      13540.430
      13540.430
      13540.430
      13540.430
      13540.430
      13540.430
      13540.430
      13540.430
      13540.430
      13540.430
      13540.430
      13540.430
      13540.430
      13540.430
      13540.430
      13540.430
      13540.430
      13540.430
      13540.430
          0.000
          0.000
          0.000
          0.000
          0.000
          0.000
          0.000
          0.000
          0.000
          0.000
          0.000
          0.000
          0.000
          0.000
          0.000
          0.000
          0.000
          0.000
          0.000
          0.000
      13392.257
      13408.454
      13424.068
      13439.068
      13453.422
      13467.096
      13480.055
      13492.260
      13503.673
      13514.251
      13523.950
      13532.722
      13540.518
      13540.686
      13540.686
      13540.686
      13540.686
      13540.686
      13540.686
      13540.686
      13540.686
      13540.686
      13540.686
      13540.686
      13540.686
      13540.686
      13540.686
      13540.686
      13540.686
      13540.686
      13540.686
      13540.686
      13540.686
      13540.686
      13540.686
      13540.686
      13540.686
      13540.686
      13540.686
      13540.686
      13540.686
      13540.686
      13540.686
      13540.686
      13540.686
      13540.686
      13540.686
      13540.686
      13540.686
      13540.686
      13540.686
      13540.686
      13540.686
      13540.686
      13540.686
      13540.686
      13540.686
      13540.686
      13540.686
      13540.686
      13540.686
      13540.686
      13540.686
      13540.686
      13540.686
      13540.686
      13540.686
      13540.686
      13540.686
      13540.686
      13540.686
      13540.686
      13540.686
      13540.686
      13540.686
      13540.686
      13540.686
      13540.686
      13540.686
      13540.686
          0.000
          0.000
          0.000
          0.000
          0.000
          0.000
          0.000
          0.000
          0.000
          0.000
          0.000
          0.000
          0.000
          0.000
          0.000
          0.000
          0.000
          0.000
          0.000
          0.000
      13392.370
      13408.570
      13424.187
      13439.190
      13453.546
      13467.223
      13480.185
      13492.394
      13503.810
      13514.392
      13524.094
      13532.870
      13540.671
      13540.942
      13540.942
      13540.942
      13540.942
      13540.942
      13540.942
      13540.942
      13540.942
      13540.942
      13540.942
      13540.942
      13540.942
      13540.942
      13540.942
      13540.942
      13540.942
      13540.942
      13540.942
      13540.942
      13540.942
      13540.942
      13540.942
      13540.942
      13540.942
      13540.942
      13540.942
      13540.942
      13540.942
      13540.942
      13540.942
      13540.942
      13540.942
      13540.942
      13540.942
      13540.942
      13540.942
      13540.942
      13540.942
      13540.942
      13540.942
      13540.942
      13540.942
      13540.942
      13540.942
      13540.942
      13540.942
      13540.942
      13540.942
      13540.942
      13540.942
      13540.942
      13540.942
      13540.942
      13540.942
      13540.942
      13540.942
      13540.942
      13540.942
      13540.942
      13540.942
      13540.942
      13540.942
      13540.942
      13540.942
      13540.942
      13540.942
      13540.942
          0.000
          0.000
          0.000
          0.000
          0.000
          0.000
          0.000
          0.000
          0.000
          0.000
          0.000
          0.000
          0.000
          0.000
          0.000
          0.000
          0.000
          0.000
          0.000
          0.000
      13392.483
      13408.686
      13424.305
      13439.311
      13453.670
      13467.350
      13480.315
      13492.527
      13503.947
      13514.532
      13524.238
      13533.019
      13540.823
      13541.198
      13541.198
      13541.198
      13541.198
      13541.198
      13541.198
      13541.198
      13541.198
      13541.198
      13541.198
      13541.198
      13541.198
      13541.198
      13541.198
      13541.198
      13541.198
      13541.198
      13541.198
      13541.198
      13541.198
      13541.198
      13541.198
      13541.198
      13541.198
      13541.198
      13541.198
      13541.198
      13541.198
      13541.198
      13541.198
      13541.198
      13541.198
      13541.198
      13541.198
      13541.198
      13541.198
      13541.198
      13541.198
      13541.198
      13541.198
      13541.198
      13541.198
      13541.198
      13541.198
      13541.198
      13541.198
      13541.198
      13541.198
      13541.198
      13541.198
      13541.198
      13541.198
      13541.198
      13541.198
      13541.198
      13541.198
      13541.198
      13541.198
      13541.198
      13541.198
      13541.198
      13541.198
      13541.198
      13541.198
      13541.198
      13541.198
      13541.198
          0.000
          0.000
          0.000
          0.000
          0.000
          0.000
          0.000
          0.000
          0.000
          0.000
          0.000
          0.000
          0.000
          0.000
          0.000
          0.000
          0.000
          0.000
          0.000
          0.000
      13392.596
      13408.801
      13424.423
      13439.432
      13453.794
      13467.478
      13480.446
      13492.661
      13504.084
      13514.673
      13524.383
      13533.167
      13540.975
      13541.454
      13541.454
      13541.454
      13541.454
      13541.454
      13541.454
      13541.454
      13541.454
      13541.454
      13541.454
      13541.454
      13541.454
      13541.454
      13541.454
      13541.454
      13541.454
      13541.454
      13541.454
      13541.454
      13541.454
      13541.454
      13541.454
      13541.454
      13541.454
      13541.454
      13541.454
      13541.454
      13541.454
      13541.454
      13541.454
      13541.454
      13541.454
      13541.454
      13541.454
      13541.454
      13541.454
      13541.454
      13541.454
      13541.454
      13541.454
      13541.454
      13541.454
      13541.454
      13541.454
      13541.454
      13541.454
      13541.454
      13541.454
      13541.454
      13541.454
      13541.454
      13541.454
      13541.454
      13541.454
      13541.454
      13541.454
      13541.454
      13541.454
      13541.454
      13541.454
      13541.454
      13541.454
      13541.454
      13541.454
      13541.454
      13541.454
      13541.454
          0.000
          0.000
          0.000
          0.000
          0.000
          0.000
          0.000
          0.000
          0.000
          0.000
          0.000
          0.000
          0.000
          0.000
          0.000
          0.000
          0.000
          0.000
          0.000
          0.000
      13392.709
      13408.917
      13424.542
      13439.553
      13453.918
      13467.605
      13480.576
      13492.795
      13504.221
      13514.813
      13524.527
      13533.315
      13541.128
      13541.710
      13541.710
      13541.710
      13541.710
      13541.710
      13541.710
      13541.710
      13541.710
      13541.710
      13541.710
      13541.710
      13541.710
      13541.710
      13541.710
      13541.710
      13541.710
      13541.710
      13541.710
      13541.710
      13541.710
      13541.710
      13541.710
      13541.710
      13541.710
      13541.710
      13541.710
      13541.710
      13541.710
      13541.710
      13541.710
      13541.710
      13541.710
      13541.710
      13541.710
      13541.710
      13541.710
      13541.710
      13541.710
      13541.710
      13541.710
      13541.710
      13541.710
      13541.710
      13541.710
      13541.710
      13541.710
      13541.710
      13541.710
      13541.710
      13541.710
      13541.710
      13541.710
      13541.710
      13541.710
      13541.710
      13541.710
      13541.710
      13541.710
      13541.710
      13541.710
      13541.710
      13541.710
      13541.710
      13541.709
      13541.709
      13541.710
      13541.710
          0.000
          0.000
          0.000
          0.000
          0.000
          0.000
          0.000
          0.000
          0.000
          0.000
          0.000
          0.000
          0.000
          0.000
          0.000
          0.000
          0.000
          0.000
          0.000
          0.000
      13392.822
      13409.033
      13424.660
      13439.674
      13454.042
      13467.732
      13480.706
      13492.928
      13504.358
      13514.954
      13524.671
      13533.463
      13541.280
      13541.965
      13541.965
      13541.965
      13541.965
      13541.965
      13541.965
      13541.965
      13541.965
      13541.965
      13541.965
      13541.965
      13541.965
      13541.965
      13541.965
      13541.965
      13541.965
      13541.965
      13541.965
      13541.965
      13541.965
      13541.965
      13541.965
      13541.965
      13541.965
      13541.965
      13541.965
      13541.965
      13541.965
      13541.965
      13541.965
      13541.965
      13541.965
      13541.965
      13541.965
      13541.965
      13541.965
      13541.965
      13541.965
      13541.965
      13541.965
      13541.965
      13541.965
      13541.965
      13541.965
      13541.965
      13541.965
      13541.965
      13541.965
      13541.965
      13541.965
      13541.965
      13541.965
      13541.965
      13541.965
      13541.965
      13541.965
      13541.965
      13541.965
      13541.965
      13541.965
      13541.965
      13541.965
      13541.965
      13541.965
      13541.965
      13541.965
      13541.965
          0.000
          0.000
          0.000
          0.000
          0.000
          0.000
          0.000
          0.000
          0.000
          0.000
          0.000
          0.000
          0.000
          0.000
          0.000
          0.000
          0.000
          0.000
          0.000
          0.000
      13392.935
      13409.148
      13424.778
      13439.795
      13454.167
      13467.859
      13480.836
      13493.062
      13504.495
      13515.094
      13524.816
      13533.612
      13541.432
      13542.221
      13542.221
      13542.221
      13542.221
      13542.221
      13542.221
      13542.221
      13542.221
      13542.221
      13542.221
      13542.221
      13542.221
      13542.221
      13542.221
      13542.221
      13542.221
      13542.221
      13542.221
      13542.221
      13542.221
      13542.221
      13542.221
      13542.221
      13542.221
      13542.221
      13542.221
      13542.221
      13542.221
      13542.221
      13542.221
      13542.221
      13542.221
      13542.221
      13542.221
      13542.221
      13542.221
      13542.221
      13542.221
      13542.221
      13542.221
      13542.221
      13542.221
      13542.221
      13542.221
      13542.221
      13542.221
      13542.221
      13542.221
      13542.221
      13542.221
      13542.221
      13542.221
      13542.221
      13542.221
      13542.221
      13542.221
      13542.221
      13542.221
      13542.221
      13542.221
      13542.221
      13542.221
      13542.221
      13542.221
      13542.221
      13542.221
      13542.221
          0.000
          0.000
          0.000
          0.000
          0.000
          0.000
          0.000
          0.000
          0.000
          0.000
          0.000
          0.000
          0.000
          0.000
          0.000
          0.000
          0.000
          0.000
          0.000
          0.000
      13393.048
      13409.264
      13424.897
      13439.916
      13454.291
      13467.986
      13480.966
      13493.195
      13504.632
      13515.235
      13524.960
      13533.760
      13541.585
      13542.476
      13542.476
      13542.476
      13542.476
      13542.476
      13542.476
      13542.476
      13542.476
      13542.476
      13542.476
      13542.476
      13542.476
      13542.476
      13542.476
      13542.476
      13542.476
      13542.476
      13542.476
      13542.476
      13542.476
      13542.476
      13542.476
      13542.476
      13542.476
      13542.476
      13542.476
      13542.476
      13542.476
      13542.476
      13542.476
      13542.476
      13542.476
      13542.476
      13542.476
      13542.476
      13542.476
      13542.476
      13542.476
      13542.476
      13542.476
      13542.476
      13542.476
      13542.476
      13542.476
      13542.476
      13542.476
      13542.476
      13542.476
      13542.476
      13542.476
      13542.476
      13542.476
      13542.476
      13542.476
      13542.476
      13542.476
      13542.476
      13542.476
      13542.476
      13542.476
      13542.476
      13542.476
      13542.476
      13542.476
      13542.476
      13542.476
      13542.476
          0.000
          0.000
          0.000
          0.000
          0.000
          0.000
          0.000
          0.000
          0.000
          0.000
          0.000
          0.000
          0.000
          0.000
          0.000
          0.000
          0.000
          0.000
          0.000
          0.000
      13393.161
      13409.379
      13425.015
      13440.037
      13454.415
      13468.113
      13481.097
      13493.329
      13504.769
      13515.376
      13525.104
      13533.908
      13541.737
      13542.731
      13542.732
      13542.731
      13542.731
      13542.731
      13542.731
      13542.731
      13542.731
      13542.731
      13542.731
      13542.731
      13542.732
      13542.732
      13542.732
      13542.732
      13542.732
      13542.732
      13542.732
      13542.731
      13542.731
      13542.732
      13542.731
      13542.731
      13542.731
      13542.731
      13542.731
      13542.731
      13542.731
      13542.731
      13542.731
      13542.731
      13542.731
      13542.731
      13542.731
      13542.731
      13542.731
      13542.731
      13542.731
      13542.731
      13542.731
      13542.731
      13542.731
      13542.731
      13542.731
      13542.731
      13542.731
      13542.731
      13542.731
      13542.731
      13542.731
      13542.731
      13542.731
      13542.731
      13542.731
      13542.731
      13542.731
      13542.731
      13542.731
      13542.731
      13542.731
      13542.731
      13542.731
      13542.731
      13542.731
      13542.731
      13542.731
      13542.731
          0.000
          0.000
          0.000
          0.000
          0.000
          0.000
          0.000
          0.000
          0.000
          0.000
          0.000
          0.000
          0.000
          0.000
          0.000
          0.000
          0.000
          0.000
          0.000
          0.000
      13393.274
      13409.495
      13425.133
      13440.158
      13454.539
      13468.240
      13481.227
      13493.462
      13504.906
      13515.516
      13525.249
      13534.056
      13541.889
      13542.987
      13542.987
      13542.987
      13542.987
      13542.987
      13542.987
      13542.987
      13542.987
      13542.987
      13542.987
      13542.987
      13542.987
      13542.987
      13542.987
      13542.987
      13542.987
      13542.987
      13542.987
      13542.987
      13542.987
      13542.987
      13542.987
      13542.987
      13542.987
      13542.987
      13542.987
      13542.987
      13542.987
      13542.987
      13542.987
      13542.987
      13542.987
      13542.987
      13542.987
      13542.987
      13542.987
      13542.987
      13542.987
      13542.987
      13542.987
      13542.987
      13542.987
      13542.987
      13542.987
      13542.987
      13542.987
      13542.987
      13542.987
      13542.987
      13542.987
      13542.987
      13542.987
      13542.987
      13542.987
      13542.987
      13542.987
      13542.987
      13542.987
      13542.987
      13542.987
      13542.987
      13542.987
      13542.987
      13542.986
      13542.987
      13542.987
      13542.987
          0.000
          0.000
          0.000
          0.000
          0.000
          0.000
          0.000
          0.000
          0.000
          0.000
          0.000
          0.000
          0.000
          0.000
          0.000
          0.000
          0.000
          0.000
          0.000
          0.000
      13393.387
      13409.610
      13425.252
      13440.280
      13454.663
      13468.367
      13481.357
      13493.596
      13505.043
      13515.657
      13525.393
      13534.204
      13542.041
      13543.242
      13543.242
      13543.242
      13543.242
      13543.242
      13543.242
      13543.242
      13543.242
      13543.242
      13543.242
      13543.242
      13543.242
      13543.242
      13543.242
      13543.242
      13543.242
      13543.242
      13543.242
      13543.242
      13543.242
      13543.242
      13543.242
      13543.242
      13543.242
      13543.242
      13543.242
      13543.242
      13543.242
      13543.242
      13543.242
      13543.242
      13543.242
      13543.242
      13543.242
      13543.242
      13543.242
      13543.242
      13543.242
      13543.242
      13543.242
      13543.242
      13543.242
      13543.242
      13543.242
      13543.242
      13543.242
      13543.242
      13543.242
      13543.242
      13543.242
      13543.242
      13543.242
      13543.242
      13543.242
      13543.242
      13543.242
      13543.242
      13543.242
      13543.242
      13543.242
      13543.242
      13543.242
      13543.242
      13543.242
      13543.242
      13543.242
      13543.242
          0.000
          0.000
          0.000
          0.000
          0.000
          0.000
          0.000
          0.000
          0.000
          0.000
          0.000
          0.000
          0.000
          0.000
          0.000
          0.000
          0.000
          0.000
          0.000
          0.000
      13393.500
      13409.726
      13425.370
      13440.401
      13454.787
      13468.494
      13481.487
      13493.729
      13505.180
      13515.797
      13525.537
      13534.353
      13542.194
      13543.497
      13543.497
      13543.497
      13543.497
      13543.497
      13543.497
      13543.497
      13543.497
      13543.497
      13543.497
      13543.497
      13543.497
      13543.497
      13543.497
      13543.497
      13543.497
      13543.497
      13543.497
      13543.497
      13543.497
      13543.497
      13543.497
      13543.497
      13543.497
      13543.497
      13543.497
      13543.497
      13543.497
      13543.497
      13543.497
      13543.497
      13543.497
      13543.497
      13543.497
      13543.497
      13543.497
      13543.497
      13543.497
      13543.497
      13543.497
      13543.497
      13543.497
      13543.497
      13543.497
      13543.497
      13543.497
      13543.497
      13543.497
      13543.497
      13543.497
      13543.497
      13543.497
      13543.497
      13543.497
      13543.497
      13543.497
      13543.497
      13543.497
      13543.497
      13543.497
      13543.497
      13543.497
      13543.497
      13543.497
      13543.497
      13543.497
      13543.497
          0.000
          0.000
          0.000
          0.000
          0.000
          0.000
          0.000
          0.000
          0.000
          0.000
          0.000
          0.000
          0.000
          0.000
          0.000
          0.000
          0.000
          0.000
          0.000
          0.000
      13393.613
      13409.842
      13425.488
      13440.522
      13454.910
      13468.621
      13481.617
      13493.862
      13505.316
      13515.938
      13525.681
      13534.501
      13542.346
      13543.752
      13543.752
      13543.752
      13543.752
      13543.752
      13543.752
      13543.752
      13543.752
      13543.752
      13543.752
      13543.752
      13543.752
      13543.752
      13543.752
      13543.752
      13543.752
      13543.752
      13543.752
      13543.752
      13543.752
      13543.752
      13543.752
      13543.752
      13543.752
      13543.752
      13543.752
      13543.752
      13543.752
      13543.752
      13543.752
      13543.752
      13543.752
      13543.752
      13543.752
      13543.752
      13543.752
      13543.752
      13543.752
      13543.752
      13543.752
      13543.752
      13543.752
      13543.752
      13543.752
      13543.752
      13543.752
      13543.752
      13543.752
      13543.752
      13543.752
      13543.752
      13543.752
      13543.752
      13543.752
      13543.752
      13543.752
      13543.752
      13543.752
      13543.752
      13543.752
      13543.752
      13543.752
      13543.752
      13543.751
      13543.751
      13543.751
      13543.751
          0.000
          0.000
          0.000
          0.000
          0.000
          0.000
          0.000
          0.000
          0.000
          0.000
          0.000
          0.000
          0.000
          0.000
          0.000
          0.000
          0.000
          0.000
          0.000
          0.000
      13393.726
      13409.957
      13425.606
      13440.643
      13455.034
      13468.748
      13481.748
      13493.996
      13505.453
      13516.078
      13525.825
      13534.649
      13542.498
      13544.006
      13544.006
      13544.006
      13544.006
      13544.006
      13544.006
      13544.006
      13544.006
      13544.006
      13544.006
      13544.006
      13544.006
      13544.006
      13544.006
      13544.006
      13544.006
      13544.006
      13544.006
      13544.006
      13544.006
      13544.006
      13544.006
      13544.006
      13544.006
      13544.006
      13544.006
      13544.006
      13544.006
      13544.006
      13544.006
      13544.006
      13544.006
      13544.006
      13544.006
      13544.006
      13544.006
      13544.006
      13544.006
      13544.006
      13544.006
      13544.006
      13544.006
      13544.006
      13544.006
      13544.006
      13544.006
      13544.006
      13544.006
      13544.006
      13544.006
      13544.006
      13544.006
      13544.006
      13544.006
      13544.006
      13544.006
      13544.006
      13544.006
      13544.006
      13544.006
      13544.006
      13544.006
      13544.006
      13544.006
      13544.006
      13544.006
      13544.006
          0.000
          0.000
          0.000
          0.000
          0.000
          0.000
          0.000
          0.000
          0.000
          0.000
          0.000
          0.000
          0.000
          0.000
          0.000
          0.000
          0.000
          0.000
          0.000
          0.000
      13393.838
      13410.073
      13425.724
      13440.764
      13455.158
      13468.875
      13481.878
      13494.129
      13505.590
      13516.218
      13525.970
      13534.797
      13542.650
      13544.261
      13544.261
      13544.261
      13544.261
      13544.261
      13544.261
      13544.261
      13544.261
      13544.261
      13544.261
      13544.261
      13544.261
      13544.261
      13544.261
      13544.261
      13544.261
      13544.261
      13544.261
      13544.261
      13544.261
      13544.261
      13544.261
      13544.261
      13544.261
      13544.261
      13544.261
      13544.261
      13544.261
      13544.261
      13544.261
      13544.261
      13544.261
      13544.261
      13544.261
      13544.261
      13544.261
      13544.261
      13544.261
      13544.261
      13544.261
      13544.261
      13544.261
      13544.261
      13544.261
      13544.261
      13544.261
      13544.261
      13544.261
      13544.261
      13544.261
      13544.261
      13544.261
      13544.261
      13544.261
      13544.261
      13544.261
      13544.261
      13544.261
      13544.261
      13544.261
      13544.261
      13544.261
      13544.261
      13544.261
      13544.261
      13544.261
      13544.261
          0.000
          0.000
          0.000
          0.000
          0.000
          0.000
          0.000
          0.000
          0.000
          0.000
          0.000
          0.000
          0.000
          0.000
          0.000
          0.000
          0.000
          0.000
          0.000
          0.000
      13393.951
      13410.188
      13425.843
      13440.885
      13455.282
      13469.002
      13482.008
      13494.263
      13505.727
      13516.359
      13526.114
      13534.945
      13542.802
      13544.516
      13544.516
      13544.515
      13544.515
      13544.515
      13544.515
      13544.515
      13544.516
      13544.516
      13544.516
      13544.516
      13544.516
      13544.516
      13544.516
      13544.516
      13544.516
      13544.516
      13544.516
      13544.515
      13544.515
      13544.515
      13544.516
      13544.516
      13544.516
      13544.515
      13544.515
      13544.515
      13544.515
      13544.515
      13544.515
      13544.515
      13544.515
      13544.515
      13544.515
      13544.515
      13544.515
      13544.515
      13544.515
      13544.515
      13544.515
      13544.515
      13544.515
      13544.515
      13544.515
      13544.515
      13544.515
      13544.515
      13544.515
      13544.515
      13544.515
      13544.515
      13544.515
      13544.515
      13544.515
      13544.515
      13544.515
      13544.515
      13544.515
      13544.515
      13544.515
      13544.515
      13544.515
      13544.515
      13544.515
      13544.515
      13544.515
      13544.515
          0.000
          0.000
          0.000
          0.000
          0.000
          0.000
          0.000
          0.000
          0.000
          0.000
          0.000
          0.000
          0.000
          0.000
          0.000
          0.000
          0.000
          0.000
          0.000
          0.000
      13394.064
      13410.304
      13425.961
      13441.006
      13455.406
      13469.129
      13482.138
      13494.396
      13505.864
      13516.499
      13526.258
      13535.093
      13542.955
      13544.770
      13544.770
      13544.770
      13544.770
      13544.770
      13544.770
      13544.770
      13544.770
      13544.770
      13544.770
      13544.770
      13544.770
      13544.770
      13544.770
      13544.770
      13544.770
      13544.770
      13544.770
      13544.770
      13544.770
      13544.770
      13544.770
      13544.770
      13544.770
      13544.770
      13544.770
      13544.770
      13544.770
      13544.770
      13544.770
      13544.770
      13544.770
      13544.770
      13544.770
      13544.770
      13544.770
      13544.770
      13544.770
      13544.770
      13544.770
      13544.770
      13544.770
      13544.770
      13544.770
      13544.770
      13544.770
      13544.770
      13544.770
      13544.770
      13544.770
      13544.770
      13544.770
      13544.770
      13544.770
      13544.770
      13544.770
      13544.770
      13544.770
      13544.770
      13544.770
      13544.770
      13544.770
      13544.770
      13544.770
      13544.770
      13544.770
      13544.770
          0.000
          0.000
          0.000
          0.000
          0.000
          0.000
          0.000
          0.000
          0.000
          0.000
          0.000
          0.000
          0.000
          0.000
          0.000
          0.000
          0.000
          0.000
          0.000
          0.000
      13394.177
      13410.419
      13426.079
      13441.127
      13455.530
      13469.256
      13482.268
      13494.530
      13506.001
      13516.640
      13526.402
      13535.241
      13543.107
      13545.024
      13545.024
      13545.024
      13545.024
      13545.024
      13545.024
      13545.024
      13545.024
      13545.024
      13545.024
      13545.024
      13545.024
      13545.024
      13545.024
      13545.024
      13545.024
      13545.024
      13545.024
      13545.024
      13545.024
      13545.024
      13545.024
      13545.024
      13545.024
      13545.024
      13545.024
      13545.024
      13545.024
      13545.024
      13545.024
      13545.024
      13545.024
      13545.024
      13545.024
      13545.024
      13545.024
      13545.024
      13545.024
      13545.024
      13545.024
      13545.024
      13545.024
      13545.024
      13545.024
      13545.024
      13545.024
      13545.024
      13545.024
      13545.024
      13545.024
      13545.024
      13545.024
      13545.024
      13545.024
      13545.024
      13545.024
      13545.024
      13545.024
      13545.024
      13545.024
      13545.024
      13545.024
      13545.024
      13545.024
      13545.024
      13545.024
      13545.024
          0.000
          0.000
          0.000
          0.000
          0.000
          0.000
          0.000
          0.000
          0.000
          0.000
          0.000
          0.000
          0.000
          0.000
          0.000
          0.000
          0.000
          0.000
          0.000
          0.000
      13394.290
      13410.535
      13426.197
      13441.248
      13455.654
      13469.383
      13482.398
      13494.663
      13506.138
      13516.780
      13526.546
      13535.389
      13543.259
      13545.278
      13545.278
      13545.278
      13545.278
      13545.278
      13545.278
      13545.278
      13545.278
      13545.278
      13545.278
      13545.278
      13545.278
      13545.278
      13545.278
      13545.278
      13545.279
      13545.279
      13545.279
      13545.278
      13545.278
      13545.278
      13545.278
      13545.278
      13545.278
      13545.278
      13545.278
      13545.278
      13545.278
      13545.278
      13545.278
      13545.278
      13545.278
      13545.278
      13545.278
      13545.278
      13545.278
      13545.278
      13545.278
      13545.278
      13545.278
      13545.278
      13545.278
      13545.278
      13545.278
      13545.278
      13545.278
      13545.278
      13545.278
      13545.278
      13545.278
      13545.278
      13545.278
      13545.278
      13545.278
      13545.278
      13545.278
      13545.278
      13545.278
      13545.278
      13545.278
      13545.278
      13545.278
      13545.278
      13545.278
      13545.278
      13545.278
      13545.278
          0.000
          0.000
          0.000
          0.000
          0.000
          0.000
          0.000
          0.000
          0.000
          0.000
          0.000
          0.000
          0.000
          0.000
          0.000
          0.000
          0.000
          0.000
          0.000
          0.000
      13394.403
      13410.650
      13426.315
      13441.369
      13455.778
      13469.510
      13482.528
      13494.796
      13506.274
      13516.920
      13526.690
      13535.537
      13543.411
      13545.533
      13545.533
      13545.532
      13545.533
      13545.533
      13545.533
      13545.533
      13545.533
      13545.533
      13545.533
      13545.533
      13545.533
      13545.533
      13545.533
      13545.533
      13545.533
      13545.533
      13545.533
      13545.532
      13545.532
      13545.532
      13545.533
      13545.533
      13545.533
      13545.533
      13545.533
      13545.533
      13545.533
      13545.532
      13545.532
      13545.532
      13545.532
      13545.532
      13545.532
      13545.532
      13545.532
      13545.532
      13545.532
      13545.532
      13545.532
      13545.532
      13545.532
      13545.532
      13545.532
      13545.532
      13545.532
      13545.532
      13545.532
      13545.532
      13545.532
      13545.532
      13545.532
      13545.532
      13545.532
      13545.532
      13545.532
      13545.532
      13545.532
      13545.532
      13545.532
      13545.532
      13545.532
      13545.532
      13545.532
      13545.532
      13545.532
      13545.532
          0.000
          0.000
          0.000
          0.000
          0.000
          0.000
          0.000
          0.000
          0.000
          0.000
          0.000
          0.000
          0.000
          0.000
          0.000
          0.000
          0.000
          0.000
          0.000
          0.000
      13394.516
      13410.766
      13426.434
      13441.490
      13455.902
      13469.637
      13482.658
      13494.930
      13506.411
      13517.061
      13526.834
      13535.685
      13543.563
      13545.787
      13545.787
      13545.786
      13545.786
      13545.786
      13545.787
      13545.787
      13545.787
      13545.787
      13545.787
      13545.787
      13545.787
      13545.787
      13545.787
      13545.787
      13545.787
      13545.787
      13545.787
      13545.786
      13545.786
      13545.786
      13545.787
      13545.787
      13545.787
      13545.787
      13545.786
      13545.786
      13545.786
      13545.786
      13545.786
      13545.786
      13545.786
      13545.786
      13545.786
      13545.786
      13545.786
      13545.786
      13545.786
      13545.786
      13545.786
      13545.786
      13545.786
      13545.786
      13545.786
      13545.786
      13545.786
      13545.786
      13545.786
      13545.786
      13545.786
      13545.786
      13545.786
      13545.786
      13545.786
      13545.786
      13545.786
      13545.786
      13545.786
      13545.786
      13545.786
      13545.786
      13545.786
      13545.786
      13545.786
      13545.786
      13545.786
      13545.786
      13545.786
          0.000
          0.000
          0.000
          0.000
          0.000
          0.000
          0.000
          0.000
          0.000
          0.000
          0.000
          0.000
          0.000
          0.000
          0.000
          0.000
          0.000
          0.000
          0.000
      13394.629
      13410.881
      13426.552
      13441.611
      13456.026
      13469.763
      13482.788
      13495.063
      13506.548
      13517.201
      13526.979
      13535.833
      13543.715
      13546.040
      13546.040
      13546.040
      13546.040
      13546.040
      13546.040
      13546.040
      13546.040
      13546.040
      13546.040
      13546.040
      13546.040
      13546.040
      13546.040
      13546.040
      13546.040
      13546.040
      13546.040
      13546.040
      13546.040
      13546.040
      13546.040
      13546.040
      13546.040
      13546.040
      13546.040
      13546.040
      13546.040
      13546.040
      13546.040
      13546.040
      13546.040
      13546.040
      13546.040
      13546.040
      13546.040
      13546.040
      13546.040
      13546.040
      13546.040
      13546.040
      13546.040
      13546.040
      13546.040
      13546.040
      13546.040
      13546.040
      13546.040
      13546.040
      13546.040
      13546.040
      13546.040
      13546.040
      13546.040
      13546.040
      13546.040
      13546.040
      13546.040
      13546.040
      13546.040
      13546.040
      13546.040
      13546.040
      13546.040
      13546.040
      13546.040
      13546.040
      13546.040
          0.000
          0.000
          0.000
          0.000
          0.000
          0.000
          0.000
          0.000
          0.000
          0.000
          0.000
          0.000
          0.000
          0.000
          0.000
          0.000
          0.000
          0.000
          0.000
      13394.741
      13410.996
      13426.670
      13441.732
      13456.150
      13469.890
      13482.918
      13495.196
      13506.685
      13517.342
      13527.123
      13535.981
      13543.867
      13546.294
      13546.294
      13546.294
      13546.294
      13546.294
      13546.294
      13546.294
      13546.294
      13546.294
      13546.294
      13546.294
      13546.294
      13546.294
      13546.294
      13546.294
      13546.294
      13546.294
      13546.294
      13546.294
      13546.294
      13546.294
      13546.294
      13546.294
      13546.294
      13546.294
      13546.294
      13546.294
      13546.294
      13546.294
      13546.294
      13546.294
      13546.294
      13546.294
      13546.294
      13546.294
      13546.294
      13546.294
      13546.294
      13546.294
      13546.294
      13546.294
      13546.294
      13546.294
      13546.294
      13546.294
      13546.294
      13546.294
      13546.294
      13546.294
      13546.294
      13546.294
      13546.294
      13546.294
      13546.294
      13546.294
      13546.294
      13546.294
      13546.294
      13546.294
      13546.294
      13546.294
      13546.294
      13546.294
      13546.294
      13546.294
      13546.294
      13546.294
      13546.294
          0.000
          0.000
          0.000
          0.000
          0.000
          0.000
          0.000
          0.000
          0.000
          0.000
          0.000
          0.000
          0.000
          0.000
          0.000
          0.000
          0.000
          0.000
          0.000
      13394.854
      13411.112
      13426.788
      13441.852
      13456.273
      13470.017
      13483.048
      13495.330
      13506.821
      13517.482
      13527.267
      13536.129
      13544.019
      13546.548
      13546.548
      13546.548
      13546.548
      13546.548
      13546.548
      13546.548
      13546.548
      13546.548
      13546.548
      13546.548
      13546.548
      13546.548
      13546.548
      13546.548
      13546.548
      13546.548
      13546.548
      13546.548
      13546.548
      13546.548
      13546.548
      13546.548
      13546.548
      13546.548
      13546.548
      13546.548
      13546.548
      13546.548
      13546.548
      13546.548
      13546.548
      13546.548
      13546.548
      13546.548
      13546.548
      13546.548
      13546.548
      13546.548
      13546.548
      13546.548
      13546.548
      13546.548
      13546.548
      13546.548
      13546.548
      13546.548
      13546.548
      13546.548
      13546.548
      13546.548
      13546.548
      13546.548
      13546.548
      13546.548
      13546.548
      13546.548
      13546.548
      13546.548
      13546.548
      13546.548
      13546.548
      13546.548
      13546.548
      13546.548
      13546.548
      13546.548
      13546.548
          0.000
          0.000
          0.000
          0.000
          0.000
          0.000
          0.000
          0.000
          0.000
          0.000
          0.000
          0.000
          0.000
          0.000
          0.000
          0.000
          0.000
          0.000
          0.000
      13394.967
      13411.227
      13426.906
      13441.973
      13456.397
      13470.144
      13483.178
      13495.463
      13506.958
      13517.622
      13527.411
      13536.277
      13544.171
      13546.801
      13546.801
      13546.801
      13546.801
      13546.801
      13546.801
      13546.801
      13546.801
      13546.801
      13546.801
      13546.801
      13546.801
      13546.801
      13546.801
      13546.801
      13546.801
      13546.801
      13546.801
      13546.801
      13546.801
      13546.801
      13546.801
      13546.801
      13546.801
      13546.801
      13546.801
      13546.801
      13546.801
      13546.801
      13546.801
      13546.801
      13546.801
      13546.801
      13546.801
      13546.801
      13546.801
      13546.801
      13546.801
      13546.801
      13546.801
      13546.801
      13546.801
      13546.801
      13546.801
      13546.801
      13546.801
      13546.801
      13546.801
      13546.801
      13546.801
      13546.801
      13546.801
      13546.801
      13546.801
      13546.801
      13546.801
      13546.801
      13546.801
      13546.801
      13546.801
      13546.801
      13546.801
      13546.801
      13546.801
      13546.801
      13546.801
      13546.801
      13546.801
          0.000
          0.000
          0.000
          0.000
          0.000
          0.000
          0.000
          0.000
          0.000
          0.000
          0.000
          0.000
          0.000
          0.000
          0.000
          0.000
          0.000
          0.000
          0.000
      13395.080
      13411.343
      13427.024
      13442.094
      13456.521
      13470.271
      13483.308
      13495.596
      13507.095
      13517.762
      13527.555
      13536.425
      13544.323
      13547.055
      13547.055
      13547.055
      13547.055
      13547.055
      13547.055
      13547.055
      13547.055
      13547.055
      13547.055
      13547.055
      13547.055
      13547.055
      13547.055
      13547.055
      13547.055
      13547.055
      13547.055
      13547.055
      13547.055
      13547.055
      13547.055
      13547.055
      13547.055
      13547.055
      13547.055
      13547.055
      13547.055
      13547.055
      13547.055
      13547.055
      13547.055
      13547.055
      13547.055
      13547.055
      13547.055
      13547.055
      13547.055
      13547.055
      13547.055
      13547.055
      13547.055
      13547.055
      13547.055
      13547.055
      13547.055
      13547.055
      13547.055
      13547.055
      13547.055
      13547.055
      13547.055
      13547.055
      13547.055
      13547.055
      13547.055
      13547.055
      13547.055
      13547.055
      13547.055
      13547.055
      13547.055
      13547.055
      13547.055
      13547.055
      13547.055
      13547.055
      13547.055
          0.000
          0.000
          0.000
          0.000
          0.000
          0.000
          0.000
          0.000
          0.000
          0.000
          0.000
          0.000
          0.000
          0.000
          0.000
          0.000
          0.000
          0.000
          0.000
      13395.193
      13411.458
      13427.142
      13442.215
      13456.645
      13470.398
      13483.438
      13495.730
      13507.232
      13517.903
      13527.699
      13536.573
      13544.475
      13547.308
      13547.308
      13547.308
      13547.308
      13547.308
      13547.308
      13547.308
      13547.308
      13547.308
      13547.308
      13547.308
      13547.308
      13547.308
      13547.308
      13547.308
      13547.308
      13547.308
      13547.308
      13547.308
      13547.308
      13547.308
      13547.308
      13547.308
      13547.308
      13547.308
      13547.308
      13547.308
      13547.308
      13547.308
      13547.308
      13547.308
      13547.308
      13547.308
      13547.308
      13547.308
      13547.308
      13547.308
      13547.308
      13547.308
      13547.308
      13547.308
      13547.308
      13547.308
      13547.308
      13547.308
      13547.308
      13547.308
      13547.308
      13547.308
      13547.308
      13547.308
      13547.308
      13547.308
      13547.308
      13547.308
      13547.308
      13547.308
      13547.308
      13547.308
      13547.308
      13547.308
      13547.308
      13547.308
      13547.308
      13547.308
      13547.308
      13547.308
      13547.308
          0.000
          0.000
          0.000
          0.000
          0.000
          0.000
          0.000
          0.000
          0.000
          0.000
          0.000
          0.000
          0.000
          0.000
          0.000
          0.000
          0.000
          0.000
          0.000
      13395.306
      13411.573
      13427.260
      13442.336
      13456.769
      13470.525
      13483.568
      13495.863
      13507.368
      13518.043
      13527.843
      13536.721
      13544.627
      13547.561
      13547.561
      13547.561
      13547.561
      13547.561
      13547.561
      13547.561
      13547.561
      13547.561
      13547.561
      13547.561
      13547.561
      13547.561
      13547.561
      13547.561
      13547.561
      13547.561
      13547.561
      13547.561
      13547.561
      13547.561
      13547.561
      13547.561
      13547.561
      13547.561
      13547.561
      13547.561
      13547.561
      13547.561
      13547.561
      13547.561
      13547.561
      13547.561
      13547.561
      13547.561
      13547.561
      13547.561
      13547.561
      13547.561
      13547.561
      13547.561
      13547.561
      13547.561
      13547.561
      13547.561
      13547.561
      13547.561
      13547.561
      13547.561
      13547.561
      13547.561
      13547.561
      13547.561
      13547.561
      13547.561
      13547.561
      13547.561
      13547.561
      13547.561
      13547.561
      13547.561
      13547.561
      13547.561
      13547.561
      13547.561
      13547.561
      13547.561
      13547.561
          0.000
          0.000
          0.000
          0.000
          0.000
          0.000
          0.000
          0.000
          0.000
          0.000
          0.000
          0.000
          0.000
          0.000
          0.000
          0.000
          0.000
          0.000
          0.000
      13395.418
      13411.689
      13427.378
      13442.457
      13456.892
      13470.651
      13483.698
      13495.996
      13507.505
      13518.183
      13527.987
      13536.869
      13544.779
      13547.814
      13547.814
      13547.814
      13547.814
      13547.814
      13547.814
      13547.814
      13547.814
      13547.814
      13547.814
      13547.814
      13547.814
      13547.814
      13547.814
      13547.814
      13547.814
      13547.814
      13547.814
      13547.814
      13547.814
      13547.814
      13547.814
      13547.814
      13547.814
      13547.814
      13547.814
      13547.814
      13547.814
      13547.814
      13547.814
      13547.814
      13547.814
      13547.814
      13547.814
      13547.814
      13547.814
      13547.814
      13547.814
      13547.814
      13547.814
      13547.814
      13547.814
      13547.814
      13547.814
      13547.814
      13547.814
      13547.814
      13547.814
      13547.814
      13547.814
      13547.814
      13547.814
      13547.814
      13547.814
      13547.814
      13547.814
      13547.814
      13547.814
      13547.814
      13547.814
      13547.814
      13547.814
      13547.814
      13547.814
      13547.814
      13547.814
      13547.814
      13547.814
          0.000
          0.000
          0.000
          0.000
          0.000
          0.000
          0.000
          0.000
          0.000
          0.000
          0.000
          0.000
          0.000
          0.000
          0.000
          0.000
          0.000
          0.000
          0.000
      13395.531
      13411.804
      13427.497
      13442.578
      13457.016
      13470.778
      13483.828
      13496.129
      13507.642
      13518.324
      13528.131
      13537.017
      13544.931
      13548.067
      13548.067
      13548.067
      13548.067
      13548.067
      13548.067
      13548.067
      13548.067
      13548.067
      13548.067
      13548.067
      13548.067
      13548.067
      13548.067
      13548.067
      13548.067
      13548.067
      13548.067
      13548.067
      13548.067
      13548.067
      13548.067
      13548.067
      13548.067
      13548.067
      13548.067
      13548.067
      13548.067
      13548.067
      13548.067
      13548.067
      13548.067
      13548.067
      13548.067
      13548.067
      13548.067
      13548.067
      13548.067
      13548.067
      13548.067
      13548.067
      13548.067
      13548.067
      13548.067
      13548.067
      13548.067
      13548.067
      13548.067
      13548.067
      13548.067
      13548.067
      13548.067
      13548.067
      13548.067
      13548.067
      13548.067
      13548.067
      13548.067
      13548.067
      13548.067
      13548.067
      13548.067
      13548.067
      13548.067
      13548.067
      13548.067
      13548.067
      13548.067
          0.000
          0.000
          0.000
          0.000
          0.000
          0.000
          0.000
          0.000
          0.000
          0.000
          0.000
          0.000
          0.000
          0.000
          0.000
          0.000
          0.000
          0.000
          0.000
      13395.644
      13411.920
      13427.615
      13442.699
      13457.140
      13470.905
      13483.958
      13496.263
      13507.778
      13518.464
      13528.275
      13537.164
      13545.083
      13548.320
      13548.320
      13548.320
      13548.320
      13548.320
      13548.320
      13548.320
      13548.320
      13548.320
      13548.320
      13548.320
      13548.320
      13548.320
      13548.320
      13548.320
      13548.320
      13548.320
      13548.320
      13548.320
      13548.320
      13548.320
      13548.320
      13548.320
      13548.320
      13548.320
      13548.320
      13548.320
      13548.320
      13548.320
      13548.320
      13548.320
      13548.320
      13548.320
      13548.320
      13548.320
      13548.320
      13548.320
      13548.320
      13548.320
      13548.320
      13548.320
      13548.320
      13548.320
      13548.320
      13548.320
      13548.320
      13548.320
      13548.320
      13548.320
      13548.320
      13548.320
      13548.320
      13548.320
      13548.320
      13548.320
      13548.320
      13548.320
      13548.320
      13548.320
      13548.320
      13548.320
      13548.320
      13548.320
      13548.320
      13548.320
      13548.320
      13548.320
      13548.320
          0.000
          0.000
          0.000
          0.000
          0.000
          0.000
          0.000
          0.000
          0.000
          0.000
          0.000
          0.000
          0.000
          0.000
          0.000
          0.000
          0.000
          0.000
          0.000
      13395.757
      13412.035
      13427.733
      13442.820
      13457.264
      13471.032
      13484.088
      13496.396
      13507.915
      13518.604
      13528.419
      13537.312
      13545.235
      13548.573
      13548.573
      13548.573
      13548.573
      13548.573
      13548.573
      13548.573
      13548.573
      13548.573
      13548.573
      13548.573
      13548.573
      13548.573
      13548.573
      13548.573
      13548.573
      13548.573
      13548.573
      13548.573
      13548.573
      13548.573
      13548.573
      13548.573
      13548.573
      13548.573
      13548.573
      13548.573
      13548.573
      13548.573
      13548.573
      13548.573
      13548.573
      13548.573
      13548.573
      13548.573
      13548.573
      13548.573
      13548.573
      13548.573
      13548.573
      13548.573
      13548.573
      13548.573
      13548.573
      13548.573
      13548.573
      13548.573
      13548.573
      13548.573
      13548.573
      13548.573
      13548.573
      13548.573
      13548.573
      13548.573
      13548.573
      13548.573
      13548.573
      13548.573
      13548.573
      13548.573
      13548.573
      13548.573
      13548.573
      13548.573
      13548.573
      13548.573
      13548.573
          0.000
          0.000
          0.000
          0.000
          0.000
          0.000
          0.000
          0.000
          0.000
          0.000
          0.000
          0.000
          0.000
          0.000
          0.000
          0.000
          0.000
          0.000
          0.000
      13395.869
      13412.150
      13427.851
      13442.940
      13457.388
      13471.159
      13484.218
      13496.529
      13508.052
      13518.744
      13528.563
      13537.460
      13545.387
      13548.826
      13548.826
      13548.826
      13548.826
      13548.826
      13548.826
      13548.826
      13548.826
      13548.826
      13548.826
      13548.826
      13548.826
      13548.826
      13548.826
      13548.826
      13548.826
      13548.826
      13548.826
      13548.826
      13548.826
      13548.826
      13548.826
      13548.826
      13548.826
      13548.826
      13548.826
      13548.826
      13548.826
      13548.826
      13548.826
      13548.826
      13548.826
      13548.826
      13548.826
      13548.826
      13548.826
      13548.826
      13548.826
      13548.826
      13548.826
      13548.826
      13548.826
      13548.826
      13548.826
      13548.826
      13548.826
      13548.826
      13548.826
      13548.826
      13548.826
      13548.826
      13548.826
      13548.826
      13548.826
      13548.826
      13548.826
      13548.826
      13548.826
      13548.826
      13548.826
      13548.826
      13548.826
      13548.826
      13548.826
      13548.826
      13548.826
      13548.826
      13548.826
          0.000
          0.000
          0.000
          0.000
          0.000
          0.000
          0.000
          0.000
          0.000
          0.000
          0.000
          0.000
          0.000
          0.000
          0.000
          0.000
          0.000
          0.000
          0.000
      13395.982
      13412.266
      13427.969
      13443.061
      13457.511
      13471.285
      13484.348
      13496.662
      13508.188
      13518.884
      13528.707
      13537.608
      13545.539
      13549.078
      13549.078
      13549.078
      13549.078
      13549.078
      13549.078
      13549.078
      13549.078
      13549.078
      13549.078
      13549.078
      13549.078
      13549.078
      13549.078
      13549.078
      13549.078
      13549.078
      13549.078
      13549.078
      13549.078
      13549.078
      13549.078
      13549.078
      13549.078
      13549.078
      13549.078
      13549.078
      13549.078
      13549.078
      13549.078
      13549.078
      13549.078
      13549.078
      13549.078
      13549.078
      13549.078
      13549.078
      13549.078
      13549.078
      13549.078
      13549.078
      13549.078
      13549.078
      13549.078
      13549.078
      13549.078
      13549.078
      13549.078
      13549.078
      13549.078
      13549.078
      13549.078
      13549.078
      13549.078
      13549.078
      13549.078
      13549.078
      13549.078
      13549.078
      13549.078
      13549.078
      13549.078
      13549.078
      13549.078
      13549.078
      13549.078
      13549.078
      13549.078
          0.000
          0.000
          0.000
          0.000
          0.000
          0.000
          0.000
          0.000
          0.000
          0.000
          0.000
          0.000
          0.000
          0.000
          0.000
          0.000
          0.000
          0.000
          0.000
      13396.095
      13412.381
      13428.087
      13443.182
      13457.635
      13471.412
      13484.478
      13496.795
      13508.325
      13519.025
      13528.850
      13537.756
      13545.691
      13549.331
      13549.331
      13549.331
      13549.331
      13549.331
      13549.331
      13549.331
      13549.331
      13549.331
      13549.331
      13549.331
      13549.331
      13549.331
      13549.331
      13549.331
      13549.331
      13549.331
      13549.331
      13549.331
      13549.331
      13549.331
      13549.331
      13549.331
      13549.331
      13549.331
      13549.331
      13549.331
      13549.331
      13549.331
      13549.331
      13549.331
      13549.331
      13549.331
      13549.331
      13549.331
      13549.331
      13549.331
      13549.331
      13549.331
      13549.331
      13549.331
      13549.331
      13549.331
      13549.331
      13549.331
      13549.331
      13549.331
      13549.331
      13549.331
      13549.331
      13549.331
      13549.331
      13549.331
      13549.331
      13549.331
      13549.331
      13549.331
      13549.331
      13549.331
      13549.331
      13549.331
      13549.331
      13549.331
      13549.331
      13549.330
      13549.331
      13549.331
      13549.331
          0.000
          0.000
          0.000
          0.000
          0.000
          0.000
          0.000
          0.000
          0.000
          0.000
          0.000
          0.000
          0.000
          0.000
          0.000
          0.000
          0.000
          0.000
          0.000
      13396.208
      13412.496
      13428.205
      13443.303
      13457.759
      13471.539
      13484.608
      13496.929
      13508.461
      13519.165
      13528.994
      13537.903
      13545.843
      13549.583
      13549.583
      13549.583
      13549.583
      13549.583
      13549.583
      13549.583
      13549.583
      13549.583
      13549.583
      13549.583
      13549.583
      13549.583
      13549.583
      13549.583
      13549.583
      13549.583
      13549.583
      13549.583
      13549.583
      13549.583
      13549.583
      13549.583
      13549.583
      13549.583
      13549.583
      13549.583
      13549.583
      13549.583
      13549.583
      13549.583
      13549.583
      13549.583
      13549.583
      13549.583
      13549.583
      13549.583
      13549.583
      13549.583
      13549.583
      13549.583
      13549.583
      13549.583
      13549.583
      13549.583
      13549.583
      13549.583
      13549.583
      13549.583
      13549.583
      13549.583
      13549.583
      13549.583
      13549.583
      13549.583
      13549.583
      13549.583
      13549.583
      13549.583
      13549.583
      13549.583
      13549.583
      13549.583
      13549.583
      13549.583
      13549.583
      13549.583
      13549.583
          0.000
          0.000
          0.000
          0.000
          0.000
          0.000
          0.000
          0.000
          0.000
          0.000
          0.000
          0.000
          0.000
          0.000
          0.000
          0.000
          0.000
          0.000
          0.000
      13396.320
      13412.612
      13428.323
      13443.424
      13457.882
      13471.666
      13484.738
      13497.062
      13508.598
      13519.305
      13529.138
      13538.051
      13545.994
      13549.835
      13549.835
      13549.835
      13549.835
      13549.835
      13549.835
      13549.835
      13549.835
      13549.835
      13549.835
      13549.835
      13549.835
      13549.835
      13549.835
      13549.835
      13549.835
      13549.835
      13549.835
      13549.835
      13549.835
      13549.835
      13549.835
      13549.835
      13549.835
      13549.835
      13549.835
      13549.835
      13549.835
      13549.835
      13549.835
      13549.835
      13549.835
      13549.835
      13549.835
      13549.835
      13549.835
      13549.835
      13549.835
      13549.835
      13549.835
      13549.835
      13549.835
      13549.835
      13549.835
      13549.835
      13549.835
      13549.835
      13549.835
      13549.835
      13549.835
      13549.835
      13549.835
      13549.835
      13549.835
      13549.835
      13549.835
      13549.835
      13549.835
      13549.835
      13549.835
      13549.835
      13549.835
      13549.835
      13549.835
      13549.835
      13549.835
      13549.835
      13549.835
          0.000
          0.000
          0.000
          0.000
          0.000
          0.000
          0.000
          0.000
          0.000
          0.000
          0.000
          0.000
          0.000
          0.000
          0.000
          0.000
          0.000
          0.000
          0.000
      13396.433
      13412.727
      13428.441
      13443.544
      13458.006
      13471.792
      13484.868
      13497.195
      13508.735
      13519.445
      13529.282
      13538.199
      13546.146
      13550.087
      13550.087
      13550.087
      13550.087
      13550.087
      13550.087
      13550.087
      13550.087
      13550.087
      13550.087
      13550.087
      13550.087
      13550.087
      13550.087
      13550.087
      13550.087
      13550.087
      13550.087
      13550.087
      13550.087
      13550.087
      13550.087
      13550.087
      13550.087
      13550.087
      13550.087
      13550.087
      13550.087
      13550.087
      13550.087
      13550.087
      13550.087
      13550.087
      13550.087
      13550.087
      13550.087
      13550.087
      13550.087
      13550.087
      13550.087
      13550.087
      13550.087
      13550.087
      13550.087
      13550.087
      13550.087
      13550.087
      13550.087
      13550.087
      13550.087
      13550.087
      13550.087
      13550.087
      13550.087
      13550.087
      13550.087
      13550.087
      13550.087
      13550.087
      13550.087
      13550.087
      13550.087
      13550.087
      13550.087
      13550.087
      13550.087
      13550.087
      13550.087
          0.000
          0.000
          0.000
          0.000
          0.000
          0.000
          0.000
          0.000
          0.000
          0.000
          0.000
          0.000
          0.000
          0.000
          0.000
          0.000
          0.000
          0.000
          0.000
      13396.546
      13412.842
      13428.559
      13443.665
      13458.130
      13471.919
      13484.998
      13497.328
      13508.871
      13519.585
      13529.426
      13538.347
      13546.298
      13550.339
      13550.339
      13550.339
      13550.339
      13550.339
      13550.339
      13550.339
      13550.339
      13550.339
      13550.339
      13550.339
      13550.339
      13550.339
      13550.339
      13550.339
      13550.339
      13550.339
      13550.339
      13550.339
      13550.339
      13550.339
      13550.339
      13550.339
      13550.339
      13550.339
      13550.339
      13550.339
      13550.339
      13550.339
      13550.339
      13550.339
      13550.339
      13550.339
      13550.339
      13550.339
      13550.339
      13550.339
      13550.339
      13550.339
      13550.339
      13550.339
      13550.339
      13550.339
      13550.339
      13550.339
      13550.339
      13550.339
      13550.339
      13550.339
      13550.339
      13550.339
      13550.339
      13550.339
      13550.339
      13550.339
      13550.339
      13550.339
      13550.339
      13550.339
      13550.339
      13550.339
      13550.339
      13550.339
      13550.339
      13550.339
      13550.339
      13550.339
      13550.339
          0.000
          0.000
          0.000
          0.000
          0.000
          0.000
          0.000
          0.000
          0.000
          0.000
          0.000
          0.000
          0.000
          0.000
          0.000
          0.000
          0.000
          0.000
          0.000
      13396.658
      13412.957
      13428.677
      13443.786
      13458.253
      13472.046
      13485.127
      13497.461
      13509.008
      13519.725
      13529.570
      13538.494
      13546.450
      13550.591
      13550.591
      13550.591
      13550.591
      13550.591
      13550.591
      13550.591
      13550.591
      13550.591
      13550.591
      13550.591
      13550.591
      13550.591
      13550.591
      13550.591
      13550.591
      13550.591
      13550.591
      13550.591
      13550.591
      13550.591
      13550.591
      13550.591
      13550.591
      13550.591
      13550.591
      13550.591
      13550.591
      13550.591
      13550.591
      13550.591
      13550.591
      13550.591
      13550.591
      13550.591
      13550.591
      13550.591
      13550.591
      13550.591
      13550.591
      13550.591
      13550.591
      13550.591
      13550.591
      13550.591
      13550.591
      13550.591
      13550.591
      13550.591
      13550.591
      13550.591
      13550.591
      13550.591
      13550.591
      13550.591
      13550.591
      13550.591
      13550.591
      13550.591
      13550.591
      13550.591
      13550.591
      13550.591
      13550.591
      13550.591
      13550.591
      13550.591
      13550.591
          0.000
          0.000
          0.000
          0.000
          0.000
          0.000
          0.000
          0.000
          0.000
          0.000
          0.000
          0.000
          0.000
          0.000
          0.000
          0.000
          0.000
          0.000
          0.000
      13396.771
      13413.073
      13428.795
      13443.907
      13458.377
      13472.172
      13485.257
      13497.594
      13509.144
      13519.865
      13529.714
      13538.642
      13546.602
      13550.843
      13550.843
      13550.843
      13550.843
      13550.843
      13550.843
      13550.843
      13550.843
      13550.843
      13550.843
      13550.843
      13550.843
      13550.843
      13550.843
      13550.843
      13550.843
      13550.843
      13550.843
      13550.843
      13550.843
      13550.843
      13550.843
      13550.843
      13550.843
      13550.843
      13550.843
      13550.843
      13550.843
      13550.843
      13550.843
      13550.843
      13550.843
      13550.843
      13550.843
      13550.843
      13550.843
      13550.843
      13550.843
      13550.843
      13550.843
      13550.843
      13550.843
      13550.843
      13550.843
      13550.843
      13550.843
      13550.843
      13550.843
      13550.843
      13550.843
      13550.843
      13550.843
      13550.843
      13550.843
      13550.843
      13550.843
      13550.843
      13550.843
      13550.843
      13550.843
      13550.843
      13550.843
      13550.843
      13550.843
      13550.843
      13550.843
      13550.843
      13550.843
          0.000
          0.000
          0.000
          0.000
          0.000
          0.000
          0.000
          0.000
          0.000
          0.000
          0.000
          0.000
          0.000
          0.000
          0.000
          0.000
          0.000
          0.000
          0.000
      13396.884
      13413.188
      13428.913
      13444.027
      13458.501
      13472.299
      13485.387
      13497.727
      13509.281
      13520.005
      13529.857
      13538.790
      13546.753
      13551.095
      13551.095
      13551.095
      13551.095
      13551.095
      13551.095
      13551.095
      13551.095
      13551.095
      13551.095
      13551.095
      13551.095
      13551.095
      13551.095
      13551.095
      13551.095
      13551.095
      13551.095
      13551.095
      13551.095
      13551.095
      13551.095
      13551.095
      13551.095
      13551.095
      13551.095
      13551.095
      13551.095
      13551.095
      13551.095
      13551.095
      13551.095
      13551.095
      13551.095
      13551.095
      13551.095
      13551.095
      13551.095
      13551.095
      13551.095
      13551.095
      13551.095
      13551.095
      13551.095
      13551.095
      13551.095
      13551.095
      13551.095
      13551.095
      13551.095
      13551.095
      13551.095
      13551.095
      13551.095
      13551.095
      13551.095
      13551.095
      13551.095
      13551.095
      13551.095
      13551.095
      13551.095
      13551.095
      13551.095
      13551.094
      13551.094
      13551.094
      13551.095
          0.000
          0.000
          0.000
          0.000
          0.000
          0.000
          0.000
          0.000
          0.000
          0.000
          0.000
          0.000
          0.000
          0.000
          0.000
          0.000
          0.000
          0.000
          0.000
      13396.996
      13413.303
      13429.031
      13444.148
      13458.624
      13472.426
      13485.517
      13497.861
      13509.417
      13520.146
      13530.001
      13538.938
      13546.905
      13551.346
      13551.346
      13551.346
      13551.346
      13551.346
      13551.346
      13551.346
      13551.346
      13551.346
      13551.346
      13551.346
      13551.346
      13551.346
      13551.346
      13551.346
      13551.346
      13551.346
      13551.346
      13551.346
      13551.346
      13551.346
      13551.346
      13551.346
      13551.346
      13551.346
      13551.346
      13551.346
      13551.346
      13551.346
      13551.346
      13551.346
      13551.346
      13551.346
      13551.346
      13551.346
      13551.346
      13551.346
      13551.346
      13551.346
      13551.346
      13551.346
      13551.346
      13551.346
      13551.346
      13551.346
      13551.346
      13551.346
      13551.346
      13551.346
      13551.346
      13551.346
      13551.346
      13551.346
      13551.346
      13551.346
      13551.346
      13551.346
      13551.346
      13551.346
      13551.346
      13551.346
      13551.346
      13551.346
      13551.346
      13551.346
      13551.346
      13551.346
      13551.346
          0.000
          0.000
          0.000
          0.000
          0.000
          0.000
          0.000
          0.000
          0.000
          0.000
          0.000
          0.000
          0.000
          0.000
          0.000
          0.000
          0.000
          0.000
          0.000
      13397.109
      13413.419
      13429.149
      13444.269
      13458.748
      13472.552
      13485.647
      13497.994
      13509.554
      13520.286
      13530.145
      13539.085
      13547.057
      13551.598
      13551.598
      13551.598
      13551.598
      13551.598
      13551.598
      13551.598
      13551.598
      13551.598
      13551.598
      13551.598
      13551.598
      13551.598
      13551.598
      13551.598
      13551.598
      13551.598
      13551.598
      13551.598
      13551.598
      13551.598
      13551.598
      13551.598
      13551.598
      13551.598
      13551.598
      13551.598
      13551.598
      13551.598
      13551.598
      13551.598
      13551.598
      13551.598
      13551.598
      13551.598
      13551.598
      13551.598
      13551.598
      13551.598
      13551.598
      13551.598
      13551.598
      13551.598
      13551.598
      13551.597
      13551.597
      13551.597
      13551.597
      13551.597
      13551.597
      13551.597
      13551.597
      13551.597
      13551.597
      13551.597
      13551.597
      13551.597
      13551.597
      13551.598
      13551.598
      13551.598
      13551.598
      13551.598
      13551.598
      13551.597
      13551.597
      13551.597
      13551.598
          0.000
          0.000
          0.000
          0.000
          0.000
          0.000
          0.000
          0.000
          0.000
          0.000
          0.000
          0.000
          0.000
          0.000
          0.000
          0.000
          0.000
          0.000
          0.000
      13397.222
      13413.534
      13429.266
      13444.390
      13458.872
      13472.679
      13485.776
      13498.127
      13509.690
      13520.426
      13530.289
      13539.233
      13547.209
      13551.849
      13551.849
      13551.849
      13551.849
      13551.849
      13551.849
      13551.849
      13551.849
      13551.849
      13551.849
      13551.849
      13551.849
      13551.849
      13551.849
      13551.849
      13551.849
      13551.849
      13551.849
      13551.849
      13551.849
      13551.849
      13551.849
      13551.849
      13551.849
      13551.849
      13551.849
      13551.849
      13551.849
      13551.849
      13551.849
      13551.849
      13551.849
      13551.849
      13551.849
      13551.849
      13551.849
      13551.849
      13551.849
      13551.849
      13551.849
      13551.849
      13551.849
      13551.849
      13551.849
      13551.849
      13551.849
      13551.849
      13551.849
      13551.849
      13551.849
      13551.849
      13551.849
      13551.849
      13551.849
      13551.849
      13551.849
      13551.849
      13551.849
      13551.849
      13551.849
      13551.849
      13551.849
      13551.849
      13551.849
      13551.849
      13551.849
      13551.849
      13551.849
          0.000
          0.000
          0.000
          0.000
          0.000
          0.000
          0.000
          0.000
          0.000
          0.000
          0.000
          0.000
          0.000
          0.000
          0.000
          0.000
          0.000
          0.000
          0.000
      13397.334
      13413.649
      13429.384
      13444.510
      13458.995
      13472.806
      13485.906
      13498.260
      13509.827
      13520.566
      13530.432
      13539.381
      13547.360
      13552.100
      13552.100
      13552.100
      13552.100
      13552.100
      13552.100
      13552.100
      13552.100
      13552.100
      13552.100
      13552.100
      13552.100
      13552.100
      13552.100
      13552.100
      13552.100
      13552.100
      13552.100
      13552.100
      13552.100
      13552.100
      13552.100
      13552.100
      13552.100
      13552.100
      13552.100
      13552.100
      13552.100
      13552.100
      13552.100
      13552.100
      13552.100
      13552.100
      13552.100
      13552.100
      13552.100
      13552.100
      13552.100
      13552.100
      13552.100
      13552.100
      13552.100
      13552.100
      13552.100
      13552.100
      13552.100
      13552.100
      13552.100
      13552.100
      13552.100
      13552.100
      13552.100
      13552.100
      13552.100
      13552.100
      13552.100
      13552.100
      13552.100
      13552.100
      13552.100
      13552.100
      13552.100
      13552.100
      13552.100
      13552.100
      13552.100
      13552.100
      13552.100
          0.000
          0.000
          0.000
          0.000
          0.000
          0.000
          0.000
          0.000
          0.000
          0.000
          0.000
          0.000
          0.000
          0.000
          0.000
          0.000
          0.000
          0.000
          0.000
      13397.447
      13413.764
      13429.502
      13444.631
      13459.119
      13472.932
      13486.036
      13498.393
      13509.963
      13520.706
      13530.576
      13539.528
      13547.512
      13552.351
      13552.351
      13552.351
      13552.351
      13552.351
      13552.351
      13552.351
      13552.351
      13552.351
      13552.351
      13552.351
      13552.351
      13552.351
      13552.351
      13552.351
      13552.351
      13552.351
      13552.351
      13552.351
      13552.351
      13552.351
      13552.351
      13552.351
      13552.351
      13552.351
      13552.351
      13552.351
      13552.351
      13552.351
      13552.351
      13552.351
      13552.351
      13552.351
      13552.351
      13552.351
      13552.351
      13552.351
      13552.351
      13552.351
      13552.351
      13552.351
      13552.351
      13552.351
      13552.351
      13552.351
      13552.351
      13552.351
      13552.351
      13552.351
      13552.351
      13552.351
      13552.351
      13552.351
      13552.351
      13552.351
      13552.351
      13552.351
      13552.351
      13552.351
      13552.351
      13552.351
      13552.351
      13552.351
      13552.351
      13552.351
      13552.351
      13552.351
      13552.351
          0.000
          0.000
          0.000
          0.000
          0.000
          0.000
          0.000
          0.000
          0.000
          0.000
          0.000
          0.000
          0.000
          0.000
          0.000
          0.000
          0.000
          0.000
          0.000
      13397.560
      13413.879
      13429.620
      13444.752
      13459.242
      13473.059
      13486.166
      13498.526
      13510.100
      13520.846
      13530.720
      13539.676
      13547.664
      13552.602
      13552.602
      13552.602
      13552.602
      13552.602
      13552.602
      13552.602
      13552.602
      13552.602
      13552.602
      13552.602
      13552.602
      13552.602
      13552.602
      13552.602
      13552.602
      13552.602
      13552.602
      13552.602
      13552.602
      13552.602
      13552.602
      13552.602
      13552.602
      13552.602
      13552.602
      13552.602
      13552.602
      13552.602
      13552.602
      13552.602
      13552.602
      13552.602
      13552.602
      13552.602
      13552.602
      13552.602
      13552.602
      13552.602
      13552.602
      13552.602
      13552.602
      13552.602
      13552.602
      13552.602
      13552.602
      13552.602
      13552.602
      13552.602
      13552.602
      13552.602
      13552.602
      13552.602
      13552.602
      13552.602
      13552.602
      13552.602
      13552.602
      13552.602
      13552.602
      13552.602
      13552.602
      13552.602
      13552.602
      13552.602
      13552.602
      13552.602
      13552.602
          0.000
          0.000
          0.000
          0.000
          0.000
          0.000
          0.000
          0.000
          0.000
          0.000
          0.000
          0.000
          0.000
          0.000
          0.000
          0.000
          0.000
          0.000
          0.000
      13397.672
      13413.995
      13429.738
      13444.872
      13459.366
      13473.186
      13486.296
      13498.659
      13510.236
      13520.986
      13530.864
      13539.823
      13547.815
      13552.853
      13552.853
      13552.853
      13552.853
      13552.853
      13552.853
      13552.853
      13552.853
      13552.853
      13552.853
      13552.853
      13552.853
      13552.853
      13552.853
      13552.853
      13552.853
      13552.853
      13552.853
      13552.853
      13552.853
      13552.853
      13552.853
      13552.853
      13552.853
      13552.853
      13552.853
      13552.853
      13552.853
      13552.853
      13552.853
      13552.853
      13552.853
      13552.853
      13552.853
      13552.853
      13552.853
      13552.853
      13552.853
      13552.853
      13552.853
      13552.853
      13552.853
      13552.853
      13552.853
      13552.853
      13552.853
      13552.853
      13552.853
      13552.853
      13552.853
      13552.853
      13552.853
      13552.853
      13552.853
      13552.853
      13552.853
      13552.853
      13552.853
      13552.853
      13552.853
      13552.853
      13552.853
      13552.853
      13552.853
      13552.853
      13552.853
      13552.853
      13552.853
          0.000
          0.000
          0.000
          0.000
          0.000
          0.000
          0.000
          0.000
          0.000
          0.000
          0.000
          0.000
          0.000
          0.000
          0.000
          0.000
          0.000
          0.000
          0.000
      13397.785
      13414.110
      13429.856
      13444.993
      13459.490
      13473.312
      13486.425
      13498.792
      13510.372
      13521.126
      13531.007
      13539.971
      13547.967
      13553.104
      13553.104
      13553.104
      13553.104
      13553.104
      13553.104
      13553.104
      13553.104
      13553.104
      13553.104
      13553.104
      13553.104
      13553.104
      13553.104
      13553.104
      13553.104
      13553.104
      13553.104
      13553.104
      13553.104
      13553.104
      13553.104
      13553.104
      13553.104
      13553.104
      13553.104
      13553.104
      13553.104
      13553.104
      13553.104
      13553.104
      13553.104
      13553.104
      13553.104
      13553.104
      13553.104
      13553.104
      13553.104
      13553.104
      13553.104
      13553.104
      13553.104
      13553.104
      13553.104
      13553.104
      13553.104
      13553.104
      13553.104
      13553.104
      13553.104
      13553.104
      13553.104
      13553.104
      13553.104
      13553.104
      13553.104
      13553.104
      13553.104
      13553.104
      13553.104
      13553.104
      13553.104
      13553.104
      13553.104
      13553.104
      13553.104
      13553.104
      13553.104
          0.000
          0.000
          0.000
          0.000
          0.000
          0.000
          0.000
          0.000
          0.000
          0.000
          0.000
          0.000
          0.000
          0.000
          0.000
          0.000
          0.000
          0.000
          0.000
      13397.897
      13414.225
      13429.974
      13445.114
      13459.613
      13473.439
      13486.555
      13498.925
      13510.509
      13521.266
      13531.151
      13540.119
      13548.119
      13553.354
      13553.355
      13553.354
      13553.354
      13553.354
      13553.354
      13553.354
      13553.355
      13553.355
      13553.355
      13553.355
      13553.355
      13553.355
      13553.355
      13553.355
      13553.355
      13553.354
      13553.354
      13553.354
      13553.354
      13553.354
      13553.354
      13553.354
      13553.354
      13553.355
      13553.354
      13553.354
      13553.354
      13553.354
      13553.354
      13553.354
      13553.354
      13553.354
      13553.354
      13553.354
      13553.354
      13553.354
      13553.354
      13553.354
      13553.354
      13553.354
      13553.354
      13553.354
      13553.354
      13553.354
      13553.354
      13553.354
      13553.354
      13553.354
      13553.354
      13553.354
      13553.354
      13553.354
      13553.354
      13553.354
      13553.354
      13553.354
      13553.354
      13553.354
      13553.354
      13553.354
      13553.354
      13553.354
      13553.354
      13553.354
      13553.354
      13553.354
      13553.354
          0.000
          0.000
          0.000
          0.000
          0.000
          0.000
          0.000
          0.000
          0.000
          0.000
          0.000
          0.000
          0.000
          0.000
          0.000
          0.000
          0.000
          0.000
          0.000
      13398.010
      13414.340
      13430.092
      13445.234
      13459.737
      13473.565
      13486.685
      13499.058
      13510.645
      13521.406
      13531.295
      13540.266
      13548.270
      13553.605
      13553.605
      13553.605
      13553.605
      13553.605
      13553.605
      13553.605
      13553.605
      13553.605
      13553.605
      13553.605
      13553.605
      13553.605
      13553.605
      13553.605
      13553.605
      13553.605
      13553.605
      13553.605
      13553.605
      13553.605
      13553.605
      13553.605
      13553.605
      13553.605
      13553.605
      13553.605
      13553.605
      13553.605
      13553.605
      13553.605
      13553.605
      13553.605
      13553.605
      13553.605
      13553.605
      13553.605
      13553.605
      13553.605
      13553.605
      13553.605
      13553.605
      13553.605
      13553.605
      13553.605
      13553.605
      13553.605
      13553.605
      13553.605
      13553.605
      13553.605
      13553.605
      13553.605
      13553.605
      13553.605
      13553.605
      13553.605
      13553.605
      13553.605
      13553.605
      13553.605
      13553.605
      13553.605
      13553.605
      13553.605
      13553.605
      13553.605
      13553.605
          0.000
          0.000
          0.000
          0.000
          0.000
          0.000
          0.000
          0.000
          0.000
          0.000
          0.000
          0.000
          0.000
          0.000
          0.000
          0.000
          0.000
          0.000
          0.000
      13398.123
      13414.455
      13430.209
      13445.355
      13459.860
      13473.692
      13486.814
      13499.191
      13510.782
      13521.546
      13531.438
      13540.414
      13548.422
      13553.855
      13553.856
      13553.855
      13553.855
      13553.855
      13553.855
      13553.855
      13553.855
      13553.855
      13553.855
      13553.856
      13553.856
      13553.856
      13553.856
      13553.856
      13553.856
      13553.855
      13553.855
      13553.855
      13553.855
      13553.855
      13553.855
      13553.855
      13553.855
      13553.855
      13553.855
      13553.855
      13553.855
      13553.855
      13553.855
      13553.855
      13553.855
      13553.855
      13553.855
      13553.855
      13553.855
      13553.855
      13553.855
      13553.855
      13553.855
      13553.855
      13553.855
      13553.855
      13553.855
      13553.855
      13553.855
      13553.855
      13553.855
      13553.855
      13553.855
      13553.855
      13553.855
      13553.855
      13553.855
      13553.855
      13553.855
      13553.855
      13553.855
      13553.855
      13553.855
      13553.855
      13553.855
      13553.855
      13553.855
      13553.855
      13553.855
      13553.855
      13553.855
          0.000
          0.000
          0.000
          0.000
          0.000
          0.000
          0.000
          0.000
          0.000
          0.000
          0.000
          0.000
          0.000
          0.000
          0.000
          0.000
          0.000
          0.000
          0.000
      13398.235
      13414.570
      13430.327
      13445.476
      13459.984
      13473.818
      13486.944
      13499.324
      13510.918
      13521.685
      13531.582
      13540.561
      13548.574
      13554.106
      13554.106
      13554.106
      13554.106
      13554.106
      13554.106
      13554.106
      13554.106
      13554.106
      13554.106
      13554.106
      13554.106
      13554.106
      13554.106
      13554.106
      13554.106
      13554.106
      13554.106
      13554.106
      13554.106
      13554.106
      13554.106
      13554.106
      13554.106
      13554.106
      13554.106
      13554.106
      13554.106
      13554.106
      13554.106
      13554.106
      13554.106
      13554.106
      13554.106
      13554.106
      13554.106
      13554.106
      13554.106
      13554.106
      13554.106
      13554.106
      13554.106
      13554.106
      13554.106
      13554.106
      13554.106
      13554.106
      13554.106
      13554.106
      13554.106
      13554.106
      13554.106
      13554.106
      13554.106
      13554.106
      13554.106
      13554.106
      13554.106
      13554.106
      13554.106
      13554.106
      13554.106
      13554.106
      13554.106
      13554.106
      13554.106
      13554.106
      13554.106
          0.000
          0.000
          0.000
          0.000
          0.000
          0.000
          0.000
          0.000
          0.000
          0.000
          0.000
          0.000
          0.000
          0.000
          0.000
          0.000
          0.000
          0.000
          0.000
      13398.348
      13414.686
      13430.445
      13445.596
      13460.107
      13473.945
      13487.074
      13499.457
      13511.054
      13521.825
      13531.726
      13540.709
      13548.725
      13554.356
      13554.356
      13554.356
      13554.356
      13554.356
      13554.356
      13554.356
      13554.356
      13554.356
      13554.356
      13554.356
      13554.356
      13554.356
      13554.356
      13554.356
      13554.356
      13554.356
      13554.356
      13554.356
      13554.356
      13554.356
      13554.356
      13554.356
      13554.356
      13554.356
      13554.356
      13554.356
      13554.356
      13554.356
      13554.356
      13554.356
      13554.356
      13554.356
      13554.356
      13554.356
      13554.356
      13554.356
      13554.356
      13554.356
      13554.356
      13554.356
      13554.356
      13554.356
      13554.356
      13554.356
      13554.356
      13554.356
      13554.356
      13554.356
      13554.356
      13554.356
      13554.356
      13554.356
      13554.356
      13554.356
      13554.356
      13554.356
      13554.356
      13554.356
      13554.356
      13554.356
      13554.356
      13554.356
      13554.356
      13554.356
      13554.356
      13554.356
      13554.356
          0.000
          0.000
          0.000
          0.000
          0.000
          0.000
          0.000
          0.000
          0.000
          0.000
          0.000
          0.000
          0.000
          0.000
          0.000
          0.000
          0.000
          0.000
          0.000
      13398.460
      13414.801
      13430.563
      13445.717
      13460.231
      13474.071
      13487.203
      13499.590
      13511.191
      13521.965
      13531.869
      13540.856
      13548.877
      13554.606
      13554.606
      13554.606
      13554.606
      13554.606
      13554.606
      13554.606
      13554.606
      13554.606
      13554.606
      13554.606
      13554.606
      13554.606
      13554.606
      13554.606
      13554.606
      13554.606
      13554.606
      13554.606
      13554.606
      13554.606
      13554.606
      13554.606
      13554.606
      13554.606
      13554.606
      13554.606
      13554.606
      13554.606
      13554.606
      13554.606
      13554.606
      13554.606
      13554.606
      13554.606
      13554.606
      13554.606
      13554.606
      13554.606
      13554.606
      13554.606
      13554.606
      13554.606
      13554.606
      13554.606
      13554.606
      13554.606
      13554.606
      13554.606
      13554.606
      13554.606
      13554.606
      13554.606
      13554.606
      13554.606
      13554.606
      13554.606
      13554.606
      13554.606
      13554.606
      13554.606
      13554.606
      13554.606
      13554.606
      13554.606
      13554.606
      13554.606
      13554.606
          0.000
          0.000
          0.000
          0.000
          0.000
          0.000
          0.000
          0.000
          0.000
          0.000
          0.000
          0.000
          0.000
          0.000
          0.000
          0.000
          0.000
          0.000
          0.000
      13398.573
      13414.916
      13430.681
      13445.837
      13460.354
      13474.198
      13487.333
      13499.723
      13511.327
      13522.105
      13532.013
      13541.004
      13549.028
      13554.856
      13554.856
      13554.856
      13554.856
      13554.856
      13554.856
      13554.856
      13554.856
      13554.856
      13554.856
      13554.856
      13554.856
      13554.856
      13554.856
      13554.856
      13554.856
      13554.856
      13554.856
      13554.856
      13554.856
      13554.856
      13554.856
      13554.856
      13554.856
      13554.856
      13554.856
      13554.856
      13554.856
      13554.856
      13554.856
      13554.856
      13554.856
      13554.856
      13554.856
      13554.856
      13554.856
      13554.856
      13554.856
      13554.856
      13554.856
      13554.856
      13554.856
      13554.856
      13554.856
      13554.856
      13554.856
      13554.856
      13554.856
      13554.856
      13554.856
      13554.856
      13554.856
      13554.856
      13554.856
      13554.856
      13554.856
      13554.856
      13554.856
      13554.856
      13554.856
      13554.856
      13554.856
      13554.856
      13554.856
      13554.856
      13554.856
      13554.856
      13554.856
          0.000
          0.000
          0.000
          0.000
          0.000
          0.000
          0.000
          0.000
          0.000
          0.000
          0.000
          0.000
          0.000
          0.000
          0.000
          0.000
          0.000
          0.000
          0.000
      13398.685
      13415.031
      13430.799
      13445.958
      13460.478
      13474.324
      13487.463
      13499.855
      13511.463
      13522.245
      13532.156
      13541.151
      13549.180
      13555.106
      13555.106
      13555.106
      13555.106
      13555.106
      13555.106
      13555.106
      13555.106
      13555.106
      13555.106
      13555.106
      13555.106
      13555.106
      13555.106
      13555.106
      13555.106
      13555.106
      13555.106
      13555.106
      13555.106
      13555.106
      13555.106
      13555.106
      13555.106
      13555.106
      13555.106
      13555.106
      13555.106
      13555.106
      13555.106
      13555.106
      13555.106
      13555.106
      13555.106
      13555.106
      13555.106
      13555.106
      13555.106
      13555.106
      13555.106
      13555.106
      13555.106
      13555.106
      13555.106
      13555.106
      13555.106
      13555.106
      13555.106
      13555.106
      13555.106
      13555.106
      13555.106
      13555.106
      13555.106
      13555.106
      13555.106
      13555.106
      13555.106
      13555.106
      13555.106
      13555.106
      13555.106
      13555.106
      13555.106
      13555.106
      13555.106
      13555.106
      13555.106
          0.000
          0.000
          0.000
          0.000
          0.000
          0.000
          0.000
          0.000
          0.000
          0.000
          0.000
          0.000
          0.000
          0.000
          0.000
          0.000
          0.000
          0.000
          0.000
      13398.798
      13415.146
      13430.916
      13446.079
      13460.601
      13474.451
      13487.592
      13499.988
      13511.600
      13522.385
      13532.300
      13541.299
      13549.331
      13555.356
      13555.356
      13555.356
      13555.356
      13555.356
      13555.356
      13555.356
      13555.356
      13555.356
      13555.356
      13555.356
      13555.356
      13555.356
      13555.356
      13555.356
      13555.356
      13555.356
      13555.356
      13555.356
      13555.356
      13555.356
      13555.356
      13555.356
      13555.356
      13555.356
      13555.356
      13555.356
      13555.356
      13555.356
      13555.356
      13555.356
      13555.356
      13555.356
      13555.356
      13555.356
      13555.356
      13555.356
      13555.356
      13555.356
      13555.356
      13555.356
      13555.356
      13555.356
      13555.356
      13555.356
      13555.356
      13555.356
      13555.356
      13555.356
      13555.356
      13555.356
      13555.356
      13555.356
      13555.356
      13555.356
      13555.356
      13555.356
      13555.356
      13555.356
      13555.356
      13555.356
      13555.356
      13555.356
      13555.356
      13555.356
      13555.356
      13555.356
      13555.356
          0.000
          0.000
          0.000
          0.000
          0.000
          0.000
          0.000
          0.000
          0.000
          0.000
          0.000
          0.000
          0.000
          0.000
          0.000
          0.000
          0.000
          0.000
          0.000
      13398.910
      13415.261
      13431.034
      13446.199
      13460.725
      13474.577
      13487.722
      13500.121
      13511.736
      13522.525
      13532.444
      13541.446
      13549.483
      13555.605
      13555.605
      13555.605
      13555.605
      13555.605
      13555.605
      13555.605
      13555.605
      13555.605
      13555.605
      13555.605
      13555.605
      13555.605
      13555.605
      13555.605
      13555.605
      13555.605
      13555.605
      13555.605
      13555.605
      13555.605
      13555.605
      13555.605
      13555.605
      13555.605
      13555.605
      13555.605
      13555.605
      13555.605
      13555.605
      13555.605
      13555.605
      13555.605
      13555.605
      13555.605
      13555.605
      13555.605
      13555.605
      13555.605
      13555.605
      13555.605
      13555.605
      13555.605
      13555.605
      13555.605
      13555.605
      13555.605
      13555.605
      13555.605
      13555.605
      13555.605
      13555.605
      13555.605
      13555.605
      13555.605
      13555.605
      13555.605
      13555.605
      13555.605
      13555.605
      13555.605
      13555.605
      13555.605
      13555.605
      13555.605
      13555.605
      13555.605
      13555.605
          0.000
          0.000
          0.000
          0.000
          0.000
          0.000
          0.000
          0.000
          0.000
          0.000
          0.000
          0.000
          0.000
          0.000
          0.000
          0.000
          0.000
          0.000
          0.000
