     0.00000000
     0.00000000
     0.00000000
     0.00000000
     0.00000000
     0.00000000
     0.00000000
     0.00000000
     0.00000000
     0.00000000
     0.00000000
     0.00000000
     0.20087959
     0.20087955
     0.20087952
     0.20087961
     0.20087961
     0.20087961
     0.20087960
     0.20087960
     0.20087960
     0.20087960
     0.20087960
     0.20087960
     0.20087960
     0.20087960
     0.20087960
     0.20087960
     0.20087960
     0.20087977
     0.20087976
     0.20087976
     0.20087975
     0.20087975
     0.20087974
     0.20087974
     0.20087974
     0.20087973
     0.20087973
     0.20087973
     0.20087972
     0.20087972
     0.20087972
     0.20087971
     0.20087971
     0.20087971
     0.20087971
     0.20087970
     0.20087970
     0.20087970
     0.20087969
     0.20087969
     0.20087969
     0.20087969
     0.20087968
     0.20087968
     0.20087968
     0.20087968
     0.20087967
     0.20087967
     0.20087967
     0.20087967
     0.20087966
     0.20087966
     0.20087966
     0.20087966
     0.20087965
     0.20087965
     0.20087965
     0.20087965
     0.20087964
     0.20087964
     0.20087964
     0.20087982
     0.20087978
     0.20087975
     0.20087972
     0.20087969
     0.20087965
     0.20087966
     0.19191919
     0.18181818
     0.17171717
     0.16161616
     0.15151515
     0.14141414
     0.13131313
     0.12121212
     0.11111111
     0.10101010
     0.09090909
     0.08080808
     0.07070707
     0.06060606
     0.05050505
     0.04040404
     0.03030303
     0.02020202
     0.01010101
     0.00000000
     0.00000000
     0.00000000
     0.00000000
     0.00000000
     0.00000000
     0.00000000
     0.00000000
     0.00000000
     0.00000000
     0.00000000
     0.00000000
     0.00000000
     0.20071793
     0.20071789
     0.20071785
     0.20071795
     0.20071794
     0.20071794
     0.20071794
     0.20071794
     0.20071794
     0.20071794
     0.20071794
     0.20071794
     0.20071794
     0.20071794
     0.20071794
     0.20071794
     0.20071794
     0.20071811
     0.20071810
     0.20071809
     0.20071809
     0.20071808
     0.20071808
     0.20071808
     0.20071807
     0.20071807
     0.20071807
     0.20071806
     0.20071806
     0.20071806
     0.20071805
     0.20071805
     0.20071805
     0.20071804
     0.20071804
     0.20071804
     0.20071804
     0.20071803
     0.20071803
     0.20071803
     0.20071803
     0.20071802
     0.20071802
     0.20071802
     0.20071802
     0.20071801
     0.20071801
     0.20071801
     0.20071800
     0.20071800
     0.20071800
     0.20071800
     0.20071799
     0.20071799
     0.20071799
     0.20071799
     0.20071798
     0.20071798
     0.20071798
     0.20071798
     0.20071797
     0.20071815
     0.20071812
     0.20071809
     0.20071806
     0.20071802
     0.20071799
     0.20071801
     0.19191919
     0.18181818
     0.17171717
     0.16161616
     0.15151515
     0.14141414
     0.13131313
     0.12121212
     0.11111111
     0.10101010
     0.09090909
     0.08080808
     0.07070707
     0.06060606
     0.05050505
     0.04040404
     0.03030303
     0.02020202
     0.01010101
     0.00000000
     0.00000000
     0.00000000
     0.00000000
     0.00000000
     0.00000000
     0.00000000
     0.00000000
     0.00000000
     0.00000000
     0.00000000
     0.00000000
     0.00000000
     0.20055663
     0.20055659
     0.20055655
     0.20055664
     0.20055664
     0.20055664
     0.20055664
     0.20055663
     0.20055663
     0.20055663
     0.20055663
     0.20055663
     0.20055663
     0.20055663
     0.20055663
     0.20055663
     0.20055663
     0.20055680
     0.20055680
     0.20055679
     0.20055678
     0.20055678
     0.20055678
     0.20055677
     0.20055677
     0.20055677
     0.20055676
     0.20055676
     0.20055676
     0.20055675
     0.20055675
     0.20055675
     0.20055674
     0.20055674
     0.20055674
     0.20055674
     0.20055673
     0.20055673
     0.20055673
     0.20055672
     0.20055672
     0.20055672
     0.20055672
     0.20055671
     0.20055671
     0.20055671
     0.20055671
     0.20055670
     0.20055670
     0.20055670
     0.20055670
     0.20055669
     0.20055669
     0.20055669
     0.20055668
     0.20055668
     0.20055668
     0.20055668
     0.20055667
     0.20055667
     0.20055667
     0.20055685
     0.20055682
     0.20055678
     0.20055675
     0.20055672
     0.20055669
     0.20055671
     0.19191919
     0.18181818
     0.17171717
     0.16161616
     0.15151515
     0.14141414
     0.13131313
     0.12121212
     0.11111111
     0.10101010
     0.09090909
     0.08080808
     0.07070707
     0.06060606
     0.05050505
     0.04040404
     0.03030303
     0.02020202
     0.01010101
     0.00000000
     0.00000000
     0.00000000
     0.00000000
     0.00000000
     0.00000000
     0.00000000
     0.00000000
     0.00000000
     0.00000000
     0.00000000
     0.00000000
     0.00000000
     0.20039568
     0.20039564
     0.20039560
     0.20039569
     0.20039569
     0.20039569
     0.20039569
     0.20039569
     0.20039569
     0.20039569
     0.20039569
     0.20039569
     0.20039569
     0.20039569
     0.20039569
     0.20039569
     0.20039569
     0.20039572
     0.20039585
     0.20039584
     0.20039584
     0.20039583
     0.20039583
     0.20039583
     0.20039582
     0.20039582
     0.20039582
     0.20039581
     0.20039581
     0.20039581
     0.20039580
     0.20039580
     0.20039580
     0.20039580
     0.20039579
     0.20039579
     0.20039579
     0.20039578
     0.20039578
     0.20039578
     0.20039578
     0.20039577
     0.20039577
     0.20039577
     0.20039577
     0.20039576
     0.20039576
     0.20039576
     0.20039575
     0.20039575
     0.20039575
     0.20039575
     0.20039574
     0.20039574
     0.20039574
     0.20039574
     0.20039573
     0.20039573
     0.20039573
     0.20039573
     0.20039572
     0.20039590
     0.20039587
     0.20039584
     0.20039581
     0.20039577
     0.20039574
     0.20039577
     0.19191919
     0.18181818
     0.17171717
     0.16161616
     0.15151515
     0.14141414
     0.13131313
     0.12121212
     0.11111111
     0.10101010
     0.09090909
     0.08080808
     0.07070707
     0.06060606
     0.05050505
     0.04040404
     0.03030303
     0.02020202
     0.01010101
     0.00000000
     0.00000000
     0.00000000
     0.00000000
     0.00000000
     0.00000000
     0.00000000
     0.00000000
     0.00000000
     0.00000000
     0.00000000
     0.00000000
     0.00000000
     0.20023509
     0.20023505
     0.20023502
     0.20023511
     0.20023510
     0.20023510
     0.20023510
     0.20023510
     0.20023510
     0.20023510
     0.20023510
     0.20023510
     0.20023510
     0.20023510
     0.20023510
     0.20023510
     0.20023510
     0.20023513
     0.20023526
     0.20023526
     0.20023525
     0.20023525
     0.20023524
     0.20023524
     0.20023524
     0.20023523
     0.20023523
     0.20023523
     0.20023522
     0.20023522
     0.20023522
     0.20023521
     0.20023521
     0.20023521
     0.20023520
     0.20023520
     0.20023520
     0.20023520
     0.20023519
     0.20023519
     0.20023519
     0.20023519
     0.20023518
     0.20023518
     0.20023518
     0.20023517
     0.20023517
     0.20023517
     0.20023517
     0.20023516
     0.20023516
     0.20023516
     0.20023516
     0.20023515
     0.20023515
     0.20023515
     0.20023515
     0.20023514
     0.20023514
     0.20023514
     0.20023514
     0.20023532
     0.20023528
     0.20023525
     0.20023522
     0.20023519
     0.20023515
     0.20023519
     0.19191919
     0.18181818
     0.17171717
     0.16161616
     0.15151515
     0.14141414
     0.13131313
     0.12121212
     0.11111111
     0.10101010
     0.09090909
     0.08080808
     0.07070707
     0.06060606
     0.05050505
     0.04040404
     0.03030303
     0.02020202
     0.01010101
     0.00000000
     0.00000000
     0.00000000
     0.00000000
     0.00000000
     0.00000000
     0.00000000
     0.00000000
     0.00000000
     0.00000000
     0.00000000
     0.00000000
     0.00000000
     0.20007486
     0.20007482
     0.20007478
     0.20007487
     0.20007487
     0.20007487
     0.20007487
     0.20007487
     0.20007487
     0.20007487
     0.20007487
     0.20007487
     0.20007487
     0.20007487
     0.20007487
     0.20007487
     0.20007487
     0.20007490
     0.20007503
     0.20007503
     0.20007502
     0.20007502
     0.20007501
     0.20007501
     0.20007500
     0.20007500
     0.20007500
     0.20007499
     0.20007499
     0.20007499
     0.20007498
     0.20007498
     0.20007498
     0.20007498
     0.20007497
     0.20007497
     0.20007497
     0.20007496
     0.20007496
     0.20007496
     0.20007496
     0.20007495
     0.20007495
     0.20007495
     0.20007495
     0.20007494
     0.20007494
     0.20007494
     0.20007493
     0.20007493
     0.20007493
     0.20007493
     0.20007492
     0.20007492
     0.20007492
     0.20007492
     0.20007491
     0.20007491
     0.20007491
     0.20007491
     0.20007490
     0.20007509
     0.20007505
     0.20007502
     0.20007499
     0.20007496
     0.20007492
     0.20007496
     0.19191919
     0.18181818
     0.17171717
     0.16161616
     0.15151515
     0.14141414
     0.13131313
     0.12121212
     0.11111111
     0.10101010
     0.09090909
     0.08080808
     0.07070707
     0.06060606
     0.05050505
     0.04040404
     0.03030303
     0.02020202
     0.01010101
     0.00000000
     0.00000000
     0.00000000
     0.00000000
     0.00000000
     0.00000000
     0.00000000
     0.00000000
     0.00000000
     0.00000000
     0.00000000
     0.00000000
     0.00000000
     0.19991499
     0.19991494
     0.19991491
     0.19991500
     0.19991499
     0.19991499
     0.19991499
     0.19991499
     0.19991499
     0.19991499
     0.19991499
     0.19991499
     0.19991499
     0.19991499
     0.19991499
     0.19991499
     0.19991499
     0.19991502
     0.19991516
     0.19991515
     0.19991514
     0.19991514
     0.19991513
     0.19991513
     0.19991513
     0.19991512
     0.19991512
     0.19991512
     0.19991511
     0.19991511
     0.19991511
     0.19991510
     0.19991510
     0.19991510
     0.19991510
     0.19991509
     0.19991509
     0.19991509
     0.19991508
     0.19991508
     0.19991508
     0.19991508
     0.19991507
     0.19991507
     0.19991507
     0.19991507
     0.19991506
     0.19991506
     0.19991506
     0.19991506
     0.19991505
     0.19991505
     0.19991505
     0.19991504
     0.19991504
     0.19991504
     0.19991504
     0.19991503
     0.19991503
     0.19991503
     0.19991503
     0.19991521
     0.19991518
     0.19991514
     0.19991511
     0.19991508
     0.19991505
     0.19991509
     0.19191919
     0.18181818
     0.17171717
     0.16161616
     0.15151515
     0.14141414
     0.13131313
     0.12121212
     0.11111111
     0.10101010
     0.09090909
     0.08080808
     0.07070707
     0.06060606
     0.05050505
     0.04040404
     0.03030303
     0.02020202
     0.01010101
     0.00000000
     0.00000000
     0.00000000
     0.00000000
     0.00000000
     0.00000000
     0.00000000
     0.00000000
     0.00000000
     0.00000000
     0.00000000
     0.00000000
     0.00000000
     0.19975546
     0.19975542
     0.19975538
     0.19975547
     0.19975547
     0.19975547
     0.19975547
     0.19975547
     0.19975547
     0.19975547
     0.19975547
     0.19975547
     0.19975547
     0.19975547
     0.19975547
     0.19975547
     0.19975547
     0.19975550
     0.19975563
     0.19975563
     0.19975562
     0.19975562
     0.19975561
     0.19975561
     0.19975560
     0.19975560
     0.19975560
     0.19975559
     0.19975559
     0.19975559
     0.19975559
     0.19975558
     0.19975558
     0.19975558
     0.19975557
     0.19975557
     0.19975557
     0.19975557
     0.19975556
     0.19975556
     0.19975556
     0.19975555
     0.19975555
     0.19975555
     0.19975555
     0.19975554
     0.19975554
     0.19975554
     0.19975554
     0.19975553
     0.19975553
     0.19975553
     0.19975552
     0.19975552
     0.19975552
     0.19975552
     0.19975551
     0.19975551
     0.19975551
     0.19975551
     0.19975550
     0.19975569
     0.19975566
     0.19975562
     0.19975559
     0.19975556
     0.19975552
     0.19975558
     0.19191919
     0.18181818
     0.17171717
     0.16161616
     0.15151515
     0.14141414
     0.13131313
     0.12121212
     0.11111111
     0.10101010
     0.09090909
     0.08080808
     0.07070707
     0.06060606
     0.05050505
     0.04040404
     0.03030303
     0.02020202
     0.01010101
     0.00000000
     0.00000000
     0.00000000
     0.00000000
     0.00000000
     0.00000000
     0.00000000
     0.00000000
     0.00000000
     0.00000000
     0.00000000
     0.00000000
     0.00000000
     0.19959629
     0.19959625
     0.19959621
     0.19959630
     0.19959630
     0.19959630
     0.19959630
     0.19959630
     0.19959630
     0.19959630
     0.19959630
     0.19959630
     0.19959630
     0.19959630
     0.19959630
     0.19959630
     0.19959630
     0.19959633
     0.19959646
     0.19959646
     0.19959645
     0.19959645
     0.19959644
     0.19959644
     0.19959644
     0.19959643
     0.19959643
     0.19959643
     0.19959642
     0.19959642
     0.19959642
     0.19959641
     0.19959641
     0.19959641
     0.19959640
     0.19959640
     0.19959640
     0.19959640
     0.19959639
     0.19959639
     0.19959639
     0.19959638
     0.19959638
     0.19959638
     0.19959638
     0.19959637
     0.19959637
     0.19959637
     0.19959637
     0.19959636
     0.19959636
     0.19959636
     0.19959635
     0.19959635
     0.19959635
     0.19959635
     0.19959634
     0.19959634
     0.19959634
     0.19959634
     0.19959633
     0.19959652
     0.19959649
     0.19959645
     0.19959642
     0.19959639
     0.19959635
     0.19959641
     0.19191919
     0.18181818
     0.17171717
     0.16161616
     0.15151515
     0.14141414
     0.13131313
     0.12121212
     0.11111111
     0.10101010
     0.09090909
     0.08080808
     0.07070707
     0.06060606
     0.05050505
     0.04040404
     0.03030303
     0.02020202
     0.01010101
     0.00000000
     0.00000000
     0.00000000
     0.00000000
     0.00000000
     0.00000000
     0.00000000
     0.00000000
     0.00000000
     0.00000000
     0.00000000
     0.00000000
     0.00000000
     0.19943748
     0.19943743
     0.19943740
     0.19943749
     0.19943748
     0.19943748
     0.19943748
     0.19943748
     0.19943748
     0.19943748
     0.19943748
     0.19943748
     0.19943748
     0.19943748
     0.19943748
     0.19943748
     0.19943748
     0.19943751
     0.19943765
     0.19943764
     0.19943764
     0.19943763
     0.19943763
     0.19943762
     0.19943762
     0.19943761
     0.19943761
     0.19943761
     0.19943760
     0.19943760
     0.19943760
     0.19943760
     0.19943759
     0.19943759
     0.19943759
     0.19943758
     0.19943758
     0.19943758
     0.19943757
     0.19943757
     0.19943757
     0.19943757
     0.19943756
     0.19943756
     0.19943756
     0.19943756
     0.19943755
     0.19943755
     0.19943755
     0.19943754
     0.19943754
     0.19943754
     0.19943754
     0.19943753
     0.19943753
     0.19943753
     0.19943753
     0.19943752
     0.19943752
     0.19943752
     0.19943752
     0.19943770
     0.19943767
     0.19943764
     0.19943760
     0.19943757
     0.19943754
     0.19943760
     0.19191919
     0.18181818
     0.17171717
     0.16161616
     0.15151515
     0.14141414
     0.13131313
     0.12121212
     0.11111111
     0.10101010
     0.09090909
     0.08080808
     0.07070707
     0.06060606
     0.05050505
     0.04040404
     0.03030303
     0.02020202
     0.01010101
     0.00000000
     0.00000000
     0.00000000
     0.00000000
     0.00000000
     0.00000000
     0.00000000
     0.00000000
     0.00000000
     0.00000000
     0.00000000
     0.00000000
     0.00000000
     0.19927901
     0.19927897
     0.19927893
     0.19927902
     0.19927902
     0.19927901
     0.19927901
     0.19927901
     0.19927901
     0.19927901
     0.19927901
     0.19927901
     0.19927901
     0.19927901
     0.19927901
     0.19927901
     0.19927901
     0.19927904
     0.19927918
     0.19927917
     0.19927917
     0.19927916
     0.19927916
     0.19927916
     0.19927915
     0.19927915
     0.19927914
     0.19927914
     0.19927914
     0.19927913
     0.19927913
     0.19927913
     0.19927913
     0.19927912
     0.19927912
     0.19927912
     0.19927911
     0.19927911
     0.19927911
     0.19927910
     0.19927910
     0.19927910
     0.19927910
     0.19927909
     0.19927909
     0.19927909
     0.19927909
     0.19927908
     0.19927908
     0.19927908
     0.19927907
     0.19927907
     0.19927907
     0.19927907
     0.19927906
     0.19927906
     0.19927906
     0.19927906
     0.19927905
     0.19927905
     0.19927905
     0.19927905
     0.19927920
     0.19927917
     0.19927914
     0.19927910
     0.19927907
     0.19927914
     0.19191919
     0.18181818
     0.17171717
     0.16161616
     0.15151515
     0.14141414
     0.13131313
     0.12121212
     0.11111111
     0.10101010
     0.09090909
     0.08080808
     0.07070707
     0.06060606
     0.05050505
     0.04040404
     0.03030303
     0.02020202
     0.01010101
     0.00000000
     0.00000000
     0.00000000
     0.00000000
     0.00000000
     0.00000000
     0.00000000
     0.00000000
     0.00000000
     0.00000000
     0.00000000
     0.00000000
     0.00000000
     0.19912089
     0.19912085
     0.19912081
     0.19912090
     0.19912090
     0.19912090
     0.19912090
     0.19912089
     0.19912089
     0.19912089
     0.19912089
     0.19912089
     0.19912089
     0.19912089
     0.19912089
     0.19912089
     0.19912089
     0.19912092
     0.19912106
     0.19912106
     0.19912105
     0.19912105
     0.19912104
     0.19912104
     0.19912103
     0.19912103
     0.19912103
     0.19912102
     0.19912102
     0.19912102
     0.19912101
     0.19912101
     0.19912101
     0.19912100
     0.19912100
     0.19912100
     0.19912100
     0.19912099
     0.19912099
     0.19912099
     0.19912098
     0.19912098
     0.19912098
     0.19912098
     0.19912097
     0.19912097
     0.19912097
     0.19912097
     0.19912096
     0.19912096
     0.19912096
     0.19912095
     0.19912095
     0.19912095
     0.19912095
     0.19912094
     0.19912094
     0.19912094
     0.19912094
     0.19912093
     0.19912093
     0.19912093
     0.19912109
     0.19912105
     0.19912102
     0.19912099
     0.19912095
     0.19912103
     0.19191919
     0.18181818
     0.17171717
     0.16161616
     0.15151515
     0.14141414
     0.13131313
     0.12121212
     0.11111111
     0.10101010
     0.09090909
     0.08080808
     0.07070707
     0.06060606
     0.05050505
     0.04040404
     0.03030303
     0.02020202
     0.01010101
     0.00000000
     0.00000000
     0.00000000
     0.00000000
     0.00000000
     0.00000000
     0.00000000
     0.00000000
     0.00000000
     0.00000000
     0.00000000
     0.00000000
     0.00000000
     0.19896312
     0.19896308
     0.19896304
     0.19896313
     0.19896313
     0.19896313
     0.19896313
     0.19896312
     0.19896312
     0.19896312
     0.19896312
     0.19896312
     0.19896312
     0.19896312
     0.19896312
     0.19896312
     0.19896312
     0.19896316
     0.19896330
     0.19896329
     0.19896328
     0.19896328
     0.19896327
     0.19896327
     0.19896327
     0.19896326
     0.19896326
     0.19896326
     0.19896325
     0.19896325
     0.19896325
     0.19896324
     0.19896324
     0.19896324
     0.19896323
     0.19896323
     0.19896323
     0.19896322
     0.19896322
     0.19896322
     0.19896322
     0.19896321
     0.19896321
     0.19896321
     0.19896320
     0.19896320
     0.19896320
     0.19896320
     0.19896319
     0.19896319
     0.19896319
     0.19896319
     0.19896318
     0.19896318
     0.19896318
     0.19896317
     0.19896317
     0.19896317
     0.19896317
     0.19896316
     0.19896316
     0.19896316
     0.19896332
     0.19896328
     0.19896325
     0.19896322
     0.19896318
     0.19896327
     0.19191919
     0.18181818
     0.17171717
     0.16161616
     0.15151515
     0.14141414
     0.13131313
     0.12121212
     0.11111111
     0.10101010
     0.09090909
     0.08080808
     0.07070707
     0.06060606
     0.05050505
     0.04040404
     0.03030303
     0.02020202
     0.01010101
     0.00000000
     0.00000000
     0.00000000
     0.00000000
     0.00000000
     0.00000000
     0.00000000
     0.00000000
     0.00000000
     0.00000000
     0.00000000
     0.00000000
     0.00000000
     0.19880570
     0.19880566
     0.19880562
     0.19880571
     0.19880571
     0.19880571
     0.19880570
     0.19880570
     0.19880570
     0.19880570
     0.19880570
     0.19880570
     0.19880570
     0.19880570
     0.19880570
     0.19880570
     0.19880570
     0.19880573
     0.19880588
     0.19880587
     0.19880586
     0.19880586
     0.19880585
     0.19880585
     0.19880584
     0.19880584
     0.19880584
     0.19880583
     0.19880583
     0.19880583
     0.19880582
     0.19880582
     0.19880582
     0.19880582
     0.19880581
     0.19880581
     0.19880581
     0.19880580
     0.19880580
     0.19880580
     0.19880579
     0.19880579
     0.19880579
     0.19880579
     0.19880578
     0.19880578
     0.19880578
     0.19880578
     0.19880577
     0.19880577
     0.19880577
     0.19880576
     0.19880576
     0.19880576
     0.19880576
     0.19880575
     0.19880575
     0.19880575
     0.19880575
     0.19880574
     0.19880574
     0.19880574
     0.19880590
     0.19880586
     0.19880583
     0.19880580
     0.19880576
     0.19880585
     0.19191919
     0.18181818
     0.17171717
     0.16161616
     0.15151515
     0.14141414
     0.13131313
     0.12121212
     0.11111111
     0.10101010
     0.09090909
     0.08080808
     0.07070707
     0.06060606
     0.05050505
     0.04040404
     0.03030303
     0.02020202
     0.01010101
     0.00000000
     0.00000000
     0.00000000
     0.00000000
     0.00000000
     0.00000000
     0.00000000
     0.00000000
     0.00000000
     0.00000000
     0.00000000
     0.00000000
     0.00000000
     0.19864863
     0.19864858
     0.19864855
     0.19864863
     0.19864863
     0.19864863
     0.19864863
     0.19864863
     0.19864863
     0.19864863
     0.19864863
     0.19864863
     0.19864863
     0.19864863
     0.19864863
     0.19864863
     0.19864863
     0.19864863
     0.19864880
     0.19864879
     0.19864879
     0.19864878
     0.19864878
     0.19864877
     0.19864877
     0.19864877
     0.19864876
     0.19864876
     0.19864876
     0.19864875
     0.19864875
     0.19864875
     0.19864874
     0.19864874
     0.19864874
     0.19864873
     0.19864873
     0.19864873
     0.19864873
     0.19864872
     0.19864872
     0.19864872
     0.19864871
     0.19864871
     0.19864871
     0.19864871
     0.19864870
     0.19864870
     0.19864870
     0.19864869
     0.19864869
     0.19864869
     0.19864869
     0.19864868
     0.19864868
     0.19864868
     0.19864868
     0.19864867
     0.19864867
     0.19864867
     0.19864866
     0.19864866
     0.19864882
     0.19864879
     0.19864876
     0.19864872
     0.19864869
     0.19864878
     0.19191919
     0.18181818
     0.17171717
     0.16161616
     0.15151515
     0.14141414
     0.13131313
     0.12121212
     0.11111111
     0.10101010
     0.09090909
     0.08080808
     0.07070707
     0.06060606
     0.05050505
     0.04040404
     0.03030303
     0.02020202
     0.01010101
     0.00000000
     0.00000000
     0.00000000
     0.00000000
     0.00000000
     0.00000000
     0.00000000
     0.00000000
     0.00000000
     0.00000000
     0.00000000
     0.00000000
     0.00000000
     0.19849190
     0.19849186
     0.19849182
     0.19849190
     0.19849190
     0.19849190
     0.19849190
     0.19849190
     0.19849190
     0.19849190
     0.19849190
     0.19849190
     0.19849190
     0.19849190
     0.19849190
     0.19849190
     0.19849190
     0.19849190
     0.19849193
     0.19849207
     0.19849206
     0.19849205
     0.19849205
     0.19849205
     0.19849204
     0.19849204
     0.19849203
     0.19849203
     0.19849203
     0.19849202
     0.19849202
     0.19849202
     0.19849201
     0.19849201
     0.19849201
     0.19849201
     0.19849200
     0.19849200
     0.19849200
     0.19849199
     0.19849199
     0.19849199
     0.19849198
     0.19849198
     0.19849198
     0.19849198
     0.19849197
     0.19849197
     0.19849197
     0.19849197
     0.19849196
     0.19849196
     0.19849196
     0.19849195
     0.19849195
     0.19849195
     0.19849195
     0.19849194
     0.19849194
     0.19849194
     0.19849194
     0.19849193
     0.19849210
     0.19849206
     0.19849203
     0.19849199
     0.19849196
     0.19849206
     0.19191919
     0.18181818
     0.17171717
     0.16161616
     0.15151515
     0.14141414
     0.13131313
     0.12121212
     0.11111111
     0.10101010
     0.09090909
     0.08080808
     0.07070707
     0.06060606
     0.05050505
     0.04040404
     0.03030303
     0.02020202
     0.01010101
     0.00000000
     0.00000000
     0.00000000
     0.00000000
     0.00000000
     0.00000000
     0.00000000
     0.00000000
     0.00000000
     0.00000000
     0.00000000
     0.00000000
     0.00000000
     0.19833551
     0.19833547
     0.19833543
     0.19833552
     0.19833552
     0.19833552
     0.19833551
     0.19833551
     0.19833551
     0.19833551
     0.19833551
     0.19833551
     0.19833551
     0.19833551
     0.19833551
     0.19833551
     0.19833551
     0.19833551
     0.19833554
     0.19833568
     0.19833567
     0.19833567
     0.19833566
     0.19833566
     0.19833566
     0.19833565
     0.19833565
     0.19833565
     0.19833564
     0.19833564
     0.19833564
     0.19833563
     0.19833563
     0.19833563
     0.19833562
     0.19833562
     0.19833562
     0.19833561
     0.19833561
     0.19833561
     0.19833561
     0.19833560
     0.19833560
     0.19833560
     0.19833559
     0.19833559
     0.19833559
     0.19833559
     0.19833558
     0.19833558
     0.19833558
     0.19833557
     0.19833557
     0.19833557
     0.19833557
     0.19833556
     0.19833556
     0.19833556
     0.19833556
     0.19833555
     0.19833555
     0.19833555
     0.19833571
     0.19833568
     0.19833564
     0.19833561
     0.19833558
     0.19833568
     0.19191919
     0.18181818
     0.17171717
     0.16161616
     0.15151515
     0.14141414
     0.13131313
     0.12121212
     0.11111111
     0.10101010
     0.09090909
     0.08080808
     0.07070707
     0.06060606
     0.05050505
     0.04040404
     0.03030303
     0.02020202
     0.01010101
     0.00000000
     0.00000000
     0.00000000
     0.00000000
     0.00000000
     0.00000000
     0.00000000
     0.00000000
     0.00000000
     0.00000000
     0.00000000
     0.00000000
     0.00000000
     0.19817947
     0.19817943
     0.19817939
     0.19817948
     0.19817947
     0.19817947
     0.19817947
     0.19817947
     0.19817947
     0.19817947
     0.19817947
     0.19817947
     0.19817947
     0.19817947
     0.19817947
     0.19817947
     0.19817947
     0.19817947
     0.19817950
     0.19817964
     0.19817963
     0.19817963
     0.19817962
     0.19817962
     0.19817961
     0.19817961
     0.19817961
     0.19817960
     0.19817960
     0.19817960
     0.19817959
     0.19817959
     0.19817959
     0.19817958
     0.19817958
     0.19817958
     0.19817958
     0.19817957
     0.19817957
     0.19817957
     0.19817956
     0.19817956
     0.19817956
     0.19817955
     0.19817955
     0.19817955
     0.19817955
     0.19817954
     0.19817954
     0.19817954
     0.19817954
     0.19817953
     0.19817953
     0.19817953
     0.19817952
     0.19817952
     0.19817952
     0.19817952
     0.19817951
     0.19817951
     0.19817951
     0.19817950
     0.19817967
     0.19817964
     0.19817960
     0.19817957
     0.19817953
     0.19817965
     0.19191919
     0.18181818
     0.17171717
     0.16161616
     0.15151515
     0.14141414
     0.13131313
     0.12121212
     0.11111111
     0.10101010
     0.09090909
     0.08080808
     0.07070707
     0.06060606
     0.05050505
     0.04040404
     0.03030303
     0.02020202
     0.01010101
     0.00000000
     0.00000000
     0.00000000
     0.00000000
     0.00000000
     0.00000000
     0.00000000
     0.00000000
     0.00000000
     0.00000000
     0.00000000
     0.00000000
     0.00000000
     0.19802377
     0.19802373
     0.19802369
     0.19802378
     0.19802377
     0.19802377
     0.19802377
     0.19802377
     0.19802377
     0.19802377
     0.19802377
     0.19802377
     0.19802377
     0.19802377
     0.19802377
     0.19802377
     0.19802377
     0.19802377
     0.19802380
     0.19802394
     0.19802393
     0.19802393
     0.19802392
     0.19802392
     0.19802392
     0.19802391
     0.19802391
     0.19802390
     0.19802390
     0.19802390
     0.19802389
     0.19802389
     0.19802389
     0.19802388
     0.19802388
     0.19802388
     0.19802388
     0.19802387
     0.19802387
     0.19802387
     0.19802386
     0.19802386
     0.19802386
     0.19802386
     0.19802385
     0.19802385
     0.19802385
     0.19802384
     0.19802384
     0.19802384
     0.19802384
     0.19802383
     0.19802383
     0.19802383
     0.19802382
     0.19802382
     0.19802382
     0.19802382
     0.19802381
     0.19802381
     0.19802381
     0.19802380
     0.19802397
     0.19802394
     0.19802390
     0.19802387
     0.19802383
     0.19802395
     0.19191919
     0.18181818
     0.17171717
     0.16161616
     0.15151515
     0.14141414
     0.13131313
     0.12121212
     0.11111111
     0.10101010
     0.09090909
     0.08080808
     0.07070707
     0.06060606
     0.05050505
     0.04040404
     0.03030303
     0.02020202
     0.01010101
     0.00000000
     0.00000000
     0.00000000
     0.00000000
     0.00000000
     0.00000000
     0.00000000
     0.00000000
     0.00000000
     0.00000000
     0.00000000
     0.00000000
     0.00000000
     0.19786841
     0.19786837
     0.19786833
     0.19786842
     0.19786842
     0.19786841
     0.19786841
     0.19786841
     0.19786841
     0.19786841
     0.19786841
     0.19786841
     0.19786841
     0.19786841
     0.19786841
     0.19786841
     0.19786841
     0.19786841
     0.19786844
     0.19786858
     0.19786858
     0.19786857
     0.19786857
     0.19786856
     0.19786856
     0.19786855
     0.19786855
     0.19786855
     0.19786854
     0.19786854
     0.19786854
     0.19786853
     0.19786853
     0.19786853
     0.19786852
     0.19786852
     0.19786852
     0.19786851
     0.19786851
     0.19786851
     0.19786850
     0.19786850
     0.19786850
     0.19786850
     0.19786849
     0.19786849
     0.19786849
     0.19786848
     0.19786848
     0.19786848
     0.19786848
     0.19786847
     0.19786847
     0.19786847
     0.19786847
     0.19786846
     0.19786846
     0.19786846
     0.19786845
     0.19786845
     0.19786845
     0.19786845
     0.19786861
     0.19786858
     0.19786854
     0.19786851
     0.19786848
     0.19786844
     0.19191919
     0.18181818
     0.17171717
     0.16161616
     0.15151515
     0.14141414
     0.13131313
     0.12121212
     0.11111111
     0.10101010
     0.09090909
     0.08080808
     0.07070707
     0.06060606
     0.05050505
     0.04040404
     0.03030303
     0.02020202
     0.01010101
     0.00000000
     0.00000000
     0.00000000
     0.00000000
     0.00000000
     0.00000000
     0.00000000
     0.00000000
     0.00000000
     0.00000000
     0.00000000
     0.00000000
     0.00000000
     0.19771340
     0.19771335
     0.19771331
     0.19771340
     0.19771340
     0.19771339
     0.19771339
     0.19771339
     0.19771339
     0.19771339
     0.19771339
     0.19771339
     0.19771339
     0.19771339
     0.19771339
     0.19771339
     0.19771339
     0.19771339
     0.19771342
     0.19771356
     0.19771356
     0.19771355
     0.19771355
     0.19771354
     0.19771354
     0.19771353
     0.19771353
     0.19771353
     0.19771352
     0.19771352
     0.19771352
     0.19771351
     0.19771351
     0.19771351
     0.19771350
     0.19771350
     0.19771350
     0.19771350
     0.19771349
     0.19771349
     0.19771349
     0.19771348
     0.19771348
     0.19771348
     0.19771347
     0.19771347
     0.19771347
     0.19771347
     0.19771346
     0.19771346
     0.19771346
     0.19771345
     0.19771345
     0.19771345
     0.19771345
     0.19771344
     0.19771344
     0.19771344
     0.19771344
     0.19771343
     0.19771343
     0.19771343
     0.19771359
     0.19771356
     0.19771353
     0.19771349
     0.19771346
     0.19771342
     0.19191919
     0.18181818
     0.17171717
     0.16161616
     0.15151515
     0.14141414
     0.13131313
     0.12121212
     0.11111111
     0.10101010
     0.09090909
     0.08080808
     0.07070707
     0.06060606
     0.05050505
     0.04040404
     0.03030303
     0.02020202
     0.01010101
     0.00000000
     0.00000000
     0.00000000
     0.00000000
     0.00000000
     0.00000000
     0.00000000
     0.00000000
     0.00000000
     0.00000000
     0.00000000
     0.00000000
     0.00000000
     0.19755858
     0.19755867
     0.19755863
     0.19755872
     0.19755872
     0.19755872
     0.19755871
     0.19755871
     0.19755871
     0.19755871
     0.19755871
     0.19755871
     0.19755871
     0.19755871
     0.19755871
     0.19755871
     0.19755871
     0.19755871
     0.19755874
     0.19755889
     0.19755888
     0.19755887
     0.19755887
     0.19755886
     0.19755886
     0.19755886
     0.19755885
     0.19755885
     0.19755884
     0.19755884
     0.19755884
     0.19755883
     0.19755883
     0.19755883
     0.19755882
     0.19755882
     0.19755882
     0.19755882
     0.19755881
     0.19755881
     0.19755881
     0.19755880
     0.19755880
     0.19755880
     0.19755880
     0.19755879
     0.19755879
     0.19755879
     0.19755878
     0.19755878
     0.19755878
     0.19755878
     0.19755877
     0.19755877
     0.19755877
     0.19755876
     0.19755876
     0.19755876
     0.19755876
     0.19755875
     0.19755875
     0.19755875
     0.19755892
     0.19755888
     0.19755885
     0.19755881
     0.19755878
     0.19755874
     0.19191919
     0.18181818
     0.17171717
     0.16161616
     0.15151515
     0.14141414
     0.13131313
     0.12121212
     0.11111111
     0.10101010
     0.09090909
     0.08080808
     0.07070707
     0.06060606
     0.05050505
     0.04040404
     0.03030303
     0.02020202
     0.01010101
     0.00000000
     0.00000000
     0.00000000
     0.00000000
     0.00000000
     0.00000000
     0.00000000
     0.00000000
     0.00000000
     0.00000000
     0.00000000
     0.00000000
     0.00000000
     0.19740424
     0.19740433
     0.19740429
     0.19740438
     0.19740437
     0.19740437
     0.19740437
     0.19740437
     0.19740437
     0.19740437
     0.19740437
     0.19740437
     0.19740437
     0.19740437
     0.19740437
     0.19740437
     0.19740437
     0.19740437
     0.19740440
     0.19740454
     0.19740454
     0.19740453
     0.19740453
     0.19740452
     0.19740452
     0.19740451
     0.19740451
     0.19740451
     0.19740450
     0.19740450
     0.19740450
     0.19740449
     0.19740449
     0.19740449
     0.19740448
     0.19740448
     0.19740448
     0.19740447
     0.19740447
     0.19740447
     0.19740447
     0.19740446
     0.19740446
     0.19740446
     0.19740445
     0.19740445
     0.19740445
     0.19740444
     0.19740444
     0.19740444
     0.19740444
     0.19740443
     0.19740443
     0.19740443
     0.19740442
     0.19740442
     0.19740442
     0.19740442
     0.19740441
     0.19740441
     0.19740441
     0.19740441
     0.19740458
     0.19740454
     0.19740451
     0.19740447
     0.19740444
     0.19740440
     0.19191919
     0.18181818
     0.17171717
     0.16161616
     0.15151515
     0.14141414
     0.13131313
     0.12121212
     0.11111111
     0.10101010
     0.09090909
     0.08080808
     0.07070707
     0.06060606
     0.05050505
     0.04040404
     0.03030303
     0.02020202
     0.01010101
     0.00000000
     0.00000000
     0.00000000
     0.00000000
     0.00000000
     0.00000000
     0.00000000
     0.00000000
     0.00000000
     0.00000000
     0.00000000
     0.00000000
     0.00000000
     0.19725025
     0.19725033
     0.19725029
     0.19725037
     0.19725037
     0.19725037
     0.19725037
     0.19725037
     0.19725036
     0.19725036
     0.19725036
     0.19725036
     0.19725036
     0.19725036
     0.19725036
     0.19725036
     0.19725036
     0.19725037
     0.19725040
     0.19725054
     0.19725053
     0.19725053
     0.19725052
     0.19725052
     0.19725051
     0.19725051
     0.19725051
     0.19725050
     0.19725050
     0.19725050
     0.19725049
     0.19725049
     0.19725049
     0.19725048
     0.19725048
     0.19725048
     0.19725047
     0.19725047
     0.19725047
     0.19725046
     0.19725046
     0.19725046
     0.19725045
     0.19725045
     0.19725045
     0.19725045
     0.19725044
     0.19725044
     0.19725044
     0.19725043
     0.19725043
     0.19725043
     0.19725043
     0.19725042
     0.19725042
     0.19725042
     0.19725041
     0.19725041
     0.19725041
     0.19725041
     0.19725040
     0.19725040
     0.19725057
     0.19725054
     0.19725050
     0.19725047
     0.19725043
     0.19725040
     0.19191919
     0.18181818
     0.17171717
     0.16161616
     0.15151515
     0.14141414
     0.13131313
     0.12121212
     0.11111111
     0.10101010
     0.09090909
     0.08080808
     0.07070707
     0.06060606
     0.05050505
     0.04040404
     0.03030303
     0.02020202
     0.01010101
     0.00000000
     0.00000000
     0.00000000
     0.00000000
     0.00000000
     0.00000000
     0.00000000
     0.00000000
     0.00000000
     0.00000000
     0.00000000
     0.00000000
     0.00000000
     0.19709659
     0.19709666
     0.19709662
     0.19709670
     0.19709670
     0.19709670
     0.19709670
     0.19709670
     0.19709670
     0.19709669
     0.19709669
     0.19709669
     0.19709669
     0.19709669
     0.19709669
     0.19709669
     0.19709670
     0.19709670
     0.19709673
     0.19709687
     0.19709687
     0.19709686
     0.19709685
     0.19709685
     0.19709685
     0.19709684
     0.19709684
     0.19709683
     0.19709683
     0.19709683
     0.19709682
     0.19709682
     0.19709682
     0.19709681
     0.19709681
     0.19709681
     0.19709680
     0.19709680
     0.19709680
     0.19709679
     0.19709679
     0.19709679
     0.19709679
     0.19709678
     0.19709678
     0.19709678
     0.19709677
     0.19709677
     0.19709677
     0.19709677
     0.19709676
     0.19709676
     0.19709676
     0.19709675
     0.19709675
     0.19709675
     0.19709675
     0.19709674
     0.19709674
     0.19709674
     0.19709673
     0.19709673
     0.19709690
     0.19709687
     0.19709683
     0.19709680
     0.19709676
     0.19709673
     0.19191919
     0.18181818
     0.17171717
     0.16161616
     0.15151515
     0.14141414
     0.13131313
     0.12121212
     0.11111111
     0.10101010
     0.09090909
     0.08080808
     0.07070707
     0.06060606
     0.05050505
     0.04040404
     0.03030303
     0.02020202
     0.01010101
     0.00000000
     0.00000000
     0.00000000
     0.00000000
     0.00000000
     0.00000000
     0.00000000
     0.00000000
     0.00000000
     0.00000000
     0.00000000
     0.00000000
     0.00000000
     0.19694326
     0.19694332
     0.19694329
     0.19694337
     0.19694337
     0.19694336
     0.19694336
     0.19694336
     0.19694336
     0.19694336
     0.19694336
     0.19694336
     0.19694336
     0.19694336
     0.19694336
     0.19694336
     0.19694336
     0.19694336
     0.19694339
     0.19694354
     0.19694353
     0.19694353
     0.19694352
     0.19694352
     0.19694351
     0.19694351
     0.19694350
     0.19694350
     0.19694350
     0.19694349
     0.19694349
     0.19694349
     0.19694348
     0.19694348
     0.19694348
     0.19694347
     0.19694347
     0.19694347
     0.19694346
     0.19694346
     0.19694346
     0.19694345
     0.19694345
     0.19694345
     0.19694345
     0.19694344
     0.19694344
     0.19694344
     0.19694343
     0.19694343
     0.19694343
     0.19694343
     0.19694342
     0.19694342
     0.19694342
     0.19694341
     0.19694341
     0.19694341
     0.19694341
     0.19694340
     0.19694340
     0.19694340
     0.19694339
     0.19694354
     0.19694350
     0.19694347
     0.19694343
     0.19694340
     0.19191919
     0.18181818
     0.17171717
     0.16161616
     0.15151515
     0.14141414
     0.13131313
     0.12121212
     0.11111111
     0.10101010
     0.09090909
     0.08080808
     0.07070707
     0.06060606
     0.05050505
     0.04040404
     0.03030303
     0.02020202
     0.01010101
     0.00000000
     0.00000000
     0.00000000
     0.00000000
     0.00000000
     0.00000000
     0.00000000
     0.00000000
     0.00000000
     0.00000000
     0.00000000
     0.00000000
     0.00000000
     0.19679027
     0.19679032
     0.19679029
     0.19679037
     0.19679037
     0.19679036
     0.19679036
     0.19679036
     0.19679036
     0.19679036
     0.19679036
     0.19679036
     0.19679036
     0.19679036
     0.19679036
     0.19679036
     0.19679036
     0.19679036
     0.19679039
     0.19679054
     0.19679053
     0.19679053
     0.19679052
     0.19679052
     0.19679051
     0.19679051
     0.19679050
     0.19679050
     0.19679050
     0.19679049
     0.19679049
     0.19679049
     0.19679048
     0.19679048
     0.19679048
     0.19679047
     0.19679047
     0.19679047
     0.19679046
     0.19679046
     0.19679046
     0.19679045
     0.19679045
     0.19679045
     0.19679045
     0.19679044
     0.19679044
     0.19679044
     0.19679043
     0.19679043
     0.19679043
     0.19679043
     0.19679042
     0.19679042
     0.19679042
     0.19679041
     0.19679041
     0.19679041
     0.19679041
     0.19679040
     0.19679040
     0.19679040
     0.19679039
     0.19679054
     0.19679050
     0.19679047
     0.19679043
     0.19679040
     0.19191919
     0.18181818
     0.17171717
     0.16161616
     0.15151515
     0.14141414
     0.13131313
     0.12121212
     0.11111111
     0.10101010
     0.09090909
     0.08080808
     0.07070707
     0.06060606
     0.05050505
     0.04040404
     0.03030303
     0.02020202
     0.01010101
     0.00000000
     0.00000000
     0.00000000
     0.00000000
     0.00000000
     0.00000000
     0.00000000
     0.00000000
     0.00000000
     0.00000000
     0.00000000
     0.00000000
     0.00000000
     0.19663761
     0.19663766
     0.19663762
     0.19663770
     0.19663770
     0.19663770
     0.19663769
     0.19663769
     0.19663769
     0.19663769
     0.19663769
     0.19663769
     0.19663769
     0.19663769
     0.19663769
     0.19663769
     0.19663769
     0.19663769
     0.19663773
     0.19663772
     0.19663787
     0.19663786
     0.19663785
     0.19663785
     0.19663785
     0.19663784
     0.19663784
     0.19663783
     0.19663783
     0.19663783
     0.19663782
     0.19663782
     0.19663782
     0.19663781
     0.19663781
     0.19663781
     0.19663780
     0.19663780
     0.19663780
     0.19663779
     0.19663779
     0.19663779
     0.19663778
     0.19663778
     0.19663778
     0.19663778
     0.19663777
     0.19663777
     0.19663777
     0.19663776
     0.19663776
     0.19663776
     0.19663776
     0.19663775
     0.19663775
     0.19663775
     0.19663774
     0.19663774
     0.19663774
     0.19663774
     0.19663773
     0.19663773
     0.19663773
     0.19663787
     0.19663783
     0.19663780
     0.19663776
     0.19663773
     0.19191919
     0.18181818
     0.17171717
     0.16161616
     0.15151515
     0.14141414
     0.13131313
     0.12121212
     0.11111111
     0.10101010
     0.09090909
     0.08080808
     0.07070707
     0.06060606
     0.05050505
     0.04040404
     0.03030303
     0.02020202
     0.01010101
     0.00000000
     0.00000000
     0.00000000
     0.00000000
     0.00000000
     0.00000000
     0.00000000
     0.00000000
     0.00000000
     0.00000000
     0.00000000
     0.00000000
     0.00000000
     0.19648528
     0.19648532
     0.19648528
     0.19648536
     0.19648536
     0.19648536
     0.19648536
     0.19648536
     0.19648536
     0.19648536
     0.19648536
     0.19648536
     0.19648536
     0.19648536
     0.19648536
     0.19648536
     0.19648536
     0.19648536
     0.19648539
     0.19648539
     0.19648553
     0.19648552
     0.19648552
     0.19648551
     0.19648551
     0.19648551
     0.19648550
     0.19648550
     0.19648549
     0.19648549
     0.19648549
     0.19648548
     0.19648548
     0.19648548
     0.19648547
     0.19648547
     0.19648547
     0.19648546
     0.19648546
     0.19648546
     0.19648546
     0.19648545
     0.19648545
     0.19648545
     0.19648544
     0.19648544
     0.19648544
     0.19648543
     0.19648543
     0.19648543
     0.19648543
     0.19648542
     0.19648542
     0.19648542
     0.19648541
     0.19648541
     0.19648541
     0.19648541
     0.19648540
     0.19648540
     0.19648540
     0.19648539
     0.19648539
     0.19648553
     0.19648550
     0.19648546
     0.19648543
     0.19648539
     0.19191919
     0.18181818
     0.17171717
     0.16161616
     0.15151515
     0.14141414
     0.13131313
     0.12121212
     0.11111111
     0.10101010
     0.09090909
     0.08080808
     0.07070707
     0.06060606
     0.05050505
     0.04040404
     0.03030303
     0.02020202
     0.01010101
     0.00000000
     0.00000000
     0.00000000
     0.00000000
     0.00000000
     0.00000000
     0.00000000
     0.00000000
     0.00000000
     0.00000000
     0.00000000
     0.00000000
     0.00000000
     0.19633329
     0.19633332
     0.19633328
     0.19633336
     0.19633336
     0.19633336
     0.19633335
     0.19633335
     0.19633335
     0.19633335
     0.19633335
     0.19633335
     0.19633335
     0.19633335
     0.19633335
     0.19633335
     0.19633335
     0.19633335
     0.19633338
     0.19633338
     0.19633353
     0.19633352
     0.19633352
     0.19633351
     0.19633351
     0.19633350
     0.19633350
     0.19633349
     0.19633349
     0.19633349
     0.19633348
     0.19633348
     0.19633348
     0.19633347
     0.19633347
     0.19633347
     0.19633346
     0.19633346
     0.19633346
     0.19633345
     0.19633345
     0.19633345
     0.19633344
     0.19633344
     0.19633344
     0.19633344
     0.19633343
     0.19633343
     0.19633343
     0.19633342
     0.19633342
     0.19633342
     0.19633341
     0.19633341
     0.19633341
     0.19633341
     0.19633340
     0.19633340
     0.19633340
     0.19633339
     0.19633339
     0.19633339
     0.19633339
     0.19633353
     0.19633350
     0.19633346
     0.19633342
     0.19633339
     0.19191919
     0.18181818
     0.17171717
     0.16161616
     0.15151515
     0.14141414
     0.13131313
     0.12121212
     0.11111111
     0.10101010
     0.09090909
     0.08080808
     0.07070707
     0.06060606
     0.05050505
     0.04040404
     0.03030303
     0.02020202
     0.01010101
     0.00000000
     0.00000000
     0.00000000
     0.00000000
     0.00000000
     0.00000000
     0.00000000
     0.00000000
     0.00000000
     0.00000000
     0.00000000
     0.00000000
     0.00000000
     0.19618162
     0.19618164
     0.19618160
     0.19618168
     0.19618168
     0.19618168
     0.19618168
     0.19618168
     0.19618168
     0.19618168
     0.19618168
     0.19618167
     0.19618167
     0.19618168
     0.19618168
     0.19618168
     0.19618168
     0.19618168
     0.19618171
     0.19618171
     0.19618185
     0.19618185
     0.19618184
     0.19618184
     0.19618183
     0.19618183
     0.19618182
     0.19618182
     0.19618182
     0.19618181
     0.19618181
     0.19618180
     0.19618180
     0.19618180
     0.19618179
     0.19618179
     0.19618179
     0.19618179
     0.19618178
     0.19618178
     0.19618178
     0.19618177
     0.19618177
     0.19618177
     0.19618176
     0.19618176
     0.19618176
     0.19618175
     0.19618175
     0.19618175
     0.19618175
     0.19618174
     0.19618174
     0.19618174
     0.19618173
     0.19618173
     0.19618173
     0.19618173
     0.19618172
     0.19618172
     0.19618172
     0.19618171
     0.19618171
     0.19618186
     0.19618182
     0.19618179
     0.19618175
     0.19618172
     0.19191919
     0.18181818
     0.17171717
     0.16161616
     0.15151515
     0.14141414
     0.13131313
     0.12121212
     0.11111111
     0.10101010
     0.09090909
     0.08080808
     0.07070707
     0.06060606
     0.05050505
     0.04040404
     0.03030303
     0.02020202
     0.01010101
     0.00000000
     0.00000000
     0.00000000
     0.00000000
     0.00000000
     0.00000000
     0.00000000
     0.00000000
     0.00000000
     0.00000000
     0.00000000
     0.00000000
     0.00000000
     0.19603028
     0.19603030
     0.19603026
     0.19603034
     0.19603034
     0.19603033
     0.19603033
     0.19603033
     0.19603033
     0.19603033
     0.19603033
     0.19603033
     0.19603033
     0.19603033
     0.19603033
     0.19603033
     0.19603033
     0.19603033
     0.19603033
     0.19603036
     0.19603051
     0.19603050
     0.19603050
     0.19603049
     0.19603049
     0.19603048
     0.19603048
     0.19603047
     0.19603047
     0.19603047
     0.19603046
     0.19603046
     0.19603046
     0.19603045
     0.19603045
     0.19603045
     0.19603044
     0.19603044
     0.19603044
     0.19603043
     0.19603043
     0.19603043
     0.19603042
     0.19603042
     0.19603042
     0.19603041
     0.19603041
     0.19603041
     0.19603041
     0.19603040
     0.19603040
     0.19603040
     0.19603039
     0.19603039
     0.19603039
     0.19603038
     0.19603038
     0.19603038
     0.19603038
     0.19603037
     0.19603037
     0.19603037
     0.19603036
     0.19603051
     0.19603048
     0.19603044
     0.19603040
     0.19603037
     0.19191919
     0.18181818
     0.17171717
     0.16161616
     0.15151515
     0.14141414
     0.13131313
     0.12121212
     0.11111111
     0.10101010
     0.09090909
     0.08080808
     0.07070707
     0.06060606
     0.05050505
     0.04040404
     0.03030303
     0.02020202
     0.01010101
     0.00000000
     0.00000000
     0.00000000
     0.00000000
     0.00000000
     0.00000000
     0.00000000
     0.00000000
     0.00000000
     0.00000000
     0.00000000
     0.00000000
     0.00000000
     0.19587927
     0.19587928
     0.19587924
     0.19587932
     0.19587932
     0.19587932
     0.19587931
     0.19587931
     0.19587931
     0.19587931
     0.19587931
     0.19587931
     0.19587931
     0.19587931
     0.19587931
     0.19587931
     0.19587931
     0.19587931
     0.19587931
     0.19587934
     0.19587949
     0.19587948
     0.19587948
     0.19587947
     0.19587947
     0.19587946
     0.19587946
     0.19587946
     0.19587945
     0.19587945
     0.19587944
     0.19587944
     0.19587944
     0.19587943
     0.19587943
     0.19587943
     0.19587942
     0.19587942
     0.19587942
     0.19587941
     0.19587941
     0.19587941
     0.19587941
     0.19587940
     0.19587940
     0.19587940
     0.19587939
     0.19587939
     0.19587939
     0.19587938
     0.19587938
     0.19587938
     0.19587938
     0.19587937
     0.19587937
     0.19587937
     0.19587936
     0.19587936
     0.19587936
     0.19587935
     0.19587935
     0.19587935
     0.19587935
     0.19587949
     0.19587946
     0.19587942
     0.19587939
     0.19587935
     0.19191919
     0.18181818
     0.17171717
     0.16161616
     0.15151515
     0.14141414
     0.13131313
     0.12121212
     0.11111111
     0.10101010
     0.09090909
     0.08080808
     0.07070707
     0.06060606
     0.05050505
     0.04040404
     0.03030303
     0.02020202
     0.01010101
     0.00000000
     0.00000000
     0.00000000
     0.00000000
     0.00000000
     0.00000000
     0.00000000
     0.00000000
     0.00000000
     0.00000000
     0.00000000
     0.00000000
     0.00000000
     0.19572859
     0.19572859
     0.19572855
     0.19572863
     0.19572863
     0.19572862
     0.19572862
     0.19572862
     0.19572862
     0.19572862
     0.19572862
     0.19572862
     0.19572862
     0.19572862
     0.19572862
     0.19572862
     0.19572862
     0.19572862
     0.19572862
     0.19572865
     0.19572880
     0.19572879
     0.19572879
     0.19572878
     0.19572878
     0.19572877
     0.19572877
     0.19572876
     0.19572876
     0.19572876
     0.19572875
     0.19572875
     0.19572875
     0.19572874
     0.19572874
     0.19572874
     0.19572873
     0.19572873
     0.19572873
     0.19572872
     0.19572872
     0.19572872
     0.19572871
     0.19572871
     0.19572871
     0.19572870
     0.19572870
     0.19572870
     0.19572870
     0.19572869
     0.19572869
     0.19572869
     0.19572868
     0.19572868
     0.19572868
     0.19572867
     0.19572867
     0.19572867
     0.19572867
     0.19572866
     0.19572866
     0.19572866
     0.19572865
     0.19572880
     0.19572877
     0.19572873
     0.19572870
     0.19572866
     0.19191919
     0.18181818
     0.17171717
     0.16161616
     0.15151515
     0.14141414
     0.13131313
     0.12121212
     0.11111111
     0.10101010
     0.09090909
     0.08080808
     0.07070707
     0.06060606
     0.05050505
     0.04040404
     0.03030303
     0.02020202
     0.01010101
     0.00000000
     0.00000000
     0.00000000
     0.00000000
     0.00000000
     0.00000000
     0.00000000
     0.00000000
     0.00000000
     0.00000000
     0.00000000
     0.00000000
     0.00000000
     0.19557823
     0.19557822
     0.19557818
     0.19557826
     0.19557826
     0.19557826
     0.19557826
     0.19557825
     0.19557825
     0.19557825
     0.19557825
     0.19557825
     0.19557825
     0.19557825
     0.19557825
     0.19557825
     0.19557825
     0.19557825
     0.19557826
     0.19557829
     0.19557843
     0.19557843
     0.19557842
     0.19557842
     0.19557841
     0.19557841
     0.19557840
     0.19557840
     0.19557839
     0.19557839
     0.19557839
     0.19557838
     0.19557838
     0.19557838
     0.19557837
     0.19557837
     0.19557837
     0.19557836
     0.19557836
     0.19557836
     0.19557835
     0.19557835
     0.19557835
     0.19557835
     0.19557834
     0.19557834
     0.19557834
     0.19557833
     0.19557833
     0.19557833
     0.19557832
     0.19557832
     0.19557832
     0.19557832
     0.19557831
     0.19557831
     0.19557831
     0.19557830
     0.19557830
     0.19557830
     0.19557829
     0.19557829
     0.19557829
     0.19557844
     0.19557840
     0.19557837
     0.19557833
     0.19557829
     0.19191919
     0.18181818
     0.17171717
     0.16161616
     0.15151515
     0.14141414
     0.13131313
     0.12121212
     0.11111111
     0.10101010
     0.09090909
     0.08080808
     0.07070707
     0.06060606
     0.05050505
     0.04040404
     0.03030303
     0.02020202
     0.01010101
     0.00000000
     0.00000000
     0.00000000
     0.00000000
     0.00000000
     0.00000000
     0.00000000
     0.00000000
     0.00000000
     0.00000000
     0.00000000
     0.00000000
     0.00000000
     0.19542820
     0.19542818
     0.19542814
     0.19542822
     0.19542822
     0.19542822
     0.19542821
     0.19542821
     0.19542821
     0.19542821
     0.19542821
     0.19542821
     0.19542821
     0.19542821
     0.19542821
     0.19542821
     0.19542821
     0.19542821
     0.19542821
     0.19542824
     0.19542839
     0.19542839
     0.19542838
     0.19542838
     0.19542837
     0.19542837
     0.19542836
     0.19542836
     0.19542835
     0.19542835
     0.19542835
     0.19542834
     0.19542834
     0.19542834
     0.19542833
     0.19542833
     0.19542833
     0.19542832
     0.19542832
     0.19542832
     0.19542831
     0.19542831
     0.19542831
     0.19542830
     0.19542830
     0.19542830
     0.19542830
     0.19542829
     0.19542829
     0.19542829
     0.19542828
     0.19542828
     0.19542828
     0.19542827
     0.19542827
     0.19542827
     0.19542827
     0.19542826
     0.19542826
     0.19542826
     0.19542825
     0.19542825
     0.19542825
     0.19542840
     0.19542836
     0.19542833
     0.19542829
     0.19542825
     0.19191919
     0.18181818
     0.17171717
     0.16161616
     0.15151515
     0.14141414
     0.13131313
     0.12121212
     0.11111111
     0.10101010
     0.09090909
     0.08080808
     0.07070707
     0.06060606
     0.05050505
     0.04040404
     0.03030303
     0.02020202
     0.01010101
     0.00000000
     0.00000000
     0.00000000
     0.00000000
     0.00000000
     0.00000000
     0.00000000
     0.00000000
     0.00000000
     0.00000000
     0.00000000
     0.00000000
     0.00000000
     0.19527849
     0.19527846
     0.19527842
     0.19527850
     0.19527850
     0.19527850
     0.19527850
     0.19527850
     0.19527849
     0.19527849
     0.19527849
     0.19527849
     0.19527849
     0.19527849
     0.19527849
     0.19527849
     0.19527850
     0.19527850
     0.19527850
     0.19527853
     0.19527868
     0.19527867
     0.19527866
     0.19527866
     0.19527865
     0.19527865
     0.19527865
     0.19527864
     0.19527864
     0.19527863
     0.19527863
     0.19527863
     0.19527862
     0.19527862
     0.19527862
     0.19527861
     0.19527861
     0.19527861
     0.19527860
     0.19527860
     0.19527860
     0.19527859
     0.19527859
     0.19527859
     0.19527858
     0.19527858
     0.19527858
     0.19527857
     0.19527857
     0.19527857
     0.19527857
     0.19527856
     0.19527856
     0.19527856
     0.19527855
     0.19527855
     0.19527855
     0.19527854
     0.19527854
     0.19527854
     0.19527854
     0.19527853
     0.19527853
     0.19527868
     0.19527865
     0.19527861
     0.19527857
     0.19527854
     0.19191919
     0.18181818
     0.17171717
     0.16161616
     0.15151515
     0.14141414
     0.13131313
     0.12121212
     0.11111111
     0.10101010
     0.09090909
     0.08080808
     0.07070707
     0.06060606
     0.05050505
     0.04040404
     0.03030303
     0.02020202
     0.01010101
     0.00000000
     0.00000000
     0.00000000
     0.00000000
     0.00000000
     0.00000000
     0.00000000
     0.00000000
     0.00000000
     0.00000000
     0.00000000
     0.00000000
     0.00000000
     0.19512896
     0.19512907
     0.19512903
     0.19512911
     0.19512911
     0.19512910
     0.19512910
     0.19512910
     0.19512910
     0.19512910
     0.19512910
     0.19512910
     0.19512910
     0.19512910
     0.19512910
     0.19512910
     0.19512910
     0.19512910
     0.19512910
     0.19512913
     0.19512928
     0.19512928
     0.19512927
     0.19512927
     0.19512926
     0.19512926
     0.19512925
     0.19512925
     0.19512924
     0.19512924
     0.19512924
     0.19512923
     0.19512923
     0.19512923
     0.19512922
     0.19512922
     0.19512922
     0.19512921
     0.19512921
     0.19512921
     0.19512920
     0.19512920
     0.19512920
     0.19512919
     0.19512919
     0.19512919
     0.19512918
     0.19512918
     0.19512918
     0.19512917
     0.19512917
     0.19512917
     0.19512917
     0.19512916
     0.19512916
     0.19512916
     0.19512915
     0.19512915
     0.19512915
     0.19512914
     0.19512914
     0.19512914
     0.19512914
     0.19512929
     0.19512925
     0.19512922
     0.19512918
     0.19512914
     0.19191919
     0.18181818
     0.17171717
     0.16161616
     0.15151515
     0.14141414
     0.13131313
     0.12121212
     0.11111111
     0.10101010
     0.09090909
     0.08080808
     0.07070707
     0.06060606
     0.05050505
     0.04040404
     0.03030303
     0.02020202
     0.01010101
     0.00000000
     0.00000000
     0.00000000
     0.00000000
     0.00000000
     0.00000000
     0.00000000
     0.00000000
     0.00000000
     0.00000000
     0.00000000
     0.00000000
     0.00000000
     0.19498000
     0.19498000
     0.19497996
     0.19498004
     0.19498003
     0.19498003
     0.19498003
     0.19498003
     0.19498003
     0.19498003
     0.19498003
     0.19498003
     0.19498003
     0.19498003
     0.19498003
     0.19498003
     0.19498003
     0.19498003
     0.19498003
     0.19498006
     0.19498021
     0.19498020
     0.19498020
     0.19498019
     0.19498019
     0.19498018
     0.19498018
     0.19498018
     0.19498017
     0.19498017
     0.19498016
     0.19498016
     0.19498016
     0.19498015
     0.19498015
     0.19498015
     0.19498014
     0.19498014
     0.19498014
     0.19498013
     0.19498013
     0.19498013
     0.19498012
     0.19498012
     0.19498012
     0.19498011
     0.19498011
     0.19498011
     0.19498011
     0.19498010
     0.19498010
     0.19498010
     0.19498009
     0.19498009
     0.19498009
     0.19498008
     0.19498008
     0.19498008
     0.19498007
     0.19498007
     0.19498007
     0.19498007
     0.19498006
     0.19498022
     0.19498018
     0.19498014
     0.19498011
     0.19498007
     0.19191919
     0.18181818
     0.17171717
     0.16161616
     0.15151515
     0.14141414
     0.13131313
     0.12121212
     0.11111111
     0.10101010
     0.09090909
     0.08080808
     0.07070707
     0.06060606
     0.05050505
     0.04040404
     0.03030303
     0.02020202
     0.01010101
     0.00000000
     0.00000000
     0.00000000
     0.00000000
     0.00000000
     0.00000000
     0.00000000
     0.00000000
     0.00000000
     0.00000000
     0.00000000
     0.00000000
     0.00000000
     0.00000000
     0.19483125
     0.19483121
     0.19483128
     0.19483128
     0.19483128
     0.19483128
     0.19483128
     0.19483128
     0.19483128
     0.19483127
     0.19483127
     0.19483127
     0.19483127
     0.19483127
     0.19483128
     0.19483128
     0.19483128
     0.19483128
     0.19483131
     0.19483131
     0.19483145
     0.19483145
     0.19483144
     0.19483144
     0.19483143
     0.19483143
     0.19483142
     0.19483142
     0.19483142
     0.19483141
     0.19483141
     0.19483141
     0.19483140
     0.19483140
     0.19483140
     0.19483139
     0.19483139
     0.19483139
     0.19483138
     0.19483138
     0.19483138
     0.19483137
     0.19483137
     0.19483137
     0.19483136
     0.19483136
     0.19483136
     0.19483135
     0.19483135
     0.19483135
     0.19483134
     0.19483134
     0.19483134
     0.19483134
     0.19483133
     0.19483133
     0.19483133
     0.19483132
     0.19483132
     0.19483132
     0.19483131
     0.19483131
     0.19483147
     0.19483143
     0.19483139
     0.19483136
     0.19483132
     0.19191919
     0.18181818
     0.17171717
     0.16161616
     0.15151515
     0.14141414
     0.13131313
     0.12121212
     0.11111111
     0.10101010
     0.09090909
     0.08080808
     0.07070707
     0.06060606
     0.05050505
     0.04040404
     0.03030303
     0.02020202
     0.01010101
     0.00000000
     0.00000000
     0.00000000
     0.00000000
     0.00000000
     0.00000000
     0.00000000
     0.00000000
     0.00000000
     0.00000000
     0.00000000
     0.00000000
     0.00000000
     0.00000000
     0.19468282
     0.19468277
     0.19468285
     0.19468285
     0.19468285
     0.19468285
     0.19468285
     0.19468284
     0.19468284
     0.19468284
     0.19468284
     0.19468284
     0.19468284
     0.19468284
     0.19468284
     0.19468284
     0.19468285
     0.19468285
     0.19468288
     0.19468288
     0.19468302
     0.19468302
     0.19468301
     0.19468301
     0.19468300
     0.19468300
     0.19468299
     0.19468299
     0.19468299
     0.19468298
     0.19468298
     0.19468297
     0.19468297
     0.19468297
     0.19468296
     0.19468296
     0.19468296
     0.19468295
     0.19468295
     0.19468295
     0.19468294
     0.19468294
     0.19468294
     0.19468293
     0.19468293
     0.19468293
     0.19468293
     0.19468292
     0.19468292
     0.19468292
     0.19468291
     0.19468291
     0.19468291
     0.19468290
     0.19468290
     0.19468290
     0.19468289
     0.19468289
     0.19468289
     0.19468289
     0.19468288
     0.19468288
     0.19468303
     0.19468300
     0.19468296
     0.19468292
     0.19468289
     0.19191919
     0.18181818
     0.17171717
     0.16161616
     0.15151515
     0.14141414
     0.13131313
     0.12121212
     0.11111111
     0.10101010
     0.09090909
     0.08080808
     0.07070707
     0.06060606
     0.05050505
     0.04040404
     0.03030303
     0.02020202
     0.01010101
     0.00000000
     0.00000000
     0.00000000
     0.00000000
     0.00000000
     0.00000000
     0.00000000
     0.00000000
     0.00000000
     0.00000000
     0.00000000
     0.00000000
     0.00000000
     0.00000000
     0.19453470
     0.19453466
     0.19453474
     0.19453474
     0.19453474
     0.19453473
     0.19453473
     0.19453473
     0.19453473
     0.19453473
     0.19453473
     0.19453473
     0.19453473
     0.19453473
     0.19453473
     0.19453473
     0.19453473
     0.19453473
     0.19453476
     0.19453476
     0.19453491
     0.19453490
     0.19453490
     0.19453489
     0.19453489
     0.19453489
     0.19453488
     0.19453488
     0.19453487
     0.19453487
     0.19453487
     0.19453486
     0.19453486
     0.19453485
     0.19453485
     0.19453485
     0.19453484
     0.19453484
     0.19453484
     0.19453483
     0.19453483
     0.19453483
     0.19453483
     0.19453482
     0.19453482
     0.19453482
     0.19453481
     0.19453481
     0.19453481
     0.19453480
     0.19453480
     0.19453480
     0.19453479
     0.19453479
     0.19453479
     0.19453479
     0.19453478
     0.19453478
     0.19453478
     0.19453477
     0.19453477
     0.19453477
     0.19453492
     0.19453489
     0.19453485
     0.19453481
     0.19453478
     0.19191919
     0.18181818
     0.17171717
     0.16161616
     0.15151515
     0.14141414
     0.13131313
     0.12121212
     0.11111111
     0.10101010
     0.09090909
     0.08080808
     0.07070707
     0.06060606
     0.05050505
     0.04040404
     0.03030303
     0.02020202
     0.01010101
     0.00000000
     0.00000000
     0.00000000
     0.00000000
     0.00000000
     0.00000000
     0.00000000
     0.00000000
     0.00000000
     0.00000000
     0.00000000
     0.00000000
     0.00000000
     0.00000000
     0.19438691
     0.19438687
     0.19438694
     0.19438694
     0.19438694
     0.19438694
     0.19438694
     0.19438694
     0.19438694
     0.19438693
     0.19438693
     0.19438693
     0.19438693
     0.19438693
     0.19438694
     0.19438694
     0.19438694
     0.19438694
     0.19438697
     0.19438697
     0.19438712
     0.19438711
     0.19438711
     0.19438710
     0.19438710
     0.19438709
     0.19438709
     0.19438708
     0.19438708
     0.19438707
     0.19438707
     0.19438707
     0.19438706
     0.19438706
     0.19438706
     0.19438705
     0.19438705
     0.19438705
     0.19438704
     0.19438704
     0.19438704
     0.19438703
     0.19438703
     0.19438703
     0.19438702
     0.19438702
     0.19438702
     0.19438702
     0.19438701
     0.19438701
     0.19438701
     0.19438700
     0.19438700
     0.19438700
     0.19438699
     0.19438699
     0.19438699
     0.19438698
     0.19438698
     0.19438698
     0.19438698
     0.19438697
     0.19438713
     0.19438709
     0.19438706
     0.19438702
     0.19438698
     0.19191919
     0.18181818
     0.17171717
     0.16161616
     0.15151515
     0.14141414
     0.13131313
     0.12121212
     0.11111111
     0.10101010
     0.09090909
     0.08080808
     0.07070707
     0.06060606
     0.05050505
     0.04040404
     0.03030303
     0.02020202
     0.01010101
     0.00000000
     0.00000000
     0.00000000
     0.00000000
     0.00000000
     0.00000000
     0.00000000
     0.00000000
     0.00000000
     0.00000000
     0.00000000
     0.00000000
     0.00000000
     0.00000000
     0.19423943
     0.19423939
     0.19423947
     0.19423946
     0.19423946
     0.19423946
     0.19423946
     0.19423946
     0.19423946
     0.19423946
     0.19423946
     0.19423946
     0.19423946
     0.19423946
     0.19423946
     0.19423946
     0.19423946
     0.19423946
     0.19423949
     0.19423949
     0.19423964
     0.19423963
     0.19423963
     0.19423962
     0.19423962
     0.19423961
     0.19423961
     0.19423961
     0.19423960
     0.19423960
     0.19423959
     0.19423959
     0.19423959
     0.19423958
     0.19423958
     0.19423958
     0.19423957
     0.19423957
     0.19423957
     0.19423956
     0.19423956
     0.19423956
     0.19423955
     0.19423955
     0.19423955
     0.19423954
     0.19423954
     0.19423954
     0.19423953
     0.19423953
     0.19423953
     0.19423953
     0.19423952
     0.19423952
     0.19423952
     0.19423951
     0.19423951
     0.19423951
     0.19423950
     0.19423950
     0.19423950
     0.19423949
     0.19423949
     0.19423962
     0.19423958
     0.19423954
     0.19423951
     0.19191919
     0.18181818
     0.17171717
     0.16161616
     0.15151515
     0.14141414
     0.13131313
     0.12121212
     0.11111111
     0.10101010
     0.09090909
     0.08080808
     0.07070707
     0.06060606
     0.05050505
     0.04040404
     0.03030303
     0.02020202
     0.01010101
     0.00000000
     0.00000000
     0.00000000
     0.00000000
     0.00000000
     0.00000000
     0.00000000
     0.00000000
     0.00000000
     0.00000000
     0.00000000
     0.00000000
     0.00000000
     0.00000000
     0.19409227
     0.19409223
     0.19409231
     0.19409230
     0.19409230
     0.19409230
     0.19409230
     0.19409230
     0.19409230
     0.19409230
     0.19409229
     0.19409229
     0.19409229
     0.19409230
     0.19409230
     0.19409230
     0.19409230
     0.19409230
     0.19409233
     0.19409233
     0.19409248
     0.19409247
     0.19409247
     0.19409246
     0.19409246
     0.19409245
     0.19409245
     0.19409244
     0.19409244
     0.19409244
     0.19409243
     0.19409243
     0.19409243
     0.19409242
     0.19409242
     0.19409242
     0.19409241
     0.19409241
     0.19409240
     0.19409240
     0.19409240
     0.19409240
     0.19409239
     0.19409239
     0.19409239
     0.19409238
     0.19409238
     0.19409238
     0.19409237
     0.19409237
     0.19409237
     0.19409236
     0.19409236
     0.19409236
     0.19409235
     0.19409235
     0.19409235
     0.19409235
     0.19409234
     0.19409234
     0.19409234
     0.19409233
     0.19409233
     0.19409245
     0.19409242
     0.19409238
     0.19409234
     0.19191919
     0.18181818
     0.17171717
     0.16161616
     0.15151515
     0.14141414
     0.13131313
     0.12121212
     0.11111111
     0.10101010
     0.09090909
     0.08080808
     0.07070707
     0.06060606
     0.05050505
     0.04040404
     0.03030303
     0.02020202
     0.01010101
     0.00000000
     0.00000000
     0.00000000
     0.00000000
     0.00000000
     0.00000000
     0.00000000
     0.00000000
     0.00000000
     0.00000000
     0.00000000
     0.00000000
     0.00000000
     0.00000000
     0.19394542
     0.19394538
     0.19394546
     0.19394546
     0.19394545
     0.19394545
     0.19394545
     0.19394545
     0.19394545
     0.19394545
     0.19394545
     0.19394545
     0.19394545
     0.19394545
     0.19394545
     0.19394545
     0.19394545
     0.19394545
     0.19394548
     0.19394548
     0.19394563
     0.19394563
     0.19394562
     0.19394562
     0.19394561
     0.19394561
     0.19394560
     0.19394560
     0.19394559
     0.19394559
     0.19394559
     0.19394558
     0.19394558
     0.19394558
     0.19394557
     0.19394557
     0.19394557
     0.19394556
     0.19394556
     0.19394556
     0.19394555
     0.19394555
     0.19394555
     0.19394554
     0.19394554
     0.19394554
     0.19394553
     0.19394553
     0.19394553
     0.19394552
     0.19394552
     0.19394552
     0.19394551
     0.19394551
     0.19394551
     0.19394550
     0.19394550
     0.19394550
     0.19394550
     0.19394549
     0.19394549
     0.19394549
     0.19394548
     0.19394561
     0.19394557
     0.19394553
     0.19394550
     0.19191919
     0.18181818
     0.17171717
     0.16161616
     0.15151515
     0.14141414
     0.13131313
     0.12121212
     0.11111111
     0.10101010
     0.09090909
     0.08080808
     0.07070707
     0.06060606
     0.05050505
     0.04040404
     0.03030303
     0.02020202
     0.01010101
     0.00000000
     0.00000000
     0.00000000
     0.00000000
     0.00000000
     0.00000000
     0.00000000
     0.00000000
     0.00000000
     0.00000000
     0.00000000
     0.00000000
     0.00000000
     0.00000000
     0.19379889
     0.19379885
     0.19379893
     0.19379892
     0.19379892
     0.19379892
     0.19379892
     0.19379892
     0.19379892
     0.19379892
     0.19379892
     0.19379892
     0.19379892
     0.19379892
     0.19379892
     0.19379892
     0.19379892
     0.19379892
     0.19379895
     0.19379895
     0.19379910
     0.19379910
     0.19379909
     0.19379908
     0.19379908
     0.19379908
     0.19379907
     0.19379907
     0.19379906
     0.19379906
     0.19379906
     0.19379905
     0.19379905
     0.19379904
     0.19379904
     0.19379904
     0.19379903
     0.19379903
     0.19379903
     0.19379902
     0.19379902
     0.19379902
     0.19379901
     0.19379901
     0.19379901
     0.19379900
     0.19379900
     0.19379900
     0.19379899
     0.19379899
     0.19379899
     0.19379899
     0.19379898
     0.19379898
     0.19379898
     0.19379897
     0.19379897
     0.19379897
     0.19379896
     0.19379896
     0.19379896
     0.19379895
     0.19379895
     0.19379908
     0.19379904
     0.19379900
     0.19379897
     0.19191919
     0.18181818
     0.17171717
     0.16161616
     0.15151515
     0.14141414
     0.13131313
     0.12121212
     0.11111111
     0.10101010
     0.09090909
     0.08080808
     0.07070707
     0.06060606
     0.05050505
     0.04040404
     0.03030303
     0.02020202
     0.01010101
     0.00000000
     0.00000000
     0.00000000
     0.00000000
     0.00000000
     0.00000000
     0.00000000
     0.00000000
     0.00000000
     0.00000000
     0.00000000
     0.00000000
     0.00000000
     0.00000000
     0.19365267
     0.19365263
     0.19365271
     0.19365271
     0.19365270
     0.19365270
     0.19365270
     0.19365270
     0.19365270
     0.19365270
     0.19365270
     0.19365270
     0.19365270
     0.19365270
     0.19365270
     0.19365270
     0.19365270
     0.19365270
     0.19365273
     0.19365273
     0.19365289
     0.19365288
     0.19365287
     0.19365287
     0.19365286
     0.19365286
     0.19365285
     0.19365285
     0.19365284
     0.19365284
     0.19365284
     0.19365283
     0.19365283
     0.19365283
     0.19365282
     0.19365282
     0.19365282
     0.19365281
     0.19365281
     0.19365280
     0.19365280
     0.19365280
     0.19365280
     0.19365279
     0.19365279
     0.19365279
     0.19365278
     0.19365278
     0.19365278
     0.19365277
     0.19365277
     0.19365277
     0.19365276
     0.19365276
     0.19365276
     0.19365275
     0.19365275
     0.19365275
     0.19365274
     0.19365274
     0.19365274
     0.19365274
     0.19365273
     0.19365286
     0.19365282
     0.19365278
     0.19365275
     0.19191919
     0.18181818
     0.17171717
     0.16161616
     0.15151515
     0.14141414
     0.13131313
     0.12121212
     0.11111111
     0.10101010
     0.09090909
     0.08080808
     0.07070707
     0.06060606
     0.05050505
     0.04040404
     0.03030303
     0.02020202
     0.01010101
     0.00000000
     0.00000000
     0.00000000
     0.00000000
     0.00000000
     0.00000000
     0.00000000
     0.00000000
     0.00000000
     0.00000000
     0.00000000
     0.00000000
     0.00000000
     0.00000000
     0.19350677
     0.19350673
     0.19350680
     0.19350680
     0.19350680
     0.19350679
     0.19350679
     0.19350679
     0.19350679
     0.19350679
     0.19350679
     0.19350679
     0.19350679
     0.19350679
     0.19350679
     0.19350679
     0.19350679
     0.19350679
     0.19350683
     0.19350683
     0.19350698
     0.19350697
     0.19350697
     0.19350696
     0.19350696
     0.19350695
     0.19350695
     0.19350694
     0.19350694
     0.19350693
     0.19350693
     0.19350693
     0.19350692
     0.19350692
     0.19350692
     0.19350691
     0.19350691
     0.19350691
     0.19350690
     0.19350690
     0.19350690
     0.19350689
     0.19350689
     0.19350689
     0.19350688
     0.19350688
     0.19350688
     0.19350687
     0.19350687
     0.19350687
     0.19350686
     0.19350686
     0.19350686
     0.19350685
     0.19350685
     0.19350685
     0.19350684
     0.19350684
     0.19350684
     0.19350683
     0.19350683
     0.19350683
     0.19350683
     0.19350695
     0.19350692
     0.19350688
     0.19350684
     0.19191919
     0.18181818
     0.17171717
     0.16161616
     0.15151515
     0.14141414
     0.13131313
     0.12121212
     0.11111111
     0.10101010
     0.09090909
     0.08080808
     0.07070707
     0.06060606
     0.05050505
     0.04040404
     0.03030303
     0.02020202
     0.01010101
     0.00000000
     0.00000000
     0.00000000
     0.00000000
     0.00000000
     0.00000000
     0.00000000
     0.00000000
     0.00000000
     0.00000000
     0.00000000
     0.00000000
     0.00000000
     0.00000000
     0.19336117
     0.19336113
     0.19336121
     0.19336120
     0.19336120
     0.19336120
     0.19336120
     0.19336120
     0.19336120
     0.19336119
     0.19336119
     0.19336119
     0.19336119
     0.19336119
     0.19336120
     0.19336120
     0.19336120
     0.19336120
     0.19336123
     0.19336123
     0.19336139
     0.19336138
     0.19336137
     0.19336137
     0.19336136
     0.19336136
     0.19336135
     0.19336135
     0.19336134
     0.19336134
     0.19336134
     0.19336133
     0.19336133
     0.19336132
     0.19336132
     0.19336132
     0.19336131
     0.19336131
     0.19336131
     0.19336130
     0.19336130
     0.19336130
     0.19336129
     0.19336129
     0.19336129
     0.19336128
     0.19336128
     0.19336128
     0.19336127
     0.19336127
     0.19336127
     0.19336126
     0.19336126
     0.19336126
     0.19336126
     0.19336125
     0.19336125
     0.19336125
     0.19336124
     0.19336124
     0.19336124
     0.19336123
     0.19336123
     0.19336136
     0.19336132
     0.19336128
     0.19336125
     0.19191919
     0.18181818
     0.17171717
     0.16161616
     0.15151515
     0.14141414
     0.13131313
     0.12121212
     0.11111111
     0.10101010
     0.09090909
     0.08080808
     0.07070707
     0.06060606
     0.05050505
     0.04040404
     0.03030303
     0.02020202
     0.01010101
     0.00000000
     0.00000000
     0.00000000
     0.00000000
     0.00000000
     0.00000000
     0.00000000
     0.00000000
     0.00000000
     0.00000000
     0.00000000
     0.00000000
     0.00000000
     0.00000000
     0.19321589
     0.19321585
     0.19321592
     0.19321592
     0.19321592
     0.19321591
     0.19321591
     0.19321591
     0.19321591
     0.19321591
     0.19321591
     0.19321591
     0.19321591
     0.19321591
     0.19321591
     0.19321591
     0.19321591
     0.19321591
     0.19321592
     0.19321595
     0.19321594
     0.19321609
     0.19321609
     0.19321608
     0.19321608
     0.19321607
     0.19321607
     0.19321606
     0.19321606
     0.19321606
     0.19321605
     0.19321605
     0.19321604
     0.19321604
     0.19321604
     0.19321603
     0.19321603
     0.19321603
     0.19321602
     0.19321602
     0.19321602
     0.19321601
     0.19321601
     0.19321601
     0.19321600
     0.19321600
     0.19321600
     0.19321599
     0.19321599
     0.19321599
     0.19321598
     0.19321598
     0.19321598
     0.19321597
     0.19321597
     0.19321597
     0.19321596
     0.19321596
     0.19321596
     0.19321595
     0.19321595
     0.19321595
     0.19321595
     0.19321608
     0.19321604
     0.19321600
     0.19321596
     0.19191919
     0.18181818
     0.17171717
     0.16161616
     0.15151515
     0.14141414
     0.13131313
     0.12121212
     0.11111111
     0.10101010
     0.09090909
     0.08080808
     0.07070707
     0.06060606
     0.05050505
     0.04040404
     0.03030303
     0.02020202
     0.01010101
     0.00000000
     0.00000000
     0.00000000
     0.00000000
     0.00000000
     0.00000000
     0.00000000
     0.00000000
     0.00000000
     0.00000000
     0.00000000
     0.00000000
     0.00000000
     0.00000000
     0.19307091
     0.19307087
     0.19307095
     0.19307094
     0.19307094
     0.19307094
     0.19307094
     0.19307094
     0.19307094
     0.19307093
     0.19307093
     0.19307093
     0.19307093
     0.19307093
     0.19307094
     0.19307094
     0.19307094
     0.19307094
     0.19307094
     0.19307097
     0.19307097
     0.19307112
     0.19307111
     0.19307111
     0.19307110
     0.19307110
     0.19307109
     0.19307109
     0.19307108
     0.19307108
     0.19307108
     0.19307107
     0.19307107
     0.19307107
     0.19307106
     0.19307106
     0.19307105
     0.19307105
     0.19307105
     0.19307104
     0.19307104
     0.19307104
     0.19307103
     0.19307103
     0.19307103
     0.19307102
     0.19307102
     0.19307102
     0.19307101
     0.19307101
     0.19307101
     0.19307100
     0.19307100
     0.19307100
     0.19307100
     0.19307099
     0.19307099
     0.19307099
     0.19307098
     0.19307098
     0.19307098
     0.19307097
     0.19307097
     0.19307110
     0.19307106
     0.19307103
     0.19307099
     0.19191919
     0.18181818
     0.17171717
     0.16161616
     0.15151515
     0.14141414
     0.13131313
     0.12121212
     0.11111111
     0.10101010
     0.09090909
     0.08080808
     0.07070707
     0.06060606
     0.05050505
     0.04040404
     0.03030303
     0.02020202
     0.01010101
     0.00000000
     0.00000000
     0.00000000
     0.00000000
     0.00000000
     0.00000000
     0.00000000
     0.00000000
     0.00000000
     0.00000000
     0.00000000
     0.00000000
     0.00000000
     0.00000000
     0.19292625
     0.19292621
     0.19292628
     0.19292628
     0.19292627
     0.19292627
     0.19292627
     0.19292627
     0.19292627
     0.19292627
     0.19292627
     0.19292627
     0.19292627
     0.19292627
     0.19292627
     0.19292627
     0.19292627
     0.19292627
     0.19292627
     0.19292630
     0.19292630
     0.19292645
     0.19292645
     0.19292644
     0.19292644
     0.19292643
     0.19292643
     0.19292642
     0.19292642
     0.19292641
     0.19292641
     0.19292641
     0.19292640
     0.19292640
     0.19292640
     0.19292639
     0.19292639
     0.19292638
     0.19292638
     0.19292638
     0.19292637
     0.19292637
     0.19292637
     0.19292636
     0.19292636
     0.19292636
     0.19292635
     0.19292635
     0.19292635
     0.19292634
     0.19292634
     0.19292634
     0.19292634
     0.19292633
     0.19292633
     0.19292633
     0.19292632
     0.19292632
     0.19292632
     0.19292631
     0.19292631
     0.19292631
     0.19292630
     0.19292644
     0.19292640
     0.19292636
     0.19292632
     0.19191919
     0.18181818
     0.17171717
     0.16161616
     0.15151515
     0.14141414
     0.13131313
     0.12121212
     0.11111111
     0.10101010
     0.09090909
     0.08080808
     0.07070707
     0.06060606
     0.05050505
     0.04040404
     0.03030303
     0.02020202
     0.01010101
     0.00000000
     0.00000000
     0.00000000
     0.00000000
     0.00000000
     0.00000000
     0.00000000
     0.00000000
     0.00000000
     0.00000000
     0.00000000
     0.00000000
     0.00000000
     0.00000000
     0.19278189
     0.19278185
     0.19278192
     0.19278192
     0.19278191
     0.19278191
     0.19278191
     0.19278191
     0.19278191
     0.19278191
     0.19278191
     0.19278191
     0.19278191
     0.19278191
     0.19278191
     0.19278191
     0.19278191
     0.19278191
     0.19278193
     0.19278194
     0.19278194
     0.19278210
     0.19278209
     0.19278208
     0.19278208
     0.19278207
     0.19278207
     0.19278206
     0.19278206
     0.19278206
     0.19278205
     0.19278205
     0.19278204
     0.19278204
     0.19278204
     0.19278203
     0.19278203
     0.19278203
     0.19278202
     0.19278202
     0.19278202
     0.19278201
     0.19278201
     0.19278201
     0.19278200
     0.19278200
     0.19278200
     0.19278199
     0.19278199
     0.19278199
     0.19278198
     0.19278198
     0.19278198
     0.19278197
     0.19278197
     0.19278197
     0.19278196
     0.19278196
     0.19278196
     0.19278195
     0.19278195
     0.19278195
     0.19278194
     0.19278208
     0.19278204
     0.19278200
     0.19278196
     0.19191919
     0.18181818
     0.17171717
     0.16161616
     0.15151515
     0.14141414
     0.13131313
     0.12121212
     0.11111111
     0.10101010
     0.09090909
     0.08080808
     0.07070707
     0.06060606
     0.05050505
     0.04040404
     0.03030303
     0.02020202
     0.01010101
     0.00000000
     0.00000000
     0.00000000
     0.00000000
     0.00000000
     0.00000000
     0.00000000
     0.00000000
     0.00000000
     0.00000000
     0.00000000
     0.00000000
     0.00000000
     0.00000000
     0.19263784
     0.19263780
     0.19263787
     0.19263786
     0.19263786
     0.19263786
     0.19263786
     0.19263786
     0.19263786
     0.19263786
     0.19263786
     0.19263786
     0.19263786
     0.19263786
     0.19263786
     0.19263786
     0.19263786
     0.19263786
     0.19263788
     0.19263789
     0.19263789
     0.19263804
     0.19263804
     0.19263803
     0.19263803
     0.19263802
     0.19263802
     0.19263801
     0.19263801
     0.19263800
     0.19263800
     0.19263800
     0.19263799
     0.19263799
     0.19263799
     0.19263798
     0.19263798
     0.19263797
     0.19263797
     0.19263797
     0.19263796
     0.19263796
     0.19263796
     0.19263795
     0.19263795
     0.19263795
     0.19263794
     0.19263794
     0.19263794
     0.19263793
     0.19263793
     0.19263793
     0.19263792
     0.19263792
     0.19263792
     0.19263791
     0.19263791
     0.19263791
     0.19263791
     0.19263790
     0.19263790
     0.19263790
     0.19263789
     0.19263803
     0.19263799
     0.19263795
     0.19263791
     0.19191919
     0.18181818
     0.17171717
     0.16161616
     0.15151515
     0.14141414
     0.13131313
     0.12121212
     0.11111111
     0.10101010
     0.09090909
     0.08080808
     0.07070707
     0.06060606
     0.05050505
     0.04040404
     0.03030303
     0.02020202
     0.01010101
     0.00000000
     0.00000000
     0.00000000
     0.00000000
     0.00000000
     0.00000000
     0.00000000
     0.00000000
     0.00000000
     0.00000000
     0.00000000
     0.00000000
     0.00000000
     0.00000000
     0.19249409
     0.19249405
     0.19249412
     0.19249412
     0.19249412
     0.19249411
     0.19249411
     0.19249411
     0.19249411
     0.19249411
     0.19249411
     0.19249411
     0.19249411
     0.19249411
     0.19249411
     0.19249411
     0.19249411
     0.19249411
     0.19249413
     0.19249415
     0.19249415
     0.19249430
     0.19249429
     0.19249429
     0.19249428
     0.19249428
     0.19249427
     0.19249427
     0.19249426
     0.19249426
     0.19249425
     0.19249425
     0.19249425
     0.19249424
     0.19249424
     0.19249424
     0.19249423
     0.19249423
     0.19249423
     0.19249422
     0.19249422
     0.19249421
     0.19249421
     0.19249421
     0.19249420
     0.19249420
     0.19249420
     0.19249419
     0.19249419
     0.19249419
     0.19249418
     0.19249418
     0.19249418
     0.19249418
     0.19249417
     0.19249417
     0.19249417
     0.19249416
     0.19249416
     0.19249416
     0.19249415
     0.19249415
     0.19249415
     0.19249428
     0.19249424
     0.19249420
     0.19249417
     0.19191919
     0.18181818
     0.17171717
     0.16161616
     0.15151515
     0.14141414
     0.13131313
     0.12121212
     0.11111111
     0.10101010
     0.09090909
     0.08080808
     0.07070707
     0.06060606
     0.05050505
     0.04040404
     0.03030303
     0.02020202
     0.01010101
     0.00000000
     0.00000000
     0.00000000
     0.00000000
     0.00000000
     0.00000000
     0.00000000
     0.00000000
     0.00000000
     0.00000000
     0.00000000
     0.00000000
     0.00000000
     0.00000000
     0.19235065
     0.19235061
     0.19235068
     0.19235068
     0.19235067
     0.19235067
     0.19235067
     0.19235067
     0.19235067
     0.19235067
     0.19235067
     0.19235067
     0.19235067
     0.19235067
     0.19235067
     0.19235067
     0.19235067
     0.19235067
     0.19235069
     0.19235070
     0.19235070
     0.19235086
     0.19235085
     0.19235085
     0.19235084
     0.19235084
     0.19235083
     0.19235083
     0.19235082
     0.19235082
     0.19235081
     0.19235081
     0.19235081
     0.19235080
     0.19235080
     0.19235079
     0.19235079
     0.19235079
     0.19235078
     0.19235078
     0.19235078
     0.19235077
     0.19235077
     0.19235077
     0.19235076
     0.19235076
     0.19235076
     0.19235075
     0.19235075
     0.19235075
     0.19235074
     0.19235074
     0.19235074
     0.19235073
     0.19235073
     0.19235073
     0.19235072
     0.19235072
     0.19235072
     0.19235071
     0.19235071
     0.19235071
     0.19235071
     0.19235084
     0.19235080
     0.19235076
     0.19235073
     0.19191919
     0.18181818
     0.17171717
     0.16161616
     0.15151515
     0.14141414
     0.13131313
     0.12121212
     0.11111111
     0.10101010
     0.09090909
     0.08080808
     0.07070707
     0.06060606
     0.05050505
     0.04040404
     0.03030303
     0.02020202
     0.01010101
     0.00000000
     0.00000000
     0.00000000
     0.00000000
     0.00000000
     0.00000000
     0.00000000
     0.00000000
     0.00000000
     0.00000000
     0.00000000
     0.00000000
     0.00000000
     0.00000000
     0.19220752
     0.19220747
     0.19220754
     0.19220754
     0.19220754
     0.19220754
     0.19220753
     0.19220753
     0.19220753
     0.19220753
     0.19220753
     0.19220753
     0.19220753
     0.19220753
     0.19220753
     0.19220753
     0.19220753
     0.19220753
     0.19220755
     0.19220757
     0.19220757
     0.19220772
     0.19220772
     0.19220771
     0.19220770
     0.19220770
     0.19220769
     0.19220769
     0.19220769
     0.19220768
     0.19220768
     0.19220767
     0.19220767
     0.19220767
     0.19220766
     0.19220766
     0.19220765
     0.19220765
     0.19220765
     0.19220764
     0.19220764
     0.19220764
     0.19220763
     0.19220763
     0.19220763
     0.19220762
     0.19220762
     0.19220762
     0.19220761
     0.19220761
     0.19220761
     0.19220760
     0.19220760
     0.19220760
     0.19220759
     0.19220759
     0.19220759
     0.19220758
     0.19220758
     0.19220758
     0.19220757
     0.19220757
     0.19220757
     0.19220770
     0.19220767
     0.19220763
     0.19220759
     0.19191919
     0.18181818
     0.17171717
     0.16161616
     0.15151515
     0.14141414
     0.13131313
     0.12121212
     0.11111111
     0.10101010
     0.09090909
     0.08080808
     0.07070707
     0.06060606
     0.05050505
     0.04040404
     0.03030303
     0.02020202
     0.01010101
     0.00000000
     0.00000000
     0.00000000
     0.00000000
     0.00000000
     0.00000000
     0.00000000
     0.00000000
     0.00000000
     0.00000000
     0.00000000
     0.00000000
     0.00000000
     0.00000000
     0.19206468
     0.19206464
     0.19206471
     0.19206471
     0.19206470
     0.19206470
     0.19206470
     0.19206470
     0.19206470
     0.19206470
     0.19206470
     0.19206470
     0.19206470
     0.19206470
     0.19206470
     0.19206470
     0.19206470
     0.19206470
     0.19206472
     0.19206473
     0.19206473
     0.19206489
     0.19206488
     0.19206488
     0.19206487
     0.19206487
     0.19206486
     0.19206486
     0.19206485
     0.19206485
     0.19206484
     0.19206484
     0.19206484
     0.19206483
     0.19206483
     0.19206482
     0.19206482
     0.19206482
     0.19206481
     0.19206481
     0.19206481
     0.19206480
     0.19206480
     0.19206480
     0.19206479
     0.19206479
     0.19206479
     0.19206478
     0.19206478
     0.19206478
     0.19206477
     0.19206477
     0.19206477
     0.19206476
     0.19206476
     0.19206476
     0.19206475
     0.19206475
     0.19206475
     0.19206474
     0.19206474
     0.19206474
     0.19206473
     0.19206487
     0.19206483
     0.19206479
     0.19206476
     0.19191919
     0.18181818
     0.17171717
     0.16161616
     0.15151515
     0.14141414
     0.13131313
     0.12121212
     0.11111111
     0.10101010
     0.09090909
     0.08080808
     0.07070707
     0.06060606
     0.05050505
     0.04040404
     0.03030303
     0.02020202
     0.01010101
     0.00000000
     0.00000000
     0.00000000
     0.00000000
     0.00000000
     0.00000000
     0.00000000
     0.00000000
     0.00000000
     0.00000000
     0.00000000
     0.00000000
     0.00000000
     0.00000000
     0.19192215
     0.19192211
     0.19192218
     0.19192217
     0.19192217
     0.19192217
     0.19192217
     0.19192217
     0.19192217
     0.19192217
     0.19192216
     0.19192216
     0.19192216
     0.19192217
     0.19192217
     0.19192217
     0.19192217
     0.19192217
     0.19192218
     0.19192220
     0.19192220
     0.19192236
     0.19192235
     0.19192235
     0.19192234
     0.19192233
     0.19192233
     0.19192233
     0.19192232
     0.19192232
     0.19192231
     0.19192231
     0.19192230
     0.19192230
     0.19192230
     0.19192229
     0.19192229
     0.19192229
     0.19192228
     0.19192228
     0.19192228
     0.19192227
     0.19192227
     0.19192226
     0.19192226
     0.19192226
     0.19192225
     0.19192225
     0.19192225
     0.19192224
     0.19192224
     0.19192224
     0.19192223
     0.19192223
     0.19192223
     0.19192222
     0.19192222
     0.19192222
     0.19192221
     0.19192221
     0.19192221
     0.19192221
     0.19192220
     0.19192234
     0.19192230
     0.19192226
     0.19192222
     0.19191919
     0.18181818
     0.17171717
     0.16161616
     0.15151515
     0.14141414
     0.13131313
     0.12121212
     0.11111111
     0.10101010
     0.09090909
     0.08080808
     0.07070707
     0.06060606
     0.05050505
     0.04040404
     0.03030303
     0.02020202
     0.01010101
     0.00000000
     0.00000000
     0.00000000
     0.00000000
     0.00000000
     0.00000000
     0.00000000
     0.00000000
     0.00000000
     0.00000000
     0.00000000
     0.00000000
     0.00000000
     0.00000000
     0.19177992
     0.19177988
     0.19177995
     0.19177994
     0.19177994
     0.19177994
     0.19177994
     0.19177994
     0.19177994
     0.19177993
     0.19177993
     0.19177993
     0.19177993
     0.19177993
     0.19177994
     0.19177994
     0.19177994
     0.19177994
     0.19177995
     0.19177997
     0.19177997
     0.19178013
     0.19178012
     0.19178012
     0.19178011
     0.19178010
     0.19178010
     0.19178010
     0.19178009
     0.19178009
     0.19178008
     0.19178008
     0.19178007
     0.19178007
     0.19178007
     0.19178006
     0.19178006
     0.19178006
     0.19178005
     0.19178005
     0.19178005
     0.19178004
     0.19178004
     0.19178003
     0.19178003
     0.19178003
     0.19178002
     0.19178002
     0.19178002
     0.19178001
     0.19178001
     0.19178001
     0.19178000
     0.19178000
     0.19178000
     0.19177999
     0.19177999
     0.19177999
     0.19177998
     0.19177998
     0.19177998
     0.19177997
     0.19177997
     0.19178011
     0.19178007
     0.19178003
     0.19177999
     0.19178003
     0.18181818
     0.17171717
     0.16161616
     0.15151515
     0.14141414
     0.13131313
     0.12121212
     0.11111111
     0.10101010
     0.09090909
     0.08080808
     0.07070707
     0.06060606
     0.05050505
     0.04040404
     0.03030303
     0.02020202
     0.01010101
     0.00000000
     0.00000000
     0.00000000
     0.00000000
     0.00000000
     0.00000000
     0.00000000
     0.00000000
     0.00000000
     0.00000000
     0.00000000
     0.00000000
     0.00000000
     0.00000000
     0.19163799
     0.19163795
     0.19163802
     0.19163801
     0.19163801
     0.19163801
     0.19163801
     0.19163801
     0.19163801
     0.19163800
     0.19163800
     0.19163800
     0.19163800
     0.19163800
     0.19163800
     0.19163801
     0.19163801
     0.19163801
     0.19163802
     0.19163804
     0.19163804
     0.19163820
     0.19163819
     0.19163819
     0.19163818
     0.19163818
     0.19163817
     0.19163817
     0.19163816
     0.19163816
     0.19163815
     0.19163815
     0.19163814
     0.19163814
     0.19163814
     0.19163813
     0.19163813
     0.19163813
     0.19163812
     0.19163812
     0.19163812
     0.19163811
     0.19163811
     0.19163810
     0.19163810
     0.19163810
     0.19163809
     0.19163809
     0.19163809
     0.19163808
     0.19163808
     0.19163808
     0.19163807
     0.19163807
     0.19163807
     0.19163806
     0.19163806
     0.19163806
     0.19163805
     0.19163805
     0.19163805
     0.19163804
     0.19163804
     0.19163818
     0.19163814
     0.19163810
     0.19163807
     0.19163818
     0.18181818
     0.17171717
     0.16161616
     0.15151515
     0.14141414
     0.13131313
     0.12121212
     0.11111111
     0.10101010
     0.09090909
     0.08080808
     0.07070707
     0.06060606
     0.05050505
     0.04040404
     0.03030303
     0.02020202
     0.01010101
     0.00000000
     0.00000000
     0.00000000
     0.00000000
     0.00000000
     0.00000000
     0.00000000
     0.00000000
     0.00000000
     0.00000000
     0.00000000
     0.00000000
     0.00000000
     0.00000000
     0.19149636
     0.19149632
     0.19149639
     0.19149638
     0.19149638
     0.19149638
     0.19149638
     0.19149638
     0.19149637
     0.19149637
     0.19149637
     0.19149637
     0.19149637
     0.19149637
     0.19149637
     0.19149638
     0.19149638
     0.19149638
     0.19149639
     0.19149641
     0.19149641
     0.19149641
     0.19149656
     0.19149656
     0.19149655
     0.19149655
     0.19149654
     0.19149654
     0.19149653
     0.19149653
     0.19149652
     0.19149652
     0.19149652
     0.19149651
     0.19149651
     0.19149650
     0.19149650
     0.19149650
     0.19149649
     0.19149649
     0.19149649
     0.19149648
     0.19149648
     0.19149647
     0.19149647
     0.19149647
     0.19149646
     0.19149646
     0.19149646
     0.19149645
     0.19149645
     0.19149645
     0.19149644
     0.19149644
     0.19149644
     0.19149643
     0.19149643
     0.19149643
     0.19149642
     0.19149642
     0.19149642
     0.19149641
     0.19149641
     0.19149655
     0.19149651
     0.19149647
     0.19149644
     0.19149641
     0.18181818
     0.17171717
     0.16161616
     0.15151515
     0.14141414
     0.13131313
     0.12121212
     0.11111111
     0.10101010
     0.09090909
     0.08080808
     0.07070707
     0.06060606
     0.05050505
     0.04040404
     0.03030303
     0.02020202
     0.01010101
     0.00000000
     0.00000000
     0.00000000
     0.00000000
     0.00000000
     0.00000000
     0.00000000
     0.00000000
     0.00000000
     0.00000000
     0.00000000
     0.00000000
     0.00000000
     0.00000000
     0.19135503
     0.19135499
     0.19135505
     0.19135505
     0.19135505
     0.19135505
     0.19135505
     0.19135504
     0.19135504
     0.19135504
     0.19135504
     0.19135504
     0.19135504
     0.19135504
     0.19135504
     0.19135504
     0.19135504
     0.19135505
     0.19135506
     0.19135508
     0.19135508
     0.19135508
     0.19135523
     0.19135523
     0.19135522
     0.19135521
     0.19135521
     0.19135521
     0.19135520
     0.19135520
     0.19135519
     0.19135519
     0.19135518
     0.19135518
     0.19135518
     0.19135517
     0.19135517
     0.19135516
     0.19135516
     0.19135516
     0.19135515
     0.19135515
     0.19135515
     0.19135514
     0.19135514
     0.19135514
     0.19135513
     0.19135513
     0.19135513
     0.19135512
     0.19135512
     0.19135512
     0.19135511
     0.19135511
     0.19135511
     0.19135510
     0.19135510
     0.19135510
     0.19135509
     0.19135509
     0.19135509
     0.19135508
     0.19135508
     0.19135508
     0.19135518
     0.19135514
     0.19135510
     0.19135509
     0.18181818
     0.17171717
     0.16161616
     0.15151515
     0.14141414
     0.13131313
     0.12121212
     0.11111111
     0.10101010
     0.09090909
     0.08080808
     0.07070707
     0.06060606
     0.05050505
     0.04040404
     0.03030303
     0.02020202
     0.01010101
     0.00000000
     0.00000000
     0.00000000
     0.00000000
     0.00000000
     0.00000000
     0.00000000
     0.00000000
     0.00000000
     0.00000000
     0.00000000
     0.00000000
     0.00000000
     0.00000000
     0.19121400
     0.19121395
     0.19121402
     0.19121402
     0.19121402
     0.19121401
     0.19121401
     0.19121401
     0.19121401
     0.19121401
     0.19121401
     0.19121401
     0.19121401
     0.19121401
     0.19121401
     0.19121401
     0.19121401
     0.19121401
     0.19121403
     0.19121405
     0.19121405
     0.19121404
     0.19121420
     0.19121419
     0.19121419
     0.19121418
     0.19121418
     0.19121417
     0.19121417
     0.19121416
     0.19121416
     0.19121415
     0.19121415
     0.19121415
     0.19121414
     0.19121414
     0.19121414
     0.19121413
     0.19121413
     0.19121412
     0.19121412
     0.19121412
     0.19121411
     0.19121411
     0.19121411
     0.19121410
     0.19121410
     0.19121410
     0.19121409
     0.19121409
     0.19121409
     0.19121408
     0.19121408
     0.19121408
     0.19121407
     0.19121407
     0.19121407
     0.19121406
     0.19121406
     0.19121406
     0.19121405
     0.19121405
     0.19121405
     0.19121404
     0.19121415
     0.19121411
     0.19121407
     0.19121406
     0.18181818
     0.17171717
     0.16161616
     0.15151515
     0.14141414
     0.13131313
     0.12121212
     0.11111111
     0.10101010
     0.09090909
     0.08080808
     0.07070707
     0.06060606
     0.05050505
     0.04040404
     0.03030303
     0.02020202
     0.01010101
     0.00000000
     0.00000000
     0.00000000
     0.00000000
     0.00000000
     0.00000000
     0.00000000
     0.00000000
     0.00000000
     0.00000000
     0.00000000
     0.00000000
     0.00000000
     0.00000000
     0.19107326
     0.19107322
     0.19107328
     0.19107328
     0.19107328
     0.19107328
     0.19107327
     0.19107327
     0.19107327
     0.19107327
     0.19107327
     0.19107327
     0.19107327
     0.19107327
     0.19107327
     0.19107327
     0.19107327
     0.19107329
     0.19107329
     0.19107331
     0.19107331
     0.19107331
     0.19107346
     0.19107346
     0.19107345
     0.19107345
     0.19107344
     0.19107344
     0.19107343
     0.19107343
     0.19107342
     0.19107342
     0.19107341
     0.19107341
     0.19107341
     0.19107340
     0.19107340
     0.19107340
     0.19107339
     0.19107339
     0.19107338
     0.19107338
     0.19107338
     0.19107337
     0.19107337
     0.19107337
     0.19107336
     0.19107336
     0.19107336
     0.19107335
     0.19107335
     0.19107335
     0.19107334
     0.19107334
     0.19107334
     0.19107333
     0.19107333
     0.19107333
     0.19107332
     0.19107332
     0.19107332
     0.19107331
     0.19107331
     0.19107331
     0.19107341
     0.19107337
     0.19107333
     0.19107333
     0.18181818
     0.17171717
     0.16161616
     0.15151515
     0.14141414
     0.13131313
     0.12121212
     0.11111111
     0.10101010
     0.09090909
     0.08080808
     0.07070707
     0.06060606
     0.05050505
     0.04040404
     0.03030303
     0.02020202
     0.01010101
     0.00000000
     0.00000000
     0.00000000
     0.00000000
     0.00000000
     0.00000000
     0.00000000
     0.00000000
     0.00000000
     0.00000000
     0.00000000
     0.00000000
     0.00000000
     0.00000000
     0.19093282
     0.19093278
     0.19093284
     0.19093284
     0.19093284
     0.19093284
     0.19093283
     0.19093283
     0.19093283
     0.19093283
     0.19093283
     0.19093283
     0.19093283
     0.19093283
     0.19093283
     0.19093283
     0.19093283
     0.19093285
     0.19093285
     0.19093287
     0.19093287
     0.19093287
     0.19093302
     0.19093302
     0.19093301
     0.19093301
     0.19093300
     0.19093300
     0.19093299
     0.19093299
     0.19093298
     0.19093298
     0.19093297
     0.19093297
     0.19093297
     0.19093296
     0.19093296
     0.19093295
     0.19093295
     0.19093295
     0.19093294
     0.19093294
     0.19093294
     0.19093293
     0.19093293
     0.19093293
     0.19093292
     0.19093292
     0.19093292
     0.19093291
     0.19093291
     0.19093291
     0.19093290
     0.19093290
     0.19093290
     0.19093289
     0.19093289
     0.19093289
     0.19093288
     0.19093288
     0.19093288
     0.19093287
     0.19093287
     0.19093287
     0.19093297
     0.19093293
     0.19093289
     0.19093290
     0.18181818
     0.17171717
     0.16161616
     0.15151515
     0.14141414
     0.13131313
     0.12121212
     0.11111111
     0.10101010
     0.09090909
     0.08080808
     0.07070707
     0.06060606
     0.05050505
     0.04040404
     0.03030303
     0.02020202
     0.01010101
     0.00000000
     0.00000000
     0.00000000
     0.00000000
     0.00000000
     0.00000000
     0.00000000
     0.00000000
     0.00000000
     0.00000000
     0.00000000
     0.00000000
     0.00000000
     0.00000000
     0.19079268
     0.19079263
     0.19079270
     0.19079269
     0.19079269
     0.19079269
     0.19079269
     0.19079269
     0.19079269
     0.19079269
     0.19079268
     0.19079268
     0.19079268
     0.19079268
     0.19079269
     0.19079269
     0.19079269
     0.19079270
     0.19079271
     0.19079272
     0.19079272
     0.19079272
     0.19079288
     0.19079287
     0.19079287
     0.19079286
     0.19079286
     0.19079285
     0.19079285
     0.19079284
     0.19079284
     0.19079283
     0.19079283
     0.19079283
     0.19079282
     0.19079282
     0.19079281
     0.19079281
     0.19079281
     0.19079280
     0.19079280
     0.19079280
     0.19079279
     0.19079279
     0.19079278
     0.19079278
     0.19079278
     0.19079277
     0.19079277
     0.19079277
     0.19079276
     0.19079276
     0.19079276
     0.19079275
     0.19079275
     0.19079275
     0.19079274
     0.19079274
     0.19079274
     0.19079273
     0.19079273
     0.19079273
     0.19079272
     0.19079272
     0.19079283
     0.19079279
     0.19079275
     0.19079276
     0.18181818
     0.17171717
     0.16161616
     0.15151515
     0.14141414
     0.13131313
     0.12121212
     0.11111111
     0.10101010
     0.09090909
     0.08080808
     0.07070707
     0.06060606
     0.05050505
     0.04040404
     0.03030303
     0.02020202
     0.01010101
     0.00000000
     0.00000000
     0.00000000
     0.00000000
     0.00000000
     0.00000000
     0.00000000
     0.00000000
     0.00000000
     0.00000000
     0.00000000
     0.00000000
     0.00000000
     0.00000000
     0.19065283
     0.19065278
     0.19065285
     0.19065284
     0.19065284
     0.19065284
     0.19065284
     0.19065284
     0.19065283
     0.19065283
     0.19065283
     0.19065283
     0.19065283
     0.19065283
     0.19065283
     0.19065284
     0.19065284
     0.19065285
     0.19065285
     0.19065287
     0.19065287
     0.19065287
     0.19065303
     0.19065302
     0.19065302
     0.19065301
     0.19065301
     0.19065300
     0.19065300
     0.19065299
     0.19065299
     0.19065298
     0.19065298
     0.19065297
     0.19065297
     0.19065297
     0.19065296
     0.19065296
     0.19065296
     0.19065295
     0.19065295
     0.19065294
     0.19065294
     0.19065294
     0.19065293
     0.19065293
     0.19065293
     0.19065292
     0.19065292
     0.19065292
     0.19065291
     0.19065291
     0.19065291
     0.19065290
     0.19065290
     0.19065290
     0.19065289
     0.19065289
     0.19065289
     0.19065288
     0.19065288
     0.19065288
     0.19065287
     0.19065287
     0.19065298
     0.19065294
     0.19065290
     0.19065291
     0.18181818
     0.17171717
     0.16161616
     0.15151515
     0.14141414
     0.13131313
     0.12121212
     0.11111111
     0.10101010
     0.09090909
     0.08080808
     0.07070707
     0.06060606
     0.05050505
     0.04040404
     0.03030303
     0.02020202
     0.01010101
     0.00000000
     0.00000000
     0.00000000
     0.00000000
     0.00000000
     0.00000000
     0.00000000
     0.00000000
     0.00000000
     0.00000000
     0.00000000
     0.00000000
     0.00000000
     0.00000000
     0.19051327
     0.19051322
     0.19051329
     0.19051329
     0.19051328
     0.19051328
     0.19051328
     0.19051328
     0.19051328
     0.19051328
     0.19051328
     0.19051328
     0.19051328
     0.19051328
     0.19051328
     0.19051328
     0.19051328
     0.19051330
     0.19051330
     0.19051330
     0.19051331
     0.19051331
     0.19051347
     0.19051347
     0.19051346
     0.19051345
     0.19051345
     0.19051344
     0.19051344
     0.19051343
     0.19051343
     0.19051343
     0.19051342
     0.19051342
     0.19051341
     0.19051341
     0.19051341
     0.19051340
     0.19051340
     0.19051339
     0.19051339
     0.19051339
     0.19051338
     0.19051338
     0.19051338
     0.19051337
     0.19051337
     0.19051337
     0.19051336
     0.19051336
     0.19051336
     0.19051335
     0.19051335
     0.19051335
     0.19051334
     0.19051334
     0.19051333
     0.19051333
     0.19051333
     0.19051332
     0.19051332
     0.19051332
     0.19051331
     0.19051331
     0.19051342
     0.19051338
     0.19051334
     0.19051336
     0.18181818
     0.17171717
     0.16161616
     0.15151515
     0.14141414
     0.13131313
     0.12121212
     0.11111111
     0.10101010
     0.09090909
     0.08080808
     0.07070707
     0.06060606
     0.05050505
     0.04040404
     0.03030303
     0.02020202
     0.01010101
     0.00000000
     0.00000000
     0.00000000
     0.00000000
     0.00000000
     0.00000000
     0.00000000
     0.00000000
     0.00000000
     0.00000000
     0.00000000
     0.00000000
     0.00000000
     0.00000000
     0.19037400
     0.19037396
     0.19037402
     0.19037402
     0.19037402
     0.19037402
     0.19037401
     0.19037401
     0.19037401
     0.19037401
     0.19037401
     0.19037401
     0.19037401
     0.19037401
     0.19037401
     0.19037401
     0.19037401
     0.19037403
     0.19037403
     0.19037403
     0.19037405
     0.19037405
     0.19037421
     0.19037420
     0.19037420
     0.19037419
     0.19037418
     0.19037418
     0.19037417
     0.19037417
     0.19037417
     0.19037416
     0.19037416
     0.19037415
     0.19037415
     0.19037415
     0.19037414
     0.19037414
     0.19037413
     0.19037413
     0.19037413
     0.19037412
     0.19037412
     0.19037412
     0.19037411
     0.19037411
     0.19037410
     0.19037410
     0.19037410
     0.19037409
     0.19037409
     0.19037409
     0.19037408
     0.19037408
     0.19037408
     0.19037407
     0.19037407
     0.19037407
     0.19037406
     0.19037406
     0.19037406
     0.19037405
     0.19037405
     0.19037405
     0.19037416
     0.19037412
     0.19037408
     0.19037411
     0.18181818
     0.17171717
     0.16161616
     0.15151515
     0.14141414
     0.13131313
     0.12121212
     0.11111111
     0.10101010
     0.09090909
     0.08080808
     0.07070707
     0.06060606
     0.05050505
     0.04040404
     0.03030303
     0.02020202
     0.01010101
     0.00000000
     0.00000000
     0.00000000
     0.00000000
     0.00000000
     0.00000000
     0.00000000
     0.00000000
     0.00000000
     0.00000000
     0.00000000
     0.00000000
     0.00000000
     0.00000000
     0.19023503
     0.19023499
     0.19023505
     0.19023505
     0.19023504
     0.19023504
     0.19023504
     0.19023504
     0.19023504
     0.19023504
     0.19023504
     0.19023504
     0.19023504
     0.19023504
     0.19023504
     0.19023504
     0.19023504
     0.19023506
     0.19023506
     0.19023506
     0.19023508
     0.19023507
     0.19023524
     0.19023523
     0.19023522
     0.19023522
     0.19023521
     0.19023521
     0.19023520
     0.19023520
     0.19023519
     0.19023519
     0.19023518
     0.19023518
     0.19023518
     0.19023517
     0.19023517
     0.19023516
     0.19023516
     0.19023516
     0.19023515
     0.19023515
     0.19023515
     0.19023514
     0.19023514
     0.19023514
     0.19023513
     0.19023513
     0.19023512
     0.19023512
     0.19023512
     0.19023511
     0.19023511
     0.19023511
     0.19023510
     0.19023510
     0.19023510
     0.19023509
     0.19023509
     0.19023509
     0.19023508
     0.19023508
     0.19023508
     0.19023507
     0.19023519
     0.19023515
     0.19023511
     0.19023514
     0.18181818
     0.17171717
     0.16161616
     0.15151515
     0.14141414
     0.13131313
     0.12121212
     0.11111111
     0.10101010
     0.09090909
     0.08080808
     0.07070707
     0.06060606
     0.05050505
     0.04040404
     0.03030303
     0.02020202
     0.01010101
     0.00000000
     0.00000000
     0.00000000
     0.00000000
     0.00000000
     0.00000000
     0.00000000
     0.00000000
     0.00000000
     0.00000000
     0.00000000
     0.00000000
     0.00000000
     0.00000000
     0.19009635
     0.19009630
     0.19009637
     0.19009636
     0.19009636
     0.19009636
     0.19009636
     0.19009636
     0.19009636
     0.19009636
     0.19009636
     0.19009635
     0.19009635
     0.19009636
     0.19009636
     0.19009636
     0.19009636
     0.19009638
     0.19009638
     0.19009638
     0.19009639
     0.19009639
     0.19009655
     0.19009655
     0.19009654
     0.19009654
     0.19009653
     0.19009653
     0.19009652
     0.19009652
     0.19009651
     0.19009651
     0.19009650
     0.19009650
     0.19009649
     0.19009649
     0.19009649
     0.19009648
     0.19009648
     0.19009648
     0.19009647
     0.19009647
     0.19009646
     0.19009646
     0.19009646
     0.19009645
     0.19009645
     0.19009645
     0.19009644
     0.19009644
     0.19009644
     0.19009643
     0.19009643
     0.19009643
     0.19009642
     0.19009642
     0.19009641
     0.19009641
     0.19009641
     0.19009640
     0.19009640
     0.19009640
     0.19009639
     0.19009639
     0.19009650
     0.19009646
     0.19009642
     0.19009646
     0.18181818
     0.17171717
     0.16161616
     0.15151515
     0.14141414
     0.13131313
     0.12121212
     0.11111111
     0.10101010
     0.09090909
     0.08080808
     0.07070707
     0.06060606
     0.05050505
     0.04040404
     0.03030303
     0.02020202
     0.01010101
     0.00000000
     0.00000000
     0.00000000
     0.00000000
     0.00000000
     0.00000000
     0.00000000
     0.00000000
     0.00000000
     0.00000000
     0.00000000
     0.00000000
     0.00000000
     0.00000000
     0.18995796
     0.18995791
     0.18995798
     0.18995797
     0.18995797
     0.18995797
     0.18995797
     0.18995797
     0.18995796
     0.18995796
     0.18995796
     0.18995796
     0.18995796
     0.18995796
     0.18995796
     0.18995796
     0.18995797
     0.18995798
     0.18995798
     0.18995798
     0.18995800
     0.18995800
     0.18995816
     0.18995816
     0.18995815
     0.18995814
     0.18995814
     0.18995813
     0.18995813
     0.18995812
     0.18995812
     0.18995812
     0.18995811
     0.18995811
     0.18995810
     0.18995810
     0.18995809
     0.18995809
     0.18995809
     0.18995808
     0.18995808
     0.18995808
     0.18995807
     0.18995807
     0.18995806
     0.18995806
     0.18995806
     0.18995805
     0.18995805
     0.18995805
     0.18995804
     0.18995804
     0.18995804
     0.18995803
     0.18995803
     0.18995803
     0.18995802
     0.18995802
     0.18995802
     0.18995801
     0.18995801
     0.18995801
     0.18995800
     0.18995800
     0.18995811
     0.18995807
     0.18995803
     0.18995808
     0.18181818
     0.17171717
     0.16161616
     0.15151515
     0.14141414
     0.13131313
     0.12121212
     0.11111111
     0.10101010
     0.09090909
     0.08080808
     0.07070707
     0.06060606
     0.05050505
     0.04040404
     0.03030303
     0.02020202
     0.01010101
     0.00000000
     0.00000000
     0.00000000
     0.00000000
     0.00000000
     0.00000000
     0.00000000
     0.00000000
     0.00000000
     0.00000000
     0.00000000
     0.00000000
     0.00000000
     0.00000000
     0.18981986
     0.18981981
     0.18981987
     0.18981987
     0.18981987
     0.18981987
     0.18981986
     0.18981986
     0.18981986
     0.18981986
     0.18981986
     0.18981986
     0.18981986
     0.18981986
     0.18981986
     0.18981986
     0.18981986
     0.18981988
     0.18981988
     0.18981988
     0.18981990
     0.18981990
     0.18981990
     0.18982005
     0.18982005
     0.18982004
     0.18982004
     0.18982003
     0.18982003
     0.18982002
     0.18982002
     0.18982001
     0.18982001
     0.18982000
     0.18982000
     0.18982000
     0.18981999
     0.18981999
     0.18981998
     0.18981998
     0.18981998
     0.18981997
     0.18981997
     0.18981997
     0.18981996
     0.18981996
     0.18981996
     0.18981995
     0.18981995
     0.18981994
     0.18981994
     0.18981994
     0.18981993
     0.18981993
     0.18981993
     0.18981992
     0.18981992
     0.18981992
     0.18981991
     0.18981991
     0.18981991
     0.18981990
     0.18981990
     0.18981990
     0.18982001
     0.18981997
     0.18981993
     0.18981998
     0.18181818
     0.17171717
     0.16161616
     0.15151515
     0.14141414
     0.13131313
     0.12121212
     0.11111111
     0.10101010
     0.09090909
     0.08080808
     0.07070707
     0.06060606
     0.05050505
     0.04040404
     0.03030303
     0.02020202
     0.01010101
     0.00000000
     0.00000000
     0.00000000
     0.00000000
     0.00000000
     0.00000000
     0.00000000
     0.00000000
     0.00000000
     0.00000000
     0.00000000
     0.00000000
     0.00000000
     0.00000000
     0.18968204
     0.18968200
     0.18968206
     0.18968205
     0.18968205
     0.18968205
     0.18968205
     0.18968205
     0.18968205
     0.18968205
     0.18968205
     0.18968204
     0.18968204
     0.18968205
     0.18968205
     0.18968205
     0.18968205
     0.18968207
     0.18968207
     0.18968207
     0.18968208
     0.18968208
     0.18968208
     0.18968224
     0.18968223
     0.18968223
     0.18968222
     0.18968222
     0.18968221
     0.18968221
     0.18968220
     0.18968220
     0.18968219
     0.18968219
     0.18968219
     0.18968218
     0.18968218
     0.18968217
     0.18968217
     0.18968217
     0.18968216
     0.18968216
     0.18968216
     0.18968215
     0.18968215
     0.18968214
     0.18968214
     0.18968214
     0.18968213
     0.18968213
     0.18968213
     0.18968212
     0.18968212
     0.18968212
     0.18968211
     0.18968211
     0.18968211
     0.18968210
     0.18968210
     0.18968210
     0.18968209
     0.18968209
     0.18968208
     0.18968208
     0.18968220
     0.18968216
     0.18968212
     0.18968217
     0.18181818
     0.17171717
     0.16161616
     0.15151515
     0.14141414
     0.13131313
     0.12121212
     0.11111111
     0.10101010
     0.09090909
     0.08080808
     0.07070707
     0.06060606
     0.05050505
     0.04040404
     0.03030303
     0.02020202
     0.01010101
     0.00000000
     0.00000000
     0.00000000
     0.00000000
     0.00000000
     0.00000000
     0.00000000
     0.00000000
     0.00000000
     0.00000000
     0.00000000
     0.00000000
     0.00000000
     0.00000000
     0.18954452
     0.18954447
     0.18954453
     0.18954453
     0.18954453
     0.18954452
     0.18954452
     0.18954452
     0.18954452
     0.18954452
     0.18954452
     0.18954452
     0.18954452
     0.18954452
     0.18954452
     0.18954452
     0.18954452
     0.18954454
     0.18954454
     0.18954454
     0.18954456
     0.18954456
     0.18954456
     0.18954471
     0.18954471
     0.18954470
     0.18954470
     0.18954469
     0.18954469
     0.18954468
     0.18954468
     0.18954467
     0.18954467
     0.18954466
     0.18954466
     0.18954466
     0.18954465
     0.18954465
     0.18954464
     0.18954464
     0.18954464
     0.18954463
     0.18954463
     0.18954463
     0.18954462
     0.18954462
     0.18954461
     0.18954461
     0.18954461
     0.18954460
     0.18954460
     0.18954460
     0.18954459
     0.18954459
     0.18954459
     0.18954458
     0.18954458
     0.18954458
     0.18954457
     0.18954457
     0.18954456
     0.18954456
     0.18954456
     0.18954455
     0.18954467
     0.18954463
     0.18954459
     0.18954465
     0.18181818
     0.17171717
     0.16161616
     0.15151515
     0.14141414
     0.13131313
     0.12121212
     0.11111111
     0.10101010
     0.09090909
     0.08080808
     0.07070707
     0.06060606
     0.05050505
     0.04040404
     0.03030303
     0.02020202
     0.01010101
     0.00000000
     0.00000000
     0.00000000
     0.00000000
     0.00000000
     0.00000000
     0.00000000
     0.00000000
     0.00000000
     0.00000000
     0.00000000
     0.00000000
     0.00000000
     0.00000000
     0.18940728
     0.18940723
     0.18940729
     0.18940729
     0.18940729
     0.18940728
     0.18940728
     0.18940728
     0.18940728
     0.18940728
     0.18940728
     0.18940728
     0.18940728
     0.18940728
     0.18940728
     0.18940728
     0.18940728
     0.18940730
     0.18940730
     0.18940730
     0.18940732
     0.18940732
     0.18940731
     0.18940748
     0.18940747
     0.18940746
     0.18940746
     0.18940745
     0.18940745
     0.18940744
     0.18940744
     0.18940743
     0.18940743
     0.18940742
     0.18940742
     0.18940742
     0.18940741
     0.18940741
     0.18940740
     0.18940740
     0.18940740
     0.18940739
     0.18940739
     0.18940739
     0.18940738
     0.18940738
     0.18940737
     0.18940737
     0.18940737
     0.18940736
     0.18940736
     0.18940736
     0.18940735
     0.18940735
     0.18940735
     0.18940734
     0.18940734
     0.18940734
     0.18940733
     0.18940733
     0.18940732
     0.18940732
     0.18940732
     0.18940731
     0.18940743
     0.18940739
     0.18940735
     0.18940742
     0.18181818
     0.17171717
     0.16161616
     0.15151515
     0.14141414
     0.13131313
     0.12121212
     0.11111111
     0.10101010
     0.09090909
     0.08080808
     0.07070707
     0.06060606
     0.05050505
     0.04040404
     0.03030303
     0.02020202
     0.01010101
     0.00000000
     0.00000000
     0.00000000
     0.00000000
     0.00000000
     0.00000000
     0.00000000
     0.00000000
     0.00000000
     0.00000000
     0.00000000
     0.00000000
     0.00000000
     0.00000000
     0.18927032
     0.18927028
     0.18927034
     0.18927033
     0.18927033
     0.18927033
     0.18927033
     0.18927033
     0.18927032
     0.18927032
     0.18927032
     0.18927032
     0.18927032
     0.18927032
     0.18927032
     0.18927032
     0.18927033
     0.18927034
     0.18927034
     0.18927034
     0.18927036
     0.18927036
     0.18927036
     0.18927052
     0.18927052
     0.18927051
     0.18927050
     0.18927050
     0.18927049
     0.18927049
     0.18927048
     0.18927048
     0.18927047
     0.18927047
     0.18927047
     0.18927046
     0.18927046
     0.18927045
     0.18927045
     0.18927045
     0.18927044
     0.18927044
     0.18927043
     0.18927043
     0.18927043
     0.18927042
     0.18927042
     0.18927042
     0.18927041
     0.18927041
     0.18927041
     0.18927040
     0.18927040
     0.18927039
     0.18927039
     0.18927039
     0.18927038
     0.18927038
     0.18927038
     0.18927037
     0.18927037
     0.18927037
     0.18927036
     0.18927036
     0.18927048
     0.18927044
     0.18927040
     0.18927047
     0.18181818
     0.17171717
     0.16161616
     0.15151515
     0.14141414
     0.13131313
     0.12121212
     0.11111111
     0.10101010
     0.09090909
     0.08080808
     0.07070707
     0.06060606
     0.05050505
     0.04040404
     0.03030303
     0.02020202
     0.01010101
     0.00000000
     0.00000000
     0.00000000
     0.00000000
     0.00000000
     0.00000000
     0.00000000
     0.00000000
     0.00000000
     0.00000000
     0.00000000
     0.00000000
     0.00000000
     0.00000000
     0.18913365
     0.18913361
     0.18913367
     0.18913366
     0.18913366
     0.18913366
     0.18913366
     0.18913366
     0.18913366
     0.18913365
     0.18913365
     0.18913365
     0.18913365
     0.18913365
     0.18913365
     0.18913366
     0.18913367
     0.18913367
     0.18913367
     0.18913367
     0.18913369
     0.18913369
     0.18913369
     0.18913385
     0.18913385
     0.18913384
     0.18913383
     0.18913383
     0.18913382
     0.18913382
     0.18913382
     0.18913381
     0.18913381
     0.18913380
     0.18913380
     0.18913379
     0.18913379
     0.18913379
     0.18913378
     0.18913378
     0.18913377
     0.18913377
     0.18913377
     0.18913376
     0.18913376
     0.18913375
     0.18913375
     0.18913375
     0.18913374
     0.18913374
     0.18913374
     0.18913373
     0.18913373
     0.18913373
     0.18913372
     0.18913372
     0.18913372
     0.18913371
     0.18913371
     0.18913370
     0.18913370
     0.18913370
     0.18913369
     0.18913369
     0.18913381
     0.18913377
     0.18913373
     0.18913381
     0.18181818
     0.17171717
     0.16161616
     0.15151515
     0.14141414
     0.13131313
     0.12121212
     0.11111111
     0.10101010
     0.09090909
     0.08080808
     0.07070707
     0.06060606
     0.05050505
     0.04040404
     0.03030303
     0.02020202
     0.01010101
     0.00000000
     0.00000000
     0.00000000
     0.00000000
     0.00000000
     0.00000000
     0.00000000
     0.00000000
     0.00000000
     0.00000000
     0.00000000
     0.00000000
     0.00000000
     0.00000000
     0.18899727
     0.18899722
     0.18899728
     0.18899728
     0.18899728
     0.18899727
     0.18899727
     0.18899727
     0.18899727
     0.18899727
     0.18899727
     0.18899727
     0.18899727
     0.18899727
     0.18899727
     0.18899727
     0.18899729
     0.18899729
     0.18899729
     0.18899729
     0.18899731
     0.18899731
     0.18899731
     0.18899747
     0.18899746
     0.18899746
     0.18899745
     0.18899745
     0.18899744
     0.18899744
     0.18899743
     0.18899743
     0.18899742
     0.18899742
     0.18899741
     0.18899741
     0.18899740
     0.18899740
     0.18899740
     0.18899739
     0.18899739
     0.18899739
     0.18899738
     0.18899738
     0.18899737
     0.18899737
     0.18899737
     0.18899736
     0.18899736
     0.18899736
     0.18899735
     0.18899735
     0.18899734
     0.18899734
     0.18899734
     0.18899733
     0.18899733
     0.18899733
     0.18899732
     0.18899732
     0.18899732
     0.18899731
     0.18899731
     0.18899731
     0.18899743
     0.18899738
     0.18899734
     0.18899743
     0.18181818
     0.17171717
     0.16161616
     0.15151515
     0.14141414
     0.13131313
     0.12121212
     0.11111111
     0.10101010
     0.09090909
     0.08080808
     0.07070707
     0.06060606
     0.05050505
     0.04040404
     0.03030303
     0.02020202
     0.01010101
     0.00000000
     0.00000000
     0.00000000
     0.00000000
     0.00000000
     0.00000000
     0.00000000
     0.00000000
     0.00000000
     0.00000000
     0.00000000
     0.00000000
     0.00000000
     0.00000000
     0.18886117
     0.18886112
     0.18886118
     0.18886118
     0.18886117
     0.18886117
     0.18886117
     0.18886117
     0.18886117
     0.18886117
     0.18886117
     0.18886117
     0.18886117
     0.18886117
     0.18886117
     0.18886117
     0.18886119
     0.18886119
     0.18886119
     0.18886119
     0.18886121
     0.18886121
     0.18886120
     0.18886137
     0.18886136
     0.18886136
     0.18886135
     0.18886134
     0.18886134
     0.18886133
     0.18886133
     0.18886133
     0.18886132
     0.18886132
     0.18886131
     0.18886131
     0.18886130
     0.18886130
     0.18886130
     0.18886129
     0.18886129
     0.18886128
     0.18886128
     0.18886128
     0.18886127
     0.18886127
     0.18886127
     0.18886126
     0.18886126
     0.18886125
     0.18886125
     0.18886125
     0.18886124
     0.18886124
     0.18886124
     0.18886123
     0.18886123
     0.18886123
     0.18886122
     0.18886122
     0.18886121
     0.18886121
     0.18886121
     0.18886120
     0.18886133
     0.18886128
     0.18886124
     0.18886120
     0.18181818
     0.17171717
     0.16161616
     0.15151515
     0.14141414
     0.13131313
     0.12121212
     0.11111111
     0.10101010
     0.09090909
     0.08080808
     0.07070707
     0.06060606
     0.05050505
     0.04040404
     0.03030303
     0.02020202
     0.01010101
     0.00000000
     0.00000000
     0.00000000
     0.00000000
     0.00000000
     0.00000000
     0.00000000
     0.00000000
     0.00000000
     0.00000000
     0.00000000
     0.00000000
     0.00000000
     0.00000000
     0.18872535
     0.18872530
     0.18872536
     0.18872536
     0.18872536
     0.18872535
     0.18872535
     0.18872535
     0.18872535
     0.18872535
     0.18872535
     0.18872535
     0.18872535
     0.18872535
     0.18872535
     0.18872535
     0.18872537
     0.18872537
     0.18872537
     0.18872537
     0.18872539
     0.18872539
     0.18872539
     0.18872555
     0.18872554
     0.18872554
     0.18872553
     0.18872553
     0.18872552
     0.18872552
     0.18872551
     0.18872551
     0.18872550
     0.18872550
     0.18872549
     0.18872549
     0.18872549
     0.18872548
     0.18872548
     0.18872547
     0.18872547
     0.18872547
     0.18872546
     0.18872546
     0.18872545
     0.18872545
     0.18872545
     0.18872544
     0.18872544
     0.18872544
     0.18872543
     0.18872543
     0.18872542
     0.18872542
     0.18872542
     0.18872541
     0.18872541
     0.18872541
     0.18872540
     0.18872540
     0.18872540
     0.18872539
     0.18872539
     0.18872539
     0.18872551
     0.18872547
     0.18872542
     0.18872538
     0.18181818
     0.17171717
     0.16161616
     0.15151515
     0.14141414
     0.13131313
     0.12121212
     0.11111111
     0.10101010
     0.09090909
     0.08080808
     0.07070707
     0.06060606
     0.05050505
     0.04040404
     0.03030303
     0.02020202
     0.01010101
     0.00000000
     0.00000000
     0.00000000
     0.00000000
     0.00000000
     0.00000000
     0.00000000
     0.00000000
     0.00000000
     0.00000000
     0.00000000
     0.00000000
     0.00000000
     0.00000000
     0.18858981
     0.18858977
     0.18858982
     0.18858982
     0.18858982
     0.18858982
     0.18858981
     0.18858981
     0.18858981
     0.18858981
     0.18858981
     0.18858981
     0.18858981
     0.18858981
     0.18858981
     0.18858981
     0.18858983
     0.18858983
     0.18858983
     0.18858983
     0.18858985
     0.18858985
     0.18858985
     0.18859001
     0.18859001
     0.18859000
     0.18859000
     0.18858999
     0.18858998
     0.18858998
     0.18858997
     0.18858997
     0.18858997
     0.18858996
     0.18858996
     0.18858995
     0.18858995
     0.18858994
     0.18858994
     0.18858994
     0.18858993
     0.18858993
     0.18858992
     0.18858992
     0.18858992
     0.18858991
     0.18858991
     0.18858991
     0.18858990
     0.18858990
     0.18858989
     0.18858989
     0.18858989
     0.18858988
     0.18858988
     0.18858988
     0.18858987
     0.18858987
     0.18858987
     0.18858986
     0.18858986
     0.18858986
     0.18858985
     0.18858985
     0.18858997
     0.18858993
     0.18858989
     0.18858985
     0.18181818
     0.17171717
     0.16161616
     0.15151515
     0.14141414
     0.13131313
     0.12121212
     0.11111111
     0.10101010
     0.09090909
     0.08080808
     0.07070707
     0.06060606
     0.05050505
     0.04040404
     0.03030303
     0.02020202
     0.01010101
     0.00000000
     0.00000000
     0.00000000
     0.00000000
     0.00000000
     0.00000000
     0.00000000
     0.00000000
     0.00000000
     0.00000000
     0.00000000
     0.00000000
     0.00000000
     0.00000000
     0.18845456
     0.18845451
     0.18845457
     0.18845456
     0.18845456
     0.18845456
     0.18845456
     0.18845456
     0.18845456
     0.18845456
     0.18845455
     0.18845455
     0.18845455
     0.18845455
     0.18845455
     0.18845456
     0.18845458
     0.18845458
     0.18845458
     0.18845458
     0.18845460
     0.18845459
     0.18845459
     0.18845476
     0.18845475
     0.18845475
     0.18845474
     0.18845473
     0.18845473
     0.18845472
     0.18845472
     0.18845471
     0.18845471
     0.18845471
     0.18845470
     0.18845470
     0.18845469
     0.18845469
     0.18845468
     0.18845468
     0.18845468
     0.18845467
     0.18845467
     0.18845467
     0.18845466
     0.18845466
     0.18845465
     0.18845465
     0.18845465
     0.18845464
     0.18845464
     0.18845464
     0.18845463
     0.18845463
     0.18845462
     0.18845462
     0.18845462
     0.18845461
     0.18845461
     0.18845461
     0.18845460
     0.18845460
     0.18845460
     0.18845459
     0.18845472
     0.18845467
     0.18845463
     0.18845459
     0.18181818
     0.17171717
     0.16161616
     0.15151515
     0.14141414
     0.13131313
     0.12121212
     0.11111111
     0.10101010
     0.09090909
     0.08080808
     0.07070707
     0.06060606
     0.05050505
     0.04040404
     0.03030303
     0.02020202
     0.01010101
     0.00000000
     0.00000000
     0.00000000
     0.00000000
     0.00000000
     0.00000000
     0.00000000
     0.00000000
     0.00000000
     0.00000000
     0.00000000
     0.00000000
     0.00000000
     0.00000000
     0.18831958
     0.18831953
     0.18831959
     0.18831959
     0.18831959
     0.18831958
     0.18831958
     0.18831958
     0.18831958
     0.18831958
     0.18831958
     0.18831958
     0.18831958
     0.18831958
     0.18831958
     0.18831958
     0.18831960
     0.18831960
     0.18831960
     0.18831960
     0.18831962
     0.18831962
     0.18831962
     0.18831978
     0.18831978
     0.18831977
     0.18831976
     0.18831976
     0.18831975
     0.18831975
     0.18831974
     0.18831974
     0.18831973
     0.18831973
     0.18831973
     0.18831972
     0.18831972
     0.18831971
     0.18831971
     0.18831970
     0.18831970
     0.18831970
     0.18831969
     0.18831969
     0.18831969
     0.18831968
     0.18831968
     0.18831967
     0.18831967
     0.18831967
     0.18831966
     0.18831966
     0.18831966
     0.18831965
     0.18831965
     0.18831964
     0.18831964
     0.18831964
     0.18831963
     0.18831963
     0.18831963
     0.18831962
     0.18831962
     0.18831962
     0.18831974
     0.18831970
     0.18831966
     0.18831962
     0.18181818
     0.17171717
     0.16161616
     0.15151515
     0.14141414
     0.13131313
     0.12121212
     0.11111111
     0.10101010
     0.09090909
     0.08080808
     0.07070707
     0.06060606
     0.05050505
     0.04040404
     0.03030303
     0.02020202
     0.01010101
     0.00000000
     0.00000000
     0.00000000
     0.00000000
     0.00000000
     0.00000000
     0.00000000
     0.00000000
     0.00000000
     0.00000000
     0.00000000
     0.00000000
     0.00000000
     0.00000000
     0.18818489
     0.18818484
     0.18818489
     0.18818489
     0.18818489
     0.18818489
     0.18818489
     0.18818488
     0.18818488
     0.18818488
     0.18818488
     0.18818488
     0.18818488
     0.18818488
     0.18818488
     0.18818488
     0.18818490
     0.18818490
     0.18818490
     0.18818490
     0.18818492
     0.18818492
     0.18818492
     0.18818492
     0.18818508
     0.18818507
     0.18818507
     0.18818506
     0.18818506
     0.18818505
     0.18818505
     0.18818504
     0.18818504
     0.18818503
     0.18818503
     0.18818503
     0.18818502
     0.18818502
     0.18818501
     0.18818501
     0.18818500
     0.18818500
     0.18818500
     0.18818499
     0.18818499
     0.18818499
     0.18818498
     0.18818498
     0.18818497
     0.18818497
     0.18818497
     0.18818496
     0.18818496
     0.18818496
     0.18818495
     0.18818495
     0.18818494
     0.18818494
     0.18818494
     0.18818493
     0.18818493
     0.18818493
     0.18818492
     0.18818492
     0.18818492
     0.18818500
     0.18818496
     0.18818492
     0.18181818
     0.17171717
     0.16161616
     0.15151515
     0.14141414
     0.13131313
     0.12121212
     0.11111111
     0.10101010
     0.09090909
     0.08080808
     0.07070707
     0.06060606
     0.05050505
     0.04040404
     0.03030303
     0.02020202
     0.01010101
     0.00000000
     0.00000000
     0.00000000
     0.00000000
     0.00000000
     0.00000000
     0.00000000
     0.00000000
     0.00000000
     0.00000000
     0.00000000
     0.00000000
     0.00000000
     0.00000000
     0.18805047
     0.18805042
     0.18805048
     0.18805047
     0.18805047
     0.18805047
     0.18805047
     0.18805047
     0.18805046
     0.18805046
     0.18805046
     0.18805046
     0.18805046
     0.18805046
     0.18805046
     0.18805046
     0.18805048
     0.18805048
     0.18805048
     0.18805048
     0.18805051
     0.18805050
     0.18805050
     0.18805050
     0.18805066
     0.18805066
     0.18805065
     0.18805065
     0.18805064
     0.18805064
     0.18805063
     0.18805063
     0.18805062
     0.18805062
     0.18805061
     0.18805061
     0.18805060
     0.18805060
     0.18805060
     0.18805059
     0.18805059
     0.18805058
     0.18805058
     0.18805058
     0.18805057
     0.18805057
     0.18805056
     0.18805056
     0.18805056
     0.18805055
     0.18805055
     0.18805054
     0.18805054
     0.18805054
     0.18805053
     0.18805053
     0.18805053
     0.18805052
     0.18805052
     0.18805052
     0.18805051
     0.18805051
     0.18805050
     0.18805050
     0.18805050
     0.18805059
     0.18805054
     0.18805050
     0.18181818
     0.17171717
     0.16161616
     0.15151515
     0.14141414
     0.13131313
     0.12121212
     0.11111111
     0.10101010
     0.09090909
     0.08080808
     0.07070707
     0.06060606
     0.05050505
     0.04040404
     0.03030303
     0.02020202
     0.01010101
     0.00000000
     0.00000000
     0.00000000
     0.00000000
     0.00000000
     0.00000000
     0.00000000
     0.00000000
     0.00000000
     0.00000000
     0.00000000
     0.00000000
     0.00000000
     0.00000000
     0.18791633
     0.18791628
     0.18791634
     0.18791633
     0.18791633
     0.18791633
     0.18791633
     0.18791633
     0.18791632
     0.18791632
     0.18791632
     0.18791632
     0.18791632
     0.18791632
     0.18791632
     0.18791632
     0.18791634
     0.18791634
     0.18791634
     0.18791634
     0.18791634
     0.18791636
     0.18791636
     0.18791636
     0.18791652
     0.18791652
     0.18791651
     0.18791651
     0.18791650
     0.18791650
     0.18791649
     0.18791649
     0.18791648
     0.18791648
     0.18791647
     0.18791647
     0.18791646
     0.18791646
     0.18791646
     0.18791645
     0.18791645
     0.18791644
     0.18791644
     0.18791644
     0.18791643
     0.18791643
     0.18791642
     0.18791642
     0.18791642
     0.18791641
     0.18791641
     0.18791640
     0.18791640
     0.18791640
     0.18791639
     0.18791639
     0.18791639
     0.18791638
     0.18791638
     0.18791638
     0.18791637
     0.18791637
     0.18791636
     0.18791636
     0.18791636
     0.18791645
     0.18791640
     0.18791636
     0.18181818
     0.17171717
     0.16161616
     0.15151515
     0.14141414
     0.13131313
     0.12121212
     0.11111111
     0.10101010
     0.09090909
     0.08080808
     0.07070707
     0.06060606
     0.05050505
     0.04040404
     0.03030303
     0.02020202
     0.01010101
     0.00000000
     0.00000000
     0.00000000
     0.00000000
     0.00000000
     0.00000000
     0.00000000
     0.00000000
     0.00000000
     0.00000000
     0.00000000
     0.00000000
     0.00000000
     0.00000000
     0.18778247
     0.18778242
     0.18778247
     0.18778247
     0.18778247
     0.18778247
     0.18778246
     0.18778246
     0.18778246
     0.18778246
     0.18778246
     0.18778246
     0.18778246
     0.18778246
     0.18778246
     0.18778246
     0.18778248
     0.18778248
     0.18778248
     0.18778248
     0.18778248
     0.18778250
     0.18778250
     0.18778250
     0.18778266
     0.18778266
     0.18778265
     0.18778264
     0.18778264
     0.18778263
     0.18778263
     0.18778262
     0.18778262
     0.18778261
     0.18778261
     0.18778260
     0.18778260
     0.18778260
     0.18778259
     0.18778259
     0.18778258
     0.18778258
     0.18778258
     0.18778257
     0.18778257
     0.18778256
     0.18778256
     0.18778256
     0.18778255
     0.18778255
     0.18778255
     0.18778254
     0.18778254
     0.18778253
     0.18778253
     0.18778253
     0.18778252
     0.18778252
     0.18778252
     0.18778251
     0.18778251
     0.18778250
     0.18778250
     0.18778250
     0.18778249
     0.18778258
     0.18778254
     0.18778250
     0.18181818
     0.17171717
     0.16161616
     0.15151515
     0.14141414
     0.13131313
     0.12121212
     0.11111111
     0.10101010
     0.09090909
     0.08080808
     0.07070707
     0.06060606
     0.05050505
     0.04040404
     0.03030303
     0.02020202
     0.01010101
     0.00000000
     0.00000000
     0.00000000
     0.00000000
     0.00000000
     0.00000000
     0.00000000
     0.00000000
     0.00000000
     0.00000000
     0.00000000
     0.00000000
     0.00000000
     0.00000000
     0.18764888
     0.18764883
     0.18764889
     0.18764888
     0.18764888
     0.18764888
     0.18764888
     0.18764887
     0.18764887
     0.18764887
     0.18764887
     0.18764887
     0.18764887
     0.18764887
     0.18764887
     0.18764887
     0.18764889
     0.18764889
     0.18764889
     0.18764889
     0.18764889
     0.18764891
     0.18764891
     0.18764891
     0.18764908
     0.18764907
     0.18764906
     0.18764906
     0.18764905
     0.18764905
     0.18764904
     0.18764904
     0.18764903
     0.18764903
     0.18764902
     0.18764902
     0.18764901
     0.18764901
     0.18764901
     0.18764900
     0.18764900
     0.18764899
     0.18764899
     0.18764899
     0.18764898
     0.18764898
     0.18764897
     0.18764897
     0.18764897
     0.18764896
     0.18764896
     0.18764895
     0.18764895
     0.18764895
     0.18764894
     0.18764894
     0.18764894
     0.18764893
     0.18764893
     0.18764892
     0.18764892
     0.18764892
     0.18764891
     0.18764891
     0.18764891
     0.18764900
     0.18764895
     0.18764891
     0.18181818
     0.17171717
     0.16161616
     0.15151515
     0.14141414
     0.13131313
     0.12121212
     0.11111111
     0.10101010
     0.09090909
     0.08080808
     0.07070707
     0.06060606
     0.05050505
     0.04040404
     0.03030303
     0.02020202
     0.01010101
     0.00000000
     0.00000000
     0.00000000
     0.00000000
     0.00000000
     0.00000000
     0.00000000
     0.00000000
     0.00000000
     0.00000000
     0.00000000
     0.00000000
     0.00000000
     0.00000000
     0.18751557
     0.18751552
     0.18751557
     0.18751557
     0.18751557
     0.18751557
     0.18751556
     0.18751556
     0.18751556
     0.18751556
     0.18751556
     0.18751556
     0.18751556
     0.18751556
     0.18751556
     0.18751556
     0.18751558
     0.18751558
     0.18751558
     0.18751558
     0.18751558
     0.18751560
     0.18751560
     0.18751560
     0.18751576
     0.18751576
     0.18751575
     0.18751575
     0.18751574
     0.18751573
     0.18751573
     0.18751573
     0.18751572
     0.18751572
     0.18751571
     0.18751571
     0.18751570
     0.18751570
     0.18751569
     0.18751569
     0.18751569
     0.18751568
     0.18751568
     0.18751567
     0.18751567
     0.18751567
     0.18751566
     0.18751566
     0.18751565
     0.18751565
     0.18751565
     0.18751564
     0.18751564
     0.18751564
     0.18751563
     0.18751563
     0.18751562
     0.18751562
     0.18751562
     0.18751561
     0.18751561
     0.18751561
     0.18751560
     0.18751560
     0.18751559
     0.18751569
     0.18751564
     0.18751560
     0.18181818
     0.17171717
     0.16161616
     0.15151515
     0.14141414
     0.13131313
     0.12121212
     0.11111111
     0.10101010
     0.09090909
     0.08080808
     0.07070707
     0.06060606
     0.05050505
     0.04040404
     0.03030303
     0.02020202
     0.01010101
     0.00000000
     0.00000000
     0.00000000
     0.00000000
     0.00000000
     0.00000000
     0.00000000
     0.00000000
     0.00000000
     0.00000000
     0.00000000
     0.00000000
     0.00000000
     0.00000000
     0.18738253
     0.18738248
     0.18738254
     0.18738253
     0.18738253
     0.18738253
     0.18738253
     0.18738253
     0.18738252
     0.18738252
     0.18738252
     0.18738252
     0.18738252
     0.18738252
     0.18738252
     0.18738252
     0.18738254
     0.18738254
     0.18738254
     0.18738254
     0.18738254
     0.18738256
     0.18738256
     0.18738256
     0.18738273
     0.18738272
     0.18738272
     0.18738271
     0.18738270
     0.18738270
     0.18738269
     0.18738269
     0.18738268
     0.18738268
     0.18738267
     0.18738267
     0.18738267
     0.18738266
     0.18738266
     0.18738265
     0.18738265
     0.18738264
     0.18738264
     0.18738264
     0.18738263
     0.18738263
     0.18738263
     0.18738262
     0.18738262
     0.18738261
     0.18738261
     0.18738261
     0.18738260
     0.18738260
     0.18738259
     0.18738259
     0.18738259
     0.18738258
     0.18738258
     0.18738258
     0.18738257
     0.18738257
     0.18738257
     0.18738256
     0.18738256
     0.18738265
     0.18738261
     0.18738256
     0.18181818
     0.17171717
     0.16161616
     0.15151515
     0.14141414
     0.13131313
     0.12121212
     0.11111111
     0.10101010
     0.09090909
     0.08080808
     0.07070707
     0.06060606
     0.05050505
     0.04040404
     0.03030303
     0.02020202
     0.01010101
     0.00000000
     0.00000000
     0.00000000
     0.00000000
     0.00000000
     0.00000000
     0.00000000
     0.00000000
     0.00000000
     0.00000000
     0.00000000
     0.00000000
     0.00000000
     0.00000000
     0.18724977
     0.18724972
     0.18724977
     0.18724977
     0.18724977
     0.18724977
     0.18724976
     0.18724976
     0.18724976
     0.18724976
     0.18724976
     0.18724976
     0.18724976
     0.18724976
     0.18724976
     0.18724976
     0.18724978
     0.18724978
     0.18724978
     0.18724978
     0.18724978
     0.18724980
     0.18724980
     0.18724980
     0.18724997
     0.18724996
     0.18724995
     0.18724995
     0.18724994
     0.18724994
     0.18724993
     0.18724993
     0.18724992
     0.18724992
     0.18724991
     0.18724991
     0.18724990
     0.18724990
     0.18724989
     0.18724989
     0.18724989
     0.18724988
     0.18724988
     0.18724987
     0.18724987
     0.18724987
     0.18724986
     0.18724986
     0.18724985
     0.18724985
     0.18724985
     0.18724984
     0.18724984
     0.18724984
     0.18724983
     0.18724983
     0.18724982
     0.18724982
     0.18724982
     0.18724981
     0.18724981
     0.18724981
     0.18724980
     0.18724980
     0.18724979
     0.18724989
     0.18724984
     0.18724980
     0.18181818
     0.17171717
     0.16161616
     0.15151515
     0.14141414
     0.13131313
     0.12121212
     0.11111111
     0.10101010
     0.09090909
     0.08080808
     0.07070707
     0.06060606
     0.05050505
     0.04040404
     0.03030303
     0.02020202
     0.01010101
     0.00000000
     0.00000000
     0.00000000
     0.00000000
     0.00000000
     0.00000000
     0.00000000
     0.00000000
     0.00000000
     0.00000000
     0.00000000
     0.00000000
     0.00000000
     0.00000000
     0.18711728
     0.18711723
     0.18711728
     0.18711728
     0.18711728
     0.18711727
     0.18711727
     0.18711727
     0.18711727
     0.18711727
     0.18711727
     0.18711727
     0.18711727
     0.18711727
     0.18711727
     0.18711729
     0.18711729
     0.18711729
     0.18711729
     0.18711729
     0.18711729
     0.18711731
     0.18711731
     0.18711731
     0.18711748
     0.18711747
     0.18711746
     0.18711746
     0.18711745
     0.18711745
     0.18711744
     0.18711744
     0.18711743
     0.18711743
     0.18711742
     0.18711742
     0.18711741
     0.18711741
     0.18711740
     0.18711740
     0.18711740
     0.18711739
     0.18711739
     0.18711738
     0.18711738
     0.18711738
     0.18711737
     0.18711737
     0.18711736
     0.18711736
     0.18711736
     0.18711735
     0.18711735
     0.18711735
     0.18711734
     0.18711734
     0.18711733
     0.18711733
     0.18711733
     0.18711732
     0.18711732
     0.18711732
     0.18711731
     0.18711731
     0.18711730
     0.18711740
     0.18711735
     0.18711731
     0.18181818
     0.17171717
     0.16161616
     0.15151515
     0.14141414
     0.13131313
     0.12121212
     0.11111111
     0.10101010
     0.09090909
     0.08080808
     0.07070707
     0.06060606
     0.05050505
     0.04040404
     0.03030303
     0.02020202
     0.01010101
     0.00000000
     0.00000000
     0.00000000
     0.00000000
     0.00000000
     0.00000000
     0.00000000
     0.00000000
     0.00000000
     0.00000000
     0.00000000
     0.00000000
     0.00000000
     0.00000000
     0.18698495
     0.18698501
     0.18698506
     0.18698506
     0.18698506
     0.18698506
     0.18698505
     0.18698505
     0.18698505
     0.18698505
     0.18698505
     0.18698505
     0.18698505
     0.18698505
     0.18698505
     0.18698507
     0.18698507
     0.18698507
     0.18698507
     0.18698507
     0.18698507
     0.18698509
     0.18698509
     0.18698509
     0.18698526
     0.18698525
     0.18698525
     0.18698524
     0.18698523
     0.18698523
     0.18698522
     0.18698522
     0.18698521
     0.18698521
     0.18698520
     0.18698520
     0.18698520
     0.18698519
     0.18698519
     0.18698518
     0.18698518
     0.18698517
     0.18698517
     0.18698517
     0.18698516
     0.18698516
     0.18698515
     0.18698515
     0.18698515
     0.18698514
     0.18698514
     0.18698513
     0.18698513
     0.18698513
     0.18698512
     0.18698512
     0.18698512
     0.18698511
     0.18698511
     0.18698510
     0.18698510
     0.18698510
     0.18698509
     0.18698509
     0.18698509
     0.18698518
     0.18698514
     0.18698509
     0.18181818
     0.17171717
     0.16161616
     0.15151515
     0.14141414
     0.13131313
     0.12121212
     0.11111111
     0.10101010
     0.09090909
     0.08080808
     0.07070707
     0.06060606
     0.05050505
     0.04040404
     0.03030303
     0.02020202
     0.01010101
     0.00000000
     0.00000000
     0.00000000
     0.00000000
     0.00000000
     0.00000000
     0.00000000
     0.00000000
     0.00000000
     0.00000000
     0.00000000
     0.00000000
     0.00000000
     0.00000000
     0.18685301
     0.18685307
     0.18685312
     0.18685311
     0.18685311
     0.18685311
     0.18685311
     0.18685311
     0.18685311
     0.18685310
     0.18685310
     0.18685310
     0.18685310
     0.18685310
     0.18685310
     0.18685312
     0.18685312
     0.18685312
     0.18685312
     0.18685313
     0.18685313
     0.18685315
     0.18685314
     0.18685314
     0.18685331
     0.18685331
     0.18685330
     0.18685329
     0.18685329
     0.18685328
     0.18685328
     0.18685327
     0.18685327
     0.18685326
     0.18685326
     0.18685325
     0.18685325
     0.18685324
     0.18685324
     0.18685324
     0.18685323
     0.18685323
     0.18685322
     0.18685322
     0.18685322
     0.18685321
     0.18685321
     0.18685320
     0.18685320
     0.18685320
     0.18685319
     0.18685319
     0.18685318
     0.18685318
     0.18685318
     0.18685317
     0.18685317
     0.18685317
     0.18685316
     0.18685316
     0.18685315
     0.18685315
     0.18685315
     0.18685314
     0.18685314
     0.18685323
     0.18685319
     0.18685315
     0.18181818
     0.17171717
     0.16161616
     0.15151515
     0.14141414
     0.13131313
     0.12121212
     0.11111111
     0.10101010
     0.09090909
     0.08080808
     0.07070707
     0.06060606
     0.05050505
     0.04040404
     0.03030303
     0.02020202
     0.01010101
     0.00000000
     0.00000000
     0.00000000
     0.00000000
     0.00000000
     0.00000000
     0.00000000
     0.00000000
     0.00000000
     0.00000000
     0.00000000
     0.00000000
     0.00000000
     0.00000000
     0.18672134
     0.18672139
     0.18672144
     0.18672144
     0.18672144
     0.18672143
     0.18672143
     0.18672143
     0.18672143
     0.18672143
     0.18672143
     0.18672143
     0.18672143
     0.18672143
     0.18672143
     0.18672145
     0.18672145
     0.18672145
     0.18672145
     0.18672145
     0.18672145
     0.18672147
     0.18672147
     0.18672147
     0.18672164
     0.18672163
     0.18672162
     0.18672162
     0.18672161
     0.18672161
     0.18672160
     0.18672160
     0.18672159
     0.18672159
     0.18672158
     0.18672158
     0.18672157
     0.18672157
     0.18672156
     0.18672156
     0.18672156
     0.18672155
     0.18672155
     0.18672154
     0.18672154
     0.18672154
     0.18672153
     0.18672153
     0.18672152
     0.18672152
     0.18672152
     0.18672151
     0.18672151
     0.18672150
     0.18672150
     0.18672150
     0.18672149
     0.18672149
     0.18672149
     0.18672148
     0.18672148
     0.18672147
     0.18672147
     0.18672147
     0.18672146
     0.18672156
     0.18672152
     0.18672147
     0.18181818
     0.17171717
     0.16161616
     0.15151515
     0.14141414
     0.13131313
     0.12121212
     0.11111111
     0.10101010
     0.09090909
     0.08080808
     0.07070707
     0.06060606
     0.05050505
     0.04040404
     0.03030303
     0.02020202
     0.01010101
     0.00000000
     0.00000000
     0.00000000
     0.00000000
     0.00000000
     0.00000000
     0.00000000
     0.00000000
     0.00000000
     0.00000000
     0.00000000
     0.00000000
     0.00000000
     0.00000000
     0.18658994
     0.18658999
     0.18659004
     0.18659003
     0.18659003
     0.18659003
     0.18659003
     0.18659002
     0.18659002
     0.18659002
     0.18659002
     0.18659002
     0.18659002
     0.18659002
     0.18659002
     0.18659004
     0.18659004
     0.18659004
     0.18659004
     0.18659004
     0.18659004
     0.18659006
     0.18659006
     0.18659006
     0.18659006
     0.18659023
     0.18659022
     0.18659021
     0.18659021
     0.18659020
     0.18659020
     0.18659019
     0.18659019
     0.18659018
     0.18659018
     0.18659017
     0.18659017
     0.18659016
     0.18659016
     0.18659016
     0.18659015
     0.18659015
     0.18659014
     0.18659014
     0.18659013
     0.18659013
     0.18659013
     0.18659012
     0.18659012
     0.18659011
     0.18659011
     0.18659011
     0.18659010
     0.18659010
     0.18659010
     0.18659009
     0.18659009
     0.18659008
     0.18659008
     0.18659008
     0.18659007
     0.18659007
     0.18659006
     0.18659006
     0.18659006
     0.18659015
     0.18659011
     0.18659007
     0.18181818
     0.17171717
     0.16161616
     0.15151515
     0.14141414
     0.13131313
     0.12121212
     0.11111111
     0.10101010
     0.09090909
     0.08080808
     0.07070707
     0.06060606
     0.05050505
     0.04040404
     0.03030303
     0.02020202
     0.01010101
     0.00000000
     0.00000000
     0.00000000
     0.00000000
     0.00000000
     0.00000000
     0.00000000
     0.00000000
     0.00000000
     0.00000000
     0.00000000
     0.00000000
     0.00000000
     0.00000000
     0.18645882
     0.18645885
     0.18645890
     0.18645890
     0.18645889
     0.18645889
     0.18645889
     0.18645889
     0.18645889
     0.18645889
     0.18645888
     0.18645888
     0.18645888
     0.18645888
     0.18645888
     0.18645891
     0.18645891
     0.18645891
     0.18645891
     0.18645891
     0.18645891
     0.18645893
     0.18645893
     0.18645892
     0.18645892
     0.18645909
     0.18645908
     0.18645908
     0.18645907
     0.18645907
     0.18645906
     0.18645906
     0.18645905
     0.18645905
     0.18645904
     0.18645904
     0.18645903
     0.18645903
     0.18645902
     0.18645902
     0.18645901
     0.18645901
     0.18645901
     0.18645900
     0.18645900
     0.18645899
     0.18645899
     0.18645899
     0.18645898
     0.18645898
     0.18645897
     0.18645897
     0.18645897
     0.18645896
     0.18645896
     0.18645895
     0.18645895
     0.18645895
     0.18645894
     0.18645894
     0.18645894
     0.18645893
     0.18645893
     0.18645892
     0.18645892
     0.18645902
     0.18645897
     0.18645893
     0.18181818
     0.17171717
     0.16161616
     0.15151515
     0.14141414
     0.13131313
     0.12121212
     0.11111111
     0.10101010
     0.09090909
     0.08080808
     0.07070707
     0.06060606
     0.05050505
     0.04040404
     0.03030303
     0.02020202
     0.01010101
     0.00000000
