     642.071
     637.488
     632.733
     627.797
     622.668
     617.336
     611.790
     606.017
     600.002
     593.733
     587.193
     580.366
     573.234
     565.777
     557.975
     549.806
     541.246
     532.270
     522.852
     512.962
     502.571
     491.647
     480.156
     468.065
     455.339
       0.000
       0.000
       0.000
       0.000
       0.000
     654.968
     650.478
     645.813
     640.963
     635.918
     630.666
     625.194
     619.490
     613.539
     607.325
     600.833
     594.044
     586.938
     579.496
     571.695
     563.511
     554.919
     545.891
     536.398
     526.409
     515.890
     504.808
     493.127
     480.808
       0.000
       0.000
       0.000
       0.000
       0.000
     668.411
     664.025
     659.462
     654.712
     649.763
     644.603
     639.219
     633.596
     627.721
     621.576
     615.143
     608.403
     601.336
     593.919
     586.129
     577.939
     569.321
     560.246
     550.683
     540.595
     529.949
     518.706
     506.826
     494.269
       0.000
       0.000
       0.000
       0.000
     682.436
     678.169
     673.722
     669.085
     664.246
     659.193
     653.911
     648.385
     642.600
     636.537
     630.177
     623.501
     616.486
     609.107
     601.339
     593.153
     584.520
     575.406
     565.777
     555.595
     544.822
     533.415
     521.331
     508.528
       0.000
       0.000
       0.000
     697.086
     692.952
     688.637
     684.129
     679.417
     674.487
     669.323
     663.911
     658.232
     652.268
     645.999
     639.402
     632.454
     625.128
     617.397
     609.229
     600.591
     591.448
     581.763
     571.492
     560.595
     549.025
     536.735
       0.000
       0.000
       0.000
     712.405
     708.421
     704.256
     699.896
     695.329
     690.540
     685.514
     680.234
     674.682
     668.837
     662.677
     656.179
     649.317
     642.063
     634.386
     626.252
     617.625
     608.468
     598.736
     588.387
     577.372
     565.642
     553.145
       0.000
       0.000
     728.443
     724.630
     720.634
     716.442
     712.041
     707.416
     702.550
     697.425
     692.021
     686.318
     680.291
     673.915
     667.162
     660.002
     652.400
     644.321
     635.726
     626.571
     616.811
     606.397
     595.277
     583.396
       0.000
       0.000
     745.255
     741.635
     737.831
     733.832
     729.622
     725.185
     720.504
     715.560
     710.332
     704.797
     698.931
     692.704
     686.088
     679.049
     671.550
     663.553
     655.015
     645.888
     636.122
     625.664
     614.457
     602.441
       0.000
     762.903
     759.501
     755.916
     752.136
     748.145
     743.925
     739.460
     734.728
     729.707
     724.373
     718.699
     712.656
     706.210
     699.326
     691.965
     684.084
     675.636
     666.569
     656.830
     646.359
     635.094
     622.972
     781.456
     778.301
     774.966
     771.436
     767.696
     763.728
     759.512
     755.028
     750.252
     745.158
     739.716
     733.896
     727.663
     720.977
     713.796
     706.074
     697.760
     688.798
     679.130
     668.690
     657.413
     800.990
     798.115
     795.064
     791.821
     788.370
     784.693
     780.769
     776.576
     772.089
     767.280
     762.119
     756.573
     750.603
     744.168
     737.223
     729.716
     721.595
     712.798
     703.261
     692.917
     821.590
     819.035
     816.309
     813.395
     810.278
     806.938
     803.354
     799.503
     795.358
     790.891
     786.070
     780.858
     775.216
     769.099
     762.459
     755.243
     747.391
     738.839
     729.521
     843.355
     841.164
     838.809
     836.274
     833.543
     830.595
     827.410
     823.962
     820.224
     816.167
     811.757
     806.956
     801.722
     796.009
     789.765
     782.935
     775.455
     767.261
     866.394
     864.618
     862.690
     860.592
     858.309
     855.819
     853.100
     850.129
     846.877
     843.314
     839.404
     835.109
     830.385
     825.185
     819.456
     813.139
     806.171
     890.831
     889.532
     888.094
     886.503
     884.740
     882.785
     880.618
     878.213
     875.543
     872.576
     869.277
     865.608
     861.525
     856.979
     851.919
     916.808
     916.057
     915.186
     914.182
     913.027
     911.703
     910.188
     908.458
     906.487
     904.245
     901.697
     898.806
     895.530
     891.824
     944.488
     944.369
     944.156
     943.836
     943.394
     942.813
     942.074
     941.154
     940.029
     938.672
     937.051
     935.133
     932.881
     930.254
     974.058
     974.671
     975.223
     975.705
     976.103
     976.404
     976.591
     976.647
     976.551
     976.280
     975.812
     975.119
     974.173
    1005.736
    1007.198
    1008.645
    1010.069
    1011.462
    1012.814
    1014.114
    1015.353
    1016.515
    1017.590
    1018.563
    1019.421
    1039.773
    1042.227
    1044.724
    1047.262
    1049.838
    1052.450
    1055.097
    1057.777
    1060.491
    1063.240
    1066.029
    1076.463
    1080.082
    1083.818
    1087.678
    1091.670
    1095.802
    1100.087
    1104.539
    1109.177
    1116.154
    1121.144
    1126.351
    1131.791
    1137.488
    1143.466
    1149.757
    1156.400
    1163.445
    1159.256
    1165.872
    1172.833
    1180.173
    1187.935
    1196.169
    1204.936
    1214.312
    1206.257
    1214.811
    1223.878
    1233.518
    1243.801
    1254.814
    1257.744
    1268.622
    1280.235
    1292.677
    1306.060
    1320.524
    1314.427
    1328.111
    1342.823
    1358.705
    1375.933
    1377.170
    1394.266
    1412.779
    1447.035
    1468.314
    1491.529
    1525.343
    1613.750
     642.133
     637.552
     632.799
     627.865
     622.738
     617.409
     611.865
     606.094
     600.082
     593.816
     587.279
     580.455
     573.326
     565.872
     558.074
     549.909
     541.354
     532.383
     522.969
     513.085
     502.699
     491.780
     480.296
     468.212
     455.493
       0.000
       0.000
       0.000
       0.000
       0.000
     655.033
     650.545
     645.882
     641.034
     635.991
     630.742
     625.273
     619.571
     613.623
     607.413
     600.923
     594.138
     587.036
     579.598
     571.801
     563.622
     555.034
     546.011
     536.524
     526.540
     516.028
     504.953
     493.278
     480.967
       0.000
       0.000
       0.000
       0.000
       0.000
     668.479
     664.095
     659.535
     654.787
     649.840
     644.683
     639.301
     633.682
     627.810
     621.668
     615.238
     608.503
     601.440
     594.027
     586.242
     578.057
     569.444
     560.375
     550.818
     540.737
     530.098
     518.862
     506.990
     494.442
       0.000
       0.000
       0.000
       0.000
     682.508
     678.242
     673.798
     669.164
     664.328
     659.277
     653.998
     648.476
     642.693
     636.634
     630.279
     623.607
     616.596
     609.222
     601.459
     593.279
     584.652
     575.544
     565.922
     555.748
     544.983
     533.584
     521.510
     508.717
       0.000
       0.000
       0.000
     697.161
     693.029
     688.716
     684.212
     679.503
     674.575
     669.415
     664.006
     658.331
     652.371
     646.107
     639.515
     632.572
     625.251
     617.525
     609.364
     600.733
     591.597
     581.919
     571.658
     560.769
     549.209
     536.930
       0.000
       0.000
       0.000
     712.483
     708.502
     704.339
     699.983
     695.419
     690.633
     685.611
     680.335
     674.787
     668.946
     662.791
     656.299
     649.442
     642.194
     634.523
     626.396
     617.778
     608.628
     598.906
     588.566
     577.562
     565.843
     553.358
       0.000
       0.000
     728.525
     724.714
     720.721
     716.533
     712.136
     707.514
     702.652
     697.531
     692.133
     686.434
     680.412
     674.042
     667.296
     660.142
     652.547
     644.477
     635.890
     626.744
     616.994
     606.591
     595.482
     583.614
       0.000
       0.000
     745.341
     741.723
     737.923
     733.927
     729.721
     725.288
     720.612
     715.673
     710.450
     704.921
     699.060
     692.840
     686.230
     679.199
     671.709
     663.720
     655.191
     646.075
     636.320
     625.875
     614.681
     602.680
       0.000
     762.993
     759.594
     756.013
     752.237
     748.250
     744.035
     739.574
     734.847
     729.832
     724.504
     718.837
     712.800
     706.362
     699.487
     692.135
     684.264
     675.826
     666.771
     657.044
     646.587
     635.338
     623.233
     781.550
     778.399
     775.067
     771.542
     767.806
     763.843
     759.633
     755.155
     750.385
     745.297
     739.863
     734.051
     727.826
     721.149
     713.978
     706.268
     697.965
     689.017
     679.363
     668.939
     657.679
     801.089
     798.218
     795.171
     791.933
     788.487
     784.815
     780.897
     776.710
     772.230
     767.428
     762.276
     756.738
     750.777
     744.353
     737.419
     729.925
     721.817
     713.035
     703.514
     693.188
     821.694
     819.143
     816.421
     813.513
     810.401
     807.067
     803.490
     799.645
     795.508
     791.049
     786.237
     781.034
     775.402
     769.297
     762.670
     755.467
     747.631
     739.096
     729.796
     843.464
     841.278
     838.928
     836.399
     833.673
     830.732
     827.553
     824.113
     820.383
     816.335
     811.935
     807.144
     801.922
     796.222
     789.992
     783.177
     775.715
     767.539
     866.508
     864.738
     862.815
     860.724
     858.446
     855.963
     853.253
     850.290
     847.047
     843.493
     839.594
     835.310
     830.600
     825.414
     819.701
     813.401
     806.452
     890.951
     889.658
     888.226
     886.641
     884.885
     882.939
     880.780
     878.384
     875.723
     872.767
     869.480
     865.824
     861.756
     857.226
     852.183
     916.935
     916.190
     915.326
     914.329
     913.181
     911.865
     910.359
     908.640
     906.680
     904.449
     901.915
     899.038
     895.778
     892.089
     944.621
     944.509
     944.303
     943.991
     943.558
     942.986
     942.256
     941.347
     940.234
     938.890
     937.284
     935.382
     933.147
     930.540
     974.199
     974.818
     975.378
     975.868
     976.276
     976.586
     976.784
     976.852
     976.769
     976.513
     976.061
     975.385
     974.459
    1005.884
    1007.354
    1008.809
    1010.242
    1011.645
    1013.007
    1014.320
    1015.571
    1016.748
    1017.839
    1018.829
    1019.707
    1039.928
    1042.391
    1044.897
    1047.445
    1050.031
    1052.655
    1055.315
    1058.010
    1060.739
    1063.505
    1066.314
    1076.627
    1080.255
    1084.001
    1087.871
    1091.875
    1096.020
    1100.319
    1104.786
    1109.441
    1116.327
    1121.327
    1126.544
    1131.996
    1137.705
    1143.697
    1150.003
    1156.663
    1163.726
    1159.438
    1166.064
    1173.036
    1180.389
    1188.165
    1196.414
    1205.197
    1214.592
    1206.448
    1215.014
    1224.093
    1233.746
    1244.044
    1255.073
    1257.946
    1268.836
    1280.462
    1292.918
    1306.317
    1320.798
    1314.639
    1328.336
    1343.062
    1358.959
    1376.204
    1377.393
    1394.503
    1413.031
    1447.269
    1468.563
    1491.794
    1525.589
    1614.008
     642.195
     637.616
     632.865
     627.933
     622.808
     617.481
     611.939
     606.171
     600.162
     593.898
     587.364
     580.543
     573.418
     565.968
     558.173
     550.012
     541.461
     532.495
     523.086
     513.206
     502.826
     491.914
     480.436
     468.358
     455.646
       0.000
       0.000
       0.000
       0.000
       0.000
     655.098
     650.612
     645.951
     641.106
     636.065
     630.818
     625.351
     619.653
     613.707
     607.500
     601.014
     594.231
     587.133
     579.699
     571.907
     563.732
     555.149
     546.131
     536.649
     526.671
     516.166
     505.097
     493.429
     481.126
       0.000
       0.000
       0.000
       0.000
       0.000
     668.547
     664.165
     659.607
     654.861
     649.917
     644.762
     639.384
     633.768
     627.899
     621.760
     615.334
     608.602
     601.543
     594.135
     586.354
     578.174
     569.567
     560.504
     550.952
     540.879
     530.246
     519.018
     507.155
     494.615
       0.000
       0.000
       0.000
       0.000
     682.579
     678.316
     673.874
     669.242
     664.409
     659.361
     654.085
     648.566
     642.787
     636.732
     630.380
     623.712
     616.706
     609.337
     601.579
     593.405
     584.783
     575.682
     566.067
     555.901
     545.143
     533.754
     521.689
     508.905
       0.000
       0.000
       0.000
     697.235
     693.106
     688.796
     684.294
     679.588
     674.664
     669.507
     664.101
     658.430
     652.475
     646.214
     639.627
     632.689
     625.374
     617.654
     609.498
     600.874
     591.746
     582.076
     571.823
     560.944
     549.393
     537.124
       0.000
       0.000
       0.000
     712.561
     708.583
     704.423
     700.069
     695.508
     690.726
     685.708
     680.436
     674.892
     669.055
     662.906
     656.418
     649.567
     642.325
     634.661
     626.541
     617.930
     608.788
     599.075
     588.745
     577.751
     566.043
     553.570
       0.000
       0.000
     728.606
     724.799
     720.809
     716.624
     712.230
     707.612
     702.754
     697.638
     692.244
     686.550
     680.534
     674.169
     667.429
     660.282
     652.695
     644.632
     636.053
     626.917
     617.177
     606.785
     595.688
     583.832
       0.000
       0.000
     745.426
     741.812
     738.015
     734.023
     729.820
     725.392
     720.720
     715.785
     710.568
     705.044
     699.189
     692.975
     686.373
     679.348
     671.866
     663.887
     655.367
     646.261
     636.518
     626.085
     614.904
     602.918
       0.000
     763.083
     759.687
     756.110
     752.338
     748.354
     744.144
     739.688
     734.966
     729.957
     724.635
     718.974
     712.945
     706.514
     699.647
     692.304
     684.443
     676.016
     666.973
     657.259
     646.816
     635.582
     623.493
     781.644
     778.496
     775.169
     771.648
     767.917
     763.958
     759.754
     755.281
     750.517
     745.436
     740.009
     734.205
     727.988
     721.321
     714.160
     706.460
     698.170
     689.235
     679.595
     669.187
     657.945
     801.187
     798.321
     795.278
     792.045
     788.604
     784.937
     781.025
     776.844
     772.370
     767.576
     762.431
     756.902
     750.951
     744.537
     737.614
     730.133
     722.038
     713.271
     703.767
     693.459
     821.798
     819.251
     816.534
     813.631
     810.524
     807.196
     803.625
     799.787
     795.658
     791.207
     786.403
     781.210
     775.589
     769.495
     762.881
     755.692
     747.870
     739.352
     730.071
     843.573
     841.391
     839.047
     836.523
     833.803
     830.868
     827.697
     824.263
     820.542
     816.503
     812.112
     807.332
     802.122
     796.434
     790.219
     783.419
     775.974
     767.817
     866.623
     864.858
     862.940
     860.855
     858.584
     856.108
     853.405
     850.450
     847.216
     843.672
     839.784
     835.512
     830.814
     825.643
     819.945
     813.663
     806.733
     891.072
     889.784
     888.358
     886.780
     885.031
     883.092
     880.941
     878.554
     875.903
     872.958
     869.683
     866.040
     861.986
     857.472
     852.446
     917.061
     916.322
     915.465
     914.475
     913.335
     912.027
     910.530
     908.821
     906.872
     904.653
     902.131
     899.269
     896.025
     892.354
     944.755
     944.649
     944.450
     944.145
     943.720
     943.158
     942.438
     941.540
     940.439
     939.107
     937.516
     935.630
     933.413
     930.825
     974.339
     974.966
     975.533
     976.032
     976.448
     976.769
     976.977
     977.057
     976.987
     976.746
     976.309
     975.651
     974.744
    1006.032
    1007.509
    1008.973
    1010.415
    1011.827
    1013.201
    1014.525
    1015.789
    1016.981
    1018.087
    1019.094
    1019.992
    1040.084
    1042.555
    1045.070
    1047.627
    1050.224
    1052.860
    1055.533
    1058.242
    1060.987
    1063.770
    1066.598
    1076.791
    1080.427
    1084.183
    1088.065
    1092.079
    1096.237
    1100.550
    1105.033
    1109.705
    1116.499
    1121.509
    1126.736
    1132.200
    1137.922
    1143.927
    1150.248
    1156.925
    1164.007
    1159.619
    1166.256
    1173.240
    1180.605
    1188.394
    1196.658
    1205.458
    1214.871
    1206.640
    1215.216
    1224.307
    1233.974
    1244.286
    1255.331
    1258.147
    1269.049
    1280.688
    1293.158
    1306.573
    1321.072
    1314.851
    1328.561
    1343.300
    1359.213
    1376.475
    1377.616
    1394.739
    1413.282
    1447.503
    1468.811
    1492.058
    1525.834
    1614.265
     642.258
     637.680
     632.931
     628.001
     622.878
     617.553
     612.014
     606.248
     600.242
     593.981
     587.450
     580.632
     573.509
     566.063
     558.272
     550.115
     541.568
     532.606
     523.202
     513.328
     502.953
     492.047
     480.575
     468.504
     455.798
       0.000
       0.000
       0.000
       0.000
       0.000
     655.163
     650.679
     646.020
     641.177
     636.138
     630.893
     625.430
     619.734
     613.791
     607.587
     601.104
     594.325
     587.231
     579.800
     572.012
     563.842
     555.264
     546.251
     536.774
     526.802
     516.303
     505.241
     493.580
     481.284
       0.000
       0.000
       0.000
       0.000
       0.000
     668.615
     664.235
     659.679
     654.936
     649.994
     644.842
     639.467
     633.853
     627.987
     621.852
     615.430
     608.701
     601.647
     594.243
     586.466
     578.291
     569.690
     560.632
     551.087
     541.020
     530.395
     519.174
     507.318
     494.787
       0.000
       0.000
       0.000
       0.000
     682.650
     678.389
     673.949
     669.320
     664.490
     659.445
     654.172
     648.656
     642.881
     636.829
     630.481
     623.818
     616.816
     609.452
     601.699
     593.530
     584.915
     575.820
     566.212
     556.053
     545.304
     533.923
     521.867
     509.093
       0.000
       0.000
       0.000
     697.309
     693.182
     688.875
     684.376
     679.673
     674.752
     669.598
     664.196
     658.529
     652.578
     646.321
     639.739
     632.806
     625.496
     617.782
     609.633
     601.015
     591.894
     582.232
     571.987
     561.117
     549.576
     537.318
       0.000
       0.000
       0.000
     712.639
     708.663
     704.506
     700.155
     695.598
     690.819
     685.804
     680.536
     674.996
     669.165
     663.019
     656.537
     649.692
     642.456
     634.798
     626.685
     618.081
     608.948
     599.243
     588.923
     577.939
     566.242
     553.782
       0.000
       0.000
     728.688
     724.883
     720.896
     716.715
     712.324
     707.710
     702.856
     697.744
     692.354
     686.666
     680.655
     674.296
     667.562
     660.421
     652.841
     644.786
     636.216
     627.089
     617.359
     606.978
     595.892
     584.050
       0.000
       0.000
     745.512
     741.901
     738.107
     734.118
     729.920
     725.495
     720.827
     715.898
     710.685
     705.167
     699.317
     693.110
     686.514
     679.498
     672.024
     664.053
     655.543
     646.447
     636.715
     626.294
     615.127
     603.155
       0.000
     763.172
     759.780
     756.207
     752.438
     748.459
     744.253
     739.802
     735.085
     730.081
     724.765
     719.111
     713.089
     706.666
     699.807
     692.473
     684.621
     676.205
     667.174
     657.472
     647.043
     635.824
     623.752
     781.738
     778.594
     775.271
     771.754
     768.027
     764.074
     759.874
     755.407
     750.649
     745.575
     740.155
     734.358
     728.150
     721.492
     714.342
     706.653
     698.375
     689.453
     679.827
     669.435
     658.210
     801.286
     798.423
     795.385
     792.156
     788.720
     785.059
     781.152
     776.978
     772.511
     767.724
     762.587
     757.066
     751.125
     744.721
     737.809
     730.340
     722.259
     713.507
     704.019
     693.728
     821.901
     819.359
     816.647
     813.748
     810.647
     807.325
     803.760
     799.929
     795.807
     791.364
     786.569
     781.386
     775.775
     769.693
     763.091
     755.915
     748.109
     739.608
     730.345
     843.682
     841.505
     839.165
     836.647
     833.933
     831.005
     827.840
     824.414
     820.701
     816.671
     812.289
     807.520
     802.321
     796.647
     790.445
     783.661
     776.233
     768.095
     866.737
     864.977
     863.065
     860.986
     858.721
     856.252
     853.556
     850.610
     847.385
     843.851
     839.973
     835.713
     831.028
     825.871
     820.189
     813.924
     807.013
     891.192
     889.910
     888.490
     886.918
     885.176
     883.244
     881.102
     878.724
     876.083
     873.149
     869.886
     866.256
     862.215
     857.717
     852.709
     917.188
     916.455
     915.604
     914.621
     913.489
     912.189
     910.701
     909.001
     907.063
     904.856
     902.348
     899.500
     896.272
     892.618
     944.888
     944.788
     944.596
     944.300
     943.883
     943.329
     942.619
     941.732
     940.643
     939.325
     937.747
     935.877
     933.678
     931.110
     974.479
     975.113
     975.688
     976.195
     976.620
     976.951
     977.170
     977.261
     977.205
     976.978
     976.557
     975.916
     975.029
    1006.179
    1007.664
    1009.136
    1010.587
    1012.009
    1013.394
    1014.730
    1016.007
    1017.213
    1018.334
    1019.360
    1020.276
    1040.239
    1042.719
    1045.243
    1047.809
    1050.417
    1053.065
    1055.750
    1058.473
    1061.234
    1064.035
    1066.881
    1076.955
    1080.600
    1084.365
    1088.257
    1092.284
    1096.454
    1100.781
    1105.279
    1109.968
    1116.672
    1121.691
    1126.929
    1132.404
    1138.138
    1144.157
    1150.494
    1157.187
    1164.288
    1159.801
    1166.448
    1173.443
    1180.820
    1188.623
    1196.902
    1205.718
    1215.149
    1206.831
    1215.418
    1224.522
    1234.201
    1244.529
    1255.590
    1258.348
    1269.262
    1280.914
    1293.399
    1306.829
    1321.345
    1315.063
    1328.785
    1343.539
    1359.467
    1376.745
    1377.838
    1394.975
    1413.533
    1447.737
    1469.059
    1492.322
    1526.080
    1614.522
     642.320
     637.744
     632.997
     628.068
     622.948
     617.625
     612.088
     606.325
     600.321
     594.063
     587.535
     580.720
     573.601
     566.158
     558.371
     550.218
     541.675
     532.718
     523.319
     513.449
     503.080
     492.179
     480.714
     468.649
     455.950
       0.000
       0.000
       0.000
       0.000
       0.000
     655.228
     650.746
     646.089
     641.248
     636.212
     630.969
     625.508
     619.815
     613.875
     607.674
     601.194
     594.419
     587.328
     579.901
     572.117
     563.951
     555.378
     546.370
     536.899
     526.933
     516.440
     505.384
     493.730
     481.442
       0.000
       0.000
       0.000
       0.000
       0.000
     668.683
     664.305
     659.751
     655.010
     650.071
     644.922
     639.549
     633.939
     628.076
     621.944
     615.525
     608.800
     601.750
     594.350
     586.579
     578.409
     569.812
     560.761
     551.221
     541.160
     530.542
     519.329
     507.482
     494.959
       0.000
       0.000
       0.000
       0.000
     682.721
     678.462
     674.025
     669.398
     664.570
     659.528
     654.259
     648.746
     642.974
     636.926
     630.582
     623.923
     616.926
     609.566
     601.819
     593.655
     585.046
     575.958
     566.357
     556.205
     545.463
     534.091
     522.045
     509.280
       0.000
       0.000
       0.000
     697.384
     693.259
     688.954
     684.458
     679.758
     674.840
     669.690
     664.291
     658.628
     652.680
     646.429
     639.851
     632.922
     625.618
     617.910
     609.767
     601.156
     592.042
     582.388
     572.151
     561.290
     549.759
     537.511
       0.000
       0.000
       0.000
     712.716
     708.743
     704.589
     700.241
     695.687
     690.912
     685.901
     680.636
     675.101
     669.273
     663.133
     656.656
     649.816
     642.586
     634.934
     626.828
     618.232
     609.107
     599.411
     589.100
     578.127
     566.442
     553.993
       0.000
       0.000
     728.769
     724.967
     720.984
     716.805
     712.418
     707.808
     702.958
     697.850
     692.465
     686.781
     680.775
     674.422
     667.694
     660.560
     652.988
     644.940
     636.379
     627.261
     617.541
     607.170
     596.097
     584.266
       0.000
       0.000
     745.597
     741.989
     738.199
     734.214
     730.019
     725.598
     720.935
     716.010
     710.802
     705.289
     699.446
     693.245
     686.656
     679.647
     672.181
     664.219
     655.718
     646.632
     636.912
     626.503
     615.349
     603.391
       0.000
     763.262
     759.873
     756.303
     752.538
     748.563
     744.362
     739.915
     735.204
     730.205
     724.896
     719.248
     713.232
     706.817
     699.967
     692.642
     684.800
     676.394
     667.374
     657.686
     647.270
     636.067
     624.011
     781.832
     778.691
     775.372
     771.859
     768.137
     764.189
     759.994
     755.533
     750.781
     745.713
     740.300
     734.512
     728.312
     721.663
     714.523
     706.845
     698.579
     689.670
     680.058
     669.682
     658.474
     801.384
     798.526
     795.492
     792.267
     788.836
     785.180
     781.279
     777.111
     772.651
     767.871
     762.742
     757.230
     751.298
     744.904
     738.004
     730.547
     722.479
     713.742
     704.270
     693.997
     822.005
     819.467
     816.759
     813.866
     810.770
     807.453
     803.895
     800.071
     795.956
     791.521
     786.734
     781.561
     775.960
     769.890
     763.300
     756.139
     748.347
     739.863
     730.618
     843.791
     841.618
     839.283
     836.771
     834.063
     831.141
     827.982
     824.564
     820.859
     816.838
     812.466
     807.708
     802.520
     796.858
     790.671
     783.902
     776.491
     768.372
     866.851
     865.096
     863.190
     861.116
     858.858
     856.396
     853.708
     850.769
     847.553
     844.029
     840.162
     835.914
     831.242
     826.099
     820.432
     814.184
     807.293
     891.312
     890.035
     888.622
     887.056
     885.321
     883.397
     881.263
     878.894
     876.263
     873.339
     870.088
     866.471
     862.445
     857.962
     852.972
     917.314
     916.587
     915.743
     914.766
     913.642
     912.351
     910.872
     909.182
     907.254
     905.059
     902.564
     899.731
     896.518
     892.882
     945.021
     944.927
     944.743
     944.454
     944.045
     943.500
     942.800
     941.924
     940.846
     939.541
     937.978
     936.124
     933.942
     931.394
     974.619
     975.260
     975.843
     976.357
     976.792
     977.132
     977.363
     977.466
     977.422
     977.209
     976.804
     976.181
     975.313
    1006.326
    1007.819
    1009.299
    1010.759
    1012.191
    1013.586
    1014.934
    1016.224
    1017.444
    1018.582
    1019.624
    1020.560
    1040.394
    1042.882
    1045.415
    1047.991
    1050.610
    1053.269
    1055.968
    1058.705
    1061.481
    1064.299
    1067.164
    1077.118
    1080.772
    1084.547
    1088.450
    1092.488
    1096.671
    1101.012
    1105.525
    1110.231
    1116.844
    1121.872
    1127.121
    1132.607
    1138.354
    1144.387
    1150.739
    1157.449
    1164.568
    1159.982
    1166.639
    1173.645
    1181.035
    1188.852
    1197.145
    1205.978
    1215.427
    1207.022
    1215.620
    1224.736
    1234.429
    1244.770
    1255.848
    1258.549
    1269.475
    1281.140
    1293.639
    1307.085
    1321.618
    1315.274
    1329.009
    1343.776
    1359.720
    1377.015
    1378.060
    1395.211
    1413.783
    1447.970
    1469.307
    1492.585
    1526.324
    1614.779
     642.382
     637.808
     633.063
     628.136
     623.018
     617.697
     612.163
     606.402
     600.400
     594.145
     587.620
     580.808
     573.692
     566.253
     558.470
     550.320
     541.782
     532.829
     523.435
     513.571
     503.207
     492.312
     480.852
     468.794
     456.102
       0.000
       0.000
       0.000
       0.000
       0.000
     655.293
     650.812
     646.158
     641.319
     636.285
     631.045
     625.586
     619.895
     613.959
     607.760
     601.284
     594.512
     587.425
     580.002
     572.222
     564.061
     555.492
     546.490
     537.024
     527.063
     516.576
     505.527
     493.881
     481.599
       0.000
       0.000
       0.000
       0.000
       0.000
     668.750
     664.375
     659.823
     655.085
     650.148
     645.001
     639.631
     634.024
     628.164
     622.035
     615.620
     608.899
     601.853
     594.458
     586.690
     578.525
     569.935
     560.888
     551.355
     541.301
     530.690
     519.484
     507.645
     495.131
       0.000
       0.000
       0.000
       0.000
     682.792
     678.535
     674.100
     669.476
     664.651
     659.612
     654.345
     648.836
     643.067
     637.023
     630.683
     624.028
     617.035
     609.680
     601.938
     593.780
     585.177
     576.095
     566.501
     556.356
     545.623
     534.259
     522.222
     509.467
       0.000
       0.000
       0.000
     697.458
     693.336
     689.034
     684.540
     679.843
     674.928
     669.781
     664.386
     658.726
     652.783
     646.535
     639.962
     633.039
     625.740
     618.037
     609.900
     601.297
     592.190
     582.543
     572.315
     561.463
     549.942
     537.704
       0.000
       0.000
       0.000
     712.794
     708.824
     704.672
     700.327
     695.776
     691.005
     685.997
     680.737
     675.205
     669.382
     663.247
     656.775
     649.940
     642.716
     635.071
     626.972
     618.383
     609.266
     599.579
     589.278
     578.314
     566.640
     554.203
       0.000
       0.000
     728.850
     725.051
     721.071
     716.896
     712.512
     707.906
     703.059
     697.956
     692.575
     686.896
     680.896
     674.549
     667.827
     660.699
     653.134
     645.094
     636.541
     627.433
     617.723
     607.362
     596.300
     584.483
       0.000
       0.000
     745.682
     742.077
     738.290
     734.309
     730.118
     725.701
     721.042
     716.122
     710.919
     705.411
     699.574
     693.379
     686.797
     679.795
     672.337
     664.384
     655.893
     646.818
     637.108
     626.711
     615.571
     603.628
       0.000
     763.351
     759.965
     756.399
     752.638
     748.668
     744.470
     740.029
     735.322
     730.330
     725.026
     719.384
     713.376
     706.968
     700.126
     692.810
     684.977
     676.582
     667.574
     657.898
     647.497
     636.308
     624.268
     781.926
     778.789
     775.473
     771.965
     768.247
     764.303
     760.114
     755.658
     750.913
     745.851
     740.446
     734.665
     728.473
     721.834
     714.703
     707.036
     698.782
     689.886
     680.289
     669.928
     658.737
     801.482
     798.628
     795.598
     792.378
     788.952
     785.302
     781.406
     777.244
     772.791
     768.018
     762.897
     757.394
     751.471
     745.087
     738.198
     730.754
     722.699
     713.976
     704.521
     694.266
     822.108
     819.574
     816.871
     813.983
     810.892
     807.581
     804.029
     800.212
     796.104
     791.678
     786.900
     781.736
     776.146
     770.086
     763.509
     756.361
     748.585
     740.117
     730.891
     843.899
     841.731
     839.401
     836.894
     834.192
     831.276
     828.125
     824.714
     821.017
     817.005
     812.643
     807.895
     802.719
     797.069
     790.896
     784.143
     776.749
     768.648
     866.965
     865.215
     863.314
     861.247
     858.995
     856.540
     853.859
     850.929
     847.722
     844.207
     840.350
     836.114
     831.455
     826.326
     820.675
     814.444
     807.572
     891.432
     890.160
     888.753
     887.193
     885.465
     883.549
     881.423
     879.063
     876.442
     873.529
     870.289
     866.685
     862.673
     858.207
     853.233
     917.440
     916.719
     915.881
     914.912
     913.795
     912.512
     911.042
     909.362
     907.445
     905.262
     902.780
     899.961
     896.764
     893.145
     945.153
     945.067
     944.889
     944.607
     944.207
     943.671
     942.981
     942.115
     941.050
     939.758
     938.209
     936.371
     934.206
     931.677
     974.759
     975.406
     975.997
     976.520
     976.963
     977.313
     977.555
     977.669
     977.638
     977.440
     977.051
     976.445
     975.597
    1006.473
    1007.974
    1009.462
    1010.931
    1012.373
    1013.778
    1015.138
    1016.441
    1017.675
    1018.828
    1019.888
    1020.843
    1040.549
    1043.045
    1045.587
    1048.173
    1050.802
    1053.473
    1056.184
    1058.935
    1061.727
    1064.562
    1067.447
    1077.281
    1080.944
    1084.729
    1088.642
    1092.691
    1096.887
    1101.242
    1105.771
    1110.494
    1117.015
    1122.054
    1127.313
    1132.810
    1138.569
    1144.616
    1150.983
    1157.710
    1164.847
    1160.163
    1166.831
    1173.848
    1181.250
    1189.080
    1197.388
    1206.238
    1215.704
    1207.212
    1215.821
    1224.949
    1234.655
    1245.012
    1256.105
    1258.750
    1269.687
    1281.365
    1293.878
    1307.340
    1321.890
    1315.485
    1329.232
    1344.014
    1359.973
    1377.284
    1378.282
    1395.446
    1414.033
    1448.203
    1469.554
    1492.849
    1526.569
    1615.035
     642.444
     637.872
     633.128
     628.204
     623.087
     617.769
     612.237
     606.478
     600.480
     594.227
     587.705
     580.896
     573.783
     566.347
     558.568
     550.423
     541.888
     532.940
     523.550
     513.691
     503.333
     492.444
     480.990
     468.938
     456.253
       0.000
       0.000
       0.000
       0.000
       0.000
     655.358
     650.879
     646.226
     641.389
     636.358
     631.120
     625.664
     619.976
     614.042
     607.847
     601.374
     594.605
     587.522
     580.103
     572.327
     564.170
     555.606
     546.608
     537.148
     527.193
     516.712
     505.670
     494.030
     481.756
       0.000
       0.000
       0.000
       0.000
       0.000
     668.818
     664.445
     659.895
     655.159
     650.225
     645.080
     639.713
     634.109
     628.252
     622.127
     615.715
     608.998
     601.955
     594.565
     586.802
     578.642
     570.056
     561.016
     551.489
     541.441
     530.837
     519.639
     507.807
     495.302
       0.000
       0.000
       0.000
       0.000
     682.862
     678.608
     674.176
     669.554
     664.732
     659.695
     654.431
     648.925
     643.160
     637.120
     630.784
     624.133
     617.144
     609.794
     602.057
     593.905
     585.307
     576.232
     566.645
     556.508
     545.782
     534.427
     522.399
     509.654
       0.000
       0.000
       0.000
     697.532
     693.412
     689.113
     684.622
     679.927
     675.015
     669.872
     664.481
     658.825
     652.885
     646.642
     640.073
     633.155
     625.862
     618.165
     610.034
     601.437
     592.337
     582.698
     572.479
     561.636
     550.124
     537.897
       0.000
       0.000
       0.000
     712.871
     708.904
     704.755
     700.413
     695.865
     691.097
     686.093
     680.836
     675.309
     669.491
     663.360
     656.893
     650.064
     642.846
     635.207
     627.115
     618.534
     609.425
     599.747
     589.455
     578.502
     566.838
     554.413
       0.000
       0.000
     728.931
     725.135
     721.158
     716.986
     712.606
     708.003
     703.161
     698.061
     692.685
     687.011
     681.016
     674.675
     667.959
     660.838
     653.280
     645.248
     636.703
     627.604
     617.903
     607.554
     596.504
     584.699
       0.000
       0.000
     745.767
     742.165
     738.382
     734.404
     730.216
     725.804
     721.149
     716.233
     711.036
     705.534
     699.702
     693.513
     686.938
     679.944
     672.494
     664.549
     656.067
     647.002
     637.304
     626.919
     615.792
     603.863
       0.000
     763.440
     760.058
     756.495
     752.738
     748.772
     744.579
     740.142
     735.441
     730.453
     725.155
     719.520
     713.519
     707.119
     700.285
     692.978
     685.155
     676.771
     667.774
     658.111
     647.723
     636.549
     624.526
     782.019
     778.886
     775.574
     772.070
     768.357
     764.418
     760.234
     755.784
     751.044
     745.989
     740.591
     734.818
     728.635
     722.004
     714.884
     707.227
     698.985
     690.102
     680.520
     670.174
     659.000
     801.581
     798.730
     795.704
     792.489
     789.068
     785.423
     781.533
     777.377
     772.930
     768.165
     763.052
     757.557
     751.643
     745.270
     738.392
     730.960
     722.919
     714.210
     704.771
     694.534
     822.211
     819.682
     816.983
     814.100
     811.015
     807.709
     804.163
     800.353
     796.253
     791.834
     787.065
     781.910
     776.330
     770.282
     763.718
     756.584
     748.822
     740.371
     731.163
     844.007
     841.844
     839.519
     837.017
     834.321
     831.412
     828.267
     824.864
     821.175
     817.171
     812.819
     808.081
     802.917
     797.280
     791.121
     784.383
     777.005
     768.923
     867.079
     865.334
     863.439
     861.377
     859.131
     856.683
     854.010
     851.088
     847.889
     844.384
     840.539
     836.314
     831.667
     826.553
     820.917
     814.703
     807.850
     891.551
     890.286
     888.884
     887.331
     885.610
     883.701
     881.583
     879.232
     876.621
     873.718
     870.490
     866.899
     862.902
     858.451
     853.495
     917.566
     916.851
     916.019
     915.057
     913.948
     912.673
     911.212
     909.542
     907.636
     905.464
     902.995
     900.190
     897.009
     893.407
     945.286
     945.205
     945.035
     944.761
     944.369
     943.842
     943.162
     942.306
     941.253
     939.974
     938.439
     936.617
     934.470
     931.960
     974.898
     975.553
     976.151
     976.682
     977.134
     977.494
     977.746
     977.873
     977.855
     977.671
     977.297
     976.709
     975.879
    1006.620
    1008.128
    1009.625
    1011.102
    1012.554
    1013.970
    1015.342
    1016.657
    1017.906
    1019.074
    1020.152
    1021.126
    1040.704
    1043.208
    1045.758
    1048.354
    1050.994
    1053.677
    1056.401
    1059.166
    1061.973
    1064.825
    1067.729
    1077.444
    1081.116
    1084.910
    1088.833
    1092.895
    1097.103
    1101.472
    1106.016
    1110.756
    1117.187
    1122.235
    1127.504
    1133.013
    1138.785
    1144.845
    1151.227
    1157.970
    1165.126
    1160.343
    1167.021
    1174.050
    1181.464
    1189.308
    1197.631
    1206.496
    1215.981
    1207.402
    1216.023
    1225.162
    1234.882
    1245.253
    1256.362
    1258.950
    1269.899
    1281.590
    1294.117
    1307.595
    1322.162
    1315.695
    1329.456
    1344.251
    1360.225
    1377.553
    1378.503
    1395.681
    1414.283
    1448.436
    1469.801
    1493.111
    1526.813
    1615.291
     642.506
     637.936
     633.194
     628.271
     623.157
     617.841
     612.311
     606.555
     600.559
     594.309
     587.789
     580.984
     573.874
     566.442
     558.666
     550.525
     541.995
     533.051
     523.666
     513.812
     503.459
     492.575
     481.128
     469.082
     456.404
       0.000
       0.000
       0.000
       0.000
       0.000
     655.422
     650.945
     646.295
     641.460
     636.431
     631.195
     625.742
     620.056
     614.125
     607.933
     601.463
     594.698
     587.618
     580.203
     572.431
     564.279
     555.720
     546.727
     537.272
     527.323
     516.848
     505.812
     494.180
     481.913
       0.000
       0.000
       0.000
       0.000
       0.000
     668.886
     664.514
     659.967
     655.233
     650.301
     645.159
     639.795
     634.193
     628.340
     622.218
     615.810
     609.097
     602.058
     594.672
     586.914
     578.758
     570.178
     561.143
     551.622
     541.581
     530.984
     519.793
     507.969
     495.472
       0.000
       0.000
       0.000
       0.000
     682.933
     678.681
     674.251
     669.632
     664.812
     659.779
     654.518
     649.015
     643.253
     637.216
     630.884
     624.237
     617.253
     609.908
     602.176
     594.029
     585.438
     576.369
     566.788
     556.658
     545.941
     534.594
     522.575
     509.840
       0.000
       0.000
       0.000
     697.606
     693.488
     689.191
     684.703
     680.012
     675.103
     669.963
     664.575
     658.923
     652.987
     646.749
     640.184
     633.271
     625.983
     618.292
     610.167
     601.576
     592.484
     582.853
     572.642
     561.808
     550.306
     538.089
       0.000
       0.000
       0.000
     712.949
     708.984
     704.838
     700.499
     695.954
     691.189
     686.189
     680.936
     675.413
     669.599
     663.473
     657.011
     650.188
     642.975
     635.343
     627.258
     618.684
     609.583
     599.914
     589.631
     578.688
     567.036
     554.623
       0.000
       0.000
     729.012
     725.219
     721.245
     717.076
     712.700
     708.100
     703.262
     698.167
     692.795
     687.126
     681.136
     674.800
     668.090
     660.976
     653.425
     645.401
     636.865
     627.774
     618.084
     607.745
     596.706
     584.914
       0.000
       0.000
     745.852
     742.253
     738.473
     734.498
     730.315
     725.906
     721.256
     716.345
     711.152
     705.655
     699.830
     693.647
     687.079
     680.092
     672.650
     664.714
     656.241
     647.187
     637.499
     627.127
     616.013
     604.098
       0.000
     763.529
     760.150
     756.591
     752.838
     748.875
     744.687
     740.255
     735.559
     730.577
     725.285
     719.656
     713.662
     707.269
     700.443
     693.145
     685.332
     676.958
     667.973
     658.322
     647.948
     636.789
     624.782
     782.112
     778.983
     775.675
     772.175
     768.466
     764.532
     760.353
     755.909
     751.175
     746.127
     740.736
     734.970
     728.795
     722.174
     715.063
     707.418
     699.188
     690.318
     680.749
     670.420
     659.262
     801.678
     798.832
     795.811
     792.600
     789.184
     785.543
     781.659
     777.510
     773.069
     768.312
     763.206
     757.720
     751.815
     745.452
     738.585
     731.165
     723.138
     714.444
     705.021
     694.801
     822.314
     819.789
     817.095
     814.216
     811.137
     807.837
     804.297
     800.494
     796.401
     791.990
     787.229
     782.084
     776.515
     770.478
     763.926
     756.805
     749.059
     740.624
     731.434
     844.115
     841.957
     839.637
     837.141
     834.450
     831.547
     828.409
     825.013
     821.333
     817.338
     812.995
     808.268
     803.115
     797.491
     791.345
     784.622
     777.262
     769.198
     867.193
     865.453
     863.563
     861.507
     859.268
     856.826
     854.160
     851.246
     848.057
     844.562
     840.726
     836.513
     831.880
     826.779
     821.159
     814.962
     808.127
     891.671
     890.410
     889.015
     887.468
     885.754
     883.852
     881.743
     879.401
     876.799
     873.907
     870.691
     867.113
     863.129
     858.694
     853.755
     917.691
     916.982
     916.157
     915.202
     914.100
     912.834
     911.382
     909.721
     907.826
     905.666
     903.209
     900.419
     897.254
     893.669
     945.418
     945.344
     945.180
     944.914
     944.530
     944.012
     943.342
     942.497
     941.455
     940.189
     938.669
     936.862
     934.732
     932.242
     975.037
     975.699
     976.304
     976.844
     977.305
     977.675
     977.938
     978.076
     978.071
     977.901
     977.543
     976.972
     976.162
    1006.767
    1008.282
    1009.787
    1011.274
    1012.735
    1014.162
    1015.545
    1016.873
    1018.136
    1019.320
    1020.415
    1021.408
    1040.858
    1043.370
    1045.930
    1048.535
    1051.186
    1053.880
    1056.616
    1059.395
    1062.218
    1065.087
    1068.010
    1077.606
    1081.287
    1085.091
    1089.025
    1093.097
    1097.319
    1101.701
    1106.260
    1111.017
    1117.358
    1122.415
    1127.695
    1133.215
    1138.999
    1145.073
    1151.470
    1158.230
    1165.404
    1160.524
    1167.212
    1174.251
    1181.678
    1189.535
    1197.873
    1206.755
    1216.258
    1207.592
    1216.223
    1225.375
    1235.108
    1245.493
    1256.618
    1259.149
    1270.111
    1281.815
    1294.356
    1307.849
    1322.433
    1315.905
    1329.678
    1344.488
    1360.477
    1377.822
    1378.724
    1395.915
    1414.532
    1448.668
    1470.048
    1493.374
    1527.057
    1615.547
     642.567
     637.999
     633.259
     628.338
     623.226
     617.912
     612.385
     606.631
     600.637
     594.390
     587.874
     581.071
     573.965
     566.536
     558.764
     550.627
     542.101
     533.161
     523.781
     513.932
     503.585
     492.707
     481.265
     469.226
     456.555
       0.000
       0.000
       0.000
       0.000
       0.000
     655.487
     651.012
     646.363
     641.531
     636.504
     631.271
     625.819
     620.137
     614.208
     608.019
     601.552
     594.791
     587.714
     580.303
     572.536
     564.387
     555.833
     546.845
     537.396
     527.452
     516.984
     505.954
     494.328
     482.069
       0.000
       0.000
       0.000
       0.000
       0.000
     668.953
     664.584
     660.039
     655.307
     650.378
     645.238
     639.877
     634.278
     628.428
     622.309
     615.904
     609.195
     602.160
     594.778
     587.025
     578.874
     570.299
     561.270
     551.755
     541.720
     531.130
     519.947
     508.131
     495.642
       0.000
       0.000
       0.000
       0.000
     683.003
     678.754
     674.326
     669.709
     664.892
     659.862
     654.604
     649.104
     643.346
     637.312
     630.984
     624.342
     617.362
     610.022
     602.295
     594.154
     585.568
     576.505
     566.931
     556.809
     546.099
     534.761
     522.751
     510.025
       0.000
       0.000
       0.000
     697.679
     693.564
     689.270
     684.785
     680.096
     675.190
     670.053
     664.669
     659.021
     653.089
     646.855
     640.295
     633.387
     626.104
     618.418
     610.300
     601.716
     592.631
     583.007
     572.804
     561.979
     550.487
     538.280
       0.000
       0.000
       0.000
     713.026
     709.063
     704.920
     700.584
     696.043
     691.281
     686.285
     681.036
     675.516
     669.707
     663.586
     657.129
     650.311
     643.105
     635.479
     627.400
     618.834
     609.741
     600.080
     589.807
     578.874
     567.233
     554.832
       0.000
       0.000
     729.093
     725.303
     721.331
     717.166
     712.793
     708.197
     703.363
     698.272
     692.905
     687.241
     681.256
     674.926
     668.222
     661.115
     653.571
     645.554
     637.026
     627.945
     618.264
     607.936
     596.909
     585.129
       0.000
       0.000
     745.937
     742.341
     738.564
     734.593
     730.413
     726.009
     721.363
     716.456
     711.269
     705.777
     699.957
     693.781
     687.219
     680.239
     672.805
     664.878
     656.415
     647.370
     637.694
     627.334
     616.233
     604.332
       0.000
     763.618
     760.242
     756.687
     752.937
     748.979
     744.795
     740.368
     735.677
     730.700
     725.414
     719.792
     713.804
     707.419
     700.601
     693.312
     685.509
     677.145
     668.172
     658.534
     648.173
     637.029
     625.038
     782.205
     779.080
     775.776
     772.280
     768.576
     764.646
     760.473
     756.034
     751.306
     746.264
     740.880
     735.122
     728.956
     722.343
     715.243
     707.608
     699.390
     690.533
     680.978
     670.664
     659.524
     801.776
     798.934
     795.917
     792.710
     789.299
     785.664
     781.786
     777.642
     773.208
     768.458
     763.360
     757.882
     751.987
     745.634
     738.778
     731.370
     723.356
     714.677
     705.270
     695.067
     822.416
     819.896
     817.206
     814.333
     811.258
     807.965
     804.431
     800.634
     796.548
     792.146
     787.394
     782.258
     776.699
     770.673
     764.134
     757.027
     749.295
     740.877
     731.705
     844.223
     842.069
     839.754
     837.263
     834.579
     831.682
     828.551
     825.162
     821.490
     817.503
     813.170
     808.453
     803.312
     797.701
     791.569
     784.861
     777.517
     769.472
     867.306
     865.571
     863.686
     861.636
     859.404
     856.969
     854.311
     851.405
     848.224
     844.739
     840.914
     836.712
     832.091
     827.004
     821.400
     815.220
     808.404
     891.790
     890.535
     889.145
     887.605
     885.898
     884.004
     881.902
     879.569
     876.977
     874.096
     870.892
     867.326
     863.357
     858.937
     854.015
     917.817
     917.114
     916.295
     915.347
     914.252
     912.994
     911.551
     909.900
     908.015
     905.868
     903.424
     900.647
     897.498
     893.931
     945.550
     945.482
     945.326
     945.067
     944.691
     944.182
     943.521
     942.688
     941.657
     940.404
     938.898
     937.107
     934.995
     932.523
     975.176
     975.845
     976.458
     977.006
     977.476
     977.855
     978.128
     978.278
     978.286
     978.130
     977.788
     977.234
     976.444
    1006.913
    1008.436
    1009.949
    1011.444
    1012.915
    1014.353
    1015.748
    1017.089
    1018.366
    1019.565
    1020.677
    1021.689
    1041.012
    1043.532
    1046.101
    1048.716
    1051.377
    1054.083
    1056.832
    1059.625
    1062.463
    1065.349
    1068.291
    1077.768
    1081.458
    1085.271
    1089.216
    1093.300
    1097.534
    1101.930
    1106.504
    1111.278
    1117.529
    1122.596
    1127.886
    1133.418
    1139.214
    1145.302
    1151.713
    1158.490
    1165.682
    1160.704
    1167.402
    1174.453
    1181.892
    1189.762
    1198.115
    1207.013
    1216.534
    1207.781
    1216.424
    1225.588
    1235.334
    1245.733
    1256.874
    1259.349
    1270.322
    1282.039
    1294.594
    1308.103
    1322.704
    1316.115
    1329.901
    1344.724
    1360.728
    1378.090
    1378.945
    1396.150
    1414.781
    1448.900
    1470.294
    1493.636
    1527.300
    1615.802
     642.629
     638.063
     633.324
     628.406
     623.296
     617.984
     612.458
     606.707
     600.716
     594.472
     587.958
     581.159
     574.056
     566.630
     558.862
     550.728
     542.207
     533.271
     523.896
     514.052
     503.710
     492.838
     481.402
     469.370
     456.705
       0.000
       0.000
       0.000
       0.000
       0.000
     655.551
     651.078
     646.431
     641.601
     636.576
     631.346
     625.897
     620.217
     614.291
     608.105
     601.642
     594.883
     587.811
     580.403
     572.640
     564.496
     555.946
     546.964
     537.519
     527.582
     517.119
     506.096
     494.477
     482.225
       0.000
       0.000
       0.000
       0.000
       0.000
     669.020
     664.653
     660.110
     655.381
     650.454
     645.317
     639.958
     634.363
     628.515
     622.400
     615.999
     609.293
     602.262
     594.885
     587.136
     578.990
     570.420
     561.397
     551.888
     541.859
     531.276
     520.100
     508.292
     495.812
       0.000
       0.000
       0.000
       0.000
     683.074
     678.826
     674.401
     669.787
     664.972
     659.945
     654.690
     649.193
     643.438
     637.408
     631.084
     624.446
     617.471
     610.135
     602.413
     594.277
     585.698
     576.641
     567.074
     556.959
     546.257
     534.927
     522.926
     510.210
       0.000
       0.000
       0.000
     697.753
     693.640
     689.349
     684.866
     680.180
     675.278
     670.144
     664.763
     659.119
     653.191
     646.961
     640.406
     633.502
     626.225
     618.545
     610.433
     601.855
     592.777
     583.161
     572.967
     562.150
     550.668
     538.471
       0.000
       0.000
       0.000
     713.103
     709.143
     705.003
     700.670
     696.131
     691.373
     686.380
     681.135
     675.620
     669.815
     663.698
     657.247
     650.434
     643.234
     635.614
     627.542
     618.984
     609.899
     600.246
     589.982
     579.060
     567.429
     555.040
       0.000
       0.000
     729.174
     725.386
     721.418
     717.256
     712.886
     708.294
     703.464
     698.377
     693.015
     687.355
     681.376
     675.051
     668.353
     661.252
     653.715
     645.707
     637.187
     628.114
     618.444
     608.126
     597.110
     585.343
       0.000
       0.000
     746.021
     742.429
     738.655
     734.687
     730.511
     726.111
     721.469
     716.567
     711.385
     705.899
     700.084
     693.914
     687.360
     680.387
     672.961
     665.042
     656.588
     647.554
     637.889
     627.540
     616.452
     604.566
       0.000
     763.706
     760.334
     756.782
     753.037
     749.082
     744.903
     740.480
     735.794
     730.823
     725.543
     719.927
     713.946
     707.569
     700.759
     693.479
     685.685
     677.332
     668.370
     658.744
     648.397
     637.268
     625.293
     782.298
     779.176
     775.876
     772.384
     768.685
     764.760
     760.592
     756.158
     751.437
     746.401
     741.024
     735.274
     729.116
     722.513
     715.422
     707.798
     699.592
     690.747
     681.207
     670.908
     659.785
     801.874
     799.035
     796.022
     792.821
     789.414
     785.784
     781.912
     777.774
     773.347
     768.604
     763.514
     758.044
     752.159
     745.816
     738.971
     731.575
     723.574
     714.909
     705.518
     695.333
     822.519
     820.002
     817.317
     814.449
     811.380
     808.092
     804.564
     800.774
     796.696
     792.301
     787.558
     782.431
     776.883
     770.868
     764.341
     757.247
     749.531
     741.129
     731.975
     844.331
     842.181
     839.872
     837.386
     834.707
     831.817
     828.692
     825.311
     821.647
     817.669
     813.345
     808.639
     803.509
     797.910
     791.792
     785.099
     777.772
     769.746
     867.419
     865.689
     863.810
     861.766
     859.539
     857.111
     854.461
     851.563
     848.391
     844.915
     841.101
     836.911
     832.303
     827.230
     821.640
     815.478
     808.681
     891.909
     890.660
     889.275
     887.742
     886.041
     884.155
     882.062
     879.737
     877.155
     874.284
     871.091
     867.539
     863.583
     859.179
     854.275
     917.942
     917.245
     916.432
     915.491
     914.404
     913.154
     911.720
     910.079
     908.205
     906.069
     903.638
     900.875
     897.741
     894.192
     945.682
     945.621
     945.471
     945.219
     944.852
     944.352
     943.701
     942.878
     941.859
     940.619
     939.127
     937.351
     935.256
     932.804
     975.315
     975.990
     976.611
     977.167
     977.646
     978.035
     978.319
     978.481
     978.501
     978.360
     978.033
     977.496
     976.725
    1007.059
    1008.590
    1010.110
    1011.615
    1013.096
    1014.544
    1015.950
    1017.304
    1018.595
    1019.810
    1020.939
    1021.970
    1041.166
    1043.694
    1046.272
    1048.896
    1051.568
    1054.285
    1057.047
    1059.854
    1062.707
    1065.611
    1068.571
    1077.930
    1081.629
    1085.452
    1089.407
    1093.502
    1097.748
    1102.158
    1106.748
    1111.538
    1117.699
    1122.776
    1128.076
    1133.619
    1139.428
    1145.529
    1151.956
    1158.749
    1165.960
    1160.883
    1167.592
    1174.654
    1182.105
    1189.989
    1198.356
    1207.270
    1216.809
    1207.971
    1216.624
    1225.800
    1235.559
    1245.973
    1257.130
    1259.548
    1270.533
    1282.263
    1294.832
    1308.356
    1322.975
    1316.325
    1330.123
    1344.960
    1360.979
    1378.358
    1379.165
    1396.383
    1415.030
    1449.131
    1470.540
    1493.897
    1527.543
    1616.057
     642.691
     638.126
     633.390
     628.473
     623.365
     618.055
     612.532
     606.783
     600.795
     594.553
     588.042
     581.246
     574.146
     566.724
     558.959
     550.830
     542.312
     533.381
     524.011
     514.172
     503.835
     492.968
     481.539
     469.513
     456.855
       0.000
       0.000
       0.000
       0.000
       0.000
     655.615
     651.144
     646.500
     641.671
     636.649
     631.421
     625.974
     620.297
     614.374
     608.191
     601.731
     594.975
     587.907
     580.503
     572.744
     564.604
     556.059
     547.081
     537.642
     527.710
     517.254
     506.237
     494.625
     482.381
       0.000
       0.000
       0.000
       0.000
       0.000
     669.087
     664.722
     660.181
     655.454
     650.530
     645.396
     640.040
     634.447
     628.603
     622.490
     616.093
     609.391
     602.364
     594.991
     587.246
     579.106
     570.541
     561.523
     552.020
     541.998
     531.422
     520.253
     508.453
     495.981
       0.000
       0.000
       0.000
       0.000
     683.144
     678.899
     674.476
     669.864
     665.052
     660.027
     654.775
     649.282
     643.531
     637.504
     631.184
     624.550
     617.579
     610.248
     602.531
     594.401
     585.827
     576.777
     567.217
     557.109
     546.415
     535.093
     523.101
     510.395
       0.000
       0.000
       0.000
     697.826
     693.716
     689.427
     684.947
     680.264
     675.365
     670.234
     664.857
     659.216
     653.293
     647.067
     640.516
     633.618
     626.345
     618.671
     610.565
     601.994
     592.923
     583.315
     573.128
     562.321
     550.848
     538.662
       0.000
       0.000
       0.000
     713.180
     709.223
     705.085
     700.755
     696.220
     691.465
     686.475
     681.234
     675.723
     669.922
     663.811
     657.364
     650.557
     643.362
     635.749
     627.684
     619.133
     610.056
     600.412
     590.158
     579.245
     567.626
     555.248
       0.000
       0.000
     729.254
     725.470
     721.504
     717.345
     712.979
     708.391
     703.564
     698.482
     693.124
     687.469
     681.495
     675.176
     668.484
     661.390
     653.860
     645.859
     637.348
     628.284
     618.623
     608.316
     597.312
     585.556
       0.000
       0.000
     746.105
     742.516
     738.746
     734.782
     730.609
     726.213
     721.576
     716.678
     711.501
     706.020
     700.211
     694.048
     687.499
     680.534
     673.116
     665.205
     656.761
     647.737
     638.083
     627.746
     616.671
     604.799
       0.000
     763.795
     760.426
     756.878
     753.136
     749.186
     745.011
     740.593
     735.912
     730.946
     725.672
     720.062
     714.088
     707.718
     700.917
     693.645
     685.861
     677.519
     668.568
     658.954
     648.621
     637.507
     625.548
     782.391
     779.273
     775.976
     772.489
     768.794
     764.874
     760.711
     756.283
     751.567
     746.538
     741.168
     735.425
     729.276
     722.681
     715.601
     707.988
     699.793
     690.961
     681.435
     671.152
     660.045
     801.971
     799.136
     796.128
     792.931
     789.529
     785.905
     782.038
     777.906
     773.486
     768.749
     763.667
     758.206
     752.330
     745.997
     739.163
     731.779
     723.791
     715.141
     705.766
     695.598
     822.621
     820.109
     817.429
     814.565
     811.501
     808.219
     804.698
     800.914
     796.843
     792.456
     787.721
     782.604
     777.066
     771.063
     764.548
     757.468
     749.766
     741.380
     732.244
     844.438
     842.294
     839.989
     837.508
     834.836
     831.951
     828.834
     825.460
     821.803
     817.834
     813.520
     808.824
     803.705
     798.119
     792.015
     785.337
     778.027
     770.018
     867.532
     865.807
     863.933
     861.895
     859.675
     857.254
     854.611
     851.721
     848.558
     845.091
     841.288
     837.109
     832.513
     827.454
     821.880
     815.735
     808.956
     892.028
     890.784
     889.406
     887.878
     886.184
     884.306
     882.220
     879.905
     877.332
     874.472
     871.291
     867.751
     863.810
     859.421
     854.534
     918.067
     917.376
     916.570
     915.635
     914.556
     913.314
     911.889
     910.257
     908.394
     906.269
     903.851
     901.103
     897.985
     894.452
     945.813
     945.758
     945.616
     945.372
     945.012
     944.521
     943.880
     943.068
     942.061
     940.833
     939.355
     937.595
     935.518
     933.084
     975.453
     976.136
     976.764
     977.328
     977.816
     978.215
     978.509
     978.683
     978.716
     978.588
     978.277
     977.758
     977.005
    1007.205
    1008.743
    1010.272
    1011.785
    1013.276
    1014.734
    1016.152
    1017.519
    1018.824
    1020.055
    1021.200
    1022.250
    1041.319
    1043.856
    1046.442
    1049.077
    1051.759
    1054.487
    1057.262
    1060.083
    1062.951
    1065.871
    1068.851
    1078.092
    1081.799
    1085.632
    1089.597
    1093.704
    1097.963
    1102.386
    1106.991
    1111.798
    1117.870
    1122.956
    1128.266
    1133.821
    1139.642
    1145.756
    1152.198
    1159.008
    1166.237
    1161.063
    1167.781
    1174.855
    1182.318
    1190.215
    1198.597
    1207.527
    1217.084
    1208.159
    1216.824
    1226.012
    1235.784
    1246.212
    1257.385
    1259.747
    1270.743
    1282.486
    1295.070
    1308.609
    1323.245
    1316.534
    1330.345
    1345.195
    1361.230
    1378.625
    1379.385
    1396.617
    1415.278
    1449.362
    1470.785
    1494.158
    1527.786
    1616.311
     642.752
     638.189
     633.455
     628.540
     623.434
     618.126
     612.605
     606.859
     600.873
     594.634
     588.126
     581.333
     574.236
     566.818
     559.057
     550.931
     542.418
     533.491
     524.125
     514.292
     503.960
     493.099
     481.676
     469.656
     457.005
       0.000
       0.000
       0.000
       0.000
       0.000
     655.680
     651.210
     646.568
     641.741
     636.721
     631.495
     626.052
     620.377
     614.457
     608.277
     601.819
     595.068
     588.002
     580.603
     572.847
     564.712
     556.172
     547.199
     537.765
     527.839
     517.388
     506.378
     494.773
     482.536
       0.000
       0.000
       0.000
       0.000
       0.000
     669.154
     664.791
     660.253
     655.528
     650.606
     645.475
     640.121
     634.531
     628.690
     622.581
     616.187
     609.489
     602.466
     595.097
     587.357
     579.221
     570.662
     561.649
     552.152
     542.137
     531.567
     520.406
     508.614
     496.150
       0.000
       0.000
       0.000
       0.000
     683.214
     678.971
     674.550
     669.941
     665.132
     660.110
     654.861
     649.371
     643.623
     637.600
     631.284
     624.653
     617.687
     610.361
     602.649
     594.524
     585.956
     576.912
     567.359
     557.258
     546.572
     535.259
     523.275
     510.579
       0.000
       0.000
       0.000
     697.900
     693.792
     689.505
     685.028
     680.348
     675.452
     670.325
     664.951
     659.314
     653.394
     647.172
     640.627
     633.733
     626.466
     618.797
     610.697
     602.133
     593.069
     583.468
     573.290
     562.491
     551.028
     538.852
       0.000
       0.000
       0.000
     713.256
     709.302
     705.167
     700.840
     696.308
     691.557
     686.571
     681.333
     675.826
     670.030
     663.923
     657.481
     650.680
     643.491
     635.884
     627.826
     619.282
     610.213
     600.578
     590.332
     579.430
     567.821
     555.455
       0.000
       0.000
     729.335
     725.553
     721.590
     717.435
     713.072
     708.487
     703.665
     698.587
     693.233
     687.583
     681.614
     675.301
     668.615
     661.527
     654.004
     646.011
     637.508
     628.453
     618.802
     608.505
     597.512
     585.769
       0.000
       0.000
     746.190
     742.603
     738.836
     734.876
     730.707
     726.315
     721.682
     716.789
     711.616
     706.141
     700.338
     694.180
     687.639
     680.681
     673.270
     665.369
     656.934
     647.919
     638.276
     627.952
     616.889
     605.031
       0.000
     763.883
     760.518
     756.973
     753.235
     749.289
     745.118
     740.705
     736.029
     731.069
     725.800
     720.197
     714.230
     707.867
     701.074
     693.811
     686.037
     677.705
     668.765
     659.164
     648.844
     637.745
     625.802
     782.484
     779.369
     776.077
     772.593
     768.902
     764.987
     760.829
     756.407
     751.697
     746.675
     741.312
     735.577
     729.435
     722.850
     715.779
     708.177
     699.993
     691.175
     681.663
     671.394
     660.304
     802.068
     799.238
     796.233
     793.041
     789.644
     786.024
     782.163
     778.038
     773.624
     768.895
     763.820
     758.368
     752.500
     746.177
     739.355
     731.983
     724.008
     715.372
     706.013
     695.862
     822.723
     820.215
     817.540
     814.681
     811.622
     808.346
     804.831
     801.054
     796.990
     792.611
     787.885
     782.777
     777.249
     771.257
     764.754
     757.687
     750.001
     741.631
     732.512
     844.545
     842.406
     840.106
     837.631
     834.964
     832.085
     828.975
     825.608
     821.959
     817.999
     813.694
     809.009
     803.902
     798.327
     792.237
     785.574
     778.281
     770.290
     867.645
     865.925
     864.057
     862.024
     859.810
     857.396
     854.760
     851.878
     848.724
     845.267
     841.474
     837.307
     832.724
     827.679
     822.120
     815.991
     809.231
     892.146
     890.908
     889.535
     888.014
     886.328
     884.456
     882.379
     880.072
     877.509
     874.660
     871.490
     867.963
     864.036
     859.662
     854.792
     918.192
     917.506
     916.707
     915.779
     914.707
     913.473
     912.057
     910.435
     908.582
     906.469
     904.064
     901.330
     898.227
     894.712
     945.944
     945.896
     945.760
     945.524
     945.173
     944.690
     944.059
     943.257
     942.262
     941.047
     939.583
     937.839
     935.778
     933.364
     975.592
     976.281
     976.916
     977.489
     977.986
     978.394
     978.699
     978.884
     978.930
     978.817
     978.521
     978.019
     977.285
    1007.350
    1008.896
    1010.433
    1011.955
    1013.455
    1014.925
    1016.354
    1017.734
    1019.052
    1020.298
    1021.461
    1022.530
    1041.473
    1044.017
    1046.612
    1049.256
    1051.949
    1054.689
    1057.476
    1060.311
    1063.195
    1066.132
    1069.130
    1078.254
    1081.969
    1085.811
    1089.787
    1093.905
    1098.177
    1102.614
    1107.234
    1112.058
    1118.040
    1123.135
    1128.456
    1134.022
    1139.855
    1145.983
    1152.440
    1159.266
    1166.513
    1161.242
    1167.971
    1175.055
    1182.530
    1190.441
    1198.838
    1207.784
    1217.358
    1208.348
    1217.023
    1226.223
    1236.008
    1246.451
    1257.640
    1259.945
    1270.954
    1282.709
    1295.307
    1308.862
    1323.515
    1316.743
    1330.566
    1345.431
    1361.480
    1378.892
    1379.605
    1396.850
    1415.526
    1449.593
    1471.030
    1494.419
    1528.028
    1616.565
     642.813
     638.252
     633.520
     628.607
     623.503
     618.197
     612.679
     606.935
     600.952
     594.715
     588.210
     581.420
     574.327
     566.911
     559.154
     551.032
     542.523
     533.601
     524.240
     514.411
     504.084
     493.229
     481.812
     469.798
     457.154
       0.000
       0.000
       0.000
       0.000
       0.000
     655.744
     651.276
     646.636
     641.812
     636.793
     631.570
     626.129
     620.457
     614.540
     608.362
     601.908
     595.160
     588.098
     580.702
     572.951
     564.820
     556.284
     547.316
     537.888
     527.967
     517.522
     506.519
     494.921
     482.691
       0.000
       0.000
       0.000
       0.000
       0.000
     669.221
     664.860
     660.324
     655.601
     650.682
     645.553
     640.202
     634.615
     628.777
     622.671
     616.281
     609.586
     602.568
     595.202
     587.467
     579.336
     570.782
     561.775
     552.284
     542.275
     531.712
     520.558
     508.774
     496.319
       0.000
       0.000
       0.000
       0.000
     683.284
     679.043
     674.625
     670.018
     665.212
     660.192
     654.947
     649.459
     643.715
     637.696
     631.383
     624.757
     617.795
     610.474
     602.767
     594.648
     586.085
     577.048
     567.501
     557.407
     546.729
     535.424
     523.450
     510.762
       0.000
       0.000
       0.000
     697.973
     693.868
     689.584
     685.109
     680.432
     675.539
     670.415
     665.044
     659.411
     653.495
     647.278
     640.737
     633.848
     626.586
     618.923
     610.829
     602.271
     593.214
     583.621
     573.451
     562.661
     551.207
     539.041
       0.000
       0.000
       0.000
     713.333
     709.381
     705.249
     700.925
     696.396
     691.648
     686.666
     681.432
     675.929
     670.137
     664.035
     657.598
     650.802
     643.619
     636.018
     627.967
     619.430
     610.369
     600.743
     590.507
     579.614
     568.016
     555.662
       0.000
       0.000
     729.415
     725.636
     721.677
     717.524
     713.165
     708.584
     703.765
     698.691
     693.342
     687.697
     681.733
     675.425
     668.746
     661.664
     654.148
     646.162
     637.668
     628.622
     618.980
     608.694
     597.713
     585.982
       0.000
       0.000
     746.274
     742.690
     738.927
     734.970
     730.805
     726.416
     721.788
     716.899
     711.732
     706.261
     700.464
     694.313
     687.778
     680.827
     673.425
     665.532
     657.106
     648.101
     638.469
     628.157
     617.107
     605.263
       0.000
     763.971
     760.609
     757.068
     753.334
     749.392
     745.225
     740.817
     736.146
     731.191
     725.928
     720.332
     714.372
     708.016
     701.231
     693.977
     686.212
     677.890
     668.962
     659.373
     649.067
     637.982
     626.055
     782.576
     779.465
     776.177
     772.697
     769.011
     765.101
     760.948
     756.531
     751.827
     746.811
     741.455
     735.728
     729.594
     723.018
     715.957
     708.365
     700.194
     691.388
     681.890
     671.637
     660.563
     802.166
     799.339
     796.338
     793.150
     789.758
     786.144
     782.288
     778.169
     773.762
     769.040
     763.973
     758.529
     752.671
     746.358
     739.546
     732.186
     724.224
     715.603
     706.259
     696.126
     822.825
     820.322
     817.650
     814.797
     811.743
     808.473
     804.963
     801.193
     797.137
     792.765
     788.048
     782.949
     777.431
     771.450
     764.960
     757.907
     750.235
     741.881
     732.780
     844.653
     842.517
     840.222
     837.753
     835.091
     832.219
     829.115
     825.756
     822.115
     818.164
     813.869
     809.193
     804.097
     798.536
     792.458
     785.811
     778.534
     770.562
     867.757
     866.043
     864.180
     862.153
     859.945
     857.538
     854.909
     852.036
     848.890
     845.443
     841.660
     837.504
     832.934
     827.902
     822.359
     816.247
     809.506
     892.265
     891.032
     889.665
     888.150
     886.470
     884.606
     882.537
     880.240
     877.686
     874.847
     871.689
     868.174
     864.261
     859.903
     855.050
     918.316
     917.637
     916.843
     915.923
     914.858
     913.633
     912.225
     910.613
     908.771
     906.669
     904.276
     901.556
     898.469
     894.971
     946.075
     946.034
     945.905
     945.676
     945.333
     944.859
     944.237
     943.446
     942.462
     941.260
     939.810
     938.081
     936.038
     933.643
     975.730
     976.426
     977.069
     977.649
     978.155
     978.573
     978.889
     979.085
     979.144
     979.044
     978.764
     978.279
     977.565
    1007.496
    1009.049
    1010.594
    1012.125
    1013.635
    1015.114
    1016.555
    1017.948
    1019.280
    1020.542
    1021.722
    1022.809
    1041.626
    1044.179
    1046.782
    1049.436
    1052.139
    1054.890
    1057.690
    1060.539
    1063.438
    1066.392
    1069.408
    1078.415
    1082.139
    1085.991
    1089.977
    1094.107
    1098.390
    1102.841
    1107.476
    1112.317
    1118.210
    1123.314
    1128.645
    1134.222
    1140.068
    1146.210
    1152.681
    1159.524
    1166.789
    1161.421
    1168.160
    1175.255
    1182.743
    1190.666
    1199.078
    1208.040
    1217.632
    1208.536
    1217.223
    1226.434
    1236.233
    1246.690
    1257.894
    1260.144
    1271.164
    1282.932
    1295.544
    1309.114
    1323.784
    1316.951
    1330.787
    1345.666
    1361.730
    1379.158
    1379.824
    1397.083
    1415.773
    1449.824
    1471.275
    1494.679
    1528.270
    1616.819
     642.875
     638.315
     633.584
     628.673
     623.572
     618.268
     612.752
     607.010
     601.030
     594.796
     588.294
     581.506
     574.416
     567.005
     559.251
     551.133
     542.628
     533.710
     524.354
     514.530
     504.209
     493.359
     481.947
     469.940
     457.302
       0.000
       0.000
       0.000
       0.000
       0.000
     655.808
     651.342
     646.704
     641.881
     636.866
     631.644
     626.206
     620.536
     614.622
     608.448
     601.997
     595.252
     588.193
     580.801
     573.054
     564.927
     556.396
     547.433
     538.010
     528.095
     517.656
     506.659
     495.068
     482.845
       0.000
       0.000
       0.000
       0.000
       0.000
     669.288
     664.929
     660.395
     655.675
     650.758
     645.631
     640.283
     634.699
     628.864
     622.762
     616.374
     609.684
     602.669
     595.308
     587.577
     579.451
     570.902
     561.901
     552.416
     542.413
     531.857
     520.710
     508.933
     496.487
       0.000
       0.000
       0.000
       0.000
     683.354
     679.115
     674.699
     670.095
     665.291
     660.275
     655.032
     649.548
     643.807
     637.791
     631.483
     624.860
     617.903
     610.586
     602.885
     594.770
     586.214
     577.183
     567.642
     557.556
     546.885
     535.589
     523.623
     510.945
       0.000
       0.000
       0.000
     698.046
     693.943
     689.662
     685.190
     680.516
     675.625
     670.505
     665.138
     659.508
     653.596
     647.383
     640.846
     633.962
     626.706
     619.048
     610.960
     602.409
     593.359
     583.774
     573.612
     562.831
     551.386
     539.231
       0.000
       0.000
       0.000
     713.410
     709.460
     705.331
     701.010
     696.484
     691.739
     686.760
     681.531
     676.032
     670.244
     664.146
     657.715
     650.924
     643.747
     636.152
     628.108
     619.579
     610.525
     600.907
     590.681
     579.798
     568.211
     555.868
       0.000
       0.000
     729.495
     725.719
     721.763
     717.613
     713.257
     708.680
     703.865
     698.795
     693.451
     687.811
     681.852
     675.549
     668.876
     661.801
     654.292
     646.314
     637.827
     628.790
     619.158
     608.883
     597.912
     586.194
       0.000
       0.000
     746.358
     742.778
     739.017
     735.063
     730.902
     726.518
     721.893
     717.010
     711.847
     706.382
     700.590
     694.445
     687.917
     680.973
     673.579
     665.694
     657.277
     648.283
     638.662
     628.361
     617.325
     605.494
       0.000
     764.059
     760.701
     757.163
     753.432
     749.494
     745.332
     740.928
     736.263
     731.313
     726.056
     720.466
     714.513
     708.165
     701.387
     694.142
     686.387
     678.075
     669.158
     659.582
     649.289
     638.219
     626.308
     782.669
     779.561
     776.276
     772.801
     769.119
     765.214
     761.066
     756.654
     751.957
     746.947
     741.598
     735.878
     729.753
     723.186
     716.134
     708.553
     700.393
     691.600
     682.116
     671.878
     660.822
     802.262
     799.439
     796.443
     793.260
     789.873
     786.264
     782.414
     778.300
     773.900
     769.185
     764.126
     758.690
     752.841
     746.538
     739.737
     732.389
     724.440
     715.833
     706.505
     696.389
     822.927
     820.428
     817.761
     814.912
     811.864
     808.599
     805.096
     801.332
     797.283
     792.919
     788.210
     783.121
     777.613
     771.644
     765.165
     758.126
     750.468
     742.131
     733.048
     844.760
     842.629
     840.339
     837.874
     835.219
     832.353
     829.256
     825.904
     822.271
     818.328
     814.042
     809.377
     804.292
     798.743
     792.680
     786.047
     778.787
     770.833
     867.870
     866.160
     864.302
     862.281
     860.080
     857.679
     855.058
     852.193
     849.056
     845.618
     841.845
     837.701
     833.143
     828.126
     822.597
     816.502
     809.779
     892.383
     891.155
     889.795
     888.286
     886.613
     884.756
     882.695
     880.406
     877.862
     875.034
     871.887
     868.385
     864.486
     860.143
     855.307
     918.441
     917.767
     916.980
     916.066
     915.009
     913.791
     912.393
     910.790
     908.958
     906.869
     904.489
     901.783
     898.711
     895.229
     946.206
     946.171
     946.049
     945.827
     945.492
     945.028
     944.415
     943.635
     942.662
     941.473
     940.037
     938.324
     936.298
     933.921
     975.867
     976.570
     977.221
     977.809
     978.324
     978.752
     979.078
     979.286
     979.357
     979.272
     979.007
     978.539
     977.843
    1007.641
    1009.201
    1010.754
    1012.294
    1013.814
    1015.304
    1016.756
    1018.161
    1019.508
    1020.785
    1021.981
    1023.088
    1041.779
    1044.339
    1046.952
    1049.615
    1052.328
    1055.091
    1057.904
    1060.766
    1063.680
    1066.651
    1069.686
    1078.576
    1082.309
    1086.170
    1090.166
    1094.307
    1098.603
    1103.068
    1107.718
    1112.575
    1118.379
    1123.493
    1128.835
    1134.423
    1140.281
    1146.436
    1152.922
    1159.781
    1167.064
    1161.599
    1168.348
    1175.455
    1182.954
    1190.891
    1199.317
    1208.296
    1217.906
    1208.724
    1217.421
    1226.645
    1236.456
    1246.928
    1258.148
    1260.342
    1271.373
    1283.154
    1295.780
    1309.366
    1324.053
    1317.160
    1331.008
    1345.900
    1361.980
    1379.424
    1380.043
    1397.315
    1416.020
    1450.054
    1471.520
    1494.939
    1528.512
    1617.072
     642.936
     638.378
     633.649
     628.740
     623.640
     618.339
     612.825
     607.086
     601.108
     594.877
     588.377
     581.593
     574.506
     567.098
     559.348
     551.234
     542.732
     533.819
     524.467
     514.648
     504.333
     493.488
     482.083
     470.082
     457.451
       0.000
       0.000
       0.000
       0.000
       0.000
     655.872
     651.408
     646.771
     641.951
     636.938
     631.719
     626.283
     620.616
     614.704
     608.533
     602.085
     595.343
     588.289
     580.900
     573.157
     565.035
     556.508
     547.550
     538.132
     528.223
     517.790
     506.799
     495.215
     482.999
       0.000
       0.000
       0.000
       0.000
       0.000
     669.355
     664.998
     660.466
     655.748
     650.833
     645.710
     640.364
     634.783
     628.951
     622.852
     616.468
     609.781
     602.770
     595.413
     587.687
     579.566
     571.022
     562.026
     552.547
     542.550
     532.001
     520.862
     509.093
     496.654
       0.000
       0.000
       0.000
       0.000
     683.424
     679.187
     674.774
     670.172
     665.371
     660.357
     655.117
     649.636
     643.898
     637.886
     631.582
     624.964
     618.010
     610.698
     603.002
     594.893
     586.342
     577.317
     567.784
     557.705
     547.041
     535.753
     523.796
     511.128
       0.000
       0.000
       0.000
     698.119
     694.019
     689.740
     685.271
     680.599
     675.712
     670.594
     665.231
     659.605
     653.697
     647.488
     640.956
     634.077
     626.825
     619.174
     611.092
     602.547
     593.504
     583.926
     573.772
     563.000
     551.564
     539.419
       0.000
       0.000
       0.000
     713.486
     709.539
     705.413
     701.095
     696.572
     691.831
     686.855
     681.629
     676.134
     670.351
     664.258
     657.831
     651.046
     643.874
     636.286
     628.249
     619.726
     610.681
     601.072
     590.854
     579.982
     568.405
     556.074
       0.000
       0.000
     729.575
     725.802
     721.848
     717.702
     713.350
     708.776
     703.965
     698.899
     693.559
     687.924
     681.970
     675.673
     669.006
     661.937
     654.435
     646.465
     637.986
     628.958
     619.336
     609.071
     598.112
     586.405
       0.000
       0.000
     746.442
     742.864
     739.107
     735.157
     731.000
     726.619
     721.999
     717.120
     711.962
     706.502
     700.716
     694.577
     688.056
     681.119
     673.732
     665.856
     657.449
     648.465
     638.854
     628.565
     617.541
     605.725
       0.000
     764.147
     760.792
     757.258
     753.531
     749.597
     745.439
     741.040
     736.379
     731.435
     726.184
     720.600
     714.653
     708.313
     701.544
     694.307
     686.561
     678.260
     669.354
     659.790
     649.511
     638.455
     626.560
     782.761
     779.657
     776.376
     772.905
     769.227
     765.327
     761.184
     756.778
     752.086
     747.083
     741.741
     736.028
     729.912
     723.353
     716.312
     708.741
     700.593
     691.812
     682.342
     672.119
     661.079
     802.359
     799.540
     796.548
     793.369
     789.987
     786.383
     782.538
     778.431
     774.037
     769.329
     764.278
     758.850
     753.010
     746.717
     739.927
     732.591
     724.656
     716.063
     706.750
     696.652
     823.029
     820.533
     817.871
     815.027
     811.985
     808.725
     805.228
     801.471
     797.429
     793.073
     788.373
     783.293
     777.795
     771.837
     765.370
     758.344
     750.701
     742.380
     733.314
     844.866
     842.740
     840.455
     837.996
     835.346
     832.486
     829.396
     826.051
     822.426
     818.492
     814.216
     809.561
     804.487
     798.950
     792.900
     786.283
     779.039
     771.103
     867.982
     866.277
     864.425
     862.410
     860.215
     857.821
     855.207
     852.349
     849.221
     845.793
     842.031
     837.898
     833.352
     828.349
     822.835
     816.757
     810.052
     892.501
     891.279
     889.924
     888.422
     886.755
     884.906
     882.853
     880.573
     878.038
     875.220
     872.085
     868.596
     864.710
     860.383
     855.563
     918.565
     917.897
     917.116
     916.209
     915.160
     913.950
     912.560
     910.967
     909.146
     907.068
     904.700
     902.008
     898.952
     895.487
     946.337
     946.308
     946.192
     945.978
     945.652
     945.196
     944.593
     943.823
     942.862
     941.685
     940.264
     938.566
     936.557
     934.199
     976.005
     976.715
     977.373
     977.969
     978.493
     978.930
     979.267
     979.486
     979.570
     979.499
     979.249
     978.799
     978.122
    1007.786
    1009.353
    1010.915
    1012.463
    1013.992
    1015.493
    1016.957
    1018.374
    1019.735
    1021.027
    1022.241
    1023.366
    1041.931
    1044.500
    1047.121
    1049.794
    1052.517
    1055.292
    1058.117
    1060.993
    1063.922
    1066.910
    1069.963
    1078.736
    1082.478
    1086.349
    1090.356
    1094.508
    1098.816
    1103.295
    1107.960
    1112.833
    1118.548
    1123.672
    1129.023
    1134.623
    1140.493
    1146.662
    1153.163
    1160.038
    1167.339
    1161.777
    1168.537
    1175.654
    1183.166
    1191.116
    1199.556
    1208.551
    1218.179
    1208.912
    1217.620
    1226.856
    1236.680
    1247.166
    1258.401
    1260.539
    1271.582
    1283.376
    1296.016
    1309.617
    1324.321
    1317.368
    1331.229
    1346.134
    1362.229
    1379.690
    1380.262
    1397.547
    1416.267
    1450.284
    1471.764
    1495.199
    1528.753
    1617.326
     642.997
     638.441
     633.714
     628.807
     623.709
     618.410
     612.898
     607.161
     601.186
     594.957
     588.461
     581.679
     574.596
     567.191
     559.444
     551.334
     542.837
     533.928
     524.581
     514.767
     504.456
     493.618
     482.218
     470.223
     457.599
       0.000
       0.000
       0.000
       0.000
       0.000
     655.935
     651.474
     646.839
     642.021
     637.010
     631.793
     626.359
     620.695
     614.786
     608.618
     602.173
     595.435
     588.384
     580.999
     573.260
     565.142
     556.620
     547.667
     538.254
     528.350
     517.923
     506.939
     495.361
     483.153
       0.000
       0.000
       0.000
       0.000
       0.000
     669.422
     665.067
     660.537
     655.821
     650.909
     645.788
     640.445
     634.866
     629.037
     622.941
     616.561
     609.878
     602.871
     595.518
     587.797
     579.680
     571.142
     562.151
     552.678
     542.688
     532.145
     521.013
     509.252
     496.821
       0.000
       0.000
       0.000
       0.000
     683.493
     679.259
     674.848
     670.249
     665.450
     660.439
     655.202
     649.724
     643.990
     637.982
     631.680
     625.066
     618.118
     610.810
     603.119
     595.015
     586.470
     577.451
     567.924
     557.853
     547.197
     535.917
     523.969
     511.310
       0.000
       0.000
       0.000
     698.192
     694.094
     689.817
     685.351
     680.682
     675.798
     670.684
     665.324
     659.702
     653.798
     647.593
     641.065
     634.191
     626.945
     619.299
     611.223
     602.684
     593.649
     584.078
     573.932
     563.169
     551.743
     539.607
       0.000
       0.000
       0.000
     713.562
     709.618
     705.494
     701.179
     696.660
     691.921
     686.950
     681.727
     676.237
     670.458
     664.369
     657.948
     651.168
     644.002
     636.420
     628.389
     619.874
     610.837
     601.236
     591.027
     580.165
     568.599
     556.279
       0.000
       0.000
     729.655
     725.884
     721.934
     717.791
     713.442
     708.872
     704.065
     699.003
     693.667
     688.037
     682.088
     675.797
     669.135
     662.073
     654.578
     646.615
     638.145
     629.126
     619.513
     609.258
     598.311
     586.616
       0.000
       0.000
     746.525
     742.951
     739.197
     735.250
     731.097
     726.720
     722.104
     717.230
     712.076
     706.622
     700.842
     694.709
     688.194
     681.265
     673.886
     666.018
     657.620
     648.645
     639.046
     628.769
     617.758
     605.955
       0.000
     764.235
     760.883
     757.352
     753.629
     749.699
     745.546
     741.151
     736.495
     731.557
     726.312
     720.734
     714.794
     708.461
     701.699
     694.471
     686.735
     678.444
     669.550
     659.998
     649.732
     638.690
     626.811
     782.853
     779.752
     776.475
     773.008
     769.335
     765.439
     761.301
     756.901
     752.215
     747.219
     741.883
     736.178
     730.070
     723.520
     716.488
     708.929
     700.792
     692.024
     682.567
     672.360
     661.336
     802.456
     799.641
     796.653
     793.478
     790.101
     786.502
     782.663
     778.562
     774.174
     769.473
     764.430
     759.011
     753.180
     746.897
     740.117
     732.793
     724.871
     716.292
     706.995
     696.914
     823.130
     820.639
     817.981
     815.142
     812.105
     808.851
     805.360
     801.610
     797.575
     793.227
     788.535
     783.464
     777.976
     772.029
     765.575
     758.562
     750.933
     742.628
     733.581
     844.973
     842.851
     840.571
     838.117
     835.473
     832.620
     829.536
     826.199
     822.581
     818.656
     814.389
     809.744
     804.682
     799.157
     793.121
     786.518
     779.290
     771.373
     868.094
     866.394
     864.547
     862.538
     860.349
     857.962
     855.355
     852.505
     849.386
     845.967
     842.215
     838.094
     833.561
     828.571
     823.073
     817.011
     810.325
     892.619
     891.402
     890.053
     888.557
     886.897
     885.056
     883.011
     880.739
     878.214
     875.407
     872.283
     868.806
     864.934
     860.622
     855.820
     918.689
     918.027
     917.252
     916.352
     915.310
     914.108
     912.727
     911.144
     909.333
     907.266
     904.912
     902.233
     899.192
     895.745
     946.467
     946.445
     946.336
     946.129
     945.811
     945.364
     944.771
     944.011
     943.062
     941.898
     940.490
     938.807
     936.815
     934.476
     976.142
     976.859
     977.524
     978.129
     978.661
     979.108
     979.455
     979.686
     979.783
     979.725
     979.491
     979.057
     978.399
    1007.930
    1009.505
    1011.075
    1012.632
    1014.171
    1015.682
    1017.157
    1018.587
    1019.961
    1021.269
    1022.499
    1023.644
    1042.083
    1044.660
    1047.290
    1049.972
    1052.706
    1055.492
    1058.329
    1061.219
    1064.164
    1067.168
    1070.240
    1078.897
    1082.647
    1086.527
    1090.544
    1094.708
    1099.029
    1103.521
    1108.201
    1113.091
    1118.717
    1123.850
    1129.212
    1134.822
    1140.705
    1146.887
    1153.403
    1160.294
    1167.613
    1161.955
    1168.725
    1175.853
    1183.377
    1191.340
    1199.795
    1208.806
    1218.451
    1209.099
    1217.818
    1227.066
    1236.903
    1247.403
    1258.654
    1260.736
    1271.791
    1283.598
    1296.252
    1309.868
    1324.589
    1317.575
    1331.449
    1346.368
    1362.478
    1379.955
    1380.480
    1397.779
    1416.513
    1450.513
    1472.007
    1495.458
    1528.994
    1617.578
     643.058
     638.504
     633.778
     628.873
     623.777
     618.480
     612.971
     607.236
     601.263
     595.038
     588.544
     581.766
     574.685
     567.284
     559.541
     551.434
     542.941
     534.037
     524.694
     514.885
     504.580
     493.747
     482.353
     470.364
     457.746
       0.000
       0.000
       0.000
       0.000
       0.000
     655.999
     651.539
     646.906
     642.091
     637.081
     631.867
     626.436
     620.774
     614.868
     608.703
     602.261
     595.526
     588.478
     581.098
     573.363
     565.249
     556.731
     547.783
     538.375
     528.477
     518.057
     507.078
     495.507
     483.306
       0.000
       0.000
       0.000
       0.000
       0.000
     669.488
     665.135
     660.607
     655.894
     650.984
     645.865
     640.525
     634.950
     629.124
     623.031
     616.654
     609.975
     602.972
     595.623
     587.906
     579.794
     571.261
     562.276
     552.808
     542.824
     532.289
     521.164
     509.410
     496.988
       0.000
       0.000
       0.000
       0.000
     683.563
     679.331
     674.922
     670.325
     665.529
     660.521
     655.287
     649.812
     644.081
     638.076
     631.779
     625.169
     618.225
     610.922
     603.235
     595.137
     586.598
     577.585
     568.065
     558.000
     547.353
     536.080
     524.142
     511.492
       0.000
       0.000
       0.000
     698.265
     694.169
     689.895
     685.431
     680.766
     675.884
     670.773
     665.417
     659.798
     653.898
     647.698
     641.174
     634.305
     627.064
     619.423
     611.353
     602.821
     593.793
     584.229
     574.092
     563.337
     551.920
     539.795
       0.000
       0.000
       0.000
     713.638
     709.697
     705.576
     701.264
     696.747
     692.012
     687.044
     681.825
     676.339
     670.564
     664.480
     658.064
     651.289
     644.129
     636.553
     628.529
     620.021
     610.992
     601.399
     591.200
     580.347
     568.792
     556.483
       0.000
       0.000
     729.735
     725.967
     722.020
     717.880
     713.534
     708.968
     704.164
     699.107
     693.776
     688.150
     682.206
     675.921
     669.265
     662.209
     654.721
     646.765
     638.303
     629.293
     619.690
     609.445
     598.509
     586.827
       0.000
       0.000
     746.609
     743.038
     739.287
     735.344
     731.194
     726.821
     722.209
     717.339
     712.191
     706.742
     700.967
     694.841
     688.333
     681.410
     674.039
     666.179
     657.790
     648.826
     639.237
     628.972
     617.973
     606.185
       0.000
     764.323
     760.974
     757.447
     753.728
     749.802
     745.653
     741.262
     736.612
     731.678
     726.439
     720.867
     714.934
     708.608
     701.855
     694.636
     686.909
     678.628
     669.745
     660.205
     649.952
     638.925
     627.062
     782.945
     779.848
     776.575
     773.112
     769.443
     765.552
     761.419
     757.024
     752.344
     747.354
     742.026
     736.328
     730.228
     723.687
     716.665
     709.116
     700.990
     692.235
     682.792
     672.600
     661.592
     802.552
     799.741
     796.757
     793.587
     790.214
     786.621
     782.788
     778.692
     774.311
     769.617
     764.581
     759.171
     753.349
     747.075
     740.307
     732.994
     725.085
     716.521
     707.239
     697.175
     823.231
     820.745
     818.091
     815.257
     812.225
     808.977
     805.492
     801.748
     797.720
     793.380
     788.697
     783.635
     778.157
     772.221
     765.779
     758.779
     751.165
     742.876
     733.846
     845.079
     842.962
     840.687
     838.239
     835.600
     832.753
     829.676
     826.345
     822.736
     818.819
     814.561
     809.927
     804.876
     799.364
     793.341
     786.753
     779.541
     771.642
     868.206
     866.511
     864.669
     862.666
     860.483
     858.103
     855.503
     852.662
     849.551
     846.141
     842.400
     838.290
     833.769
     828.793
     823.310
     817.264
     810.597
     892.736
     891.525
     890.182
     888.692
     887.039
     885.205
     883.168
     880.905
     878.390
     875.592
     872.480
     869.016
     865.158
     860.861
     856.075
     918.813
     918.156
     917.388
     916.495
     915.460
     914.267
     912.894
     911.320
     909.520
     907.465
     905.123
     902.458
     899.432
     896.002
     946.598
     946.581
     946.479
     946.280
     945.969
     945.531
     944.948
     944.199
     943.261
     942.109
     940.715
     939.048
     937.073
     934.753
     976.279
     977.003
     977.676
     978.288
     978.829
     979.286
     979.643
     979.886
     979.995
     979.951
     979.733
     979.316
     978.676
    1008.075
    1009.657
    1011.235
    1012.801
    1014.349
    1015.870
    1017.357
    1018.800
    1020.188
    1021.510
    1022.758
    1023.921
    1042.235
    1044.820
    1047.459
    1050.150
    1052.895
    1055.692
    1058.542
    1061.445
    1064.405
    1067.426
    1070.517
    1079.057
    1082.816
    1086.706
    1090.733
    1094.908
    1099.241
    1103.746
    1108.441
    1113.348
    1118.886
    1124.028
    1129.400
    1135.022
    1140.916
    1147.112
    1153.642
    1160.550
    1167.887
    1162.133
    1168.912
    1176.052
    1183.588
    1191.564
    1200.034
    1209.060
    1218.723
    1209.287
    1218.016
    1227.275
    1237.126
    1247.640
    1258.907
    1260.933
    1272.000
    1283.819
    1296.487
    1310.119
    1324.856
    1317.783
    1331.669
    1346.601
    1362.726
    1380.219
    1380.698
    1398.010
    1416.759
    1450.742
    1472.251
    1495.717
    1529.234
    1617.831
     643.119
     638.566
     633.843
     628.939
     623.846
     618.551
     613.044
     607.311
     601.341
     595.118
     588.627
     581.852
     574.774
     567.376
     559.637
     551.534
     543.045
     534.145
     524.807
     515.003
     504.703
     493.875
     482.487
     470.505
     457.894
       0.000
       0.000
       0.000
       0.000
       0.000
     656.062
     651.605
     646.974
     642.160
     637.153
     631.941
     626.512
     620.853
     614.950
     608.787
     602.349
     595.617
     588.573
     581.196
     573.465
     565.355
     556.843
     547.899
     538.497
     528.604
     518.189
     507.217
     495.653
     483.459
       0.000
       0.000
       0.000
       0.000
       0.000
     669.555
     665.204
     660.678
     655.967
     651.059
     645.943
     640.606
     635.033
     629.210
     623.121
     616.747
     610.071
     603.072
     595.728
     588.015
     579.908
     571.380
     562.400
     552.939
     542.961
     532.432
     521.314
     509.569
     497.154
       0.000
       0.000
       0.000
       0.000
     683.632
     679.403
     674.996
     670.402
     665.608
     660.603
     655.372
     649.900
     644.172
     638.171
     631.878
     625.272
     618.332
     611.033
     603.352
     595.259
     586.726
     577.719
     568.205
     558.148
     547.508
     536.244
     524.314
     511.673
       0.000
       0.000
       0.000
     698.337
     694.244
     689.973
     685.512
     680.849
     675.970
     670.863
     665.510
     659.894
     653.999
     647.802
     641.283
     634.419
     627.183
     619.548
     611.484
     602.958
     593.936
     584.381
     574.251
     563.505
     552.097
     539.982
       0.000
       0.000
       0.000
     713.714
     709.775
     705.657
     701.348
     696.834
     692.103
     687.138
     681.923
     676.441
     670.670
     664.591
     658.179
     651.410
     644.256
     636.686
     628.669
     620.168
     611.147
     601.563
     591.372
     580.529
     568.985
     556.688
       0.000
       0.000
     729.814
     726.049
     722.105
     717.968
     713.626
     709.063
     704.264
     699.210
     693.883
     688.262
     682.324
     676.044
     669.394
     662.345
     654.864
     646.915
     638.461
     629.460
     619.866
     609.632
     598.707
     587.037
       0.000
       0.000
     746.692
     743.124
     739.377
     735.437
     731.290
     726.922
     722.314
     717.449
     712.305
     706.861
     701.093
     694.972
     688.470
     681.555
     674.191
     666.341
     657.961
     649.006
     639.428
     629.174
     618.189
     606.414
       0.000
     764.410
     761.065
     757.541
     753.826
     749.904
     745.759
     741.373
     736.727
     731.800
     726.566
     721.000
     715.074
     708.756
     702.010
     694.799
     687.082
     678.812
     669.940
     660.412
     650.172
     639.160
     627.312
     783.037
     779.943
     776.674
     773.215
     769.551
     765.664
     761.536
     757.147
     752.473
     747.489
     742.167
     736.478
     730.385
     723.853
     716.841
     709.302
     701.188
     692.446
     683.016
     672.839
     661.848
     802.649
     799.841
     796.862
     793.696
     790.328
     786.740
     782.912
     778.822
     774.448
     769.761
     764.733
     759.330
     753.517
     747.254
     740.496
     733.195
     725.299
     716.749
     707.483
     697.435
     823.333
     820.850
     818.201
     815.372
     812.345
     809.102
     805.624
     801.886
     797.866
     793.533
     788.858
     783.806
     778.338
     772.413
     765.982
     758.996
     751.397
     743.124
     734.111
     845.186
     843.073
     840.803
     838.360
     835.727
     832.885
     829.815
     826.492
     822.891
     818.982
     814.734
     810.109
     805.070
     799.569
     793.560
     786.987
     779.792
     771.910
     868.318
     866.628
     864.791
     862.793
     860.617
     858.243
     855.651
     852.817
     849.715
     846.315
     842.584
     838.485
     833.977
     829.014
     823.546
     817.517
     810.868
     892.854
     891.648
     890.310
     888.827
     887.181
     885.354
     883.325
     881.070
     878.565
     875.778
     872.677
     869.225
     865.381
     861.099
     856.330
     918.936
     918.286
     917.524
     916.637
     915.610
     914.424
     913.061
     911.496
     909.706
     907.663
     905.333
     902.682
     899.672
     896.258
     946.728
     946.717
     946.623
     946.431
     946.128
     945.699
     945.125
     944.386
     943.460
     942.321
     940.941
     939.288
     937.330
     935.029
     976.416
     977.146
     977.827
     978.447
     978.997
     979.463
     979.831
     980.085
     980.207
     980.177
     979.974
     979.574
     978.953
    1008.219
    1009.809
    1011.394
    1012.969
    1014.526
    1016.059
    1017.557
    1019.012
    1020.413
    1021.751
    1023.016
    1024.197
    1042.387
    1044.980
    1047.627
    1050.328
    1053.083
    1055.892
    1058.754
    1061.671
    1064.646
    1067.683
    1070.793
    1079.217
    1082.985
    1086.883
    1090.921
    1095.107
    1099.453
    1103.971
    1108.681
    1113.604
    1119.054
    1124.206
    1129.588
    1135.221
    1141.127
    1147.336
    1153.882
    1160.805
    1168.160
    1162.310
    1169.100
    1176.250
    1183.798
    1191.788
    1200.272
    1209.314
    1218.994
    1209.473
    1218.214
    1227.485
    1237.348
    1247.876
    1259.159
    1261.130
    1272.208
    1284.040
    1296.722
    1310.369
    1325.123
    1317.990
    1331.888
    1346.834
    1362.974
    1380.484
    1380.916
    1398.241
    1417.004
    1450.971
    1472.493
    1495.975
    1529.475
    1618.083
     643.180
     638.629
     633.907
     629.005
     623.914
     618.621
     613.116
     607.386
     601.418
     595.198
     588.710
     581.938
     574.864
     567.469
     559.733
     551.634
     543.149
     534.253
     524.920
     515.121
     504.826
     494.004
     482.622
     470.646
     458.040
       0.000
       0.000
       0.000
       0.000
       0.000
     656.126
     651.670
     647.041
     642.229
     637.225
     632.015
     626.589
     620.932
     615.032
     608.872
     602.437
     595.708
     588.668
     581.295
     573.567
     565.462
     556.954
     548.015
     538.618
     528.731
     518.322
     507.356
     495.798
     483.611
       0.000
       0.000
       0.000
       0.000
       0.000
     669.621
     665.272
     660.748
     656.040
     651.134
     646.021
     640.686
     635.116
     629.296
     623.210
     616.840
     610.168
     603.173
     595.833
     588.124
     580.022
     571.499
     562.525
     553.069
     543.097
     532.575
     521.464
     509.726
     497.320
       0.000
       0.000
       0.000
       0.000
     683.702
     679.474
     675.070
     670.478
     665.687
     660.684
     655.456
     649.988
     644.263
     638.266
     631.976
     625.374
     618.438
     611.145
     603.468
     595.381
     586.853
     577.852
     568.345
     558.295
     547.662
     536.407
     524.485
     511.854
       0.000
       0.000
       0.000
     698.410
     694.319
     690.050
     685.592
     680.931
     676.056
     670.952
     665.602
     659.991
     654.099
     647.906
     641.392
     634.532
     627.301
     619.672
     611.614
     603.095
     594.080
     584.532
     574.410
     563.672
     552.274
     540.169
       0.000
       0.000
       0.000
     713.790
     709.854
     705.738
     701.432
     696.922
     692.193
     687.232
     682.021
     676.542
     670.776
     664.702
     658.295
     651.531
     644.383
     636.819
     628.808
     620.315
     611.301
     601.725
     591.544
     580.711
     569.177
     556.891
       0.000
       0.000
     729.894
     726.132
     722.190
     718.057
     713.718
     709.158
     704.363
     699.314
     693.991
     688.375
     682.442
     676.167
     669.523
     662.480
     655.006
     647.065
     638.619
     629.626
     620.042
     609.818
     598.904
     587.246
       0.000
       0.000
     746.776
     743.210
     739.466
     735.530
     731.387
     727.022
     722.419
     717.558
     712.419
     706.981
     701.218
     695.103
     688.608
     681.700
     674.344
     666.501
     658.130
     649.186
     639.618
     629.376
     618.403
     606.642
       0.000
     764.497
     761.155
     757.635
     753.923
     750.005
     745.865
     741.484
     736.843
     731.921
     726.693
     721.133
     715.214
     708.903
     702.165
     694.963
     687.255
     678.995
     670.134
     660.618
     650.392
     639.394
     627.561
     783.128
     780.038
     776.773
     773.318
     769.658
     765.776
     761.653
     757.269
     752.601
     747.624
     742.309
     736.627
     730.543
     724.019
     717.016
     709.488
     701.386
     692.656
     683.240
     673.078
     662.103
     802.745
     799.941
     796.966
     793.805
     790.441
     786.858
     783.036
     778.952
     774.584
     769.904
     764.884
     759.489
     753.685
     747.432
     740.685
     733.396
     725.512
     716.976
     707.726
     697.695
     823.433
     820.955
     818.311
     815.486
     812.464
     809.227
     805.755
     802.024
     798.011
     793.686
     789.019
     783.976
     778.518
     772.604
     766.186
     759.212
     751.627
     743.370
     734.375
     845.292
     843.184
     840.918
     838.480
     835.853
     833.018
     829.954
     826.638
     823.045
     819.145
     814.906
     810.292
     805.263
     799.775
     793.779
     787.221
     780.041
     772.178
     868.429
     866.744
     864.913
     862.921
     860.750
     858.383
     855.799
     852.973
     849.879
     846.489
     842.768
     838.680
     834.184
     829.235
     823.782
     817.770
     811.139
     892.971
     891.770
     890.438
     888.961
     887.322
     885.502
     883.481
     881.236
     878.739
     875.963
     872.873
     869.434
     865.603
     861.337
     856.584
     919.059
     918.415
     917.659
     916.779
     915.759
     914.582
     913.227
     911.672
     909.893
     907.860
     905.543
     902.906
     899.911
     896.514
     946.857
     946.853
     946.765
     946.581
     946.286
     945.866
     945.301
     944.573
     943.658
     942.532
     941.165
     939.528
     937.587
     935.305
     976.553
     977.290
     977.978
     978.606
     979.165
     979.640
     980.019
     980.284
     980.419
     980.402
     980.214
     979.831
     979.229
    1008.363
    1009.960
    1011.553
    1013.137
    1014.704
    1016.246
    1017.756
    1019.223
    1020.639
    1021.992
    1023.273
    1024.473
    1042.539
    1045.140
    1047.795
    1050.506
    1053.271
    1056.091
    1058.965
    1061.896
    1064.886
    1067.940
    1071.068
    1079.377
    1083.153
    1087.061
    1091.109
    1095.306
    1099.664
    1104.196
    1108.921
    1113.860
    1119.223
    1124.383
    1129.776
    1135.419
    1141.338
    1147.560
    1154.120
    1161.060
    1168.433
    1162.487
    1169.287
    1176.448
    1184.008
    1192.011
    1200.509
    1209.568
    1219.265
    1209.660
    1218.411
    1227.694
    1237.570
    1248.113
    1259.411
    1261.327
    1272.416
    1284.261
    1296.956
    1310.619
    1325.389
    1318.196
    1332.107
    1347.067
    1363.221
    1380.748
    1381.133
    1398.472
    1417.250
    1451.199
    1472.736
    1496.233
    1529.715
    1618.334
     643.240
     638.691
     633.971
     629.072
     623.982
     618.691
     613.189
     607.461
     601.496
     595.278
     588.793
     582.023
     574.952
     567.561
     559.829
     551.734
     543.253
     534.361
     525.032
     515.238
     504.948
     494.132
     482.755
     470.786
     458.187
       0.000
       0.000
       0.000
       0.000
       0.000
     656.189
     651.735
     647.108
     642.299
     637.296
     632.089
     626.665
     621.011
     615.113
     608.956
     602.524
     595.799
     588.762
     581.393
     573.669
     565.568
     557.064
     548.131
     538.739
     528.857
     518.454
     507.495
     495.943
     483.763
       0.000
       0.000
       0.000
       0.000
       0.000
     669.687
     665.340
     660.819
     656.112
     651.209
     646.098
     640.766
     635.199
     629.382
     623.299
     616.933
     610.264
     603.273
     595.937
     588.233
     580.135
     571.617
     562.649
     553.199
     543.233
     532.718
     521.614
     509.884
     497.486
       0.000
       0.000
       0.000
       0.000
     683.771
     679.545
     675.144
     670.554
     665.766
     660.766
     655.541
     650.075
     644.354
     638.360
     632.074
     625.476
     618.545
     611.256
     603.584
     595.502
     586.980
     577.986
     568.485
     558.442
     547.817
     536.569
     524.656
     512.034
       0.000
       0.000
       0.000
     698.482
     694.394
     690.127
     685.672
     681.014
     676.142
     671.041
     665.695
     660.087
     654.198
     648.010
     641.500
     634.645
     627.420
     619.796
     611.744
     603.231
     594.223
     584.682
     574.568
     563.839
     552.451
     540.355
       0.000
       0.000
       0.000
     713.866
     709.932
     705.819
     701.516
     697.009
     692.284
     687.326
     682.119
     676.644
     670.882
     664.812
     658.410
     651.652
     644.509
     636.952
     628.948
     620.461
     611.455
     601.888
     591.716
     580.892
     569.369
     557.094
       0.000
       0.000
     729.973
     726.214
     722.275
     718.145
     713.809
     709.254
     704.462
     699.417
     694.099
     688.487
     682.559
     676.290
     669.652
     662.615
     655.148
     647.214
     638.776
     629.792
     620.218
     610.004
     599.101
     587.455
       0.000
       0.000
     746.859
     743.297
     739.556
     735.623
     731.484
     727.123
     722.524
     717.667
     712.533
     707.100
     701.342
     695.234
     688.745
     681.844
     674.496
     666.662
     658.300
     649.365
     639.808
     629.578
     618.618
     606.870
       0.000
     764.585
     761.246
     757.729
     754.021
     750.107
     745.971
     741.595
     736.959
     732.041
     726.819
     721.266
     715.353
     709.050
     702.320
     695.126
     687.427
     679.177
     670.327
     660.824
     650.611
     639.627
     627.810
     783.220
     780.133
     776.872
     773.421
     769.765
     765.888
     761.770
     757.392
     752.729
     747.758
     742.450
     736.775
     730.699
     724.185
     717.192
     709.674
     701.583
     692.865
     683.463
     673.316
     662.357
     802.841
     800.041
     797.070
     793.913
     790.554
     786.976
     783.159
     779.082
     774.720
     770.047
     765.034
     759.648
     753.853
     747.610
     740.873
     733.596
     725.725
     717.203
     707.968
     697.955
     823.534
     821.060
     818.420
     815.600
     812.584
     809.353
     805.886
     802.162
     798.155
     793.838
     789.180
     784.146
     778.698
     772.795
     766.388
     759.428
     751.858
     743.616
     734.638
     845.398
     843.294
     841.034
     838.601
     835.979
     833.150
     830.093
     826.784
     823.199
     819.307
     815.077
     810.473
     805.456
     799.980
     793.997
     787.454
     780.291
     772.445
     868.540
     866.860
     865.035
     863.048
     860.884
     858.523
     855.946
     853.128
     850.043
     846.662
     842.951
     838.875
     834.391
     829.455
     824.017
     818.022
     811.409
     893.088
     891.893
     890.567
     889.096
     887.463
     885.651
     883.637
     881.401
     878.914
     876.148
     873.069
     869.642
     865.826
     861.574
     856.838
     919.183
     918.544
     917.794
     916.921
     915.909
     914.739
     913.393
     911.847
     910.078
     908.057
     905.753
     903.130
     900.149
     896.769
     946.987
     946.989
     946.908
     946.731
     946.444
     946.032
     945.477
     944.759
     943.856
     942.742
     941.390
     939.768
     937.843
     935.580
     976.689
     977.433
     978.128
     978.765
     979.332
     979.817
     980.206
     980.483
     980.630
     980.627
     980.454
     980.088
     979.504
    1008.506
    1010.111
    1011.712
    1013.305
    1014.881
    1016.434
    1017.955
    1019.435
    1020.864
    1022.232
    1023.530
    1024.748
    1042.690
    1045.299
    1047.963
    1050.683
    1053.459
    1056.290
    1059.177
    1062.121
    1065.126
    1068.197
    1071.343
    1079.536
    1083.321
    1087.238
    1091.296
    1095.505
    1099.875
    1104.421
    1109.160
    1114.116
    1119.390
    1124.560
    1129.963
    1135.618
    1141.549
    1147.784
    1154.359
    1161.315
    1168.705
    1162.664
    1169.474
    1176.646
    1184.218
    1192.234
    1200.746
    1209.821
    1219.536
    1209.846
    1218.608
    1227.903
    1237.792
    1248.348
    1259.662
    1261.523
    1272.624
    1284.481
    1297.190
    1310.868
    1325.655
    1318.403
    1332.326
    1347.299
    1363.468
    1381.011
    1381.350
    1398.702
    1417.494
    1451.428
    1472.978
    1496.491
    1529.954
    1618.586
     643.301
     638.753
     634.035
     629.138
     624.050
     618.762
     613.261
     607.536
     601.573
     595.358
     588.875
     582.109
     575.041
     567.653
     559.924
     551.833
     543.356
     534.469
     525.145
     515.355
     505.070
     494.259
     482.889
     470.925
     458.333
       0.000
       0.000
       0.000
       0.000
       0.000
     656.253
     651.800
     647.175
     642.368
     637.367
     632.162
     626.741
     621.090
     615.195
     609.041
     602.612
     595.890
     588.856
     581.490
     573.771
     565.674
     557.175
     548.246
     538.859
     528.983
     518.586
     507.633
     496.088
     483.915
       0.000
       0.000
       0.000
       0.000
       0.000
     669.753
     665.408
     660.889
     656.185
     651.284
     646.176
     640.846
     635.282
     629.468
     623.388
     617.025
     610.360
     603.373
     596.041
     588.341
     580.249
     571.735
     562.772
     553.328
     543.369
     532.860
     521.764
     510.041
     497.651
       0.000
       0.000
       0.000
       0.000
     683.840
     679.617
     675.217
     670.630
     665.844
     660.847
     655.625
     650.163
     644.445
     638.454
     632.172
     625.578
     618.651
     611.367
     603.700
     595.623
     587.107
     578.118
     568.624
     558.588
     547.970
     536.731
     524.827
     512.214
       0.000
       0.000
       0.000
     698.554
     694.468
     690.204
     685.751
     681.097
     676.228
     671.130
     665.787
     660.182
     654.298
     648.114
     641.609
     634.759
     627.538
     619.919
     611.873
     603.367
     594.366
     584.832
     574.727
     564.006
     552.627
     540.541
       0.000
       0.000
       0.000
     713.942
     710.010
     705.900
     701.600
     697.096
     692.374
     687.419
     682.216
     676.745
     670.988
     664.922
     658.525
     651.772
     644.635
     637.084
     629.086
     620.607
     611.609
     602.050
     591.887
     581.073
     569.560
     557.297
       0.000
       0.000
     730.052
     726.296
     722.360
     718.233
     713.901
     709.349
     704.561
     699.520
     694.206
     688.599
     682.676
     676.412
     669.780
     662.750
     655.289
     647.363
     638.933
     629.958
     620.393
     610.189
     599.297
     587.663
       0.000
       0.000
     746.942
     743.383
     739.645
     735.715
     731.580
     727.223
     722.628
     717.776
     712.647
     707.219
     701.467
     695.364
     688.882
     681.988
     674.648
     666.822
     658.469
     649.544
     639.998
     629.779
     618.831
     607.097
       0.000
     764.672
     761.336
     757.823
     754.119
     750.209
     746.077
     741.705
     737.074
     732.162
     726.946
     721.399
     715.493
     709.196
     702.474
     695.289
     687.599
     679.360
     670.521
     661.030
     650.829
     639.860
     628.058
     783.311
     780.228
     776.970
     773.523
     769.872
     766.000
     761.887
     757.514
     752.857
     747.893
     742.592
     736.924
     730.856
     724.350
     717.366
     709.859
     701.780
     693.074
     683.686
     673.553
     662.611
     802.937
     800.141
     797.174
     794.021
     790.667
     787.094
     783.283
     779.212
     774.856
     770.190
     765.185
     759.807
     754.021
     747.787
     741.061
     733.796
     725.938
     717.430
     708.210
     698.213
     823.635
     821.165
     818.530
     815.715
     812.703
     809.477
     806.017
     802.299
     798.300
     793.990
     789.340
     784.315
     778.878
     772.985
     766.591
     759.643
     752.088
     743.862
     734.901
     845.503
     843.404
     841.149
     838.721
     836.105
     833.282
     830.232
     826.930
     823.352
     819.469
     815.248
     810.655
     805.648
     800.184
     794.215
     787.686
     780.539
     772.711
     868.652
     866.976
     865.156
     863.175
     861.017
     858.663
     856.093
     853.283
     850.206
     846.834
     843.134
     839.069
     834.598
     829.675
     824.252
     818.273
     811.678
     893.205
     892.015
     890.695
     889.230
     887.604
     885.799
     883.793
     881.565
     879.088
     876.332
     873.265
     869.850
     866.047
     861.811
     857.091
     919.305
     918.672
     917.929
     917.063
     916.058
     914.896
     913.558
     912.023
     910.264
     908.254
     905.962
     903.353
     900.387
     897.024
     947.116
     947.125
     947.050
     946.881
     946.602
     946.199
     945.653
     944.945
     944.053
     942.952
     941.613
     940.007
     938.099
     935.854
     976.825
     977.576
     978.278
     978.923
     979.499
     979.993
     980.393
     980.681
     980.840
     980.852
     980.694
     980.344
     979.779
    1008.650
    1010.262
    1011.871
    1013.472
    1015.058
    1016.621
    1018.153
    1019.646
    1021.088
    1022.472
    1023.786
    1025.023
    1042.841
    1045.458
    1048.131
    1050.860
    1053.646
    1056.488
    1059.388
    1062.346
    1065.365
    1068.453
    1071.617
    1079.695
    1083.489
    1087.415
    1091.484
    1095.703
    1100.085
    1104.645
    1109.399
    1114.371
    1119.558
    1124.737
    1130.150
    1135.816
    1141.759
    1148.007
    1154.597
    1161.569
    1168.977
    1162.841
    1169.660
    1176.843
    1184.427
    1192.456
    1200.983
    1210.073
    1219.806
    1210.032
    1218.805
    1228.111
    1238.013
    1248.584
    1259.913
    1261.718
    1272.831
    1284.701
    1297.424
    1311.117
    1325.921
    1318.609
    1332.544
    1347.531
    1363.715
    1381.274
    1381.567
    1398.932
    1417.739
    1451.655
    1473.220
    1496.748
    1530.193
    1618.837
     643.361
     638.815
     634.099
     629.203
     624.118
     618.832
     613.333
     607.610
     601.650
     595.437
     588.958
     582.194
     575.130
     567.745
     560.020
     551.932
     543.459
     534.576
     525.257
     515.472
     505.192
     494.387
     483.022
     471.065
     458.479
       0.000
       0.000
       0.000
       0.000
       0.000
     656.316
     651.865
     647.242
     642.437
     637.439
     632.236
     626.817
     621.168
     615.276
     609.125
     602.699
     595.980
     588.950
     581.588
     573.873
     565.780
     557.285
     548.361
     538.979
     529.109
     518.717
     507.770
     496.232
     484.066
       0.000
       0.000
       0.000
       0.000
       0.000
     669.819
     665.476
     660.959
     656.257
     651.359
     646.253
     640.926
     635.365
     629.554
     623.477
     617.118
     610.456
     603.472
     596.145
     588.450
     580.362
     571.853
     562.896
     553.457
     543.505
     533.002
     521.913
     510.197
     497.816
       0.000
       0.000
       0.000
       0.000
     683.909
     679.688
     675.291
     670.706
     665.923
     660.928
     655.709
     650.250
     644.535
     638.548
     632.270
     625.680
     618.757
     611.477
     603.815
     595.744
     587.233
     578.251
     568.763
     558.734
     548.124
     536.893
     524.997
     512.394
       0.000
       0.000
       0.000
     698.627
     694.543
     690.281
     685.831
     681.179
     676.313
     671.218
     665.879
     660.278
     654.398
     648.218
     641.717
     634.871
     627.656
     620.043
     612.003
     603.503
     594.508
     584.982
     574.884
     564.173
     552.802
     540.726
       0.000
       0.000
       0.000
     714.017
     710.089
     705.981
     701.683
     697.182
     692.464
     687.513
     682.313
     676.846
     671.093
     665.032
     658.640
     651.892
     644.761
     637.216
     629.225
     620.753
     611.762
     602.212
     592.057
     581.254
     569.751
     557.499
       0.000
       0.000
     730.131
     726.378
     722.445
     718.321
     713.992
     709.444
     704.659
     699.622
     694.313
     688.711
     682.793
     676.534
     669.908
     662.884
     655.431
     647.512
     639.090
     630.124
     620.567
     610.374
     599.493
     587.871
       0.000
       0.000
     747.025
     743.469
     739.734
     735.808
     731.676
     727.323
     722.732
     717.885
     712.761
     707.337
     701.591
     695.495
     689.019
     682.132
     674.799
     666.981
     658.638
     649.722
     640.187
     629.979
     619.044
     607.324
       0.000
     764.759
     761.426
     757.916
     754.216
     750.310
     746.182
     741.815
     737.189
     732.282
     727.072
     721.531
     715.631
     709.342
     702.628
     695.451
     687.771
     679.541
     670.714
     661.234
     651.047
     640.092
     628.306
     783.402
     780.323
     777.069
     773.626
     769.979
     766.111
     762.004
     757.636
     752.985
     748.027
     742.732
     737.072
     731.012
     724.515
     717.541
     710.044
     701.976
     693.283
     683.908
     673.790
     662.864
     803.032
     800.240
     797.277
     794.129
     790.780
     787.212
     783.406
     779.341
     774.992
     770.333
     765.335
     759.965
     754.188
     747.964
     741.249
     733.995
     726.150
     717.656
     708.451
     698.471
     823.735
     821.269
     818.639
     815.828
     812.822
     809.602
     806.147
     802.436
     798.444
     794.142
     789.500
     784.485
     779.057
     773.175
     766.793
     759.858
     752.317
     744.107
     735.164
     845.609
     843.514
     841.264
     838.841
     836.231
     833.414
     830.370
     827.076
     823.506
     819.631
     815.419
     810.836
     805.840
     800.389
     794.432
     787.918
     780.788
     772.977
     868.763
     867.092
     865.277
     863.302
     861.150
     858.803
     856.240
     853.437
     850.370
     847.007
     843.317
     839.263
     834.804
     829.895
     824.486
     818.524
     811.947
     893.322
     892.137
     890.822
     889.364
     887.744
     885.946
     883.949
     881.730
     879.261
     876.516
     873.460
     870.058
     866.268
     862.047
     857.344
     919.428
     918.801
     918.064
     917.204
     916.206
     915.053
     913.724
     912.197
     910.449
     908.450
     906.171
     903.575
     900.625
     897.278
     947.246
     947.260
     947.193
     947.030
     946.759
     946.365
     945.829
     945.131
     944.251
     943.162
     941.837
     940.245
     938.354
     936.128
     976.961
     977.719
     978.429
     979.081
     979.666
     980.170
     980.579
     980.879
     981.050
     981.075
     980.933
     980.600
     980.053
    1008.793
    1010.412
    1012.030
    1013.639
    1015.234
    1016.808
    1018.351
    1019.856
    1021.313
    1022.711
    1024.042
    1025.297
    1042.992
    1045.617
    1048.298
    1051.037
    1053.833
    1056.686
    1059.598
    1062.570
    1065.604
    1068.708
    1071.890
    1079.854
    1083.656
    1087.592
    1091.671
    1095.901
    1100.296
    1104.868
    1109.637
    1114.626
    1119.725
    1124.914
    1130.336
    1136.013
    1141.968
    1148.230
    1154.834
    1161.822
    1169.248
    1163.017
    1169.847
    1177.041
    1184.636
    1192.678
    1201.220
    1210.325
    1220.076
    1210.218
    1219.001
    1228.319
    1238.234
    1248.819
    1260.164
    1261.914
    1273.038
    1284.921
    1297.658
    1311.366
    1326.186
    1318.814
    1332.762
    1347.763
    1363.962
    1381.537
    1381.783
    1399.161
    1417.983
    1451.883
    1473.462
    1497.005
    1530.432
    1619.087
     643.422
     638.878
     634.163
     629.269
     624.186
     618.901
     613.405
     607.685
     601.727
     595.517
     589.040
     582.280
     575.218
     567.837
     560.115
     552.031
     543.563
     534.684
     525.368
     515.588
     505.314
     494.514
     483.155
     471.204
     458.624
       0.000
       0.000
       0.000
       0.000
       0.000
     656.379
     651.930
     647.309
     642.506
     637.510
     632.309
     626.893
     621.247
     615.357
     609.209
     602.786
     596.070
     589.044
     581.686
     573.974
     565.886
     557.395
     548.476
     539.099
     529.234
     518.848
     507.908
     496.376
     484.217
       0.000
       0.000
       0.000
       0.000
       0.000
     669.885
     665.544
     661.029
     656.329
     651.433
     646.330
     641.006
     635.447
     629.639
     623.566
     617.210
     610.552
     603.572
     596.249
     588.558
     580.474
     571.971
     563.019
     553.586
     543.640
     533.144
     522.062
     510.354
     497.980
       0.000
       0.000
       0.000
       0.000
     683.978
     679.759
     675.364
     670.782
     666.001
     661.009
     655.793
     650.337
     644.626
     638.642
     632.367
     625.782
     618.863
     611.588
     603.931
     595.864
     587.359
     578.383
     568.902
     558.880
     548.277
     537.054
     525.167
     512.573
       0.000
       0.000
       0.000
     698.699
     694.617
     690.358
     685.910
     681.262
     676.399
     671.307
     665.971
     660.374
     654.497
     648.321
     641.825
     634.984
     627.774
     620.166
     612.132
     603.638
     594.650
     585.132
     575.042
     564.338
     552.977
     540.911
       0.000
       0.000
       0.000
     714.093
     710.166
     706.062
     701.767
     697.269
     692.554
     687.606
     682.410
     676.947
     671.198
     665.142
     658.755
     652.012
     644.886
     637.348
     629.363
     620.898
     611.915
     602.373
     592.228
     581.433
     569.941
     557.701
       0.000
       0.000
     730.210
     726.459
     722.530
     718.409
     714.083
     709.538
     704.758
     699.725
     694.420
     688.823
     682.910
     676.656
     670.036
     663.019
     655.572
     647.660
     639.247
     630.288
     620.742
     610.559
     599.689
     588.079
       0.000
       0.000
     747.107
     743.554
     739.823
     735.900
     731.772
     727.423
     722.836
     717.993
     712.874
     707.456
     701.715
     695.625
     689.156
     682.276
     674.950
     667.141
     658.806
     649.900
     640.376
     630.180
     619.257
     607.550
       0.000
     764.845
     761.516
     758.010
     754.313
     750.411
     746.288
     741.925
     737.304
     732.402
     727.197
     721.663
     715.770
     709.488
     702.782
     695.614
     687.942
     679.723
     670.906
     661.439
     651.264
     640.323
     628.553
     783.493
     780.417
     777.167
     773.728
     770.086
     766.222
     762.120
     757.757
     753.113
     748.160
     742.873
     737.220
     731.168
     724.680
     717.715
     710.229
     702.172
     693.491
     684.130
     674.027
     663.117
     803.128
     800.339
     797.381
     794.237
     790.892
     787.330
     783.529
     779.470
     775.127
     770.475
     765.485
     760.123
     754.355
     748.141
     741.436
     734.194
     726.361
     717.881
     708.692
     698.729
     823.836
     821.374
     818.748
     815.942
     812.941
     809.726
     806.278
     802.573
     798.588
     794.294
     789.660
     784.654
     779.236
     773.365
     766.994
     760.073
     752.546
     744.351
     735.425
     845.714
     843.624
     841.378
     838.961
     836.356
     833.546
     830.508
     827.221
     823.659
     819.792
     815.590
     811.016
     806.032
     800.592
     794.649
     788.150
     781.035
     773.242
     868.873
     867.208
     865.398
     863.428
     861.283
     858.942
     856.386
     853.592
     850.532
     847.179
     843.499
     839.456
     835.009
     830.114
     824.720
     818.774
     812.215
     893.438
     892.258
     890.950
     889.497
     887.885
     886.094
     884.105
     881.894
     879.435
     876.699
     873.655
     870.265
     866.489
     862.283
     857.596
     919.551
     918.929
     918.199
     917.346
     916.355
     915.209
     913.889
     912.372
     910.634
     908.646
     906.379
     903.797
     900.862
     897.532
     947.375
     947.396
     947.334
     947.179
     946.916
     946.530
     946.004
     945.317
     944.448
     943.371
     942.060
     940.483
     938.609
     936.401
     977.097
     977.861
     978.578
     979.239
     979.832
     980.345
     980.765
     981.076
     981.260
     981.299
     981.171
     980.855
     980.327
    1008.936
    1010.562
    1012.188
    1013.806
    1015.411
    1016.994
    1018.549
    1020.066
    1021.536
    1022.950
    1024.297
    1025.571
    1043.142
    1045.775
    1048.465
    1051.213
    1054.020
    1056.884
    1059.808
    1062.793
    1065.843
    1068.963
    1072.164
    1080.012
    1083.823
    1087.769
    1091.857
    1096.099
    1100.505
    1105.092
    1109.875
    1114.880
    1119.893
    1125.090
    1130.523
    1136.211
    1142.178
    1148.453
    1155.071
    1162.075
    1169.519
    1163.193
    1170.033
    1177.237
    1184.845
    1192.900
    1201.456
    1210.577
    1220.345
    1210.403
    1219.197
    1228.527
    1238.454
    1249.053
    1260.414
    1262.109
    1273.245
    1285.140
    1297.891
    1311.614
    1326.451
    1319.020
    1332.980
    1347.994
    1364.208
    1381.799
    1381.999
    1399.391
    1418.226
    1452.110
    1473.703
    1497.261
    1530.671
    1619.338
     643.482
     638.940
     634.227
     629.335
     624.253
     618.971
     613.477
     607.759
     601.804
     595.596
     589.122
     582.365
     575.306
     567.928
     560.210
     552.130
     543.665
     534.791
     525.480
     515.705
     505.436
     494.641
     483.288
     471.342
     458.769
       0.000
       0.000
       0.000
       0.000
       0.000
     656.442
     651.995
     647.376
     642.575
     637.581
     632.382
     626.968
     621.325
     615.438
     609.293
     602.873
     596.161
     589.137
     581.783
     574.075
     565.991
     557.505
     548.591
     539.219
     529.359
     518.979
     508.045
     496.520
     484.368
       0.000
       0.000
       0.000
       0.000
       0.000
     669.951
     665.612
     661.099
     656.401
     651.508
     646.407
     641.086
     635.530
     629.725
     623.655
     617.302
     610.647
     603.671
     596.352
     588.666
     580.587
     572.089
     563.142
     553.715
     543.774
     533.285
     522.210
     510.510
     498.144
       0.000
       0.000
       0.000
       0.000
     684.047
     679.830
     675.437
     670.858
     666.079
     661.090
     655.877
     650.424
     644.716
     638.736
     632.465
     625.883
     618.968
     611.698
     604.046
     595.985
     587.485
     578.515
     569.041
     559.025
     548.430
     537.215
     525.336
     512.751
       0.000
       0.000
       0.000
     698.770
     694.691
     690.435
     685.990
     681.344
     676.484
     671.395
     666.062
     660.469
     654.596
     648.425
     641.932
     635.096
     627.891
     620.289
     612.260
     603.773
     594.792
     585.281
     575.199
     564.504
     553.152
     541.096
       0.000
       0.000
       0.000
     714.168
     710.244
     706.142
     701.850
     697.355
     692.643
     687.699
     682.507
     677.048
     671.303
     665.252
     658.870
     652.132
     645.012
     637.479
     629.501
     621.044
     612.068
     602.534
     592.398
     581.613
     570.131
     557.902
       0.000
       0.000
     730.289
     726.541
     722.614
     718.496
     714.174
     709.633
     704.856
     699.827
     694.527
     688.934
     683.026
     676.778
     670.164
     663.152
     655.712
     647.809
     639.403
     630.453
     620.916
     610.743
     599.884
     588.285
       0.000
       0.000
     747.190
     743.640
     739.912
     735.992
     731.868
     727.523
     722.940
     718.102
     712.987
     707.574
     701.839
     695.754
     689.292
     682.419
     675.101
     667.300
     658.974
     650.078
     640.564
     630.379
     619.469
     607.775
       0.000
     764.932
     761.606
     758.103
     754.410
     750.512
     746.393
     742.035
     737.418
     732.522
     727.323
     721.795
     715.908
     709.633
     702.935
     695.775
     688.113
     679.904
     671.098
     661.643
     651.481
     640.554
     628.799
     783.584
     780.512
     777.265
     773.830
     770.192
     766.334
     762.236
     757.879
     753.240
     748.294
     743.013
     737.368
     731.324
     724.844
     717.889
     710.413
     702.367
     693.699
     684.351
     674.262
     663.369
     803.223
     800.439
     797.484
     794.344
     791.005
     787.447
     783.652
     779.598
     775.262
     770.617
     765.634
     760.281
     754.522
     748.317
     741.623
     734.392
     726.572
     718.106
     708.932
     698.985
     823.936
     821.478
     818.856
     816.056
     813.060
     809.850
     806.408
     802.710
     798.731
     794.445
     789.820
     784.822
     779.414
     773.554
     767.195
     760.287
     752.774
     744.595
     735.686
     845.819
     843.734
     841.493
     839.081
     836.482
     833.677
     830.646
     827.366
     823.811
     819.953
     815.760
     811.197
     806.223
     800.796
     794.866
     788.381
     781.282
     773.507
     868.984
     867.323
     865.518
     863.555
     861.415
     859.081
     856.533
     853.746
     850.695
     847.351
     843.681
     839.649
     835.215
     830.333
     824.954
     819.023
     812.482
     893.554
     892.380
     891.077
     889.631
     888.025
     886.241
     884.260
     882.057
     879.608
     876.883
     873.849
     870.472
     866.709
     862.518
     857.848
     919.673
     919.057
     918.333
     917.486
     916.503
     915.365
     914.053
     912.546
     910.818
     908.842
     906.587
     904.019
     901.099
     897.785
     947.503
     947.530
     947.476
     947.328
     947.073
     946.696
     946.179
     945.502
     944.644
     943.580
     942.282
     940.721
     938.863
     936.673
     977.233
     978.004
     978.728
     979.396
     979.998
     980.521
     980.951
     981.273
     981.470
     981.522
     981.409
     981.109
     980.600
    1009.078
    1010.712
    1012.346
    1013.972
    1015.586
    1017.180
    1018.747
    1020.276
    1021.760
    1023.188
    1024.552
    1025.844
    1043.293
    1045.933
    1048.632
    1051.390
    1054.206
    1057.082
    1060.018
    1063.016
    1066.081
    1069.217
    1072.436
    1080.171
    1083.990
    1087.945
    1092.043
    1096.296
    1100.715
    1105.314
    1110.113
    1115.134
    1120.059
    1125.266
    1130.709
    1136.408
    1142.387
    1148.675
    1155.308
    1162.328
    1169.790
    1163.369
    1170.218
    1177.434
    1185.053
    1193.121
    1201.691
    1210.829
    1220.613
    1210.588
    1219.393
    1228.734
    1238.675
    1249.288
    1260.663
    1262.304
    1273.451
    1285.359
    1298.123
    1311.861
    1326.715
    1319.225
    1333.197
    1348.225
    1364.453
    1382.061
    1382.215
    1399.620
    1418.470
    1452.337
    1473.944
    1497.518
    1530.909
    1619.588
     643.542
     639.001
     634.291
     629.400
     624.321
     619.041
     613.549
     607.833
     601.880
     595.676
     589.204
     582.450
     575.394
     568.020
     560.305
     552.229
     543.768
     534.898
     525.591
     515.821
     505.557
     494.767
     483.420
     471.481
     458.914
       0.000
       0.000
       0.000
       0.000
       0.000
     656.505
     652.060
     647.442
     642.643
     637.651
     632.456
     627.044
     621.403
     615.519
     609.376
     602.959
     596.251
     589.231
     581.880
     574.176
     566.096
     557.615
     548.705
     539.338
     529.484
     519.110
     508.182
     496.663
     484.518
       0.000
       0.000
       0.000
       0.000
       0.000
     670.016
     665.680
     661.169
     656.473
     651.582
     646.484
     641.165
     635.612
     629.810
     623.743
     617.393
     610.743
     603.771
     596.455
     588.773
     580.699
     572.206
     563.265
     553.843
     543.909
     533.426
     522.358
     510.665
     498.307
       0.000
       0.000
       0.000
       0.000
     684.115
     679.901
     675.510
     670.933
     666.158
     661.171
     655.960
     650.511
     644.806
     638.829
     632.562
     625.984
     619.074
     611.808
     604.161
     596.105
     587.611
     578.647
     569.179
     559.170
     548.583
     537.375
     525.505
     512.929
       0.000
       0.000
       0.000
     698.842
     694.766
     690.512
     686.069
     681.426
     676.569
     671.483
     666.154
     660.564
     654.695
     648.528
     642.040
     635.209
     628.008
     620.412
     612.389
     603.908
     594.934
     585.430
     575.356
     564.669
     553.326
     541.280
       0.000
       0.000
       0.000
     714.243
     710.322
     706.223
     701.934
     697.442
     692.733
     687.792
     682.604
     677.149
     671.408
     665.361
     658.984
     652.252
     645.137
     637.610
     629.639
     621.188
     612.220
     602.695
     592.567
     581.792
     570.321
     558.102
       0.000
       0.000
     730.368
     726.622
     722.699
     718.584
     714.265
     709.727
     704.954
     699.929
     694.633
     689.045
     683.142
     676.900
     670.291
     663.286
     655.853
     647.956
     639.558
     630.617
     621.089
     610.927
     600.078
     588.492
       0.000
       0.000
     747.272
     743.725
     740.000
     736.084
     731.963
     727.622
     723.044
     718.210
     713.100
     707.692
     701.962
     695.884
     689.428
     682.562
     675.252
     667.459
     659.141
     650.255
     640.752
     630.578
     619.681
     608.000
       0.000
     765.018
     761.696
     758.196
     754.507
     750.613
     746.498
     742.144
     737.533
     732.642
     727.448
     721.926
     716.046
     709.779
     703.088
     695.937
     688.284
     680.085
     671.290
     661.846
     651.698
     640.785
     629.045
     783.675
     780.606
     777.363
     773.932
     770.298
     766.444
     762.352
     758.000
     753.367
     748.427
     743.153
     737.515
     731.479
     725.008
     718.062
     710.596
     702.562
     693.906
     684.572
     674.498
     663.620
     803.318
     800.538
     797.587
     794.452
     791.117
     787.564
     783.775
     779.727
     775.397
     770.759
     765.783
     760.438
     754.688
     748.493
     741.810
     734.590
     726.783
     718.330
     709.172
     699.242
     824.036
     821.582
     818.965
     816.169
     813.178
     809.974
     806.538
     802.846
     798.875
     794.596
     789.979
     784.990
     779.592
     773.743
     767.396
     760.500
     753.001
     744.838
     735.947
     845.924
     843.843
     841.607
     839.200
     836.607
     833.808
     830.784
     827.511
     823.964
     820.114
     815.930
     811.377
     806.414
     800.999
     795.082
     788.611
     781.529
     773.771
     869.094
     867.439
     865.639
     863.681
     861.547
     859.220
     856.679
     853.900
     850.857
     847.522
     843.863
     839.842
     835.419
     830.551
     825.186
     819.272
     812.749
     893.670
     892.501
     891.204
     889.764
     888.165
     886.388
     884.415
     882.221
     879.781
     877.066
     874.044
     870.678
     866.929
     862.753
     858.099
     919.795
     919.185
     918.467
     917.627
     916.651
     915.521
     914.218
     912.720
     911.002
     909.037
     906.795
     904.240
     901.335
     898.038
     947.632
     947.665
     947.618
     947.477
     947.230
     946.861
     946.353
     945.687
     944.840
     943.788
     942.504
     940.958
     939.117
     936.945
     977.368
     978.146
     978.877
     979.554
     980.164
     980.696
     981.137
     981.470
     981.679
     981.745
     981.647
     981.364
     980.872
    1009.221
    1010.862
    1012.503
    1014.139
    1015.762
    1017.366
    1018.944
    1020.485
    1021.982
    1023.426
    1024.806
    1026.116
    1043.443
    1046.091
    1048.799
    1051.565
    1054.392
    1057.279
    1060.227
    1063.239
    1066.319
    1069.471
    1072.708
    1080.329
    1084.157
    1088.121
    1092.229
    1096.493
    1100.924
    1105.537
    1110.350
    1115.387
    1120.226
    1125.442
    1130.895
    1136.604
    1142.595
    1148.897
    1155.544
    1162.580
    1170.059
    1163.544
    1170.404
    1177.630
    1185.261
    1193.342
    1201.926
    1211.079
    1220.882
    1210.773
    1219.588
    1228.941
    1238.894
    1249.521
    1260.912
    1262.498
    1273.657
    1285.577
    1298.355
    1312.109
    1326.979
    1319.430
    1333.414
    1348.455
    1364.698
    1382.322
    1382.430
    1399.848
    1418.713
    1452.563
    1474.184
    1497.773
    1531.147
    1619.837
     643.602
     639.063
     634.354
     629.466
     624.388
     619.110
     613.621
     607.907
     601.957
     595.755
     589.286
     582.534
     575.482
     568.111
     560.400
     552.327
     543.870
     535.004
     525.702
     515.937
     505.678
     494.894
     483.552
     471.619
     459.059
       0.000
       0.000
       0.000
       0.000
       0.000
     656.567
     652.124
     647.509
     642.712
     637.722
     632.529
     627.119
     621.481
     615.599
     609.460
     603.046
     596.340
     589.324
     581.977
     574.277
     566.201
     557.724
     548.819
     539.458
     529.609
     519.240
     508.318
     496.806
     484.668
       0.000
       0.000
       0.000
       0.000
       0.000
     670.082
     665.747
     661.238
     656.545
     651.656
     646.560
     641.244
     635.694
     629.895
     623.831
     617.485
     610.838
     603.870
     596.558
     588.881
     580.811
     572.323
     563.387
     553.971
     544.043
     533.567
     522.506
     510.820
     498.470
       0.000
       0.000
       0.000
       0.000
     684.184
     679.971
     675.583
     671.008
     666.235
     661.252
     656.044
     650.597
     644.896
     638.923
     632.659
     626.085
     619.179
     611.918
     604.275
     596.225
     587.736
     578.778
     569.317
     559.315
     548.735
     537.535
     525.674
     513.107
       0.000
       0.000
       0.000
     698.914
     694.840
     690.588
     686.148
     681.508
     676.654
     671.571
     666.245
     660.659
     654.794
     648.630
     642.147
     635.320
     628.125
     620.534
     612.517
     604.042
     595.075
     585.578
     575.512
     564.834
     553.500
     541.463
       0.000
       0.000
       0.000
     714.318
     710.400
     706.303
     702.017
     697.528
     692.822
     687.885
     682.700
     677.249
     671.513
     665.470
     659.098
     652.371
     645.262
     637.741
     629.776
     621.333
     612.372
     602.855
     592.736
     581.971
     570.510
     558.302
       0.000
       0.000
     730.447
     726.704
     722.783
     718.671
     714.356
     709.821
     705.052
     700.031
     694.740
     689.156
     683.258
     677.021
     670.418
     663.419
     655.993
     648.104
     639.714
     630.781
     621.263
     611.110
     600.272
     588.698
       0.000
       0.000
     747.355
     743.811
     740.089
     736.176
     732.059
     727.721
     723.147
     718.317
     713.212
     707.810
     702.086
     696.013
     689.563
     682.705
     675.402
     667.617
     659.309
     650.432
     640.939
     630.777
     619.892
     608.225
       0.000
     765.105
     761.785
     758.289
     754.604
     750.713
     746.603
     742.254
     737.647
     732.761
     727.573
     722.057
     716.184
     709.924
     703.241
     696.098
     688.454
     680.265
     671.481
     662.049
     651.914
     641.015
     629.290
     783.765
     780.700
     777.461
     774.034
     770.405
     766.555
     762.467
     758.121
     753.494
     748.560
     743.293
     737.662
     731.634
     725.172
     718.235
     710.780
     702.756
     694.113
     684.792
     674.732
     663.871
     803.413
     800.636
     797.690
     794.559
     791.229
     787.681
     783.897
     779.855
     775.532
     770.900
     765.932
     760.595
     754.854
     748.668
     741.996
     734.788
     726.993
     718.554
     709.411
     699.497
     824.136
     821.686
     819.073
     816.282
     813.296
     810.098
     806.667
     802.982
     799.018
     794.746
     790.138
     785.158
     779.770
     773.931
     767.596
     760.713
     753.229
     745.081
     736.206
     846.029
     843.953
     841.721
     839.320
     836.732
     833.939
     830.921
     827.655
     824.116
     820.275
     816.100
     811.556
     806.604
     801.201
     795.298
     788.841
     781.774
     774.034
     869.204
     867.554
     865.759
     863.807
     861.679
     859.359
     856.824
     854.053
     851.019
     847.693
     844.044
     840.034
     835.624
     830.768
     825.419
     819.521
     813.016
     893.786
     892.623
     891.331
     889.897
     888.304
     886.535
     884.569
     882.384
     879.953
     877.248
     874.237
     870.884
     867.149
     862.987
     858.350
     919.917
     919.313
     918.601
     917.768
     916.799
     915.676
     914.382
     912.893
     911.186
     909.232
     907.002
     904.460
     901.570
     898.290
     947.760
     947.800
     947.759
     947.625
     947.386
     947.026
     946.528
     945.871
     945.036
     943.996
     942.726
     941.195
     939.370
     937.217
     977.503
     978.287
     979.026
     979.710
     980.329
     980.871
     981.322
     981.666
     981.887
     981.967
     981.884
     981.617
     981.144
    1009.363
    1011.012
    1012.661
    1014.305
    1015.937
    1017.552
    1019.140
    1020.694
    1022.205
    1023.663
    1025.060
    1026.388
    1043.593
    1046.249
    1048.965
    1051.741
    1054.578
    1057.476
    1060.436
    1063.462
    1066.556
    1069.725
    1072.980
    1080.487
    1084.323
    1088.296
    1092.415
    1096.690
    1101.133
    1105.759
    1110.587
    1115.640
    1120.392
    1125.617
    1131.080
    1136.801
    1142.804
    1149.118
    1155.780
    1162.832
    1170.329
    1163.719
    1170.589
    1177.826
    1185.469
    1193.563
    1202.161
    1211.330
    1221.149
    1210.957
    1219.784
    1229.148
    1239.114
    1249.755
    1261.161
    1262.693
    1273.863
    1285.795
    1298.587
    1312.356
    1327.243
    1319.634
    1333.631
    1348.685
    1364.943
    1382.583
    1382.646
    1400.076
    1418.955
    1452.789
    1474.424
    1498.029
    1531.384
    1620.086
     643.662
     639.125
     634.418
     629.531
     624.455
     619.180
     613.692
     607.981
     602.033
     595.834
     589.368
     582.619
     575.570
     568.202
     560.494
     552.425
     543.972
     535.111
     525.813
     516.052
     505.798
     495.020
     483.684
     471.756
     459.203
       0.000
       0.000
       0.000
       0.000
       0.000
     656.630
     652.189
     647.575
     642.780
     637.793
     632.601
     627.194
     621.559
     615.680
     609.543
     603.132
     596.430
     589.417
     582.073
     574.378
     566.306
     557.833
     548.933
     539.577
     529.733
     519.370
     508.454
     496.949
     484.818
       0.000
       0.000
       0.000
       0.000
       0.000
     670.147
     665.815
     661.308
     656.617
     651.731
     646.637
     641.323
     635.776
     629.980
     623.919
     617.576
     610.933
     603.968
     596.661
     588.988
     580.923
     572.440
     563.509
     554.099
     544.177
     533.707
     522.653
     510.975
     498.633
       0.000
       0.000
       0.000
       0.000
     684.252
     680.042
     675.656
     671.084
     666.313
     661.332
     656.127
     650.684
     644.985
     639.016
     632.756
     626.186
     619.284
     612.027
     604.390
     596.344
     587.861
     578.909
     569.454
     559.459
     548.887
     537.695
     525.842
     513.284
       0.000
       0.000
       0.000
     698.986
     694.914
     690.665
     686.227
     681.590
     676.738
     671.659
     666.336
     660.754
     654.893
     648.733
     642.254
     635.432
     628.242
     620.656
     612.645
     604.177
     595.216
     585.726
     575.668
     564.998
     553.673
     541.646
       0.000
       0.000
       0.000
     714.393
     710.477
     706.383
     702.100
     697.614
     692.911
     687.978
     682.796
     677.349
     671.617
     665.579
     659.212
     652.490
     645.386
     637.872
     629.914
     621.477
     612.524
     603.015
     592.905
     582.149
     570.698
     558.502
       0.000
       0.000
     730.525
     726.785
     722.867
     718.758
     714.446
     709.915
     705.150
     700.133
     694.846
     689.267
     683.374
     677.142
     670.545
     663.553
     656.133
     648.251
     639.869
     630.945
     621.435
     611.293
     600.466
     588.903
       0.000
       0.000
     747.437
     743.896
     740.177
     736.268
     732.154
     727.821
     723.250
     718.425
     713.325
     707.927
     702.209
     696.142
     689.699
     682.847
     675.552
     667.775
     659.476
     650.609
     641.126
     630.975
     620.102
     608.449
       0.000
     765.191
     761.875
     758.382
     754.700
     750.814
     746.707
     742.363
     737.761
     732.881
     727.698
     722.188
     716.322
     710.068
     703.393
     696.259
     688.624
     680.445
     671.671
     662.251
     652.129
     641.244
     629.534
     783.856
     780.794
     777.559
     774.136
     770.510
     766.666
     762.583
     758.242
     753.620
     748.693
     743.432
     737.809
     731.789
     725.335
     718.408
     710.963
     702.951
     694.319
     685.011
     674.967
     664.121
     803.508
     800.735
     797.792
     794.666
     791.341
     787.798
     784.019
     779.983
     775.666
     771.042
     766.081
     760.752
     755.019
     748.843
     742.181
     734.985
     727.203
     718.778
     709.649
     699.752
     824.235
     821.790
     819.181
     816.395
     813.414
     810.221
     806.797
     803.118
     799.160
     794.897
     790.296
     785.326
     779.947
     774.119
     767.796
     760.926
     753.455
     745.323
     736.466
     846.134
     844.062
     841.835
     839.439
     836.856
     834.070
     831.058
     827.800
     824.268
     820.435
     816.269
     811.736
     806.795
     801.403
     795.513
     789.071
     782.020
     774.297
     869.315
     867.669
     865.879
     863.932
     861.811
     859.497
     856.970
     854.206
     851.181
     847.864
     844.225
     840.226
     835.828
     830.986
     825.651
     819.769
     813.281
     893.902
     892.744
     891.457
     890.029
     888.444
     886.682
     884.724
     882.547
     880.125
     877.430
     874.431
     871.090
     867.368
     863.220
     858.600
     920.039
     919.440
     918.734
     917.908
     916.946
     915.832
     914.546
     913.066
     911.369
     909.427
     907.208
     904.681
     901.806
     898.542
     947.888
     947.934
     947.900
     947.774
     947.542
     947.191
     946.702
     946.056
     945.231
     944.204
     942.947
     941.431
     939.622
     937.488
     977.638
     978.429
     979.175
     979.867
     980.495
     981.046
     981.506
     981.862
     982.096
     982.189
     982.121
     981.871
     981.416
    1009.505
    1011.161
    1012.818
    1014.470
    1016.112
    1017.737
    1019.337
    1020.903
    1022.427
    1023.900
    1025.313
    1026.660
    1043.742
    1046.406
    1049.131
    1051.916
    1054.763
    1057.672
    1060.645
    1063.684
    1066.792
    1069.978
    1073.251
    1080.644
    1084.489
    1088.471
    1092.600
    1096.886
    1101.341
    1105.981
    1110.823
    1115.892
    1120.558
    1125.793
    1131.265
    1136.997
    1143.012
    1149.339
    1156.016
    1163.083
    1170.598
    1163.894
    1170.773
    1178.021
    1185.676
    1193.783
    1202.395
    1211.580
    1221.416
    1211.142
    1219.978
    1229.355
    1239.333
    1249.988
    1261.410
    1262.887
    1274.068
    1286.013
    1298.819
    1312.602
    1327.506
    1319.838
    1333.847
    1348.915
    1365.188
    1382.843
    1382.860
    1400.304
    1419.197
    1453.015
    1474.664
    1498.284
    1531.622
    1620.335
     643.722
     639.186
     634.481
     629.596
     624.523
     619.249
     613.764
     608.055
     602.109
     595.913
     589.449
     582.704
     575.658
     568.293
     560.588
     552.523
     544.074
     535.217
     525.924
     516.168
     505.919
     495.146
     483.815
     471.894
     459.346
       0.000
       0.000
       0.000
       0.000
       0.000
     656.692
     652.253
     647.642
     642.849
     637.863
     632.674
     627.270
     621.636
     615.760
     609.626
     603.219
     596.519
     589.510
     582.170
     574.478
     566.410
     557.942
     549.047
     539.695
     529.857
     519.500
     508.590
     497.091
     484.967
       0.000
       0.000
       0.000
       0.000
       0.000
     670.213
     665.882
     661.377
     656.689
     651.805
     646.713
     641.403
     635.858
     630.065
     624.007
     617.668
     611.028
     604.067
     596.764
     589.095
     581.035
     572.557
     563.631
     554.227
     544.311
     533.848
     522.800
     511.129
     498.795
       0.000
       0.000
       0.000
       0.000
     684.320
     680.112
     675.729
     671.159
     666.391
     661.413
     656.211
     650.770
     645.075
     639.109
     632.852
     626.286
     619.389
     612.136
     604.504
     596.464
     587.986
     579.040
     569.591
     559.604
     549.038
     537.854
     526.010
     513.461
       0.000
       0.000
       0.000
     699.057
     694.987
     690.741
     686.306
     681.671
     676.823
     671.747
     666.428
     660.848
     654.991
     648.836
     642.361
     635.544
     628.359
     620.778
     612.773
     604.311
     595.357
     585.874
     575.824
     565.162
     553.846
     541.829
       0.000
       0.000
       0.000
     714.468
     710.554
     706.463
     702.182
     697.700
     693.001
     688.070
     682.893
     677.450
     671.722
     665.688
     659.325
     652.609
     645.511
     638.002
     630.050
     621.621
     612.676
     603.174
     593.073
     582.327
     570.886
     558.701
       0.000
       0.000
     730.603
     726.866
     722.951
     718.845
     714.536
     710.009
     705.248
     700.235
     694.952
     689.377
     683.489
     677.263
     670.672
     663.685
     656.272
     648.398
     640.023
     631.108
     621.608
     611.475
     600.659
     589.108
       0.000
       0.000
     747.519
     743.981
     740.265
     736.359
     732.249
     727.920
     723.353
     718.533
     713.437
     708.045
     702.332
     696.271
     689.834
     682.989
     675.701
     667.933
     659.642
     650.785
     641.312
     631.173
     620.312
     608.672
       0.000
     765.277
     761.964
     758.475
     754.796
     750.914
     746.812
     742.472
     737.875
     733.000
     727.823
     722.319
     716.459
     710.213
     703.545
     696.419
     688.794
     680.624
     671.862
     662.454
     652.344
     641.473
     629.778
     783.946
     780.888
     777.656
     774.237
     770.616
     766.776
     762.698
     758.362
     753.746
     748.825
     743.572
     737.955
     731.943
     725.498
     718.580
     711.145
     703.144
     694.525
     685.231
     675.200
     664.370
     803.603
     800.834
     797.895
     794.773
     791.452
     787.915
     784.141
     780.111
     775.800
     771.183
     766.229
     760.909
     755.185
     749.018
     742.366
     735.182
     727.412
     719.001
     709.887
     700.006
     824.335
     821.893
     819.289
     816.507
     813.532
     810.345
     806.926
     803.254
     799.303
     795.047
     790.455
     785.493
     780.124
     774.307
     767.995
     761.138
     753.682
     745.565
     736.724
     846.238
     844.171
     841.949
     839.558
     836.981
     834.200
     831.195
     827.943
     824.419
     820.595
     816.438
     811.914
     806.984
     801.605
     795.727
     789.300
     782.265
     774.559
     869.424
     867.783
     865.999
     864.058
     861.942
     859.635
     857.115
     854.359
     851.342
     848.035
     844.405
     840.417
     836.031
     831.202
     825.882
     820.016
     813.547
     894.018
     892.864
     891.584
     890.162
     888.583
     886.828
     884.878
     882.709
     880.297
     877.612
     874.623
     871.295
     867.586
     863.454
     858.849
     920.160
     919.567
     918.867
     918.048
     917.093
     915.987
     914.709
     913.239
     911.552
     909.621
     907.415
     904.901
     902.040
     898.793
     948.016
     948.068
     948.040
     947.922
     947.698
     947.355
     946.875
     946.239
     945.426
     944.411
     943.168
     941.666
     939.875
     937.758
     977.773
     978.570
     979.324
     980.024
     980.660
     981.220
     981.691
     982.058
     982.304
     982.410
     982.357
     982.123
     981.687
    1009.647
    1011.310
    1012.975
    1014.636
    1016.287
    1017.922
    1019.533
    1021.111
    1022.649
    1024.136
    1025.566
    1026.931
    1043.892
    1046.563
    1049.296
    1052.091
    1054.948
    1057.868
    1060.853
    1063.905
    1067.029
    1070.231
    1073.521
    1080.802
    1084.655
    1088.646
    1092.785
    1097.082
    1101.549
    1106.202
    1111.059
    1116.144
    1120.724
    1125.967
    1131.450
    1137.192
    1143.219
    1149.560
    1156.251
    1163.334
    1170.866
    1164.069
    1170.958
    1178.216
    1185.883
    1194.003
    1202.629
    1211.829
    1221.683
    1211.326
    1220.173
    1229.561
    1239.552
    1250.221
    1261.658
    1263.080
    1274.273
    1286.231
    1299.050
    1312.848
    1327.768
    1320.042
    1334.064
    1349.144
    1365.432
    1383.103
    1383.075
    1400.532
    1419.439
    1453.241
    1474.903
    1498.538
    1531.859
    1620.584
     643.782
     639.248
     634.544
     629.662
     624.590
     619.318
     613.835
     608.129
     602.185
     595.991
     589.531
     582.788
     575.745
     568.383
     560.683
     552.621
     544.176
     535.323
     526.034
     516.283
     506.039
     495.271
     483.946
     472.031
     459.490
       0.000
       0.000
       0.000
       0.000
       0.000
     656.755
     652.317
     647.708
     642.917
     637.933
     632.747
     627.345
     621.714
     615.840
     609.709
     603.305
     596.609
     589.603
     582.266
     574.578
     566.515
     558.051
     549.160
     539.814
     529.981
     519.630
     508.726
     497.233
     485.116
       0.000
       0.000
       0.000
       0.000
       0.000
     670.278
     665.949
     661.447
     656.760
     651.878
     646.790
     641.481
     635.940
     630.149
     624.095
     617.759
     611.122
     604.165
     596.866
     589.202
     581.146
     572.673
     563.753
     554.354
     544.444
     533.987
     522.947
     511.283
     498.957
       0.000
       0.000
       0.000
       0.000
     684.389
     680.183
     675.801
     671.234
     666.468
     661.493
     656.294
     650.856
     645.164
     639.201
     632.949
     626.387
     619.494
     612.246
     604.618
     596.583
     588.111
     579.171
     569.728
     559.747
     549.189
     538.013
     526.177
     513.637
       0.000
       0.000
       0.000
     699.128
     695.061
     690.817
     686.385
     681.753
     676.907
     671.834
     666.518
     660.943
     655.089
     648.938
     642.468
     635.655
     628.475
     620.900
     612.900
     604.444
     595.497
     586.022
     575.979
     565.326
     554.019
     542.011
       0.000
       0.000
       0.000
     714.543
     710.632
     706.543
     702.265
     697.785
     693.089
     688.163
     682.989
     677.549
     671.826
     665.796
     659.439
     652.727
     645.635
     638.132
     630.187
     621.764
     612.827
     603.333
     593.241
     582.504
     571.074
     558.900
       0.000
       0.000
     730.682
     726.947
     723.035
     718.932
     714.627
     710.103
     705.345
     700.336
     695.057
     689.488
     683.605
     677.384
     670.798
     663.818
     656.412
     648.544
     640.178
     631.271
     621.780
     611.657
     600.852
     589.312
       0.000
       0.000
     747.601
     744.066
     740.353
     736.451
     732.344
     728.018
     723.456
     718.640
     713.549
     708.162
     702.454
     696.399
     689.969
     683.131
     675.850
     668.090
     659.808
     650.960
     641.498
     631.371
     620.522
     608.895
       0.000
     765.363
     762.053
     758.567
     754.893
     751.014
     746.916
     742.581
     737.988
     733.118
     727.947
     722.449
     716.596
     710.357
     703.697
     696.579
     688.963
     680.803
     672.051
     662.655
     652.558
     641.701
     630.021
     784.036
     780.981
     777.753
     774.339
     770.722
     766.886
     762.813
     758.483
     753.872
     748.957
     743.711
     738.102
     732.097
     725.661
     718.752
     711.327
     703.337
     694.730
     685.449
     675.433
     664.619
     803.697
     800.932
     797.997
     794.880
     791.564
     788.031
     784.263
     780.239
     775.934
     771.323
     766.377
     761.065
     755.349
     749.193
     742.551
     735.378
     727.621
     719.223
     710.125
     700.260
     824.434
     821.997
     819.397
     816.620
     813.650
     810.468
     807.055
     803.389
     799.445
     795.197
     790.613
     785.660
     780.301
     774.494
     768.194
     761.350
     753.907
     745.806
     736.982
     846.343
     844.280
     842.062
     839.676
     837.105
     834.330
     831.332
     828.087
     824.571
     820.754
     816.607
     812.093
     807.174
     801.806
     795.942
     789.528
     782.509
     774.821
     869.534
     867.898
     866.119
     864.183
     862.074
     859.773
     857.260
     854.512
     851.503
     848.205
     844.585
     840.608
     836.234
     831.419
     826.113
     820.263
     813.811
     894.133
     892.985
     891.710
     890.294
     888.721
     886.974
     885.031
     882.871
     880.468
     877.794
     874.816
     871.499
     867.804
     863.686
     859.098
     920.282
     919.694
     919.001
     918.188
     917.240
     916.141
     914.872
     913.411
     911.734
     909.814
     907.621
     905.120
     902.274
     899.043
     948.144
     948.202
     948.181
     948.069
     947.854
     947.519
     947.049
     946.423
     945.621
     944.618
     943.388
     941.902
     940.126
     938.028
     977.907
     978.711
     979.472
     980.180
     980.824
     981.394
     981.875
     982.253
     982.511
     982.631
     982.593
     982.375
     981.957
    1009.789
    1011.459
    1013.131
    1014.801
    1016.461
    1018.106
    1019.728
    1021.319
    1022.870
    1024.372
    1025.818
    1027.201
    1044.041
    1046.720
    1049.462
    1052.266
    1055.133
    1058.064
    1061.061
    1064.126
    1067.265
    1070.483
    1073.791
    1080.959
    1084.820
    1088.821
    1092.970
    1097.278
    1101.757
    1106.423
    1111.294
    1116.396
    1120.889
    1126.142
    1131.634
    1137.388
    1143.427
    1149.780
    1156.485
    1163.585
    1171.134
    1164.243
    1171.142
    1178.411
    1186.090
    1194.222
    1202.863
    1212.078
    1221.949
    1211.509
    1220.367
    1229.766
    1239.770
    1250.453
    1261.905
    1263.274
    1274.478
    1286.448
    1299.281
    1313.094
    1328.030
    1320.246
    1334.279
    1349.373
    1365.675
    1383.363
    1383.289
    1400.759
    1419.680
    1453.466
    1475.142
    1498.792
    1532.095
    1620.832
     643.842
     639.309
     634.607
     629.727
     624.657
     619.387
     613.906
     608.202
     602.261
     596.070
     589.612
     582.872
     575.832
     568.474
     560.776
     552.719
     544.278
     535.428
     526.144
     516.398
     506.159
     495.396
     484.077
     472.168
     459.633
       0.000
       0.000
       0.000
       0.000
       0.000
     656.817
     652.381
     647.774
     642.985
     638.004
     632.819
     627.419
     621.791
     615.920
     609.792
     603.391
     596.698
     589.695
     582.362
     574.678
     566.619
     558.160
     549.273
     539.932
     530.104
     519.759
     508.861
     497.375
     485.264
       0.000
       0.000
       0.000
       0.000
       0.000
     670.343
     666.016
     661.516
     656.831
     651.952
     646.866
     641.560
     636.021
     630.234
     624.183
     617.850
     611.217
     604.264
     596.969
     589.308
     581.257
     572.789
     563.874
     554.481
     544.577
     534.127
     523.093
     511.437
     499.119
       0.000
       0.000
       0.000
       0.000
     684.457
     680.253
     675.874
     671.309
     666.546
     661.573
     656.377
     650.942
     645.254
     639.294
     633.045
     626.487
     619.598
     612.354
     604.731
     596.701
     588.235
     579.301
     569.865
     559.891
     549.340
     538.172
     526.344
     513.813
       0.000
       0.000
       0.000
     699.200
     695.135
     690.893
     686.463
     681.834
     676.992
     671.922
     666.609
     661.037
     655.187
     649.040
     642.574
     635.766
     628.591
     621.021
     613.027
     604.578
     595.637
     586.169
     576.134
     565.489
     554.191
     542.193
       0.000
       0.000
       0.000
     714.617
     710.709
     706.623
     702.348
     697.871
     693.178
     688.255
     683.084
     677.649
     671.930
     665.905
     659.552
     652.845
     645.759
     638.262
     630.323
     621.908
     612.977
     603.492
     593.409
     582.681
     571.261
     559.098
       0.000
       0.000
     730.760
     727.028
     723.118
     719.019
     714.717
     710.196
     705.442
     700.438
     695.163
     689.598
     683.720
     677.504
     670.924
     663.950
     656.551
     648.690
     640.332
     631.433
     621.951
     611.838
     601.044
     589.516
       0.000
       0.000
     747.683
     744.150
     740.441
     736.542
     732.439
     728.117
     723.559
     718.747
     713.661
     708.279
     702.576
     696.528
     690.103
     683.272
     675.999
     668.247
     659.974
     651.136
     641.684
     631.567
     620.731
     609.117
       0.000
     765.449
     762.142
     758.660
     754.989
     751.114
     747.020
     742.689
     738.102
     733.237
     728.071
     722.579
     716.733
     710.500
     703.848
     696.739
     689.132
     680.982
     672.241
     662.856
     652.772
     641.928
     630.264
     784.126
     781.075
     777.850
     774.440
     770.827
     766.996
     762.928
     758.603
     753.998
     749.089
     743.849
     738.247
     732.251
     725.823
     718.924
     711.509
     703.530
     694.935
     685.667
     675.666
     664.867
     803.792
     801.030
     798.100
     794.986
     791.675
     788.147
     784.385
     780.366
     776.068
     771.464
     766.525
     761.220
     755.514
     749.367
     742.736
     735.574
     727.829
     719.445
     710.361
     700.513
     824.533
     822.100
     819.505
     816.732
     813.767
     810.591
     807.184
     803.524
     799.587
     795.346
     790.770
     785.826
     780.477
     774.681
     768.392
     761.561
     754.132
     746.047
     737.240
     846.447
     844.388
     842.176
     839.795
     837.229
     834.460
     831.468
     828.231
     824.722
     820.914
     816.775
     812.271
     807.363
     802.007
     796.155
     789.756
     782.753
     775.082
     869.644
     868.012
     866.238
     864.308
     862.205
     859.910
     857.404
     854.664
     851.664
     848.375
     844.765
     840.799
     836.437
     831.635
     826.343
     820.509
     814.075
     894.248
     893.105
     891.836
     890.426
     888.860
     887.120
     885.185
     883.033
     880.639
     877.975
     875.008
     871.704
     868.022
     863.919
     859.347
     920.403
     919.821
     919.133
     918.327
     917.387
     916.296
     915.035
     913.584
     911.917
     910.008
     907.826
     905.339
     902.508
     899.293
     948.271
     948.336
     948.321
     948.217
     948.009
     947.683
     947.222
     946.606
     945.815
     944.825
     943.608
     942.136
     940.377
     938.297
     978.041
     978.852
     979.620
     980.336
     980.989
     981.567
     982.059
     982.448
     982.718
     982.851
     982.828
     982.627
     982.227
    1009.930
    1011.607
    1013.288
    1014.966
    1016.636
    1018.291
    1019.924
    1021.526
    1023.091
    1024.608
    1026.070
    1027.471
    1044.190
    1046.877
    1049.627
    1052.440
    1055.317
    1058.259
    1061.269
    1064.347
    1067.500
    1070.734
    1074.061
    1081.116
    1084.986
    1088.995
    1093.155
    1097.473
    1101.964
    1106.643
    1111.529
    1116.646
    1121.055
    1126.316
    1131.819
    1137.583
    1143.633
    1150.000
    1156.719
    1163.835
    1171.401
    1164.417
    1171.326
    1178.606
    1186.296
    1194.441
    1203.096
    1212.327
    1222.215
    1211.693
    1220.561
    1229.972
    1239.988
    1250.685
    1262.152
    1263.467
    1274.682
    1286.665
    1299.511
    1313.339
    1328.292
    1320.449
    1334.495
    1349.602
    1365.919
    1383.622
    1383.503
    1400.986
    1419.922
    1453.691
    1475.381
    1499.046
    1532.331
    1621.080
