       0.000
       0.000
       0.000
       0.000
       0.000
       0.000
       0.000
       0.000
       0.000
       0.000
       0.000
       0.000
       0.000
       0.000
       0.000
       0.000
       0.000
       0.000
       0.000
       0.000
       0.000
       0.000
       0.000
       0.000
       0.000
     460.633
     445.761
     430.116
     413.669
     396.397
       0.000
       0.000
       0.000
       0.000
       0.000
       0.000
       0.000
       0.000
       0.000
       0.000
       0.000
       0.000
       0.000
       0.000
       0.000
       0.000
       0.000
       0.000
       0.000
       0.000
       0.000
       0.000
       0.000
       0.000
     484.897
     470.462
     455.247
     439.221
     422.354
       0.000
       0.000
       0.000
       0.000
       0.000
       0.000
       0.000
       0.000
       0.000
       0.000
       0.000
       0.000
       0.000
       0.000
       0.000
       0.000
       0.000
       0.000
       0.000
       0.000
       0.000
       0.000
       0.000
       0.000
     495.472
     480.717
     465.142
     448.713
       0.000
       0.000
       0.000
       0.000
       0.000
       0.000
       0.000
       0.000
       0.000
       0.000
       0.000
       0.000
       0.000
       0.000
       0.000
       0.000
       0.000
       0.000
       0.000
       0.000
       0.000
       0.000
       0.000
       0.000
     506.539
     491.450
     475.495
       0.000
       0.000
       0.000
       0.000
       0.000
       0.000
       0.000
       0.000
       0.000
       0.000
       0.000
       0.000
       0.000
       0.000
       0.000
       0.000
       0.000
       0.000
       0.000
       0.000
       0.000
       0.000
       0.000
     532.725
     518.158
     502.720
       0.000
       0.000
       0.000
       0.000
       0.000
       0.000
       0.000
       0.000
       0.000
       0.000
       0.000
       0.000
       0.000
       0.000
       0.000
       0.000
       0.000
       0.000
       0.000
       0.000
       0.000
       0.000
       0.000
     545.282
     530.404
       0.000
       0.000
       0.000
       0.000
       0.000
       0.000
       0.000
       0.000
       0.000
       0.000
       0.000
       0.000
       0.000
       0.000
       0.000
       0.000
       0.000
       0.000
       0.000
       0.000
       0.000
       0.000
     572.830
     558.561
       0.000
       0.000
       0.000
       0.000
       0.000
       0.000
       0.000
       0.000
       0.000
       0.000
       0.000
       0.000
       0.000
       0.000
       0.000
       0.000
       0.000
       0.000
       0.000
       0.000
       0.000
       0.000
     587.202
       0.000
       0.000
       0.000
       0.000
       0.000
       0.000
       0.000
       0.000
       0.000
       0.000
       0.000
       0.000
       0.000
       0.000
       0.000
       0.000
       0.000
       0.000
       0.000
       0.000
       0.000
       0.000
       0.000
       0.000
       0.000
       0.000
       0.000
       0.000
       0.000
       0.000
       0.000
       0.000
       0.000
       0.000
       0.000
       0.000
       0.000
       0.000
       0.000
       0.000
       0.000
       0.000
       0.000
       0.000
       0.000
       0.000
       0.000
       0.000
       0.000
       0.000
       0.000
       0.000
       0.000
       0.000
       0.000
       0.000
       0.000
       0.000
       0.000
       0.000
       0.000
       0.000
       0.000
       0.000
       0.000
       0.000
       0.000
       0.000
       0.000
       0.000
       0.000
       0.000
       0.000
       0.000
       0.000
       0.000
       0.000
       0.000
       0.000
       0.000
       0.000
       0.000
       0.000
       0.000
       0.000
       0.000
       0.000
       0.000
       0.000
       0.000
       0.000
       0.000
       0.000
       0.000
       0.000
       0.000
       0.000
       0.000
       0.000
       0.000
       0.000
       0.000
       0.000
       0.000
       0.000
       0.000
       0.000
       0.000
       0.000
       0.000
       0.000
       0.000
       0.000
       0.000
       0.000
       0.000
       0.000
       0.000
       0.000
       0.000
       0.000
       0.000
       0.000
       0.000
       0.000
       0.000
       0.000
       0.000
       0.000
       0.000
       0.000
       0.000
       0.000
       0.000
       0.000
       0.000
       0.000
       0.000
       0.000
       0.000
       0.000
       0.000
       0.000
       0.000
       0.000
       0.000
       0.000
       0.000
       0.000
       0.000
       0.000
       0.000
       0.000
       0.000
       0.000
       0.000
       0.000
       0.000
       0.000
       0.000
       0.000
       0.000
       0.000
       0.000
       0.000
       0.000
       0.000
       0.000
       0.000
       0.000
       0.000
       0.000
       0.000
       0.000
       0.000
       0.000
       0.000
       0.000
       0.000
       0.000
       0.000
       0.000
       0.000
       0.000
       0.000
       0.000
       0.000
       0.000
       0.000
       0.000
       0.000
       0.000
       0.000
       0.000
       0.000
       0.000
       0.000
       0.000
       0.000
       0.000
       0.000
       0.000
       0.000
       0.000
       0.000
       0.000
       0.000
       0.000
       0.000
       0.000
       0.000
       0.000
       0.000
       0.000
       0.000
       0.000
       0.000
       0.000
       0.000
       0.000
       0.000
       0.000
       0.000
       0.000
       0.000
       0.000
       0.000
       0.000
       0.000
       0.000
       0.000
       0.000
       0.000
       0.000
       0.000
       0.000
       0.000
       0.000
       0.000
       0.000
       0.000
       0.000
       0.000
       0.000
       0.000
       0.000
       0.000
       0.000
       0.000
       0.000
       0.000
       0.000
       0.000
       0.000
       0.000
       0.000
       0.000
       0.000
       0.000
       0.000
       0.000
       0.000
       0.000
       0.000
       0.000
       0.000
       0.000
       0.000
       0.000
       0.000
       0.000
       0.000
     460.808
     445.943
     430.307
     413.869
     396.605
       0.000
       0.000
       0.000
       0.000
       0.000
       0.000
       0.000
       0.000
       0.000
       0.000
       0.000
       0.000
       0.000
       0.000
       0.000
       0.000
       0.000
       0.000
       0.000
       0.000
       0.000
       0.000
       0.000
       0.000
     485.076
     470.650
     455.445
     439.428
     422.571
       0.000
       0.000
       0.000
       0.000
       0.000
       0.000
       0.000
       0.000
       0.000
       0.000
       0.000
       0.000
       0.000
       0.000
       0.000
       0.000
       0.000
       0.000
       0.000
       0.000
       0.000
       0.000
       0.000
       0.000
     495.665
     480.921
     465.356
     448.938
       0.000
       0.000
       0.000
       0.000
       0.000
       0.000
       0.000
       0.000
       0.000
       0.000
       0.000
       0.000
       0.000
       0.000
       0.000
       0.000
       0.000
       0.000
       0.000
       0.000
       0.000
       0.000
       0.000
       0.000
     506.748
     491.670
     475.728
       0.000
       0.000
       0.000
       0.000
       0.000
       0.000
       0.000
       0.000
       0.000
       0.000
       0.000
       0.000
       0.000
       0.000
       0.000
       0.000
       0.000
       0.000
       0.000
       0.000
       0.000
       0.000
       0.000
     532.939
     518.384
     502.959
       0.000
       0.000
       0.000
       0.000
       0.000
       0.000
       0.000
       0.000
       0.000
       0.000
       0.000
       0.000
       0.000
       0.000
       0.000
       0.000
       0.000
       0.000
       0.000
       0.000
       0.000
       0.000
       0.000
     545.512
     530.648
       0.000
       0.000
       0.000
       0.000
       0.000
       0.000
       0.000
       0.000
       0.000
       0.000
       0.000
       0.000
       0.000
       0.000
       0.000
       0.000
       0.000
       0.000
       0.000
       0.000
       0.000
       0.000
     573.065
     558.809
       0.000
       0.000
       0.000
       0.000
       0.000
       0.000
       0.000
       0.000
       0.000
       0.000
       0.000
       0.000
       0.000
       0.000
       0.000
       0.000
       0.000
       0.000
       0.000
       0.000
       0.000
       0.000
     587.455
       0.000
       0.000
       0.000
       0.000
       0.000
       0.000
       0.000
       0.000
       0.000
       0.000
       0.000
       0.000
       0.000
       0.000
       0.000
       0.000
       0.000
       0.000
       0.000
       0.000
       0.000
       0.000
       0.000
       0.000
       0.000
       0.000
       0.000
       0.000
       0.000
       0.000
       0.000
       0.000
       0.000
       0.000
       0.000
       0.000
       0.000
       0.000
       0.000
       0.000
       0.000
       0.000
       0.000
       0.000
       0.000
       0.000
       0.000
       0.000
       0.000
       0.000
       0.000
       0.000
       0.000
       0.000
       0.000
       0.000
       0.000
       0.000
       0.000
       0.000
       0.000
       0.000
       0.000
       0.000
       0.000
       0.000
       0.000
       0.000
       0.000
       0.000
       0.000
       0.000
       0.000
       0.000
       0.000
       0.000
       0.000
       0.000
       0.000
       0.000
       0.000
       0.000
       0.000
       0.000
       0.000
       0.000
       0.000
       0.000
       0.000
       0.000
       0.000
       0.000
       0.000
       0.000
       0.000
       0.000
       0.000
       0.000
       0.000
       0.000
       0.000
       0.000
       0.000
       0.000
       0.000
       0.000
       0.000
       0.000
       0.000
       0.000
       0.000
       0.000
       0.000
       0.000
       0.000
       0.000
       0.000
       0.000
       0.000
       0.000
       0.000
       0.000
       0.000
       0.000
       0.000
       0.000
       0.000
       0.000
       0.000
       0.000
       0.000
       0.000
       0.000
       0.000
       0.000
       0.000
       0.000
       0.000
       0.000
       0.000
       0.000
       0.000
       0.000
       0.000
       0.000
       0.000
       0.000
       0.000
       0.000
       0.000
       0.000
       0.000
       0.000
       0.000
       0.000
       0.000
       0.000
       0.000
       0.000
       0.000
       0.000
       0.000
       0.000
       0.000
       0.000
       0.000
       0.000
       0.000
       0.000
       0.000
       0.000
       0.000
       0.000
       0.000
       0.000
       0.000
       0.000
       0.000
       0.000
       0.000
       0.000
       0.000
       0.000
       0.000
       0.000
       0.000
       0.000
       0.000
       0.000
       0.000
       0.000
       0.000
       0.000
       0.000
       0.000
       0.000
       0.000
       0.000
       0.000
       0.000
       0.000
       0.000
       0.000
       0.000
       0.000
       0.000
       0.000
       0.000
       0.000
       0.000
       0.000
       0.000
       0.000
       0.000
       0.000
       0.000
       0.000
       0.000
       0.000
       0.000
       0.000
       0.000
       0.000
       0.000
       0.000
       0.000
       0.000
       0.000
       0.000
       0.000
       0.000
       0.000
       0.000
       0.000
       0.000
       0.000
       0.000
       0.000
       0.000
       0.000
       0.000
       0.000
       0.000
       0.000
       0.000
       0.000
       0.000
       0.000
       0.000
       0.000
       0.000
       0.000
       0.000
       0.000
       0.000
       0.000
       0.000
       0.000
       0.000
       0.000
       0.000
       0.000
       0.000
       0.000
       0.000
       0.000
       0.000
       0.000
       0.000
       0.000
       0.000
       0.000
     460.982
     446.126
     430.497
     414.068
     396.813
       0.000
       0.000
       0.000
       0.000
       0.000
       0.000
       0.000
       0.000
       0.000
       0.000
       0.000
       0.000
       0.000
       0.000
       0.000
       0.000
       0.000
       0.000
       0.000
       0.000
       0.000
       0.000
       0.000
       0.000
     485.255
     470.838
     455.642
     439.635
     422.787
       0.000
       0.000
       0.000
       0.000
       0.000
       0.000
       0.000
       0.000
       0.000
       0.000
       0.000
       0.000
       0.000
       0.000
       0.000
       0.000
       0.000
       0.000
       0.000
       0.000
       0.000
       0.000
       0.000
       0.000
     495.858
     481.124
     465.570
     449.162
       0.000
       0.000
       0.000
       0.000
       0.000
       0.000
       0.000
       0.000
       0.000
       0.000
       0.000
       0.000
       0.000
       0.000
       0.000
       0.000
       0.000
       0.000
       0.000
       0.000
       0.000
       0.000
       0.000
       0.000
     506.956
     491.889
     475.959
       0.000
       0.000
       0.000
       0.000
       0.000
       0.000
       0.000
       0.000
       0.000
       0.000
       0.000
       0.000
       0.000
       0.000
       0.000
       0.000
       0.000
       0.000
       0.000
       0.000
       0.000
       0.000
       0.000
     533.152
     518.609
     503.196
       0.000
       0.000
       0.000
       0.000
       0.000
       0.000
       0.000
       0.000
       0.000
       0.000
       0.000
       0.000
       0.000
       0.000
       0.000
       0.000
       0.000
       0.000
       0.000
       0.000
       0.000
       0.000
       0.000
     545.741
     530.891
       0.000
       0.000
       0.000
       0.000
       0.000
       0.000
       0.000
       0.000
       0.000
       0.000
       0.000
       0.000
       0.000
       0.000
       0.000
       0.000
       0.000
       0.000
       0.000
       0.000
       0.000
       0.000
     573.298
     559.057
       0.000
       0.000
       0.000
       0.000
       0.000
       0.000
       0.000
       0.000
       0.000
       0.000
       0.000
       0.000
       0.000
       0.000
       0.000
       0.000
       0.000
       0.000
       0.000
       0.000
       0.000
       0.000
     587.706
       0.000
       0.000
       0.000
       0.000
       0.000
       0.000
       0.000
       0.000
       0.000
       0.000
       0.000
       0.000
       0.000
       0.000
       0.000
       0.000
       0.000
       0.000
       0.000
       0.000
       0.000
       0.000
       0.000
       0.000
       0.000
       0.000
       0.000
       0.000
       0.000
       0.000
       0.000
       0.000
       0.000
       0.000
       0.000
       0.000
       0.000
       0.000
       0.000
       0.000
       0.000
       0.000
       0.000
       0.000
       0.000
       0.000
       0.000
       0.000
       0.000
       0.000
       0.000
       0.000
       0.000
       0.000
       0.000
       0.000
       0.000
       0.000
       0.000
       0.000
       0.000
       0.000
       0.000
       0.000
       0.000
       0.000
       0.000
       0.000
       0.000
       0.000
       0.000
       0.000
       0.000
       0.000
       0.000
       0.000
       0.000
       0.000
       0.000
       0.000
       0.000
       0.000
       0.000
       0.000
       0.000
       0.000
       0.000
       0.000
       0.000
       0.000
       0.000
       0.000
       0.000
       0.000
       0.000
       0.000
       0.000
       0.000
       0.000
       0.000
       0.000
       0.000
       0.000
       0.000
       0.000
       0.000
       0.000
       0.000
       0.000
       0.000
       0.000
       0.000
       0.000
       0.000
       0.000
       0.000
       0.000
       0.000
       0.000
       0.000
       0.000
       0.000
       0.000
       0.000
       0.000
       0.000
       0.000
       0.000
       0.000
       0.000
       0.000
       0.000
       0.000
       0.000
       0.000
       0.000
       0.000
       0.000
       0.000
       0.000
       0.000
       0.000
       0.000
       0.000
       0.000
       0.000
       0.000
       0.000
       0.000
       0.000
       0.000
       0.000
       0.000
       0.000
       0.000
       0.000
       0.000
       0.000
       0.000
       0.000
       0.000
       0.000
       0.000
       0.000
       0.000
       0.000
       0.000
       0.000
       0.000
       0.000
       0.000
       0.000
       0.000
       0.000
       0.000
       0.000
       0.000
       0.000
       0.000
       0.000
       0.000
       0.000
       0.000
       0.000
       0.000
       0.000
       0.000
       0.000
       0.000
       0.000
       0.000
       0.000
       0.000
       0.000
       0.000
       0.000
       0.000
       0.000
       0.000
       0.000
       0.000
       0.000
       0.000
       0.000
       0.000
       0.000
       0.000
       0.000
       0.000
       0.000
       0.000
       0.000
       0.000
       0.000
       0.000
       0.000
       0.000
       0.000
       0.000
       0.000
       0.000
       0.000
       0.000
       0.000
       0.000
       0.000
       0.000
       0.000
       0.000
       0.000
       0.000
       0.000
       0.000
       0.000
       0.000
       0.000
       0.000
       0.000
       0.000
       0.000
       0.000
       0.000
       0.000
       0.000
       0.000
       0.000
       0.000
       0.000
       0.000
       0.000
       0.000
       0.000
       0.000
       0.000
       0.000
       0.000
       0.000
       0.000
       0.000
       0.000
       0.000
       0.000
       0.000
       0.000
       0.000
       0.000
       0.000
       0.000
       0.000
       0.000
       0.000
       0.000
     461.156
     446.307
     430.687
     414.266
     397.020
       0.000
       0.000
       0.000
       0.000
       0.000
       0.000
       0.000
       0.000
       0.000
       0.000
       0.000
       0.000
       0.000
       0.000
       0.000
       0.000
       0.000
       0.000
       0.000
       0.000
       0.000
       0.000
       0.000
       0.000
     485.434
     471.025
     455.839
     439.841
     423.003
       0.000
       0.000
       0.000
       0.000
       0.000
       0.000
       0.000
       0.000
       0.000
       0.000
       0.000
       0.000
       0.000
       0.000
       0.000
       0.000
       0.000
       0.000
       0.000
       0.000
       0.000
       0.000
       0.000
       0.000
     496.051
     481.326
     465.783
     449.386
       0.000
       0.000
       0.000
       0.000
       0.000
       0.000
       0.000
       0.000
       0.000
       0.000
       0.000
       0.000
       0.000
       0.000
       0.000
       0.000
       0.000
       0.000
       0.000
       0.000
       0.000
       0.000
       0.000
       0.000
     507.164
     492.108
     476.190
       0.000
       0.000
       0.000
       0.000
       0.000
       0.000
       0.000
       0.000
       0.000
       0.000
       0.000
       0.000
       0.000
       0.000
       0.000
       0.000
       0.000
       0.000
       0.000
       0.000
       0.000
       0.000
       0.000
     533.364
     518.833
     503.433
       0.000
       0.000
       0.000
       0.000
       0.000
       0.000
       0.000
       0.000
       0.000
       0.000
       0.000
       0.000
       0.000
       0.000
       0.000
       0.000
       0.000
       0.000
       0.000
       0.000
       0.000
       0.000
       0.000
     545.970
     531.133
       0.000
       0.000
       0.000
       0.000
       0.000
       0.000
       0.000
       0.000
       0.000
       0.000
       0.000
       0.000
       0.000
       0.000
       0.000
       0.000
       0.000
       0.000
       0.000
       0.000
       0.000
       0.000
     573.531
     559.304
       0.000
       0.000
       0.000
       0.000
       0.000
       0.000
       0.000
       0.000
       0.000
       0.000
       0.000
       0.000
       0.000
       0.000
       0.000
       0.000
       0.000
       0.000
       0.000
       0.000
       0.000
       0.000
     587.957
       0.000
       0.000
       0.000
       0.000
       0.000
       0.000
       0.000
       0.000
       0.000
       0.000
       0.000
       0.000
       0.000
       0.000
       0.000
       0.000
       0.000
       0.000
       0.000
       0.000
       0.000
       0.000
       0.000
       0.000
       0.000
       0.000
       0.000
       0.000
       0.000
       0.000
       0.000
       0.000
       0.000
       0.000
       0.000
       0.000
       0.000
       0.000
       0.000
       0.000
       0.000
       0.000
       0.000
       0.000
       0.000
       0.000
       0.000
       0.000
       0.000
       0.000
       0.000
       0.000
       0.000
       0.000
       0.000
       0.000
       0.000
       0.000
       0.000
       0.000
       0.000
       0.000
       0.000
       0.000
       0.000
       0.000
       0.000
       0.000
       0.000
       0.000
       0.000
       0.000
       0.000
       0.000
       0.000
       0.000
       0.000
       0.000
       0.000
       0.000
       0.000
       0.000
       0.000
       0.000
       0.000
       0.000
       0.000
       0.000
       0.000
       0.000
       0.000
       0.000
       0.000
       0.000
       0.000
       0.000
       0.000
       0.000
       0.000
       0.000
       0.000
       0.000
       0.000
       0.000
       0.000
       0.000
       0.000
       0.000
       0.000
       0.000
       0.000
       0.000
       0.000
       0.000
       0.000
       0.000
       0.000
       0.000
       0.000
       0.000
       0.000
       0.000
       0.000
       0.000
       0.000
       0.000
       0.000
       0.000
       0.000
       0.000
       0.000
       0.000
       0.000
       0.000
       0.000
       0.000
       0.000
       0.000
       0.000
       0.000
       0.000
       0.000
       0.000
       0.000
       0.000
       0.000
       0.000
       0.000
       0.000
       0.000
       0.000
       0.000
       0.000
       0.000
       0.000
       0.000
       0.000
       0.000
       0.000
       0.000
       0.000
       0.000
       0.000
       0.000
       0.000
       0.000
       0.000
       0.000
       0.000
       0.000
       0.000
       0.000
       0.000
       0.000
       0.000
       0.000
       0.000
       0.000
       0.000
       0.000
       0.000
       0.000
       0.000
       0.000
       0.000
       0.000
       0.000
       0.000
       0.000
       0.000
       0.000
       0.000
       0.000
       0.000
       0.000
       0.000
       0.000
       0.000
       0.000
       0.000
       0.000
       0.000
       0.000
       0.000
       0.000
       0.000
       0.000
       0.000
       0.000
       0.000
       0.000
       0.000
       0.000
       0.000
       0.000
       0.000
       0.000
       0.000
       0.000
       0.000
       0.000
       0.000
       0.000
       0.000
       0.000
       0.000
       0.000
       0.000
       0.000
       0.000
       0.000
       0.000
       0.000
       0.000
       0.000
       0.000
       0.000
       0.000
       0.000
       0.000
       0.000
       0.000
       0.000
       0.000
       0.000
       0.000
       0.000
       0.000
       0.000
       0.000
       0.000
       0.000
       0.000
       0.000
       0.000
       0.000
       0.000
       0.000
       0.000
       0.000
       0.000
       0.000
       0.000
       0.000
       0.000
       0.000
       0.000
       0.000
       0.000
       0.000
       0.000
       0.000
     461.329
     446.488
     430.877
     414.464
     397.226
       0.000
       0.000
       0.000
       0.000
       0.000
       0.000
       0.000
       0.000
       0.000
       0.000
       0.000
       0.000
       0.000
       0.000
       0.000
       0.000
       0.000
       0.000
       0.000
       0.000
       0.000
       0.000
       0.000
       0.000
     485.612
     471.212
     456.035
     440.046
     423.218
       0.000
       0.000
       0.000
       0.000
       0.000
       0.000
       0.000
       0.000
       0.000
       0.000
       0.000
       0.000
       0.000
       0.000
       0.000
       0.000
       0.000
       0.000
       0.000
       0.000
       0.000
       0.000
       0.000
       0.000
     496.243
     481.528
     465.995
     449.609
       0.000
       0.000
       0.000
       0.000
       0.000
       0.000
       0.000
       0.000
       0.000
       0.000
       0.000
       0.000
       0.000
       0.000
       0.000
       0.000
       0.000
       0.000
       0.000
       0.000
       0.000
       0.000
       0.000
       0.000
     507.371
     492.327
     476.420
       0.000
       0.000
       0.000
       0.000
       0.000
       0.000
       0.000
       0.000
       0.000
       0.000
       0.000
       0.000
       0.000
       0.000
       0.000
       0.000
       0.000
       0.000
       0.000
       0.000
       0.000
       0.000
       0.000
     533.576
     519.057
     503.670
       0.000
       0.000
       0.000
       0.000
       0.000
       0.000
       0.000
       0.000
       0.000
       0.000
       0.000
       0.000
       0.000
       0.000
       0.000
       0.000
       0.000
       0.000
       0.000
       0.000
       0.000
       0.000
       0.000
     546.199
     531.375
       0.000
       0.000
       0.000
       0.000
       0.000
       0.000
       0.000
       0.000
       0.000
       0.000
       0.000
       0.000
       0.000
       0.000
       0.000
       0.000
       0.000
       0.000
       0.000
       0.000
       0.000
       0.000
     573.763
     559.551
       0.000
       0.000
       0.000
       0.000
       0.000
       0.000
       0.000
       0.000
       0.000
       0.000
       0.000
       0.000
       0.000
       0.000
       0.000
       0.000
       0.000
       0.000
       0.000
       0.000
       0.000
       0.000
     588.207
       0.000
       0.000
       0.000
       0.000
       0.000
       0.000
       0.000
       0.000
       0.000
       0.000
       0.000
       0.000
       0.000
       0.000
       0.000
       0.000
       0.000
       0.000
       0.000
       0.000
       0.000
       0.000
       0.000
       0.000
       0.000
       0.000
       0.000
       0.000
       0.000
       0.000
       0.000
       0.000
       0.000
       0.000
       0.000
       0.000
       0.000
       0.000
       0.000
       0.000
       0.000
       0.000
       0.000
       0.000
       0.000
       0.000
       0.000
       0.000
       0.000
       0.000
       0.000
       0.000
       0.000
       0.000
       0.000
       0.000
       0.000
       0.000
       0.000
       0.000
       0.000
       0.000
       0.000
       0.000
       0.000
       0.000
       0.000
       0.000
       0.000
       0.000
       0.000
       0.000
       0.000
       0.000
       0.000
       0.000
       0.000
       0.000
       0.000
       0.000
       0.000
       0.000
       0.000
       0.000
       0.000
       0.000
       0.000
       0.000
       0.000
       0.000
       0.000
       0.000
       0.000
       0.000
       0.000
       0.000
       0.000
       0.000
       0.000
       0.000
       0.000
       0.000
       0.000
       0.000
       0.000
       0.000
       0.000
       0.000
       0.000
       0.000
       0.000
       0.000
       0.000
       0.000
       0.000
       0.000
       0.000
       0.000
       0.000
       0.000
       0.000
       0.000
       0.000
       0.000
       0.000
       0.000
       0.000
       0.000
       0.000
       0.000
       0.000
       0.000
       0.000
       0.000
       0.000
       0.000
       0.000
       0.000
       0.000
       0.000
       0.000
       0.000
       0.000
       0.000
       0.000
       0.000
       0.000
       0.000
       0.000
       0.000
       0.000
       0.000
       0.000
       0.000
       0.000
       0.000
       0.000
       0.000
       0.000
       0.000
       0.000
       0.000
       0.000
       0.000
       0.000
       0.000
       0.000
       0.000
       0.000
       0.000
       0.000
       0.000
       0.000
       0.000
       0.000
       0.000
       0.000
       0.000
       0.000
       0.000
       0.000
       0.000
       0.000
       0.000
       0.000
       0.000
       0.000
       0.000
       0.000
       0.000
       0.000
       0.000
       0.000
       0.000
       0.000
       0.000
       0.000
       0.000
       0.000
       0.000
       0.000
       0.000
       0.000
       0.000
       0.000
       0.000
       0.000
       0.000
       0.000
       0.000
       0.000
       0.000
       0.000
       0.000
       0.000
       0.000
       0.000
       0.000
       0.000
       0.000
       0.000
       0.000
       0.000
       0.000
       0.000
       0.000
       0.000
       0.000
       0.000
       0.000
       0.000
       0.000
       0.000
       0.000
       0.000
       0.000
       0.000
       0.000
       0.000
       0.000
       0.000
       0.000
       0.000
       0.000
       0.000
       0.000
       0.000
       0.000
       0.000
       0.000
       0.000
       0.000
       0.000
       0.000
       0.000
       0.000
       0.000
       0.000
       0.000
       0.000
       0.000
       0.000
       0.000
       0.000
       0.000
       0.000
       0.000
       0.000
       0.000
       0.000
       0.000
       0.000
     461.501
     446.669
     431.066
     414.662
     397.432
       0.000
       0.000
       0.000
       0.000
       0.000
       0.000
       0.000
       0.000
       0.000
       0.000
       0.000
       0.000
       0.000
       0.000
       0.000
       0.000
       0.000
       0.000
       0.000
       0.000
       0.000
       0.000
       0.000
       0.000
     485.790
     471.398
     456.230
     440.251
     423.432
       0.000
       0.000
       0.000
       0.000
       0.000
       0.000
       0.000
       0.000
       0.000
       0.000
       0.000
       0.000
       0.000
       0.000
       0.000
       0.000
       0.000
       0.000
       0.000
       0.000
       0.000
       0.000
       0.000
       0.000
     496.434
     481.730
     466.207
     449.831
       0.000
       0.000
       0.000
       0.000
       0.000
       0.000
       0.000
       0.000
       0.000
       0.000
       0.000
       0.000
       0.000
       0.000
       0.000
       0.000
       0.000
       0.000
       0.000
       0.000
       0.000
       0.000
       0.000
       0.000
     507.578
     492.545
     476.649
       0.000
       0.000
       0.000
       0.000
       0.000
       0.000
       0.000
       0.000
       0.000
       0.000
       0.000
       0.000
       0.000
       0.000
       0.000
       0.000
       0.000
       0.000
       0.000
       0.000
       0.000
       0.000
       0.000
     533.787
     519.280
     503.905
       0.000
       0.000
       0.000
       0.000
       0.000
       0.000
       0.000
       0.000
       0.000
       0.000
       0.000
       0.000
       0.000
       0.000
       0.000
       0.000
       0.000
       0.000
       0.000
       0.000
       0.000
       0.000
       0.000
     546.427
     531.617
       0.000
       0.000
       0.000
       0.000
       0.000
       0.000
       0.000
       0.000
       0.000
       0.000
       0.000
       0.000
       0.000
       0.000
       0.000
       0.000
       0.000
       0.000
       0.000
       0.000
       0.000
       0.000
     573.995
     559.796
       0.000
       0.000
       0.000
       0.000
       0.000
       0.000
       0.000
       0.000
       0.000
       0.000
       0.000
       0.000
       0.000
       0.000
       0.000
       0.000
       0.000
       0.000
       0.000
       0.000
       0.000
       0.000
     588.457
       0.000
       0.000
       0.000
       0.000
       0.000
       0.000
       0.000
       0.000
       0.000
       0.000
       0.000
       0.000
       0.000
       0.000
       0.000
       0.000
       0.000
       0.000
       0.000
       0.000
       0.000
       0.000
       0.000
       0.000
       0.000
       0.000
       0.000
       0.000
       0.000
       0.000
       0.000
       0.000
       0.000
       0.000
       0.000
       0.000
       0.000
       0.000
       0.000
       0.000
       0.000
       0.000
       0.000
       0.000
       0.000
       0.000
       0.000
       0.000
       0.000
       0.000
       0.000
       0.000
       0.000
       0.000
       0.000
       0.000
       0.000
       0.000
       0.000
       0.000
       0.000
       0.000
       0.000
       0.000
       0.000
       0.000
       0.000
       0.000
       0.000
       0.000
       0.000
       0.000
       0.000
       0.000
       0.000
       0.000
       0.000
       0.000
       0.000
       0.000
       0.000
       0.000
       0.000
       0.000
       0.000
       0.000
       0.000
       0.000
       0.000
       0.000
       0.000
       0.000
       0.000
       0.000
       0.000
       0.000
       0.000
       0.000
       0.000
       0.000
       0.000
       0.000
       0.000
       0.000
       0.000
       0.000
       0.000
       0.000
       0.000
       0.000
       0.000
       0.000
       0.000
       0.000
       0.000
       0.000
       0.000
       0.000
       0.000
       0.000
       0.000
       0.000
       0.000
       0.000
       0.000
       0.000
       0.000
       0.000
       0.000
       0.000
       0.000
       0.000
       0.000
       0.000
       0.000
       0.000
       0.000
       0.000
       0.000
       0.000
       0.000
       0.000
       0.000
       0.000
       0.000
       0.000
       0.000
       0.000
       0.000
       0.000
       0.000
       0.000
       0.000
       0.000
       0.000
       0.000
       0.000
       0.000
       0.000
       0.000
       0.000
       0.000
       0.000
       0.000
       0.000
       0.000
       0.000
       0.000
       0.000
       0.000
       0.000
       0.000
       0.000
       0.000
       0.000
       0.000
       0.000
       0.000
       0.000
       0.000
       0.000
       0.000
       0.000
       0.000
       0.000
       0.000
       0.000
       0.000
       0.000
       0.000
       0.000
       0.000
       0.000
       0.000
       0.000
       0.000
       0.000
       0.000
       0.000
       0.000
       0.000
       0.000
       0.000
       0.000
       0.000
       0.000
       0.000
       0.000
       0.000
       0.000
       0.000
       0.000
       0.000
       0.000
       0.000
       0.000
       0.000
       0.000
       0.000
       0.000
       0.000
       0.000
       0.000
       0.000
       0.000
       0.000
       0.000
       0.000
       0.000
       0.000
       0.000
       0.000
       0.000
       0.000
       0.000
       0.000
       0.000
       0.000
       0.000
       0.000
       0.000
       0.000
       0.000
       0.000
       0.000
       0.000
       0.000
       0.000
       0.000
       0.000
       0.000
       0.000
       0.000
       0.000
       0.000
       0.000
       0.000
       0.000
       0.000
       0.000
       0.000
       0.000
       0.000
       0.000
       0.000
       0.000
       0.000
       0.000
       0.000
       0.000
       0.000
       0.000
     461.674
     446.849
     431.254
     414.858
     397.637
       0.000
       0.000
       0.000
       0.000
       0.000
       0.000
       0.000
       0.000
       0.000
       0.000
       0.000
       0.000
       0.000
       0.000
       0.000
       0.000
       0.000
       0.000
       0.000
       0.000
       0.000
       0.000
       0.000
       0.000
     485.967
     471.584
     456.425
     440.456
     423.646
       0.000
       0.000
       0.000
       0.000
       0.000
       0.000
       0.000
       0.000
       0.000
       0.000
       0.000
       0.000
       0.000
       0.000
       0.000
       0.000
       0.000
       0.000
       0.000
       0.000
       0.000
       0.000
       0.000
       0.000
     496.625
     481.930
     466.418
     450.053
       0.000
       0.000
       0.000
       0.000
       0.000
       0.000
       0.000
       0.000
       0.000
       0.000
       0.000
       0.000
       0.000
       0.000
       0.000
       0.000
       0.000
       0.000
       0.000
       0.000
       0.000
       0.000
       0.000
       0.000
     507.784
     492.762
     476.878
       0.000
       0.000
       0.000
       0.000
       0.000
       0.000
       0.000
       0.000
       0.000
       0.000
       0.000
       0.000
       0.000
       0.000
       0.000
       0.000
       0.000
       0.000
       0.000
       0.000
       0.000
       0.000
       0.000
     533.998
     519.503
     504.141
       0.000
       0.000
       0.000
       0.000
       0.000
       0.000
       0.000
       0.000
       0.000
       0.000
       0.000
       0.000
       0.000
       0.000
       0.000
       0.000
       0.000
       0.000
       0.000
       0.000
       0.000
       0.000
       0.000
     546.654
     531.857
       0.000
       0.000
       0.000
       0.000
       0.000
       0.000
       0.000
       0.000
       0.000
       0.000
       0.000
       0.000
       0.000
       0.000
       0.000
       0.000
       0.000
       0.000
       0.000
       0.000
       0.000
       0.000
     574.226
     560.042
       0.000
       0.000
       0.000
       0.000
       0.000
       0.000
       0.000
       0.000
       0.000
       0.000
       0.000
       0.000
       0.000
       0.000
       0.000
       0.000
       0.000
       0.000
       0.000
       0.000
       0.000
       0.000
     588.706
       0.000
       0.000
       0.000
       0.000
       0.000
       0.000
       0.000
       0.000
       0.000
       0.000
       0.000
       0.000
       0.000
       0.000
       0.000
       0.000
       0.000
       0.000
       0.000
       0.000
       0.000
       0.000
       0.000
       0.000
       0.000
       0.000
       0.000
       0.000
       0.000
       0.000
       0.000
       0.000
       0.000
       0.000
       0.000
       0.000
       0.000
       0.000
       0.000
       0.000
       0.000
       0.000
       0.000
       0.000
       0.000
       0.000
       0.000
       0.000
       0.000
       0.000
       0.000
       0.000
       0.000
       0.000
       0.000
       0.000
       0.000
       0.000
       0.000
       0.000
       0.000
       0.000
       0.000
       0.000
       0.000
       0.000
       0.000
       0.000
       0.000
       0.000
       0.000
       0.000
       0.000
       0.000
       0.000
       0.000
       0.000
       0.000
       0.000
       0.000
       0.000
       0.000
       0.000
       0.000
       0.000
       0.000
       0.000
       0.000
       0.000
       0.000
       0.000
       0.000
       0.000
       0.000
       0.000
       0.000
       0.000
       0.000
       0.000
       0.000
       0.000
       0.000
       0.000
       0.000
       0.000
       0.000
       0.000
       0.000
       0.000
       0.000
       0.000
       0.000
       0.000
       0.000
       0.000
       0.000
       0.000
       0.000
       0.000
       0.000
       0.000
       0.000
       0.000
       0.000
       0.000
       0.000
       0.000
       0.000
       0.000
       0.000
       0.000
       0.000
       0.000
       0.000
       0.000
       0.000
       0.000
       0.000
       0.000
       0.000
       0.000
       0.000
       0.000
       0.000
       0.000
       0.000
       0.000
       0.000
       0.000
       0.000
       0.000
       0.000
       0.000
       0.000
       0.000
       0.000
       0.000
       0.000
       0.000
       0.000
       0.000
       0.000
       0.000
       0.000
       0.000
       0.000
       0.000
       0.000
       0.000
       0.000
       0.000
       0.000
       0.000
       0.000
       0.000
       0.000
       0.000
       0.000
       0.000
       0.000
       0.000
       0.000
       0.000
       0.000
       0.000
       0.000
       0.000
       0.000
       0.000
       0.000
       0.000
       0.000
       0.000
       0.000
       0.000
       0.000
       0.000
       0.000
       0.000
       0.000
       0.000
       0.000
       0.000
       0.000
       0.000
       0.000
       0.000
       0.000
       0.000
       0.000
       0.000
       0.000
       0.000
       0.000
       0.000
       0.000
       0.000
       0.000
       0.000
       0.000
       0.000
       0.000
       0.000
       0.000
       0.000
       0.000
       0.000
       0.000
       0.000
       0.000
       0.000
       0.000
       0.000
       0.000
       0.000
       0.000
       0.000
       0.000
       0.000
       0.000
       0.000
       0.000
       0.000
       0.000
       0.000
       0.000
       0.000
       0.000
       0.000
       0.000
       0.000
       0.000
       0.000
       0.000
       0.000
       0.000
       0.000
       0.000
       0.000
       0.000
       0.000
       0.000
       0.000
       0.000
       0.000
       0.000
       0.000
       0.000
       0.000
       0.000
       0.000
       0.000
     461.845
     447.029
     431.442
     415.055
     397.842
       0.000
       0.000
       0.000
       0.000
       0.000
       0.000
       0.000
       0.000
       0.000
       0.000
       0.000
       0.000
       0.000
       0.000
       0.000
       0.000
       0.000
       0.000
       0.000
       0.000
       0.000
       0.000
       0.000
       0.000
     486.144
     471.770
     456.620
     440.659
     423.859
       0.000
       0.000
       0.000
       0.000
       0.000
       0.000
       0.000
       0.000
       0.000
       0.000
       0.000
       0.000
       0.000
       0.000
       0.000
       0.000
       0.000
       0.000
       0.000
       0.000
       0.000
       0.000
       0.000
       0.000
     496.816
     482.131
     466.628
     450.274
       0.000
       0.000
       0.000
       0.000
       0.000
       0.000
       0.000
       0.000
       0.000
       0.000
       0.000
       0.000
       0.000
       0.000
       0.000
       0.000
       0.000
       0.000
       0.000
       0.000
       0.000
       0.000
       0.000
       0.000
     507.990
     492.978
     477.106
       0.000
       0.000
       0.000
       0.000
       0.000
       0.000
       0.000
       0.000
       0.000
       0.000
       0.000
       0.000
       0.000
       0.000
       0.000
       0.000
       0.000
       0.000
       0.000
       0.000
       0.000
       0.000
       0.000
     534.208
     519.725
     504.375
       0.000
       0.000
       0.000
       0.000
       0.000
       0.000
       0.000
       0.000
       0.000
       0.000
       0.000
       0.000
       0.000
       0.000
       0.000
       0.000
       0.000
       0.000
       0.000
       0.000
       0.000
       0.000
       0.000
     546.880
     532.097
       0.000
       0.000
       0.000
       0.000
       0.000
       0.000
       0.000
       0.000
       0.000
       0.000
       0.000
       0.000
       0.000
       0.000
       0.000
       0.000
       0.000
       0.000
       0.000
       0.000
       0.000
       0.000
     574.456
     560.286
       0.000
       0.000
       0.000
       0.000
       0.000
       0.000
       0.000
       0.000
       0.000
       0.000
       0.000
       0.000
       0.000
       0.000
       0.000
       0.000
       0.000
       0.000
       0.000
       0.000
       0.000
       0.000
     588.954
       0.000
       0.000
       0.000
       0.000
       0.000
       0.000
       0.000
       0.000
       0.000
       0.000
       0.000
       0.000
       0.000
       0.000
       0.000
       0.000
       0.000
       0.000
       0.000
       0.000
       0.000
       0.000
       0.000
       0.000
       0.000
       0.000
       0.000
       0.000
       0.000
       0.000
       0.000
       0.000
       0.000
       0.000
       0.000
       0.000
       0.000
       0.000
       0.000
       0.000
       0.000
       0.000
       0.000
       0.000
       0.000
       0.000
       0.000
       0.000
       0.000
       0.000
       0.000
       0.000
       0.000
       0.000
       0.000
       0.000
       0.000
       0.000
       0.000
       0.000
       0.000
       0.000
       0.000
       0.000
       0.000
       0.000
       0.000
       0.000
       0.000
       0.000
       0.000
       0.000
       0.000
       0.000
       0.000
       0.000
       0.000
       0.000
       0.000
       0.000
       0.000
       0.000
       0.000
       0.000
       0.000
       0.000
       0.000
       0.000
       0.000
       0.000
       0.000
       0.000
       0.000
       0.000
       0.000
       0.000
       0.000
       0.000
       0.000
       0.000
       0.000
       0.000
       0.000
       0.000
       0.000
       0.000
       0.000
       0.000
       0.000
       0.000
       0.000
       0.000
       0.000
       0.000
       0.000
       0.000
       0.000
       0.000
       0.000
       0.000
       0.000
       0.000
       0.000
       0.000
       0.000
       0.000
       0.000
       0.000
       0.000
       0.000
       0.000
       0.000
       0.000
       0.000
       0.000
       0.000
       0.000
       0.000
       0.000
       0.000
       0.000
       0.000
       0.000
       0.000
       0.000
       0.000
       0.000
       0.000
       0.000
       0.000
       0.000
       0.000
       0.000
       0.000
       0.000
       0.000
       0.000
       0.000
       0.000
       0.000
       0.000
       0.000
       0.000
       0.000
       0.000
       0.000
       0.000
       0.000
       0.000
       0.000
       0.000
       0.000
       0.000
       0.000
       0.000
       0.000
       0.000
       0.000
       0.000
       0.000
       0.000
       0.000
       0.000
       0.000
       0.000
       0.000
       0.000
       0.000
       0.000
       0.000
       0.000
       0.000
       0.000
       0.000
       0.000
       0.000
       0.000
       0.000
       0.000
       0.000
       0.000
       0.000
       0.000
       0.000
       0.000
       0.000
       0.000
       0.000
       0.000
       0.000
       0.000
       0.000
       0.000
       0.000
       0.000
       0.000
       0.000
       0.000
       0.000
       0.000
       0.000
       0.000
       0.000
       0.000
       0.000
       0.000
       0.000
       0.000
       0.000
       0.000
       0.000
       0.000
       0.000
       0.000
       0.000
       0.000
       0.000
       0.000
       0.000
       0.000
       0.000
       0.000
       0.000
       0.000
       0.000
       0.000
       0.000
       0.000
       0.000
       0.000
       0.000
       0.000
       0.000
       0.000
       0.000
       0.000
       0.000
       0.000
       0.000
       0.000
       0.000
       0.000
       0.000
       0.000
       0.000
       0.000
       0.000
       0.000
       0.000
       0.000
       0.000
       0.000
     462.017
     447.208
     431.630
     415.250
     398.046
       0.000
       0.000
       0.000
       0.000
       0.000
       0.000
       0.000
       0.000
       0.000
       0.000
       0.000
       0.000
       0.000
       0.000
       0.000
       0.000
       0.000
       0.000
       0.000
       0.000
       0.000
       0.000
       0.000
       0.000
     486.320
     471.955
     456.814
     440.862
     424.072
       0.000
       0.000
       0.000
       0.000
       0.000
       0.000
       0.000
       0.000
       0.000
       0.000
       0.000
       0.000
       0.000
       0.000
       0.000
       0.000
       0.000
       0.000
       0.000
       0.000
       0.000
       0.000
       0.000
       0.000
     497.006
     482.331
     466.838
     450.494
       0.000
       0.000
       0.000
       0.000
       0.000
       0.000
       0.000
       0.000
       0.000
       0.000
       0.000
       0.000
       0.000
       0.000
       0.000
       0.000
       0.000
       0.000
       0.000
       0.000
       0.000
       0.000
       0.000
       0.000
     508.195
     493.194
     477.334
       0.000
       0.000
       0.000
       0.000
       0.000
       0.000
       0.000
       0.000
       0.000
       0.000
       0.000
       0.000
       0.000
       0.000
       0.000
       0.000
       0.000
       0.000
       0.000
       0.000
       0.000
       0.000
       0.000
     534.417
     519.946
     504.609
       0.000
       0.000
       0.000
       0.000
       0.000
       0.000
       0.000
       0.000
       0.000
       0.000
       0.000
       0.000
       0.000
       0.000
       0.000
       0.000
       0.000
       0.000
       0.000
       0.000
       0.000
       0.000
       0.000
     547.106
     532.336
       0.000
       0.000
       0.000
       0.000
       0.000
       0.000
       0.000
       0.000
       0.000
       0.000
       0.000
       0.000
       0.000
       0.000
       0.000
       0.000
       0.000
       0.000
       0.000
       0.000
       0.000
       0.000
     574.686
     560.530
       0.000
       0.000
       0.000
       0.000
       0.000
       0.000
       0.000
       0.000
       0.000
       0.000
       0.000
       0.000
       0.000
       0.000
       0.000
       0.000
       0.000
       0.000
       0.000
       0.000
       0.000
       0.000
     589.202
       0.000
       0.000
       0.000
       0.000
       0.000
       0.000
       0.000
       0.000
       0.000
       0.000
       0.000
       0.000
       0.000
       0.000
       0.000
       0.000
       0.000
       0.000
       0.000
       0.000
       0.000
       0.000
       0.000
       0.000
       0.000
       0.000
       0.000
       0.000
       0.000
       0.000
       0.000
       0.000
       0.000
       0.000
       0.000
       0.000
       0.000
       0.000
       0.000
       0.000
       0.000
       0.000
       0.000
       0.000
       0.000
       0.000
       0.000
       0.000
       0.000
       0.000
       0.000
       0.000
       0.000
       0.000
       0.000
       0.000
       0.000
       0.000
       0.000
       0.000
       0.000
       0.000
       0.000
       0.000
       0.000
       0.000
       0.000
       0.000
       0.000
       0.000
       0.000
       0.000
       0.000
       0.000
       0.000
       0.000
       0.000
       0.000
       0.000
       0.000
       0.000
       0.000
       0.000
       0.000
       0.000
       0.000
       0.000
       0.000
       0.000
       0.000
       0.000
       0.000
       0.000
       0.000
       0.000
       0.000
       0.000
       0.000
       0.000
       0.000
       0.000
       0.000
       0.000
       0.000
       0.000
       0.000
       0.000
       0.000
       0.000
       0.000
       0.000
       0.000
       0.000
       0.000
       0.000
       0.000
       0.000
       0.000
       0.000
       0.000
       0.000
       0.000
       0.000
       0.000
       0.000
       0.000
       0.000
       0.000
       0.000
       0.000
       0.000
       0.000
       0.000
       0.000
       0.000
       0.000
       0.000
       0.000
       0.000
       0.000
       0.000
       0.000
       0.000
       0.000
       0.000
       0.000
       0.000
       0.000
       0.000
       0.000
       0.000
       0.000
       0.000
       0.000
       0.000
       0.000
       0.000
       0.000
       0.000
       0.000
       0.000
       0.000
       0.000
       0.000
       0.000
       0.000
       0.000
       0.000
       0.000
       0.000
       0.000
       0.000
       0.000
       0.000
       0.000
       0.000
       0.000
       0.000
       0.000
       0.000
       0.000
       0.000
       0.000
       0.000
       0.000
       0.000
       0.000
       0.000
       0.000
       0.000
       0.000
       0.000
       0.000
       0.000
       0.000
       0.000
       0.000
       0.000
       0.000
       0.000
       0.000
       0.000
       0.000
       0.000
       0.000
       0.000
       0.000
       0.000
       0.000
       0.000
       0.000
       0.000
       0.000
       0.000
       0.000
       0.000
       0.000
       0.000
       0.000
       0.000
       0.000
       0.000
       0.000
       0.000
       0.000
       0.000
       0.000
       0.000
       0.000
       0.000
       0.000
       0.000
       0.000
       0.000
       0.000
       0.000
       0.000
       0.000
       0.000
       0.000
       0.000
       0.000
       0.000
       0.000
       0.000
       0.000
       0.000
       0.000
       0.000
       0.000
       0.000
       0.000
       0.000
       0.000
       0.000
       0.000
       0.000
       0.000
       0.000
       0.000
       0.000
       0.000
       0.000
       0.000
       0.000
       0.000
       0.000
       0.000
       0.000
       0.000
       0.000
       0.000
     462.188
     447.387
     431.817
     415.446
     398.249
       0.000
       0.000
       0.000
       0.000
       0.000
       0.000
       0.000
       0.000
       0.000
       0.000
       0.000
       0.000
       0.000
       0.000
       0.000
       0.000
       0.000
       0.000
       0.000
       0.000
       0.000
       0.000
       0.000
       0.000
     486.496
     472.139
     457.007
     441.065
     424.284
       0.000
       0.000
       0.000
       0.000
       0.000
       0.000
       0.000
       0.000
       0.000
       0.000
       0.000
       0.000
       0.000
       0.000
       0.000
       0.000
       0.000
       0.000
       0.000
       0.000
       0.000
       0.000
       0.000
       0.000
     497.196
     482.530
     467.048
     450.714
       0.000
       0.000
       0.000
       0.000
       0.000
       0.000
       0.000
       0.000
       0.000
       0.000
       0.000
       0.000
       0.000
       0.000
       0.000
       0.000
       0.000
       0.000
       0.000
       0.000
       0.000
       0.000
       0.000
       0.000
     508.399
     493.410
     477.561
       0.000
       0.000
       0.000
       0.000
       0.000
       0.000
       0.000
       0.000
       0.000
       0.000
       0.000
       0.000
       0.000
       0.000
       0.000
       0.000
       0.000
       0.000
       0.000
       0.000
       0.000
       0.000
       0.000
     534.626
     520.167
     504.842
       0.000
       0.000
       0.000
       0.000
       0.000
       0.000
       0.000
       0.000
       0.000
       0.000
       0.000
       0.000
       0.000
       0.000
       0.000
       0.000
       0.000
       0.000
       0.000
       0.000
       0.000
       0.000
       0.000
     547.332
     532.575
       0.000
       0.000
       0.000
       0.000
       0.000
       0.000
       0.000
       0.000
       0.000
       0.000
       0.000
       0.000
       0.000
       0.000
       0.000
       0.000
       0.000
       0.000
       0.000
       0.000
       0.000
       0.000
     574.916
     560.773
       0.000
       0.000
       0.000
       0.000
       0.000
       0.000
       0.000
       0.000
       0.000
       0.000
       0.000
       0.000
       0.000
       0.000
       0.000
       0.000
       0.000
       0.000
       0.000
       0.000
       0.000
       0.000
     589.449
       0.000
       0.000
       0.000
       0.000
       0.000
       0.000
       0.000
       0.000
       0.000
       0.000
       0.000
       0.000
       0.000
       0.000
       0.000
       0.000
       0.000
       0.000
       0.000
       0.000
       0.000
       0.000
       0.000
       0.000
       0.000
       0.000
       0.000
       0.000
       0.000
       0.000
       0.000
       0.000
       0.000
       0.000
       0.000
       0.000
       0.000
       0.000
       0.000
       0.000
       0.000
       0.000
       0.000
       0.000
       0.000
       0.000
       0.000
       0.000
       0.000
       0.000
       0.000
       0.000
       0.000
       0.000
       0.000
       0.000
       0.000
       0.000
       0.000
       0.000
       0.000
       0.000
       0.000
       0.000
       0.000
       0.000
       0.000
       0.000
       0.000
       0.000
       0.000
       0.000
       0.000
       0.000
       0.000
       0.000
       0.000
       0.000
       0.000
       0.000
       0.000
       0.000
       0.000
       0.000
       0.000
       0.000
       0.000
       0.000
       0.000
       0.000
       0.000
       0.000
       0.000
       0.000
       0.000
       0.000
       0.000
       0.000
       0.000
       0.000
       0.000
       0.000
       0.000
       0.000
       0.000
       0.000
       0.000
       0.000
       0.000
       0.000
       0.000
       0.000
       0.000
       0.000
       0.000
       0.000
       0.000
       0.000
       0.000
       0.000
       0.000
       0.000
       0.000
       0.000
       0.000
       0.000
       0.000
       0.000
       0.000
       0.000
       0.000
       0.000
       0.000
       0.000
       0.000
       0.000
       0.000
       0.000
       0.000
       0.000
       0.000
       0.000
       0.000
       0.000
       0.000
       0.000
       0.000
       0.000
       0.000
       0.000
       0.000
       0.000
       0.000
       0.000
       0.000
       0.000
       0.000
       0.000
       0.000
       0.000
       0.000
       0.000
       0.000
       0.000
       0.000
       0.000
       0.000
       0.000
       0.000
       0.000
       0.000
       0.000
       0.000
       0.000
       0.000
       0.000
       0.000
       0.000
       0.000
       0.000
       0.000
       0.000
       0.000
       0.000
       0.000
       0.000
       0.000
       0.000
       0.000
       0.000
       0.000
       0.000
       0.000
       0.000
       0.000
       0.000
       0.000
       0.000
       0.000
       0.000
       0.000
       0.000
       0.000
       0.000
       0.000
       0.000
       0.000
       0.000
       0.000
       0.000
       0.000
       0.000
       0.000
       0.000
       0.000
       0.000
       0.000
       0.000
       0.000
       0.000
       0.000
       0.000
       0.000
       0.000
       0.000
       0.000
       0.000
       0.000
       0.000
       0.000
       0.000
       0.000
       0.000
       0.000
       0.000
       0.000
       0.000
       0.000
       0.000
       0.000
       0.000
       0.000
       0.000
       0.000
       0.000
       0.000
       0.000
       0.000
       0.000
       0.000
       0.000
       0.000
       0.000
       0.000
       0.000
       0.000
       0.000
       0.000
       0.000
       0.000
       0.000
       0.000
       0.000
       0.000
       0.000
       0.000
       0.000
       0.000
       0.000
       0.000
       0.000
       0.000
     462.358
     447.566
     432.003
     415.640
     398.452
       0.000
       0.000
       0.000
       0.000
       0.000
       0.000
       0.000
       0.000
       0.000
       0.000
       0.000
       0.000
       0.000
       0.000
       0.000
       0.000
       0.000
       0.000
       0.000
       0.000
       0.000
       0.000
       0.000
       0.000
     486.671
     472.323
     457.200
     441.267
     424.495
       0.000
       0.000
       0.000
       0.000
       0.000
       0.000
       0.000
       0.000
       0.000
       0.000
       0.000
       0.000
       0.000
       0.000
       0.000
       0.000
       0.000
       0.000
       0.000
       0.000
       0.000
       0.000
       0.000
       0.000
     497.385
     482.729
     467.256
     450.933
       0.000
       0.000
       0.000
       0.000
       0.000
       0.000
       0.000
       0.000
       0.000
       0.000
       0.000
       0.000
       0.000
       0.000
       0.000
       0.000
       0.000
       0.000
       0.000
       0.000
       0.000
       0.000
       0.000
       0.000
     508.603
     493.625
     477.787
       0.000
       0.000
       0.000
       0.000
       0.000
       0.000
       0.000
       0.000
       0.000
       0.000
       0.000
       0.000
       0.000
       0.000
       0.000
       0.000
       0.000
       0.000
       0.000
       0.000
       0.000
       0.000
       0.000
     534.835
     520.387
     505.075
       0.000
       0.000
       0.000
       0.000
       0.000
       0.000
       0.000
       0.000
       0.000
       0.000
       0.000
       0.000
       0.000
       0.000
       0.000
       0.000
       0.000
       0.000
       0.000
       0.000
       0.000
       0.000
       0.000
     547.557
     532.813
       0.000
       0.000
       0.000
       0.000
       0.000
       0.000
       0.000
       0.000
       0.000
       0.000
       0.000
       0.000
       0.000
       0.000
       0.000
       0.000
       0.000
       0.000
       0.000
       0.000
       0.000
       0.000
     575.144
     561.016
       0.000
       0.000
       0.000
       0.000
       0.000
       0.000
       0.000
       0.000
       0.000
       0.000
       0.000
       0.000
       0.000
       0.000
       0.000
       0.000
       0.000
       0.000
       0.000
       0.000
       0.000
       0.000
     589.695
       0.000
       0.000
       0.000
       0.000
       0.000
       0.000
       0.000
       0.000
       0.000
       0.000
       0.000
       0.000
       0.000
       0.000
       0.000
       0.000
       0.000
       0.000
       0.000
       0.000
       0.000
       0.000
       0.000
       0.000
       0.000
       0.000
       0.000
       0.000
       0.000
       0.000
       0.000
       0.000
       0.000
       0.000
       0.000
       0.000
       0.000
       0.000
       0.000
       0.000
       0.000
       0.000
       0.000
       0.000
       0.000
       0.000
       0.000
       0.000
       0.000
       0.000
       0.000
       0.000
       0.000
       0.000
       0.000
       0.000
       0.000
       0.000
       0.000
       0.000
       0.000
       0.000
       0.000
       0.000
       0.000
       0.000
       0.000
       0.000
       0.000
       0.000
       0.000
       0.000
       0.000
       0.000
       0.000
       0.000
       0.000
       0.000
       0.000
       0.000
       0.000
       0.000
       0.000
       0.000
       0.000
       0.000
       0.000
       0.000
       0.000
       0.000
       0.000
       0.000
       0.000
       0.000
       0.000
       0.000
       0.000
       0.000
       0.000
       0.000
       0.000
       0.000
       0.000
       0.000
       0.000
       0.000
       0.000
       0.000
       0.000
       0.000
       0.000
       0.000
       0.000
       0.000
       0.000
       0.000
       0.000
       0.000
       0.000
       0.000
       0.000
       0.000
       0.000
       0.000
       0.000
       0.000
       0.000
       0.000
       0.000
       0.000
       0.000
       0.000
       0.000
       0.000
       0.000
       0.000
       0.000
       0.000
       0.000
       0.000
       0.000
       0.000
       0.000
       0.000
       0.000
       0.000
       0.000
       0.000
       0.000
       0.000
       0.000
       0.000
       0.000
       0.000
       0.000
       0.000
       0.000
       0.000
       0.000
       0.000
       0.000
       0.000
       0.000
       0.000
       0.000
       0.000
       0.000
       0.000
       0.000
       0.000
       0.000
       0.000
       0.000
       0.000
       0.000
       0.000
       0.000
       0.000
       0.000
       0.000
       0.000
       0.000
       0.000
       0.000
       0.000
       0.000
       0.000
       0.000
       0.000
       0.000
       0.000
       0.000
       0.000
       0.000
       0.000
       0.000
       0.000
       0.000
       0.000
       0.000
       0.000
       0.000
       0.000
       0.000
       0.000
       0.000
       0.000
       0.000
       0.000
       0.000
       0.000
       0.000
       0.000
       0.000
       0.000
       0.000
       0.000
       0.000
       0.000
       0.000
       0.000
       0.000
       0.000
       0.000
       0.000
       0.000
       0.000
       0.000
       0.000
       0.000
       0.000
       0.000
       0.000
       0.000
       0.000
       0.000
       0.000
       0.000
       0.000
       0.000
       0.000
       0.000
       0.000
       0.000
       0.000
       0.000
       0.000
       0.000
       0.000
       0.000
       0.000
       0.000
       0.000
       0.000
       0.000
       0.000
       0.000
       0.000
       0.000
       0.000
       0.000
       0.000
       0.000
       0.000
       0.000
       0.000
       0.000
       0.000
       0.000
       0.000
       0.000
       0.000
     462.528
     447.744
     432.189
     415.834
     398.654
       0.000
       0.000
       0.000
       0.000
       0.000
       0.000
       0.000
       0.000
       0.000
       0.000
       0.000
       0.000
       0.000
       0.000
       0.000
       0.000
       0.000
       0.000
       0.000
       0.000
       0.000
       0.000
       0.000
       0.000
     486.846
     472.507
     457.392
     441.469
     424.706
       0.000
       0.000
       0.000
       0.000
       0.000
       0.000
       0.000
       0.000
       0.000
       0.000
       0.000
       0.000
       0.000
       0.000
       0.000
       0.000
       0.000
       0.000
       0.000
       0.000
       0.000
       0.000
       0.000
       0.000
     497.573
     482.927
     467.465
     451.152
       0.000
       0.000
       0.000
       0.000
       0.000
       0.000
       0.000
       0.000
       0.000
       0.000
       0.000
       0.000
       0.000
       0.000
       0.000
       0.000
       0.000
       0.000
       0.000
       0.000
       0.000
       0.000
       0.000
       0.000
     508.806
     493.839
     478.013
       0.000
       0.000
       0.000
       0.000
       0.000
       0.000
       0.000
       0.000
       0.000
       0.000
       0.000
       0.000
       0.000
       0.000
       0.000
       0.000
       0.000
       0.000
       0.000
       0.000
       0.000
       0.000
       0.000
     535.043
     520.607
     505.307
       0.000
       0.000
       0.000
       0.000
       0.000
       0.000
       0.000
       0.000
       0.000
       0.000
       0.000
       0.000
       0.000
       0.000
       0.000
       0.000
       0.000
       0.000
       0.000
       0.000
       0.000
       0.000
       0.000
     547.781
     533.050
       0.000
       0.000
       0.000
       0.000
       0.000
       0.000
       0.000
       0.000
       0.000
       0.000
       0.000
       0.000
       0.000
       0.000
       0.000
       0.000
       0.000
       0.000
       0.000
       0.000
       0.000
       0.000
     575.372
     561.258
       0.000
       0.000
       0.000
       0.000
       0.000
       0.000
       0.000
       0.000
       0.000
       0.000
       0.000
       0.000
       0.000
       0.000
       0.000
       0.000
       0.000
       0.000
       0.000
       0.000
       0.000
       0.000
     589.941
       0.000
       0.000
       0.000
       0.000
       0.000
       0.000
       0.000
       0.000
       0.000
       0.000
       0.000
       0.000
       0.000
       0.000
       0.000
       0.000
       0.000
       0.000
       0.000
       0.000
       0.000
       0.000
       0.000
       0.000
       0.000
       0.000
       0.000
       0.000
       0.000
       0.000
       0.000
       0.000
       0.000
       0.000
       0.000
       0.000
       0.000
       0.000
       0.000
       0.000
       0.000
       0.000
       0.000
       0.000
       0.000
       0.000
       0.000
       0.000
       0.000
       0.000
       0.000
       0.000
       0.000
       0.000
       0.000
       0.000
       0.000
       0.000
       0.000
       0.000
       0.000
       0.000
       0.000
       0.000
       0.000
       0.000
       0.000
       0.000
       0.000
       0.000
       0.000
       0.000
       0.000
       0.000
       0.000
       0.000
       0.000
       0.000
       0.000
       0.000
       0.000
       0.000
       0.000
       0.000
       0.000
       0.000
       0.000
       0.000
       0.000
       0.000
       0.000
       0.000
       0.000
       0.000
       0.000
       0.000
       0.000
       0.000
       0.000
       0.000
       0.000
       0.000
       0.000
       0.000
       0.000
       0.000
       0.000
       0.000
       0.000
       0.000
       0.000
       0.000
       0.000
       0.000
       0.000
       0.000
       0.000
       0.000
       0.000
       0.000
       0.000
       0.000
       0.000
       0.000
       0.000
       0.000
       0.000
       0.000
       0.000
       0.000
       0.000
       0.000
       0.000
       0.000
       0.000
       0.000
       0.000
       0.000
       0.000
       0.000
       0.000
       0.000
       0.000
       0.000
       0.000
       0.000
       0.000
       0.000
       0.000
       0.000
       0.000
       0.000
       0.000
       0.000
       0.000
       0.000
       0.000
       0.000
       0.000
       0.000
       0.000
       0.000
       0.000
       0.000
       0.000
       0.000
       0.000
       0.000
       0.000
       0.000
       0.000
       0.000
       0.000
       0.000
       0.000
       0.000
       0.000
       0.000
       0.000
       0.000
       0.000
       0.000
       0.000
       0.000
       0.000
       0.000
       0.000
       0.000
       0.000
       0.000
       0.000
       0.000
       0.000
       0.000
       0.000
       0.000
       0.000
       0.000
       0.000
       0.000
       0.000
       0.000
       0.000
       0.000
       0.000
       0.000
       0.000
       0.000
       0.000
       0.000
       0.000
       0.000
       0.000
       0.000
       0.000
       0.000
       0.000
       0.000
       0.000
       0.000
       0.000
       0.000
       0.000
       0.000
       0.000
       0.000
       0.000
       0.000
       0.000
       0.000
       0.000
       0.000
       0.000
       0.000
       0.000
       0.000
       0.000
       0.000
       0.000
       0.000
       0.000
       0.000
       0.000
       0.000
       0.000
       0.000
       0.000
       0.000
       0.000
       0.000
       0.000
       0.000
       0.000
       0.000
       0.000
       0.000
       0.000
       0.000
       0.000
       0.000
       0.000
       0.000
       0.000
       0.000
       0.000
       0.000
       0.000
       0.000
       0.000
       0.000
       0.000
       0.000
     462.698
     447.921
     432.374
     416.028
     398.856
       0.000
       0.000
       0.000
       0.000
       0.000
       0.000
       0.000
       0.000
       0.000
       0.000
       0.000
       0.000
       0.000
       0.000
       0.000
       0.000
       0.000
       0.000
       0.000
       0.000
       0.000
       0.000
       0.000
       0.000
     487.021
     472.690
     457.584
     441.670
     424.916
       0.000
       0.000
       0.000
       0.000
       0.000
       0.000
       0.000
       0.000
       0.000
       0.000
       0.000
       0.000
       0.000
       0.000
       0.000
       0.000
       0.000
       0.000
       0.000
       0.000
       0.000
       0.000
       0.000
       0.000
     497.761
     483.124
     467.672
     451.370
       0.000
       0.000
       0.000
       0.000
       0.000
       0.000
       0.000
       0.000
       0.000
       0.000
       0.000
       0.000
       0.000
       0.000
       0.000
       0.000
       0.000
       0.000
       0.000
       0.000
       0.000
       0.000
       0.000
       0.000
     509.009
     494.053
     478.238
       0.000
       0.000
       0.000
       0.000
       0.000
       0.000
       0.000
       0.000
       0.000
       0.000
       0.000
       0.000
       0.000
       0.000
       0.000
       0.000
       0.000
       0.000
       0.000
       0.000
       0.000
       0.000
       0.000
     535.250
     520.826
     505.538
       0.000
       0.000
       0.000
       0.000
       0.000
       0.000
       0.000
       0.000
       0.000
       0.000
       0.000
       0.000
       0.000
       0.000
       0.000
       0.000
       0.000
       0.000
       0.000
       0.000
       0.000
       0.000
       0.000
     548.005
     533.287
       0.000
       0.000
       0.000
       0.000
       0.000
       0.000
       0.000
       0.000
       0.000
       0.000
       0.000
       0.000
       0.000
       0.000
       0.000
       0.000
       0.000
       0.000
       0.000
       0.000
       0.000
       0.000
     575.600
     561.499
       0.000
       0.000
       0.000
       0.000
       0.000
       0.000
       0.000
       0.000
       0.000
       0.000
       0.000
       0.000
       0.000
       0.000
       0.000
       0.000
       0.000
       0.000
       0.000
       0.000
       0.000
       0.000
     590.186
       0.000
       0.000
       0.000
       0.000
       0.000
       0.000
       0.000
       0.000
       0.000
       0.000
       0.000
       0.000
       0.000
       0.000
       0.000
       0.000
       0.000
       0.000
       0.000
       0.000
       0.000
       0.000
       0.000
       0.000
       0.000
       0.000
       0.000
       0.000
       0.000
       0.000
       0.000
       0.000
       0.000
       0.000
       0.000
       0.000
       0.000
       0.000
       0.000
       0.000
       0.000
       0.000
       0.000
       0.000
       0.000
       0.000
       0.000
       0.000
       0.000
       0.000
       0.000
       0.000
       0.000
       0.000
       0.000
       0.000
       0.000
       0.000
       0.000
       0.000
       0.000
       0.000
       0.000
       0.000
       0.000
       0.000
       0.000
       0.000
       0.000
       0.000
       0.000
       0.000
       0.000
       0.000
       0.000
       0.000
       0.000
       0.000
       0.000
       0.000
       0.000
       0.000
       0.000
       0.000
       0.000
       0.000
       0.000
       0.000
       0.000
       0.000
       0.000
       0.000
       0.000
       0.000
       0.000
       0.000
       0.000
       0.000
       0.000
       0.000
       0.000
       0.000
       0.000
       0.000
       0.000
       0.000
       0.000
       0.000
       0.000
       0.000
       0.000
       0.000
       0.000
       0.000
       0.000
       0.000
       0.000
       0.000
       0.000
       0.000
       0.000
       0.000
       0.000
       0.000
       0.000
       0.000
       0.000
       0.000
       0.000
       0.000
       0.000
       0.000
       0.000
       0.000
       0.000
       0.000
       0.000
       0.000
       0.000
       0.000
       0.000
       0.000
       0.000
       0.000
       0.000
       0.000
       0.000
       0.000
       0.000
       0.000
       0.000
       0.000
       0.000
       0.000
       0.000
       0.000
       0.000
       0.000
       0.000
       0.000
       0.000
       0.000
       0.000
       0.000
       0.000
       0.000
       0.000
       0.000
       0.000
       0.000
       0.000
       0.000
       0.000
       0.000
       0.000
       0.000
       0.000
       0.000
       0.000
       0.000
       0.000
       0.000
       0.000
       0.000
       0.000
       0.000
       0.000
       0.000
       0.000
       0.000
       0.000
       0.000
       0.000
       0.000
       0.000
       0.000
       0.000
       0.000
       0.000
       0.000
       0.000
       0.000
       0.000
       0.000
       0.000
       0.000
       0.000
       0.000
       0.000
       0.000
       0.000
       0.000
       0.000
       0.000
       0.000
       0.000
       0.000
       0.000
       0.000
       0.000
       0.000
       0.000
       0.000
       0.000
       0.000
       0.000
       0.000
       0.000
       0.000
       0.000
       0.000
       0.000
       0.000
       0.000
       0.000
       0.000
       0.000
       0.000
       0.000
       0.000
       0.000
       0.000
       0.000
       0.000
       0.000
       0.000
       0.000
       0.000
       0.000
       0.000
       0.000
       0.000
       0.000
       0.000
       0.000
       0.000
       0.000
       0.000
       0.000
       0.000
       0.000
       0.000
       0.000
       0.000
       0.000
       0.000
       0.000
       0.000
       0.000
       0.000
       0.000
       0.000
     462.867
     448.098
     432.559
     416.221
     399.057
       0.000
       0.000
       0.000
       0.000
       0.000
       0.000
       0.000
       0.000
       0.000
       0.000
       0.000
       0.000
       0.000
       0.000
       0.000
       0.000
       0.000
       0.000
       0.000
       0.000
       0.000
       0.000
       0.000
       0.000
     487.195
     472.872
     457.775
     441.870
     425.126
       0.000
       0.000
       0.000
       0.000
       0.000
       0.000
       0.000
       0.000
       0.000
       0.000
       0.000
       0.000
       0.000
       0.000
       0.000
       0.000
       0.000
       0.000
       0.000
       0.000
       0.000
       0.000
       0.000
       0.000
     497.949
     483.322
     467.880
     451.588
       0.000
       0.000
       0.000
       0.000
       0.000
       0.000
       0.000
       0.000
       0.000
       0.000
       0.000
       0.000
       0.000
       0.000
       0.000
       0.000
       0.000
       0.000
       0.000
       0.000
       0.000
       0.000
       0.000
       0.000
     509.212
     494.266
     478.462
       0.000
       0.000
       0.000
       0.000
       0.000
       0.000
       0.000
       0.000
       0.000
       0.000
       0.000
       0.000
       0.000
       0.000
       0.000
       0.000
       0.000
       0.000
       0.000
       0.000
       0.000
       0.000
       0.000
     535.457
     521.044
     505.769
       0.000
       0.000
       0.000
       0.000
       0.000
       0.000
       0.000
       0.000
       0.000
       0.000
       0.000
       0.000
       0.000
       0.000
       0.000
       0.000
       0.000
       0.000
       0.000
       0.000
       0.000
       0.000
       0.000
     548.228
     533.523
       0.000
       0.000
       0.000
       0.000
       0.000
       0.000
       0.000
       0.000
       0.000
       0.000
       0.000
       0.000
       0.000
       0.000
       0.000
       0.000
       0.000
       0.000
       0.000
       0.000
       0.000
       0.000
     575.827
     561.740
       0.000
       0.000
       0.000
       0.000
       0.000
       0.000
       0.000
       0.000
       0.000
       0.000
       0.000
       0.000
       0.000
       0.000
       0.000
       0.000
       0.000
       0.000
       0.000
       0.000
       0.000
       0.000
     590.430
       0.000
       0.000
       0.000
       0.000
       0.000
       0.000
       0.000
       0.000
       0.000
       0.000
       0.000
       0.000
       0.000
       0.000
       0.000
       0.000
       0.000
       0.000
       0.000
       0.000
       0.000
       0.000
       0.000
       0.000
       0.000
       0.000
       0.000
       0.000
       0.000
       0.000
       0.000
       0.000
       0.000
       0.000
       0.000
       0.000
       0.000
       0.000
       0.000
       0.000
       0.000
       0.000
       0.000
       0.000
       0.000
       0.000
       0.000
       0.000
       0.000
       0.000
       0.000
       0.000
       0.000
       0.000
       0.000
       0.000
       0.000
       0.000
       0.000
       0.000
       0.000
       0.000
       0.000
       0.000
       0.000
       0.000
       0.000
       0.000
       0.000
       0.000
       0.000
       0.000
       0.000
       0.000
       0.000
       0.000
       0.000
       0.000
       0.000
       0.000
       0.000
       0.000
       0.000
       0.000
       0.000
       0.000
       0.000
       0.000
       0.000
       0.000
       0.000
       0.000
       0.000
       0.000
       0.000
       0.000
       0.000
       0.000
       0.000
       0.000
       0.000
       0.000
       0.000
       0.000
       0.000
       0.000
       0.000
       0.000
       0.000
       0.000
       0.000
       0.000
       0.000
       0.000
       0.000
       0.000
       0.000
       0.000
       0.000
       0.000
       0.000
       0.000
       0.000
       0.000
       0.000
       0.000
       0.000
       0.000
       0.000
       0.000
       0.000
       0.000
       0.000
       0.000
       0.000
       0.000
       0.000
       0.000
       0.000
       0.000
       0.000
       0.000
       0.000
       0.000
       0.000
       0.000
       0.000
       0.000
       0.000
       0.000
       0.000
       0.000
       0.000
       0.000
       0.000
       0.000
       0.000
       0.000
       0.000
       0.000
       0.000
       0.000
       0.000
       0.000
       0.000
       0.000
       0.000
       0.000
       0.000
       0.000
       0.000
       0.000
       0.000
       0.000
       0.000
       0.000
       0.000
       0.000
       0.000
       0.000
       0.000
       0.000
       0.000
       0.000
       0.000
       0.000
       0.000
       0.000
       0.000
       0.000
       0.000
       0.000
       0.000
       0.000
       0.000
       0.000
       0.000
       0.000
       0.000
       0.000
       0.000
       0.000
       0.000
       0.000
       0.000
       0.000
       0.000
       0.000
       0.000
       0.000
       0.000
       0.000
       0.000
       0.000
       0.000
       0.000
       0.000
       0.000
       0.000
       0.000
       0.000
       0.000
       0.000
       0.000
       0.000
       0.000
       0.000
       0.000
       0.000
       0.000
       0.000
       0.000
       0.000
       0.000
       0.000
       0.000
       0.000
       0.000
       0.000
       0.000
       0.000
       0.000
       0.000
       0.000
       0.000
       0.000
       0.000
       0.000
       0.000
       0.000
       0.000
       0.000
       0.000
       0.000
       0.000
       0.000
       0.000
       0.000
       0.000
       0.000
       0.000
       0.000
       0.000
       0.000
       0.000
       0.000
       0.000
       0.000
       0.000
       0.000
       0.000
       0.000
     463.036
     448.274
     432.744
     416.414
     399.258
       0.000
       0.000
       0.000
       0.000
       0.000
       0.000
       0.000
       0.000
       0.000
       0.000
       0.000
       0.000
       0.000
       0.000
       0.000
       0.000
       0.000
       0.000
       0.000
       0.000
       0.000
       0.000
       0.000
       0.000
     487.369
     473.054
     457.966
     442.070
     425.335
       0.000
       0.000
       0.000
       0.000
       0.000
       0.000
       0.000
       0.000
       0.000
       0.000
       0.000
       0.000
       0.000
       0.000
       0.000
       0.000
       0.000
       0.000
       0.000
       0.000
       0.000
       0.000
       0.000
       0.000
     498.136
     483.518
     468.086
     451.805
       0.000
       0.000
       0.000
       0.000
       0.000
       0.000
       0.000
       0.000
       0.000
       0.000
       0.000
       0.000
       0.000
       0.000
       0.000
       0.000
       0.000
       0.000
       0.000
       0.000
       0.000
       0.000
       0.000
       0.000
     509.414
     494.479
     478.686
       0.000
       0.000
       0.000
       0.000
       0.000
       0.000
       0.000
       0.000
       0.000
       0.000
       0.000
       0.000
       0.000
       0.000
       0.000
       0.000
       0.000
       0.000
       0.000
       0.000
       0.000
       0.000
       0.000
     535.664
     521.262
     505.999
       0.000
       0.000
       0.000
       0.000
       0.000
       0.000
       0.000
       0.000
       0.000
       0.000
       0.000
       0.000
       0.000
       0.000
       0.000
       0.000
       0.000
       0.000
       0.000
       0.000
       0.000
       0.000
       0.000
     548.450
     533.759
       0.000
       0.000
       0.000
       0.000
       0.000
       0.000
       0.000
       0.000
       0.000
       0.000
       0.000
       0.000
       0.000
       0.000
       0.000
       0.000
       0.000
       0.000
       0.000
       0.000
       0.000
       0.000
     576.053
     561.980
       0.000
       0.000
       0.000
       0.000
       0.000
       0.000
       0.000
       0.000
       0.000
       0.000
       0.000
       0.000
       0.000
       0.000
       0.000
       0.000
       0.000
       0.000
       0.000
       0.000
       0.000
       0.000
     590.674
       0.000
       0.000
       0.000
       0.000
       0.000
       0.000
       0.000
       0.000
       0.000
       0.000
       0.000
       0.000
       0.000
       0.000
       0.000
       0.000
       0.000
       0.000
       0.000
       0.000
       0.000
       0.000
       0.000
       0.000
       0.000
       0.000
       0.000
       0.000
       0.000
       0.000
       0.000
       0.000
       0.000
       0.000
       0.000
       0.000
       0.000
       0.000
       0.000
       0.000
       0.000
       0.000
       0.000
       0.000
       0.000
       0.000
       0.000
       0.000
       0.000
       0.000
       0.000
       0.000
       0.000
       0.000
       0.000
       0.000
       0.000
       0.000
       0.000
       0.000
       0.000
       0.000
       0.000
       0.000
       0.000
       0.000
       0.000
       0.000
       0.000
       0.000
       0.000
       0.000
       0.000
       0.000
       0.000
       0.000
       0.000
       0.000
       0.000
       0.000
       0.000
       0.000
       0.000
       0.000
       0.000
       0.000
       0.000
       0.000
       0.000
       0.000
       0.000
       0.000
       0.000
       0.000
       0.000
       0.000
       0.000
       0.000
       0.000
       0.000
       0.000
       0.000
       0.000
       0.000
       0.000
       0.000
       0.000
       0.000
       0.000
       0.000
       0.000
       0.000
       0.000
       0.000
       0.000
       0.000
       0.000
       0.000
       0.000
       0.000
       0.000
       0.000
       0.000
       0.000
       0.000
       0.000
       0.000
       0.000
       0.000
       0.000
       0.000
       0.000
       0.000
       0.000
       0.000
       0.000
       0.000
       0.000
       0.000
       0.000
       0.000
       0.000
       0.000
       0.000
       0.000
       0.000
       0.000
       0.000
       0.000
       0.000
       0.000
       0.000
       0.000
       0.000
       0.000
       0.000
       0.000
       0.000
       0.000
       0.000
       0.000
       0.000
       0.000
       0.000
       0.000
       0.000
       0.000
       0.000
       0.000
       0.000
       0.000
       0.000
       0.000
       0.000
       0.000
       0.000
       0.000
       0.000
       0.000
       0.000
       0.000
       0.000
       0.000
       0.000
       0.000
       0.000
       0.000
       0.000
       0.000
       0.000
       0.000
       0.000
       0.000
       0.000
       0.000
       0.000
       0.000
       0.000
       0.000
       0.000
       0.000
       0.000
       0.000
       0.000
       0.000
       0.000
       0.000
       0.000
       0.000
       0.000
       0.000
       0.000
       0.000
       0.000
       0.000
       0.000
       0.000
       0.000
       0.000
       0.000
       0.000
       0.000
       0.000
       0.000
       0.000
       0.000
       0.000
       0.000
       0.000
       0.000
       0.000
       0.000
       0.000
       0.000
       0.000
       0.000
       0.000
       0.000
       0.000
       0.000
       0.000
       0.000
       0.000
       0.000
       0.000
       0.000
       0.000
       0.000
       0.000
       0.000
       0.000
       0.000
       0.000
       0.000
       0.000
       0.000
       0.000
       0.000
       0.000
       0.000
       0.000
       0.000
       0.000
       0.000
       0.000
       0.000
       0.000
       0.000
       0.000
       0.000
       0.000
       0.000
     463.204
     448.450
     432.928
     416.606
     399.458
       0.000
       0.000
       0.000
       0.000
       0.000
       0.000
       0.000
       0.000
       0.000
       0.000
       0.000
       0.000
       0.000
       0.000
       0.000
       0.000
       0.000
       0.000
       0.000
       0.000
       0.000
       0.000
       0.000
       0.000
     487.542
     473.236
     458.157
     442.269
     425.544
       0.000
       0.000
       0.000
       0.000
       0.000
       0.000
       0.000
       0.000
       0.000
       0.000
       0.000
       0.000
       0.000
       0.000
       0.000
       0.000
       0.000
       0.000
       0.000
       0.000
       0.000
       0.000
       0.000
       0.000
     498.323
     483.714
     468.292
     452.021
       0.000
       0.000
       0.000
       0.000
       0.000
       0.000
       0.000
       0.000
       0.000
       0.000
       0.000
       0.000
       0.000
       0.000
       0.000
       0.000
       0.000
       0.000
       0.000
       0.000
       0.000
       0.000
       0.000
       0.000
     509.615
     494.691
     478.909
       0.000
       0.000
       0.000
       0.000
       0.000
       0.000
       0.000
       0.000
       0.000
       0.000
       0.000
       0.000
       0.000
       0.000
       0.000
       0.000
       0.000
       0.000
       0.000
       0.000
       0.000
       0.000
       0.000
     535.870
     521.480
     506.228
       0.000
       0.000
       0.000
       0.000
       0.000
       0.000
       0.000
       0.000
       0.000
       0.000
       0.000
       0.000
       0.000
       0.000
       0.000
       0.000
       0.000
       0.000
       0.000
       0.000
       0.000
       0.000
       0.000
     548.672
     533.993
       0.000
       0.000
       0.000
       0.000
       0.000
       0.000
       0.000
       0.000
       0.000
       0.000
       0.000
       0.000
       0.000
       0.000
       0.000
       0.000
       0.000
       0.000
       0.000
       0.000
       0.000
       0.000
     576.279
     562.219
       0.000
       0.000
       0.000
       0.000
       0.000
       0.000
       0.000
       0.000
       0.000
       0.000
       0.000
       0.000
       0.000
       0.000
       0.000
       0.000
       0.000
       0.000
       0.000
       0.000
       0.000
       0.000
     590.917
       0.000
       0.000
       0.000
       0.000
       0.000
       0.000
       0.000
       0.000
       0.000
       0.000
       0.000
       0.000
       0.000
       0.000
       0.000
       0.000
       0.000
       0.000
       0.000
       0.000
       0.000
       0.000
       0.000
       0.000
       0.000
       0.000
       0.000
       0.000
       0.000
       0.000
       0.000
       0.000
       0.000
       0.000
       0.000
       0.000
       0.000
       0.000
       0.000
       0.000
       0.000
       0.000
       0.000
       0.000
       0.000
       0.000
       0.000
       0.000
       0.000
       0.000
       0.000
       0.000
       0.000
       0.000
       0.000
       0.000
       0.000
       0.000
       0.000
       0.000
       0.000
       0.000
       0.000
       0.000
       0.000
       0.000
       0.000
       0.000
       0.000
       0.000
       0.000
       0.000
       0.000
       0.000
       0.000
       0.000
       0.000
       0.000
       0.000
       0.000
       0.000
       0.000
       0.000
       0.000
       0.000
       0.000
       0.000
       0.000
       0.000
       0.000
       0.000
       0.000
       0.000
       0.000
       0.000
       0.000
       0.000
       0.000
       0.000
       0.000
       0.000
       0.000
       0.000
       0.000
       0.000
       0.000
       0.000
       0.000
       0.000
       0.000
       0.000
       0.000
       0.000
       0.000
       0.000
       0.000
       0.000
       0.000
       0.000
       0.000
       0.000
       0.000
       0.000
       0.000
       0.000
       0.000
       0.000
       0.000
       0.000
       0.000
       0.000
       0.000
       0.000
       0.000
       0.000
       0.000
       0.000
       0.000
       0.000
       0.000
       0.000
       0.000
       0.000
       0.000
       0.000
       0.000
       0.000
       0.000
       0.000
       0.000
       0.000
       0.000
       0.000
       0.000
       0.000
       0.000
       0.000
       0.000
       0.000
       0.000
       0.000
       0.000
       0.000
       0.000
       0.000
       0.000
       0.000
       0.000
       0.000
       0.000
       0.000
       0.000
       0.000
       0.000
       0.000
       0.000
       0.000
       0.000
       0.000
       0.000
       0.000
       0.000
       0.000
       0.000
       0.000
       0.000
       0.000
       0.000
       0.000
       0.000
       0.000
       0.000
       0.000
       0.000
       0.000
       0.000
       0.000
       0.000
       0.000
       0.000
       0.000
       0.000
       0.000
       0.000
       0.000
       0.000
       0.000
       0.000
       0.000
       0.000
       0.000
       0.000
       0.000
       0.000
       0.000
       0.000
       0.000
       0.000
       0.000
       0.000
       0.000
       0.000
       0.000
       0.000
       0.000
       0.000
       0.000
       0.000
       0.000
       0.000
       0.000
       0.000
       0.000
       0.000
       0.000
       0.000
       0.000
       0.000
       0.000
       0.000
       0.000
       0.000
       0.000
       0.000
       0.000
       0.000
       0.000
       0.000
       0.000
       0.000
       0.000
       0.000
       0.000
       0.000
       0.000
       0.000
       0.000
       0.000
       0.000
       0.000
       0.000
       0.000
       0.000
       0.000
       0.000
       0.000
       0.000
       0.000
       0.000
       0.000
       0.000
       0.000
     463.372
     448.626
     433.111
     416.797
     399.657
       0.000
       0.000
       0.000
       0.000
       0.000
       0.000
       0.000
       0.000
       0.000
       0.000
       0.000
       0.000
       0.000
       0.000
       0.000
       0.000
       0.000
       0.000
       0.000
       0.000
       0.000
       0.000
       0.000
       0.000
     487.715
     473.417
     458.346
     442.468
     425.752
       0.000
       0.000
       0.000
       0.000
       0.000
       0.000
       0.000
       0.000
       0.000
       0.000
       0.000
       0.000
       0.000
       0.000
       0.000
       0.000
       0.000
       0.000
       0.000
       0.000
       0.000
       0.000
       0.000
       0.000
     498.509
     483.910
     468.498
     452.236
       0.000
       0.000
       0.000
       0.000
       0.000
       0.000
       0.000
       0.000
       0.000
       0.000
       0.000
       0.000
       0.000
       0.000
       0.000
       0.000
       0.000
       0.000
       0.000
       0.000
       0.000
       0.000
       0.000
       0.000
     509.816
     494.902
     479.132
       0.000
       0.000
       0.000
       0.000
       0.000
       0.000
       0.000
       0.000
       0.000
       0.000
       0.000
       0.000
       0.000
       0.000
       0.000
       0.000
       0.000
       0.000
       0.000
       0.000
       0.000
       0.000
       0.000
     536.075
     521.697
     506.457
       0.000
       0.000
       0.000
       0.000
       0.000
       0.000
       0.000
       0.000
       0.000
       0.000
       0.000
       0.000
       0.000
       0.000
       0.000
       0.000
       0.000
       0.000
       0.000
       0.000
       0.000
       0.000
       0.000
     548.893
     534.228
       0.000
       0.000
       0.000
       0.000
       0.000
       0.000
       0.000
       0.000
       0.000
       0.000
       0.000
       0.000
       0.000
       0.000
       0.000
       0.000
       0.000
       0.000
       0.000
       0.000
       0.000
       0.000
     576.504
     562.458
       0.000
       0.000
       0.000
       0.000
       0.000
       0.000
       0.000
       0.000
       0.000
       0.000
       0.000
       0.000
       0.000
       0.000
       0.000
       0.000
       0.000
       0.000
       0.000
       0.000
       0.000
       0.000
     591.159
       0.000
       0.000
       0.000
       0.000
       0.000
       0.000
       0.000
       0.000
       0.000
       0.000
       0.000
       0.000
       0.000
       0.000
       0.000
       0.000
       0.000
       0.000
       0.000
       0.000
       0.000
       0.000
       0.000
       0.000
       0.000
       0.000
       0.000
       0.000
       0.000
       0.000
       0.000
       0.000
       0.000
       0.000
       0.000
       0.000
       0.000
       0.000
       0.000
       0.000
       0.000
       0.000
       0.000
       0.000
       0.000
       0.000
       0.000
       0.000
       0.000
       0.000
       0.000
       0.000
       0.000
       0.000
       0.000
       0.000
       0.000
       0.000
       0.000
       0.000
       0.000
       0.000
       0.000
       0.000
       0.000
       0.000
       0.000
       0.000
       0.000
       0.000
       0.000
       0.000
       0.000
       0.000
       0.000
       0.000
       0.000
       0.000
       0.000
       0.000
       0.000
       0.000
       0.000
       0.000
       0.000
       0.000
       0.000
       0.000
       0.000
       0.000
       0.000
       0.000
       0.000
       0.000
       0.000
       0.000
       0.000
       0.000
       0.000
       0.000
       0.000
       0.000
       0.000
       0.000
       0.000
       0.000
       0.000
       0.000
       0.000
       0.000
       0.000
       0.000
       0.000
       0.000
       0.000
       0.000
       0.000
       0.000
       0.000
       0.000
       0.000
       0.000
       0.000
       0.000
       0.000
       0.000
       0.000
       0.000
       0.000
       0.000
       0.000
       0.000
       0.000
       0.000
       0.000
       0.000
       0.000
       0.000
       0.000
       0.000
       0.000
       0.000
       0.000
       0.000
       0.000
       0.000
       0.000
       0.000
       0.000
       0.000
       0.000
       0.000
       0.000
       0.000
       0.000
       0.000
       0.000
       0.000
       0.000
       0.000
       0.000
       0.000
       0.000
       0.000
       0.000
       0.000
       0.000
       0.000
       0.000
       0.000
       0.000
       0.000
       0.000
       0.000
       0.000
       0.000
       0.000
       0.000
       0.000
       0.000
       0.000
       0.000
       0.000
       0.000
       0.000
       0.000
       0.000
       0.000
       0.000
       0.000
       0.000
       0.000
       0.000
       0.000
       0.000
       0.000
       0.000
       0.000
       0.000
       0.000
       0.000
       0.000
       0.000
       0.000
       0.000
       0.000
       0.000
       0.000
       0.000
       0.000
       0.000
       0.000
       0.000
       0.000
       0.000
       0.000
       0.000
       0.000
       0.000
       0.000
       0.000
       0.000
       0.000
       0.000
       0.000
       0.000
       0.000
       0.000
       0.000
       0.000
       0.000
       0.000
       0.000
       0.000
       0.000
       0.000
       0.000
       0.000
       0.000
       0.000
       0.000
       0.000
       0.000
       0.000
       0.000
       0.000
       0.000
       0.000
       0.000
       0.000
       0.000
       0.000
       0.000
       0.000
       0.000
       0.000
       0.000
       0.000
       0.000
       0.000
       0.000
       0.000
       0.000
       0.000
       0.000
       0.000
       0.000
       0.000
       0.000
       0.000
       0.000
       0.000
     463.540
     448.801
     433.294
     416.988
     399.856
       0.000
       0.000
       0.000
       0.000
       0.000
       0.000
       0.000
       0.000
       0.000
       0.000
       0.000
       0.000
       0.000
       0.000
       0.000
       0.000
       0.000
       0.000
       0.000
       0.000
       0.000
       0.000
       0.000
       0.000
     487.887
     473.598
     458.536
     442.666
     425.959
       0.000
       0.000
       0.000
       0.000
       0.000
       0.000
       0.000
       0.000
       0.000
       0.000
       0.000
       0.000
       0.000
       0.000
       0.000
       0.000
       0.000
       0.000
       0.000
       0.000
       0.000
       0.000
       0.000
       0.000
     498.695
     484.105
     468.703
     452.452
       0.000
       0.000
       0.000
       0.000
       0.000
       0.000
       0.000
       0.000
       0.000
       0.000
       0.000
       0.000
       0.000
       0.000
       0.000
       0.000
       0.000
       0.000
       0.000
       0.000
       0.000
       0.000
       0.000
       0.000
     510.016
     495.113
     479.354
       0.000
       0.000
       0.000
       0.000
       0.000
       0.000
       0.000
       0.000
       0.000
       0.000
       0.000
       0.000
       0.000
       0.000
       0.000
       0.000
       0.000
       0.000
       0.000
       0.000
       0.000
       0.000
       0.000
     536.280
     521.913
     506.685
       0.000
       0.000
       0.000
       0.000
       0.000
       0.000
       0.000
       0.000
       0.000
       0.000
       0.000
       0.000
       0.000
       0.000
       0.000
       0.000
       0.000
       0.000
       0.000
       0.000
       0.000
       0.000
       0.000
     549.114
     534.461
       0.000
       0.000
       0.000
       0.000
       0.000
       0.000
       0.000
       0.000
       0.000
       0.000
       0.000
       0.000
       0.000
       0.000
       0.000
       0.000
       0.000
       0.000
       0.000
       0.000
       0.000
       0.000
     576.729
     562.696
       0.000
       0.000
       0.000
       0.000
       0.000
       0.000
       0.000
       0.000
       0.000
       0.000
       0.000
       0.000
       0.000
       0.000
       0.000
       0.000
       0.000
       0.000
       0.000
       0.000
       0.000
       0.000
     591.401
       0.000
       0.000
       0.000
       0.000
       0.000
       0.000
       0.000
       0.000
       0.000
       0.000
       0.000
       0.000
       0.000
       0.000
       0.000
       0.000
       0.000
       0.000
       0.000
       0.000
       0.000
       0.000
       0.000
       0.000
       0.000
       0.000
       0.000
       0.000
       0.000
       0.000
       0.000
       0.000
       0.000
       0.000
       0.000
       0.000
       0.000
       0.000
       0.000
       0.000
       0.000
       0.000
       0.000
       0.000
       0.000
       0.000
       0.000
       0.000
       0.000
       0.000
       0.000
       0.000
       0.000
       0.000
       0.000
       0.000
       0.000
       0.000
       0.000
       0.000
       0.000
       0.000
       0.000
       0.000
       0.000
       0.000
       0.000
       0.000
       0.000
       0.000
       0.000
       0.000
       0.000
       0.000
       0.000
       0.000
       0.000
       0.000
       0.000
       0.000
       0.000
       0.000
       0.000
       0.000
       0.000
       0.000
       0.000
       0.000
       0.000
       0.000
       0.000
       0.000
       0.000
       0.000
       0.000
       0.000
       0.000
       0.000
       0.000
       0.000
       0.000
       0.000
       0.000
       0.000
       0.000
       0.000
       0.000
       0.000
       0.000
       0.000
       0.000
       0.000
       0.000
       0.000
       0.000
       0.000
       0.000
       0.000
       0.000
       0.000
       0.000
       0.000
       0.000
       0.000
       0.000
       0.000
       0.000
       0.000
       0.000
       0.000
       0.000
       0.000
       0.000
       0.000
       0.000
       0.000
       0.000
       0.000
       0.000
       0.000
       0.000
       0.000
       0.000
       0.000
       0.000
       0.000
       0.000
       0.000
       0.000
       0.000
       0.000
       0.000
       0.000
       0.000
       0.000
       0.000
       0.000
       0.000
       0.000
       0.000
       0.000
       0.000
       0.000
       0.000
       0.000
       0.000
       0.000
       0.000
       0.000
       0.000
       0.000
       0.000
       0.000
       0.000
       0.000
       0.000
       0.000
       0.000
       0.000
       0.000
       0.000
       0.000
       0.000
       0.000
       0.000
       0.000
       0.000
       0.000
       0.000
       0.000
       0.000
       0.000
       0.000
       0.000
       0.000
       0.000
       0.000
       0.000
       0.000
       0.000
       0.000
       0.000
       0.000
       0.000
       0.000
       0.000
       0.000
       0.000
       0.000
       0.000
       0.000
       0.000
       0.000
       0.000
       0.000
       0.000
       0.000
       0.000
       0.000
       0.000
       0.000
       0.000
       0.000
       0.000
       0.000
       0.000
       0.000
       0.000
       0.000
       0.000
       0.000
       0.000
       0.000
       0.000
       0.000
       0.000
       0.000
       0.000
       0.000
       0.000
       0.000
       0.000
       0.000
       0.000
       0.000
       0.000
       0.000
       0.000
       0.000
       0.000
       0.000
       0.000
       0.000
       0.000
       0.000
       0.000
       0.000
       0.000
       0.000
       0.000
       0.000
       0.000
       0.000
       0.000
       0.000
       0.000
       0.000
       0.000
       0.000
       0.000
       0.000
       0.000
     463.707
     448.976
     433.477
     417.179
     400.055
       0.000
       0.000
       0.000
       0.000
       0.000
       0.000
       0.000
       0.000
       0.000
       0.000
       0.000
       0.000
       0.000
       0.000
       0.000
       0.000
       0.000
       0.000
       0.000
       0.000
       0.000
       0.000
       0.000
       0.000
     488.059
     473.778
     458.725
     442.864
     426.166
       0.000
       0.000
       0.000
       0.000
       0.000
       0.000
       0.000
       0.000
       0.000
       0.000
       0.000
       0.000
       0.000
       0.000
       0.000
       0.000
       0.000
       0.000
       0.000
       0.000
       0.000
       0.000
       0.000
       0.000
     498.880
     484.300
     468.907
     452.666
       0.000
       0.000
       0.000
       0.000
       0.000
       0.000
       0.000
       0.000
       0.000
       0.000
       0.000
       0.000
       0.000
       0.000
       0.000
       0.000
       0.000
       0.000
       0.000
       0.000
       0.000
       0.000
       0.000
       0.000
     510.216
     495.324
     479.576
       0.000
       0.000
       0.000
       0.000
       0.000
       0.000
       0.000
       0.000
       0.000
       0.000
       0.000
       0.000
       0.000
       0.000
       0.000
       0.000
       0.000
       0.000
       0.000
       0.000
       0.000
       0.000
       0.000
     536.484
     522.128
     506.913
       0.000
       0.000
       0.000
       0.000
       0.000
       0.000
       0.000
       0.000
       0.000
       0.000
       0.000
       0.000
       0.000
       0.000
       0.000
       0.000
       0.000
       0.000
       0.000
       0.000
       0.000
       0.000
       0.000
     549.334
     534.694
       0.000
       0.000
       0.000
       0.000
       0.000
       0.000
       0.000
       0.000
       0.000
       0.000
       0.000
       0.000
       0.000
       0.000
       0.000
       0.000
       0.000
       0.000
       0.000
       0.000
       0.000
       0.000
     576.953
     562.934
       0.000
       0.000
       0.000
       0.000
       0.000
       0.000
       0.000
       0.000
       0.000
       0.000
       0.000
       0.000
       0.000
       0.000
       0.000
       0.000
       0.000
       0.000
       0.000
       0.000
       0.000
       0.000
     591.642
       0.000
       0.000
       0.000
       0.000
       0.000
       0.000
       0.000
       0.000
       0.000
       0.000
       0.000
       0.000
       0.000
       0.000
       0.000
       0.000
       0.000
       0.000
       0.000
       0.000
       0.000
       0.000
       0.000
       0.000
       0.000
       0.000
       0.000
       0.000
       0.000
       0.000
       0.000
       0.000
       0.000
       0.000
       0.000
       0.000
       0.000
       0.000
       0.000
       0.000
       0.000
       0.000
       0.000
       0.000
       0.000
       0.000
       0.000
       0.000
       0.000
       0.000
       0.000
       0.000
       0.000
       0.000
       0.000
       0.000
       0.000
       0.000
       0.000
       0.000
       0.000
       0.000
       0.000
       0.000
       0.000
       0.000
       0.000
       0.000
       0.000
       0.000
       0.000
       0.000
       0.000
       0.000
       0.000
       0.000
       0.000
       0.000
       0.000
       0.000
       0.000
       0.000
       0.000
       0.000
       0.000
       0.000
       0.000
       0.000
       0.000
       0.000
       0.000
       0.000
       0.000
       0.000
       0.000
       0.000
       0.000
       0.000
       0.000
       0.000
       0.000
       0.000
       0.000
       0.000
       0.000
       0.000
       0.000
       0.000
       0.000
       0.000
       0.000
       0.000
       0.000
       0.000
       0.000
       0.000
       0.000
       0.000
       0.000
       0.000
       0.000
       0.000
       0.000
       0.000
       0.000
       0.000
       0.000
       0.000
       0.000
       0.000
       0.000
       0.000
       0.000
       0.000
       0.000
       0.000
       0.000
       0.000
       0.000
       0.000
       0.000
       0.000
       0.000
       0.000
       0.000
       0.000
       0.000
       0.000
       0.000
       0.000
       0.000
       0.000
       0.000
       0.000
       0.000
       0.000
       0.000
       0.000
       0.000
       0.000
       0.000
       0.000
       0.000
       0.000
       0.000
       0.000
       0.000
       0.000
       0.000
       0.000
       0.000
       0.000
       0.000
       0.000
       0.000
       0.000
       0.000
       0.000
       0.000
       0.000
       0.000
       0.000
       0.000
       0.000
       0.000
       0.000
       0.000
       0.000
       0.000
       0.000
       0.000
       0.000
       0.000
       0.000
       0.000
       0.000
       0.000
       0.000
       0.000
       0.000
       0.000
       0.000
       0.000
       0.000
       0.000
       0.000
       0.000
       0.000
       0.000
       0.000
       0.000
       0.000
       0.000
       0.000
       0.000
       0.000
       0.000
       0.000
       0.000
       0.000
       0.000
       0.000
       0.000
       0.000
       0.000
       0.000
       0.000
       0.000
       0.000
       0.000
       0.000
       0.000
       0.000
       0.000
       0.000
       0.000
       0.000
       0.000
       0.000
       0.000
       0.000
       0.000
       0.000
       0.000
       0.000
       0.000
       0.000
       0.000
       0.000
       0.000
       0.000
       0.000
       0.000
       0.000
       0.000
       0.000
       0.000
       0.000
       0.000
       0.000
       0.000
       0.000
       0.000
       0.000
       0.000
       0.000
       0.000
       0.000
       0.000
       0.000
       0.000
       0.000
     463.873
     449.150
     433.659
     417.368
     400.253
       0.000
       0.000
       0.000
       0.000
       0.000
       0.000
       0.000
       0.000
       0.000
       0.000
       0.000
       0.000
       0.000
       0.000
       0.000
       0.000
       0.000
       0.000
       0.000
       0.000
       0.000
       0.000
       0.000
       0.000
     488.231
     473.958
     458.913
     443.061
     426.372
       0.000
       0.000
       0.000
       0.000
       0.000
       0.000
       0.000
       0.000
       0.000
       0.000
       0.000
       0.000
       0.000
       0.000
       0.000
       0.000
       0.000
       0.000
       0.000
       0.000
       0.000
       0.000
       0.000
       0.000
     499.065
     484.494
     469.111
     452.880
       0.000
       0.000
       0.000
       0.000
       0.000
       0.000
       0.000
       0.000
       0.000
       0.000
       0.000
       0.000
       0.000
       0.000
       0.000
       0.000
       0.000
       0.000
       0.000
       0.000
       0.000
       0.000
       0.000
       0.000
     510.415
     495.533
     479.797
       0.000
       0.000
       0.000
       0.000
       0.000
       0.000
       0.000
       0.000
       0.000
       0.000
       0.000
       0.000
       0.000
       0.000
       0.000
       0.000
       0.000
       0.000
       0.000
       0.000
       0.000
       0.000
       0.000
     536.688
     522.344
     507.140
       0.000
       0.000
       0.000
       0.000
       0.000
       0.000
       0.000
       0.000
       0.000
       0.000
       0.000
       0.000
       0.000
       0.000
       0.000
       0.000
       0.000
       0.000
       0.000
       0.000
       0.000
       0.000
       0.000
     549.554
     534.927
       0.000
       0.000
       0.000
       0.000
       0.000
       0.000
       0.000
       0.000
       0.000
       0.000
       0.000
       0.000
       0.000
       0.000
       0.000
       0.000
       0.000
       0.000
       0.000
       0.000
       0.000
       0.000
     577.176
     563.170
       0.000
       0.000
       0.000
       0.000
       0.000
       0.000
       0.000
       0.000
       0.000
       0.000
       0.000
       0.000
       0.000
       0.000
       0.000
       0.000
       0.000
       0.000
       0.000
       0.000
       0.000
       0.000
     591.883
       0.000
       0.000
       0.000
       0.000
       0.000
       0.000
       0.000
       0.000
       0.000
       0.000
       0.000
       0.000
       0.000
       0.000
       0.000
       0.000
       0.000
       0.000
       0.000
       0.000
       0.000
       0.000
       0.000
       0.000
       0.000
       0.000
       0.000
       0.000
       0.000
       0.000
       0.000
       0.000
       0.000
       0.000
       0.000
       0.000
       0.000
       0.000
       0.000
       0.000
       0.000
       0.000
       0.000
       0.000
       0.000
       0.000
       0.000
       0.000
       0.000
       0.000
       0.000
       0.000
       0.000
       0.000
       0.000
       0.000
       0.000
       0.000
       0.000
       0.000
       0.000
       0.000
       0.000
       0.000
       0.000
       0.000
       0.000
       0.000
       0.000
       0.000
       0.000
       0.000
       0.000
       0.000
       0.000
       0.000
       0.000
       0.000
       0.000
       0.000
       0.000
       0.000
       0.000
       0.000
       0.000
       0.000
       0.000
       0.000
       0.000
       0.000
       0.000
       0.000
       0.000
       0.000
       0.000
       0.000
       0.000
       0.000
       0.000
       0.000
       0.000
       0.000
       0.000
       0.000
       0.000
       0.000
       0.000
       0.000
       0.000
       0.000
       0.000
       0.000
       0.000
       0.000
       0.000
       0.000
       0.000
       0.000
       0.000
       0.000
       0.000
       0.000
       0.000
       0.000
       0.000
       0.000
       0.000
       0.000
       0.000
       0.000
       0.000
       0.000
       0.000
       0.000
       0.000
       0.000
       0.000
       0.000
       0.000
       0.000
       0.000
       0.000
       0.000
       0.000
       0.000
       0.000
       0.000
       0.000
       0.000
       0.000
       0.000
       0.000
       0.000
       0.000
       0.000
       0.000
       0.000
       0.000
       0.000
       0.000
       0.000
       0.000
       0.000
       0.000
       0.000
       0.000
       0.000
       0.000
       0.000
       0.000
       0.000
       0.000
       0.000
       0.000
       0.000
       0.000
       0.000
       0.000
       0.000
       0.000
       0.000
       0.000
       0.000
       0.000
       0.000
       0.000
       0.000
       0.000
       0.000
       0.000
       0.000
       0.000
       0.000
       0.000
       0.000
       0.000
       0.000
       0.000
       0.000
       0.000
       0.000
       0.000
       0.000
       0.000
       0.000
       0.000
       0.000
       0.000
       0.000
       0.000
       0.000
       0.000
       0.000
       0.000
       0.000
       0.000
       0.000
       0.000
       0.000
       0.000
       0.000
       0.000
       0.000
       0.000
       0.000
       0.000
       0.000
       0.000
       0.000
       0.000
       0.000
       0.000
       0.000
       0.000
       0.000
       0.000
       0.000
       0.000
       0.000
       0.000
       0.000
       0.000
       0.000
       0.000
       0.000
       0.000
       0.000
       0.000
       0.000
       0.000
       0.000
       0.000
       0.000
       0.000
       0.000
       0.000
       0.000
       0.000
       0.000
       0.000
       0.000
       0.000
       0.000
       0.000
       0.000
       0.000
       0.000
       0.000
       0.000
       0.000
       0.000
       0.000
     464.040
     449.324
     433.840
     417.558
     400.450
       0.000
       0.000
       0.000
       0.000
       0.000
       0.000
       0.000
       0.000
       0.000
       0.000
       0.000
       0.000
       0.000
       0.000
       0.000
       0.000
       0.000
       0.000
       0.000
       0.000
       0.000
       0.000
       0.000
       0.000
     488.402
     474.137
     459.101
     443.258
     426.578
       0.000
       0.000
       0.000
       0.000
       0.000
       0.000
       0.000
       0.000
       0.000
       0.000
       0.000
       0.000
       0.000
       0.000
       0.000
       0.000
       0.000
       0.000
       0.000
       0.000
       0.000
       0.000
       0.000
       0.000
     499.249
     484.688
     469.314
     453.093
       0.000
       0.000
       0.000
       0.000
       0.000
       0.000
       0.000
       0.000
       0.000
       0.000
       0.000
       0.000
       0.000
       0.000
       0.000
       0.000
       0.000
       0.000
       0.000
       0.000
       0.000
       0.000
       0.000
       0.000
     510.614
     495.743
     480.017
       0.000
       0.000
       0.000
       0.000
       0.000
       0.000
       0.000
       0.000
       0.000
       0.000
       0.000
       0.000
       0.000
       0.000
       0.000
       0.000
       0.000
       0.000
       0.000
       0.000
       0.000
       0.000
       0.000
     536.891
     522.558
     507.366
       0.000
       0.000
       0.000
       0.000
       0.000
       0.000
       0.000
       0.000
       0.000
       0.000
       0.000
       0.000
       0.000
       0.000
       0.000
       0.000
       0.000
       0.000
       0.000
       0.000
       0.000
       0.000
       0.000
     549.773
     535.158
       0.000
       0.000
       0.000
       0.000
       0.000
       0.000
       0.000
       0.000
       0.000
       0.000
       0.000
       0.000
       0.000
       0.000
       0.000
       0.000
       0.000
       0.000
       0.000
       0.000
       0.000
       0.000
     577.399
     563.407
       0.000
       0.000
       0.000
       0.000
       0.000
       0.000
       0.000
       0.000
       0.000
       0.000
       0.000
       0.000
       0.000
       0.000
       0.000
       0.000
       0.000
       0.000
       0.000
       0.000
       0.000
       0.000
     592.123
       0.000
       0.000
       0.000
       0.000
       0.000
       0.000
       0.000
       0.000
       0.000
       0.000
       0.000
       0.000
       0.000
       0.000
       0.000
       0.000
       0.000
       0.000
       0.000
       0.000
       0.000
       0.000
       0.000
       0.000
       0.000
       0.000
       0.000
       0.000
       0.000
       0.000
       0.000
       0.000
       0.000
       0.000
       0.000
       0.000
       0.000
       0.000
       0.000
       0.000
       0.000
       0.000
       0.000
       0.000
       0.000
       0.000
       0.000
       0.000
       0.000
       0.000
       0.000
       0.000
       0.000
       0.000
       0.000
       0.000
       0.000
       0.000
       0.000
       0.000
       0.000
       0.000
       0.000
       0.000
       0.000
       0.000
       0.000
       0.000
       0.000
       0.000
       0.000
       0.000
       0.000
       0.000
       0.000
       0.000
       0.000
       0.000
       0.000
       0.000
       0.000
       0.000
       0.000
       0.000
       0.000
       0.000
       0.000
       0.000
       0.000
       0.000
       0.000
       0.000
       0.000
       0.000
       0.000
       0.000
       0.000
       0.000
       0.000
       0.000
       0.000
       0.000
       0.000
       0.000
       0.000
       0.000
       0.000
       0.000
       0.000
       0.000
       0.000
       0.000
       0.000
       0.000
       0.000
       0.000
       0.000
       0.000
       0.000
       0.000
       0.000
       0.000
       0.000
       0.000
       0.000
       0.000
       0.000
       0.000
       0.000
       0.000
       0.000
       0.000
       0.000
       0.000
       0.000
       0.000
       0.000
       0.000
       0.000
       0.000
       0.000
       0.000
       0.000
       0.000
       0.000
       0.000
       0.000
       0.000
       0.000
       0.000
       0.000
       0.000
       0.000
       0.000
       0.000
       0.000
       0.000
       0.000
       0.000
       0.000
       0.000
       0.000
       0.000
       0.000
       0.000
       0.000
       0.000
       0.000
       0.000
       0.000
       0.000
       0.000
       0.000
       0.000
       0.000
       0.000
       0.000
       0.000
       0.000
       0.000
       0.000
       0.000
       0.000
       0.000
       0.000
       0.000
       0.000
       0.000
       0.000
       0.000
       0.000
       0.000
       0.000
       0.000
       0.000
       0.000
       0.000
       0.000
       0.000
       0.000
       0.000
       0.000
       0.000
       0.000
       0.000
       0.000
       0.000
       0.000
       0.000
       0.000
       0.000
       0.000
       0.000
       0.000
       0.000
       0.000
       0.000
       0.000
       0.000
       0.000
       0.000
       0.000
       0.000
       0.000
       0.000
       0.000
       0.000
       0.000
       0.000
       0.000
       0.000
       0.000
       0.000
       0.000
       0.000
       0.000
       0.000
       0.000
       0.000
       0.000
       0.000
       0.000
       0.000
       0.000
       0.000
       0.000
       0.000
       0.000
       0.000
       0.000
       0.000
       0.000
       0.000
       0.000
       0.000
       0.000
       0.000
       0.000
       0.000
       0.000
       0.000
       0.000
       0.000
       0.000
       0.000
       0.000
       0.000
       0.000
       0.000
       0.000
       0.000
       0.000
     464.206
     449.497
     434.021
     417.747
     400.647
       0.000
       0.000
       0.000
       0.000
       0.000
       0.000
       0.000
       0.000
       0.000
       0.000
       0.000
       0.000
       0.000
       0.000
       0.000
       0.000
       0.000
       0.000
       0.000
       0.000
       0.000
       0.000
       0.000
       0.000
     488.572
     474.316
     459.288
     443.454
     426.783
       0.000
       0.000
       0.000
       0.000
       0.000
       0.000
       0.000
       0.000
       0.000
       0.000
       0.000
       0.000
       0.000
       0.000
       0.000
       0.000
       0.000
       0.000
       0.000
       0.000
       0.000
       0.000
       0.000
       0.000
     499.433
     484.881
     469.517
     453.306
       0.000
       0.000
       0.000
       0.000
       0.000
       0.000
       0.000
       0.000
       0.000
       0.000
       0.000
       0.000
       0.000
       0.000
       0.000
       0.000
       0.000
       0.000
       0.000
       0.000
       0.000
       0.000
       0.000
       0.000
     510.812
     495.951
     480.237
       0.000
       0.000
       0.000
       0.000
       0.000
       0.000
       0.000
       0.000
       0.000
       0.000
       0.000
       0.000
       0.000
       0.000
       0.000
       0.000
       0.000
       0.000
       0.000
       0.000
       0.000
       0.000
       0.000
     537.094
     522.772
     507.592
       0.000
       0.000
       0.000
       0.000
       0.000
       0.000
       0.000
       0.000
       0.000
       0.000
       0.000
       0.000
       0.000
       0.000
       0.000
       0.000
       0.000
       0.000
       0.000
       0.000
       0.000
       0.000
       0.000
     549.992
     535.390
       0.000
       0.000
       0.000
       0.000
       0.000
       0.000
       0.000
       0.000
       0.000
       0.000
       0.000
       0.000
       0.000
       0.000
       0.000
       0.000
       0.000
       0.000
       0.000
       0.000
       0.000
       0.000
     577.621
     563.642
       0.000
       0.000
       0.000
       0.000
       0.000
       0.000
       0.000
       0.000
       0.000
       0.000
       0.000
       0.000
       0.000
       0.000
       0.000
       0.000
       0.000
       0.000
       0.000
       0.000
       0.000
       0.000
     592.362
       0.000
       0.000
       0.000
       0.000
       0.000
       0.000
       0.000
       0.000
       0.000
       0.000
       0.000
       0.000
       0.000
       0.000
       0.000
       0.000
       0.000
       0.000
       0.000
       0.000
       0.000
       0.000
       0.000
       0.000
       0.000
       0.000
       0.000
       0.000
       0.000
       0.000
       0.000
       0.000
       0.000
       0.000
       0.000
       0.000
       0.000
       0.000
       0.000
       0.000
       0.000
       0.000
       0.000
       0.000
       0.000
       0.000
       0.000
       0.000
       0.000
       0.000
       0.000
       0.000
       0.000
       0.000
       0.000
       0.000
       0.000
       0.000
       0.000
       0.000
       0.000
       0.000
       0.000
       0.000
       0.000
       0.000
       0.000
       0.000
       0.000
       0.000
       0.000
       0.000
       0.000
       0.000
       0.000
       0.000
       0.000
       0.000
       0.000
       0.000
       0.000
       0.000
       0.000
       0.000
       0.000
       0.000
       0.000
       0.000
       0.000
       0.000
       0.000
       0.000
       0.000
       0.000
       0.000
       0.000
       0.000
       0.000
       0.000
       0.000
       0.000
       0.000
       0.000
       0.000
       0.000
       0.000
       0.000
       0.000
       0.000
       0.000
       0.000
       0.000
       0.000
       0.000
       0.000
       0.000
       0.000
       0.000
       0.000
       0.000
       0.000
       0.000
       0.000
       0.000
       0.000
       0.000
       0.000
       0.000
       0.000
       0.000
       0.000
       0.000
       0.000
       0.000
       0.000
       0.000
       0.000
       0.000
       0.000
       0.000
       0.000
       0.000
       0.000
       0.000
       0.000
       0.000
       0.000
       0.000
       0.000
       0.000
       0.000
       0.000
       0.000
       0.000
       0.000
       0.000
       0.000
       0.000
       0.000
       0.000
       0.000
       0.000
       0.000
       0.000
       0.000
       0.000
       0.000
       0.000
       0.000
       0.000
       0.000
       0.000
       0.000
       0.000
       0.000
       0.000
       0.000
       0.000
       0.000
       0.000
       0.000
       0.000
       0.000
       0.000
       0.000
       0.000
       0.000
       0.000
       0.000
       0.000
       0.000
       0.000
       0.000
       0.000
       0.000
       0.000
       0.000
       0.000
       0.000
       0.000
       0.000
       0.000
       0.000
       0.000
       0.000
       0.000
       0.000
       0.000
       0.000
       0.000
       0.000
       0.000
       0.000
       0.000
       0.000
       0.000
       0.000
       0.000
       0.000
       0.000
       0.000
       0.000
       0.000
       0.000
       0.000
       0.000
       0.000
       0.000
       0.000
       0.000
       0.000
       0.000
       0.000
       0.000
       0.000
       0.000
       0.000
       0.000
       0.000
       0.000
       0.000
       0.000
       0.000
       0.000
       0.000
       0.000
       0.000
       0.000
       0.000
       0.000
       0.000
       0.000
       0.000
       0.000
       0.000
       0.000
       0.000
       0.000
       0.000
       0.000
       0.000
       0.000
       0.000
       0.000
       0.000
       0.000
       0.000
       0.000
       0.000
       0.000
       0.000
       0.000
     464.371
     449.670
     434.202
     417.935
     400.843
       0.000
       0.000
       0.000
       0.000
       0.000
       0.000
       0.000
       0.000
       0.000
       0.000
       0.000
       0.000
       0.000
       0.000
       0.000
       0.000
       0.000
       0.000
       0.000
       0.000
       0.000
       0.000
       0.000
       0.000
     488.743
     474.494
     459.475
     443.650
     426.988
       0.000
       0.000
       0.000
       0.000
       0.000
       0.000
       0.000
       0.000
       0.000
       0.000
       0.000
       0.000
       0.000
       0.000
       0.000
       0.000
       0.000
       0.000
       0.000
       0.000
       0.000
       0.000
       0.000
       0.000
     499.616
     485.073
     469.719
     453.518
       0.000
       0.000
       0.000
       0.000
       0.000
       0.000
       0.000
       0.000
       0.000
       0.000
       0.000
       0.000
       0.000
       0.000
       0.000
       0.000
       0.000
       0.000
       0.000
       0.000
       0.000
       0.000
       0.000
       0.000
     511.010
     496.160
     480.456
       0.000
       0.000
       0.000
       0.000
       0.000
       0.000
       0.000
       0.000
       0.000
       0.000
       0.000
       0.000
       0.000
       0.000
       0.000
       0.000
       0.000
       0.000
       0.000
       0.000
       0.000
       0.000
       0.000
     537.296
     522.985
     507.817
       0.000
       0.000
       0.000
       0.000
       0.000
       0.000
       0.000
       0.000
       0.000
       0.000
       0.000
       0.000
       0.000
       0.000
       0.000
       0.000
       0.000
       0.000
       0.000
       0.000
       0.000
       0.000
       0.000
     550.210
     535.620
       0.000
       0.000
       0.000
       0.000
       0.000
       0.000
       0.000
       0.000
       0.000
       0.000
       0.000
       0.000
       0.000
       0.000
       0.000
       0.000
       0.000
       0.000
       0.000
       0.000
       0.000
       0.000
     577.843
     563.878
       0.000
       0.000
       0.000
       0.000
       0.000
       0.000
       0.000
       0.000
       0.000
       0.000
       0.000
       0.000
       0.000
       0.000
       0.000
       0.000
       0.000
       0.000
       0.000
       0.000
       0.000
       0.000
     592.601
       0.000
       0.000
       0.000
       0.000
       0.000
       0.000
       0.000
       0.000
       0.000
       0.000
       0.000
       0.000
       0.000
       0.000
       0.000
       0.000
       0.000
       0.000
       0.000
       0.000
       0.000
       0.000
       0.000
       0.000
       0.000
       0.000
       0.000
       0.000
       0.000
       0.000
       0.000
       0.000
       0.000
       0.000
       0.000
       0.000
       0.000
       0.000
       0.000
       0.000
       0.000
       0.000
       0.000
       0.000
       0.000
       0.000
       0.000
       0.000
       0.000
       0.000
       0.000
       0.000
       0.000
       0.000
       0.000
       0.000
       0.000
       0.000
       0.000
       0.000
       0.000
       0.000
       0.000
       0.000
       0.000
       0.000
       0.000
       0.000
       0.000
       0.000
       0.000
       0.000
       0.000
       0.000
       0.000
       0.000
       0.000
       0.000
       0.000
       0.000
       0.000
       0.000
       0.000
       0.000
       0.000
       0.000
       0.000
       0.000
       0.000
       0.000
       0.000
       0.000
       0.000
       0.000
       0.000
       0.000
       0.000
       0.000
       0.000
       0.000
       0.000
       0.000
       0.000
       0.000
       0.000
       0.000
       0.000
       0.000
       0.000
       0.000
       0.000
       0.000
       0.000
       0.000
       0.000
       0.000
       0.000
       0.000
       0.000
       0.000
       0.000
       0.000
       0.000
       0.000
       0.000
       0.000
       0.000
       0.000
       0.000
       0.000
       0.000
       0.000
       0.000
       0.000
       0.000
       0.000
       0.000
       0.000
       0.000
       0.000
       0.000
       0.000
       0.000
       0.000
       0.000
       0.000
       0.000
       0.000
       0.000
       0.000
       0.000
       0.000
       0.000
       0.000
       0.000
       0.000
       0.000
       0.000
       0.000
       0.000
       0.000
       0.000
       0.000
       0.000
       0.000
       0.000
       0.000
       0.000
       0.000
       0.000
       0.000
       0.000
       0.000
       0.000
       0.000
       0.000
       0.000
       0.000
       0.000
       0.000
       0.000
       0.000
       0.000
       0.000
       0.000
       0.000
       0.000
       0.000
       0.000
       0.000
       0.000
       0.000
       0.000
       0.000
       0.000
       0.000
       0.000
       0.000
       0.000
       0.000
       0.000
       0.000
       0.000
       0.000
       0.000
       0.000
       0.000
       0.000
       0.000
       0.000
       0.000
       0.000
       0.000
       0.000
       0.000
       0.000
       0.000
       0.000
       0.000
       0.000
       0.000
       0.000
       0.000
       0.000
       0.000
       0.000
       0.000
       0.000
       0.000
       0.000
       0.000
       0.000
       0.000
       0.000
       0.000
       0.000
       0.000
       0.000
       0.000
       0.000
       0.000
       0.000
       0.000
       0.000
       0.000
       0.000
       0.000
       0.000
       0.000
       0.000
       0.000
       0.000
       0.000
       0.000
       0.000
       0.000
       0.000
       0.000
       0.000
       0.000
       0.000
       0.000
       0.000
       0.000
       0.000
       0.000
       0.000
       0.000
       0.000
       0.000
       0.000
       0.000
     464.536
     449.842
     434.382
     418.123
     401.039
       0.000
       0.000
       0.000
       0.000
       0.000
       0.000
       0.000
       0.000
       0.000
       0.000
       0.000
       0.000
       0.000
       0.000
       0.000
       0.000
       0.000
       0.000
       0.000
       0.000
       0.000
       0.000
       0.000
       0.000
     488.912
     474.672
     459.662
     443.845
     427.192
       0.000
       0.000
       0.000
       0.000
       0.000
       0.000
       0.000
       0.000
       0.000
       0.000
       0.000
       0.000
       0.000
       0.000
       0.000
       0.000
       0.000
       0.000
       0.000
       0.000
       0.000
       0.000
       0.000
       0.000
     499.799
     485.266
     469.921
     453.730
       0.000
       0.000
       0.000
       0.000
       0.000
       0.000
       0.000
       0.000
       0.000
       0.000
       0.000
       0.000
       0.000
       0.000
       0.000
       0.000
       0.000
       0.000
       0.000
       0.000
       0.000
       0.000
       0.000
       0.000
     511.207
     496.367
     480.674
       0.000
       0.000
       0.000
       0.000
       0.000
       0.000
       0.000
       0.000
       0.000
       0.000
       0.000
       0.000
       0.000
       0.000
       0.000
       0.000
       0.000
       0.000
       0.000
       0.000
       0.000
       0.000
       0.000
     537.498
     523.198
     508.042
       0.000
       0.000
       0.000
       0.000
       0.000
       0.000
       0.000
       0.000
       0.000
       0.000
       0.000
       0.000
       0.000
       0.000
       0.000
       0.000
       0.000
       0.000
       0.000
       0.000
       0.000
       0.000
       0.000
     550.427
     535.850
       0.000
       0.000
       0.000
       0.000
       0.000
       0.000
       0.000
       0.000
       0.000
       0.000
       0.000
       0.000
       0.000
       0.000
       0.000
       0.000
       0.000
       0.000
       0.000
       0.000
       0.000
       0.000
     578.064
     564.112
       0.000
       0.000
       0.000
       0.000
       0.000
       0.000
       0.000
       0.000
       0.000
       0.000
       0.000
       0.000
       0.000
       0.000
       0.000
       0.000
       0.000
       0.000
       0.000
       0.000
       0.000
       0.000
     592.839
       0.000
       0.000
       0.000
       0.000
       0.000
       0.000
       0.000
       0.000
       0.000
       0.000
       0.000
       0.000
       0.000
       0.000
       0.000
       0.000
       0.000
       0.000
       0.000
       0.000
       0.000
       0.000
       0.000
       0.000
       0.000
       0.000
       0.000
       0.000
       0.000
       0.000
       0.000
       0.000
       0.000
       0.000
       0.000
       0.000
       0.000
       0.000
       0.000
       0.000
       0.000
       0.000
       0.000
       0.000
       0.000
       0.000
       0.000
       0.000
       0.000
       0.000
       0.000
       0.000
       0.000
       0.000
       0.000
       0.000
       0.000
       0.000
       0.000
       0.000
       0.000
       0.000
       0.000
       0.000
       0.000
       0.000
       0.000
       0.000
       0.000
       0.000
       0.000
       0.000
       0.000
       0.000
       0.000
       0.000
       0.000
       0.000
       0.000
       0.000
       0.000
       0.000
       0.000
       0.000
       0.000
       0.000
       0.000
       0.000
       0.000
       0.000
       0.000
       0.000
       0.000
       0.000
       0.000
       0.000
       0.000
       0.000
       0.000
       0.000
       0.000
       0.000
       0.000
       0.000
       0.000
       0.000
       0.000
       0.000
       0.000
       0.000
       0.000
       0.000
       0.000
       0.000
       0.000
       0.000
       0.000
       0.000
       0.000
       0.000
       0.000
       0.000
       0.000
       0.000
       0.000
       0.000
       0.000
       0.000
       0.000
       0.000
       0.000
       0.000
       0.000
       0.000
       0.000
       0.000
       0.000
       0.000
       0.000
       0.000
       0.000
       0.000
       0.000
       0.000
       0.000
       0.000
       0.000
       0.000
       0.000
       0.000
       0.000
       0.000
       0.000
       0.000
       0.000
       0.000
       0.000
       0.000
       0.000
       0.000
       0.000
       0.000
       0.000
       0.000
       0.000
       0.000
       0.000
       0.000
       0.000
       0.000
       0.000
       0.000
       0.000
       0.000
       0.000
       0.000
       0.000
       0.000
       0.000
       0.000
       0.000
       0.000
       0.000
       0.000
       0.000
       0.000
       0.000
       0.000
       0.000
       0.000
       0.000
       0.000
       0.000
       0.000
       0.000
       0.000
       0.000
       0.000
       0.000
       0.000
       0.000
       0.000
       0.000
       0.000
       0.000
       0.000
       0.000
       0.000
       0.000
       0.000
       0.000
       0.000
       0.000
       0.000
       0.000
       0.000
       0.000
       0.000
       0.000
       0.000
       0.000
       0.000
       0.000
       0.000
       0.000
       0.000
       0.000
       0.000
       0.000
       0.000
       0.000
       0.000
       0.000
       0.000
       0.000
       0.000
       0.000
       0.000
       0.000
       0.000
       0.000
       0.000
       0.000
       0.000
       0.000
       0.000
       0.000
       0.000
       0.000
       0.000
       0.000
       0.000
       0.000
       0.000
       0.000
       0.000
       0.000
       0.000
       0.000
       0.000
       0.000
       0.000
       0.000
       0.000
       0.000
       0.000
       0.000
       0.000
       0.000
       0.000
       0.000
       0.000
     464.701
     450.015
     434.562
     418.311
     401.234
       0.000
       0.000
       0.000
       0.000
       0.000
       0.000
       0.000
       0.000
       0.000
       0.000
       0.000
       0.000
       0.000
       0.000
       0.000
       0.000
       0.000
       0.000
       0.000
       0.000
       0.000
       0.000
       0.000
       0.000
     489.082
     474.850
     459.848
     444.040
     427.395
       0.000
       0.000
       0.000
       0.000
       0.000
       0.000
       0.000
       0.000
       0.000
       0.000
       0.000
       0.000
       0.000
       0.000
       0.000
       0.000
       0.000
       0.000
       0.000
       0.000
       0.000
       0.000
       0.000
       0.000
     499.982
     485.457
     470.122
     453.941
       0.000
       0.000
       0.000
       0.000
       0.000
       0.000
       0.000
       0.000
       0.000
       0.000
       0.000
       0.000
       0.000
       0.000
       0.000
       0.000
       0.000
       0.000
       0.000
       0.000
       0.000
       0.000
       0.000
       0.000
     511.404
     496.574
     480.892
       0.000
       0.000
       0.000
       0.000
       0.000
       0.000
       0.000
       0.000
       0.000
       0.000
       0.000
       0.000
       0.000
       0.000
       0.000
       0.000
       0.000
       0.000
       0.000
       0.000
       0.000
       0.000
       0.000
     537.699
     523.411
     508.266
       0.000
       0.000
       0.000
       0.000
       0.000
       0.000
       0.000
       0.000
       0.000
       0.000
       0.000
       0.000
       0.000
       0.000
       0.000
       0.000
       0.000
       0.000
       0.000
       0.000
       0.000
       0.000
       0.000
     550.644
     536.079
       0.000
       0.000
       0.000
       0.000
       0.000
       0.000
       0.000
       0.000
       0.000
       0.000
       0.000
       0.000
       0.000
       0.000
       0.000
       0.000
       0.000
       0.000
       0.000
       0.000
       0.000
       0.000
     578.285
     564.346
       0.000
       0.000
       0.000
       0.000
       0.000
       0.000
       0.000
       0.000
       0.000
       0.000
       0.000
       0.000
       0.000
       0.000
       0.000
       0.000
       0.000
       0.000
       0.000
       0.000
       0.000
       0.000
     593.077
       0.000
       0.000
       0.000
       0.000
       0.000
       0.000
       0.000
       0.000
       0.000
       0.000
       0.000
       0.000
       0.000
       0.000
       0.000
       0.000
       0.000
       0.000
       0.000
       0.000
       0.000
       0.000
       0.000
       0.000
       0.000
       0.000
       0.000
       0.000
       0.000
       0.000
       0.000
       0.000
       0.000
       0.000
       0.000
       0.000
       0.000
       0.000
       0.000
       0.000
       0.000
       0.000
       0.000
       0.000
       0.000
       0.000
       0.000
       0.000
       0.000
       0.000
       0.000
       0.000
       0.000
       0.000
       0.000
       0.000
       0.000
       0.000
       0.000
       0.000
       0.000
       0.000
       0.000
       0.000
       0.000
       0.000
       0.000
       0.000
       0.000
       0.000
       0.000
       0.000
       0.000
       0.000
       0.000
       0.000
       0.000
       0.000
       0.000
       0.000
       0.000
       0.000
       0.000
       0.000
       0.000
       0.000
       0.000
       0.000
       0.000
       0.000
       0.000
       0.000
       0.000
       0.000
       0.000
       0.000
       0.000
       0.000
       0.000
       0.000
       0.000
       0.000
       0.000
       0.000
       0.000
       0.000
       0.000
       0.000
       0.000
       0.000
       0.000
       0.000
       0.000
       0.000
       0.000
       0.000
       0.000
       0.000
       0.000
       0.000
       0.000
       0.000
       0.000
       0.000
       0.000
       0.000
       0.000
       0.000
       0.000
       0.000
       0.000
       0.000
       0.000
       0.000
       0.000
       0.000
       0.000
       0.000
       0.000
       0.000
       0.000
       0.000
       0.000
       0.000
       0.000
       0.000
       0.000
       0.000
       0.000
       0.000
       0.000
       0.000
       0.000
       0.000
       0.000
       0.000
       0.000
       0.000
       0.000
       0.000
       0.000
       0.000
       0.000
       0.000
       0.000
       0.000
       0.000
       0.000
       0.000
       0.000
       0.000
       0.000
       0.000
       0.000
       0.000
       0.000
       0.000
       0.000
       0.000
       0.000
       0.000
       0.000
       0.000
       0.000
       0.000
       0.000
       0.000
       0.000
       0.000
       0.000
       0.000
       0.000
       0.000
       0.000
       0.000
       0.000
       0.000
       0.000
       0.000
       0.000
       0.000
       0.000
       0.000
       0.000
       0.000
       0.000
       0.000
       0.000
       0.000
       0.000
       0.000
       0.000
       0.000
       0.000
       0.000
       0.000
       0.000
       0.000
       0.000
       0.000
       0.000
       0.000
       0.000
       0.000
       0.000
       0.000
       0.000
       0.000
       0.000
       0.000
       0.000
       0.000
       0.000
       0.000
       0.000
       0.000
       0.000
       0.000
       0.000
       0.000
       0.000
       0.000
       0.000
       0.000
       0.000
       0.000
       0.000
       0.000
       0.000
       0.000
       0.000
       0.000
       0.000
       0.000
       0.000
       0.000
       0.000
       0.000
       0.000
       0.000
       0.000
       0.000
       0.000
       0.000
       0.000
       0.000
       0.000
       0.000
       0.000
       0.000
       0.000
       0.000
     464.865
     450.186
     434.741
     418.498
     401.429
       0.000
       0.000
       0.000
       0.000
       0.000
       0.000
       0.000
       0.000
       0.000
       0.000
       0.000
       0.000
       0.000
       0.000
       0.000
       0.000
       0.000
       0.000
       0.000
       0.000
       0.000
       0.000
       0.000
       0.000
     489.251
     475.027
     460.033
     444.234
     427.598
       0.000
       0.000
       0.000
       0.000
       0.000
       0.000
       0.000
       0.000
       0.000
       0.000
       0.000
       0.000
       0.000
       0.000
       0.000
       0.000
       0.000
       0.000
       0.000
       0.000
       0.000
       0.000
       0.000
       0.000
     500.164
     485.648
     470.323
     454.152
       0.000
       0.000
       0.000
       0.000
       0.000
       0.000
       0.000
       0.000
       0.000
       0.000
       0.000
       0.000
       0.000
       0.000
       0.000
       0.000
       0.000
       0.000
       0.000
       0.000
       0.000
       0.000
       0.000
       0.000
     511.600
     496.781
     481.109
       0.000
       0.000
       0.000
       0.000
       0.000
       0.000
       0.000
       0.000
       0.000
       0.000
       0.000
       0.000
       0.000
       0.000
       0.000
       0.000
       0.000
       0.000
       0.000
       0.000
       0.000
       0.000
       0.000
     537.900
     523.623
     508.490
       0.000
       0.000
       0.000
       0.000
       0.000
       0.000
       0.000
       0.000
       0.000
       0.000
       0.000
       0.000
       0.000
       0.000
       0.000
       0.000
       0.000
       0.000
       0.000
       0.000
       0.000
       0.000
       0.000
     550.860
     536.308
       0.000
       0.000
       0.000
       0.000
       0.000
       0.000
       0.000
       0.000
       0.000
       0.000
       0.000
       0.000
       0.000
       0.000
       0.000
       0.000
       0.000
       0.000
       0.000
       0.000
       0.000
       0.000
     578.505
     564.579
       0.000
       0.000
       0.000
       0.000
       0.000
       0.000
       0.000
       0.000
       0.000
       0.000
       0.000
       0.000
       0.000
       0.000
       0.000
       0.000
       0.000
       0.000
       0.000
       0.000
       0.000
       0.000
     593.314
       0.000
       0.000
       0.000
       0.000
       0.000
       0.000
       0.000
       0.000
       0.000
       0.000
       0.000
       0.000
       0.000
       0.000
       0.000
       0.000
       0.000
       0.000
       0.000
       0.000
       0.000
       0.000
       0.000
       0.000
       0.000
       0.000
       0.000
       0.000
       0.000
       0.000
       0.000
       0.000
       0.000
       0.000
       0.000
       0.000
       0.000
       0.000
       0.000
       0.000
       0.000
       0.000
       0.000
       0.000
       0.000
       0.000
       0.000
       0.000
       0.000
       0.000
       0.000
       0.000
       0.000
       0.000
       0.000
       0.000
       0.000
       0.000
       0.000
       0.000
       0.000
       0.000
       0.000
       0.000
       0.000
       0.000
       0.000
       0.000
       0.000
       0.000
       0.000
       0.000
       0.000
       0.000
       0.000
       0.000
       0.000
       0.000
       0.000
       0.000
       0.000
       0.000
       0.000
       0.000
       0.000
       0.000
       0.000
       0.000
       0.000
       0.000
       0.000
       0.000
       0.000
       0.000
       0.000
       0.000
       0.000
       0.000
       0.000
       0.000
       0.000
       0.000
       0.000
       0.000
       0.000
       0.000
       0.000
       0.000
       0.000
       0.000
       0.000
       0.000
       0.000
       0.000
       0.000
       0.000
       0.000
       0.000
       0.000
       0.000
       0.000
       0.000
       0.000
       0.000
       0.000
       0.000
       0.000
       0.000
       0.000
       0.000
       0.000
       0.000
       0.000
       0.000
       0.000
       0.000
       0.000
       0.000
       0.000
       0.000
       0.000
       0.000
       0.000
       0.000
       0.000
       0.000
       0.000
       0.000
       0.000
       0.000
       0.000
       0.000
       0.000
       0.000
       0.000
       0.000
       0.000
       0.000
       0.000
       0.000
       0.000
       0.000
       0.000
       0.000
       0.000
       0.000
       0.000
       0.000
       0.000
       0.000
       0.000
       0.000
       0.000
       0.000
       0.000
       0.000
       0.000
       0.000
       0.000
       0.000
       0.000
       0.000
       0.000
       0.000
       0.000
       0.000
       0.000
       0.000
       0.000
       0.000
       0.000
       0.000
       0.000
       0.000
       0.000
       0.000
       0.000
       0.000
       0.000
       0.000
       0.000
       0.000
       0.000
       0.000
       0.000
       0.000
       0.000
       0.000
       0.000
       0.000
       0.000
       0.000
       0.000
       0.000
       0.000
       0.000
       0.000
       0.000
       0.000
       0.000
       0.000
       0.000
       0.000
       0.000
       0.000
       0.000
       0.000
       0.000
       0.000
       0.000
       0.000
       0.000
       0.000
       0.000
       0.000
       0.000
       0.000
       0.000
       0.000
       0.000
       0.000
       0.000
       0.000
       0.000
       0.000
       0.000
       0.000
       0.000
       0.000
       0.000
       0.000
       0.000
       0.000
       0.000
       0.000
       0.000
       0.000
       0.000
       0.000
       0.000
       0.000
       0.000
       0.000
       0.000
       0.000
       0.000
       0.000
       0.000
       0.000
       0.000
       0.000
       0.000
     465.028
     450.357
     434.920
     418.684
     401.623
       0.000
       0.000
       0.000
       0.000
       0.000
       0.000
       0.000
       0.000
       0.000
       0.000
       0.000
       0.000
       0.000
       0.000
       0.000
       0.000
       0.000
       0.000
       0.000
       0.000
       0.000
       0.000
       0.000
       0.000
     489.419
     475.203
     460.218
     444.428
     427.801
       0.000
       0.000
       0.000
       0.000
       0.000
       0.000
       0.000
       0.000
       0.000
       0.000
       0.000
       0.000
       0.000
       0.000
       0.000
       0.000
       0.000
       0.000
       0.000
       0.000
       0.000
       0.000
       0.000
       0.000
     500.345
     485.839
     470.523
     454.362
       0.000
       0.000
       0.000
       0.000
       0.000
       0.000
       0.000
       0.000
       0.000
       0.000
       0.000
       0.000
       0.000
       0.000
       0.000
       0.000
       0.000
       0.000
       0.000
       0.000
       0.000
       0.000
       0.000
       0.000
     511.796
     496.987
     481.326
       0.000
       0.000
       0.000
       0.000
       0.000
       0.000
       0.000
       0.000
       0.000
       0.000
       0.000
       0.000
       0.000
       0.000
       0.000
       0.000
       0.000
       0.000
       0.000
       0.000
       0.000
       0.000
       0.000
     538.100
     523.834
     508.713
       0.000
       0.000
       0.000
       0.000
       0.000
       0.000
       0.000
       0.000
       0.000
       0.000
       0.000
       0.000
       0.000
       0.000
       0.000
       0.000
       0.000
       0.000
       0.000
       0.000
       0.000
       0.000
       0.000
     551.076
     536.536
       0.000
       0.000
       0.000
       0.000
       0.000
       0.000
       0.000
       0.000
       0.000
       0.000
       0.000
       0.000
       0.000
       0.000
       0.000
       0.000
       0.000
       0.000
       0.000
       0.000
       0.000
       0.000
     578.725
     564.812
       0.000
       0.000
       0.000
       0.000
       0.000
       0.000
       0.000
       0.000
       0.000
       0.000
       0.000
       0.000
       0.000
       0.000
       0.000
       0.000
       0.000
       0.000
       0.000
       0.000
       0.000
       0.000
     593.550
       0.000
       0.000
       0.000
       0.000
       0.000
       0.000
       0.000
       0.000
       0.000
       0.000
       0.000
       0.000
       0.000
       0.000
       0.000
       0.000
       0.000
       0.000
       0.000
       0.000
       0.000
       0.000
       0.000
       0.000
       0.000
       0.000
       0.000
       0.000
       0.000
       0.000
       0.000
       0.000
       0.000
       0.000
       0.000
       0.000
       0.000
       0.000
       0.000
       0.000
       0.000
       0.000
       0.000
       0.000
       0.000
       0.000
       0.000
       0.000
       0.000
       0.000
       0.000
       0.000
       0.000
       0.000
       0.000
       0.000
       0.000
       0.000
       0.000
       0.000
       0.000
       0.000
       0.000
       0.000
       0.000
       0.000
       0.000
       0.000
       0.000
       0.000
       0.000
       0.000
       0.000
       0.000
       0.000
       0.000
       0.000
       0.000
       0.000
       0.000
       0.000
       0.000
       0.000
       0.000
       0.000
       0.000
       0.000
       0.000
       0.000
       0.000
       0.000
       0.000
       0.000
       0.000
       0.000
       0.000
       0.000
       0.000
       0.000
       0.000
       0.000
       0.000
       0.000
       0.000
       0.000
       0.000
       0.000
       0.000
       0.000
       0.000
       0.000
       0.000
       0.000
       0.000
       0.000
       0.000
       0.000
       0.000
       0.000
       0.000
       0.000
       0.000
       0.000
       0.000
       0.000
       0.000
       0.000
       0.000
       0.000
       0.000
       0.000
       0.000
       0.000
       0.000
       0.000
       0.000
       0.000
       0.000
       0.000
       0.000
       0.000
       0.000
       0.000
       0.000
       0.000
       0.000
       0.000
       0.000
       0.000
       0.000
       0.000
       0.000
       0.000
       0.000
       0.000
       0.000
       0.000
       0.000
       0.000
       0.000
       0.000
       0.000
       0.000
       0.000
       0.000
       0.000
       0.000
       0.000
       0.000
       0.000
       0.000
       0.000
       0.000
       0.000
       0.000
       0.000
       0.000
       0.000
       0.000
       0.000
       0.000
       0.000
       0.000
       0.000
       0.000
       0.000
       0.000
       0.000
       0.000
       0.000
       0.000
       0.000
       0.000
       0.000
       0.000
       0.000
       0.000
       0.000
       0.000
       0.000
       0.000
       0.000
       0.000
       0.000
       0.000
       0.000
       0.000
       0.000
       0.000
       0.000
       0.000
       0.000
       0.000
       0.000
       0.000
       0.000
       0.000
       0.000
       0.000
       0.000
       0.000
       0.000
       0.000
       0.000
       0.000
       0.000
       0.000
       0.000
       0.000
       0.000
       0.000
       0.000
       0.000
       0.000
       0.000
       0.000
       0.000
       0.000
       0.000
       0.000
       0.000
       0.000
       0.000
       0.000
       0.000
       0.000
       0.000
       0.000
       0.000
       0.000
       0.000
       0.000
       0.000
       0.000
       0.000
       0.000
       0.000
       0.000
       0.000
       0.000
       0.000
       0.000
       0.000
       0.000
       0.000
       0.000
       0.000
       0.000
       0.000
       0.000
       0.000
       0.000
     465.192
     450.528
     435.098
     418.870
     401.816
       0.000
       0.000
       0.000
       0.000
       0.000
       0.000
       0.000
       0.000
       0.000
       0.000
       0.000
       0.000
       0.000
       0.000
       0.000
       0.000
       0.000
       0.000
       0.000
       0.000
       0.000
       0.000
       0.000
       0.000
     489.588
     475.380
     460.403
     444.621
     428.002
       0.000
       0.000
       0.000
       0.000
       0.000
       0.000
       0.000
       0.000
       0.000
       0.000
       0.000
       0.000
       0.000
       0.000
       0.000
       0.000
       0.000
       0.000
       0.000
       0.000
       0.000
       0.000
       0.000
       0.000
     500.526
     486.029
     470.723
     454.571
       0.000
       0.000
       0.000
       0.000
       0.000
       0.000
       0.000
       0.000
       0.000
       0.000
       0.000
       0.000
       0.000
       0.000
       0.000
       0.000
       0.000
       0.000
       0.000
       0.000
       0.000
       0.000
       0.000
       0.000
     511.991
     497.193
     481.543
       0.000
       0.000
       0.000
       0.000
       0.000
       0.000
       0.000
       0.000
       0.000
       0.000
       0.000
       0.000
       0.000
       0.000
       0.000
       0.000
       0.000
       0.000
       0.000
       0.000
       0.000
       0.000
       0.000
     538.300
     524.044
     508.935
       0.000
       0.000
       0.000
       0.000
       0.000
       0.000
       0.000
       0.000
       0.000
       0.000
       0.000
       0.000
       0.000
       0.000
       0.000
       0.000
       0.000
       0.000
       0.000
       0.000
       0.000
       0.000
       0.000
     551.291
     536.764
       0.000
       0.000
       0.000
       0.000
       0.000
       0.000
       0.000
       0.000
       0.000
       0.000
       0.000
       0.000
       0.000
       0.000
       0.000
       0.000
       0.000
       0.000
       0.000
       0.000
       0.000
       0.000
     578.944
     565.044
       0.000
       0.000
       0.000
       0.000
       0.000
       0.000
       0.000
       0.000
       0.000
       0.000
       0.000
       0.000
       0.000
       0.000
       0.000
       0.000
       0.000
       0.000
       0.000
       0.000
       0.000
       0.000
     593.786
       0.000
       0.000
       0.000
       0.000
       0.000
       0.000
       0.000
       0.000
       0.000
       0.000
       0.000
       0.000
       0.000
       0.000
       0.000
       0.000
       0.000
       0.000
       0.000
       0.000
       0.000
       0.000
       0.000
       0.000
       0.000
       0.000
       0.000
       0.000
       0.000
       0.000
       0.000
       0.000
       0.000
       0.000
       0.000
       0.000
       0.000
       0.000
       0.000
       0.000
       0.000
       0.000
       0.000
       0.000
       0.000
       0.000
       0.000
       0.000
       0.000
       0.000
       0.000
       0.000
       0.000
       0.000
       0.000
       0.000
       0.000
       0.000
       0.000
       0.000
       0.000
       0.000
       0.000
       0.000
       0.000
       0.000
       0.000
       0.000
       0.000
       0.000
       0.000
       0.000
       0.000
       0.000
       0.000
       0.000
       0.000
       0.000
       0.000
       0.000
       0.000
       0.000
       0.000
       0.000
       0.000
       0.000
       0.000
       0.000
       0.000
       0.000
       0.000
       0.000
       0.000
       0.000
       0.000
       0.000
       0.000
       0.000
       0.000
       0.000
       0.000
       0.000
       0.000
       0.000
       0.000
       0.000
       0.000
       0.000
       0.000
       0.000
       0.000
       0.000
       0.000
       0.000
       0.000
       0.000
       0.000
       0.000
       0.000
       0.000
       0.000
       0.000
       0.000
       0.000
       0.000
       0.000
       0.000
       0.000
       0.000
       0.000
       0.000
       0.000
       0.000
       0.000
       0.000
       0.000
       0.000
       0.000
       0.000
       0.000
       0.000
       0.000
       0.000
       0.000
       0.000
       0.000
       0.000
       0.000
       0.000
       0.000
       0.000
       0.000
       0.000
       0.000
       0.000
       0.000
       0.000
       0.000
       0.000
       0.000
       0.000
       0.000
       0.000
       0.000
       0.000
       0.000
       0.000
       0.000
       0.000
       0.000
       0.000
       0.000
       0.000
       0.000
       0.000
       0.000
       0.000
       0.000
       0.000
       0.000
       0.000
       0.000
       0.000
       0.000
       0.000
       0.000
       0.000
       0.000
       0.000
       0.000
       0.000
       0.000
       0.000
       0.000
       0.000
       0.000
       0.000
       0.000
       0.000
       0.000
       0.000
       0.000
       0.000
       0.000
       0.000
       0.000
       0.000
       0.000
       0.000
       0.000
       0.000
       0.000
       0.000
       0.000
       0.000
       0.000
       0.000
       0.000
       0.000
       0.000
       0.000
       0.000
       0.000
       0.000
       0.000
       0.000
       0.000
       0.000
       0.000
       0.000
       0.000
       0.000
       0.000
       0.000
       0.000
       0.000
       0.000
       0.000
       0.000
       0.000
       0.000
       0.000
       0.000
       0.000
       0.000
       0.000
       0.000
       0.000
       0.000
       0.000
       0.000
       0.000
       0.000
       0.000
       0.000
       0.000
       0.000
       0.000
       0.000
       0.000
       0.000
       0.000
       0.000
       0.000
       0.000
       0.000
       0.000
       0.000
       0.000
       0.000
       0.000
       0.000
     465.355
     450.698
     435.276
     419.055
     402.009
       0.000
       0.000
       0.000
       0.000
       0.000
       0.000
       0.000
       0.000
       0.000
       0.000
       0.000
       0.000
       0.000
       0.000
       0.000
       0.000
       0.000
       0.000
       0.000
       0.000
       0.000
       0.000
       0.000
       0.000
     489.755
     475.555
     460.587
     444.813
     428.204
       0.000
       0.000
       0.000
       0.000
       0.000
       0.000
       0.000
       0.000
       0.000
       0.000
       0.000
       0.000
       0.000
       0.000
       0.000
       0.000
       0.000
       0.000
       0.000
       0.000
       0.000
       0.000
       0.000
       0.000
     500.707
     486.219
     470.922
     454.780
       0.000
       0.000
       0.000
       0.000
       0.000
       0.000
       0.000
       0.000
       0.000
       0.000
       0.000
       0.000
       0.000
       0.000
       0.000
       0.000
       0.000
       0.000
       0.000
       0.000
       0.000
       0.000
       0.000
       0.000
     512.186
     497.398
     481.758
       0.000
       0.000
       0.000
       0.000
       0.000
       0.000
       0.000
       0.000
       0.000
       0.000
       0.000
       0.000
       0.000
       0.000
       0.000
       0.000
       0.000
       0.000
       0.000
       0.000
       0.000
       0.000
       0.000
     538.499
     524.255
     509.157
       0.000
       0.000
       0.000
       0.000
       0.000
       0.000
       0.000
       0.000
       0.000
       0.000
       0.000
       0.000
       0.000
       0.000
       0.000
       0.000
       0.000
       0.000
       0.000
       0.000
       0.000
       0.000
       0.000
     551.506
     536.991
       0.000
       0.000
       0.000
       0.000
       0.000
       0.000
       0.000
       0.000
       0.000
       0.000
       0.000
       0.000
       0.000
       0.000
       0.000
       0.000
       0.000
       0.000
       0.000
       0.000
       0.000
       0.000
     579.162
     565.275
       0.000
       0.000
       0.000
       0.000
       0.000
       0.000
       0.000
       0.000
       0.000
       0.000
       0.000
       0.000
       0.000
       0.000
       0.000
       0.000
       0.000
       0.000
       0.000
       0.000
       0.000
       0.000
     594.021
       0.000
       0.000
       0.000
       0.000
       0.000
       0.000
       0.000
       0.000
       0.000
       0.000
       0.000
       0.000
       0.000
       0.000
       0.000
       0.000
       0.000
       0.000
       0.000
       0.000
       0.000
       0.000
       0.000
       0.000
       0.000
       0.000
       0.000
       0.000
       0.000
       0.000
       0.000
       0.000
       0.000
       0.000
       0.000
       0.000
       0.000
       0.000
       0.000
       0.000
       0.000
       0.000
       0.000
       0.000
       0.000
       0.000
       0.000
       0.000
       0.000
       0.000
       0.000
       0.000
       0.000
       0.000
       0.000
       0.000
       0.000
       0.000
       0.000
       0.000
       0.000
       0.000
       0.000
       0.000
       0.000
       0.000
       0.000
       0.000
       0.000
       0.000
       0.000
       0.000
       0.000
       0.000
       0.000
       0.000
       0.000
       0.000
       0.000
       0.000
       0.000
       0.000
       0.000
       0.000
       0.000
       0.000
       0.000
       0.000
       0.000
       0.000
       0.000
       0.000
       0.000
       0.000
       0.000
       0.000
       0.000
       0.000
       0.000
       0.000
       0.000
       0.000
       0.000
       0.000
       0.000
       0.000
       0.000
       0.000
       0.000
       0.000
       0.000
       0.000
       0.000
       0.000
       0.000
       0.000
       0.000
       0.000
       0.000
       0.000
       0.000
       0.000
       0.000
       0.000
       0.000
       0.000
       0.000
       0.000
       0.000
       0.000
       0.000
       0.000
       0.000
       0.000
       0.000
       0.000
       0.000
       0.000
       0.000
       0.000
       0.000
       0.000
       0.000
       0.000
       0.000
       0.000
       0.000
       0.000
       0.000
       0.000
       0.000
       0.000
       0.000
       0.000
       0.000
       0.000
       0.000
       0.000
       0.000
       0.000
       0.000
       0.000
       0.000
       0.000
       0.000
       0.000
       0.000
       0.000
       0.000
       0.000
       0.000
       0.000
       0.000
       0.000
       0.000
       0.000
       0.000
       0.000
       0.000
       0.000
       0.000
       0.000
       0.000
       0.000
       0.000
       0.000
       0.000
       0.000
       0.000
       0.000
       0.000
       0.000
       0.000
       0.000
       0.000
       0.000
       0.000
       0.000
       0.000
       0.000
       0.000
       0.000
       0.000
       0.000
       0.000
       0.000
       0.000
       0.000
       0.000
       0.000
       0.000
       0.000
       0.000
       0.000
       0.000
       0.000
       0.000
       0.000
       0.000
       0.000
       0.000
       0.000
       0.000
       0.000
       0.000
       0.000
       0.000
       0.000
       0.000
       0.000
       0.000
       0.000
       0.000
       0.000
       0.000
       0.000
       0.000
       0.000
       0.000
       0.000
       0.000
       0.000
       0.000
       0.000
       0.000
       0.000
       0.000
       0.000
       0.000
       0.000
       0.000
       0.000
       0.000
       0.000
       0.000
       0.000
       0.000
       0.000
       0.000
       0.000
       0.000
       0.000
       0.000
       0.000
       0.000
       0.000
       0.000
       0.000
       0.000
       0.000
       0.000
       0.000
     465.517
     450.868
     435.453
     419.240
     402.202
       0.000
       0.000
       0.000
       0.000
       0.000
       0.000
       0.000
       0.000
       0.000
       0.000
       0.000
       0.000
       0.000
       0.000
       0.000
       0.000
       0.000
       0.000
       0.000
       0.000
       0.000
       0.000
       0.000
       0.000
     489.923
     475.731
     460.770
     445.005
     428.405
       0.000
       0.000
       0.000
       0.000
       0.000
       0.000
       0.000
       0.000
       0.000
       0.000
       0.000
       0.000
       0.000
       0.000
       0.000
       0.000
       0.000
       0.000
       0.000
       0.000
       0.000
       0.000
       0.000
       0.000
     500.887
     486.408
     471.121
     454.988
       0.000
       0.000
       0.000
       0.000
       0.000
       0.000
       0.000
       0.000
       0.000
       0.000
       0.000
       0.000
       0.000
       0.000
       0.000
       0.000
       0.000
       0.000
       0.000
       0.000
       0.000
       0.000
       0.000
       0.000
     512.380
     497.602
     481.973
       0.000
       0.000
       0.000
       0.000
       0.000
       0.000
       0.000
       0.000
       0.000
       0.000
       0.000
       0.000
       0.000
       0.000
       0.000
       0.000
       0.000
       0.000
       0.000
       0.000
       0.000
       0.000
       0.000
     538.698
     524.464
     509.378
       0.000
       0.000
       0.000
       0.000
       0.000
       0.000
       0.000
       0.000
       0.000
       0.000
       0.000
       0.000
       0.000
       0.000
       0.000
       0.000
       0.000
       0.000
       0.000
       0.000
       0.000
       0.000
       0.000
     551.720
     537.217
       0.000
       0.000
       0.000
       0.000
       0.000
       0.000
       0.000
       0.000
       0.000
       0.000
       0.000
       0.000
       0.000
       0.000
       0.000
       0.000
       0.000
       0.000
       0.000
       0.000
       0.000
       0.000
     579.380
     565.506
       0.000
       0.000
       0.000
       0.000
       0.000
       0.000
       0.000
       0.000
       0.000
       0.000
       0.000
       0.000
       0.000
       0.000
       0.000
       0.000
       0.000
       0.000
       0.000
       0.000
       0.000
       0.000
     594.256
       0.000
       0.000
       0.000
       0.000
       0.000
       0.000
       0.000
       0.000
       0.000
       0.000
       0.000
       0.000
       0.000
       0.000
       0.000
       0.000
       0.000
       0.000
       0.000
       0.000
       0.000
       0.000
       0.000
       0.000
       0.000
       0.000
       0.000
       0.000
       0.000
       0.000
       0.000
       0.000
       0.000
       0.000
       0.000
       0.000
       0.000
       0.000
       0.000
       0.000
       0.000
       0.000
       0.000
       0.000
       0.000
       0.000
       0.000
       0.000
       0.000
       0.000
       0.000
       0.000
       0.000
       0.000
       0.000
       0.000
       0.000
       0.000
       0.000
       0.000
       0.000
       0.000
       0.000
       0.000
       0.000
       0.000
       0.000
       0.000
       0.000
       0.000
       0.000
       0.000
       0.000
       0.000
       0.000
       0.000
       0.000
       0.000
       0.000
       0.000
       0.000
       0.000
       0.000
       0.000
       0.000
       0.000
       0.000
       0.000
       0.000
       0.000
       0.000
       0.000
       0.000
       0.000
       0.000
       0.000
       0.000
       0.000
       0.000
       0.000
       0.000
       0.000
       0.000
       0.000
       0.000
       0.000
       0.000
       0.000
       0.000
       0.000
       0.000
       0.000
       0.000
       0.000
       0.000
       0.000
       0.000
       0.000
       0.000
       0.000
       0.000
       0.000
       0.000
       0.000
       0.000
       0.000
       0.000
       0.000
       0.000
       0.000
       0.000
       0.000
       0.000
       0.000
       0.000
       0.000
       0.000
       0.000
       0.000
       0.000
       0.000
       0.000
       0.000
       0.000
       0.000
       0.000
       0.000
       0.000
       0.000
       0.000
       0.000
       0.000
       0.000
       0.000
       0.000
       0.000
       0.000
       0.000
       0.000
       0.000
       0.000
       0.000
       0.000
       0.000
       0.000
       0.000
       0.000
       0.000
       0.000
       0.000
       0.000
       0.000
       0.000
       0.000
       0.000
       0.000
       0.000
       0.000
       0.000
       0.000
       0.000
       0.000
       0.000
       0.000
       0.000
       0.000
       0.000
       0.000
       0.000
       0.000
       0.000
       0.000
       0.000
       0.000
       0.000
       0.000
       0.000
       0.000
       0.000
       0.000
       0.000
       0.000
       0.000
       0.000
       0.000
       0.000
       0.000
       0.000
       0.000
       0.000
       0.000
       0.000
       0.000
       0.000
       0.000
       0.000
       0.000
       0.000
       0.000
       0.000
       0.000
       0.000
       0.000
       0.000
       0.000
       0.000
       0.000
       0.000
       0.000
       0.000
       0.000
       0.000
       0.000
       0.000
       0.000
       0.000
       0.000
       0.000
       0.000
       0.000
       0.000
       0.000
       0.000
       0.000
       0.000
       0.000
       0.000
