   14592.514
   14813.424
   15040.379
   15273.573
   15513.202
   15759.464
   16012.555
   16272.668
   16539.992
   16814.710
   17096.994
   17387.000
   17684.866
   17990.706
   18304.602
   18626.596
   18956.684
   19294.802
   19640.814
   19994.499
   20355.537
   20723.488
   21097.781
   21477.688
   21862.316
       0.000
       0.000
       0.000
       0.000
       0.000
   14885.634
   15115.264
   15351.283
   15593.895
   15843.311
   16099.738
   16363.384
   16634.454
   16913.144
   17199.645
   17494.131
   17796.761
   18107.670
   18426.963
   18754.708
   19090.924
   19435.576
   19788.554
   20149.667
   20518.620
   20895.001
   21278.257
   21667.680
   22062.382
       0.000
       0.000
       0.000
       0.000
       0.000
   15191.153
   15430.065
   15675.737
   15928.389
   16188.245
   16455.526
   16730.452
   17013.239
   17304.094
   17603.214
   17910.779
   18226.948
   18551.853
   18885.589
   19228.206
   19579.700
   19939.995
   20308.935
   20686.261
   21071.594
   21464.417
   21864.048
   22269.624
   22680.074
       0.000
       0.000
       0.000
       0.000
   15509.920
   15758.727
   16014.700
   16278.076
   16549.093
   16827.987
   17114.994
   17410.341
   17714.247
   18026.918
   18348.538
   18679.268
   19019.236
   19368.527
   19727.171
   20095.135
   20472.301
   20858.456
   21253.266
   21656.258
   22066.795
   22484.051
   22906.989
   23334.341
       0.000
       0.000
       0.000
   15842.867
   16102.244
   16369.232
   16644.086
   16927.060
   17218.410
   17518.385
   17827.230
   18145.175
   18472.437
   18809.207
   19155.647
   19511.882
   19877.984
   20253.965
   20639.756
   21035.197
   21440.008
   21853.773
   22275.914
   22705.661
   23142.030
   23583.795
       0.000
       0.000
       0.000
   16191.023
   16461.714
   16740.504
   17027.669
   17323.485
   17628.226
   17942.161
   18265.550
   18598.642
   18941.663
   19294.815
   19658.265
   20032.131
   20416.477
   20811.291
   21216.472
   21631.806
   22056.949
   22491.393
   22934.443
   23385.190
   23842.476
   24304.876
       0.000
       0.000
   16555.521
   16838.348
   17129.815
   17430.219
   17739.860
   18059.036
   18388.039
   18727.149
   19076.633
   19436.735
   19807.667
   20189.602
   20582.660
   20986.891
   21402.265
   21828.645
   22265.766
   22713.210
   23170.376
   23636.448
   24110.367
   24590.798
       0.000
       0.000
   16937.619
   17233.497
   17538.611
   17853.288
   18177.855
   18512.638
   18857.954
   19214.111
   19581.399
   19960.081
   20350.387
   20752.500
   21166.542
   21592.559
   22030.501
   22480.199
   22941.338
   23413.429
   23895.775
   24387.440
   24887.215
   25393.596
       0.000
   17338.714
   17648.659
   17968.507
   18298.615
   18639.344
   18991.052
   19354.091
   19728.800
   20115.497
   20514.474
   20925.984
   21350.225
   21787.333
   22237.352
   22700.221
   23175.745
   23663.565
   24163.128
   24673.650
   25194.084
   25723.088
   26259.007
   17760.363
   18085.514
   18421.312
   18768.153
   19126.439
   19496.567
   19878.929
   20273.904
   20681.850
   21103.095
   21537.923
   21986.563
   22449.168
   22925.798
   23416.391
   23920.740
   24438.457
   24968.942
   25511.344
   26064.532
   26627.068
   18204.309
   18545.944
   18899.062
   19264.108
   19641.531
   20031.778
   20435.292
   20852.502
   21283.817
   21729.614
   22190.224
   22665.920
   23156.893
   23663.234
   24184.903
   24721.703
   25273.247
   25838.920
   26417.846
   27008.864
   18672.508
   19032.067
   19404.056
   19788.978
   20187.339
   20599.650
   21026.417
   21468.134
   21925.278
   22398.292
   22887.577
   23393.470
   23916.227
   24455.998
   25012.801
   25586.489
   26176.722
   26782.929
   27404.285
   19167.163
   19546.277
   19938.900
   20345.603
   20766.967
   21203.580
   21656.028
   22124.893
   22610.740
   23114.106
   23635.488
   24175.322
   24733.967
   25311.678
   25908.583
   26524.650
   27159.664
   27813.197
   19690.767
   20091.292
   20506.562
   20937.233
   21383.978
   21847.482
   22328.439
   22827.541
   23345.475
   23882.907
   24440.469
   25018.748
   25618.261
   26239.437
   26882.595
   27547.920
   28235.445
   20246.149
   20670.210
   21110.439
   21567.600
   22042.481
   22535.894
   23048.670
   23581.651
   24135.685
   24711.618
   25310.280
   25932.473
   26578.958
   27250.441
   27947.556
   20836.538
   21286.574
   21754.432
   22241.009
   22747.240
   23274.102
   23822.603
   24393.785
   24988.720
   25608.500
   26254.236
   26927.050
   27628.068
   28358.425
   21465.632
   21944.465
   22443.051
   22962.458
   23503.813
   24068.300
   24657.169
   25271.727
   25913.349
   26583.476
   27283.616
   28015.358
   28780.377
   29580.461
   22137.689
   22648.596
   23181.533
   23737.782
   24318.717
   24925.800
   25560.593
   26224.769
   26920.119
   27648.567
   28412.194
   29213.265
   30054.271
   22857.634
   23404.448
   23975.991
   24573.828
   25199.647
   25855.279
   26542.708
   27264.097
   28021.813
   28818.464
   29656.945
   30540.509
   23631.194
   24218.424
   24833.611
   25478.683
   26155.747
   26867.118
   27615.350
   28403.277
   29234.065
   30111.285
   31039.002
   24465.068
   25098.051
   25762.884
   26461.966
   27197.958
   27973.823
   28792.887
   29658.906
   30576.163
   25367.134
   26052.233
   26773.913
   27535.195
   28339.473
   29190.585
   30092.908
   31051.477
   32072.142
   26346.718
   27091.570
   27878.806
   28712.265
   29596.324
   30536.009
   31537.141
   32606.538
   27414.929
   28228.775
   29092.178
   30010.074
   30988.163
   32033.094
   28585.099
   29479.203
   30431.817
   31449.347
   32539.299
   33710.556
   29873.345
   30861.558
   31919.558
   33055.746
   34280.106
   31299.314
   32398.815
   33582.455
   32887.162
   34119.475
   35454.380
   34666.887
   36676.137
   14593.933
   14814.917
   15041.951
   15275.230
   15514.952
   15761.314
   16014.512
   16274.742
   16542.194
   16817.051
   17099.486
   17389.658
   17687.706
   17993.745
   18307.861
   18630.098
   18960.454
   19298.869
   19645.210
   19999.263
   20360.709
   20729.118
   21103.923
   21484.405
   21869.678
       0.000
       0.000
       0.000
       0.000
       0.000
   14887.116
   15116.825
   15352.928
   15595.632
   15845.146
   16101.680
   16365.443
   16636.638
   16915.466
   17202.117
   17496.767
   17799.577
   18110.684
   18430.194
   18758.179
   19094.661
   19439.606
   19792.911
   20154.387
   20523.746
   20900.581
   21284.346
   21674.339
   22069.682
       0.000
       0.000
       0.000
       0.000
       0.000
   15192.702
   15431.698
   15677.460
   15930.210
   16190.171
   16457.567
   16732.618
   17015.541
   17306.545
   17605.827
   17913.570
   18229.934
   18555.054
   18889.027
   19231.907
   19583.691
   19944.310
   20313.610
   20691.337
   21077.119
   21470.445
   21870.642
   22276.854
   22688.022
       0.000
       0.000
       0.000
       0.000
   15511.540
   15760.436
   16016.506
   16279.986
   16551.117
   16830.135
   17117.276
   17412.769
   17716.836
   18029.682
   18351.495
   18682.438
   19022.640
   19372.190
   19731.121
   20099.404
   20476.926
   20863.477
   21258.731
   21662.221
   22073.317
   22491.204
   22914.853
   23343.008
       0.000
       0.000
       0.000
   15844.562
   16104.034
   16371.126
   16646.091
   16929.187
   17220.670
   17520.790
   17829.793
   18147.912
   18475.363
   18812.343
   19159.014
   19515.505
   19881.890
   20258.186
   20644.328
   21040.159
   21445.408
   21859.665
   22282.359
   22712.729
   23149.801
   23592.361
       0.000
       0.000
       0.000
   16192.797
   16463.590
   16742.491
   17029.776
   17325.723
   17630.606
   17944.697
   18268.257
   18601.537
   18944.765
   19298.145
   19661.846
   20035.991
   20420.647
   20815.806
   21221.372
   21637.139
   22062.766
   22497.754
   22941.419
   23392.860
   23850.931
   24314.221
       0.000
       0.000
   16557.379
   16840.315
   17131.900
   17432.434
   17742.216
   18061.545
   18390.716
   18730.011
   19079.699
   19440.025
   19811.205
   20193.414
   20586.776
   20991.348
   21407.101
   21833.905
   22271.503
   22719.483
   23177.253
   23644.009
   24118.702
   24600.011
       0.000
       0.000
   16939.566
   17235.560
   17540.802
   17855.617
   18180.336
   18515.284
   18860.782
   19217.139
   19584.648
   19963.573
   20354.149
   20756.561
   21170.937
   21597.327
   22035.686
   22485.852
   22947.518
   23420.202
   23903.220
   24395.646
   24896.286
   25403.649
       0.000
   17340.755
   17650.826
   17970.809
   18301.066
   18641.958
   18993.845
   19357.081
   19732.006
   20118.942
   20518.184
   20929.988
   21354.557
   21792.029
   22242.457
   22705.785
   23181.826
   23670.228
   24170.450
   24681.719
   25203.001
   25732.972
   26269.991
   17762.505
   18087.790
   18423.734
   18770.735
   19129.196
   19499.517
   19882.092
   20277.301
   20685.507
   21107.040
   21542.188
   21991.186
   22454.191
   22931.270
   23422.369
   23927.288
   24445.650
   24976.866
   25520.099
   26074.234
   26637.850
   18206.557
   18548.335
   18901.610
   19266.829
   19644.441
   20034.896
   20438.640
   20856.104
   21287.701
   21733.812
   22194.772
   22670.859
   23162.271
   23669.105
   24191.331
   24728.762
   25281.020
   25847.505
   26427.357
   27019.432
   18674.869
   19034.581
   19406.739
   19791.846
   20190.411
   20602.947
   21029.963
   21471.956
   21929.406
   22402.763
   22892.429
   23398.751
   23921.989
   24462.303
   25019.720
   25594.105
   26185.130
   26792.240
   27414.627
   19169.643
   19548.922
   19941.727
   20348.629
   20770.213
   21207.069
   21659.786
   22128.951
   22615.131
   23118.870
   23640.669
   24180.972
   24740.145
   25318.454
   25916.036
   26532.874
   27168.766
   27823.302
   19693.374
   20094.076
   20509.542
   20940.427
   21387.409
   21851.176
   22332.425
   22831.852
   23350.148
   23887.986
   24446.005
   25024.797
   25624.890
   26246.724
   26890.629
   27556.806
   28245.305
   20248.890
   20673.141
   21113.580
   21570.972
   22046.110
   22539.807
   23052.899
   23586.233
   24140.662
   24717.037
   25316.197
   25938.953
   26586.075
   27258.281
   27956.221
   20839.422
   21289.663
   21757.746
   22244.572
   22751.080
   23278.248
   23827.092
   24398.657
   24994.021
   25614.284
   26260.565
   26933.994
   27635.712
   28366.865
   21468.667
   21947.719
   22446.548
   22966.224
   23507.877
   24072.696
   24661.935
   25276.909
   25918.998
   26589.651
   27290.386
   28022.802
   28788.588
   29589.548
   22140.883
   22652.027
   23185.223
   23741.763
   24323.019
   24930.461
   25565.656
   26230.283
   26926.140
   27655.161
   28419.437
   29221.245
   30063.093
   22860.997
   23408.065
   23979.888
   24578.036
   25204.203
   25860.222
   26548.086
   27269.964
   28028.232
   28825.506
   29664.694
   30549.064
   23634.736
   24222.237
   24837.726
   25483.133
   26160.571
   26872.361
   27621.063
   28409.520
   29240.906
   30118.803
   31047.291
   24468.798
   25102.072
   25767.229
   26466.672
   27203.066
   27979.383
   28798.955
   29665.547
   30583.452
   25371.063
   26056.473
   26778.501
   27540.170
   28344.881
   29196.480
   30099.351
   31058.538
   32079.904
   26350.854
   27096.041
   27883.649
   28717.523
   29602.048
   30542.255
   31543.978
   32614.040
   27419.284
   28233.487
   29097.288
   30015.629
   30994.217
   32039.710
   28589.683
   29484.168
   30437.207
   31455.213
   32545.698
   33717.556
   29878.167
   30866.785
   31925.238
   33061.934
   34286.863
   31304.382
   32404.315
   33588.437
   32892.486
   34125.256
   35460.672
   34672.475
   36681.994
   14595.351
   14816.407
   15043.521
   15276.885
   15516.699
   15763.160
   16016.466
   16276.813
   16544.392
   16819.388
   17101.974
   17392.311
   17690.541
   17996.779
   18311.114
   18633.593
   18964.216
   19302.927
   19649.597
   20004.015
   20365.870
   20734.735
   21110.050
   21491.105
   21877.021
       0.000
       0.000
       0.000
       0.000
       0.000
   14888.596
   15118.384
   15354.571
   15597.366
   15846.979
   16103.619
   16367.497
   16638.819
   16917.784
   17204.585
   17499.399
   17802.388
   18113.692
   18433.419
   18761.643
   19098.389
   19443.628
   19797.259
   20159.097
   20528.861
   20906.148
   21290.419
   21680.981
   22076.963
       0.000
       0.000
       0.000
       0.000
       0.000
   15194.249
   15433.328
   15679.180
   15932.028
   16192.095
   16459.605
   16734.781
   17017.839
   17308.991
   17608.435
   17916.355
   18232.915
   18558.249
   18892.458
   19235.600
   19587.674
   19948.615
   20318.274
   20696.401
   21082.631
   21476.459
   21877.220
   22284.066
   22695.949
       0.000
       0.000
       0.000
       0.000
   15513.157
   15762.142
   16018.308
   16281.893
   16553.137
   16832.278
   17119.553
   17415.193
   17719.419
   18032.441
   18354.446
   18685.601
   19026.037
   19375.845
   19735.063
   20103.664
   20481.540
   20868.487
   21264.184
   21668.170
   22079.824
   22498.339
   22922.697
   23351.652
       0.000
       0.000
       0.000
   15846.254
   16105.822
   16373.016
   16648.093
   16931.311
   17222.926
   17523.190
   17832.351
   18150.643
   18478.284
   18815.473
   19162.375
   19519.120
   19885.789
   20262.398
   20648.889
   21045.111
   21450.797
   21865.544
   22288.789
   22719.780
   23157.553
   23600.905
       0.000
       0.000
       0.000
   16194.568
   16465.462
   16744.474
   17031.879
   17327.956
   17632.982
   17947.229
   18270.960
   18604.426
   18947.860
   19301.467
   19665.419
   20039.843
   20424.808
   20820.312
   21226.263
   21642.459
   22068.569
   22504.101
   22948.378
   23400.511
   23859.365
   24323.542
       0.000
       0.000
   16559.233
   16842.279
   17133.982
   17434.644
   17744.567
   18064.050
   18393.388
   18732.868
   19082.758
   19443.308
   19814.735
   20197.218
   20590.885
   20995.795
   21411.926
   21839.154
   22277.226
   22725.741
   23184.115
   23651.552
   24127.016
   24609.201
       0.000
       0.000
   16941.509
   17237.620
   17542.989
   17857.942
   18182.812
   18517.926
   18863.605
   19220.162
   19587.890
   19967.059
   20357.904
   20760.615
   21175.323
   21602.084
   22040.859
   22491.492
   22953.683
   23426.959
   23910.647
   24403.832
   24905.333
   25413.676
       0.000
   17342.793
   17652.988
   17973.108
   18303.513
   18644.568
   18996.634
   19360.065
   19735.206
   20122.381
   20521.887
   20933.984
   21358.879
   21796.716
   22247.552
   22711.338
   23187.893
   23676.876
   24177.755
   24689.768
   25211.897
   25742.830
   26280.947
   17764.642
   18090.061
   18426.151
   18773.312
   19131.948
   19502.462
   19885.248
   20280.692
   20689.157
   21110.977
   21546.445
   21995.800
   22459.205
   22936.731
   23428.334
   23933.822
   24452.827
   24984.771
   25528.833
   26083.913
   26648.605
   18208.801
   18550.723
   18904.155
   19269.545
   19647.345
   20038.008
   20441.981
   20859.699
   21291.578
   21738.001
   22199.311
   22675.788
   23167.638
   23674.965
   24197.746
   24735.804
   25288.775
   25856.070
   26436.845
   27029.973
   18677.225
   19037.091
   19409.418
   19794.710
   20193.478
   20606.239
   21033.502
   21475.770
   21933.527
   22407.224
   22897.272
   23404.020
   23927.739
   24468.595
   25026.624
   25601.703
   26193.518
   26801.528
   27424.943
   19172.119
   19551.563
   19944.548
   20351.650
   20773.454
   21210.551
   21663.538
   22133.001
   22619.514
   23123.624
   23645.839
   24186.610
   24746.311
   25325.215
   25923.473
   26541.079
   27177.846
   27833.383
   19695.976
   20096.856
   20512.516
   20943.616
   21390.835
   21854.864
   22336.403
   22836.154
   23354.813
   23893.055
   24451.529
   25030.834
   25631.506
   26253.995
   26898.646
   27565.672
   28255.142
   20251.627
   20676.068
   21116.716
   21574.339
   22049.732
   22543.713
   23057.120
   23590.806
   24145.628
   24722.446
   25322.102
   25945.419
   26593.177
   27266.105
   27964.867
   20842.300
   21292.745
   21761.054
   22248.128
   22754.912
   23282.388
   23831.573
   24403.520
   24999.312
   25620.056
   26266.880
   26940.924
   27643.339
   28375.286
   21471.696
   21950.968
   22450.039
   22969.983
   23511.933
   24077.084
   24666.693
   25282.082
   25924.637
   26595.814
   27297.142
   28030.231
   28796.782
   29598.614
   22144.073
   22655.451
   23188.908
   23745.736
   24327.314
   24935.114
   25570.710
   26235.787
   26932.150
   27661.742
   28426.666
   29229.210
   30071.895
   22864.355
   23411.675
   23983.778
   24582.237
   25208.750
   25865.157
   26553.455
   27275.820
   28034.638
   28832.534
   29672.428
   30557.602
   23638.272
   24226.044
   24841.833
   25487.575
   26165.386
   26877.594
   27626.766
   28415.750
   29247.734
   30126.307
   31055.563
   24472.522
   25106.087
   25771.566
   26471.369
   27208.166
   27984.933
   28805.012
   29672.175
   30590.726
   25374.985
   26060.706
   26783.080
   27545.136
   28350.280
   29202.364
   30105.781
   31065.586
   32087.650
   26354.984
   27100.504
   27888.483
   28722.772
   29607.762
   30548.491
   31550.802
   32621.529
   27423.632
   28238.192
   29102.390
   30021.175
   31000.261
   32046.314
   28594.259
   29489.124
   30442.588
   31461.068
   32552.087
   33724.544
   29882.981
   30872.004
   31930.910
   33068.112
   34293.609
   31309.444
   32409.806
   33594.409
   32897.803
   34131.029
   35466.955
   34678.055
   36687.844
   14596.766
   14817.896
   15045.088
   15278.537
   15518.443
   15765.003
   16018.417
   16278.880
   16546.586
   16821.720
   17104.458
   17394.960
   17693.370
   17999.807
   18314.360
   18637.080
   18967.970
   19306.976
   19653.974
   20008.757
   20371.019
   20740.339
   21116.163
   21497.788
   21884.345
       0.000
       0.000
       0.000
       0.000
       0.000
   14890.074
   15119.940
   15356.211
   15599.097
   15848.808
   16105.555
   16369.549
   16640.996
   16920.098
   17207.047
   17502.025
   17805.193
   18116.694
   18436.637
   18765.100
   19102.110
   19447.641
   19801.597
   20163.797
   20533.964
   20911.701
   21296.478
   21687.607
   22084.227
       0.000
       0.000
       0.000
       0.000
       0.000
   15195.793
   15434.955
   15680.897
   15933.842
   16194.015
   16461.639
   16736.939
   17020.133
   17311.432
   17611.038
   17919.135
   18235.889
   18561.437
   18895.883
   19239.285
   19591.649
   19952.911
   20322.927
   20701.454
   21088.131
   21482.459
   21883.782
   22291.261
   22703.856
       0.000
       0.000
       0.000
       0.000
   15514.772
   15763.846
   16020.108
   16283.797
   16555.154
   16834.417
   17121.826
   17417.612
   17721.998
   18035.194
   18357.392
   18688.758
   19029.427
   19379.493
   19738.997
   20107.915
   20486.144
   20873.486
   21269.624
   21674.105
   22086.315
   22505.456
   22930.521
   23360.273
       0.000
       0.000
       0.000
   15847.943
   16107.606
   16374.903
   16650.091
   16933.431
   17225.177
   17525.586
   17834.905
   18153.369
   18481.200
   18818.597
   19165.729
   19522.729
   19889.679
   20266.601
   20653.441
   21050.052
   21456.174
   21871.409
   22295.203
   22726.813
   23165.285
   23609.427
       0.000
       0.000
       0.000
   16196.336
   16467.332
   16746.453
   17033.978
   17330.186
   17635.354
   17949.756
   18273.657
   18607.310
   18950.950
   19304.783
   19668.986
   20043.688
   20428.961
   20824.808
   21231.142
   21647.768
   22074.360
   22510.433
   22955.321
   23408.143
   23867.777
   24332.839
       0.000
       0.000
   16561.085
   16844.239
   17136.061
   17436.851
   17746.913
   18066.550
   18396.056
   18735.719
   19085.812
   19446.585
   19818.258
   20201.015
   20594.985
   21000.233
   21416.741
   21844.391
   22282.937
   22731.985
   23190.960
   23659.076
   24135.310
   24618.367
       0.000
       0.000
   16943.450
   17239.677
   17545.172
   17860.264
   18185.284
   18520.562
   18866.423
   19223.179
   19591.126
   19970.537
   20361.650
   20764.660
   21179.700
   21606.832
   22046.021
   22497.119
   22959.834
   23433.701
   23918.056
   24411.997
   24914.358
   25423.677
       0.000
   17344.827
   17655.147
   17975.403
   18305.956
   18647.173
   18999.417
   19363.044
   19738.400
   20125.813
   20525.583
   20937.972
   21363.193
   21801.393
   22252.636
   22716.878
   23193.946
   23683.509
   24185.042
   24697.798
   25220.770
   25752.663
   26291.874
   17766.777
   18092.329
   18428.565
   18775.885
   19134.696
   19505.401
   19888.399
   20284.076
   20692.799
   21114.906
   21550.694
   22000.404
   22464.207
   22942.181
   23434.286
   23940.340
   24459.986
   24992.658
   25537.546
   26093.566
   26659.333
   18211.041
   18553.106
   18906.694
   19272.256
   19650.245
   20041.115
   20445.317
   20863.288
   21295.447
   21742.183
   22203.840
   22680.707
   23172.993
   23680.811
   24204.146
   24742.831
   25296.512
   25864.614
   26446.309
   27040.488
   18679.578
   19039.597
   19412.092
   19797.568
   20196.540
   20609.524
   21037.035
   21479.578
   21937.639
   22411.677
   22902.105
   23409.279
   23933.477
   24474.873
   25033.513
   25609.284
   26201.886
   26810.793
   27435.234
   19174.591
   19554.199
   19947.365
   20354.666
   20776.688
   21214.028
   21667.282
   22137.043
   22623.888
   23128.369
   23650.999
   24192.237
   24752.463
   25331.962
   25930.893
   26549.265
   27186.905
   27843.440
   19698.574
   20099.631
   20515.484
   20946.799
   21394.254
   21858.544
   22340.374
   22840.449
   23359.468
   23898.114
   24457.042
   25036.858
   25638.107
   26261.250
   26906.644
   27574.518
   28264.956
   20254.359
   20678.990
   21119.847
   21577.700
   22053.348
   22547.612
   23061.334
   23595.370
   24150.585
   24727.843
   25327.996
   25951.872
   26600.264
   27273.911
   27973.493
   20845.174
   21295.823
   21764.356
   22251.679
   22758.738
   23286.519
   23836.045
   24408.373
   25004.593
   25625.817
   26273.182
   26947.839
   27650.950
   28383.689
   21474.721
   21954.211
   22453.523
   22973.735
   23515.982
   24081.464
   24671.442
   25287.244
   25930.264
   26601.965
   27303.885
   28037.644
   28804.958
   29607.662
   22147.256
   22658.869
   23192.586
   23749.702
   24331.600
   24939.758
   25575.754
   26241.279
   26938.148
   27668.310
   28433.880
   29237.157
   30080.679
   22867.707
   23415.279
   23987.662
   24586.430
   25213.289
   25870.082
   26558.813
   27281.665
   28041.031
   28839.548
   29680.146
   30566.121
   23641.802
   24229.845
   24845.934
   25492.009
   26170.193
   26882.818
   27632.458
   28421.970
   29254.548
   30133.796
   31063.819
   24476.240
   25110.094
   25775.896
   26476.058
   27213.256
   27990.474
   28811.058
   29678.791
   30597.987
   25378.900
   26064.933
   26787.652
   27550.094
   28355.669
   29208.238
   30112.201
   31072.621
   32095.382
   26359.108
   27104.960
   27893.309
   28728.013
   29613.466
   30554.716
   31557.614
   32629.005
   27427.974
   28242.888
   29107.483
   30026.711
   31006.295
   32052.906
   28598.828
   29494.073
   30447.960
   31466.914
   32558.464
   33731.519
   29887.788
   30877.215
   31936.572
   33074.279
   34300.344
   31314.497
   32415.290
   33600.372
   32903.112
   34136.794
   35473.228
   34683.626
   36693.685
   14598.178
   14819.381
   15046.652
   15280.186
   15520.183
   15766.843
   16020.364
   16280.944
   16548.776
   16824.048
   17106.936
   17397.603
   17696.193
   18002.828
   18317.600
   18640.560
   18971.716
   19311.016
   19658.342
   20013.488
   20376.156
   20745.929
   21122.260
   21504.454
   21891.650
       0.000
       0.000
       0.000
       0.000
       0.000
   14891.550
   15121.493
   15357.848
   15600.825
   15850.634
   16107.487
   16371.596
   16643.168
   16922.407
   17209.506
   17504.646
   17807.993
   18119.689
   18439.849
   18768.550
   19105.823
   19451.646
   19805.925
   20168.486
   20539.055
   20917.242
   21302.523
   21694.217
   22091.472
       0.000
       0.000
       0.000
       0.000
       0.000
   15197.335
   15436.580
   15682.612
   15935.654
   16195.931
   16463.670
   16739.094
   17022.423
   17313.869
   17613.636
   17921.910
   18238.858
   18564.619
   18899.300
   19242.963
   19595.615
   19957.198
   20327.571
   20706.495
   21093.617
   21488.445
   21890.328
   22298.437
   22711.743
       0.000
       0.000
       0.000
       0.000
   15516.383
   15765.547
   16021.905
   16285.698
   16557.167
   16836.553
   17124.095
   17420.027
   17724.572
   18037.943
   18360.332
   18691.909
   19032.811
   19383.133
   19742.922
   20112.156
   20490.738
   20878.473
   21275.051
   21680.026
   22092.791
   22512.556
   22938.325
   23368.872
       0.000
       0.000
       0.000
   15849.629
   16109.387
   16376.786
   16652.087
   16935.547
   17227.425
   17527.978
   17837.453
   18156.090
   18484.110
   18821.715
   19169.076
   19526.330
   19893.561
   20270.795
   20657.983
   21054.982
   21461.538
   21877.261
   22301.603
   22733.830
   23172.998
   23617.927
       0.000
       0.000
       0.000
   16198.101
   16469.198
   16748.430
   17036.074
   17332.412
   17637.721
   17952.278
   18276.349
   18610.189
   18954.033
   19308.093
   19672.546
   20047.524
   20433.105
   20829.295
   21236.011
   21653.065
   22080.137
   22516.750
   22962.247
   23415.756
   23876.168
   24342.111
       0.000
       0.000
   16562.934
   16846.196
   17138.135
   17439.054
   17749.256
   18069.045
   18398.718
   18738.565
   19088.860
   19449.855
   19821.775
   20204.804
   20599.076
   21004.661
   21421.546
   21849.617
   22288.636
   22738.215
   23197.789
   23666.582
   24143.583
   24627.509
       0.000
       0.000
   16945.387
   17241.730
   17547.351
   17862.581
   18187.751
   18523.194
   18869.235
   19226.190
   19594.356
   19974.009
   20365.390
   20768.697
   21184.068
   21611.569
   22051.172
   22502.734
   22965.971
   23440.427
   23925.448
   24420.143
   24923.360
   25433.652
       0.000
   17346.858
   17657.303
   17977.694
   18308.395
   18649.774
   19002.195
   19366.017
   19741.588
   20129.238
   20529.271
   20941.952
   21367.498
   21806.061
   22257.709
   22722.406
   23199.986
   23690.126
   24192.313
   24705.809
   25229.621
   25762.471
   26302.772
   17768.907
   18094.593
   18430.974
   18778.453
   19137.438
   19508.335
   19891.544
   20287.454
   20696.435
   21118.828
   21554.934
   22004.999
   22469.199
   22947.618
   23440.225
   23946.844
   24467.130
   25000.526
   25546.238
   26103.196
   26670.033
   18213.278
   18555.485
   18909.229
   19274.962
   19653.139
   20044.216
   20448.646
   20866.869
   21299.309
   21746.356
   22208.360
   22685.616
   23178.338
   23686.645
   24210.532
   24749.842
   25304.231
   25873.138
   26455.750
   27050.977
   18681.926
   19042.099
   19414.761
   19800.421
   20199.596
   20612.803
   21040.561
   21483.378
   21941.744
   22416.120
   22906.928
   23414.527
   23939.203
   24481.137
   25040.386
   25616.848
   26210.235
   26820.037
   27445.499
   19177.058
   19556.831
   19950.177
   20357.676
   20779.917
   21217.498
   21671.020
   22141.078
   22628.254
   23133.104
   23656.149
   24197.852
   24758.602
   25338.694
   25938.297
   26557.432
   27195.943
   27853.472
   19701.168
   20102.401
   20518.448
   20949.976
   21397.667
   21862.218
   22344.338
   22844.735
   23364.114
   23903.164
   24462.543
   25042.869
   25644.694
   26268.490
   26914.625
   27583.343
   28274.746
   20257.086
   20681.906
   21122.972
   21581.055
   22056.957
   22551.503
   23065.539
   23599.926
   24155.533
   24733.230
   25333.877
   25958.311
   26607.335
   27281.701
   27982.100
   20848.044
   21298.896
   21767.652
   22255.223
   22762.557
   23290.643
   23840.509
   24413.218
   25009.863
   25631.567
   26279.472
   26954.740
   27658.545
   28392.074
   21477.740
   21957.449
   22457.002
   22977.480
   23520.024
   24085.836
   24676.183
   25292.397
   25935.880
   26608.103
   27310.613
   28045.042
   28813.117
   29616.689
   22150.435
   22662.282
   23196.258
   23753.662
   24335.880
   24944.394
   25580.789
   26246.762
   26944.134
   27674.866
   28441.079
   29245.089
   30089.445
   22871.054
   23418.877
   23991.538
   24590.617
   25217.820
   25874.999
   26564.161
   27287.499
   28047.412
   28846.548
   29687.849
   30574.624
   23645.327
   24233.639
   24850.027
   25496.436
   26174.992
   26888.033
   27638.140
   28428.177
   29261.350
   30141.270
   31072.058
   24479.952
   25114.096
   25780.219
   26480.739
   27218.337
   27996.004
   28817.092
   29685.395
   30605.234
   25382.809
   26069.152
   26792.216
   27555.043
   28361.049
   29214.101
   30118.608
   31079.643
   32103.100
   26363.225
   27109.409
   27898.128
   28733.244
   29619.160
   30560.930
   31564.413
   32636.466
   27432.308
   28247.578
   29112.568
   30032.238
   31012.318
   32059.488
   28603.390
   29499.014
   30453.323
   31472.751
   32564.832
   33738.484
   29892.587
   30882.418
   31942.225
   33080.437
   34307.068
   31319.543
   32420.764
   33606.326
   32908.412
   34142.549
   35479.491
   34689.190
   36699.517
   14599.589
   14820.865
   15048.214
   15281.833
   15521.921
   15768.679
   16022.307
   16283.004
   16550.963
   16826.372
   17109.410
   17400.241
   17699.011
   18005.844
   18320.833
   18644.033
   18975.454
   19315.048
   19662.699
   20018.209
   20381.281
   20751.506
   21128.343
   21511.104
   21898.937
       0.000
       0.000
       0.000
       0.000
       0.000
   14893.022
   15123.044
   15359.483
   15602.550
   15852.456
   16109.416
   16373.640
   16645.337
   16924.712
   17211.959
   17507.262
   17810.788
   18122.679
   18443.054
   18771.992
   19109.528
   19455.642
   19810.244
   20173.165
   20544.135
   20922.770
   21308.553
   21700.810
   22098.698
       0.000
       0.000
       0.000
       0.000
       0.000
   15198.874
   15438.202
   15684.324
   15937.462
   16197.845
   16465.697
   16741.245
   17024.708
   17316.302
   17616.229
   17924.679
   18241.821
   18567.795
   18902.711
   19246.633
   19599.573
   19961.475
   20332.204
   20711.525
   21099.091
   21494.416
   21896.858
   22305.595
   22719.609
       0.000
       0.000
       0.000
       0.000
   15517.993
   15767.244
   16023.698
   16287.595
   16559.176
   16838.685
   17126.361
   17422.437
   17727.141
   18040.686
   18363.266
   18695.053
   19036.187
   19386.766
   19746.839
   20116.389
   20495.323
   20883.450
   21280.467
   21685.933
   22099.251
   22519.639
   22946.109
   23377.449
       0.000
       0.000
       0.000
   15851.313
   16111.165
   16378.667
   16654.078
   16937.659
   17229.669
   17530.365
   17839.997
   18158.806
   18487.014
   18824.827
   19172.417
   19529.923
   19897.435
   20274.980
   20662.515
   21059.902
   21466.890
   21883.099
   22307.987
   22740.829
   23180.691
   23626.406
       0.000
       0.000
       0.000
   16199.863
   16471.062
   16750.403
   17038.166
   17334.633
   17640.085
   17954.796
   18279.037
   18613.062
   18957.111
   19311.396
   19676.098
   20051.353
   20437.241
   20833.772
   21240.870
   21658.350
   22085.901
   22523.053
   22969.156
   23423.351
   23884.538
   24351.360
       0.000
       0.000
   16564.779
   16848.150
   17140.207
   17441.253
   17751.595
   18071.536
   18401.376
   18741.406
   19091.902
   19453.119
   19825.284
   20208.585
   20603.159
   21009.080
   21426.340
   21854.831
   22294.321
   22744.430
   23204.601
   23674.070
   24151.835
   24636.629
       0.000
       0.000
   16947.321
   17243.780
   17549.527
   17864.894
   18190.214
   18525.822
   18872.043
   19229.195
   19597.580
   19977.474
   20369.122
   20772.725
   21188.427
   21616.296
   22056.312
   22508.337
   22972.094
   23447.137
   23932.822
   24428.269
   24932.339
   25443.602
       0.000
   17348.886
   17659.455
   17979.980
   18310.830
   18652.370
   19004.968
   19368.984
   19744.770
   20132.657
   20532.952
   20945.924
   21371.794
   21810.718
   22262.771
   22727.922
   23206.013
   23696.729
   24199.566
   24713.800
   25238.451
   25772.254
   26313.642
   17771.035
   18096.853
   18433.379
   18781.017
   19140.176
   19511.264
   19894.683
   20290.826
   20700.064
   21122.742
   21559.165
   22009.585
   22474.181
   22953.044
   23446.150
   23953.334
   24474.256
   25008.376
   25554.909
   26112.802
   26680.705
   18215.510
   18557.860
   18911.760
   19277.664
   19656.028
   20047.311
   20451.969
   20870.444
   21303.163
   21750.520
   22212.872
   22690.514
   23183.671
   23692.466
   24216.904
   24756.837
   25311.932
   25881.642
   26465.169
   27061.439
   18684.271
   19044.596
   19417.426
   19803.270
   20202.646
   20616.077
   21044.081
   21487.171
   21945.840
   22420.555
   22911.741
   23419.765
   23944.917
   24487.388
   25047.244
   25624.395
   26218.564
   26829.258
   27455.740
   19179.522
   19559.458
   19952.984
   20360.681
   20783.139
   21220.962
   21674.750
   22145.105
   22632.611
   23137.830
   23661.288
   24203.455
   24764.729
   25345.411
   25945.684
   26565.581
   27204.960
   27863.480
   19703.757
   20105.166
   20521.407
   20953.147
   21401.073
   21865.885
   22348.294
   22849.013
   23368.751
   23908.203
   24468.034
   25048.868
   25651.267
   26275.713
   26922.588
   27592.148
   28284.514
   20259.809
   20684.818
   21126.091
   21584.404
   22060.560
   22555.388
   23069.737
   23604.473
   24160.470
   24738.606
   25339.746
   25964.738
   26614.392
   27289.473
   27990.688
   20850.908
   21301.963
   21770.943
   22258.761
   22766.369
   23294.759
   23844.965
   24418.053
   25015.123
   25637.305
   26285.749
   26961.627
   27666.124
   28400.440
   21480.755
   21960.681
   22460.475
   22981.219
   23524.059
   24090.200
   24680.914
   25297.540
   25941.486
   26614.229
   27317.329
   28052.425
   28821.259
   29625.697
   22153.608
   22665.689
   23199.924
   23757.614
   24340.151
   24949.021
   25585.814
   26252.234
   26950.109
   27681.408
   28448.264
   29253.004
   30098.192
   22874.395
   23422.469
   23995.408
   24594.796
   25222.344
   25879.907
   26569.500
   27293.322
   28053.781
   28853.535
   29695.536
   30583.108
   23648.845
   24237.427
   24854.114
   25500.855
   26179.782
   26893.238
   27643.811
   28434.373
   29268.138
   30148.730
   31080.280
   24483.658
   25118.090
   25784.534
   26485.412
   27223.410
   28001.524
   28823.116
   29691.986
   30612.468
   25386.712
   26073.364
   26796.773
   27559.984
   28366.420
   29219.954
   30125.004
   31086.652
   32110.803
   26367.335
   27113.850
   27902.938
   28738.467
   29624.844
   30567.133
   31571.201
   32643.915
   27436.635
   28252.259
   29117.645
   30037.757
   31018.332
   32066.058
   28607.945
   29503.947
   30458.678
   31478.577
   32571.188
   33745.436
   29897.379
   30887.612
   31947.870
   33086.585
   34313.781
   31324.581
   32426.231
   33612.271
   32913.705
   34148.296
   35485.745
   34694.745
   36705.342
   14600.997
   14822.346
   15049.773
   15283.476
   15523.656
   15770.513
   16024.247
   16285.060
   16553.145
   16828.691
   17111.879
   17402.874
   17701.824
   18008.854
   18324.059
   18647.499
   18979.184
   19319.071
   19667.047
   20022.919
   20386.394
   20757.069
   21134.411
   21517.737
   21906.205
       0.000
       0.000
       0.000
       0.000
       0.000
   14894.493
   15124.592
   15361.114
   15604.272
   15854.276
   16111.341
   16375.680
   16647.502
   16927.013
   17214.409
   17509.874
   17813.577
   18125.664
   18446.253
   18775.428
   19113.226
   19459.629
   19814.554
   20177.833
   20549.203
   20928.285
   21314.568
   21707.387
   22105.907
       0.000
       0.000
       0.000
       0.000
       0.000
   15200.410
   15439.822
   15686.032
   15939.268
   16199.755
   16467.721
   16743.392
   17026.990
   17318.730
   17618.818
   17927.444
   18244.778
   18570.965
   18906.115
   19250.296
   19603.523
   19965.743
   20336.827
   20716.544
   21104.552
   21500.373
   21903.372
   22312.736
   22727.455
       0.000
       0.000
       0.000
       0.000
   15519.599
   15768.939
   16025.489
   16289.489
   16561.183
   16840.813
   17128.622
   17424.843
   17729.706
   18043.424
   18366.195
   18698.192
   19039.557
   19390.392
   19750.748
   20120.613
   20499.897
   20888.415
   21285.870
   21691.827
   22105.696
   22526.704
   22953.874
   23386.004
       0.000
       0.000
       0.000
   15852.993
   16112.940
   16380.544
   16656.066
   16939.768
   17231.909
   17532.748
   17842.537
   18161.516
   18489.913
   18827.932
   19175.751
   19533.510
   19901.301
   20279.157
   20667.038
   21064.810
   21472.231
   21888.924
   22314.356
   22747.811
   23188.366
   23634.862
       0.000
       0.000
       0.000
   16201.622
   16472.922
   16752.372
   17040.255
   17336.851
   17642.444
   17957.310
   18281.719
   18615.930
   18960.183
   19314.693
   19679.644
   20055.174
   20441.367
   20838.239
   21245.718
   21663.624
   22091.652
   22529.340
   22976.049
   23430.927
   23892.887
   24360.584
       0.000
       0.000
   16566.622
   16850.101
   17142.274
   17443.448
   17753.929
   18074.022
   18404.029
   18744.242
   19094.939
   19456.377
   19828.787
   20212.359
   20607.234
   21013.490
   21431.125
   21860.034
   22299.994
   22750.631
   23211.398
   23681.540
   24160.067
   24645.725
       0.000
       0.000
   16949.251
   17245.826
   17551.699
   17867.203
   18192.673
   18528.444
   18874.845
   19232.195
   19600.797
   19980.932
   20372.847
   20776.746
   21192.777
   21621.014
   22061.441
   22513.927
   22978.203
   23453.832
   23940.178
   24436.375
   24941.296
   25453.526
       0.000
   17350.910
   17661.603
   17982.263
   18313.260
   18654.961
   19007.736
   19371.947
   19747.946
   20136.070
   20536.626
   20949.889
   21376.082
   21815.367
   22267.822
   22733.426
   23212.026
   23703.316
   24206.803
   24721.772
   25247.259
   25782.013
   26324.484
   17773.158
   18099.109
   18435.780
   18783.576
   19142.909
   19514.187
   19897.817
   20294.191
   20703.685
   21126.648
   21563.388
   22014.161
   22479.152
   22958.459
   23452.063
   23959.809
   24481.367
   25016.207
   25563.559
   26122.384
   26691.351
   18217.739
   18560.231
   18914.287
   19280.360
   19658.912
   20050.401
   20455.286
   20874.012
   21307.010
   21754.677
   22217.374
   22695.403
   23188.992
   23698.275
   24223.263
   24763.816
   25319.615
   25890.125
   26474.564
   27071.875
   18686.612
   19047.089
   19420.086
   19806.113
   20205.691
   20619.344
   21047.594
   21490.957
   21949.929
   22424.982
   22916.545
   23424.991
   23950.618
   24493.626
   25054.087
   25631.925
   26226.874
   26838.458
   27465.955
   19181.981
   19562.081
   19955.787
   20363.680
   20786.357
   21224.419
   21678.474
   22149.124
   22636.960
   23142.547
   23666.417
   24209.047
   24770.842
   25352.114
   25953.055
   26573.711
   27213.955
   27873.465
   19706.342
   20107.926
   20524.360
   20956.313
   21404.474
   21869.546
   22352.243
   22853.283
   23373.379
   23913.232
   24473.514
   25054.855
   25657.826
   26282.921
   26930.533
   27600.933
   28294.259
   20262.527
   20687.725
   21129.205
   21587.747
   22064.157
   22559.265
   23073.927
   23609.011
   24165.398
   24743.971
   25345.604
   25971.150
   26621.433
   27297.229
   27999.257
   20853.768
   21305.025
   21774.228
   22262.293
   22770.174
   23298.868
   23849.412
   24422.878
   25020.373
   25643.031
   26292.014
   26968.500
   27673.686
   28408.788
   21483.764
   21963.907
   22463.941
   22984.951
   23528.086
   24094.556
   24685.637
   25302.674
   25947.080
   26620.344
   27324.030
   28059.792
   28829.384
   29634.685
   22156.776
   22669.090
   23203.583
   23761.559
   24344.415
   24953.640
   25590.831
   26257.696
   26956.072
   27687.937
   28455.434
   29260.902
   30106.920
   22877.731
   23426.055
   23999.272
   24598.967
   25226.859
   25884.805
   26574.829
   27299.134
   28060.138
   28860.507
   29703.208
   30591.576
   23652.358
   24241.208
   24858.194
   25505.266
   26184.564
   26898.434
   27649.472
   28440.558
   29274.914
   30156.175
   31088.486
   24487.357
   25122.078
   25788.842
   26490.076
   27228.473
   28007.035
   28829.129
   29698.565
   30619.688
   25390.609
   26077.569
   26801.322
   27564.916
   28371.781
   29225.797
   30131.389
   31093.648
   32118.492
   26371.438
   27118.284
   27907.740
   28743.680
   29630.519
   30573.326
   31577.977
   32651.349
   27440.956
   28256.933
   29122.713
   30043.265
   31024.335
   32072.616
   28612.493
   29508.872
   30464.024
   31484.395
   32577.534
   33752.376
   29902.163
   30892.799
   31953.505
   33092.723
   34320.483
   31329.611
   32431.688
   33618.206
   32918.990
   34154.034
   35491.990
   34700.292
   36711.159
   14602.402
   14823.824
   15051.330
   15285.117
   15525.388
   15772.343
   16026.184
   16287.112
   16555.323
   16831.006
   17114.343
   17405.502
   17704.631
   18011.857
   18327.279
   18650.957
   18982.906
   19323.085
   19671.386
   20027.618
   20391.495
   20762.620
   21140.464
   21524.354
   21913.455
       0.000
       0.000
       0.000
       0.000
       0.000
   14895.961
   15126.137
   15362.743
   15605.991
   15856.093
   16113.263
   16377.717
   16649.663
   16929.310
   17216.853
   17512.480
   17816.360
   18128.642
   18449.446
   18778.857
   19116.916
   19463.609
   19818.854
   20182.491
   20554.259
   20933.787
   21320.569
   21713.948
   22113.097
       0.000
       0.000
       0.000
       0.000
       0.000
   15201.944
   15441.438
   15687.738
   15941.070
   16201.661
   16469.741
   16745.535
   17029.267
   17321.154
   17621.401
   17930.202
   18247.729
   18574.128
   18909.512
   19253.951
   19607.464
   19970.002
   20341.439
   20721.551
   21110.001
   21506.316
   21909.870
   22319.859
   22735.282
       0.000
       0.000
       0.000
       0.000
   15521.203
   15770.631
   16027.276
   16291.380
   16563.185
   16842.938
   17130.879
   17427.245
   17732.265
   18046.157
   18369.118
   18701.324
   19042.920
   19394.010
   19754.649
   20124.828
   20504.461
   20893.370
   21291.260
   21697.707
   22112.125
   22533.752
   22961.619
   23394.537
       0.000
       0.000
       0.000
   15854.671
   16114.712
   16382.418
   16658.051
   16941.873
   17234.145
   17535.127
   17845.072
   18164.222
   18492.806
   18831.032
   19179.079
   19537.089
   19905.159
   20283.325
   20671.550
   21069.708
   21477.559
   21894.735
   22320.710
   22754.777
   23196.021
   23643.298
       0.000
       0.000
       0.000
   16203.378
   16474.779
   16754.339
   17042.340
   17339.065
   17644.799
   17959.818
   18284.396
   18618.792
   18963.249
   19317.984
   19683.182
   20058.987
   20445.486
   20842.698
   21250.555
   21668.886
   22097.390
   22535.614
   22982.925
   23438.484
   23901.215
   24369.785
       0.000
       0.000
   16568.461
   16852.048
   17144.339
   17445.640
   17756.259
   18076.504
   18406.677
   18747.072
   19097.969
   19459.629
   19832.283
   20216.125
   20611.301
   21017.891
   21435.899
   21865.226
   22305.654
   22756.818
   23218.179
   23688.992
   24168.278
   24654.798
       0.000
       0.000
   16951.179
   17247.869
   17553.867
   17869.508
   18195.127
   18531.062
   18877.642
   19235.189
   19604.009
   19984.384
   20376.564
   20780.758
   21197.118
   21625.722
   22066.559
   22519.505
   22984.299
   23460.511
   23947.517
   24444.461
   24950.230
   25463.425
       0.000
   17352.931
   17663.747
   17984.542
   18315.686
   18657.548
   19010.499
   19374.903
   19751.116
   20139.476
   20540.293
   20953.845
   21380.361
   21820.005
   22272.863
   22738.918
   23218.026
   23709.888
   24214.022
   24729.726
   25256.045
   25791.747
   26335.298
   17775.278
   18101.362
   18438.177
   18786.131
   19145.637
   19517.106
   19900.944
   20297.550
   20707.300
   21130.547
   21567.603
   22018.728
   22484.113
   22963.862
   23457.963
   23966.269
   24488.461
   25024.019
   25572.188
   26131.943
   26701.969
   18219.965
   18562.598
   18916.809
   19283.053
   19661.790
   20053.485
   20458.596
   20877.574
   21310.849
   21758.826
   22221.867
   22700.282
   23194.303
   23704.072
   24229.607
   24770.779
   25327.281
   25898.589
   26483.936
   27082.285
   18688.948
   19049.578
   19422.741
   19808.952
   20208.731
   20622.606
   21051.101
   21494.736
   21954.010
   22429.399
   22921.339
   23430.207
   23956.308
   24499.850
   25060.915
   25639.437
   26235.165
   26847.635
   27476.145
   19184.436
   19564.699
   19958.584
   20366.674
   20789.568
   21227.870
   21682.191
   22153.136
   22641.300
   23147.254
   23671.535
   24214.627
   24776.943
   25358.803
   25960.410
   26581.823
   27222.930
   27883.425
   19708.923
   20110.682
   20527.309
   20959.474
   21407.868
   21873.200
   22356.184
   22857.544
   23377.998
   23918.251
   24478.982
   25060.829
   25664.372
   26290.114
   26938.460
   27609.698
   28303.980
   20265.241
   20690.627
   21132.314
   21591.085
   22067.747
   22563.136
   23078.109
   23613.541
   24170.317
   24749.326
   25351.450
   25977.550
   26628.460
   27304.968
   28007.807
   20856.623
   21308.081
   21777.508
   22265.818
   22773.972
   23302.970
   23853.851
   24427.695
   25025.613
   25648.747
   26298.265
   26975.358
   27681.233
   28417.118
   21486.768
   21967.129
   22467.402
   22988.677
   23532.106
   24098.903
   24690.351
   25307.797
   25952.664
   26626.446
   27330.718
   28067.144
   28837.491
   29643.654
   22159.938
   22672.486
   23207.236
   23765.498
   24348.671
   24958.251
   25595.838
   26263.147
   26962.024
   27694.454
   28462.590
   29268.785
   30115.630
   22881.061
   23429.635
   24003.128
   24603.132
   25231.366
   25889.695
   26580.148
   27304.935
   28066.483
   28867.467
   29710.865
   30600.026
   23655.865
   24244.983
   24862.266
   25509.670
   26189.337
   26903.621
   27655.122
   28446.730
   29281.676
   30163.606
   31096.676
   24491.051
   25126.059
   25793.143
   26494.733
   27233.528
   28012.535
   28835.131
   29705.132
   30626.894
   25394.499
   26081.768
   26805.863
   27569.840
   28377.133
   29231.629
   30137.762
   31100.631
   32126.167
   26375.535
   27122.711
   27912.535
   28748.885
   29636.184
   30579.507
   31584.740
   32658.771
   27445.270
   28261.600
   29127.773
   30048.765
   31030.328
   32079.164
   28617.033
   29513.789
   30469.362
   31490.202
   32583.869
   33759.305
   29906.940
   30897.977
   31959.132
   33098.851
   34327.174
   31334.634
   32437.138
   33624.132
   32924.267
   34159.764
   35498.225
   34705.832
   36716.967
   14603.806
   14825.300
   15052.884
   15286.755
   15527.117
   15774.170
   16028.117
   16289.161
   16557.497
   16833.317
   17116.803
   17408.124
   17707.432
   18014.855
   18330.493
   18654.409
   18986.621
   19327.091
   19675.715
   20032.306
   20396.585
   20768.157
   21146.503
   21530.955
   21920.687
       0.000
       0.000
       0.000
       0.000
       0.000
   14897.427
   15127.680
   15364.370
   15607.707
   15857.906
   16115.182
   16379.749
   16651.820
   16931.602
   17219.293
   17515.081
   17819.138
   18131.614
   18452.632
   18782.278
   19120.598
   19467.579
   19823.145
   20187.138
   20559.304
   20939.276
   21326.556
   21720.493
   22120.269
       0.000
       0.000
       0.000
       0.000
       0.000
   15203.476
   15443.052
   15689.441
   15942.869
   16203.565
   16471.757
   16747.674
   17031.540
   17323.573
   17623.980
   17932.956
   18250.675
   18577.285
   18912.902
   19257.599
   19611.397
   19974.252
   20346.042
   20726.547
   21115.437
   21512.245
   21916.353
   22326.964
   22743.088
       0.000
       0.000
       0.000
       0.000
   15522.804
   15772.321
   16029.061
   16293.267
   16565.185
   16845.058
   17133.132
   17429.642
   17734.820
   18048.885
   18372.035
   18704.450
   19046.276
   19397.621
   19758.542
   20129.034
   20509.016
   20898.313
   21296.639
   21703.573
   22118.539
   22540.782
   22969.345
   23403.047
       0.000
       0.000
       0.000
   15856.346
   16116.481
   16384.289
   16660.033
   16943.974
   17236.377
   17537.501
   17847.602
   18166.923
   18495.694
   18834.126
   19182.400
   19540.661
   19909.009
   20287.484
   20676.053
   21074.594
   21482.875
   21900.533
   22327.049
   22761.726
   23203.658
   23651.712
       0.000
       0.000
       0.000
   16205.132
   16476.633
   16756.301
   17044.421
   17341.276
   17647.149
   17962.323
   18287.069
   18621.649
   18966.309
   19321.268
   19686.713
   20062.792
   20449.596
   20847.146
   21255.382
   21674.136
   22103.115
   22541.872
   22989.785
   23446.023
   23909.523
   24378.963
       0.000
       0.000
   16570.297
   16853.992
   17146.399
   17447.828
   17758.586
   18078.982
   18409.321
   18749.897
   19100.994
   19462.874
   19835.772
   20219.884
   20615.359
   21022.283
   21440.662
   21870.406
   22311.301
   22762.991
   23224.944
   23696.426
   24176.470
   24663.848
       0.000
       0.000
   16953.103
   17249.909
   17556.032
   17871.809
   18197.578
   18533.675
   18880.434
   19238.178
   19607.214
   19987.829
   20380.274
   20784.763
   21201.450
   21630.419
   22071.666
   22525.071
   22990.381
   23467.175
   23954.839
   24452.528
   24959.143
   25473.298
       0.000
   17354.949
   17665.888
   17986.817
   18318.107
   18660.130
   19013.257
   19377.855
   19754.281
   20142.875
   20543.953
   20957.794
   21384.631
   21824.634
   22277.894
   22744.398
   23224.012
   23716.446
   24221.225
   24737.660
   25264.810
   25801.457
   26346.084
   17777.395
   18103.610
   18440.569
   18788.681
   19148.360
   19520.018
   19904.066
   20300.902
   20710.908
   21134.438
   21571.809
   22023.286
   22489.064
   22969.253
   23463.851
   23972.715
   24495.539
   25031.814
   25580.796
   26141.477
   26712.560
   18222.186
   18564.961
   18919.327
   19285.740
   19664.664
   20056.564
   20461.901
   20881.129
   21314.681
   21762.966
   22226.352
   22705.150
   23199.603
   23709.856
   24235.937
   24777.727
   25334.928
   25907.032
   26493.286
   27092.669
   18691.281
   19052.063
   19425.392
   19811.785
   20211.765
   20625.861
   21054.602
   21498.507
   21958.083
   22433.808
   22926.123
   23435.412
   23961.986
   24506.060
   25067.728
   25646.933
   26243.437
   26856.791
   27486.311
   19186.887
   19567.313
   19961.377
   20369.663
   20792.773
   21231.315
   21685.901
   22157.140
   22645.632
   23151.953
   23676.644
   24220.196
   24783.030
   25365.477
   25967.748
   26589.916
   27231.884
   27893.362
   19711.499
   20113.433
   20530.252
   20962.629
   21411.257
   21876.847
   22360.118
   22861.798
   23382.609
   23923.261
   24484.440
   25066.791
   25670.903
   26297.291
   26946.370
   27618.443
   28313.680
   20267.950
   20693.523
   21135.418
   21594.416
   22071.330
   22566.999
   23082.283
   23618.062
   24175.226
   24754.670
   25357.283
   25983.937
   26635.472
   27312.690
   28016.338
   20859.473
   21311.133
   21780.782
   22269.338
   22777.764
   23307.064
   23858.282
   24432.503
   25030.842
   25654.451
   26304.504
   26982.202
   27688.764
   28425.430
   21489.768
   21970.344
   22470.856
   22992.397
   23536.119
   24103.244
   24695.056
   25312.911
   25958.237
   26632.536
   27337.393
   28074.481
   28845.581
   29652.603
   22163.096
   22675.875
   23210.883
   23769.430
   24352.920
   24962.853
   25600.835
   26268.589
   26967.964
   27700.957
   28469.732
   29276.651
   30124.322
   22884.385
   23433.209
   24006.979
   24607.289
   25235.865
   25894.576
   26585.457
   27310.725
   28072.815
   28874.412
   29718.506
   30608.459
   23659.366
   24248.752
   24866.332
   25514.066
   26194.101
   26908.798
   27660.763
   28452.892
   29288.426
   30171.022
   31104.850
   24494.738
   25130.033
   25797.436
   26499.382
   27238.574
   28018.026
   28841.122
   29711.687
   30634.086
   25398.383
   26085.959
   26810.397
   27574.756
   28382.476
   29237.452
   30144.124
   31107.602
   32133.827
   26379.625
   27127.130
   27917.321
   28754.082
   29641.839
   30585.678
   31591.492
   32666.179
   27449.576
   28266.259
   29132.824
   30054.256
   31036.311
   32085.700
   28621.566
   29518.698
   30474.690
   31496.001
   32590.194
   33766.223
   29911.710
   30903.147
   31964.749
   33104.970
   34333.854
   31339.649
   32442.579
   33630.049
   32929.537
   34165.485
   35504.451
   34711.363
   36722.767
   14605.207
   14826.773
   15054.435
   15288.391
   15528.842
   15775.994
   16030.047
   16291.206
   16559.667
   16835.624
   17119.259
   17410.742
   17710.228
   18017.847
   18333.700
   18657.853
   18990.327
   19331.088
   19680.034
   20036.985
   20401.663
   20773.682
   21152.527
   21537.539
   21927.900
       0.000
       0.000
       0.000
       0.000
       0.000
   14898.890
   15129.221
   15365.993
   15609.420
   15859.716
   16117.097
   16381.779
   16653.974
   16933.890
   17221.729
   17517.678
   17821.911
   18134.581
   18455.812
   18785.693
   19124.272
   19471.541
   19827.427
   20191.775
   20564.337
   20944.753
   21332.528
   21727.022
   22127.424
       0.000
       0.000
       0.000
       0.000
       0.000
   15205.005
   15444.664
   15691.141
   15944.665
   16205.465
   16473.770
   16749.810
   17033.809
   17325.987
   17626.554
   17935.704
   18253.615
   18580.435
   18916.285
   19261.239
   19615.322
   19978.493
   20350.634
   20731.532
   21120.861
   21518.161
   21922.820
   22334.052
   22750.875
       0.000
       0.000
       0.000
       0.000
   15524.403
   15774.007
   16030.842
   16295.151
   16567.180
   16847.175
   17135.380
   17432.035
   17737.371
   18051.607
   18374.947
   18707.570
   19049.626
   19401.224
   19762.426
   20133.231
   20513.560
   20903.245
   21302.005
   21709.425
   22124.938
   22547.796
   22977.051
   23411.536
       0.000
       0.000
       0.000
   15858.019
   16118.247
   16386.157
   16662.011
   16946.072
   17238.605
   17539.871
   17850.127
   18169.618
   18498.577
   18837.214
   19185.714
   19544.226
   19912.851
   20291.634
   20680.547
   21079.471
   21488.180
   21906.317
   22333.373
   22768.658
   23211.275
   23660.104
       0.000
       0.000
       0.000
   16206.882
   16478.483
   16758.261
   17046.499
   17343.482
   17649.496
   17964.822
   18289.736
   18624.501
   18969.363
   19324.545
   19690.238
   20066.590
   20453.697
   20851.586
   21260.199
   21679.375
   22108.826
   22548.116
   22996.629
   23453.544
   23917.809
   24388.116
       0.000
       0.000
   16572.131
   16855.932
   17148.456
   17450.011
   17760.908
   18081.455
   18411.959
   18752.717
   19104.014
   19466.114
   19839.254
   20223.635
   20619.409
   21026.666
   21445.416
   21875.575
   22316.936
   22769.150
   23231.693
   23703.842
   24184.641
   24672.875
       0.000
       0.000
   16955.024
   17251.945
   17558.193
   17874.106
   18200.023
   18536.284
   18883.221
   19241.161
   19610.414
   19991.267
   20383.977
   20788.759
   21205.773
   21635.107
   22076.762
   22530.625
   22996.449
   23473.824
   23962.143
   24460.575
   24968.033
   25483.146
       0.000
   17356.963
   17668.025
   17989.089
   18320.525
   18662.707
   19016.010
   19380.801
   19757.439
   20146.268
   20547.606
   20961.735
   21388.893
   21829.253
   22282.913
   22749.867
   23229.986
   23722.989
   24228.411
   24745.575
   25273.553
   25811.142
   26356.842
   17779.508
   18105.855
   18442.958
   18791.227
   19151.078
   19522.926
   19907.182
   20304.249
   20714.509
   21138.322
   21576.007
   22027.834
   22494.005
   22974.633
   23469.725
   23979.147
   24502.601
   25039.590
   25589.383
   26150.988
   26723.125
   18224.404
   18567.320
   18921.840
   19288.423
   19667.532
   20059.636
   20465.200
   20884.677
   21318.506
   21767.099
   22230.827
   22710.009
   23204.891
   23715.628
   24242.254
   24784.660
   25342.559
   25915.456
   26502.613
   27103.028
   18693.610
   19054.543
   19428.039
   19814.614
   20214.794
   20629.111
   21058.095
   21502.272
   21962.148
   22438.209
   22930.898
   23440.606
   23967.652
   24512.258
   25074.526
   25654.412
   26251.689
   26865.925
   27496.451
   19189.334
   19569.923
   19964.164
   20372.647
   20795.973
   21234.754
   21689.604
   22161.137
   22649.956
   23156.642
   23681.742
   24225.753
   24789.105
   25372.136
   25975.071
   26597.992
   27240.817
   27903.275
   19714.071
   20116.180
   20533.190
   20965.778
   21414.639
   21880.487
   22364.045
   22866.044
   23387.210
   23928.260
   24489.886
   25072.740
   25677.421
   26304.452
   26954.262
   27627.168
   28323.356
   20270.655
   20696.415
   21138.516
   21597.742
   22074.907
   22570.855
   23086.449
   23622.574
   24180.126
   24760.004
   25363.106
   25990.310
   26642.469
   27320.395
   28024.849
   20862.318
   21314.179
   21784.050
   22272.851
   22781.549
   23311.150
   23862.705
   24437.301
   25036.062
   25660.144
   26310.731
   26989.032
   27696.279
   28433.724
   21492.762
   21973.554
   22474.305
   22996.109
   23540.125
   24107.576
   24699.752
   25318.016
   25963.799
   26638.614
   27344.054
   28081.803
   28853.654
   29661.533
   22166.248
   22679.259
   23214.523
   23773.355
   24357.161
   24967.447
   25605.824
   26274.020
   26973.893
   27707.448
   28476.859
   29284.501
   30132.996
   22887.704
   23436.777
   24010.822
   24611.439
   25240.356
   25899.449
   26590.756
   27316.505
   28079.136
   28881.344
   29726.132
   30616.874
   23662.861
   24252.514
   24870.391
   25518.455
   26198.858
   26913.966
   27666.392
   28459.042
   29295.163
   30178.424
   31113.008
   24498.420
   25134.001
   25801.722
   26504.023
   27243.611
   28023.507
   28847.102
   29718.230
   30641.265
   25402.260
   26090.143
   26814.923
   27579.663
   28387.809
   29243.264
   30150.474
   31114.560
   32141.473
   26383.709
   27131.543
   27922.100
   28759.269
   29647.484
   30591.838
   31598.232
   32673.574
   27453.876
   28270.910
   29137.868
   30059.737
   31042.283
   32092.225
   28626.093
   29523.599
   30480.011
   31501.790
   32596.509
   33773.128
   29916.472
   30908.310
   31970.358
   33111.078
   34340.524
   31344.657
   32448.012
   33635.957
   32934.798
   34171.198
   35510.667
   34716.886
   36728.559
   14606.606
   14828.245
   15055.984
   15290.023
   15530.565
   15777.814
   16031.974
   16293.247
   16561.833
   16837.926
   17121.709
   17413.355
   17713.019
   18020.832
   18336.900
   18661.290
   18994.026
   19335.077
   19684.344
   20041.652
   20406.729
   20779.193
   21158.537
   21544.108
   21935.095
       0.000
       0.000
       0.000
       0.000
       0.000
   14900.351
   15130.759
   15367.614
   15611.131
   15861.523
   16119.009
   16383.805
   16656.123
   16936.174
   17224.160
   17520.270
   17824.679
   18137.542
   18458.985
   18789.101
   19127.939
   19475.495
   19831.699
   20196.402
   20569.360
   20950.216
   21338.487
   21733.535
   22134.560
       0.000
       0.000
       0.000
       0.000
       0.000
   15206.532
   15446.272
   15692.839
   15946.458
   16207.362
   16475.779
   16751.941
   17036.074
   17328.398
   17629.123
   17938.448
   18256.549
   18583.580
   18919.661
   19264.871
   19619.238
   19982.725
   20355.217
   20736.506
   21126.272
   21524.062
   21929.272
   22341.122
   22758.642
       0.000
       0.000
       0.000
       0.000
   15525.999
   15775.691
   16032.620
   16297.032
   16569.173
   16849.289
   17137.625
   17434.423
   17739.916
   18054.325
   18377.854
   18710.684
   19052.969
   19404.821
   19766.303
   20137.419
   20518.095
   20908.167
   21307.359
   21715.264
   22131.321
   22554.792
   22984.739
   23420.004
       0.000
       0.000
       0.000
   15859.689
   16120.011
   16388.022
   16663.985
   16948.166
   17240.829
   17542.237
   17852.648
   18172.309
   18501.454
   18840.296
   19189.022
   19547.784
   19916.686
   20295.776
   20685.031
   21084.336
   21493.472
   21912.089
   22339.683
   22775.573
   23218.874
   23668.476
       0.000
       0.000
       0.000
   16208.630
   16480.331
   16760.217
   17048.573
   17345.684
   17651.838
   17967.318
   18292.399
   18627.348
   18972.412
   19327.816
   19693.755
   20070.380
   20457.790
   20856.016
   21265.005
   21684.602
   22114.526
   22554.346
   23003.457
   23461.047
   23926.075
   24397.247
       0.000
       0.000
   16573.961
   16857.870
   17150.510
   17452.192
   17763.226
   18083.924
   18414.593
   18755.532
   19107.028
   19469.347
   19842.730
   20227.379
   20623.451
   21031.039
   21450.160
   21880.733
   22322.558
   22775.294
   23238.426
   23711.240
   24192.792
   24681.880
       0.000
       0.000
   16956.942
   17253.977
   17560.350
   17876.399
   18202.465
   18538.887
   18886.003
   19244.139
   19613.607
   19994.699
   20387.673
   20792.748
   21210.088
   21639.785
   22081.847
   22536.166
   23002.504
   23480.457
   23969.430
   24468.603
   24976.901
   25492.969
       0.000
   17358.974
   17670.159
   17991.356
   18322.938
   18665.280
   19018.758
   19383.741
   19760.592
   20149.655
   20551.251
   20965.668
   21393.146
   21833.863
   22287.922
   22755.324
   23235.946
   23729.516
   24235.581
   24753.472
   25282.275
   25820.803
   26367.573
   17781.617
   18108.096
   18445.342
   18793.769
   19153.792
   19525.829
   19910.293
   20307.589
   20718.104
   21142.198
   21580.197
   22032.373
   22498.935
   22980.002
   23475.587
   23985.565
   24509.647
   25047.348
   25597.950
   26160.476
   26733.663
   18226.618
   18569.675
   18924.349
   19291.101
   19670.396
   20062.704
   20468.492
   20888.218
   21322.323
   21771.223
   22235.293
   22714.858
   23210.169
   23721.387
   24248.556
   24791.576
   25350.172
   25923.859
   26511.918
   27113.360
   18695.935
   19057.020
   19430.681
   19817.437
   20217.817
   20632.355
   21061.583
   21506.029
   21966.206
   22442.601
   22935.663
   23445.790
   23973.306
   24518.442
   25081.309
   25661.874
   26259.923
   26875.037
   27506.567
   19191.777
   19572.528
   19966.947
   20375.626
   20799.168
   21238.186
   21693.300
   22165.126
   22654.271
   23161.321
   23686.829
   24231.299
   24795.168
   25378.782
   25982.377
   26606.048
   27249.729
   27913.164
   19716.639
   20118.922
   20536.123
   20968.922
   21418.016
   21884.121
   22367.965
   22870.281
   23391.803
   23933.250
   24495.322
   25078.678
   25683.925
   26311.598
   26962.137
   27635.874
   28333.010
   20273.355
   20699.302
   21141.609
   21601.061
   22078.478
   22574.704
   23090.608
   23627.078
   24185.016
   24765.327
   25368.916
   25996.670
   26649.451
   27328.084
   28033.342
   20865.158
   21317.221
   21787.312
   22276.358
   22785.327
   23315.229
   23867.120
   24442.091
   25041.271
   25665.825
   26316.945
   26995.848
   27703.778
   28442.001
   21495.751
   21976.759
   22477.748
   22999.816
   23544.124
   24111.900
   24704.440
   25323.110
   25969.351
   26644.681
   27350.702
   28089.110
   28861.710
   29670.444
   22169.395
   22682.637
   23218.157
   23777.273
   24361.395
   24972.033
   25610.803
   26279.441
   26979.811
   27713.927
   28483.972
   29292.335
   30141.651
   22891.018
   23440.339
   24014.659
   24615.582
   25244.839
   25904.312
   26596.046
   27322.273
   28085.444
   28888.263
   29733.743
   30625.273
   23666.351
   24256.270
   24874.443
   25522.836
   26203.606
   26919.125
   27672.012
   28465.180
   29301.887
   30185.812
   31121.149
   24502.095
   25137.963
   25806.001
   26508.656
   27248.639
   28028.979
   28853.072
   29724.761
   30648.431
   25406.131
   26094.321
   26819.441
   27584.562
   28393.134
   29249.065
   30156.813
   31121.506
   32149.105
   26387.786
   27135.948
   27926.870
   28764.448
   29653.120
   30597.988
   31604.960
   32680.955
   27458.169
   28275.554
   29142.903
   30065.210
   31048.246
   32098.739
   28630.612
   29528.493
   30485.322
   31507.569
   32602.813
   33780.023
   29921.227
   30913.464
   31975.958
   33117.177
   34347.182
   31349.657
   32453.436
   33641.855
   32940.052
   34176.902
   35516.874
   34722.402
   36734.343
   14608.003
   14829.713
   15057.530
   15291.653
   15532.285
   15779.632
   16033.897
   16295.285
   16563.996
   16840.224
   17124.155
   17415.963
   17715.804
   18023.812
   18340.094
   18664.721
   18997.717
   19339.057
   19688.645
   20046.310
   20411.784
   20784.692
   21164.532
   21550.659
   21942.272
       0.000
       0.000
       0.000
       0.000
       0.000
   14901.810
   15132.294
   15369.232
   15612.838
   15863.328
   16120.918
   16385.827
   16658.269
   16938.454
   17226.586
   17522.856
   17827.441
   18140.497
   18462.152
   18792.502
   19131.599
   19479.441
   19835.962
   20201.019
   20574.370
   20955.668
   21344.431
   21740.033
   22141.679
       0.000
       0.000
       0.000
       0.000
       0.000
   15208.056
   15447.878
   15694.533
   15948.249
   16209.255
   16477.785
   16754.069
   17038.335
   17330.803
   17631.687
   17941.186
   18259.478
   18586.718
   18923.031
   19268.497
   19623.146
   19986.947
   20359.789
   20741.469
   21131.671
   21529.950
   21935.708
   22348.175
   22766.389
       0.000
       0.000
       0.000
       0.000
   15527.593
   15777.372
   16034.396
   16298.910
   16571.162
   16851.398
   17139.866
   17436.808
   17742.457
   18057.037
   18380.754
   18713.792
   19056.306
   19408.410
   19770.172
   20141.598
   20522.620
   20913.078
   21312.701
   21721.090
   22137.690
   22561.772
   22992.407
   23428.449
       0.000
       0.000
       0.000
   15861.355
   16121.771
   16389.883
   16665.956
   16950.256
   17243.049
   17544.599
   17855.164
   18174.995
   18504.325
   18843.372
   19192.324
   19551.334
   19920.512
   20299.909
   20689.505
   21089.191
   21498.753
   21917.847
   22345.978
   22782.472
   23226.455
   23676.826
       0.000
       0.000
       0.000
   16210.375
   16482.176
   16762.170
   17050.644
   17347.883
   17654.177
   17969.809
   18295.057
   18630.189
   18975.454
   19331.081
   19697.266
   20074.163
   20461.875
   20860.437
   21269.801
   21689.817
   22120.212
   22560.561
   23010.268
   23468.531
   23934.320
   24406.354
       0.000
       0.000
   16575.788
   16859.804
   17152.560
   17454.368
   17765.540
   18086.388
   18417.222
   18758.341
   19110.036
   19472.574
   19846.198
   20231.115
   20627.485
   21035.404
   21454.894
   21885.879
   22328.168
   22781.425
   23245.144
   23718.621
   24200.923
   24690.861
       0.000
       0.000
   16958.857
   17256.006
   17562.503
   17878.688
   18204.902
   18541.487
   18888.780
   19247.111
   19616.795
   19998.124
   20391.361
   20796.728
   21214.393
   21644.454
   22086.921
   22541.696
   23008.545
   23487.075
   23976.701
   24476.612
   24985.747
   25502.767
       0.000
   17360.982
   17672.289
   17993.620
   18325.347
   18667.849
   19021.501
   19386.676
   19763.738
   20153.035
   20554.890
   20969.594
   21397.390
   21838.464
   22292.921
   22760.769
   23241.893
   23736.030
   24242.734
   24761.349
   25290.976
   25830.440
   26378.276
   17783.723
   18110.333
   18447.723
   18796.306
   19156.500
   19528.726
   19913.398
   20310.923
   20721.691
   21146.067
   21584.378
   22036.903
   22503.855
   22985.359
   23481.436
   23991.968
   24516.677
   25055.088
   25606.497
   26169.941
   26744.174
   18228.828
   18572.027
   18926.854
   19293.774
   19673.254
   20065.766
   20471.778
   20891.753
   21326.134
   21775.339
   22239.751
   22719.697
   23215.436
   23727.134
   24254.845
   24798.478
   25357.767
   25932.243
   26521.200
   27123.667
   18698.257
   19059.492
   19433.318
   19820.256
   20220.835
   20635.593
   21065.064
   21509.779
   21970.255
   22446.984
   22940.419
   23450.963
   23978.948
   24524.613
   25088.078
   25669.319
   26268.137
   26884.128
   27516.659
   19194.216
   19575.128
   19969.726
   20378.599
   20802.356
   21241.612
   21696.989
   22169.108
   22658.578
   23165.992
   23691.907
   24236.834
   24801.217
   25385.413
   25989.667
   26614.087
   27258.621
   27923.030
   19719.202
   20121.659
   20539.051
   20972.060
   21421.386
   21887.748
   22371.877
   22874.511
   23396.387
   23938.230
   24500.746
   25084.603
   25690.416
   26318.729
   26969.995
   27644.559
   28342.642
   20276.051
   20702.185
   21144.696
   21604.375
   22082.043
   22578.547
   23094.760
   23631.574
   24189.897
   24770.640
   25374.715
   26003.017
   26656.419
   27335.756
   28041.817
   20867.994
   21320.257
   21790.569
   22279.859
   22789.098
   23319.301
   23871.526
   24446.871
   25046.471
   25671.496
   26323.146
   27002.650
   27711.261
   28450.259
   21498.736
   21979.959
   22481.185
   23003.515
   23548.116
   24116.217
   24709.119
   25328.195
   25974.892
   26650.735
   27357.336
   28096.401
   28869.749
   29679.335
   22172.536
   22686.010
   23221.785
   23781.184
   24365.621
   24976.610
   25615.773
   26284.851
   26985.717
   27720.392
   28491.071
   29300.153
   30150.288
   22894.326
   23443.895
   24018.490
   24619.717
   25249.315
   25909.167
   26601.326
   27328.031
   28091.740
   28895.168
   29741.339
   30633.654
   23669.835
   24260.020
   24878.488
   25527.209
   26208.346
   26924.274
   27677.622
   28471.307
   29308.599
   30193.185
   31129.275
   24505.765
   25141.917
   25810.273
   26513.281
   27253.659
   28034.441
   28859.030
   29731.280
   30655.583
   25409.996
   26098.492
   26823.952
   27589.452
   28398.449
   29254.857
   30163.141
   31128.438
   32156.723
   26391.857
   27140.346
   27931.633
   28769.618
   29658.747
   30604.126
   31611.676
   32688.324
   27462.456
   28280.190
   29147.929
   30070.673
   31054.199
   32105.242
   28635.124
   29533.379
   30490.626
   31513.339
   32609.106
   33786.905
   29925.975
   30918.610
   31981.549
   33123.266
   34353.830
   31354.649
   32458.853
   33647.745
   32945.298
   34182.598
   35523.072
   34727.909
   36740.119
   14609.397
   14831.180
   15059.074
   15293.280
   15534.002
   15781.446
   16035.817
   16297.319
   16566.154
   16842.518
   17126.597
   17418.566
   17718.584
   18026.786
   18343.282
   18668.144
   19001.401
   19343.028
   19692.936
   20050.956
   20416.827
   20790.178
   21170.513
   21557.195
   21949.431
       0.000
       0.000
       0.000
       0.000
       0.000
   14903.266
   15133.827
   15370.848
   15614.543
   15865.129
   16122.823
   16387.845
   16660.410
   16940.730
   17229.008
   17525.438
   17830.198
   18143.446
   18465.313
   18795.896
   19135.250
   19483.378
   19840.216
   20205.625
   20579.370
   20961.106
   21350.361
   21746.514
   22148.780
       0.000
       0.000
       0.000
       0.000
       0.000
   15209.577
   15449.482
   15696.225
   15950.036
   16211.146
   16479.788
   16756.193
   17040.591
   17333.205
   17634.247
   17943.918
   18262.401
   18589.851
   18926.394
   19272.114
   19627.047
   19991.161
   20364.352
   20746.420
   21137.057
   21535.823
   21942.128
   22355.210
   22774.117
       0.000
       0.000
       0.000
       0.000
   15529.183
   15779.050
   16036.168
   16300.785
   16573.147
   16853.504
   17142.103
   17439.188
   17744.993
   18059.744
   18383.650
   18716.894
   19059.635
   19411.991
   19774.032
   20145.768
   20527.135
   20917.977
   21318.031
   21726.902
   22144.043
   22568.734
   23000.056
   23436.873
       0.000
       0.000
       0.000
   15863.020
   16123.528
   16391.742
   16667.924
   16952.343
   17245.265
   17546.956
   17857.676
   18177.675
   18507.192
   18846.442
   19195.619
   19554.878
   19924.331
   20304.034
   20693.970
   21094.036
   21504.022
   21923.592
   22352.258
   22789.354
   23234.016
   23685.155
       0.000
       0.000
       0.000
   16212.117
   16484.017
   16764.120
   17052.711
   17350.078
   17656.511
   17972.295
   18297.710
   18633.025
   18978.491
   19334.340
   19700.770
   20077.938
   20465.951
   20864.848
   21274.587
   21695.022
   22125.885
   22566.762
   23017.063
   23475.997
   23942.545
   24415.438
       0.000
       0.000
   16577.613
   16861.735
   17154.607
   17456.541
   17767.850
   18088.848
   18419.846
   18761.146
   19113.038
   19475.794
   19849.660
   20234.844
   20631.510
   21039.759
   21459.617
   21891.015
   22333.766
   22787.542
   23251.846
   23725.984
   24209.034
   24699.821
       0.000
       0.000
   16960.769
   17258.032
   17564.653
   17880.973
   18207.335
   18544.081
   18891.552
   19250.078
   19619.976
   20001.542
   20395.042
   20800.701
   21218.690
   21649.113
   22091.984
   22547.213
   23014.573
   23493.678
   23983.954
   24484.601
   24994.571
   25512.540
       0.000
   17362.986
   17674.415
   17995.879
   18327.752
   18670.413
   19024.239
   19389.606
   19766.879
   20156.409
   20558.522
   20973.511
   21401.626
   21843.055
   22297.909
   22766.202
   23247.827
   23742.528
   24249.870
   24769.209
   25299.655
   25840.052
   26388.951
   17785.826
   18112.567
   18450.099
   18798.838
   19159.204
   19531.618
   19916.497
   20314.251
   20725.272
   21149.928
   21588.551
   22041.424
   22508.765
   22990.706
   23487.272
   23998.357
   24523.691
   25062.810
   25615.023
   26179.382
   26754.659
   18231.035
   18574.374
   18929.355
   19296.443
   19676.107
   20068.822
   20475.059
   20895.281
   21329.937
   21779.448
   22244.200
   22724.526
   23220.691
   23732.870
   24261.121
   24805.364
   25365.345
   25940.608
   26530.460
   27133.949
   18700.574
   19061.960
   19435.951
   19823.069
   20223.848
   20638.825
   21068.538
   21513.523
   21974.297
   22451.358
   22945.165
   23456.126
   23984.579
   24530.771
   25094.831
   25676.748
   26276.333
   26893.198
   27526.726
   19196.650
   19577.725
   19972.499
   20381.568
   20805.539
   21245.032
   21700.672
   22173.082
   22662.877
   23170.653
   23696.974
   24242.357
   24807.254
   25392.030
   25996.941
   26622.108
   27267.492
   27932.872
   19721.761
   20124.391
   20541.974
   20975.193
   21424.751
   21891.369
   22375.783
   22878.733
   23400.962
   23943.200
   24506.160
   25090.516
   25696.893
   26325.844
   26977.835
   27653.225
   28352.251
   20278.742
   20705.062
   21147.778
   21607.684
   22085.601
   22582.382
   23098.903
   23636.061
   24194.768
   24775.943
   25380.502
   26009.351
   26663.372
   27343.411
   28050.272
   20870.825
   21323.288
   21793.821
   22283.354
   22792.863
   23323.366
   23875.925
   24451.643
   25051.661
   25677.155
   26329.335
   27009.438
   27718.728
   28458.500
   21501.715
   21983.153
   22484.616
   23007.209
   23552.100
   24120.525
   24713.790
   25333.271
   25980.422
   26656.778
   27363.957
   28103.678
   28877.772
   29688.208
   22175.673
   22689.377
   23225.407
   23785.088
   24369.840
   24981.179
   25620.734
   26290.252
   26991.612
   27726.845
   28498.156
   29307.955
   30158.908
   22897.628
   23447.445
   24022.314
   24623.846
   25253.782
   25914.014
   26606.597
   27333.778
   28098.025
   28902.060
   29748.919
   30642.019
   23673.313
   24263.764
   24882.526
   25531.575
   26213.077
   26929.415
   27683.221
   28477.423
   29315.298
   30200.544
   31137.384
   24509.428
   25145.866
   25814.538
   26517.898
   27258.670
   28039.893
   28864.978
   29737.787
   30662.722
   25413.855
   26102.656
   26828.456
   27594.334
   28403.755
   29260.638
   30169.457
   31135.359
   32164.327
   26395.921
   27144.737
   27936.388
   28774.779
   29664.363
   30610.255
   31618.380
   32695.679
   27466.735
   28284.819
   29152.948
   30076.127
   31060.141
   32111.734
   28639.629
   29538.257
   30495.920
   31519.100
   32615.390
   33793.776
   29930.715
   30923.748
   31987.131
   33129.345
   34360.467
   31359.634
   32464.261
   33653.626
   32950.536
   34188.285
   35529.261
   34733.409
   36745.887
   14610.789
   14832.643
   15060.615
   15294.904
   15535.717
   15783.257
   16037.733
   16299.350
   16568.309
   16844.807
   17129.034
   17421.164
   17721.359
   18029.755
   18346.463
   18671.560
   19005.076
   19346.991
   19697.218
   20055.593
   20421.859
   20795.650
   21176.480
   21563.715
   21956.571
       0.000
       0.000
       0.000
       0.000
       0.000
   14904.720
   15135.357
   15372.460
   15616.244
   15866.926
   16124.726
   16389.861
   16662.548
   16943.002
   17231.426
   17528.015
   17832.950
   18146.390
   18468.467
   18799.283
   19138.894
   19487.307
   19844.461
   20210.221
   20584.358
   20966.532
   21356.277
   21752.980
   22155.863
       0.000
       0.000
       0.000
       0.000
       0.000
   15211.096
   15451.082
   15697.914
   15951.820
   16213.033
   16481.787
   16758.314
   17042.844
   17335.602
   17636.802
   17946.646
   18265.318
   18592.977
   18929.750
   19275.725
   19630.939
   19995.366
   20368.904
   20751.361
   21142.432
   21541.683
   21948.533
   22362.229
   22781.826
       0.000
       0.000
       0.000
       0.000
   15530.772
   15780.725
   16037.938
   16302.656
   16575.129
   16855.606
   17144.336
   17441.563
   17747.525
   18062.447
   18386.539
   18719.990
   19062.959
   19415.566
   19777.885
   20149.930
   20531.641
   20922.867
   21323.349
   21732.700
   22150.381
   22575.680
   23007.686
   23445.276
       0.000
       0.000
       0.000
   15864.681
   16125.283
   16393.597
   16669.889
   16954.426
   17247.478
   17549.310
   17860.183
   18180.351
   18510.052
   18849.507
   19198.908
   19558.415
   19928.143
   20308.150
   20698.425
   21098.870
   21509.280
   21929.324
   22358.523
   22796.220
   23241.559
   23693.463
       0.000
       0.000
       0.000
   16213.856
   16485.856
   16766.066
   17054.774
   17352.269
   17658.841
   17974.777
   18300.358
   18635.855
   18981.523
   19337.593
   19704.266
   20081.705
   20470.019
   20869.250
   21279.362
   21700.214
   22131.546
   22572.949
   23023.843
   23483.445
   23950.749
   24424.499
       0.000
       0.000
   16579.434
   16863.662
   17156.650
   17458.710
   17770.156
   18091.304
   18422.465
   18763.945
   19116.035
   19479.009
   19853.115
   20238.566
   20635.527
   21044.106
   21464.331
   21896.139
   22339.351
   22793.645
   23258.533
   23733.330
   24217.126
   24708.758
       0.000
       0.000
   16962.677
   17260.054
   17566.800
   17883.254
   18209.763
   18546.671
   18894.319
   19253.039
   19623.152
   20004.955
   20398.716
   20804.666
   21222.978
   21653.762
   22097.037
   22552.718
   23020.587
   23500.266
   23991.190
   24492.571
   25003.374
   25522.289
       0.000
   17364.987
   17676.538
   17998.135
   18330.153
   18672.972
   19026.973
   19392.531
   19770.014
   20159.776
   20562.146
   20977.421
   21405.854
   21847.637
   22302.887
   22771.624
   23253.748
   23749.012
   24256.990
   24777.049
   25308.314
   25849.641
   26399.600
   17787.925
   18114.797
   18452.472
   18801.367
   19161.903
   19534.505
   19919.590
   20317.572
   20728.845
   21153.782
   21592.716
   22045.936
   22513.665
   22996.040
   23493.096
   24004.732
   24530.689
   25070.514
   25623.528
   26188.800
   26765.118
   18233.238
   18576.717
   18931.851
   19299.107
   19678.955
   20071.873
   20478.333
   20898.803
   21333.732
   21783.548
   22248.640
   22729.346
   23225.936
   23738.592
   24267.383
   24812.235
   25372.906
   25948.953
   26539.697
   27144.205
   18702.887
   19064.423
   19438.579
   19825.878
   20226.855
   20642.051
   21072.007
   21517.259
   21978.332
   22455.725
   22949.902
   23461.278
   23990.198
   24536.915
   25101.570
   25684.160
   26284.510
   26902.246
   27536.769
   19199.081
   19580.317
   19975.268
   20384.531
   20808.716
   21248.446
   21704.348
   22177.049
   22667.168
   23175.306
   23702.032
   24247.870
   24813.278
   25398.633
   26004.199
   26630.111
   27276.342
   27942.692
   19724.316
   20127.119
   20544.892
   20978.320
   21428.109
   21894.983
   22379.681
   22882.947
   23405.528
   23948.161
   24511.563
   25096.417
   25703.356
   26332.944
   26985.659
   27661.872
   28361.838
   20281.429
   20707.934
   21150.855
   21610.986
   22089.153
   22586.210
   23103.039
   23640.540
   24199.630
   24781.235
   25386.278
   26015.672
   26670.310
   27351.051
   28058.709
   20873.652
   21326.314
   21797.066
   22286.843
   22796.620
   23327.423
   23880.315
   24456.405
   25056.840
   25682.804
   26335.512
   27016.212
   27726.180
   28466.722
   21504.690
   21986.341
   22488.041
   23010.896
   23556.078
   24124.826
   24718.452
   25338.337
   25985.942
   26662.808
   27370.565
   28110.940
   28885.777
   29697.061
   22178.804
   22692.738
   23229.022
   23788.986
   24374.051
   24985.740
   25625.686
   26295.642
   26997.496
   27733.286
   28505.226
   29315.741
   30167.509
   22900.925
   23450.989
   24026.131
   24627.967
   25258.242
   25918.851
   26611.857
   27339.515
   28104.297
   28908.938
   29756.485
   30650.366
   23676.785
   24267.501
   24886.557
   25535.933
   26217.800
   26934.546
   27688.810
   28483.528
   29321.984
   30207.890
   31145.478
   24513.086
   25149.807
   25818.795
   26522.507
   27263.672
   28045.335
   28870.916
   29744.282
   30669.847
   25417.708
   26106.813
   26832.952
   27599.208
   28409.052
   29266.410
   30175.762
   31142.266
   32171.916
   26399.978
   27149.121
   27941.135
   28779.932
   29669.971
   30616.372
   31625.073
   32703.021
   27471.008
   28289.441
   29157.959
   30081.573
   31066.074
   32118.214
   28644.127
   29543.128
   30501.206
   31524.851
   32621.663
   33800.636
   29935.448
   30928.878
   31992.705
   33135.415
   34367.094
   31364.611
   32469.660
   33659.497
   32955.767
   34193.964
   35535.440
   34738.900
   36751.647
   14612.179
   14834.105
   15062.153
   15296.526
   15537.428
   15785.066
   16039.646
   16301.377
   16570.460
   16847.093
   17131.466
   17423.757
   17724.128
   18032.717
   18349.638
   18674.969
   19008.745
   19350.946
   19701.491
   20060.219
   20426.879
   20801.111
   21182.432
   21570.219
   21963.694
       0.000
       0.000
       0.000
       0.000
       0.000
   14906.171
   15136.885
   15374.071
   15617.943
   15868.721
   16126.624
   16391.872
   16664.682
   16945.269
   17233.839
   17530.587
   17835.696
   18149.327
   18471.616
   18802.663
   19142.531
   19491.227
   19848.697
   20214.808
   20589.335
   20971.946
   21362.180
   21759.431
   22162.929
       0.000
       0.000
       0.000
       0.000
       0.000
   15212.613
   15452.680
   15699.599
   15953.601
   16214.917
   16483.782
   16760.430
   17045.093
   17337.995
   17639.352
   17949.369
   18268.230
   18596.096
   18933.099
   19279.328
   19634.823
   19999.561
   20373.447
   20756.291
   21147.794
   21547.530
   21954.923
   22369.230
   22789.515
       0.000
       0.000
       0.000
       0.000
   15532.357
   15782.398
   16039.705
   16304.525
   16577.108
   16857.705
   17146.565
   17443.935
   17750.052
   18065.144
   18389.423
   18723.080
   19066.275
   19419.133
   19781.730
   20154.083
   20536.137
   20927.745
   21328.655
   21738.485
   22156.705
   22582.608
   23015.297
   23453.657
       0.000
       0.000
       0.000
   15866.340
   16127.035
   16395.449
   16671.850
   16956.506
   17249.686
   17551.659
   17862.686
   18183.022
   18512.908
   18852.565
   19202.190
   19561.944
   19931.946
   20312.258
   20702.871
   21103.693
   21514.525
   21935.043
   22364.774
   22803.069
   23249.084
   23701.751
       0.000
       0.000
       0.000
   16215.592
   16487.691
   16768.009
   17056.834
   17354.456
   17661.167
   17977.254
   18303.001
   18638.681
   18984.548
   19340.839
   19707.756
   20085.465
   20474.078
   20873.643
   21284.127
   21705.396
   22137.194
   22579.122
   23030.606
   23490.875
   23958.933
   24433.536
       0.000
       0.000
   16581.252
   16865.587
   17158.690
   17460.875
   17772.458
   18093.755
   18425.080
   18766.739
   19119.026
   19482.218
   19856.564
   20242.280
   20639.537
   21048.443
   21469.035
   21901.253
   22344.924
   22799.734
   23265.204
   23740.658
   24225.197
   24717.672
       0.000
       0.000
   16964.583
   17262.073
   17568.942
   17885.532
   18212.188
   18549.256
   18897.081
   19255.995
   19626.321
   20008.360
   20402.383
   20808.622
   21227.258
   21658.401
   22102.079
   22558.211
   23026.588
   23506.839
   23998.409
   24500.522
   25012.155
   25532.013
       0.000
   17366.984
   17678.657
   18000.387
   18332.550
   18675.527
   19029.701
   19395.450
   19773.144
   20163.137
   20565.764
   20981.324
   21410.073
   21852.209
   22307.854
   22777.034
   23259.656
   23755.481
   24264.094
   24784.871
   25316.952
   25859.206
   26410.221
   17790.020
   18117.022
   18454.840
   18803.891
   19164.598
   19537.386
   19922.678
   20320.888
   20732.413
   21157.628
   21596.873
   22050.439
   22518.555
   23001.364
   23498.907
   24011.093
   24537.671
   25078.200
   25632.014
   26198.195
   26775.550
   18235.438
   18579.056
   18934.343
   19301.766
   19681.799
   20074.918
   20481.602
   20902.318
   21337.521
   21787.641
   22253.071
   22734.156
   23231.170
   23744.303
   24273.631
   24819.090
   25380.450
   25957.278
   26548.913
   27154.436
   18705.197
   19066.883
   19441.203
   19828.682
   20229.857
   20645.271
   21075.469
   21520.989
   21982.358
   22460.082
   22954.630
   23466.420
   23995.805
   24543.047
   25108.294
   25691.555
   26292.668
   26911.273
   27546.787
   19201.507
   19582.904
   19978.032
   20387.488
   20811.888
   21251.854
   21708.017
   22181.008
   22671.450
   23179.949
   23707.079
   24253.370
   24819.290
   25405.222
   26011.441
   26638.095
   27285.173
   27952.488
   19726.867
   20129.843
   20547.805
   20981.442
   21431.462
   21898.591
   22383.572
   22887.153
   23410.085
   23953.112
   24516.956
   25102.307
   25709.806
   26340.029
   26993.465
   27670.499
   28371.403
   20284.111
   20710.802
   21153.927
   21614.283
   22092.698
   22590.032
   23107.167
   23645.010
   24204.483
   24786.516
   25392.042
   26021.981
   26677.234
   27358.673
   28067.128
   20876.474
   21329.335
   21800.306
   22290.325
   22800.372
   23331.472
   23884.697
   24461.159
   25062.010
   25688.441
   26341.677
   27022.973
   27733.617
   28474.928
   21507.659
   21989.525
   22491.460
   23014.576
   23560.048
   24129.120
   24723.105
   25343.394
   25991.451
   26668.827
   27377.160
   28118.188
   28893.766
   29705.896
   22181.930
   22696.094
   23232.632
   23792.877
   24378.255
   24990.293
   25630.629
   26301.023
   27003.369
   27739.714
   28512.283
   29323.511
   30176.092
   22904.217
   23454.527
   24029.943
   24632.081
   25262.694
   25923.680
   26617.109
   27345.240
   28110.558
   28915.803
   29764.036
   30658.697
   23680.252
   24271.233
   24890.582
   25540.284
   26222.515
   26939.668
   27694.389
   28489.621
   29328.658
   30215.221
   31153.556
   24516.737
   25153.742
   25823.045
   26527.108
   27268.666
   28050.768
   28876.842
   29750.765
   30676.960
   25421.554
   26110.963
   26837.440
   27604.074
   28414.340
   29272.171
   30182.056
   31149.162
   32179.492
   26404.029
   27153.497
   27945.874
   28785.076
   29675.568
   30622.479
   31631.754
   32710.350
   27475.274
   28294.055
   29162.961
   30087.009
   31071.997
   32124.684
   28648.618
   29547.991
   30506.484
   31530.593
   32627.925
   33807.484
   29940.174
   30934.000
   31998.269
   33141.475
   34373.710
   31369.581
   32475.052
   33665.360
   32960.989
   34199.634
   35541.610
   34744.384
   36757.399
   14613.567
   14835.564
   15063.689
   15298.145
   15539.136
   15786.871
   16041.556
   16303.400
   16572.606
   16849.374
   17133.894
   17426.346
   17726.892
   18035.674
   18352.807
   18678.371
   19012.405
   19354.892
   19705.754
   20064.835
   20431.888
   20806.558
   21188.370
   21576.707
   21970.800
       0.000
       0.000
       0.000
       0.000
       0.000
   14907.620
   15138.410
   15375.678
   15619.639
   15870.513
   16128.520
   16393.880
   16666.813
   16947.532
   17236.247
   17533.155
   17838.438
   18152.259
   18474.758
   18806.037
   19146.160
   19495.140
   19852.923
   20219.384
   20594.301
   20977.347
   21368.068
   21765.865
   22169.978
       0.000
       0.000
       0.000
       0.000
       0.000
   15214.127
   15454.276
   15701.283
   15955.378
   16216.797
   16485.774
   16762.543
   17047.338
   17340.383
   17641.897
   17952.086
   18271.136
   18599.210
   18936.442
   19282.924
   19638.698
   20003.748
   20377.980
   20761.209
   21153.143
   21553.362
   21961.298
   22376.214
   22797.185
       0.000
       0.000
       0.000
       0.000
   15533.940
   15784.068
   16041.468
   16306.390
   16579.083
   16859.800
   17148.790
   17446.302
   17752.574
   18067.836
   18392.302
   18726.164
   19069.586
   19422.693
   19785.567
   20158.227
   20540.623
   20932.613
   21333.949
   21744.257
   22163.013
   22589.520
   23022.889
   23462.017
       0.000
       0.000
       0.000
   15867.996
   16128.783
   16397.298
   16673.808
   16958.582
   17251.891
   17554.003
   17865.184
   18185.688
   18515.758
   18855.618
   19205.466
   19565.467
   19935.742
   20316.357
   20707.308
   21108.506
   21519.760
   21940.749
   22371.010
   22809.902
   23256.590
   23710.017
       0.000
       0.000
       0.000
   16217.325
   16489.524
   16769.949
   17058.891
   17356.640
   17663.488
   17979.727
   18305.640
   18641.501
   18987.568
   19344.079
   19711.239
   20089.217
   20478.130
   20878.027
   21288.882
   21710.566
   22142.830
   22585.280
   23037.353
   23498.288
   23967.097
   24442.551
       0.000
       0.000
   16583.067
   16867.508
   17160.726
   17463.036
   17774.756
   18096.202
   18427.690
   18769.528
   19122.012
   19485.420
   19860.006
   20245.987
   20643.538
   21052.772
   21473.728
   21906.355
   22350.484
   22805.809
   23271.859
   23747.969
   24233.250
   24726.564
       0.000
       0.000
   16966.485
   17264.089
   17571.081
   17887.805
   18214.608
   18551.837
   18899.837
   19258.945
   19629.485
   20011.759
   20406.043
   20812.571
   21231.528
   21663.031
   22107.110
   22563.693
   23032.575
   23513.397
   24005.611
   24508.453
   25020.914
   25541.712
       0.000
   17368.979
   17680.773
   18002.635
   18334.942
   18678.078
   19032.425
   19398.364
   19776.267
   20166.492
   20569.375
   20985.219
   21414.284
   21856.772
   22312.811
   22782.433
   23265.552
   23761.936
   24271.181
   24792.675
   25325.568
   25868.748
   26420.815
   17792.113
   18119.245
   18457.204
   18806.410
   19167.287
   19540.263
   19925.760
   20324.197
   20735.973
   21161.467
   21601.021
   22054.933
   22523.434
   23006.676
   23504.706
   24017.440
   24544.638
   25085.868
   25640.479
   26207.568
   26785.956
   18237.633
   18581.391
   18936.831
   19304.421
   19684.637
   20077.958
   20484.864
   20905.826
   21341.302
   21791.725
   22257.493
   22738.956
   23236.394
   23750.002
   24279.866
   24825.931
   25387.977
   25965.584
   26558.106
   27164.642
   18707.503
   19069.339
   19443.822
   19831.481
   20232.854
   20648.486
   21078.924
   21524.711
   21986.377
   22464.431
   22959.348
   23471.552
   24001.401
   24549.166
   25115.004
   25698.934
   26300.807
   26920.278
   27556.782
   19203.930
   19585.487
   19980.791
   20390.441
   20815.054
   21255.255
   21711.679
   22184.960
   22675.725
   23184.583
   23712.116
   24258.860
   24825.289
   25411.796
   26018.668
   26646.062
   27293.983
   27962.261
   19729.413
   20132.561
   20550.713
   20984.559
   21434.808
   21902.192
   22387.455
   22891.351
   23414.634
   23958.053
   24522.337
   25108.184
   25716.243
   26347.099
   27001.253
   27679.107
   28380.947
   20286.789
   20713.665
   21156.993
   21617.574
   22096.238
   22593.846
   23111.288
   23649.472
   24209.327
   24791.788
   25397.794
   26028.276
   26684.144
   27366.280
   28075.528
   20879.291
   21332.350
   21803.541
   22293.802
   22804.117
   23335.515
   23889.071
   24465.903
   25067.170
   25694.067
   26347.829
   27029.719
   27741.037
   28483.116
   21510.624
   21992.703
   22494.874
   23018.251
   23564.012
   24133.405
   24727.750
   25348.441
   25996.950
   26674.835
   27383.742
   28125.420
   28901.739
   29714.712
   22185.051
   22699.444
   23236.235
   23796.761
   24382.451
   24994.837
   25635.563
   26306.393
   27009.230
   27746.129
   28519.326
   29331.266
   30184.658
   22907.503
   23458.059
   24033.747
   24636.188
   25267.138
   25928.500
   26622.350
   27350.956
   28116.806
   28922.655
   29771.571
   30667.011
   23683.713
   24274.958
   24894.599
   25544.628
   26227.222
   26944.781
   27699.958
   28495.703
   29335.319
   30222.537
   31161.617
   24520.383
   25157.671
   25827.288
   26531.702
   27273.650
   28056.191
   28882.758
   29757.236
   30684.059
   25425.394
   26115.107
   26841.921
   27608.932
   28419.618
   29277.922
   30188.339
   31156.044
   32187.054
   26408.074
   27157.867
   27950.605
   28790.212
   29681.156
   30628.576
   31638.423
   32717.666
   27479.533
   28298.662
   29167.955
   30092.437
   31077.910
   32131.143
   28653.102
   29552.846
   30511.753
   31536.325
   32634.178
   33814.321
   29944.892
   30939.114
   32003.825
   33147.526
   34380.315
   31374.544
   32480.435
   33671.213
   32966.205
   34205.296
   35547.771
   34749.860
   36763.143
   14614.952
   14837.021
   15065.223
   15299.761
   15540.842
   15788.673
   16043.463
   16305.420
   16574.749
   16851.651
   17136.318
   17428.929
   17729.650
   18038.624
   18355.969
   18681.767
   19016.058
   19358.830
   19710.008
   20069.441
   20436.885
   20811.993
   21194.294
   21583.180
   21977.887
       0.000
       0.000
       0.000
       0.000
       0.000
   14909.067
   15139.933
   15377.283
   15621.332
   15872.302
   16130.412
   16395.885
   16668.939
   16949.792
   17238.652
   17535.717
   17841.174
   18155.186
   18477.894
   18809.404
   19149.782
   19499.044
   19857.141
   20223.950
   20599.255
   20982.735
   21373.942
   21772.284
   22177.009
       0.000
       0.000
       0.000
       0.000
       0.000
   15215.639
   15455.869
   15702.963
   15957.153
   16218.675
   16487.762
   16764.653
   17049.578
   17342.767
   17644.438
   17954.798
   18274.036
   18602.318
   18939.778
   19286.512
   19642.566
   20007.926
   20382.503
   20766.117
   21158.481
   21559.182
   21967.658
   22383.181
   22804.836
       0.000
       0.000
       0.000
       0.000
   15535.521
   15785.735
   16043.229
   16308.252
   16581.055
   16861.891
   17151.011
   17448.664
   17755.091
   18070.523
   18395.176
   18729.242
   19072.889
   19426.246
   19789.396
   20162.363
   20545.100
   20937.470
   21339.231
   21750.016
   22169.307
   22596.416
   23030.463
   23470.355
       0.000
       0.000
       0.000
   15869.649
   16130.529
   16399.144
   16675.762
   16960.654
   17254.091
   17556.344
   17867.678
   18188.349
   18518.603
   18858.664
   19208.735
   19568.982
   19939.530
   20320.447
   20711.735
   21113.309
   21524.982
   21946.443
   22377.232
   22816.719
   23264.078
   23718.263
       0.000
       0.000
       0.000
   16219.056
   16491.353
   16771.886
   17060.943
   17358.819
   17665.806
   17982.196
   18308.274
   18644.316
   18990.582
   19347.312
   19714.716
   20092.962
   20482.173
   20882.402
   21293.627
   21715.725
   22148.453
   22591.425
   23044.085
   23505.682
   23975.241
   24451.544
       0.000
       0.000
   16584.880
   16869.426
   17162.759
   17465.194
   17777.050
   18098.645
   18430.296
   18772.312
   19124.992
   19488.616
   19863.441
   20249.687
   20647.531
   21057.091
   21478.413
   21911.447
   22356.032
   22811.871
   23278.500
   23755.262
   24241.282
   24735.434
       0.000
       0.000
   16968.384
   17266.101
   17573.216
   17890.074
   18217.024
   18554.413
   18902.589
   19261.890
   19632.643
   20015.152
   20409.695
   20816.513
   21235.791
   21667.651
   22112.131
   22569.163
   23038.550
   23519.940
   24012.797
   24516.366
   25029.652
   25551.387
       0.000
   17370.970
   17682.885
   18004.879
   18337.331
   18680.624
   19035.144
   19401.273
   19779.385
   20169.841
   20572.979
   20989.106
   21418.486
   21861.326
   22317.758
   22787.820
   23271.434
   23768.377
   24278.252
   24800.460
   25334.164
   25878.265
   26431.382
   17794.201
   18121.463
   18459.564
   18808.925
   19169.972
   19543.134
   19928.837
   20327.500
   20739.527
   21165.298
   21605.162
   22059.418
   22528.304
   23011.978
   23510.492
   24023.773
   24551.589
   25093.519
   25648.925
   26216.917
   26796.337
   18239.826
   18583.723
   18939.315
   19307.071
   19687.470
   20080.993
   20488.121
   20909.328
   21345.076
   21795.802
   22261.907
   22743.746
   23241.606
   23755.689
   24286.087
   24832.756
   25395.486
   25973.871
   26567.278
   27174.823
   18709.805
   19071.790
   19446.437
   19834.275
   20235.846
   20651.695
   21082.373
   21528.427
   21990.389
   22468.772
   22964.057
   23476.673
   24006.985
   24555.271
   25121.699
   25706.297
   26308.928
   26929.263
   27566.752
   19206.349
   19588.066
   19983.545
   20393.389
   20818.214
   21258.651
   21715.335
   22188.905
   22679.991
   23189.209
   23717.144
   24264.339
   24831.276
   25418.357
   26025.879
   26654.011
   27302.773
   27972.011
   19731.955
   20135.276
   20553.616
   20987.670
   21438.149
   21905.787
   22391.332
   22895.541
   23419.174
   23962.985
   24527.708
   25114.049
   25722.666
   26354.153
   27009.025
   27687.696
   28390.468
   20289.462
   20716.523
   21160.054
   21620.859
   22099.771
   22597.654
   23115.401
   23653.926
   24214.161
   24797.049
   25403.535
   26034.559
   26691.039
   27373.870
   28083.910
   20882.103
   21335.361
   21806.770
   22297.272
   22807.855
   23339.550
   23893.437
   24470.639
   25072.320
   25699.683
   26353.969
   27036.452
   27748.443
   28491.286
   21513.584
   21995.875
   22498.282
   23021.918
   23567.968
   24137.683
   24732.387
   25353.479
   26002.439
   26680.830
   27390.310
   28132.638
   28909.694
   29723.509
   22188.167
   22702.788
   23239.832
   23800.639
   24386.640
   24999.374
   25640.488
   26311.754
   27015.080
   27752.532
   28526.354
   29339.005
   30193.206
   22910.784
   23461.585
   24037.545
   24640.288
   25271.574
   25933.312
   26627.583
   27356.660
   28123.043
   28929.494
   29779.092
   30675.308
   23687.169
   24278.676
   24898.611
   25548.964
   26231.920
   26949.885
   27705.517
   28501.774
   29341.968
   30229.840
   31169.663
   24524.023
   25161.593
   25831.525
   26536.288
   27278.627
   28061.605
   28888.664
   29763.696
   30691.144
   25429.228
   26119.243
   26846.395
   27613.781
   28424.888
   29283.663
   30194.611
   31162.915
   32194.602
   26412.112
   27162.229
   27955.329
   28795.339
   29686.735
   30634.662
   31645.080
   32724.968
   27483.786
   28303.262
   29172.942
   30097.855
   31083.813
   32137.591
   28657.579
   29557.693
   30517.014
   31542.049
   32640.420
   33821.147
   29949.604
   30944.221
   32009.373
   33153.567
   34386.910
   31379.499
   32485.811
   33677.058
   32971.412
   34210.949
   35553.922
   34755.328
   36768.879
   14616.335
   14838.475
   15066.754
   15301.375
   15542.544
   15790.471
   16045.366
   16307.436
   16576.888
   16853.924
   17138.737
   17431.508
   17732.403
   18041.570
   18359.125
   18685.155
   19019.703
   19362.760
   19714.253
   20074.036
   20441.871
   20817.415
   21200.204
   21589.636
   21984.957
       0.000
       0.000
       0.000
       0.000
       0.000
   14910.511
   15141.453
   15378.885
   15623.023
   15874.088
   16132.301
   16397.886
   16671.062
   16952.047
   17241.051
   17538.275
   17843.905
   18158.107
   18481.023
   18812.764
   19153.396
   19502.940
   19861.350
   20228.506
   20604.199
   20988.112
   21379.803
   21778.688
   22184.023
       0.000
       0.000
       0.000
       0.000
       0.000
   15217.148
   15457.459
   15704.641
   15958.925
   16220.549
   16489.748
   16766.758
   17051.815
   17345.147
   17646.974
   17957.505
   18276.931
   18605.420
   18943.108
   19290.093
   19646.426
   20012.096
   20387.016
   20771.014
   21163.807
   21564.988
   21974.002
   22390.131
   22812.468
       0.000
       0.000
       0.000
       0.000
   15537.099
   15787.399
   16044.986
   16310.110
   16583.023
   16863.978
   17153.228
   17451.023
   17757.605
   18073.206
   18398.043
   18732.314
   19076.186
   19429.792
   19793.217
   20166.490
   20549.567
   20942.316
   21344.502
   21755.762
   22175.586
   22603.295
   23038.018
   23478.673
       0.000
       0.000
       0.000
   15871.300
   16132.272
   16400.987
   16677.713
   16962.723
   17256.288
   17558.681
   17870.167
   18191.005
   18521.442
   18861.705
   19211.998
   19572.491
   19943.310
   20324.529
   20716.153
   21118.102
   21530.193
   21952.123
   22383.439
   22823.520
   23271.548
   23726.489
       0.000
       0.000
       0.000
   16220.783
   16493.180
   16773.819
   17062.993
   17360.995
   17668.120
   17984.660
   18310.903
   18647.125
   18993.591
   19350.540
   19718.185
   20096.700
   20486.207
   20886.768
   21298.362
   21720.873
   22154.063
   22597.555
   23050.801
   23513.059
   23983.365
   24460.513
       0.000
       0.000
   16586.689
   16871.341
   17164.789
   17467.348
   17779.340
   18101.083
   18432.896
   18775.091
   19127.967
   19491.807
   19866.870
   20253.379
   20651.516
   21061.402
   21483.087
   21916.527
   22361.569
   22817.919
   23285.125
   23762.539
   24249.295
   24744.283
       0.000
       0.000
   16970.280
   17268.110
   17575.348
   17892.340
   18219.435
   18556.985
   18905.336
   19264.830
   19635.794
   20018.538
   20413.341
   20820.446
   21240.044
   21672.262
   22117.141
   22574.620
   23044.511
   23526.468
   24019.965
   24524.260
   25038.368
   25561.038
       0.000
   17372.958
   17684.994
   18007.120
   18339.715
   18683.165
   19037.858
   19404.176
   19782.497
   20173.183
   20576.576
   20992.985
   21422.680
   21865.870
   22322.694
   22793.196
   23277.304
   23774.803
   24285.307
   24808.227
   25342.740
   25887.759
   26441.923
   17796.286
   18123.678
   18461.921
   18811.436
   19172.653
   19546.000
   19931.908
   20330.797
   20743.074
   21169.122
   21609.294
   22063.894
   22533.164
   23017.268
   23516.266
   24030.092
   24558.524
   25101.152
   25657.350
   26226.244
   26806.691
   18242.014
   18586.050
   18941.794
   19309.717
   19690.298
   20084.022
   20491.371
   20912.824
   21348.843
   21799.871
   22266.312
   22748.527
   23246.808
   23761.364
   24292.295
   24839.566
   25402.979
   25982.139
   26576.428
   27184.979
   18712.103
   19074.237
   19449.047
   19837.065
   20238.832
   20654.898
   21085.816
   21532.135
   21994.392
   22473.105
   22968.756
   23481.783
   24012.558
   24561.364
   25128.380
   25713.643
   26317.031
   26938.227
   27576.699
   19208.763
   19590.640
   19986.295
   20396.331
   20821.369
   21262.040
   21718.984
   22192.842
   22684.249
   23193.825
   23722.161
   24269.806
   24837.251
   25424.904
   26033.074
   26661.943
   27311.543
   27981.738
   19734.493
   20137.985
   20556.515
   20990.775
   21441.484
   21909.375
   22395.202
   22899.724
   23423.706
   23967.907
   24533.068
   25119.902
   25729.075
   26361.193
   27016.780
   27696.265
   28399.967
   20292.131
   20719.376
   21163.110
   21624.138
   22103.297
   22601.455
   23119.507
   23658.371
   24218.986
   24802.300
   25409.265
   26040.828
   26697.920
   27381.445
   28092.273
   20884.911
   21338.367
   21809.994
   22300.737
   22811.586
   23343.578
   23897.796
   24475.366
   25077.460
   25705.287
   26360.096
   27043.172
   27755.833
   28499.439
   21516.538
   21999.043
   22501.683
   23025.580
   23571.918
   24141.953
   24737.015
   25358.507
   26007.916
   26686.814
   27396.866
   28139.841
   28917.633
   29732.287
   22191.278
   22706.127
   23243.424
   23804.509
   24390.822
   25003.902
   25645.404
   26317.104
   27020.920
   27758.923
   28533.369
   29346.728
   30201.736
   22914.060
   23465.106
   24041.337
   24644.381
   25276.002
   25938.115
   26632.805
   27362.354
   28129.268
   28936.319
   29786.598
   30683.588
   23690.619
   24282.389
   24902.615
   25553.292
   26236.611
   26954.980
   27711.066
   28507.833
   29348.604
   30237.129
   31177.694
   24527.656
   25165.509
   25835.754
   26540.866
   27283.594
   28067.010
   28894.559
   29770.143
   30698.217
   25433.056
   26123.373
   26850.861
   27618.622
   28430.149
   29289.395
   30200.872
   31169.773
   32202.136
   26416.144
   27166.585
   27960.045
   28800.457
   29692.305
   30640.738
   31651.726
   32732.258
   27488.032
   28307.854
   29177.920
   30103.265
   31089.707
   32144.028
   28662.049
   29562.533
   30522.267
   31547.763
   32646.652
   33827.961
   29954.308
   30949.319
   32014.911
   33159.598
   34393.494
   31384.446
   32491.178
   33682.893
   32976.612
   34216.595
   35560.065
   34760.789
   36774.607
   14617.716
   14839.927
   15068.282
   15302.985
   15544.244
   15792.267
   16047.265
   16309.449
   16579.024
   16856.193
   17141.151
   17434.081
   17735.151
   18044.509
   18362.275
   18688.537
   19023.341
   19366.681
   19718.489
   20078.622
   20446.846
   20822.825
   21206.101
   21596.077
   21992.009
       0.000
       0.000
       0.000
       0.000
       0.000
   14911.953
   15142.971
   15380.484
   15624.710
   15875.870
   16134.187
   16399.883
   16673.181
   16954.298
   17243.447
   17540.828
   17846.630
   18161.022
   18484.147
   18816.117
   19157.003
   19506.828
   19865.549
   20233.052
   20609.132
   20993.476
   21385.650
   21785.077
   22191.019
       0.000
       0.000
       0.000
       0.000
       0.000
   15218.655
   15459.047
   15706.315
   15960.694
   16222.420
   16491.729
   16768.860
   17054.047
   17347.522
   17649.505
   17960.207
   18279.821
   18608.515
   18946.430
   19293.667
   19650.278
   20016.256
   20391.520
   20775.900
   21169.121
   21570.780
   21980.332
   22397.064
   22820.080
       0.000
       0.000
       0.000
       0.000
   15538.674
   15789.061
   16046.741
   16311.966
   16584.988
   16866.062
   17155.442
   17453.377
   17760.113
   18075.883
   18400.906
   18735.380
   19079.477
   19433.331
   19797.031
   20170.608
   20554.024
   20947.152
   21349.761
   21761.494
   22181.850
   22610.157
   23045.554
   23486.970
       0.000
       0.000
       0.000
   15872.948
   16134.012
   16402.827
   16679.661
   16964.788
   17258.481
   17561.013
   17872.651
   18193.656
   18524.276
   18864.741
   19215.255
   19575.992
   19947.083
   20328.603
   20720.561
   21122.884
   21535.393
   21957.791
   22389.632
   22830.305
   23279.000
   23734.694
       0.000
       0.000
       0.000
   16222.508
   16495.003
   16775.749
   17065.039
   17363.167
   17670.429
   17987.120
   18313.527
   18649.930
   18996.593
   19353.761
   19721.648
   20100.430
   20490.234
   20891.125
   21303.087
   21726.009
   22159.661
   22603.672
   23057.502
   23520.418
   23991.469
   24469.460
       0.000
       0.000
   16588.495
   16873.253
   17166.815
   17469.499
   17781.626
   18103.517
   18435.493
   18777.865
   19130.936
   19494.991
   19870.292
   20257.064
   20655.493
   21065.704
   21487.751
   21921.597
   22367.093
   22823.954
   23291.734
   23769.798
   24257.289
   24753.109
       0.000
       0.000
   16972.172
   17270.116
   17577.476
   17894.602
   18221.843
   18559.552
   18908.078
   19267.764
   19638.940
   20021.918
   20416.979
   20824.371
   21244.289
   21676.863
   22122.140
   22580.066
   23050.459
   23532.982
   24027.118
   24532.135
   25047.063
   25570.664
       0.000
   17374.942
   17687.099
   18009.356
   18342.095
   18685.703
   19040.567
   19407.074
   19785.603
   20176.519
   20580.166
   20996.857
   21426.865
   21870.405
   22327.620
   22798.560
   23283.160
   23781.215
   24292.346
   24815.976
   25351.294
   25897.230
   26452.437
   17798.368
   18125.889
   18464.273
   18813.943
   19175.328
   19548.862
   19934.974
   20334.088
   20746.614
   21172.939
   21613.418
   22068.361
   22538.014
   23022.547
   23522.028
   24036.398
   24565.443
   25108.767
   25665.756
   26235.549
   26817.020
   18244.199
   18588.374
   18944.269
   19312.358
   19693.122
   20087.046
   20494.616
   20916.313
   21352.603
   21803.932
   22270.709
   22753.298
   23251.999
   23767.027
   24298.490
   24846.361
   25410.454
   25990.387
   26585.556
   27195.111
   18714.398
   19076.680
   19451.653
   19839.849
   20241.813
   20658.096
   21089.253
   21535.837
   21998.389
   22477.429
   22973.447
   23486.884
   24018.119
   24567.444
   25135.046
   25720.973
   26325.115
   26947.170
   27586.622
   19211.174
   19593.211
   19989.040
   20399.269
   20824.518
   21265.423
   21722.626
   22196.772
   22688.499
   23198.432
   23727.169
   24275.263
   24843.213
   25431.437
   26040.253
   26669.857
   27320.293
   27991.443
   19737.027
   20140.690
   20559.408
   20993.876
   21444.813
   21912.957
   22399.064
   22903.898
   23428.229
   23972.819
   24538.418
   25125.743
   25735.472
   26368.218
   27024.519
   27704.816
   28409.445
   20294.796
   20722.224
   21166.161
   21627.412
   22106.818
   22605.249
   23123.605
   23662.809
   24223.802
   24807.541
   25414.984
   26047.085
   26704.787
   27389.003
   28100.618
   20887.714
   21341.367
   21813.212
   22304.196
   22815.311
   23347.599
   23902.146
   24480.084
   25082.590
   25710.881
   26366.212
   27049.877
   27763.207
   28507.574
   21519.489
   22002.205
   22505.080
   23029.235
   23575.861
   24146.216
   24741.634
   25363.526
   26013.384
   26692.787
   27403.408
   28147.030
   28925.556
   29741.047
   22194.383
   22709.460
   23247.009
   23808.373
   24394.996
   25008.423
   25650.311
   26322.445
   27026.748
   27765.301
   28540.370
   29354.436
   30210.249
   22917.330
   23468.621
   24045.122
   24648.467
   25280.423
   25942.910
   26638.019
   27368.038
   28135.482
   28943.132
   29794.090
   30691.852
   23694.063
   24286.096
   24906.612
   25557.613
   26241.293
   26960.066
   27716.605
   28513.882
   29355.228
   30244.405
   31185.709
   24531.284
   25169.419
   25839.976
   26545.436
   27288.554
   28072.404
   28900.443
   29776.579
   30705.277
   25436.877
   26127.497
   26855.320
   27623.455
   28435.401
   29295.116
   30207.121
   31176.618
   32209.656
   26420.169
   27170.933
   27964.753
   28805.567
   29697.865
   30646.803
   31658.360
   32739.536
   27492.271
   28312.438
   29182.890
   30108.666
   31095.590
   32150.454
   28666.512
   29567.366
   30527.511
   31553.468
   32652.874
   33834.764
   29959.005
   30954.410
   32020.441
   33165.620
   34400.068
   31389.386
   32496.537
   33688.720
   32981.804
   34222.231
   35566.198
   34766.241
   36780.327
   14619.095
   14841.377
   15069.808
   15304.593
   15545.941
   15794.060
   16049.162
   16311.458
   16581.155
   16858.458
   17143.561
   17436.650
   17737.894
   18047.442
   18365.418
   18691.912
   19026.971
   19370.594
   19722.716
   20083.197
   20451.810
   20828.223
   21211.983
   21602.503
   21999.044
       0.000
       0.000
       0.000
       0.000
       0.000
   14913.393
   15144.487
   15382.081
   15626.395
   15877.650
   16136.069
   16401.877
   16675.296
   16956.545
   17245.838
   17543.377
   17849.351
   18163.931
   18487.264
   18819.463
   19160.603
   19510.707
   19869.740
   20237.588
   20614.053
   20998.828
   21391.483
   21791.450
   22197.999
       0.000
       0.000
       0.000
       0.000
       0.000
   15220.159
   15460.632
   15707.987
   15962.460
   16224.288
   16493.707
   16770.958
   17056.276
   17349.893
   17652.032
   17962.904
   18282.705
   18611.605
   18949.747
   19297.234
   19654.122
   20020.408
   20396.014
   20780.776
   21174.422
   21576.559
   21986.646
   22403.980
   22827.674
       0.000
       0.000
       0.000
       0.000
   15540.247
   15790.720
   16048.493
   16313.819
   16586.950
   16868.142
   17157.651
   17455.727
   17762.617
   18078.555
   18403.763
   18738.441
   19082.761
   19436.863
   19800.836
   20174.718
   20558.472
   20951.978
   21355.008
   21767.214
   22188.100
   22617.003
   23053.072
   23495.246
       0.000
       0.000
       0.000
   15874.593
   16135.749
   16404.663
   16681.606
   16966.850
   17260.671
   17563.341
   17875.131
   18196.303
   18527.105
   18867.770
   19218.506
   19579.487
   19950.848
   20332.668
   20724.961
   21127.655
   21540.581
   21963.445
   22395.811
   22837.073
   23286.434
   23742.879
       0.000
       0.000
       0.000
   16224.230
   16496.823
   16777.676
   17067.081
   17365.335
   17672.735
   17989.575
   18316.146
   18652.729
   18999.591
   19356.976
   19725.104
   20104.152
   20494.252
   20895.472
   21307.802
   21731.134
   22165.247
   22609.774
   23064.186
   23527.760
   23999.553
   24478.385
       0.000
       0.000
   16590.299
   16875.161
   17168.837
   17471.645
   17783.908
   18105.947
   18438.084
   18780.633
   19133.899
   19498.169
   19873.707
   20260.742
   20659.462
   21069.998
   21492.406
   21926.656
   22372.605
   22829.975
   23298.329
   23777.040
   24265.263
   24761.913
       0.000
       0.000
   16974.062
   17272.118
   17579.601
   17896.859
   18224.246
   18562.114
   18910.815
   19270.693
   19642.080
   20025.291
   20420.611
   20828.289
   21248.525
   21681.454
   22127.129
   22585.501
   23056.394
   23539.481
   24034.253
   24539.992
   25055.737
   25580.267
       0.000
   17376.923
   17689.201
   18011.589
   18344.471
   18688.235
   19043.271
   19409.967
   19788.704
   20179.849
   20583.749
   21000.722
   21431.043
   21874.931
   22332.536
   22803.913
   23289.005
   23787.612
   24299.369
   24823.707
   25359.828
   25906.678
   26462.924
   17800.446
   18128.097
   18466.621
   18816.445
   19177.999
   19551.718
   19938.034
   20337.373
   20750.148
   21176.749
   21617.534
   22072.819
   22542.854
   23027.816
   23527.778
   24042.689
   24572.348
   25116.365
   25674.141
   26244.831
   26827.323
   18246.380
   18590.694
   18946.740
   19314.994
   19695.940
   20090.064
   20497.855
   20919.796
   21356.356
   21807.985
   22275.097
   22758.060
   23257.180
   23772.678
   24304.671
   24853.142
   25417.913
   25998.616
   26594.662
   27205.217
   18716.688
   19079.119
   19454.255
   19842.629
   20244.788
   20661.287
   21092.684
   21539.532
   22002.377
   22481.745
   22978.128
   23491.974
   24023.668
   24573.512
   25141.698
   25728.287
   26333.181
   26956.092
   27596.521
   19213.580
   19595.776
   19991.781
   20402.201
   20827.662
   21268.800
   21726.262
   22200.694
   22692.741
   23203.031
   23732.166
   24280.708
   24849.163
   25437.956
   26047.418
   26677.753
   27329.023
   28001.124
   19739.557
   20143.391
   20562.296
   20996.971
   21448.136
   21916.533
   22402.920
   22908.065
   23432.743
   23977.722
   24543.757
   25131.573
   25741.855
   26375.228
   27032.240
   27713.347
   28418.901
   20297.456
   20725.068
   21169.206
   21630.680
   22110.332
   22609.037
   23127.696
   23667.237
   24228.609
   24812.771
   25420.691
   26053.330
   26711.639
   27396.545
   28108.945
   20890.513
   21344.363
   21816.425
   22307.648
   22819.029
   23351.612
   23906.488
   24484.794
   25087.711
   25716.464
   26372.315
   27056.569
   27770.567
   28515.693
   21522.434
   22005.362
   22508.470
   23032.884
   23579.796
   24150.471
   24746.245
   25368.536
   26018.841
   26698.748
   27409.938
   28154.204
   28933.463
   29749.788
   22197.484
   22712.788
   23250.587
   23812.231
   24399.163
   25012.935
   25655.209
   26327.775
   27032.565
   27771.667
   28547.357
   29362.128
   30218.744
   22920.595
   23472.129
   24048.901
   24652.546
   25284.836
   25947.696
   26643.222
   27373.711
   28141.684
   28949.931
   29801.567
   30700.100
   23697.502
   24289.796
   24910.603
   25561.927
   26245.967
   26965.143
   27722.134
   28519.920
   29361.839
   30251.666
   31193.708
   24534.906
   25173.322
   25844.191
   26549.998
   27293.504
   28077.790
   28906.317
   29783.004
   30712.323
   25440.693
   26131.613
   26859.771
   27628.280
   28440.643
   29300.827
   30213.360
   31183.452
   32217.163
   26424.188
   27175.275
   27969.454
   28810.669
   29703.415
   30652.858
   31664.983
   32746.800
   27496.504
   28317.016
   29187.852
   30114.058
   31101.464
   32156.869
   28670.968
   29572.190
   30532.747
   31559.164
   32659.085
   33841.556
   29963.695
   30959.492
   32025.963
   33171.632
   34406.631
   31394.319
   32501.888
   33694.538
   32986.989
   34227.860
   35572.322
   34771.686
   36786.039
   14620.472
   14842.824
   15071.332
   15306.199
   15547.635
   15795.849
   16051.055
   16313.463
   16583.283
   16860.718
   17145.967
   17439.214
   17740.632
   18050.370
   18368.555
   18695.280
   19030.594
   19374.499
   19726.933
   20087.762
   20456.763
   20833.607
   21217.851
   21608.913
   22006.062
       0.000
       0.000
       0.000
       0.000
       0.000
   14914.831
   15146.000
   15383.675
   15628.077
   15879.426
   16137.948
   16403.868
   16677.408
   16958.788
   17248.224
   17545.920
   17852.066
   18166.835
   18490.375
   18822.803
   19164.195
   19514.579
   19873.921
   20242.115
   20618.964
   21004.167
   21397.303
   21797.808
   22204.961
       0.000
       0.000
       0.000
       0.000
       0.000
   15221.661
   15462.214
   15709.657
   15964.224
   16226.152
   16495.682
   16773.053
   17058.501
   17352.260
   17654.554
   17965.596
   18285.583
   18614.689
   18953.056
   19300.793
   19657.958
   20024.550
   20400.498
   20785.640
   21179.712
   21582.325
   21992.946
   22410.880
   22835.249
       0.000
       0.000
       0.000
       0.000
   15541.817
   15792.376
   16050.242
   16315.668
   16588.908
   16870.219
   17159.856
   17458.073
   17765.116
   18081.223
   18406.615
   18741.495
   19086.039
   19440.387
   19804.634
   20178.819
   20562.911
   20956.792
   21360.243
   21772.920
   22194.335
   22623.833
   23060.572
   23503.501
       0.000
       0.000
       0.000
   15876.236
   16137.484
   16406.497
   16683.547
   16968.908
   17262.856
   17565.665
   17877.607
   18198.944
   18529.929
   18870.794
   19221.750
   19582.975
   19954.606
   20336.725
   20729.351
   21132.417
   21545.758
   21969.088
   22401.976
   22843.826
   23293.849
   23751.043
       0.000
       0.000
       0.000
   16225.949
   16498.640
   16779.600
   17069.120
   17367.500
   17675.036
   17992.026
   18318.761
   18655.523
   19002.582
   19360.185
   19728.553
   20107.867
   20498.263
   20899.811
   21312.507
   21736.249
   22170.820
   22615.863
   23070.856
   23535.084
   24007.617
   24487.287
       0.000
       0.000
   16592.099
   16877.067
   17170.857
   17473.789
   17786.186
   18108.373
   18440.671
   18783.397
   19136.858
   19501.342
   19877.116
   20264.413
   20663.424
   21074.282
   21497.051
   21931.704
   22378.104
   22835.983
   23304.909
   23784.265
   24273.219
   24770.696
       0.000
       0.000
   16975.949
   17274.117
   17581.722
   17899.113
   18226.645
   18564.672
   18913.547
   19273.617
   19645.215
   20028.658
   20424.235
   20832.199
   21252.753
   21686.037
   22132.108
   22590.923
   23062.315
   23545.965
   24041.372
   24547.830
   25064.390
   25589.845
       0.000
   17378.901
   17691.299
   18013.818
   18346.843
   18690.764
   19045.971
   19412.855
   19791.799
   20183.172
   20587.326
   21004.579
   21435.212
   21879.448
   22337.442
   22809.255
   23294.836
   23793.996
   24306.376
   24831.420
   25368.342
   25916.102
   26473.385
   17802.521
   18130.300
   18468.965
   18818.943
   19180.665
   19554.569
   19941.088
   20340.652
   20753.675
   21180.551
   21621.643
   22077.268
   22547.684
   23033.073
   23533.515
   24048.967
   24579.236
   25123.946
   25682.507
   26254.090
   26837.601
   18248.558
   18593.010
   18949.207
   19317.626
   19698.753
   20093.077
   20501.088
   20923.272
   21360.102
   21812.030
   22279.476
   22762.812
   23262.350
   23778.317
   24310.839
   24859.907
   25425.355
   26006.827
   26603.747
   27215.300
   18718.975
   19081.554
   19456.852
   19845.404
   20247.759
   20664.474
   21096.108
   21543.220
   22006.358
   22486.052
   22982.799
   23497.054
   24029.207
   24579.566
   25148.335
   25735.585
   26341.229
   26964.993
   27606.397
   19215.983
   19598.338
   19994.516
   20405.128
   20830.800
   21272.171
   21729.891
   22204.610
   22696.975
   23207.621
   23737.154
   24286.143
   24855.100
   25444.462
   26054.566
   26685.632
   27337.733
   28010.784
   19742.082
   20146.087
   20565.179
   21000.060
   21451.453
   21920.102
   22406.768
   22912.225
   23437.249
   23982.616
   24549.085
   25137.391
   25748.225
   26382.223
   27039.944
   27721.859
   28428.335
   20300.111
   20727.907
   21172.247
   21633.943
   22113.841
   22612.817
   23131.779
   23671.658
   24233.407
   24817.992
   25426.386
   26059.562
   26718.477
   27404.071
   28117.254
   20893.307
   21347.353
   21819.632
   22311.095
   22822.741
   23355.619
   23910.822
   24489.495
   25092.822
   25722.036
   26378.407
   27063.248
   27777.911
   28523.794
   21525.374
   22008.513
   22511.855
   23036.526
   23583.725
   24154.718
   24750.848
   25373.536
   26024.288
   26704.697
   27416.455
   28161.364
   28941.353
   29758.510
   22200.579
   22716.110
   23254.160
   23816.082
   24403.323
   25017.439
   25660.098
   26333.096
   27038.371
   27778.021
   28554.330
   29369.804
   30227.221
   22923.855
   23475.632
   24052.674
   24656.618
   25289.241
   25952.473
   26648.417
   27379.374
   28147.874
   28956.717
   29809.029
   30708.330
   23700.935
   24293.491
   24914.587
   25566.234
   26250.633
   26970.211
   27727.653
   28525.946
   29368.438
   30258.913
   31201.692
   24538.523
   25177.218
   25848.399
   26554.553
   27298.446
   28083.166
   28912.180
   29789.416
   30719.357
   25444.502
   26135.723
   26864.215
   27633.097
   28445.877
   29306.529
   30219.587
   31190.273
   32224.656
   26428.201
   27179.609
   27974.147
   28815.762
   29708.956
   30658.902
   31671.595
   32754.051
   27500.730
   28321.586
   29192.806
   30119.441
   31107.328
   32163.274
   28675.418
   29577.008
   30537.975
   31564.850
   32665.287
   33848.336
   29968.377
   30964.567
   32031.475
   33177.635
   34413.183
   31399.245
   32507.230
   33700.347
   32992.166
   34233.480
   35578.437
   34777.123
   36791.743
   14621.846
   14844.269
   15072.852
   15307.802
   15549.326
   15797.636
   16052.945
   16315.465
   16585.407
   16862.975
   17148.368
   17441.773
   17743.364
   18053.292
   18371.686
   18698.641
   19034.209
   19378.395
   19731.142
   20092.318
   20461.704
   20838.980
   21223.706
   21615.307
   22013.062
       0.000
       0.000
       0.000
       0.000
       0.000
   14916.266
   15147.510
   15385.267
   15629.756
   15881.200
   16139.824
   16405.855
   16679.515
   16961.028
   17250.607
   17548.459
   17854.776
   18169.734
   18493.481
   18826.136
   19167.780
   19518.443
   19878.094
   20246.631
   20623.863
   21009.495
   21403.109
   21804.151
   22211.906
       0.000
       0.000
       0.000
       0.000
       0.000
   15223.161
   15463.794
   15711.323
   15965.984
   16228.014
   16497.654
   16775.143
   17060.722
   17354.622
   17657.071
   17968.283
   18288.456
   18617.766
   18956.360
   19304.346
   19661.786
   20028.685
   20404.973
   20790.494
   21184.990
   21588.077
   21999.231
   22417.763
   22842.806
       0.000
       0.000
       0.000
       0.000
   15543.385
   15794.029
   16051.988
   16317.514
   16590.863
   16872.292
   17162.058
   17460.415
   17767.611
   18083.885
   18409.461
   18744.544
   19089.311
   19443.905
   19808.425
   20182.912
   20567.340
   20961.597
   21365.467
   21778.613
   22200.555
   22630.646
   23068.053
   23511.736
       0.000
       0.000
       0.000
   15877.875
   16139.215
   16408.328
   16685.485
   16970.963
   17265.038
   17567.985
   17880.078
   18201.581
   18532.747
   18873.812
   19224.988
   19586.456
   19958.356
   20340.774
   20733.732
   21137.168
   21550.923
   21974.717
   22408.127
   22850.563
   23301.247
   23759.188
       0.000
       0.000
       0.000
   16227.666
   16500.455
   16781.520
   17071.156
   17369.661
   17677.334
   17994.473
   18321.371
   18658.312
   19005.568
   19363.388
   19731.995
   20111.575
   20502.265
   20904.141
   21317.201
   21741.352
   22176.381
   22621.938
   23077.509
   23542.390
   24015.662
   24496.167
       0.000
       0.000
   16593.897
   16878.969
   17172.872
   17475.928
   17788.460
   18110.794
   18443.253
   18786.156
   19139.810
   19504.508
   19880.518
   20268.077
   20667.377
   21078.558
   21501.686
   21936.741
   22383.592
   22841.977
   23311.473
   23791.473
   24281.155
   24779.457
       0.000
       0.000
   16977.832
   17276.112
   17583.839
   17901.364
   18229.040
   18567.226
   18916.275
   19276.535
   19648.343
   20032.019
   20427.853
   20836.102
   21256.973
   21690.610
   22137.076
   22596.334
   23068.224
   23552.434
   24048.475
   24555.649
   25073.022
   25599.400
       0.000
   17380.876
   17693.394
   18016.044
   18349.211
   18693.288
   19048.666
   19415.738
   19794.888
   20186.490
   20590.895
   21008.429
   21439.373
   21883.956
   22342.337
   22814.585
   23300.655
   23800.365
   24313.367
   24839.115
   25376.836
   25925.504
   26483.820
   17804.593
   18132.500
   18471.306
   18821.436
   19183.327
   19557.415
   19944.137
   20343.924
   20757.195
   21184.346
   21625.743
   22081.708
   22552.505
   23038.319
   23539.240
   24055.232
   24586.110
   25131.509
   25690.854
   26263.327
   26847.853
   18250.732
   18595.321
   18951.669
   19320.254
   19701.562
   20096.084
   20504.315
   20926.742
   21363.841
   21816.068
   22283.846
   22767.555
   23267.509
   23783.945
   24316.994
   24866.658
   25432.780
   26015.018
   26612.810
   27225.357
   18721.258
   19083.985
   19459.444
   19848.174
   20250.724
   20667.654
   21099.526
   21546.901
   22010.332
   22490.351
   22987.462
   23502.124
   24034.734
   24585.608
   25154.958
   25742.867
   26349.258
   26973.874
   27616.249
   19218.382
   19600.895
   19997.248
   20408.051
   20833.933
   21275.537
   21733.513
   22208.518
   22701.201
   23212.201
   23742.132
   24291.567
   24861.025
   25450.953
   26061.699
   26693.493
   27346.424
   28020.421
   19744.604
   20148.778
   20568.058
   21003.145
   21454.764
   21923.665
   22410.610
   22916.376
   23441.746
   23987.500
   24554.403
   25143.197
   25754.582
   26389.203
   27047.632
   27730.353
   28437.748
   20302.763
   20730.741
   21175.282
   21637.200
   22117.343
   22616.591
   23135.855
   23676.070
   24238.195
   24823.202
   25432.071
   26065.781
   26725.301
   27411.581
   28125.545
   20896.096
   21350.339
   21822.834
   22314.536
   22826.447
   23359.618
   23915.149
   24494.187
   25097.923
   25727.597
   26384.486
   27069.913
   27785.240
   28531.878
   21528.310
   22011.659
   22515.233
   23040.163
   23587.647
   24158.958
   24755.443
   25378.528
   26029.725
   26710.635
   27422.959
   28168.509
   28949.226
   29767.214
   22203.670
   22719.427
   23257.727
   23819.926
   24407.476
   25021.935
   25664.978
   26338.407
   27044.167
   27784.363
   28561.290
   29377.466
   30235.681
   22927.109
   23479.130
   24056.440
   24660.683
   25293.639
   25957.242
   26653.602
   27385.026
   28154.052
   28963.491
   29816.476
   30716.545
   23704.362
   24297.179
   24918.565
   25570.533
   26255.291
   26975.270
   27733.162
   28531.962
   29375.025
   30266.147
   31209.660
   24542.133
   25181.108
   25852.600
   26559.100
   27303.380
   28088.532
   28918.033
   29795.817
   30726.377
   25448.306
   26139.826
   26868.652
   27637.906
   28451.102
   29312.221
   30225.804
   31197.082
   32232.135
   26432.207
   27183.936
   27978.832
   28820.847
   29714.488
   30664.937
   31678.194
   32761.290
   27504.949
   28326.149
   29197.752
   30124.815
   31113.182
   32169.668
   28679.860
   29581.817
   30543.194
   31570.528
   32671.478
   33855.106
   29973.053
   30969.634
   32036.980
   33183.628
   34419.726
   31404.163
   32512.565
   33706.147
   32997.336
   34239.092
   35584.543
   34782.552
   36797.440
   14623.218
   14845.712
   15074.371
   15309.402
   15551.014
   15799.419
   16054.832
   16317.464
   16587.527
   16865.227
   17150.764
   17444.328
   17746.091
   18056.209
   18374.811
   18701.995
   19037.817
   19382.284
   19735.341
   20096.863
   20466.634
   20844.340
   21229.547
   21621.686
   22020.045
       0.000
       0.000
       0.000
       0.000
       0.000
   14917.699
   15149.018
   15386.856
   15631.432
   15882.971
   16141.697
   16407.838
   16681.619
   16963.263
   17252.985
   17550.993
   17857.482
   18172.626
   18496.580
   18829.463
   19171.358
   19522.298
   19882.258
   20251.138
   20628.752
   21014.810
   21408.902
   21810.479
   22218.835
       0.000
       0.000
       0.000
       0.000
       0.000
   15224.658
   15465.371
   15712.987
   15967.741
   16229.872
   16499.621
   16777.230
   17062.938
   17356.980
   17659.584
   17970.965
   18291.324
   18620.838
   18959.656
   19307.891
   19665.606
   20032.810
   20409.437
   20795.338
   21190.256
   21593.816
   22005.501
   22424.629
   22850.343
       0.000
       0.000
       0.000
       0.000
   15544.950
   15795.680
   16053.731
   16319.358
   16592.815
   16874.362
   17164.256
   17462.752
   17770.101
   18086.542
   18412.302
   18747.587
   19092.576
   19447.416
   19812.207
   20186.997
   20571.760
   20966.391
   21370.679
   21784.294
   22206.762
   22637.444
   23075.516
   23519.950
       0.000
       0.000
       0.000
   15879.513
   16140.944
   16410.155
   16687.420
   16973.014
   17267.215
   17570.301
   17882.545
   18204.213
   18535.560
   18876.824
   19228.220
   19589.930
   19962.098
   20344.815
   20738.104
   21141.910
   21556.078
   21980.334
   22414.263
   22857.284
   23308.627
   23767.312
       0.000
       0.000
       0.000
   16229.379
   16502.266
   16783.437
   17073.188
   17371.818
   17679.627
   17996.915
   18323.976
   18661.096
   19008.549
   19366.585
   19735.431
   20115.276
   20506.259
   20908.461
   21321.887
   21746.444
   22181.930
   22627.999
   23084.148
   23549.680
   24023.687
   24505.025
       0.000
       0.000
   16595.692
   16880.868
   17174.885
   17478.064
   17790.730
   18113.211
   18445.831
   18788.909
   19142.758
   19507.669
   19883.914
   20271.733
   20671.323
   21082.825
   21506.312
   21941.768
   22389.068
   22847.958
   23318.023
   23798.664
   24289.072
   24788.196
       0.000
       0.000
   16979.713
   17278.105
   17585.953
   17903.610
   18231.431
   18569.775
   18918.997
   19279.448
   19651.466
   20035.373
   20431.463
   20839.997
   21261.184
   21695.173
   22142.033
   22601.734
   23074.120
   23558.889
   24055.562
   24563.450
   25081.633
   25608.931
       0.000
   17382.848
   17695.485
   18018.266
   18351.575
   18695.807
   19051.356
   19418.615
   19797.972
   20189.801
   20594.458
   21012.271
   21443.525
   21888.455
   22347.223
   22819.904
   23306.461
   23806.720
   24320.342
   24846.792
   25385.309
   25934.882
   26494.228
   17806.661
   18134.697
   18473.642
   18823.926
   19185.984
   19560.256
   19947.181
   20347.191
   20760.709
   21188.134
   21629.835
   22086.140
   22557.315
   23043.555
   23544.953
   24061.482
   24592.968
   25139.055
   25699.181
   26272.542
   26858.080
   18252.903
   18597.630
   18954.128
   19322.877
   19704.365
   20099.087
   20507.536
   20930.205
   21367.573
   21820.098
   22288.209
   22772.288
   23272.658
   23789.561
   24323.136
   24873.394
   25440.189
   26023.191
   26621.852
   27235.391
   18723.537
   19086.412
   19462.033
   19850.939
   20253.684
   20670.829
   21102.938
   21550.576
   22014.298
   22494.642
   22992.116
   23507.184
   24040.249
   24591.637
   25161.567
   25750.132
   26357.270
   26982.734
   27626.078
   19220.776
   19603.448
   19999.974
   20410.968
   20837.060
   21278.896
   21737.129
   22212.419
   22705.419
   23216.773
   23747.100
   24296.979
   24866.939
   25457.432
   26068.817
   26701.337
   27355.094
   28030.035
   19747.121
   20151.465
   20570.932
   21006.224
   21458.070
   21927.221
   22414.444
   22920.520
   23446.235
   23992.374
   24559.711
   25148.991
   25760.926
   26396.169
   27055.304
   27738.827
   28447.139
   20305.410
   20733.571
   21178.312
   21640.451
   22120.838
   22620.358
   23139.923
   23680.475
   24242.975
   24828.403
   25437.744
   26071.988
   26732.111
   27419.075
   28133.818
   20898.881
   21353.319
   21826.030
   22317.970
   22830.145
   23363.610
   23919.468
   24498.870
   25103.015
   25733.147
   26390.554
   27076.564
   27792.554
   28539.945
   21531.240
   22014.800
   22518.607
   23043.793
   23591.562
   24163.190
   24760.029
   25383.510
   26035.151
   26716.561
   27429.450
   28175.640
   28957.084
   29775.900
   22206.755
   22722.738
   23261.288
   23823.764
   24411.621
   25026.423
   25669.850
   26343.709
   27049.951
   27790.692
   28568.236
   29385.112
   30244.124
   22930.358
   23482.621
   24060.200
   24664.742
   25298.029
   25962.003
   26658.778
   27390.668
   28160.219
   28970.251
   29823.909
   30724.743
   23707.784
   24300.861
   24922.536
   25574.825
   26259.941
   26980.321
   27738.661
   28537.966
   29381.600
   30273.367
   31217.613
   24545.738
   25184.992
   25856.794
   26563.640
   27308.305
   28093.890
   28923.876
   29802.207
   30733.385
   25452.103
   26143.923
   26873.082
   27642.707
   28456.318
   29317.903
   30232.010
   31203.879
   32239.601
   26436.207
   27188.257
   27983.510
   28825.923
   29720.011
   30670.960
   31684.783
   32768.516
   27509.162
   28330.705
   29202.690
   30130.181
   31119.027
   32176.051
   28684.296
   29586.619
   30548.405
   31576.196
   32677.660
   33861.864
   29977.721
   30974.694
   32042.475
   33189.612
   34426.258
   31409.073
   32517.892
   33711.938
   33002.498
   34244.696
   35590.640
   34787.974
   36803.128
   14624.588
   14847.152
   15075.887
   15310.999
   15552.699
   15801.200
   16056.715
   16319.459
   16589.643
   16867.475
   17153.157
   17446.877
   17748.813
   18059.120
   18377.930
   18705.343
   19041.417
   19386.164
   19739.532
   20101.398
   20471.554
   20849.688
   21235.374
   21628.050
   22027.011
       0.000
       0.000
       0.000
       0.000
       0.000
   14919.129
   15150.524
   15388.442
   15633.106
   15884.738
   16143.567
   16409.818
   16683.720
   16965.494
   17255.358
   17553.522
   17860.182
   18175.514
   18499.673
   18832.783
   19174.928
   19526.146
   19886.413
   20255.635
   20633.630
   21020.114
   21414.682
   21816.791
   22225.747
       0.000
       0.000
       0.000
       0.000
       0.000
   15226.153
   15466.946
   15714.648
   15969.495
   16231.727
   16501.586
   16779.314
   17065.151
   17359.334
   17662.092
   17973.642
   18294.186
   18623.904
   18962.947
   19311.429
   19669.419
   20036.927
   20413.893
   20800.170
   21195.510
   21599.542
   22011.756
   22431.479
   22857.862
       0.000
       0.000
       0.000
       0.000
   15546.513
   15797.328
   16055.472
   16321.198
   16594.763
   16876.428
   17166.450
   17465.086
   17772.587
   18089.195
   18415.138
   18750.623
   19095.835
   19450.919
   19815.982
   20191.072
   20576.171
   20971.175
   21375.880
   21789.962
   22212.953
   22644.225
   23082.961
   23528.143
       0.000
       0.000
       0.000
   15881.147
   16142.670
   16411.980
   16689.351
   16975.062
   17269.390
   17572.613
   17885.007
   18206.840
   18538.368
   18879.831
   19231.445
   19593.398
   19965.834
   20348.847
   20742.466
   21146.641
   21561.221
   21985.938
   22420.385
   22863.989
   23315.990
   23775.416
       0.000
       0.000
       0.000
   16231.090
   16504.074
   16785.351
   17075.217
   17373.972
   17681.917
   17999.353
   18326.577
   18663.875
   19011.523
   19369.776
   19738.861
   20118.969
   20510.245
   20912.773
   21326.562
   21751.526
   22187.466
   22634.047
   23090.771
   23556.952
   24031.693
   24513.860
       0.000
       0.000
   16597.483
   16882.764
   17176.894
   17480.196
   17792.997
   18115.624
   18448.404
   18791.658
   19145.699
   19510.823
   19887.303
   20275.382
   20675.260
   21087.083
   21510.928
   21946.784
   22394.533
   22853.925
   23324.557
   23805.839
   24296.970
   24796.914
       0.000
       0.000
   16981.590
   17280.094
   17588.063
   17905.852
   18233.818
   18572.319
   18921.714
   19282.355
   19654.583
   20038.721
   20435.067
   20843.884
   21265.386
   21699.727
   22146.981
   22607.122
   23080.003
   23565.330
   24062.632
   24571.233
   25090.224
   25618.439
       0.000
   17384.816
   17697.573
   18020.483
   18353.935
   18698.322
   19054.041
   19421.487
   19801.050
   20193.106
   20598.015
   21016.106
   21447.670
   21892.944
   22352.098
   22825.212
   23312.255
   23813.062
   24327.302
   24854.451
   25393.762
   25944.238
   26504.611
   17808.726
   18136.889
   18475.974
   18826.411
   19188.636
   19563.092
   19950.218
   20350.452
   20764.216
   21191.914
   21633.919
   22090.562
   22562.116
   23048.779
   23550.653
   24067.719
   24599.811
   25146.584
   25707.488
   26281.735
   26868.282
   18255.070
   18599.934
   18956.582
   19325.495
   19707.164
   20102.084
   20510.752
   20933.662
   21371.298
   21824.120
   22292.562
   22777.012
   23277.796
   23795.165
   24329.264
   24880.115
   25447.581
   26031.345
   26630.873
   27245.400
   18725.813
   19088.835
   19464.617
   19853.700
   20256.639
   20673.998
   21106.343
   21554.243
   22018.257
   22498.925
   22996.760
   23512.233
   24045.754
   24597.654
   25168.162
   25757.382
   26365.263
   26991.574
   27635.883
   19223.167
   19605.997
   20002.696
   20413.880
   20840.182
   21282.249
   21740.739
   22216.312
   22709.629
   23221.337
   23752.058
   24302.381
   24872.840
   25463.896
   26075.919
   26709.164
   27363.746
   28039.627
   19749.634
   20154.148
   20573.800
   21009.297
   21461.370
   21930.771
   22418.272
   22924.656
   23450.715
   23997.240
   24565.008
   25154.774
   25767.257
   26403.120
   27062.959
   27747.283
   28456.510
   20308.053
   20736.395
   21181.337
   21643.697
   22124.328
   22624.118
   23143.984
   23684.871
   24247.746
   24833.593
   25443.407
   26078.182
   26738.907
   27426.554
   28142.073
   20901.661
   21356.295
   21829.221
   22321.399
   22833.838
   23367.595
   23923.778
   24503.545
   25108.097
   25738.687
   26396.609
   27083.203
   27799.852
   28547.995
   21534.166
   22017.936
   22521.974
   23047.417
   23595.471
   24167.415
   24764.606
   25388.482
   26040.567
   26722.476
   27435.929
   28182.756
   28964.925
   29784.568
   22209.835
   22726.044
   23264.843
   23827.595
   24415.759
   25030.904
   25674.713
   26349.000
   27055.725
   27797.010
   28575.169
   29392.742
   30252.550
   22933.602
   23486.107
   24063.954
   24668.793
   25302.412
   25966.755
   26663.944
   27396.299
   28166.375
   28976.999
   29831.328
   30732.925
   23711.201
   24304.537
   24926.500
   25579.110
   26264.583
   26985.362
   27744.151
   28543.960
   29388.162
   30280.573
   31225.550
   24549.337
   25188.870
   25860.981
   26568.171
   27313.222
   28099.238
   28929.708
   29808.585
   30740.380
   25455.894
   26148.013
   26877.504
   27647.500
   28461.526
   29323.575
   30238.205
   31210.664
   32247.053
   26440.201
   27192.571
   27988.180
   28830.991
   29725.525
   30676.974
   31691.360
   32775.729
   27513.368
   28335.254
   29207.621
   30135.538
   31124.862
   32182.423
   28688.725
   29591.414
   30553.608
   31581.856
   32683.831
   33868.611
   29982.383
   30979.745
   32047.962
   33195.587
   34432.779
   31413.977
   32523.211
   33717.721
   33007.652
   34250.291
   35596.728
   34793.388
   36808.809
   14625.956
   14848.590
   15077.400
   15312.594
   15554.382
   15802.977
   16058.595
   16321.450
   16591.756
   16869.720
   17155.545
   17449.422
   17751.529
   18062.025
   18381.042
   18708.684
   19045.010
   19390.036
   19743.713
   20105.923
   20476.462
   20855.024
   21241.187
   21634.399
   22033.959
       0.000
       0.000
       0.000
       0.000
       0.000
   14920.558
   15152.027
   15390.026
   15634.776
   15886.503
   16145.433
   16411.795
   16685.816
   16967.721
   17257.728
   17556.047
   17862.877
   18178.395
   18502.760
   18836.096
   19178.491
   19529.986
   19890.560
   20260.123
   20638.498
   21025.405
   21420.447
   21823.089
   22232.641
       0.000
       0.000
       0.000
       0.000
       0.000
   15227.645
   15468.518
   15716.306
   15971.246
   16233.579
   16503.547
   16781.394
   17067.360
   17361.684
   17664.596
   17976.314
   18297.043
   18626.964
   18966.230
   19314.960
   19673.224
   20041.035
   20418.339
   20804.993
   21200.753
   21605.255
   22017.997
   22438.313
   22865.363
       0.000
       0.000
       0.000
       0.000
   15548.073
   15798.973
   16057.209
   16323.035
   16596.708
   16878.490
   17168.640
   17467.415
   17775.068
   18091.843
   18417.968
   18753.655
   19099.087
   19454.416
   19819.750
   20195.140
   20580.572
   20975.948
   21381.069
   21795.617
   22219.131
   22650.990
   23090.387
   23536.316
       0.000
       0.000
       0.000
   15882.779
   16144.393
   16413.801
   16691.280
   16977.106
   17271.560
   17574.921
   17887.465
   18209.462
   18541.170
   18882.832
   19234.665
   19596.858
   19969.561
   20352.871
   20746.820
   21151.362
   21566.352
   21991.530
   22426.494
   22870.679
   23323.334
   23783.500
       0.000
       0.000
       0.000
   16232.798
   16505.880
   16787.262
   17077.242
   17376.121
   17684.202
   18001.787
   18329.173
   18666.649
   19014.493
   19372.961
   19742.283
   20122.655
   20514.223
   20917.076
   21331.227
   21756.596
   22192.990
   22640.081
   23097.378
   23564.207
   24039.679
   24522.674
       0.000
       0.000
   16599.272
   16884.657
   17178.900
   17482.325
   17795.259
   18118.032
   18450.972
   18794.402
   19148.636
   19513.972
   19890.686
   20279.025
   20679.190
   21091.333
   21515.535
   21951.789
   22399.985
   22859.880
   23331.077
   23812.997
   24304.850
   24805.611
       0.000
       0.000
   16983.465
   17282.079
   17590.170
   17908.091
   18236.201
   18574.859
   18924.427
   19285.258
   19657.694
   20042.062
   20438.664
   20847.763
   21269.581
   21704.272
   22151.918
   22612.498
   23085.873
   23571.756
   24069.686
   24578.997
   25098.793
   25627.923
       0.000
   17386.781
   17699.657
   18022.698
   18356.291
   18700.833
   19056.722
   19424.354
   19804.122
   20196.405
   20601.564
   21019.933
   21451.806
   21897.425
   22356.964
   22830.509
   23318.036
   23819.389
   24334.245
   24862.093
   25402.195
   25953.570
   26514.968
   17810.787
   18139.079
   18478.303
   18828.891
   19191.284
   19565.923
   19953.251
   20353.707
   20767.717
   21195.688
   21637.996
   22094.976
   22566.908
   23053.993
   23556.342
   24073.943
   24606.639
   25154.096
   25715.776
   26290.906
   26878.459
   18257.233
   18602.234
   18959.032
   19328.109
   19709.958
   20105.075
   20513.962
   20937.113
   21375.016
   21828.135
   22296.907
   22781.726
   23282.924
   23800.757
   24335.380
   24886.822
   25454.957
   26039.480
   26639.873
   27255.385
   18728.085
   19091.254
   19467.196
   19856.456
   20259.589
   20677.161
   21109.743
   21557.904
   22022.208
   22503.199
   23001.396
   23517.273
   24051.247
   24603.658
   25174.743
   25764.616
   26373.239
   27000.393
   27645.666
   19225.554
   19608.542
   20005.413
   20416.787
   20843.298
   21285.596
   21744.342
   22220.199
   22713.832
   23225.891
   23757.007
   24307.772
   24878.729
   25470.347
   26083.007
   26716.973
   27372.377
   28049.197
   19752.143
   20156.826
   20576.664
   21012.366
   21464.664
   21934.315
   22422.092
   22928.785
   23455.187
   24002.096
   24570.294
   25160.545
   25773.575
   26410.056
   27070.597
   27755.721
   28465.859
   20310.691
   20739.215
   21184.357
   21646.937
   22127.812
   22627.872
   23148.038
   23689.259
   24252.507
   24838.773
   25449.058
   26084.364
   26745.689
   27434.017
   28150.311
   20904.436
   21359.266
   21832.407
   22324.822
   22837.524
   23371.573
   23928.081
   24508.211
   25113.170
   25744.216
   26402.653
   27089.827
   27807.136
   28556.028
   21537.087
   22021.067
   22525.336
   23051.034
   23599.372
   24171.632
   24769.176
   25393.446
   26045.973
   26728.380
   27442.394
   28189.858
   28972.751
   29793.217
   22212.911
   22729.344
   23268.392
   23831.419
   24419.890
   25035.376
   25679.567
   26354.282
   27061.487
   27803.315
   28582.087
   29400.358
   30260.958
   22936.840
   23489.587
   24067.701
   24672.837
   25306.787
   25971.499
   26669.101
   27401.921
   28172.519
   28983.733
   29838.732
   30741.090
   23714.611
   24308.207
   24930.458
   25583.387
   26269.217
   26990.395
   27749.631
   28549.942
   29394.713
   30287.766
   31233.472
   24552.930
   25192.741
   25865.161
   26572.696
   27318.130
   28104.576
   28935.530
   29814.951
   30747.361
   25459.679
   26152.096
   26881.919
   27652.285
   28466.724
   29329.237
   30244.389
   31217.436
   32254.492
   26444.188
   27196.877
   27992.842
   28836.051
   29731.029
   30682.978
   31697.925
   32782.929
   27517.567
   28339.795
   29212.543
   30140.886
   31130.687
   32188.785
   28693.147
   29596.201
   30558.802
   31587.506
   32689.992
   33875.347
   29987.037
   30984.789
   32053.441
   33201.552
   34439.290
   31418.873
   32528.522
   33723.494
   33012.799
   34255.879
   35602.807
   34798.794
   36814.482
   14627.321
   14850.026
   15078.911
   15314.186
   15556.062
   15804.752
   16060.472
   16323.438
   16593.864
   16871.960
   17157.928
   17451.962
   17754.241
   18064.925
   18384.149
   18712.018
   19048.596
   19393.900
   19747.886
   20110.439
   20481.360
   20860.347
   21246.987
   21640.732
   22040.891
       0.000
       0.000
       0.000
       0.000
       0.000
   14921.984
   15153.527
   15391.607
   15636.444
   15888.265
   16147.297
   16413.768
   16687.909
   16969.944
   17260.093
   17558.567
   17865.567
   18181.272
   18505.841
   18839.403
   19182.047
   19533.817
   19894.697
   20264.600
   20643.354
   21030.685
   21426.200
   21829.372
   22239.520
       0.000
       0.000
       0.000
       0.000
       0.000
   15229.135
   15470.088
   15717.962
   15972.995
   16235.428
   16505.505
   16783.470
   17069.565
   17364.030
   17667.095
   17978.981
   18299.894
   18630.018
   18969.508
   19318.484
   19677.020
   20045.135
   20422.775
   20809.804
   21205.984
   21610.955
   22024.223
   22445.130
   22872.845
       0.000
       0.000
       0.000
       0.000
   15549.630
   15800.616
   16058.944
   16324.869
   16598.650
   16880.549
   17170.826
   17469.740
   17777.545
   18094.486
   18420.793
   18756.680
   19102.333
   19457.906
   19823.509
   20199.199
   20584.964
   20980.711
   21386.247
   21801.259
   22225.294
   22657.739
   23097.796
   23544.469
       0.000
       0.000
       0.000
   15884.409
   16146.113
   16415.620
   16693.205
   16979.146
   17273.726
   17577.225
   17889.919
   18212.080
   18543.968
   18885.827
   19237.878
   19600.312
   19973.281
   20356.887
   20751.164
   21156.073
   21571.473
   21997.110
   22432.588
   22877.353
   23330.662
   23791.565
       0.000
       0.000
       0.000
   16234.504
   16507.682
   16789.170
   17079.264
   17378.267
   17686.484
   18004.216
   18331.764
   18669.418
   19017.457
   19376.139
   19745.699
   20126.333
   20518.193
   20921.370
   21335.883
   21761.656
   22198.502
   22646.101
   23103.971
   23571.445
   24047.646
   24531.466
       0.000
       0.000
   16601.058
   16886.546
   17180.902
   17484.450
   17797.518
   18120.436
   18453.536
   18797.141
   19151.567
   19517.115
   19894.063
   20282.660
   20683.112
   21095.574
   21520.132
   21956.784
   22405.425
   22865.821
   23337.582
   23820.138
   24312.710
   24814.286
       0.000
       0.000
   16985.336
   17284.062
   17592.273
   17910.326
   18238.579
   18577.395
   18927.135
   19288.155
   19660.799
   20045.398
   20442.253
   20851.635
   21273.766
   21708.808
   22156.845
   22617.863
   23091.730
   23578.168
   24076.723
   24586.743
   25107.342
   25637.383
       0.000
   17388.743
   17701.738
   18024.908
   18358.643
   18703.340
   19059.398
   19427.216
   19807.189
   20199.698
   20605.107
   21023.753
   21455.934
   21901.897
   22361.820
   22835.795
   23323.805
   23825.702
   24341.173
   24869.716
   25410.609
   25962.880
   26525.299
   17812.845
   18141.264
   18480.627
   18831.368
   19193.927
   19568.748
   19956.278
   20356.956
   20771.211
   21199.454
   21642.064
   22099.382
   22571.689
   23059.197
   23562.019
   24080.153
   24613.451
   25161.591
   25724.045
   26300.056
   26888.611
   18259.393
   18604.531
   18961.478
   19330.719
   19712.747
   20108.062
   20517.166
   20940.558
   21378.726
   21832.142
   22301.244
   22786.431
   23288.042
   23806.338
   24341.483
   24893.514
   25462.316
   26047.597
   26648.851
   27265.346
   18730.353
   19093.668
   19469.771
   19859.207
   20262.534
   20680.319
   21113.136
   21561.559
   22026.152
   22507.466
   23006.022
   23522.302
   24056.729
   24609.649
   25181.310
   25771.834
   26381.196
   27009.193
   27655.425
   19227.937
   19611.082
   20008.126
   20419.689
   20846.409
   21288.938
   21747.938
   22224.078
   22718.026
   23230.437
   23761.946
   24313.153
   24884.606
   25476.785
   26090.079
   26724.766
   27380.990
   28058.745
   19754.648
   20159.500
   20579.523
   21015.429
   21467.952
   21937.852
   22425.906
   22932.905
   23459.651
   24006.942
   24575.571
   25166.305
   25779.880
   26416.978
   27078.219
   27764.139
   28475.187
   20313.325
   20742.031
   21187.372
   21650.172
   22131.290
   22631.619
   23152.084
   23693.639
   24257.260
   24843.944
   25454.698
   26090.533
   26752.457
   27441.464
   28158.530
   20907.208
   21362.232
   21835.587
   22328.240
   22841.203
   23375.544
   23932.377
   24512.868
   25118.233
   25749.735
   26408.684
   27096.439
   27814.405
   28564.044
   21540.004
   22024.192
   22528.692
   23054.646
   23603.267
   24175.842
   24773.737
   25398.401
   26051.369
   26734.272
   27448.847
   28196.946
   28980.560
   29801.849
   22215.981
   22732.639
   23271.935
   23835.237
   24424.014
   25039.841
   25684.412
   26359.554
   27067.239
   27809.608
   28588.993
   29407.958
   30269.349
   22940.073
   23493.061
   24071.443
   24676.875
   25311.154
   25976.235
   26674.249
   27407.532
   28178.651
   28990.455
   29846.122
   30749.239
   23718.017
   24311.872
   24934.409
   25587.657
   26273.843
   26995.418
   27755.101
   28555.914
   29401.251
   30294.945
   31241.379
   24556.517
   25196.606
   25869.334
   26577.212
   27323.030
   28109.906
   28941.342
   29821.307
   30754.331
   25463.458
   26156.173
   26886.327
   27657.062
   28471.914
   29334.890
   30250.562
   31224.197
   32261.917
   26448.169
   27201.177
   27997.497
   28841.102
   29736.524
   30688.971
   31704.480
   32790.117
   27521.761
   28344.329
   29217.458
   30146.225
   31136.503
   32195.136
   28697.562
   29600.981
   30563.989
   31593.147
   32696.144
   33882.072
   29991.684
   30989.825
   32058.911
   33207.508
   34445.791
   31423.762
   32533.824
   33729.259
   33017.939
   34261.458
   35608.877
   34804.193
   36820.147
   14628.685
   14851.459
   15080.420
   15315.776
   15557.739
   15806.523
   16062.346
   16325.423
   16595.969
   16874.196
   17160.307
   17454.498
   17756.947
   18067.819
   18387.249
   18715.345
   19052.174
   19397.756
   19752.049
   20114.945
   20486.246
   20865.659
   21252.774
   21647.050
   22047.806
       0.000
       0.000
       0.000
       0.000
       0.000
   14923.407
   15155.026
   15393.185
   15638.109
   15890.023
   16149.157
   16415.738
   16689.998
   16972.163
   17262.453
   17561.083
   17868.251
   18184.142
   18508.916
   18842.703
   19185.596
   19537.641
   19898.826
   20269.069
   20648.200
   21035.952
   21431.940
   21835.640
   22246.381
       0.000
       0.000
       0.000
       0.000
       0.000
   15230.623
   15471.655
   15719.614
   15974.740
   16237.274
   16507.460
   16785.543
   17071.766
   17366.371
   17669.589
   17981.643
   18302.740
   18633.066
   18972.779
   19322.001
   19680.810
   20049.226
   20427.202
   20814.606
   21211.203
   21616.642
   22030.434
   22451.931
   22880.309
       0.000
       0.000
       0.000
       0.000
   15551.186
   15802.256
   16060.675
   16326.700
   16600.589
   16882.604
   17173.008
   17472.061
   17780.017
   18097.124
   18423.613
   18759.700
   19105.573
   19461.389
   19827.261
   20203.250
   20589.347
   20985.464
   21391.413
   21806.888
   22231.443
   22664.472
   23105.187
   23552.602
       0.000
       0.000
       0.000
   15886.035
   16147.830
   16417.435
   16695.126
   16981.184
   17275.889
   17579.524
   17892.368
   18214.693
   18546.760
   18888.816
   19241.085
   19603.759
   19976.994
   20360.894
   20755.500
   21160.774
   21576.583
   22002.677
   22438.669
   22884.011
   23337.971
   23799.610
       0.000
       0.000
       0.000
   16236.206
   16509.482
   16791.074
   17081.282
   17380.410
   17688.761
   18006.641
   18334.350
   18672.181
   19020.415
   19379.312
   19749.109
   20130.005
   20522.155
   20925.656
   21340.529
   21766.704
   22204.002
   22652.108
   23110.548
   23578.666
   24055.593
   24540.236
       0.000
       0.000
   16602.841
   16888.433
   17182.901
   17486.571
   17799.772
   18122.837
   18456.095
   18799.875
   19154.492
   19520.251
   19897.433
   20286.288
   20687.027
   21099.807
   21524.719
   21961.768
   22410.854
   22871.749
   23344.072
   23827.263
   24320.552
   24822.941
       0.000
       0.000
   16987.204
   17286.041
   17594.373
   17912.557
   18240.953
   18579.926
   18929.838
   19291.046
   19663.899
   20048.727
   20445.836
   20855.500
   21277.944
   21713.334
   22161.761
   22623.216
   23097.575
   23584.565
   24083.745
   24594.471
   25115.871
   25646.820
       0.000
   17390.702
   17703.816
   18027.115
   18360.991
   18705.842
   19062.069
   19430.073
   19810.250
   20202.984
   20608.643
   21027.566
   21460.054
   21906.359
   22366.665
   22841.069
   23329.562
   23832.002
   24348.086
   24877.323
   25419.002
   25972.168
   26535.604
   17814.900
   18143.446
   18482.948
   18833.840
   19196.565
   19571.569
   19959.300
   20360.199
   20774.699
   21203.213
   21646.125
   22103.778
   22576.461
   23064.389
   23567.684
   24086.350
   24620.249
   25169.069
   25732.295
   26309.183
   26898.738
   18261.550
   18606.824
   18963.920
   19333.324
   19715.531
   20111.043
   20520.364
   20943.996
   21382.430
   21836.141
   22305.573
   22791.127
   23293.149
   23811.908
   24347.573
   24900.191
   25469.659
   26055.695
   26657.809
   27275.284
   18732.618
   19096.079
   19472.342
   19861.954
   20265.473
   20683.471
   21116.524
   21565.206
   22030.088
   22511.724
   23010.639
   23527.321
   24062.200
   24615.628
   25187.863
   25779.037
   26389.136
   27017.972
   27665.161
   19230.316
   19613.618
   20010.834
   20422.587
   20849.515
   21292.273
   21751.528
   22227.951
   22722.213
   23234.974
   23766.875
   24318.522
   24890.471
   25483.209
   26097.136
   26732.541
   27389.583
   28068.271
   19757.148
   20162.169
   20582.377
   21018.487
   21471.235
   21941.383
   22429.713
   22937.019
   23464.106
   24011.780
   24580.837
   25172.053
   25786.172
   26423.886
   27085.825
   27772.540
   28484.494
   20315.955
   20744.841
   21190.381
   21653.401
   22134.761
   22635.359
   23156.123
   23698.011
   24262.004
   24849.104
   25460.327
   26096.690
   26759.212
   27448.896
   28166.732
   20909.974
   21365.192
   21838.762
   22331.651
   22844.876
   23379.508
   23936.664
   24517.517
   25123.286
   25755.243
   26414.704
   27103.038
   27821.659
   28572.044
   21542.916
   22027.313
   22532.043
   23058.251
   23607.155
   24180.044
   24778.290
   25403.346
   26056.754
   26740.154
   27455.288
   28204.020
   28988.353
   29810.462
   22219.046
   22735.928
   23275.472
   23839.049
   24428.131
   25044.297
   25689.249
   26364.816
   27072.981
   27815.889
   28595.885
   29415.543
   30277.723
   22943.301
   23496.530
   24075.178
   24680.905
   25315.514
   25980.962
   26679.388
   27413.132
   28184.773
   28997.164
   29853.498
   30757.372
   23721.417
   24315.530
   24938.354
   25591.920
   26278.461
   27000.433
   27760.561
   28561.875
   29407.777
   30302.111
   31249.271
   24560.099
   25200.465
   25873.500
   26581.721
   27327.922
   28115.226
   28947.144
   29827.650
   30761.287
   25467.231
   26160.243
   26890.728
   27661.831
   28477.095
   29340.532
   30256.725
   31230.945
   32269.329
   26452.144
   27205.470
   28002.144
   28846.145
   29742.010
   30694.954
   31711.023
   32797.293
   27525.947
   28348.856
   29222.364
   30151.556
   31142.310
   32201.476
   28701.970
   29605.753
   30569.167
   31598.780
   32702.285
   33888.786
   29996.324
   30994.853
   32064.373
   33213.455
   34452.282
   31428.644
   32539.119
   33735.016
   33023.071
   34267.029
   35614.938
   34809.584
   36825.805
   14630.046
   14852.890
   15081.926
   15317.363
   15559.413
   15808.292
   16064.216
   16327.404
   16598.071
   16876.428
   17162.682
   17457.028
   17759.649
   18070.707
   18390.343
   18718.666
   19055.745
   19401.604
   19756.204
   20119.441
   20491.122
   20870.958
   21258.546
   21653.354
   22054.704
       0.000
       0.000
       0.000
       0.000
       0.000
   14924.829
   15156.521
   15394.761
   15639.772
   15891.779
   16151.013
   16417.705
   16692.084
   16974.378
   17264.810
   17563.594
   17870.931
   18187.008
   18511.985
   18845.996
   19189.137
   19541.457
   19902.947
   20273.527
   20653.035
   21041.208
   21437.666
   21841.894
   22253.226
       0.000
       0.000
       0.000
       0.000
       0.000
   15232.108
   15473.219
   15721.265
   15976.483
   16239.117
   16509.411
   16787.612
   17073.964
   17368.708
   17672.079
   17984.300
   18305.581
   18636.108
   18976.043
   19325.511
   19684.591
   20053.309
   20431.620
   20819.396
   21216.410
   21622.316
   22036.631
   22458.715
   22887.755
       0.000
       0.000
       0.000
       0.000
   15552.738
   15803.893
   16062.404
   16328.527
   16602.524
   16884.656
   17175.187
   17474.378
   17782.485
   18099.757
   18426.428
   18762.714
   19108.807
   19464.865
   19831.006
   20207.292
   20593.721
   20990.207
   21396.569
   21812.505
   22237.578
   22671.189
   23112.560
   23560.714
       0.000
       0.000
       0.000
   15887.659
   16149.545
   16419.247
   16697.045
   16983.217
   17278.048
   17581.820
   17894.813
   18217.301
   18549.548
   18891.801
   19244.286
   19607.200
   19980.700
   20364.894
   20759.826
   21165.465
   21581.681
   22008.231
   22444.736
   22890.654
   23345.263
   23807.635
       0.000
       0.000
       0.000
   16237.906
   16511.278
   16792.975
   17083.298
   17382.549
   17691.035
   18009.062
   18336.932
   18674.940
   19023.368
   19382.479
   19752.512
   20133.669
   20526.110
   20929.932
   21345.165
   21771.742
   22209.490
   22658.102
   23117.111
   23585.869
   24063.522
   24548.985
       0.000
       0.000
   16604.621
   16890.317
   17184.897
   17488.689
   17802.023
   18125.233
   18458.650
   18802.604
   19157.413
   19523.382
   19900.797
   20289.909
   20690.933
   21104.031
   21529.298
   21966.742
   22416.271
   22877.664
   23350.548
   23834.371
   24328.375
   24831.574
       0.000
       0.000
   16989.069
   17288.017
   17596.469
   17914.784
   18243.324
   18582.453
   18932.536
   19293.933
   19666.993
   20052.050
   20449.412
   20859.357
   21282.113
   21717.852
   22166.667
   22628.559
   23103.407
   23590.949
   24090.751
   24602.181
   25124.379
   25656.234
       0.000
   17392.657
   17705.890
   18029.318
   18363.335
   18708.340
   19064.736
   19432.925
   19813.306
   20206.265
   20612.172
   21031.371
   21464.166
   21910.813
   22371.501
   22846.333
   23335.306
   23838.287
   24354.983
   24884.912
   25427.375
   25981.433
   26545.884
   17816.951
   18145.624
   18485.265
   18836.309
   19199.199
   19574.385
   19962.316
   20363.436
   20778.181
   21206.965
   21650.178
   22108.166
   22581.223
   23069.571
   23573.337
   24092.534
   24627.032
   25176.529
   25740.525
   26318.289
   26908.841
   18263.703
   18609.113
   18966.358
   19335.925
   19718.310
   20114.018
   20523.556
   20947.428
   21386.128
   21840.133
   22309.893
   22795.813
   23298.246
   23817.466
   24353.650
   24906.854
   25476.986
   26063.775
   26666.746
   27285.197
   18734.878
   19098.486
   19474.909
   19864.696
   20268.408
   20686.618
   21119.905
   21568.847
   22034.018
   22515.974
   23015.248
   23532.331
   24067.659
   24621.595
   25194.401
   25786.224
   26397.058
   27026.731
   27674.875
   19232.692
   19616.150
   20013.538
   20425.479
   20852.615
   21295.602
   21755.111
   22231.816
   22726.391
   23239.503
   23771.795
   24323.881
   24896.324
   25489.620
   26104.178
   26740.299
   27398.156
   28077.775
   19759.645
   20164.834
   20585.227
   21021.539
   21474.512
   21944.908
   22433.513
   22941.125
   23468.553
   24016.608
   24586.092
   25177.790
   25792.451
   26430.779
   27093.414
   27780.922
   28493.780
   20318.580
   20747.647
   21193.386
   21656.624
   22138.227
   22639.093
   23160.155
   23702.374
   24266.739
   24854.255
   25465.945
   26102.835
   26765.952
   27456.312
   28174.917
   20912.736
   21368.148
   21841.932
   22335.056
   22848.543
   23383.464
   23940.944
   24522.157
   25128.331
   25760.740
   26420.713
   27109.623
   27828.899
   28580.026
   21545.822
   22030.428
   22535.387
   23061.850
   23611.036
   24184.239
   24782.835
   25408.282
   26062.130
   26746.024
   27461.716
   28211.080
   28996.131
   29819.057
   22222.107
   22739.212
   23279.003
   23842.854
   24432.240
   25048.746
   25694.076
   26370.069
   27078.711
   27822.159
   28602.764
   29423.113
   30286.080
   22946.524
   23499.992
   24078.906
   24684.929
   25319.866
   25985.682
   26684.518
   27418.723
   28190.882
   29003.861
   29860.859
   30765.490
   23724.811
   24319.182
   24942.292
   25596.176
   26283.071
   27005.440
   27766.012
   28567.826
   29414.291
   30309.263
   31257.147
   24563.675
   25204.317
   25877.660
   26586.223
   27332.805
   28120.537
   28952.935
   29833.983
   30768.231
   25470.999
   26164.307
   26895.121
   27666.592
   28482.267
   29346.166
   30262.876
   31237.682
   32276.727
   26456.112
   27209.756
   28006.784
   28851.180
   29747.487
   30700.927
   31717.555
   32804.455
   27530.127
   28353.376
   29227.263
   30156.879
   31148.106
   32207.806
   28706.372
   29610.518
   30574.337
   31604.403
   32708.417
   33895.489
   30000.958
   30999.874
   32069.826
   33219.392
   34458.762
   31433.518
   32544.406
   33740.763
   33028.196
   34272.592
   35620.991
   34814.967
   36831.454
   14631.405
   14854.319
   15083.429
   15318.947
   15561.084
   15810.057
   16066.084
   16329.382
   16600.168
   16878.656
   17165.053
   17459.554
   17762.345
   18073.590
   18393.431
   18721.980
   19059.309
   19405.444
   19760.350
   20123.927
   20495.987
   20876.245
   21264.306
   21659.642
   22061.585
       0.000
       0.000
       0.000
       0.000
       0.000
   14926.248
   15158.015
   15396.335
   15641.431
   15893.532
   16152.867
   16419.668
   16694.166
   16976.589
   17267.162
   17566.100
   17873.606
   18189.867
   18515.048
   18849.283
   19192.672
   19545.265
   19907.058
   20277.976
   20657.860
   21046.452
   21443.379
   21848.132
   22260.055
       0.000
       0.000
       0.000
       0.000
       0.000
   15233.591
   15474.781
   15722.912
   15978.222
   16240.956
   16511.359
   16789.677
   17076.157
   17371.041
   17674.564
   17986.953
   18308.416
   18639.145
   18979.301
   19329.013
   19688.365
   20057.383
   20436.028
   20824.177
   21221.607
   21627.978
   22042.814
   22465.484
   22895.182
       0.000
       0.000
       0.000
       0.000
   15554.288
   15805.528
   16064.130
   16330.352
   16604.456
   16886.704
   17177.361
   17476.691
   17784.949
   18102.385
   18429.237
   18765.722
   19112.034
   19468.334
   19834.743
   20211.326
   20598.085
   20994.940
   21401.712
   21818.109
   22243.699
   22677.890
   23119.915
   23568.807
       0.000
       0.000
       0.000
   15889.281
   16151.256
   16421.057
   16698.960
   16985.248
   17280.203
   17584.112
   17897.253
   18219.904
   18552.330
   18894.779
   19247.481
   19610.633
   19984.398
   20368.885
   20764.144
   21170.146
   21586.769
   22013.774
   22450.789
   22897.282
   23352.538
   23815.640
       0.000
       0.000
       0.000
   16239.603
   16513.072
   16794.874
   17085.309
   17384.684
   17693.305
   18011.479
   18339.510
   18677.694
   19026.315
   19385.640
   19755.908
   20137.326
   20530.056
   20934.200
   21349.791
   21776.769
   22214.967
   22664.082
   23123.658
   23593.056
   24071.432
   24557.712
       0.000
       0.000
   16606.398
   16892.197
   17186.890
   17490.803
   17804.270
   18127.624
   18461.200
   18805.328
   19160.328
   19526.508
   19904.154
   20293.523
   20694.832
   21108.247
   21533.866
   21971.706
   22421.677
   22883.566
   23357.009
   23841.463
   24336.180
   24840.186
       0.000
       0.000
   16990.932
   17289.989
   17598.562
   17917.008
   18245.690
   18584.975
   18935.230
   19296.814
   19670.081
   20055.366
   20452.982
   20863.206
   21286.274
   21722.360
   22171.563
   22633.890
   23109.226
   23597.318
   24097.741
   24609.873
   25132.866
   25665.625
       0.000
   17394.609
   17707.960
   18031.517
   18365.675
   18710.833
   19067.398
   19435.772
   19816.356
   20209.540
   20615.695
   21035.169
   21468.270
   21915.258
   22376.327
   22851.586
   23341.039
   23844.560
   24361.865
   24892.483
   25435.729
   25990.676
   26556.138
   17818.999
   18147.799
   18487.578
   18838.773
   19201.829
   19577.196
   19965.327
   20366.667
   20781.655
   21210.710
   21654.223
   22112.545
   22585.976
   23074.742
   23578.978
   24098.704
   24633.799
   25183.974
   25748.737
   26327.373
   26918.919
   18265.852
   18611.398
   18968.792
   19338.521
   19721.085
   20116.989
   20526.743
   20950.853
   21389.818
   21844.117
   22314.204
   22800.491
   23303.333
   23823.012
   24359.714
   24913.503
   25484.296
   26071.836
   26675.661
   27295.087
   18737.135
   19100.889
   19477.471
   19867.433
   20271.337
   20689.759
   21123.280
   21572.481
   22037.939
   22520.216
   23019.847
   23537.331
   24073.108
   24627.549
   25200.927
   25793.395
   26404.963
   27035.470
   27684.566
   19235.063
   19618.677
   20016.237
   20428.366
   20855.709
   21298.926
   21758.688
   22235.674
   22730.562
   23244.022
   23776.705
   24329.229
   24902.165
   25496.017
   26111.205
   26748.041
   27406.711
   28087.257
   19762.138
   20167.494
   20588.072
   21024.587
   21477.783
   21948.427
   22437.306
   22945.223
   23472.991
   24021.427
   24591.338
   25183.515
   25798.717
   26437.657
   27100.987
   27789.285
   28503.045
   20321.201
   20750.449
   21196.385
   21659.842
   22141.686
   22642.820
   23164.180
   23706.730
   24271.465
   24859.396
   25471.552
   26108.968
   26772.679
   27463.712
   28183.084
   20915.494
   21371.099
   21845.096
   22338.456
   22852.204
   23387.414
   23945.216
   24526.789
   25133.365
   25766.227
   26426.709
   27116.195
   27836.123
   28587.992
   21548.725
   22033.538
   22538.727
   23065.443
   23614.910
   24188.427
   24787.372
   25413.210
   26067.496
   26751.882
   27468.131
   28218.126
   29003.893
   29827.635
   22225.162
   22742.491
   23282.528
   23846.653
   24436.343
   25053.187
   25698.896
   26375.313
   27084.431
   27828.416
   28609.629
   29430.668
   30294.420
   22949.741
   23503.450
   24082.629
   24688.946
   25324.211
   25990.392
   26689.638
   27424.304
   28196.981
   29010.545
   29868.206
   30773.591
   23728.200
   24322.828
   24946.223
   25600.425
   26287.673
   27010.437
   27771.453
   28573.765
   29420.793
   30316.402
   31265.009
   24567.245
   25208.163
   25881.813
   26590.717
   27337.680
   28125.839
   28958.716
   29840.304
   30775.162
   25474.760
   26168.364
   26899.507
   27671.345
   28487.431
   29351.789
   30269.018
   31244.407
   32284.112
   26460.074
   27214.036
   28011.417
   28856.206
   29752.954
   30706.890
   31724.075
   32811.606
   27534.301
   28357.889
   29232.154
   30162.192
   31153.894
   32214.126
   28710.767
   29615.276
   30579.499
   31610.017
   32714.539
   33902.181
   30005.584
   31004.887
   32075.271
   33225.320
   34465.232
   31438.385
   32549.685
   33746.502
   33033.313
   34278.146
   35627.034
   34820.343
   36837.096
   14632.762
   14855.745
   15084.931
   15320.529
   15562.753
   15811.819
   16067.948
   16331.356
   16602.262
   16880.881
   17167.419
   17462.075
   17765.036
   18076.467
   18396.514
   18725.288
   19062.866
   19409.276
   19764.488
   20128.403
   20500.841
   20881.521
   21270.052
   21665.915
   22068.449
       0.000
       0.000
       0.000
       0.000
       0.000
   14927.665
   15159.506
   15397.905
   15643.088
   15895.282
   16154.718
   16421.628
   16696.244
   16978.797
   17269.510
   17568.602
   17876.276
   18192.722
   18518.105
   18852.564
   19196.199
   19549.065
   19911.161
   20282.415
   20662.674
   21051.684
   21449.079
   21854.356
   22266.867
       0.000
       0.000
       0.000
       0.000
       0.000
   15235.071
   15476.341
   15724.557
   15979.959
   16242.793
   16513.303
   16791.739
   17078.347
   17373.370
   17677.045
   17989.600
   18311.246
   18642.175
   18982.553
   19332.509
   19692.131
   20061.449
   20440.427
   20828.947
   21226.791
   21633.626
   22048.982
   22472.236
   22902.592
       0.000
       0.000
       0.000
       0.000
   15555.836
   15807.160
   16065.853
   16332.174
   16606.384
   16888.749
   17179.532
   17478.999
   17787.408
   18105.009
   18432.041
   18768.724
   19115.255
   19471.797
   19838.473
   20215.352
   20602.440
   20999.662
   21406.845
   21823.701
   22249.805
   22684.576
   23127.253
   23576.880
       0.000
       0.000
       0.000
   15890.900
   16152.965
   16422.863
   16700.872
   16987.274
   17282.355
   17586.399
   17899.690
   18222.503
   18555.107
   18897.752
   19250.669
   19614.060
   19988.089
   20372.868
   20768.453
   21174.817
   21591.845
   22019.304
   22456.829
   22903.894
   23359.796
   23823.627
       0.000
       0.000
       0.000
   16241.298
   16514.862
   16796.769
   17087.318
   17386.815
   17695.570
   18013.891
   18342.082
   18680.442
   19029.257
   19388.794
   19759.298
   20140.976
   20533.994
   20938.460
   21354.408
   21781.786
   22220.431
   22670.049
   23130.190
   23600.226
   24079.322
   24566.417
       0.000
       0.000
   16608.173
   16894.074
   17188.879
   17492.914
   17806.513
   18130.012
   18463.746
   18808.047
   19163.237
   19529.627
   19907.505
   20297.130
   20698.723
   21112.454
   21538.426
   21976.658
   22427.071
   22889.455
   23363.455
   23848.538
   24343.967
   24848.777
       0.000
       0.000
   16992.791
   17291.959
   17600.651
   17919.227
   18248.052
   18587.493
   18937.918
   19299.691
   19673.164
   20058.677
   20456.544
   20867.048
   21290.427
   21726.859
   22176.449
   22639.209
   23115.032
   23603.673
   24104.715
   24617.547
   25141.334
   25674.993
       0.000
   17396.559
   17710.028
   18033.713
   18368.011
   18713.323
   19070.055
   19438.613
   19819.401
   20212.808
   20619.212
   21038.960
   21472.366
   21919.694
   22381.143
   22856.827
   23346.758
   23850.818
   24368.731
   24900.037
   25444.063
   25999.896
   26566.367
   17821.044
   18149.970
   18489.887
   18841.232
   19204.454
   19580.003
   19968.332
   20369.893
   20785.124
   21214.448
   21658.260
   22116.916
   22590.720
   23079.902
   23584.607
   24104.861
   24640.552
   25191.401
   25756.929
   26336.435
   26928.973
   18267.998
   18613.680
   18971.221
   19341.113
   19723.854
   20119.954
   20529.924
   20954.273
   21393.501
   21848.094
   22318.508
   22805.159
   23308.409
   23828.547
   24365.765
   24920.137
   25491.591
   26079.879
   26684.557
   27304.953
   18739.389
   19103.288
   19480.029
   19870.165
   20274.261
   20692.895
   21126.649
   21576.109
   22041.854
   22524.450
   23024.438
   23542.320
   24078.546
   24633.491
   25207.438
   25800.550
   26412.850
   27044.189
   27694.234
   19237.430
   19621.201
   20018.931
   20431.249
   20858.799
   21302.244
   21762.259
   22239.525
   22734.725
   23248.534
   23781.606
   24334.567
   24907.994
   25502.401
   26118.217
   26755.765
   27415.246
   28096.718
   19764.626
   20170.150
   20590.911
   21027.629
   21481.048
   21951.939
   22441.092
   22949.314
   23477.422
   24026.237
   24596.573
   25189.229
   25804.971
   26444.521
   27108.544
   27797.630
   28512.290
   20323.818
   20753.245
   21199.380
   21663.055
   22145.140
   22646.541
   23168.197
   23711.078
   24276.182
   24864.527
   25477.148
   26115.088
   26779.392
   27471.097
   28191.234
   20918.247
   21374.046
   21848.255
   22341.850
   22855.858
   23391.357
   23949.480
   24531.412
   25138.390
   25771.704
   26432.694
   27122.754
   27843.333
   28595.942
   21551.622
   22036.643
   22542.061
   23069.030
   23618.778
   24192.607
   24791.900
   25418.128
   26072.851
   26757.730
   27474.534
   28225.158
   29011.639
   29836.194
   22228.212
   22745.764
   23286.048
   23850.445
   24440.438
   25057.620
   25703.706
   26380.546
   27090.141
   27834.661
   28616.481
   29438.208
   30302.744
   22952.954
   23506.901
   24086.345
   24692.956
   25328.548
   25995.095
   26694.750
   27429.874
   28203.068
   29017.216
   29875.539
   30781.676
   23731.584
   24326.469
   24950.148
   25604.666
   26292.267
   27015.426
   27776.884
   28579.694
   29427.283
   30323.527
   31272.856
   24570.809
   25212.003
   25885.958
   26595.203
   27342.547
   28131.131
   28964.487
   29846.613
   30782.080
   25478.515
   26172.415
   26903.886
   27676.090
   28492.585
   29357.403
   30275.148
   31251.120
   32291.484
   26464.031
   27218.308
   28016.041
   28861.224
   29758.413
   30712.843
   31730.585
   32818.744
   27538.468
   28362.395
   29237.037
   30167.497
   31159.671
   32220.434
   28715.155
   29620.026
   30584.653
   31615.623
   32720.650
   33908.863
   30010.203
   31009.893
   32080.708
   33231.239
   34471.692
   31443.245
   32554.956
   33752.233
   33038.423
   34283.693
   35633.068
   34825.711
   36842.730
