     0.00000000
     0.00000000
     0.00000000
     0.00000000
     0.00000000
     0.00000000
     0.00000000
     0.00000000
     0.00000000
     0.00000000
     0.00000000
     0.00000000
     0.00000000
     0.00000000
     0.00000000
     0.00000000
     0.00000000
     0.00000000
     0.00000000
     0.00000000
     0.95863754
     0.00181541
     0.00141806
     0.00101710
     0.00061249
     0.00020420
     0.00020780
     0.00062352
     0.00104302
     0.00111870
     0.00095773
     0.00079731
     0.00063744
     0.00047812
     0.00031935
     0.00016113
     0.00004009
     0.00007822
     0.00019623
     0.00031393
     0.00054163
     0.00049384
     0.00031474
     0.00013493
     0.00013914
     0.00047340
     0.00079687
     0.00078215
     0.00083962
     0.00090560
     0.00097169
     0.00102940
     0.00111026
     0.00143953
     0.00177111
     0.00210502
     0.00244127
     0.00278374
     0.00255648
     0.00230755
     0.00205989
     0.00168939
     0.00130976
     0.00132645
     0.00144767
     0.00158741
     0.00172757
     0.00186814
     0.00200913
     0.00215053
     0.00208225
     0.00187488
     0.00166841
     0.00146283
     0.00125815
     0.00105435
     0.00085143
     0.00064940
     0.00044824
     0.00024796
     0.00004855
     0.00011465
     0.00025533
     0.00039645
     0.00053800
     0.00067998
     0.00082241
     0.00099597
     0.00098983
     0.00059989
     0.00024075
     0.00106609
     0.00182847
     0.00244118
     0.00304053
     0.00049415
     0.00000000
     0.00000000
     0.00000000
     0.00000000
     0.00000000
     0.00000000
     0.00000000
     0.00000000
     0.00000000
     0.00000000
     0.00000000
     0.00000000
     0.00000000
     0.00000000
     0.00000000
     0.00000000
     0.00000000
     0.00000000
     0.00000000
     0.00000000
     0.00000000
     0.00000000
     0.00000000
     0.95875202
     0.95848717
     0.00173137
     0.00138140
     0.00098038
     0.00057571
     0.00016737
     0.00024468
     0.00066046
     0.00107865
     0.00117209
     0.00101104
     0.00085054
     0.00069060
     0.00053120
     0.00037236
     0.00021406
     0.00009384
     0.00002454
     0.00014261
     0.00026037
     0.00044728
     0.00060875
     0.00043023
     0.00025100
     0.00004036
     0.00037368
     0.00070944
     0.00071039
     0.00077616
     0.00084201
     0.00090796
     0.00091867
     0.00099974
     0.00132801
     0.00165860
     0.00199150
     0.00232674
     0.00266433
     0.00276145
     0.00250465
     0.00225615
     0.00195488
     0.00155128
     0.00155200
     0.00167789
     0.00181822
     0.00195897
     0.00210013
     0.00224172
     0.00227573
     0.00206766
     0.00186048
     0.00165421
     0.00144883
     0.00124433
     0.00104073
     0.00083801
     0.00063617
     0.00043520
     0.00023511
     0.00003588
     0.00012200
     0.00001786
     0.00015815
     0.00029888
     0.00044003
     0.00058162
     0.00072364
     0.00083810
     0.00053182
     0.00030168
     0.00114894
     0.00191888
     0.00252509
     0.00312283
     0.00060557
     0.00000000
     0.00000000
     0.00000000
     0.00000000
     0.00000000
     0.00000000
     0.00000000
     0.00000000
     0.00000000
     0.00000000
     0.00000000
     0.00000000
     0.00000000
     0.00000000
     0.00000000
     0.00000000
     0.00000000
     0.00000000
     0.00000000
     0.00000000
     0.00000000
     0.00000000
     0.00000000
     0.95860204
     0.95833627
     0.00154891
     0.00127986
     0.00094372
     0.00053900
     0.00013060
     0.00028150
     0.00069734
     0.00106877
     0.00122543
     0.00106430
     0.00090373
     0.00074371
     0.00058423
     0.00042531
     0.00026694
     0.00014753
     0.00002910
     0.00008903
     0.00020685
     0.00035289
     0.00059538
     0.00054531
     0.00036665
     0.00005811
     0.00027427
     0.00060908
     0.00064720
     0.00071283
     0.00077855
     0.00084436
     0.00080830
     0.00088958
     0.00121687
     0.00154645
     0.00187835
     0.00221258
     0.00254916
     0.00288809
     0.00272013
     0.00245291
     0.00220483
     0.00181587
     0.00177829
     0.00190889
     0.00204982
     0.00219116
     0.00233292
     0.00246970
     0.00226092
     0.00205305
     0.00184607
     0.00163999
     0.00143480
     0.00123050
     0.00102709
     0.00082456
     0.00062291
     0.00042214
     0.00022223
     0.00002320
     0.00017497
     0.00021810
     0.00007863
     0.00006127
     0.00020160
     0.00035092
     0.00050100
     0.00065157
     0.00048576
     0.00035755
     0.00122217
     0.00200416
     0.00260875
     0.00320490
     0.00071670
     0.00000000
     0.00000000
     0.00000000
     0.00000000
     0.00000000
     0.00000000
     0.00000000
     0.00000000
     0.00000000
     0.00000000
     0.00000000
     0.00000000
     0.00000000
     0.00000000
     0.00000000
     0.00000000
     0.00000000
     0.00000000
     0.00000000
     0.00000000
     0.00000000
     0.00000000
     0.00000000
     0.95845155
     0.95818485
     0.00136600
     0.00109601
     0.00082437
     0.00050237
     0.00009392
     0.00031824
     0.00073414
     0.00105885
     0.00127870
     0.00111750
     0.00095685
     0.00079675
     0.00063720
     0.00047820
     0.00031996
     0.00020116
     0.00008266
     0.00003552
     0.00015340
     0.00027098
     0.00050133
     0.00065999
     0.00048192
     0.00015629
     0.00017515
     0.00050901
     0.00058411
     0.00064961
     0.00071519
     0.00073745
     0.00069827
     0.00077977
     0.00110607
     0.00143466
     0.00176556
     0.00209879
     0.00243435
     0.00277226
     0.00295239
     0.00267884
     0.00240682
     0.00208154
     0.00200530
     0.00214066
     0.00228218
     0.00242412
     0.00256648
     0.00245466
     0.00224608
     0.00203840
     0.00183162
     0.00162574
     0.00142074
     0.00121664
     0.00101342
     0.00081108
     0.00060962
     0.00040904
     0.00020932
     0.00001048
     0.00018750
     0.00037634
     0.00029694
     0.00014907
     0.00000073
     0.00014811
     0.00029743
     0.00044723
     0.00046348
     0.00043264
     0.00129523
     0.00208921
     0.00269219
     0.00328675
     0.00082753
     0.00000000
     0.00000000
     0.00000000
     0.00000000
     0.00000000
     0.00000000
     0.00000000
     0.00000000
     0.00000000
     0.00000000
     0.00000000
     0.00000000
     0.00000000
     0.00000000
     0.00000000
     0.00000000
     0.00000000
     0.00000000
     0.00000000
     0.00000000
     0.00000000
     0.00000000
     0.00000000
     0.95830052
     0.95803290
     0.00118264
     0.00091171
     0.00063913
     0.00036488
     0.00005731
     0.00035491
     0.00077086
     0.00104888
     0.00131656
     0.00117062
     0.00100989
     0.00084972
     0.00069009
     0.00053101
     0.00037358
     0.00025472
     0.00013616
     0.00001792
     0.00010002
     0.00021766
     0.00040726
     0.00064913
     0.00058230
     0.00025419
     0.00007631
     0.00040923
     0.00052113
     0.00058650
     0.00065195
     0.00062765
     0.00058860
     0.00067030
     0.00099562
     0.00132322
     0.00165312
     0.00198534
     0.00231989
     0.00265679
     0.00299605
     0.00291072
     0.00263757
     0.00234645
     0.00223305
     0.00237319
     0.00251531
     0.00265785
     0.00264888
     0.00243959
     0.00223120
     0.00202372
     0.00181713
     0.00161144
     0.00140664
     0.00120273
     0.00099971
     0.00079756
     0.00059629
     0.00040417
     0.00021341
     0.00002344
     0.00016575
     0.00035414
     0.00049638
     0.00034927
     0.00020168
     0.00005360
     0.00009496
     0.00024401
     0.00041054
     0.00045494
     0.00136812
     0.00217404
     0.00277541
     0.00336837
     0.00093807
     0.00000000
     0.00000000
     0.00000000
     0.00000000
     0.00000000
     0.00000000
     0.00000000
     0.00000000
     0.00000000
     0.00000000
     0.00000000
     0.00000000
     0.00000000
     0.00000000
     0.00000000
     0.00000000
     0.00000000
     0.00000000
     0.00000000
     0.00000000
     0.00000000
     0.00000000
     0.00000000
     0.95814898
     0.95788042
     0.00099880
     0.00072694
     0.00045342
     0.00017822
     0.00009867
     0.00039152
     0.00077297
     0.00103889
     0.00130634
     0.00122370
     0.00106289
     0.00090264
     0.00074293
     0.00058378
     0.00042715
     0.00030823
     0.00018961
     0.00007131
     0.00004669
     0.00016439
     0.00031317
     0.00055538
     0.00067896
     0.00035179
     0.00002222
     0.00032149
     0.00045829
     0.00052352
     0.00055720
     0.00051822
     0.00047928
     0.00056120
     0.00088553
     0.00121214
     0.00154105
     0.00187227
     0.00220582
     0.00254170
     0.00287994
     0.00314338
     0.00286909
     0.00259635
     0.00245851
     0.00260393
     0.00274924
     0.00284359
     0.00263359
     0.00242449
     0.00221631
     0.00200902
     0.00180263
     0.00159713
     0.00139253
     0.00119708
     0.00100315
     0.00081003
     0.00061770
     0.00042618
     0.00023544
     0.00004551
     0.00014364
     0.00033200
     0.00051958
     0.00054835
     0.00040151
     0.00025418
     0.00010638
     0.00007171
     0.00036851
     0.00045197
     0.00138989
     0.00225861
     0.00285837
     0.00344975
     0.00104831
     0.00000000
     0.00000000
     0.00000000
     0.00000000
     0.00000000
     0.00000000
     0.00000000
     0.00000000
     0.00000000
     0.00000000
     0.00000000
     0.00000000
     0.00000000
     0.00000000
     0.00000000
     0.00000000
     0.00000000
     0.00000000
     0.00000000
     0.00000000
     0.00000000
     0.00000000
     0.00000000
     0.95799690
     0.95772741
     0.00081452
     0.00054172
     0.00026724
     0.00000891
     0.00028676
     0.00056630
     0.00076637
     0.00102885
     0.00129607
     0.00127671
     0.00111582
     0.00095549
     0.00079571
     0.00063648
     0.00048065
     0.00036167
     0.00024299
     0.00012463
     0.00000657
     0.00011119
     0.00022863
     0.00046162
     0.00065210
     0.00044910
     0.00012047
     0.00024214
     0.00039555
     0.00046064
     0.00044799
     0.00040914
     0.00037032
     0.00045243
     0.00077578
     0.00110141
     0.00142933
     0.00175955
     0.00209209
     0.00242697
     0.00276419
     0.00310378
     0.00310137
     0.00282750
     0.00268394
     0.00281732
     0.00297469
     0.00282806
     0.00261826
     0.00240936
     0.00220137
     0.00200255
     0.00180540
     0.00160908
     0.00141357
     0.00121886
     0.00102497
     0.00083188
     0.00063959
     0.00044810
     0.00025740
     0.00006750
     0.00012161
     0.00030994
     0.00049748
     0.00068425
     0.00060025
     0.00045367
     0.00030662
     0.00003143
     0.00032652
     0.00044906
     0.00138641
     0.00229233
     0.00293739
     0.00353092
     0.00115825
     0.00000000
     0.00000000
     0.00000000
     0.00000000
     0.00000000
     0.00000000
     0.00000000
     0.00000000
     0.00000000
     0.00000000
     0.00000000
     0.00000000
     0.00000000
     0.00000000
     0.00000000
     0.00000000
     0.00000000
     0.00000000
     0.00000000
     0.00000000
     0.00000000
     0.00000000
     0.00000000
     0.95784430
     0.95757388
     0.00062977
     0.00035602
     0.00008059
     0.00019652
     0.00047532
     0.00075583
     0.00089942
     0.00103866
     0.00128576
     0.00132966
     0.00116869
     0.00100828
     0.00084842
     0.00068912
     0.00053409
     0.00041505
     0.00029632
     0.00017789
     0.00005977
     0.00005804
     0.00017555
     0.00036784
     0.00053959
     0.00054612
     0.00021842
     0.00016297
     0.00033293
     0.00037791
     0.00033914
     0.00030040
     0.00026170
     0.00034402
     0.00066639
     0.00099104
     0.00131797
     0.00164720
     0.00197874
     0.00231260
     0.00264881
     0.00298738
     0.00332832
     0.00305941
     0.00291009
     0.00303133
     0.00299300
     0.00280492
     0.00261860
     0.00242079
     0.00222204
     0.00202412
     0.00182701
     0.00163072
     0.00143524
     0.00124058
     0.00104672
     0.00085366
     0.00066141
     0.00046995
     0.00027929
     0.00008942
     0.00009966
     0.00028795
     0.00047546
     0.00066219
     0.00079789
     0.00065206
     0.00041131
     0.00000882
     0.00028457
     0.00044621
     0.00138298
     0.00230017
     0.00294819
     0.00358291
     0.00126790
     0.00000000
     0.00000000
     0.00000000
     0.00000000
     0.00000000
     0.00000000
     0.00000000
     0.00000000
     0.00000000
     0.00000000
     0.00000000
     0.00000000
     0.00000000
     0.00000000
     0.00000000
     0.00000000
     0.00000000
     0.00000000
     0.00000000
     0.00000000
     0.00000000
     0.00000000
     0.00000000
     0.95769117
     0.95741981
     0.00044457
     0.00016987
     0.00010651
     0.00038458
     0.00066435
     0.00089350
     0.00103263
     0.00117217
     0.00131214
     0.00138254
     0.00122149
     0.00106101
     0.00090107
     0.00074168
     0.00058747
     0.00046837
     0.00034957
     0.00023109
     0.00011291
     0.00000497
     0.00012253
     0.00027405
     0.00042701
     0.00052182
     0.00031609
     0.00008399
     0.00027041
     0.00026928
     0.00023063
     0.00019201
     0.00015342
     0.00023594
     0.00055734
     0.00088101
     0.00120695
     0.00153519
     0.00186573
     0.00219859
     0.00253379
     0.00287134
     0.00321125
     0.00330113
     0.00315484
     0.00318019
     0.00299253
     0.00280560
     0.00261938
     0.00243389
     0.00224350
     0.00204561
     0.00184854
     0.00165228
     0.00145684
     0.00126221
     0.00106839
     0.00087537
     0.00068315
     0.00049173
     0.00030110
     0.00011127
     0.00007778
     0.00026603
     0.00045351
     0.00064020
     0.00082612
     0.00084920
     0.00045090
     0.00004903
     0.00024266
     0.00044342
     0.00137962
     0.00229624
     0.00295903
     0.00359313
     0.00132393
     0.00000000
     0.00000000
     0.00000000
     0.00000000
     0.00000000
     0.00000000
     0.00000000
     0.00000000
     0.00000000
     0.00000000
     0.00000000
     0.00000000
     0.00000000
     0.00000000
     0.00000000
     0.00000000
     0.00000000
     0.00000000
     0.00000000
     0.00000000
     0.00000000
     0.00000000
     0.00000000
     0.95753751
     0.95726520
     0.00025889
     0.00001677
     0.00029410
     0.00057314
     0.00085388
     0.00102656
     0.00116600
     0.00130586
     0.00144613
     0.00148899
     0.00127425
     0.00111368
     0.00095367
     0.00079420
     0.00064079
     0.00052163
     0.00040278
     0.00028423
     0.00016599
     0.00004806
     0.00006956
     0.00018689
     0.00031435
     0.00040933
     0.00040179
     0.00000521
     0.00019958
     0.00016101
     0.00012248
     0.00008398
     0.00004551
     0.00012822
     0.00044865
     0.00077134
     0.00109630
     0.00142355
     0.00175308
     0.00209361
     0.00243803
     0.00278495
     0.00313437
     0.00348631
     0.00342071
     0.00318059
     0.00299305
     0.00280623
     0.00262013
     0.00243474
     0.00225007
     0.00206611
     0.00187000
     0.00167379
     0.00147838
     0.00128379
     0.00109000
     0.00089701
     0.00070483
     0.00051344
     0.00032285
     0.00013306
     0.00005595
     0.00024418
     0.00043162
     0.00061828
     0.00080416
     0.00083162
     0.00049044
     0.00008919
     0.00020080
     0.00044891
     0.00137630
     0.00229236
     0.00296989
     0.00360337
     0.00136369
     0.00000000
     0.00000000
     0.00000000
     0.00000000
     0.00000000
     0.00000000
     0.00000000
     0.00000000
     0.00000000
     0.00000000
     0.00000000
     0.00000000
     0.00000000
     0.00000000
     0.00000000
     0.00000000
     0.00000000
     0.00000000
     0.00000000
     0.00000000
     0.00000000
     0.00000000
     0.00000000
     0.95738331
     0.95711006
     0.00007275
     0.00020386
     0.00048216
     0.00076216
     0.00102045
     0.00115978
     0.00129952
     0.00143969
     0.00158028
     0.00168683
     0.00139716
     0.00116629
     0.00100620
     0.00084666
     0.00069405
     0.00057483
     0.00045592
     0.00033731
     0.00021901
     0.00010102
     0.00001666
     0.00013404
     0.00020161
     0.00029676
     0.00026360
     0.00004907
     0.00009153
     0.00005308
     0.00001467
     0.00002372
     0.00006207
     0.00002084
     0.00034031
     0.00067027
     0.00100416
     0.00134048
     0.00167924
     0.00202045
     0.00236412
     0.00271028
     0.00305894
     0.00341012
     0.00346311
     0.00318129
     0.00299350
     0.00280680
     0.00262081
     0.00243554
     0.00225098
     0.00206713
     0.00188399
     0.00169521
     0.00149984
     0.00130528
     0.00111153
     0.00091858
     0.00072643
     0.00053508
     0.00034453
     0.00015476
     0.00003421
     0.00022240
     0.00040981
     0.00059643
     0.00071764
     0.00065171
     0.00052995
     0.00012933
     0.00015897
     0.00048971
     0.00137304
     0.00228854
     0.00298079
     0.00361366
     0.00140341
     0.00000000
     0.00000000
     0.00000000
     0.00000000
     0.00000000
     0.00000000
     0.00000000
     0.00000000
     0.00000000
     0.00000000
     0.00000000
     0.00000000
     0.00000000
     0.00000000
     0.00000000
     0.00000000
     0.00000000
     0.00000000
     0.00000000
     0.00000000
     0.00000000
     0.00000000
     0.00000000
     0.00000000
     0.95695438
     0.00011387
     0.00039143
     0.00067069
     0.00095166
     0.00115351
     0.00129315
     0.00143320
     0.00157368
     0.00171458
     0.00185590
     0.00159449
     0.00130557
     0.00105867
     0.00089905
     0.00074725
     0.00062797
     0.00050900
     0.00039033
     0.00027197
     0.00015392
     0.00003618
     0.00006081
     0.00008879
     0.00006267
     0.00005368
     0.00018077
     0.00004990
     0.00005449
     0.00009279
     0.00012110
     0.00014730
     0.00005898
     0.00026940
     0.00060018
     0.00093335
     0.00126894
     0.00160696
     0.00194742
     0.00229035
     0.00263576
     0.00298367
     0.00322473
     0.00331608
     0.00322115
     0.00299391
     0.00280732
     0.00262144
     0.00243628
     0.00225184
     0.00206810
     0.00188507
     0.00170275
     0.00152112
     0.00132671
     0.00113299
     0.00094008
     0.00074797
     0.00055665
     0.00036613
     0.00017640
     0.00001254
     0.00020069
     0.00038806
     0.00057465
     0.00053752
     0.00047137
     0.00040512
     0.00016942
     0.00011719
     0.00053047
     0.00136984
     0.00228478
     0.00299171
     0.00362397
     0.00144310
     0.00000000
     0.00000000
     0.00000000
     0.00000000
     0.00000000
     0.00000000
     0.00000000
     0.00000000
     0.00000000
     0.00000000
     0.00000000
     0.00000000
     0.00000000
     0.00000000
     0.00000000
     0.00000000
     0.00000000
     0.00000000
     0.00000000
     0.00000000
     0.00000000
     0.00000000
     0.00000000
     0.00000000
     0.95679816
     0.00030095
     0.00057948
     0.00085970
     0.00114164
     0.00128673
     0.00142668
     0.00156705
     0.00170784
     0.00184905
     0.00199068
     0.00179234
     0.00150239
     0.00121422
     0.00095138
     0.00080039
     0.00068105
     0.00056202
     0.00044329
     0.00032488
     0.00020676
     0.00008896
     0.00002088
     0.00005521
     0.00030780
     0.00037273
     0.00034944
     0.00015564
     0.00012789
     0.00015406
     0.00018023
     0.00020637
     0.00012749
     0.00020018
     0.00053023
     0.00086268
     0.00119754
     0.00153483
     0.00187455
     0.00221674
     0.00256140
     0.00288293
     0.00294816
     0.00301348
     0.00326095
     0.00299426
     0.00280778
     0.00262202
     0.00243697
     0.00225264
     0.00206901
     0.00188610
     0.00170388
     0.00152237
     0.00134156
     0.00115439
     0.00096151
     0.00076943
     0.00057815
     0.00038767
     0.00019797
     0.00000907
     0.00017905
     0.00036639
     0.00042325
     0.00035697
     0.00029060
     0.00022412
     0.00015755
     0.00007545
     0.00057118
     0.00136669
     0.00228107
     0.00300267
     0.00363431
     0.00148275
     0.00000000
     0.00000000
     0.00000000
     0.00000000
     0.00000000
     0.00000000
     0.00000000
     0.00000000
     0.00000000
     0.00000000
     0.00000000
     0.00000000
     0.00000000
     0.00000000
     0.00000000
     0.00000000
     0.00000000
     0.00000000
     0.00000000
     0.00000000
     0.00000000
     0.00000000
     0.00000000
     0.00000000
     0.95664140
     0.00048850
     0.00076799
     0.00104919
     0.00128026
     0.00142010
     0.00156036
     0.00170104
     0.00184214
     0.00198367
     0.00212562
     0.00199072
     0.00169973
     0.00141054
     0.00112312
     0.00085347
     0.00073406
     0.00061497
     0.00049619
     0.00037771
     0.00025954
     0.00014167
     0.00015224
     0.00043764
     0.00067836
     0.00073346
     0.00063017
     0.00028406
     0.00018702
     0.00021315
     0.00023926
     0.00026535
     0.00019586
     0.00013109
     0.00046043
     0.00079215
     0.00112628
     0.00146284
     0.00180183
     0.00214327
     0.00248719
     0.00260861
     0.00267343
     0.00273834
     0.00305100
     0.00301254
     0.00280819
     0.00262254
     0.00243760
     0.00225338
     0.00206987
     0.00188706
     0.00170496
     0.00152356
     0.00134286
     0.00116286
     0.00098287
     0.00079082
     0.00059958
     0.00040913
     0.00021947
     0.00003060
     0.00015749
     0.00030889
     0.00024249
     0.00017599
     0.00010939
     0.00004270
     0.00002410
     0.00003375
     0.00061187
     0.00136360
     0.00227743
     0.00301367
     0.00364470
     0.00152235
     0.00000000
     0.00000000
     0.00000000
     0.00000000
     0.00000000
     0.00000000
     0.00000000
     0.00000000
     0.00000000
     0.00000000
     0.00000000
     0.00000000
     0.00000000
     0.00000000
     0.00000000
     0.00000000
     0.00000000
     0.00000000
     0.00000000
     0.00000000
     0.00000000
     0.00000000
     0.00000000
     0.00000000
     0.95652564
     0.00067450
     0.00095699
     0.00123916
     0.00141349
     0.00155364
     0.00169421
     0.00183520
     0.00197662
     0.00211846
     0.00226072
     0.00218964
     0.00189761
     0.00160738
     0.00131893
     0.00104223
     0.00079659
     0.00066788
     0.00055886
     0.00045288
     0.00034714
     0.00027210
     0.00055807
     0.00084583
     0.00104303
     0.00104194
     0.00091222
     0.00051497
     0.00008376
     0.00027211
     0.00029817
     0.00032422
     0.00026408
     0.00006216
     0.00039078
     0.00072178
     0.00105519
     0.00139101
     0.00172926
     0.00206997
     0.00227183
     0.00233615
     0.00240056
     0.00246506
     0.00275110
     0.00305214
     0.00280855
     0.00262301
     0.00243819
     0.00225408
     0.00207068
     0.00188798
     0.00170599
     0.00152471
     0.00134412
     0.00116422
     0.00098502
     0.00080652
     0.00062094
     0.00043053
     0.00024090
     0.00005207
     0.00013598
     0.00012791
     0.00006128
     0.00000544
     0.00007226
     0.00013918
     0.00020620
     0.00013962
     0.00065250
     0.00136056
     0.00227383
     0.00302469
     0.00365510
     0.00156192
     0.00000000
     0.00000000
     0.00000000
     0.00000000
     0.00000000
     0.00000000
     0.00000000
     0.00000000
     0.00000000
     0.00000000
     0.00000000
     0.00000000
     0.00000000
     0.00000000
     0.00000000
     0.00000000
     0.00000000
     0.00000000
     0.00000000
     0.00000000
     0.00000000
     0.00000000
     0.00000000
     0.00000000
     0.95649873
     0.00073130
     0.00105197
     0.00135573
     0.00154688
     0.00168734
     0.00182822
     0.00196953
     0.00211126
     0.00225341
     0.00239599
     0.00238909
     0.00209602
     0.00180476
     0.00152510
     0.00126103
     0.00102712
     0.00079439
     0.00066196
     0.00055581
     0.00048199
     0.00067860
     0.00096693
     0.00125708
     0.00140991
     0.00132602
     0.00119559
     0.00083290
     0.00004389
     0.00033098
     0.00035698
     0.00038298
     0.00033216
     0.00000663
     0.00032128
     0.00065156
     0.00098424
     0.00131932
     0.00165684
     0.00193776
     0.00200160
     0.00206552
     0.00212953
     0.00219362
     0.00245337
     0.00276285
     0.00280886
     0.00262343
     0.00243873
     0.00225473
     0.00207144
     0.00188886
     0.00170698
     0.00152580
     0.00134532
     0.00116553
     0.00098644
     0.00080805
     0.00063034
     0.00045186
     0.00026227
     0.00007347
     0.00001323
     0.00005352
     0.00012037
     0.00018731
     0.00025436
     0.00032151
     0.00038875
     0.00030245
     0.00065085
     0.00135758
     0.00227028
     0.00303575
     0.00366554
     0.00160145
     0.00000000
     0.00000000
     0.00000000
     0.00000000
     0.00000000
     0.00000000
     0.00000000
     0.00000000
     0.00000000
     0.00000000
     0.00000000
     0.00000000
     0.00000000
     0.00000000
     0.00000000
     0.00000000
     0.00000000
     0.00000000
     0.00000000
     0.00000000
     0.00000000
     0.00000000
     0.00000000
     0.00000000
     0.95647181
     0.00078803
     0.00110889
     0.00136449
     0.00156759
     0.00177158
     0.00196239
     0.00210401
     0.00224605
     0.00238852
     0.00254124
     0.00261207
     0.00233090
     0.00205137
     0.00177349
     0.00150908
     0.00127407
     0.00104025
     0.00080760
     0.00069265
     0.00079923
     0.00108814
     0.00137886
     0.00167141
     0.00173520
     0.00161142
     0.00148027
     0.00115257
     0.00027117
     0.00032146
     0.00041570
     0.00044164
     0.00040010
     0.00007528
     0.00025191
     0.00058147
     0.00091343
     0.00124779
     0.00158458
     0.00166975
     0.00173318
     0.00179670
     0.00186030
     0.00192399
     0.00215779
     0.00246517
     0.00277453
     0.00262379
     0.00243920
     0.00225531
     0.00207214
     0.00188966
     0.00170789
     0.00152683
     0.00134646
     0.00116678
     0.00098780
     0.00080952
     0.00063192
     0.00045500
     0.00027877
     0.00010152
     0.00016840
     0.00023537
     0.00030244
     0.00036962
     0.00043689
     0.00050426
     0.00057173
     0.00046559
     0.00049051
     0.00136702
     0.00226680
     0.00304684
     0.00367602
     0.00164135
     0.00000000
     0.00000000
     0.00000000
     0.00000000
     0.00000000
     0.00000000
     0.00000000
     0.00000000
     0.00000000
     0.00000000
     0.00000000
     0.00000000
     0.00000000
     0.00000000
     0.00000000
     0.00000000
     0.00000000
     0.00000000
     0.00000000
     0.00000000
     0.00000000
     0.00000000
     0.00000000
     0.00000000
     0.95644487
     0.00084470
     0.00116576
     0.00137319
     0.00157621
     0.00178011
     0.00199438
     0.00221314
     0.00241678
     0.00257281
     0.00272935
     0.00286532
     0.00258284
     0.00230201
     0.00202283
     0.00175808
     0.00152197
     0.00128705
     0.00105331
     0.00104164
     0.00120946
     0.00150076
     0.00179388
     0.00205581
     0.00201499
     0.00189815
     0.00176629
     0.00147399
     0.00058704
     0.00019461
     0.00047431
     0.00050020
     0.00046790
     0.00014379
     0.00018269
     0.00051153
     0.00084277
     0.00117641
     0.00134060
     0.00140354
     0.00146657
     0.00152969
     0.00159289
     0.00165618
     0.00186435
     0.00216964
     0.00247690
     0.00262410
     0.00243962
     0.00225584
     0.00207278
     0.00189042
     0.00170876
     0.00152780
     0.00134755
     0.00116798
     0.00098911
     0.00081093
     0.00063344
     0.00045663
     0.00028051
     0.00027235
     0.00035047
     0.00041767
     0.00048497
     0.00055237
     0.00061987
     0.00068746
     0.00075516
     0.00062905
     0.00032986
     0.00126863
     0.00226337
     0.00305796
     0.00368652
     0.00169449
     0.00000000
     0.00000000
     0.00000000
     0.00000000
     0.00000000
     0.00000000
     0.00000000
     0.00000000
     0.00000000
     0.00000000
     0.00000000
     0.00000000
     0.00000000
     0.00000000
     0.00000000
     0.00000000
     0.00000000
     0.00000000
     0.00000000
     0.00000000
     0.00000000
     0.00000000
     0.00000000
     0.00000000
     0.95641792
     0.00090134
     0.00118893
     0.00140381
     0.00161969
     0.00183657
     0.00205446
     0.00227335
     0.00249326
     0.00271418
     0.00291793
     0.00307551
     0.00283576
     0.00255362
     0.00227314
     0.00200806
     0.00177084
     0.00153481
     0.00147056
     0.00156727
     0.00171196
     0.00191648
     0.00221203
     0.00240575
     0.00229606
     0.00218624
     0.00205365
     0.00179719
     0.00090466
     0.00002910
     0.00053281
     0.00055865
     0.00053555
     0.00021214
     0.00011362
     0.00044175
     0.00077227
     0.00101413
     0.00107659
     0.00113914
     0.00120177
     0.00126449
     0.00132729
     0.00139018
     0.00157305
     0.00187626
     0.00218143
     0.00248858
     0.00244000
     0.00225634
     0.00207338
     0.00189113
     0.00170959
     0.00152874
     0.00134859
     0.00116914
     0.00099038
     0.00081230
     0.00063492
     0.00045822
     0.00035464
     0.00043508
     0.00051566
     0.00059639
     0.00066794
     0.00073557
     0.00080330
     0.00087112
     0.00093905
     0.00079285
     0.00016888
     0.00111042
     0.00223021
     0.00306910
     0.00369705
     0.00174755
     0.00000000
     0.00000000
     0.00000000
     0.00000000
     0.00000000
     0.00000000
     0.00000000
     0.00000000
     0.00000000
     0.00000000
     0.00000000
     0.00000000
     0.00000000
     0.00000000
     0.00000000
     0.00000000
     0.00000000
     0.00000000
     0.00000000
     0.00000000
     0.00000000
     0.00000000
     0.00000000
     0.00000000
     0.95635991
     0.00100074
     0.00124838
     0.00146341
     0.00167943
     0.00189645
     0.00211447
     0.00233351
     0.00255356
     0.00277462
     0.00299671
     0.00321982
     0.00308047
     0.00280619
     0.00252440
     0.00225898
     0.00202065
     0.00190285
     0.00200636
     0.00215232
     0.00229873
     0.00250719
     0.00276246
     0.00280189
     0.00263624
     0.00247115
     0.00235168
     0.00216151
     0.00126256
     0.00038070
     0.00040438
     0.00061700
     0.00060307
     0.00028036
     0.00004469
     0.00037211
     0.00069030
     0.00075229
     0.00081436
     0.00087651
     0.00093875
     0.00100107
     0.00106348
     0.00112597
     0.00128386
     0.00158500
     0.00188809
     0.00219315
     0.00244031
     0.00225676
     0.00207392
     0.00189178
     0.00171035
     0.00152961
     0.00134957
     0.00117023
     0.00099158
     0.00081361
     0.00063634
     0.00045975
     0.00051744
     0.00059812
     0.00067894
     0.00075990
     0.00084101
     0.00091921
     0.00098717
     0.00105522
     0.00112338
     0.00095696
     0.00000760
     0.00095191
     0.00206693
     0.00308028
     0.00371179
     0.00180054
     0.00000000
     0.00000000
     0.00000000
     0.00000000
     0.00000000
     0.00000000
     0.00000000
     0.00000000
     0.00000000
     0.00000000
     0.00000000
     0.00000000
     0.00000000
     0.00000000
     0.00000000
     0.00000000
     0.00000000
     0.00000000
     0.00000000
     0.00000000
     0.00000000
     0.00000000
     0.00000000
     0.00000000
     0.95628704
     0.00109363
     0.00130780
     0.00152296
     0.00173912
     0.00195628
     0.00217445
     0.00239362
     0.00261381
     0.00283502
     0.00305726
     0.00328051
     0.00321206
     0.00295426
     0.00269783
     0.00246263
     0.00234867
     0.00253957
     0.00275181
     0.00296500
     0.00317913
     0.00339421
     0.00361024
     0.00334292
     0.00317550
     0.00300866
     0.00286644
     0.00271413
     0.00180524
     0.00091362
     0.00003896
     0.00045835
     0.00049464
     0.00021273
     0.00007096
     0.00035645
     0.00043063
     0.00049222
     0.00055388
     0.00061566
     0.00067751
     0.00073944
     0.00080145
     0.00086355
     0.00099678
     0.00129586
     0.00159689
     0.00189987
     0.00222238
     0.00225715
     0.00207442
     0.00189239
     0.00171107
     0.00153044
     0.00135051
     0.00117128
     0.00099273
     0.00081488
     0.00063772
     0.00059981
     0.00068058
     0.00076149
     0.00084255
     0.00092124
     0.00098860
     0.00105607
     0.00112364
     0.00119523
     0.00126821
     0.00108625
     0.00012413
     0.00081788
     0.00190328
     0.00292605
     0.00373622
     0.00185346
     0.00000000
     0.00000000
     0.00000000
     0.00000000
     0.00000000
     0.00000000
     0.00000000
     0.00000000
     0.00000000
     0.00000000
     0.00000000
     0.00000000
     0.00000000
     0.00000000
     0.00000000
     0.00000000
     0.00000000
     0.00000000
     0.00000000
     0.00000000
     0.00000000
     0.00000000
     0.00000000
     0.00000000
     0.95621405
     0.00115284
     0.00136715
     0.00158245
     0.00179875
     0.00201605
     0.00223436
     0.00245368
     0.00267401
     0.00289536
     0.00311774
     0.00337442
     0.00344747
     0.00321274
     0.00297913
     0.00279192
     0.00289134
     0.00315806
     0.00342625
     0.00369593
     0.00396710
     0.00423978
     0.00439006
     0.00405357
     0.00372010
     0.00355149
     0.00338607
     0.00327244
     0.00235352
     0.00145204
     0.00056769
     0.00021772
     0.00033079
     0.00004804
     0.00023651
     0.00037350
     0.00033437
     0.00029526
     0.00029518
     0.00035657
     0.00041803
     0.00047956
     0.00054118
     0.00060289
     0.00071178
     0.00100882
     0.00130780
     0.00160871
     0.00191158
     0.00225747
     0.00207485
     0.00189294
     0.00171172
     0.00153121
     0.00135139
     0.00117226
     0.00099383
     0.00081609
     0.00068215
     0.00076302
     0.00084403
     0.00091863
     0.00098595
     0.00105337
     0.00112089
     0.00118851
     0.00125622
     0.00132404
     0.00139345
     0.00119131
     0.00022762
     0.00071595
     0.00169551
     0.00269716
     0.00372272
     0.00190632
     0.00000000
     0.00000000
     0.00000000
     0.00000000
     0.00000000
     0.00000000
     0.00000000
     0.00000000
     0.00000000
     0.00000000
     0.00000000
     0.00000000
     0.00000000
     0.00000000
     0.00000000
     0.00000000
     0.00000000
     0.00000000
     0.00000000
     0.00000000
     0.00000000
     0.00000000
     0.00000000
     0.00000000
     0.95614095
     0.00121201
     0.00142646
     0.00164190
     0.00185834
     0.00207579
     0.00229423
     0.00251370
     0.00273417
     0.00297192
     0.00330350
     0.00363735
     0.00379514
     0.00355887
     0.00333494
     0.00332149
     0.00348523
     0.00375507
     0.00402641
     0.00429925
     0.00457359
     0.00484946
     0.00485713
     0.00464213
     0.00442805
     0.00412069
     0.00392989
     0.00380854
     0.00290747
     0.00199603
     0.00110189
     0.00022477
     0.00016660
     0.00011701
     0.00034853
     0.00030944
     0.00027038
     0.00023136
     0.00019235
     0.00015342
     0.00016031
     0.00022146
     0.00028269
     0.00034400
     0.00042842
     0.00072388
     0.00102081
     0.00131968
     0.00162048
     0.00196523
     0.00207524
     0.00189344
     0.00171234
     0.00153193
     0.00135222
     0.00117321
     0.00099488
     0.00081725
     0.00084546
     0.00091598
     0.00098326
     0.00105063
     0.00111810
     0.00118568
     0.00125335
     0.00132111
     0.00138898
     0.00145695
     0.00152502
     0.00127519
     0.00033116
     0.00058867
     0.00151123
     0.00249894
     0.00351294
     0.00195910
     0.00000000
     0.00000000
     0.00000000
     0.00000000
     0.00000000
     0.00000000
     0.00000000
     0.00000000
     0.00000000
     0.00000000
     0.00000000
     0.00000000
     0.00000000
     0.00000000
     0.00000000
     0.00000000
     0.00000000
     0.00000000
     0.00000000
     0.00000000
     0.00000000
     0.00000000
     0.00000000
     0.00000000
     0.95608908
     0.00127113
     0.00148571
     0.00170129
     0.00191787
     0.00213546
     0.00235405
     0.00257365
     0.00290181
     0.00323270
     0.00356587
     0.00390133
     0.00414482
     0.00395337
     0.00386595
     0.00385618
     0.00408565
     0.00435866
     0.00463317
     0.00490920
     0.00518676
     0.00541865
     0.00531928
     0.00510242
     0.00488649
     0.00467149
     0.00445741
     0.00433702
     0.00346713
     0.00254563
     0.00164161
     0.00075476
     0.00000209
     0.00028238
     0.00028450
     0.00024549
     0.00020651
     0.00016757
     0.00012865
     0.00008979
     0.00005095
     0.00001214
     0.00002593
     0.00008686
     0.00014787
     0.00044100
     0.00073591
     0.00103273
     0.00133148
     0.00165010
     0.00202532
     0.00189388
     0.00171289
     0.00153259
     0.00135299
     0.00117409
     0.00099335
     0.00091328
     0.00098051
     0.00104783
     0.00111526
     0.00118279
     0.00125041
     0.00131813
     0.00138595
     0.00145387
     0.00152189
     0.00159001
     0.00165823
     0.00121096
     0.00039534
     0.00041237
     0.00135110
     0.00234226
     0.00331073
     0.00186240
     0.00000000
     0.00000000
     0.00000000
     0.00000000
     0.00000000
     0.00000000
     0.00000000
     0.00000000
     0.00000000
     0.00000000
     0.00000000
     0.00000000
     0.00000000
     0.00000000
     0.00000000
     0.00000000
     0.00000000
     0.00000000
     0.00000000
     0.00000000
     0.00000000
     0.00000000
     0.00000000
     0.00000000
     0.00000000
     0.00133020
     0.00154492
     0.00176064
     0.00197736
     0.00219509
     0.00250388
     0.00283184
     0.00316205
     0.00349453
     0.00382930
     0.00416637
     0.00457889
     0.00449040
     0.00440207
     0.00441803
     0.00469271
     0.00496891
     0.00524663
     0.00552589
     0.00580668
     0.00597220
     0.00578508
     0.00556636
     0.00534858
     0.00513172
     0.00491579
     0.00470374
     0.00391747
     0.00310092
     0.00218691
     0.00129025
     0.00041065
     0.00025956
     0.00022060
     0.00018167
     0.00014277
     0.00010391
     0.00006506
     0.00002629
     0.00001247
     0.00005120
     0.00008989
     0.00012856
     0.00010791
     0.00016019
     0.00045308
     0.00074788
     0.00104459
     0.00134323
     0.00170990
     0.00189428
     0.00171340
     0.00153303
     0.00134271
     0.00115317
     0.00097772
     0.00104500
     0.00111238
     0.00117986
     0.00124743
     0.00131511
     0.00138288
     0.00145076
     0.00151873
     0.00163233
     0.00174760
     0.00186315
     0.00197898
     0.00134237
     0.00052902
     0.00028573
     0.00119403
     0.00218525
     0.00315665
     0.00168549
     0.00000000
     0.00000000
     0.00000000
     0.00000000
     0.00000000
     0.00000000
     0.00000000
     0.00000000
     0.00000000
     0.00000000
     0.00000000
     0.00000000
     0.00000000
     0.00000000
     0.00000000
     0.00000000
     0.00000000
     0.00000000
     0.00000000
     0.00000000
     0.00000000
     0.00000000
     0.00000000
     0.00000000
     0.00000000
     0.00138922
     0.00160408
     0.00181994
     0.00210969
     0.00243472
     0.00276200
     0.00309153
     0.00342333
     0.00375741
     0.00409379
     0.00446218
     0.00503448
     0.00503259
     0.00494335
     0.00502856
     0.00530645
     0.00558588
     0.00586684
     0.00614936
     0.00640271
     0.00647613
     0.00625458
     0.00603398
     0.00581432
     0.00559560
     0.00537781
     0.00516095
     0.00428468
     0.00337355
     0.00257122
     0.00178218
     0.00085566
     0.00019570
     0.00015682
     0.00011797
     0.00007915
     0.00004037
     0.00000160
     0.00003709
     0.00007577
     0.00011442
     0.00015303
     0.00019162
     0.00023016
     0.00001699
     0.00022272
     0.00046511
     0.00075979
     0.00104909
     0.00138611
     0.00175853
     0.00169423
     0.00150337
     0.00131329
     0.00112399
     0.00110945
     0.00117688
     0.00124441
     0.00131420
     0.00142861
     0.00154330
     0.00165827
     0.00177353
     0.00188907
     0.00200489
     0.00212101
     0.00223741
     0.00230790
     0.00147810
     0.00065753
     0.00017706
     0.00106822
     0.00204160
     0.00300227
     0.00156298
     0.00000000
     0.00000000
     0.00000000
     0.00000000
     0.00000000
     0.00000000
     0.00000000
     0.00000000
     0.00000000
     0.00000000
     0.00000000
     0.00000000
     0.00000000
     0.00000000
     0.00000000
     0.00000000
     0.00000000
     0.00000000
     0.00000000
     0.00000000
     0.00000000
     0.00000000
     0.00000000
     0.00000000
     0.00000000
     0.00144819
     0.00171919
     0.00204133
     0.00236569
     0.00269230
     0.00302115
     0.00335226
     0.00368566
     0.00402134
     0.00435933
     0.00490591
     0.00548297
     0.00557999
     0.00548983
     0.00564582
     0.00592696
     0.00620964
     0.00649388
     0.00677968
     0.00696566
     0.00695123
     0.00672779
     0.00650529
     0.00628374
     0.00606314
     0.00584348
     0.00562476
     0.00476685
     0.00376052
     0.00283625
     0.00204329
     0.00104917
     0.00032333
     0.00009316
     0.00005439
     0.00001565
     0.00002305
     0.00006174
     0.00010035
     0.00013895
     0.00017752
     0.00021605
     0.00025456
     0.00029302
     0.00005574
     0.00018094
     0.00041120
     0.00064264
     0.00087527
     0.00112939
     0.00144383
     0.00166433
     0.00148404
     0.00131047
     0.00122597
     0.00134009
     0.00145449
     0.00156917
     0.00168413
     0.00179938
     0.00191492
     0.00203074
     0.00214684
     0.00226323
     0.00237991
     0.00249688
     0.00261414
     0.00244572
     0.00161401
     0.00076777
     0.00006831
     0.00094226
     0.00191781
     0.00287155
     0.00144157
     0.00000000
     0.00000000
     0.00000000
     0.00000000
     0.00000000
     0.00000000
     0.00000000
     0.00000000
     0.00000000
     0.00000000
     0.00000000
     0.00000000
     0.00000000
     0.00000000
     0.00000000
     0.00000000
     0.00000000
     0.00000000
     0.00000000
     0.00000000
     0.00000000
     0.00000000
     0.00000000
     0.00000000
     0.00000000
     0.00165163
     0.00197310
     0.00229680
     0.00262273
     0.00295090
     0.00328133
     0.00361404
     0.00394903
     0.00428633
     0.00477776
     0.00535302
     0.00588325
     0.00596734
     0.00593580
     0.00620178
     0.00655429
     0.00684026
     0.00712781
     0.00740331
     0.00753402
     0.00743010
     0.00720474
     0.00698033
     0.00675688
     0.00653439
     0.00631284
     0.00609223
     0.00525309
     0.00423756
     0.00324248
     0.00215070
     0.00115400
     0.00047116
     0.00002962
     0.00000907
     0.00004772
     0.00008635
     0.00012495
     0.00016349
     0.00020201
     0.00024050
     0.00027895
     0.00031738
     0.00035577
     0.00010825
     0.00012038
     0.00035019
     0.00058117
     0.00081333
     0.00104668
     0.00135458
     0.00167036
     0.00167271
     0.00149854
     0.00159497
     0.00170993
     0.00182517
     0.00194069
     0.00205651
     0.00217260
     0.00228899
     0.00240566
     0.00252262
     0.00263987
     0.00275741
     0.00287524
     0.00299335
     0.00258371
     0.00173129
     0.00087808
     0.00004051
     0.00081616
     0.00179388
     0.00274974
     0.00135071
     0.00000000
     0.00000000
     0.00000000
     0.00000000
     0.00000000
     0.00000000
     0.00000000
     0.00000000
     0.00000000
     0.00000000
     0.00000000
     0.00000000
     0.00000000
     0.00000000
     0.00000000
     0.00000000
     0.00000000
     0.00000000
     0.00000000
     0.00000000
     0.00000000
     0.00000000
     0.00000000
     0.00000000
     0.00000000
     0.00190502
     0.00222805
     0.00255330
     0.00288080
     0.00321055
     0.00354257
     0.00387688
     0.00421348
     0.00465004
     0.00519019
     0.00545043
     0.00571201
     0.00584176
     0.00579264
     0.00604238
     0.00642331
     0.00680707
     0.00719367
     0.00748144
     0.00768037
     0.00766416
     0.00762617
     0.00745914
     0.00723378
     0.00700937
     0.00678592
     0.00656342
     0.00575504
     0.00471864
     0.00362134
     0.00241790
     0.00125889
     0.00054196
     0.00001685
     0.00007240
     0.00011097
     0.00014951
     0.00018804
     0.00022650
     0.00026494
     0.00030335
     0.00034173
     0.00038007
     0.00041838
     0.00021993
     0.00005994
     0.00028929
     0.00051981
     0.00075151
     0.00098440
     0.00126558
     0.00158055
     0.00186188
     0.00185089
     0.00196641
     0.00208222
     0.00219831
     0.00231468
     0.00243135
     0.00254830
     0.00266554
     0.00278307
     0.00290089
     0.00301900
     0.00313741
     0.00325610
     0.00337509
     0.00271387
     0.00184321
     0.00098848
     0.00014941
     0.00068990
     0.00166979
     0.00262779
     0.00125965
     0.00000000
     0.00000000
     0.00000000
     0.00000000
     0.00000000
     0.00000000
     0.00000000
     0.00000000
     0.00000000
     0.00000000
     0.00000000
     0.00000000
     0.00000000
     0.00000000
     0.00000000
     0.00000000
     0.00000000
     0.00000000
     0.00000000
     0.00000000
     0.00000000
     0.00000000
     0.00000000
     0.00000000
     0.00000000
     0.00215941
     0.00248400
     0.00281082
     0.00313989
     0.00347123
     0.00380485
     0.00414076
     0.00450724
     0.00476381
     0.00502170
     0.00528092
     0.00554147
     0.00571656
     0.00566758
     0.00588358
     0.00626313
     0.00664548
     0.00703067
     0.00723259
     0.00739306
     0.00735528
     0.00731753
     0.00727981
     0.00724211
     0.00720444
     0.00716680
     0.00703833
     0.00626551
     0.00517614
     0.00393500
     0.00272452
     0.00154401
     0.00062183
     0.00005338
     0.00027314
     0.00017411
     0.00021257
     0.00025102
     0.00028940
     0.00032776
     0.00036609
     0.00040439
     0.00044265
     0.00048088
     0.00033924
     0.00000040
     0.00022849
     0.00045856
     0.00068980
     0.00092222
     0.00117680
     0.00149096
     0.00186332
     0.00222393
     0.00234030
     0.00245696
     0.00257390
     0.00269114
     0.00280866
     0.00292647
     0.00304457
     0.00316297
     0.00328165
     0.00340063
     0.00351990
     0.00363947
     0.00371265
     0.00282741
     0.00195520
     0.00109894
     0.00025837
     0.00056677
     0.00154558
     0.00250571
     0.00116979
     0.00000000
     0.00000000
     0.00000000
     0.00000000
     0.00000000
     0.00000000
     0.00000000
     0.00000000
     0.00000000
     0.00000000
     0.00000000
     0.00000000
     0.00000000
     0.00000000
     0.00000000
     0.00000000
     0.00000000
     0.00000000
     0.00000000
     0.00000000
     0.00000000
     0.00000000
     0.00000000
     0.00000000
     0.00000000
     0.00241483
     0.00274098
     0.00306938
     0.00340003
     0.00373296
     0.00406818
     0.00410022
     0.00434147
     0.00459703
     0.00485391
     0.00511211
     0.00537165
     0.00559176
     0.00554293
     0.00572541
     0.00610357
     0.00648453
     0.00678902
     0.00698514
     0.00708602
     0.00704848
     0.00701097
     0.00697349
     0.00693603
     0.00689860
     0.00686120
     0.00682382
     0.00642554
     0.00549866
     0.00425028
     0.00303271
     0.00184527
     0.00091663
     0.00015825
     0.00042933
     0.00035263
     0.00027550
     0.00031387
     0.00035217
     0.00039045
     0.00042870
     0.00046692
     0.00050511
     0.00054326
     0.00045811
     0.00006062
     0.00016781
     0.00039742
     0.00062820
     0.00086016
     0.00109331
     0.00140162
     0.00195531
     0.00256822
     0.00271667
     0.00283418
     0.00295199
     0.00307008
     0.00318847
     0.00330715
     0.00342612
     0.00354538
     0.00366494
     0.00378479
     0.00390494
     0.00402538
     0.00383104
     0.00294104
     0.00206728
     0.00120949
     0.00036742
     0.00045919
     0.00142121
     0.00238348
     0.00112157
     0.00000000
     0.00000000
     0.00000000
     0.00000000
     0.00000000
     0.00000000
     0.00000000
     0.00000000
     0.00000000
     0.00000000
     0.00000000
     0.00000000
     0.00000000
     0.00000000
     0.00000000
     0.00000000
     0.00000000
     0.00000000
     0.00000000
     0.00000000
     0.00000000
     0.00000000
     0.00000000
     0.00000000
     0.00000000
     0.00267128
     0.00299900
     0.00332897
     0.00366122
     0.00380135
     0.00375415
     0.00392314
     0.00417638
     0.00443094
     0.00468682
     0.00494401
     0.00520254
     0.00546240
     0.00541868
     0.00556785
     0.00594463
     0.00632420
     0.00654398
     0.00673906
     0.00678104
     0.00674374
     0.00670647
     0.00666923
     0.00663201
     0.00659482
     0.00655765
     0.00652052
     0.00626203
     0.00580714
     0.00456716
     0.00334246
     0.00214806
     0.00121292
     0.00045009
     0.00030006
     0.00065491
     0.00043192
     0.00037660
     0.00041482
     0.00045303
     0.00049120
     0.00052934
     0.00056744
     0.00060552
     0.00057657
     0.00014797
     0.00010724
     0.00033639
     0.00056671
     0.00079821
     0.00103090
     0.00144151
     0.00204732
     0.00266106
     0.00309552
     0.00321390
     0.00333257
     0.00345154
     0.00357079
     0.00369034
     0.00381019
     0.00393032
     0.00405076
     0.00417149
     0.00429252
     0.00437520
     0.00394633
     0.00305475
     0.00217943
     0.00132012
     0.00047655
     0.00035155
     0.00129670
     0.00226498
     0.00117676
     0.00000000
     0.00000000
     0.00000000
     0.00000000
     0.00000000
     0.00000000
     0.00000000
     0.00000000
     0.00000000
     0.00000000
     0.00000000
     0.00000000
     0.00000000
     0.00000000
     0.00000000
     0.00000000
     0.00000000
     0.00000000
     0.00000000
     0.00000000
     0.00000000
     0.00000000
     0.00000000
     0.00000000
     0.00000000
     0.95740577
     0.00325805
     0.00350460
     0.00345771
     0.00341087
     0.00350879
     0.00375975
     0.00401200
     0.00426556
     0.00452044
     0.00477662
     0.00503414
     0.00529298
     0.00529482
     0.00541091
     0.00578632
     0.00610697
     0.00630030
     0.00649436
     0.00647813
     0.00644107
     0.00640403
     0.00636703
     0.00633005
     0.00629309
     0.00625616
     0.00626764
     0.00613409
     0.00568057
     0.00488566
     0.00365380
     0.00245240
     0.00151073
     0.00074342
     0.00001113
     0.00075312
     0.00073345
     0.00051104
     0.00047735
     0.00051547
     0.00055357
     0.00059163
     0.00062965
     0.00066765
     0.00069459
     0.00026742
     0.00004679
     0.00027548
     0.00050534
     0.00073639
     0.00099051
     0.00153273
     0.00213935
     0.00275392
     0.00337653
     0.00359614
     0.00371568
     0.00383552
     0.00395565
     0.00407608
     0.00419680
     0.00431782
     0.00443914
     0.00456075
     0.00468267
     0.00467416
     0.00406171
     0.00316855
     0.00229168
     0.00143083
     0.00058575
     0.00024383
     0.00117204
     0.00228981
     0.00123187
     0.00000000
     0.00000000
     0.00000000
     0.00000000
     0.00000000
     0.00000000
     0.00000000
     0.00000000
     0.00000000
     0.00000000
     0.00000000
     0.00000000
     0.00000000
     0.00000000
     0.00000000
     0.00000000
     0.00000000
     0.00000000
     0.00000000
     0.00000000
     0.00000000
     0.00000000
     0.00000000
     0.00000000
     0.00000000
     0.95743422
     0.00316337
     0.00311683
     0.00307034
     0.00309838
     0.00334706
     0.00359703
     0.00384830
     0.00410086
     0.00435474
     0.00460992
     0.00486643
     0.00512426
     0.00517134
     0.00526975
     0.00562860
     0.00586567
     0.00605798
     0.00621410
     0.00617725
     0.00614042
     0.00610362
     0.00606685
     0.00603011
     0.00599339
     0.00595669
     0.00610956
     0.00600653
     0.00555440
     0.00508964
     0.00396672
     0.00275828
     0.00181003
     0.00103822
     0.00027924
     0.00046711
     0.00090414
     0.00081182
     0.00058992
     0.00057781
     0.00061582
     0.00065381
     0.00069176
     0.00072967
     0.00081220
     0.00038646
     0.00001357
     0.00021467
     0.00044457
     0.00068377
     0.00111427
     0.00162925
     0.00223139
     0.00284679
     0.00347024
     0.00398090
     0.00410132
     0.00422203
     0.00434304
     0.00446435
     0.00458596
     0.00470787
     0.00483007
     0.00495258
     0.00498556
     0.00497452
     0.00417717
     0.00328242
     0.00240399
     0.00154161
     0.00069502
     0.00013604
     0.00116419
     0.00231792
     0.00128690
     0.00000000
     0.00000000
     0.00000000
     0.00000000
     0.00000000
     0.00000000
     0.00000000
     0.00000000
     0.00000000
     0.00000000
     0.00000000
     0.00000000
     0.00000000
     0.00000000
     0.00000000
     0.00000000
     0.00000000
     0.00000000
     0.00000000
     0.00000000
     0.00000000
     0.00000000
     0.00000000
     0.00000000
     0.00000000
     0.95746261
     0.00277872
     0.00273258
     0.00269188
     0.00293831
     0.00318601
     0.00343500
     0.00368528
     0.00393686
     0.00418974
     0.00444392
     0.00469942
     0.00495625
     0.00504826
     0.00515121
     0.00543514
     0.00562572
     0.00581703
     0.00591502
     0.00587840
     0.00584181
     0.00580525
     0.00576871
     0.00573220
     0.00569571
     0.00578951
     0.00595209
     0.00587939
     0.00542863
     0.00498186
     0.00428124
     0.00306572
     0.00211086
     0.00133453
     0.00057109
     0.00017965
     0.00086946
     0.00095259
     0.00088999
     0.00066863
     0.00067796
     0.00071586
     0.00075373
     0.00078128
     0.00086407
     0.00045394
     0.00001651
     0.00022290
     0.00046077
     0.00078927
     0.00129999
     0.00181645
     0.00239362
     0.00300115
     0.00361649
     0.00423975
     0.00452899
     0.00464950
     0.00477029
     0.00489139
     0.00501277
     0.00513446
     0.00525644
     0.00532341
     0.00529232
     0.00520568
     0.00429273
     0.00339639
     0.00251640
     0.00165248
     0.00080438
     0.00011886
     0.00118557
     0.00234601
     0.00134186
     0.00000000
     0.00000000
     0.00000000
     0.00000000
     0.00000000
     0.00000000
     0.00000000
     0.00000000
     0.00000000
     0.00000000
     0.00000000
     0.00000000
     0.00000000
     0.00000000
     0.00000000
     0.00000000
     0.00000000
     0.00000000
     0.00000000
     0.00000000
     0.00000000
     0.00000000
     0.00000000
     0.00000000
     0.00000000
     0.95749094
     0.00239756
     0.00235182
     0.00253346
     0.00277892
     0.00302565
     0.00327366
     0.00352296
     0.00377355
     0.00402544
     0.00427863
     0.00453313
     0.00478894
     0.00492557
     0.00503305
     0.00519754
     0.00538713
     0.00557742
     0.00561796
     0.00558158
     0.00554522
     0.00550889
     0.00547259
     0.00543631
     0.00547178
     0.00563325
     0.00579524
     0.00575266
     0.00530327
     0.00485786
     0.00435668
     0.00337474
     0.00241322
     0.00163235
     0.00086443
     0.00010928
     0.00063329
     0.00099678
     0.00100096
     0.00096795
     0.00074524
     0.00075432
     0.00077058
     0.00078682
     0.00085862
     0.00049663
     0.00005991
     0.00023911
     0.00047692
     0.00097372
     0.00148619
     0.00200443
     0.00256030
     0.00316961
     0.00378675
     0.00441183
     0.00499336
     0.00511493
     0.00523679
     0.00535895
     0.00548140
     0.00560415
     0.00571952
     0.00568820
     0.00565690
     0.00538705
     0.00444388
     0.00351839
     0.00262889
     0.00176343
     0.00085082
     0.00015553
     0.00121520
     0.00237408
     0.00139675
     0.00000000
     0.00000000
     0.00000000
     0.00000000
     0.00000000
     0.00000000
     0.00000000
     0.00000000
     0.00000000
     0.00000000
     0.00000000
     0.00000000
     0.00000000
     0.00000000
     0.00000000
     0.00000000
     0.00000000
     0.00000000
     0.00000000
     0.00000000
     0.00000000
     0.00000000
     0.00000000
     0.00000000
     0.00000000
     0.95751919
     0.00201985
     0.00213247
     0.00237570
     0.00262019
     0.00286595
     0.00311299
     0.00336131
     0.00361091
     0.00386181
     0.00411401
     0.00436751
     0.00465987
     0.00497346
     0.00504117
     0.00499553
     0.00516721
     0.00533948
     0.00532291
     0.00528675
     0.00525063
     0.00521453
     0.00517846
     0.00515632
     0.00531669
     0.00547758
     0.00563899
     0.00562633
     0.00517831
     0.00473425
     0.00427495
     0.00368533
     0.00271710
     0.00193166
     0.00115925
     0.00039966
     0.00034728
     0.00096436
     0.00102872
     0.00101218
     0.00098790
     0.00075995
     0.00077619
     0.00079242
     0.00085323
     0.00053929
     0.00010327
     0.00025524
     0.00065010
     0.00115862
     0.00167286
     0.00219288
     0.00272730
     0.00333840
     0.00395735
     0.00458425
     0.00521919
     0.00558412
     0.00570706
     0.00583029
     0.00595382
     0.00607765
     0.00608668
     0.00605515
     0.00602365
     0.00558994
     0.00464350
     0.00371479
     0.00280352
     0.00187524
     0.00082142
     0.00019218
     0.00124484
     0.00240217
     0.00145156
     0.00000000
     0.00000000
     0.00000000
     0.00000000
     0.00000000
     0.00000000
     0.00000000
     0.00000000
     0.00000000
     0.00000000
     0.00000000
     0.00000000
     0.00000000
     0.00000000
     0.00000000
     0.00000000
     0.00000000
     0.00000000
     0.00000000
     0.00000000
     0.00000000
     0.00000000
     0.00000000
     0.00000000
     0.00000000
     0.95754738
     0.00173532
     0.00197634
     0.00221861
     0.00246214
     0.00270693
     0.00295300
     0.00320034
     0.00344897
     0.00369888
     0.00395009
     0.00423400
     0.00466455
     0.00505013
     0.00503020
     0.00495738
     0.00500022
     0.00512830
     0.00503198
     0.00499393
     0.00495804
     0.00492217
     0.00488633
     0.00500242
     0.00516222
     0.00532252
     0.00548334
     0.00550040
     0.00505374
     0.00461104
     0.00417226
     0.00363588
     0.00302253
     0.00223250
     0.00146851
     0.00071738
     0.00002148
     0.00074824
     0.00101614
     0.00099961
     0.00098307
     0.00096653
     0.00078183
     0.00079806
     0.00084789
     0.00058189
     0.00014657
     0.00032915
     0.00083374
     0.00134401
     0.00186001
     0.00238181
     0.00290946
     0.00350754
     0.00412830
     0.00475703
     0.00539383
     0.00603877
     0.00618115
     0.00630546
     0.00643007
     0.00648780
     0.00645604
     0.00642431
     0.00639259
     0.00579337
     0.00484365
     0.00391172
     0.00299326
     0.00191476
     0.00086068
     0.00018468
     0.00126434
     0.00243023
     0.00150630
     0.00000000
     0.00000000
     0.00000000
     0.00000000
     0.00000000
     0.00000000
     0.00000000
     0.00000000
     0.00000000
     0.00000000
     0.00000000
     0.00000000
     0.00000000
     0.00000000
     0.00000000
     0.00000000
     0.00000000
     0.00000000
     0.00000000
     0.00000000
     0.00000000
     0.00000000
     0.00000000
     0.00000000
     0.00000000
     0.95757551
     0.00158081
     0.00182087
     0.00206219
     0.00230476
     0.00254859
     0.00279369
     0.00304006
     0.00328771
     0.00353664
     0.00381223
     0.00423883
     0.00466917
     0.00510329
     0.00501921
     0.00494644
     0.00487378
     0.00489467
     0.00479884
     0.00470320
     0.00466743
     0.00463179
     0.00469042
     0.00484913
     0.00500834
     0.00516806
     0.00532829
     0.00537489
     0.00492959
     0.00448823
     0.00405079
     0.00357444
     0.00327987
     0.00259888
     0.00182978
     0.00107321
     0.00032899
     0.00040304
     0.00093013
     0.00098709
     0.00097056
     0.00095402
     0.00093748
     0.00080372
     0.00084260
     0.00062444
     0.00018982
     0.00051152
     0.00101785
     0.00152987
     0.00204765
     0.00257124
     0.00310070
     0.00367703
     0.00429961
     0.00493018
     0.00556883
     0.00621566
     0.00665909
     0.00678449
     0.00689157
     0.00685958
     0.00682761
     0.00679567
     0.00676374
     0.00599735
     0.00504434
     0.00410917
     0.00303298
     0.00195421
     0.00089988
     0.00016101
     0.00122720
     0.00242319
     0.00156096
     0.00000000
     0.00000000
     0.00000000
     0.00000000
     0.00000000
     0.00000000
     0.00000000
     0.00000000
     0.00000000
     0.00000000
     0.00000000
     0.00000000
     0.00000000
     0.00000000
     0.00000000
     0.00000000
     0.00000000
     0.00000000
     0.00000000
     0.00000000
     0.00000000
     0.00000000
     0.00000000
     0.00000000
     0.00000000
     0.95760356
     0.00142693
     0.00166605
     0.00190642
     0.00214803
     0.00239090
     0.00263504
     0.00288044
     0.00312711
     0.00339451
     0.00381720
     0.00424359
     0.00467373
     0.00502066
     0.00500817
     0.00493546
     0.00486285
     0.00469803
     0.00456699
     0.00447185
     0.00437879
     0.00438066
     0.00453828
     0.00469641
     0.00485504
     0.00501419
     0.00517384
     0.00524976
     0.00480582
     0.00436581
     0.00392970
     0.00356002
     0.00326479
     0.00296804
     0.00219337
     0.00143133
     0.00068173
     0.00005563
     0.00073635
     0.00097465
     0.00095812
     0.00094159
     0.00092505
     0.00090851
     0.00083737
     0.00066695
     0.00008236
     0.00067921
     0.00120241
     0.00171620
     0.00223575
     0.00276113
     0.00329241
     0.00384685
     0.00447125
     0.00510367
     0.00574418
     0.00639289
     0.00704989
     0.00726740
     0.00726577
     0.00723357
     0.00720139
     0.00716923
     0.00713709
     0.00620185
     0.00524555
     0.00417661
     0.00307262
     0.00199359
     0.00092928
     0.00013743
     0.00119013
     0.00238638
     0.00155691
     0.00000000
     0.00000000
     0.00000000
     0.00000000
     0.00000000
     0.00000000
     0.00000000
     0.00000000
     0.00000000
     0.00000000
     0.00000000
     0.00000000
     0.00000000
     0.00000000
     0.00000000
     0.00000000
     0.00000000
     0.00000000
     0.00000000
     0.00000000
     0.00000000
     0.00000000
     0.00000000
     0.00000000
     0.00000000
     0.95763156
     0.00127372
     0.00151190
     0.00175132
     0.00199198
     0.00223389
     0.00247707
     0.00272150
     0.00298083
     0.00339963
     0.00382212
     0.00424831
     0.00467825
     0.00493343
     0.00499711
     0.00492445
     0.00485190
     0.00465242
     0.00444179
     0.00424181
     0.00414735
     0.00422970
     0.00438675
     0.00454430
     0.00470236
     0.00486092
     0.00501999
     0.00512505
     0.00468246
     0.00424379
     0.00384277
     0.00352010
     0.00324969
     0.00310212
     0.00255935
     0.00179180
     0.00103676
     0.00029406
     0.00043649
     0.00089086
     0.00094573
     0.00092920
     0.00091267
     0.00089613
     0.00087959
     0.00067700
     0.00007386
     0.00083764
     0.00138747
     0.00190301
     0.00242435
     0.00295154
     0.00348463
     0.00402369
     0.00464327
     0.00527753
     0.00591991
     0.00657051
     0.00722941
     0.00767466
     0.00764223
     0.00760982
     0.00757742
     0.00754505
     0.00738478
     0.00640692
     0.00534619
     0.00421647
     0.00311222
     0.00203292
     0.00095271
     0.00011389
     0.00115536
     0.00234962
     0.00154839
     0.00000000
     0.00000000
     0.00000000
     0.00000000
     0.00000000
     0.00000000
     0.00000000
     0.00000000
     0.00000000
     0.00000000
     0.00000000
     0.00000000
     0.00000000
     0.00000000
     0.00000000
     0.00000000
     0.00000000
     0.00000000
     0.00000000
     0.00000000
     0.00000000
     0.00000000
     0.00000000
     0.00000000
     0.00000000
     0.00000000
     0.00112115
     0.00135839
     0.00159686
     0.00183657
     0.00207754
     0.00231975
     0.00257113
     0.00298609
     0.00340469
     0.00382697
     0.00425297
     0.00461917
     0.00484639
     0.00498599
     0.00491340
     0.00481806
     0.00460683
     0.00439651
     0.00418709
     0.00402260
     0.00409889
     0.00423579
     0.00439277
     0.00455025
     0.00470824
     0.00486673
     0.00500072
     0.00455948
     0.00412215
     0.00377165
     0.00344963
     0.00323455
     0.00308711
     0.00292768
     0.00215459
     0.00139409
     0.00064601
     0.00008985
     0.00069728
     0.00093341
     0.00091689
     0.00090036
     0.00088383
     0.00086729
     0.00047443
     0.00023038
     0.00099636
     0.00157298
     0.00209030
     0.00261342
     0.00314242
     0.00367733
     0.00421823
     0.00481563
     0.00545174
     0.00609599
     0.00674848
     0.00740930
     0.00801293
     0.00802092
     0.00798829
     0.00795568
     0.00792310
     0.00759375
     0.00654224
     0.00538625
     0.00425625
     0.00315173
     0.00206822
     0.00097606
     0.00009043
     0.00113180
     0.00231293
     0.00153987
     0.00000000
     0.00000000
     0.00000000
     0.00000000
     0.00000000
     0.00000000
     0.00000000
     0.00000000
     0.00000000
     0.00000000
     0.00000000
     0.00000000
     0.00000000
     0.00000000
     0.00000000
     0.00000000
     0.00000000
     0.00000000
     0.00000000
     0.00000000
     0.00000000
     0.00000000
     0.00000000
     0.00000000
     0.00000000
     0.00000000
     0.00096923
     0.00120553
     0.00144306
     0.00168183
     0.00192184
     0.00216540
     0.00257653
     0.00299129
     0.00340970
     0.00383178
     0.00425757
     0.00453286
     0.00475956
     0.00497485
     0.00490231
     0.00477221
     0.00456130
     0.00435129
     0.00412607
     0.00391507
     0.00399115
     0.00408542
     0.00424183
     0.00439874
     0.00455615
     0.00471407
     0.00487249
     0.00443690
     0.00402418
     0.00370067
     0.00337931
     0.00321939
     0.00307208
     0.00292523
     0.00251974
     0.00175374
     0.00100024
     0.00025905
     0.00047002
     0.00085186
     0.00090463
     0.00088811
     0.00087158
     0.00072676
     0.00024973
     0.00053931
     0.00115541
     0.00175898
     0.00227807
     0.00280299
     0.00333379
     0.00387054
     0.00441329
     0.00498835
     0.00562631
     0.00627244
     0.00692683
     0.00758957
     0.00826076
     0.00840188
     0.00836904
     0.00833621
     0.00830341
     0.00776533
     0.00658252
     0.00542625
     0.00429598
     0.00319119
     0.00209140
     0.00099935
     0.00006704
     0.00110829
     0.00227631
     0.00153135
     0.00000000
     0.00000000
     0.00000000
     0.00000000
     0.00000000
     0.00000000
     0.00000000
     0.00000000
     0.00000000
     0.00000000
     0.00000000
     0.00000000
     0.00000000
     0.00000000
     0.00000000
     0.00000000
     0.00000000
     0.00000000
     0.00000000
     0.00000000
     0.00000000
     0.00000000
     0.00000000
     0.00000000
     0.00000000
     0.00000000
     0.00081796
     0.00105333
     0.00128992
     0.00152775
     0.00176681
     0.00217095
     0.00258189
     0.00299645
     0.00341465
     0.00383654
     0.00422162
     0.00444676
     0.00467293
     0.00496368
     0.00489120
     0.00473654
     0.00453011
     0.00432308
     0.00405647
     0.00380116
     0.00388374
     0.00395972
     0.00409148
     0.00424781
     0.00440465
     0.00456200
     0.00471984
     0.00431472
     0.00395268
     0.00362983
     0.00330913
     0.00317937
     0.00305703
     0.00291032
     0.00276405
     0.00211573
     0.00135677
     0.00061021
     0.00012415
     0.00065847
     0.00089242
     0.00087591
     0.00085939
     0.00048988
     0.00004127
     0.00076837
     0.00150378
     0.00194545
     0.00246633
     0.00299305
     0.00352567
     0.00406425
     0.00460886
     0.00516143
     0.00580125
     0.00644927
     0.00710556
     0.00777022
     0.00844335
     0.00872576
     0.00875206
     0.00871902
     0.00867806
     0.00780584
     0.00662274
     0.00546619
     0.00433565
     0.00323059
     0.00211452
     0.00102258
     0.00004370
     0.00108485
     0.00223974
     0.00161296
     0.00000000
     0.00000000
     0.00000000
     0.00000000
     0.00000000
     0.00000000
     0.00000000
     0.00000000
     0.00000000
     0.00000000
     0.00000000
     0.00000000
     0.00000000
     0.00000000
     0.00000000
     0.00000000
     0.00000000
     0.00000000
     0.00000000
     0.00000000
     0.00000000
     0.00000000
     0.00000000
     0.00000000
     0.00000000
     0.00000000
     0.00066733
     0.00090177
     0.00113742
     0.00137431
     0.00176928
     0.00217644
     0.00258718
     0.00300154
     0.00341955
     0.00384123
     0.00413623
     0.00436084
     0.00458649
     0.00495585
     0.00490813
     0.00471457
     0.00450835
     0.00425758
     0.00399148
     0.00372683
     0.00375633
     0.00384259
     0.00394171
     0.00409747
     0.00425374
     0.00441051
     0.00456778
     0.00420567
     0.00388132
     0.00355913
     0.00323908
     0.00309953
     0.00304195
     0.00289537
     0.00274923
     0.00248007
     0.00171562
     0.00096365
     0.00022396
     0.00046451
     0.00081311
     0.00086377
     0.00062759
     0.00025207
     0.00015051
     0.00099827
     0.00180865
     0.00232947
     0.00265826
     0.00318359
     0.00371804
     0.00425846
     0.00480492
     0.00535749
     0.00597655
     0.00662645
     0.00728465
     0.00795125
     0.00862633
     0.00903392
     0.00913636
     0.00910411
     0.00873000
     0.00784628
     0.00666290
     0.00550607
     0.00437525
     0.00325562
     0.00213757
     0.00104574
     0.00006211
     0.00121833
     0.00243380
     0.00183344
     0.00000000
     0.00000000
     0.00000000
     0.00000000
     0.00000000
     0.00000000
     0.00000000
     0.00000000
     0.00000000
     0.00000000
     0.00000000
     0.00000000
     0.00000000
     0.00000000
     0.00000000
     0.00000000
     0.00000000
     0.00000000
     0.00000000
     0.00000000
     0.00000000
     0.00000000
     0.00000000
     0.00000000
     0.00000000
     0.00000000
     0.00051734
     0.00075085
     0.00098558
     0.00137151
     0.00177492
     0.00218188
     0.00259243
     0.00300659
     0.00342440
     0.00382797
     0.00405104
     0.00427514
     0.00450026
     0.00493404
     0.00489947
     0.00469259
     0.00445924
     0.00419220
     0.00392660
     0.00366246
     0.00362559
     0.00371156
     0.00379768
     0.00393479
     0.00410101
     0.00425962
     0.00441632
     0.00413378
     0.00381010
     0.00348856
     0.00316917
     0.00301987
     0.00302685
     0.00288040
     0.00273439
     0.00258884
     0.00207680
     0.00131939
     0.00057434
     0.00015852
     0.00061991
     0.00076473
     0.00039063
     0.00001331
     0.00036726
     0.00122902
     0.00204302
     0.00271710
     0.00307016
     0.00340396
     0.00391091
     0.00445318
     0.00500151
     0.00555595
     0.00615223
     0.00680402
     0.00746413
     0.00813266
     0.00880969
     0.00934347
     0.00944644
     0.00921520
     0.00878189
     0.00788666
     0.00670300
     0.00554589
     0.00441480
     0.00327850
     0.00206616
     0.00085497
     0.00032455
     0.00147316
     0.00263223
     0.00205271
     0.00000000
     0.00000000
     0.00000000
     0.00000000
     0.00000000
     0.00000000
     0.00000000
     0.00000000
     0.00000000
     0.00000000
     0.00000000
     0.00000000
     0.00000000
     0.00000000
     0.00000000
     0.00000000
     0.00000000
     0.00000000
     0.00000000
     0.00000000
     0.00000000
     0.00000000
     0.00000000
     0.00000000
     0.00000000
     0.00000000
     0.00036799
     0.00060057
     0.00097760
     0.00137728
     0.00178049
     0.00218726
     0.00259761
     0.00301158
     0.00342919
     0.00374349
     0.00396604
     0.00418962
     0.00443967
     0.00487880
     0.00487726
     0.00466146
     0.00439346
     0.00412692
     0.00386183
     0.00359819
     0.00349529
     0.00358098
     0.00366682
     0.00376160
     0.00392713
     0.00409323
     0.00426099
     0.00406203
     0.00373901
     0.00341813
     0.00309939
     0.00294039
     0.00299158
     0.00286539
     0.00271952
     0.00257410
     0.00242913
     0.00167743
     0.00092699
     0.00018881
     0.00042615
     0.00046309
     0.00015274
     0.00022640
     0.00060879
     0.00146060
     0.00227825
     0.00295441
     0.00348512
     0.00382164
     0.00416051
     0.00464840
     0.00519860
     0.00575493
     0.00632826
     0.00698194
     0.00764397
     0.00831444
     0.00899344
     0.00965442
     0.00975793
     0.00927388
     0.00883372
     0.00792697
     0.00674303
     0.00556394
     0.00429385
     0.00302535
     0.00178986
     0.00058661
     0.00058516
     0.00172620
     0.00283724
     0.00227078
     0.00000000
     0.00000000
     0.00000000
     0.00000000
     0.00000000
     0.00000000
     0.00000000
     0.00000000
     0.00000000
     0.00000000
     0.00000000
     0.00000000
     0.00000000
     0.00000000
     0.00000000
     0.00000000
     0.00000000
     0.00000000
     0.00000000
     0.00000000
     0.00000000
     0.00000000
     0.00000000
     0.00000000
     0.00000000
     0.00000000
     0.00021927
     0.00058752
     0.00098351
     0.00138300
     0.00178602
     0.00219259
     0.00260275
     0.00301652
     0.00343393
     0.00365921
     0.00388125
     0.00413029
     0.00438097
     0.00489476
     0.00485504
     0.00459528
     0.00432779
     0.00406176
     0.00379718
     0.00353404
     0.00336545
     0.00345086
     0.00353642
     0.00362213
     0.00375403
     0.00391944
     0.00413575
     0.00398620
     0.00366806
     0.00334783
     0.00302974
     0.00286109
     0.00291217
     0.00285037
     0.00270463
     0.00255934
     0.00241450
     0.00203781
     0.00128193
     0.00053840
     0.00005114
     0.00004243
     0.00008611
     0.00046706
     0.00085129
     0.00165809
     0.00251435
     0.00319259
     0.00378427
     0.00424242
     0.00458405
     0.00492807
     0.00539620
     0.00595443
     0.00651888
     0.00716025
     0.00782420
     0.00849661
     0.00917758
     0.00986719
     0.00983697
     0.00935238
     0.00888550
     0.00788756
     0.00656827
     0.00528201
     0.00400313
     0.00274291
     0.00151550
     0.00032014
     0.00084393
     0.00197745
     0.00308115
     0.00248767
     0.00000000
     0.00000000
     0.00000000
     0.00000000
     0.00000000
     0.00000000
     0.00000000
     0.00000000
     0.00000000
     0.00000000
     0.00000000
     0.00000000
     0.00000000
     0.00000000
     0.00000000
     0.00000000
     0.00000000
     0.00000000
     0.00000000
     0.00000000
     0.00000000
     0.00000000
     0.00000000
     0.00000000
     0.00000000
     0.00000000
     0.00020123
     0.00059356
     0.00098936
     0.00138866
     0.00179149
     0.00219787
     0.00260783
     0.00302140
     0.00335461
     0.00357548
     0.00382315
     0.00419610
     0.00459395
     0.00511385
     0.00479765
     0.00452921
     0.00426224
     0.00399671
     0.00373263
     0.00346999
     0.00323606
     0.00332119
     0.00340647
     0.00349190
     0.00358169
     0.00374642
     0.00401092
     0.00388967
     0.00359724
     0.00327767
     0.00296023
     0.00278195
     0.00283292
     0.00283531
     0.00268971
     0.00254455
     0.00239984
     0.00225557
     0.00163918
     0.00092413
     0.00044562
     0.00038171
     0.00039050
     0.00070868
     0.00109475
     0.00185550
     0.00275131
     0.00343163
     0.00402594
     0.00462761
     0.00501074
     0.00535755
     0.00570678
     0.00615445
     0.00672082
     0.00733892
     0.00800480
     0.00867916
     0.00936210
     0.01005371
     0.00991590
     0.00925450
     0.00859641
     0.00759147
     0.00628027
     0.00499982
     0.00371442
     0.00246242
     0.00124304
     0.00005553
     0.00110088
     0.00222693
     0.00332333
     0.00270337
     0.00000000
     0.00000000
     0.00000000
     0.00000000
     0.00000000
     0.00000000
     0.00000000
     0.00000000
     0.00000000
     0.00000000
     0.00000000
     0.00000000
     0.00000000
     0.00000000
     0.00000000
     0.00000000
     0.00000000
     0.00000000
     0.00000000
     0.00000000
     0.00000000
     0.00000000
     0.00000000
     0.00000000
     0.00000000
     0.00000000
     0.00020741
     0.00059955
     0.00099516
     0.00139427
     0.00179690
     0.00220309
     0.00261286
     0.00302623
     0.00327229
     0.00362375
     0.00401511
     0.00440965
     0.00481170
     0.00521247
     0.00478241
     0.00446326
     0.00419680
     0.00393178
     0.00366820
     0.00340606
     0.00314535
     0.00319197
     0.00327697
     0.00336212
     0.00344742
     0.00360789
     0.00388651
     0.00379340
     0.00350278
     0.00320765
     0.00289085
     0.00270300
     0.00275385
     0.00280476
     0.00267476
     0.00252973
     0.00238515
     0.00224102
     0.00199875
     0.00144478
     0.00096103
     0.00080935
     0.00081822
     0.00095126
     0.00133919
     0.00205347
     0.00298914
     0.00367156
     0.00426850
     0.00487284
     0.00544060
     0.00579022
     0.00614228
     0.00649680
     0.00692329
     0.00751797
     0.00818579
     0.00886210
     0.00941998
     0.00977495
     0.00956065
     0.00889918
     0.00824573
     0.00729730
     0.00599415
     0.00470474
     0.00342771
     0.00218388
     0.00097249
     0.00020723
     0.00135602
     0.00247464
     0.00356379
     0.00291789
     0.00000000
     0.00000000
     0.00000000
     0.00000000
     0.00000000
     0.00000000
     0.00000000
     0.00000000
     0.00000000
     0.00000000
     0.00000000
     0.00000000
     0.00000000
     0.00000000
     0.00000000
     0.00000000
     0.00000000
     0.00000000
     0.00000000
     0.00000000
     0.00000000
     0.00000000
     0.00000000
     0.00000000
     0.00000000
     0.00000000
     0.00019767
     0.00060549
     0.00100092
     0.00139983
     0.00180227
     0.00220826
     0.00263031
     0.00305874
     0.00344527
     0.00383495
     0.00422780
     0.00462385
     0.00503013
     0.00522695
     0.00492168
     0.00439743
     0.00413147
     0.00386696
     0.00360388
     0.00334224
     0.00308203
     0.00306321
     0.00314793
     0.00323280
     0.00331782
     0.00348509
     0.00376252
     0.00369738
     0.00340751
     0.00311939
     0.00282162
     0.00262423
     0.00267496
     0.00272575
     0.00265979
     0.00251489
     0.00237044
     0.00222644
     0.00222512
     0.00197075
     0.00148173
     0.00124052
     0.00124948
     0.00125843
     0.00158460
     0.00225202
     0.00321069
     0.00391236
     0.00451195
     0.00511897
     0.00573349
     0.00622612
     0.00658103
     0.00693841
     0.00729828
     0.00770285
     0.00811054
     0.00845679
     0.00880531
     0.00915610
     0.00917605
     0.00854651
     0.00789767
     0.00704306
     0.00570990
     0.00441169
     0.00314298
     0.00190729
     0.00070384
     0.00046813
     0.00160936
     0.00272059
     0.00380253
     0.00316784
     0.00000000
     0.00000000
     0.00000000
     0.00000000
     0.00000000
     0.00000000
     0.00000000
     0.00000000
     0.00000000
     0.00000000
     0.00000000
     0.00000000
     0.00000000
     0.00000000
     0.00000000
     0.00000000
     0.00000000
     0.00000000
     0.00000000
     0.00000000
     0.00000000
     0.00000000
     0.00000000
     0.00000000
     0.00000000
     0.00000000
     0.00015016
     0.00061678
     0.00105956
     0.00150152
     0.00194780
     0.00239845
     0.00286021
     0.00326759
     0.00365560
     0.00404678
     0.00444113
     0.00483869
     0.00519484
     0.00524137
     0.00506114
     0.00433171
     0.00406625
     0.00380224
     0.00353967
     0.00327853
     0.00301882
     0.00293489
     0.00301933
     0.00310392
     0.00320622
     0.00340378
     0.00363892
     0.00360161
     0.00331248
     0.00302510
     0.00273944
     0.00254563
     0.00259625
     0.00264692
     0.00264479
     0.00250002
     0.00235570
     0.00221694
     0.00244296
     0.00250210
     0.00200774
     0.00167525
     0.00168429
     0.00169332
     0.00183099
     0.00245113
     0.00341334
     0.00415405
     0.00475629
     0.00536599
     0.00598324
     0.00660810
     0.00702303
     0.00732190
     0.00736389
     0.00740591
     0.00751158
     0.00785375
     0.00819815
     0.00854480
     0.00869023
     0.00819644
     0.00755218
     0.00680449
     0.00541470
     0.00412066
     0.00286023
     0.00163261
     0.00043705
     0.00072721
     0.00186092
     0.00296480
     0.00403958
     0.00342518
     0.00000000
     0.00000000
     0.00000000
     0.00000000
     0.00000000
     0.00000000
     0.00000000
     0.00000000
     0.00000000
     0.00000000
     0.00000000
     0.00000000
     0.00000000
     0.00000000
     0.00000000
     0.00000000
     0.00000000
     0.00000000
     0.00000000
     0.00000000
     0.00000000
     0.00000000
     0.00000000
     0.00000000
     0.00000000
     0.00000000
     0.00026876
     0.00076624
     0.00126930
     0.00171981
     0.00216796
     0.00263387
     0.00309074
     0.00347709
     0.00386658
     0.00425925
     0.00465511
     0.00502321
     0.00534838
     0.00523115
     0.00507066
     0.00426610
     0.00400115
     0.00373764
     0.00347557
     0.00321493
     0.00295571
     0.00280702
     0.00289118
     0.00297550
     0.00312555
     0.00332266
     0.00352059
     0.00350610
     0.00321771
     0.00293106
     0.00264614
     0.00245936
     0.00251771
     0.00256827
     0.00261889
     0.00248513
     0.00234094
     0.00243457
     0.00266151
     0.00288956
     0.00253913
     0.00211358
     0.00212270
     0.00213181
     0.00214093
     0.00265081
     0.00361657
     0.00439662
     0.00500154
     0.00561393
     0.00623390
     0.00668623
     0.00695958
     0.00700125
     0.00704296
     0.00708471
     0.00716117
     0.00727332
     0.00759843
     0.00794098
     0.00820921
     0.00784898
     0.00720928
     0.00656722
     0.00516583
     0.00383164
     0.00257943
     0.00135986
     0.00017214
     0.00098446
     0.00211069
     0.00320728
     0.00427493
     0.00368080
     0.00000000
     0.00000000
     0.00000000
     0.00000000
     0.00000000
     0.00000000
     0.00000000
     0.00000000
     0.00000000
     0.00000000
     0.00000000
     0.00000000
     0.00000000
     0.00000000
     0.00000000
     0.00000000
     0.00000000
     0.00000000
     0.00000000
     0.00000000
     0.00000000
     0.00000000
     0.00000000
     0.00000000
     0.00000000
     0.00000000
     0.00041713
     0.00091597
     0.00142041
     0.00193216
     0.00240883
     0.00288193
     0.00329938
     0.00368721
     0.00407820
     0.00447236
     0.00486195
     0.00515348
     0.00534087
     0.00518011
     0.00501986
     0.00429851
     0.00393616
     0.00367315
     0.00341158
     0.00315143
     0.00289271
     0.00267959
     0.00276348
     0.00284919
     0.00304504
     0.00324171
     0.00343919
     0.00341083
     0.00312318
     0.00283726
     0.00255307
     0.00235692
     0.00243665
     0.00248979
     0.00254029
     0.00247021
     0.00242615
     0.00265291
     0.00288078
     0.00310976
     0.00307595
     0.00257609
     0.00256472
     0.00257392
     0.00258312
     0.00285106
     0.00382038
     0.00460758
     0.00524641
     0.00557472
     0.00590521
     0.00623787
     0.00657272
     0.00668286
     0.00672429
     0.00676576
     0.00682788
     0.00693925
     0.00705086
     0.00734455
     0.00768527
     0.00744454
     0.00686892
     0.00623186
     0.00492018
     0.00355448
     0.00230059
     0.00108900
     0.00009092
     0.00123991
     0.00235871
     0.00344804
     0.00450862
     0.00393473
     0.00000000
     0.00000000
     0.00000000
     0.00000000
     0.00000000
     0.00000000
     0.00000000
     0.00000000
     0.00000000
     0.00000000
     0.00000000
     0.00000000
     0.00000000
     0.00000000
     0.00000000
     0.00000000
     0.00000000
     0.00000000
     0.00000000
     0.00000000
     0.00000000
     0.00000000
     0.00000000
     0.00000000
     0.00000000
     0.00000000
     0.00056577
     0.00106598
     0.00157999
     0.00210974
     0.00264564
     0.00312251
     0.00350867
     0.00389798
     0.00429046
     0.00468614
     0.00497120
     0.00523475
     0.00528964
     0.00512913
     0.00496914
     0.00436001
     0.00384247
     0.00360878
     0.00334771
     0.00308806
     0.00282983
     0.00257301
     0.00263623
     0.00276933
     0.00296474
     0.00316096
     0.00335799
     0.00333846
     0.00302891
     0.00274372
     0.00246026
     0.00225480
     0.00233430
     0.00241149
     0.00246188
     0.00245527
     0.00264429
     0.00287199
     0.00310079
     0.00333071
     0.00356174
     0.00311297
     0.00301040
     0.00301968
     0.00302897
     0.00311346
     0.00391250
     0.00441526
     0.00481161
     0.00513687
     0.00546429
     0.00579386
     0.00612561
     0.00636674
     0.00640789
     0.00644907
     0.00649705
     0.00660764
     0.00671848
     0.00682955
     0.00709213
     0.00697574
     0.00653111
     0.00587314
     0.00467597
     0.00331780
     0.00202369
     0.00082004
     0.00035212
     0.00149354
     0.00260496
     0.00368708
     0.00474062
     0.00418696
     0.00000000
     0.00000000
     0.00000000
     0.00000000
     0.00000000
     0.00000000
     0.00000000
     0.00000000
     0.00000000
     0.00000000
     0.00000000
     0.00000000
     0.00000000
     0.00000000
     0.00000000
     0.00000000
     0.00000000
     0.00000000
     0.00000000
     0.00000000
     0.00000000
     0.00000000
     0.00000000
     0.00000000
     0.00000000
     0.00000000
     0.00071468
     0.00123087
     0.00175626
     0.00228775
     0.00282539
     0.00332931
     0.00371859
     0.00410939
     0.00450337
     0.00483009
     0.00505216
     0.00531600
     0.00523847
     0.00507821
     0.00491847
     0.00442146
     0.00368857
     0.00354452
     0.00328394
     0.00302479
     0.00276705
     0.00251072
     0.00250942
     0.00268964
     0.00288461
     0.00308038
     0.00327697
     0.00328326
     0.00295156
     0.00265042
     0.00236769
     0.00215297
     0.00223225
     0.00231167
     0.00238364
     0.00262926
     0.00286315
     0.00309178
     0.00332152
     0.00355237
     0.00378435
     0.00365533
     0.00345976
     0.00346913
     0.00325802
     0.00302283
     0.00346175
     0.00394583
     0.00434197
     0.00470327
     0.00502764
     0.00535416
     0.00568283
     0.00601366
     0.00609371
     0.00613462
     0.00617556
     0.00627846
     0.00638852
     0.00649882
     0.00660936
     0.00651160
     0.00619580
     0.00551728
     0.00443320
     0.00308251
     0.00176934
     0.00055296
     0.00061150
     0.00174540
     0.00284947
     0.00392442
     0.00497097
     0.00443752
     0.00000000
     0.00000000
     0.00000000
     0.00000000
     0.00000000
     0.00000000
     0.00000000
     0.00000000
     0.00000000
     0.00000000
     0.00000000
     0.00000000
     0.00000000
     0.00000000
     0.00000000
     0.00000000
     0.00000000
     0.00000000
     0.00000000
     0.00000000
     0.00000000
     0.00000000
     0.00000000
     0.00000000
     0.00000000
     0.00000000
     0.00088479
     0.00140584
     0.00193295
     0.00246618
     0.00300558
     0.00347788
     0.00392913
     0.00432880
     0.00472393
     0.00493526
     0.00514750
     0.00539724
     0.00518735
     0.00502734
     0.00486785
     0.00448287
     0.00357792
     0.00339306
     0.00322028
     0.00296162
     0.00270437
     0.00244854
     0.00241642
     0.00261013
     0.00280465
     0.00299997
     0.00319612
     0.00322814
     0.00289702
     0.00256821
     0.00227536
     0.00205142
     0.00213048
     0.00220968
     0.00234606
     0.00278410
     0.00308272
     0.00331226
     0.00354296
     0.00377477
     0.00400769
     0.00414080
     0.00358028
     0.00331935
     0.00305984
     0.00280175
     0.00307485
     0.00348138
     0.00387349
     0.00426882
     0.00459524
     0.00491872
     0.00524433
     0.00557210
     0.00578175
     0.00582238
     0.00586305
     0.00595169
     0.00606098
     0.00617051
     0.00628028
     0.00613429
     0.00574002
     0.00516426
     0.00419183
     0.00284859
     0.00154268
     0.00028774
     0.00086906
     0.00199548
     0.00309225
     0.00416008
     0.00519968
     0.00468641
     0.00000000
     0.00000000
     0.00000000
     0.00000000
     0.00000000
     0.00000000
     0.00000000
     0.00000000
     0.00000000
     0.00000000
     0.00000000
     0.00000000
     0.00000000
     0.00000000
     0.00000000
     0.00000000
     0.00000000
     0.00000000
     0.00000000
     0.00000000
     0.00000000
     0.00000000
     0.00000000
     0.00000000
     0.00000000
     0.00000000
     0.00105849
     0.00158125
     0.00211008
     0.00264505
     0.00315466
     0.00362672
     0.00412728
     0.00460197
     0.00482884
     0.00504050
     0.00525308
     0.00538600
     0.00513630
     0.00497654
     0.00481730
     0.00454425
     0.00363866
     0.00324094
     0.00309966
     0.00289857
     0.00264182
     0.00238647
     0.00233753
     0.00253080
     0.00272488
     0.00291976
     0.00311546
     0.00317312
     0.00284256
     0.00251432
     0.00218838
     0.00195018
     0.00202902
     0.00210800
     0.00247536
     0.00292640
     0.00330303
     0.00353351
     0.00376516
     0.00386757
     0.00389324
     0.00391893
     0.00338065
     0.00312096
     0.00286268
     0.00260581
     0.00282692
     0.00302189
     0.00341000
     0.00380131
     0.00416706
     0.00448753
     0.00481011
     0.00513484
     0.00546170
     0.00551237
     0.00555277
     0.00562733
     0.00573586
     0.00584463
     0.00595363
     0.00583448
     0.00535394
     0.00481408
     0.00395189
     0.00261606
     0.00131738
     0.00005492
     0.00112479
     0.00224378
     0.00333329
     0.00439405
     0.00542673
     0.00493364
     0.00000000
     0.00000000
     0.00000000
     0.00000000
     0.00000000
     0.00000000
     0.00000000
     0.00000000
     0.00000000
     0.00000000
     0.00000000
     0.00000000
     0.00000000
     0.00000000
     0.00000000
     0.00000000
     0.00000000
     0.00000000
     0.00000000
     0.00000000
     0.00000000
     0.00000000
     0.00000000
     0.00000000
     0.00000000
     0.00000000
     0.00123260
     0.00175707
     0.00228763
     0.00282434
     0.00330253
     0.00381519
     0.00436363
     0.00472271
     0.00493380
     0.00514580
     0.00535872
     0.00535486
     0.00508530
     0.00492580
     0.00476681
     0.00460558
     0.00369936
     0.00308942
     0.00294868
     0.00280835
     0.00257937
     0.00234438
     0.00225882
     0.00245165
     0.00264529
     0.00283973
     0.00303498
     0.00311816
     0.00278818
     0.00246051
     0.00213512
     0.00184923
     0.00192785
     0.00215711
     0.00260482
     0.00305686
     0.00350623
     0.00354236
     0.00356786
     0.00359337
     0.00361888
     0.00364441
     0.00318203
     0.00292356
     0.00266651
     0.00241086
     0.00257013
     0.00261607
     0.00295145
     0.00333876
     0.00372926
     0.00406053
     0.00438012
     0.00470182
     0.00502564
     0.00520455
     0.00524467
     0.00530535
     0.00541312
     0.00552113
     0.00562938
     0.00551595
     0.00502647
     0.00454180
     0.00371336
     0.00238490
     0.00109340
     0.00016205
     0.00137873
     0.00249033
     0.00357264
     0.00462635
     0.00565217
     0.00517922
     0.00000000
     0.00000000
     0.00000000
     0.00000000
     0.00000000
     0.00000000
     0.00000000
     0.00000000
     0.00000000
     0.00000000
     0.00000000
     0.00000000
     0.00000000
     0.00000000
     0.00000000
     0.00000000
     0.00000000
     0.00000000
     0.00000000
     0.00000000
     0.00000000
     0.00000000
     0.00000000
     0.00000000
     0.00000000
     0.00000000
     0.00140714
     0.00193332
     0.00246562
     0.00298086
     0.00350542
     0.00407672
     0.00450871
     0.00479181
     0.00503883
     0.00525117
     0.00546442
     0.00533153
     0.00503440
     0.00487512
     0.00471638
     0.00455815
     0.00376002
     0.00293852
     0.00279830
     0.00265851
     0.00251702
     0.00233514
     0.00220395
     0.00237268
     0.00256588
     0.00275987
     0.00295468
     0.00306329
     0.00273388
     0.00240677
     0.00208195
     0.00178137
     0.00184137
     0.00228575
     0.00264690
     0.00289925
     0.00315297
     0.00327030
     0.00329565
     0.00332099
     0.00334635
     0.00337172
     0.00299166
     0.00272717
     0.00247134
     0.00221691
     0.00228634
     0.00233198
     0.00249780
     0.00288115
     0.00326766
     0.00363770
     0.00395431
     0.00427301
     0.00459383
     0.00489891
     0.00493877
     0.00498574
     0.00509277
     0.00520002
     0.00530751
     0.00518746
     0.00470147
     0.00422026
     0.00349076
     0.00215510
     0.00087076
     0.00037773
     0.00159125
     0.00273514
     0.00381027
     0.00485700
     0.00587599
     0.00542316
     0.00000000
     0.00000000
     0.00000000
     0.00000000
     0.00000000
     0.00000000
     0.00000000
     0.00000000
     0.00000000
     0.00000000
     0.00000000
     0.00000000
     0.00000000
     0.00000000
     0.00000000
     0.00000000
     0.00000000
     0.00000000
     0.00000000
     0.00000000
     0.00000000
     0.00000000
     0.00000000
     0.00000000
     0.00000000
     0.00000000
     0.00158209
     0.00211000
     0.00264403
     0.00319795
     0.00379177
     0.00428817
     0.00456983
     0.00485313
     0.00513808
     0.00535660
     0.00557019
     0.00530818
     0.00501164
     0.00482450
     0.00466601
     0.00450803
     0.00382064
     0.00293000
     0.00264853
     0.00250927
     0.00237364
     0.00232587
     0.00219478
     0.00229389
     0.00248665
     0.00268020
     0.00287457
     0.00300850
     0.00267965
     0.00235311
     0.00202886
     0.00172090
     0.00180402
     0.00205167
     0.00230066
     0.00255100
     0.00280269
     0.00298794
     0.00302525
     0.00305044
     0.00307563
     0.00310084
     0.00287160
     0.00253178
     0.00227717
     0.00202395
     0.00200456
     0.00204989
     0.00209526
     0.00242843
     0.00281099
     0.00319671
     0.00353266
     0.00384840
     0.00416622
     0.00448615
     0.00463504
     0.00467466
     0.00477477
     0.00488128
     0.00497912
     0.00486145
     0.00437893
     0.00390115
     0.00327153
     0.00194259
     0.00065107
     0.00059211
     0.00179888
     0.00297176
     0.00404622
     0.00508599
     0.00609820
     0.00566547
     0.00000000
     0.00000000
     0.00000000
     0.00000000
     0.00000000
     0.00000000
     0.00000000
     0.00000000
     0.00000000
     0.00000000
     0.00000000
     0.00000000
     0.00000000
     0.00000000
     0.00000000
     0.00000000
     0.00000000
     0.00000000
     0.00000000
     0.00000000
     0.00000000
     0.00000000
     0.00000000
     0.00000000
     0.00000000
     0.00000000
     0.00175747
     0.00228710
     0.00289275
     0.00350877
     0.00401368
     0.00434905
     0.00463091
     0.00491441
     0.00519956
     0.00546208
     0.00558650
     0.00528482
     0.00498887
     0.00477393
     0.00461569
     0.00445796
     0.00388122
     0.00298995
     0.00249936
     0.00236062
     0.00229234
     0.00230980
     0.00218557
     0.00221527
     0.00240759
     0.00260070
     0.00279463
     0.00295377
     0.00262550
     0.00225752
     0.00176971
     0.00137881
     0.00146468
     0.00171034
     0.00195734
     0.00220567
     0.00245535
     0.00270368
     0.00275665
     0.00278168
     0.00280671
     0.00283177
     0.00275193
     0.00233738
     0.00208397
     0.00183196
     0.00172477
     0.00176979
     0.00181487
     0.00198055
     0.00235919
     0.00274096
     0.00311512
     0.00342791
     0.00374278
     0.00405973
     0.00433345
     0.00437281
     0.00445911
     0.00456488
     0.00462701
     0.00453788
     0.00405880
     0.00358445
     0.00305350
     0.00173144
     0.00044663
     0.00080189
     0.00200527
     0.00317159
     0.00428049
     0.00531335
     0.00631882
     0.00590616
     0.00000000
     0.00000000
     0.00000000
     0.00000000
     0.00000000
     0.00000000
     0.00000000
     0.00000000
     0.00000000
     0.00000000
     0.00000000
     0.00000000
     0.00000000
     0.00000000
     0.00000000
     0.00000000
     0.00000000
     0.00000000
     0.00000000
     0.00000000
     0.00000000
     0.00000000
     0.00000000
     0.00000000
     0.00000000
     0.00000000
     0.00193327
     0.00255011
     0.00320696
     0.00372937
     0.00412947
     0.00440990
     0.00469196
     0.00497566
     0.00526101
     0.00554801
     0.00556283
     0.00526145
     0.00496609
     0.00472343
     0.00456544
     0.00440796
     0.00394177
     0.00304987
     0.00235080
     0.00221258
     0.00221125
     0.00222867
     0.00217634
     0.00213684
     0.00232872
     0.00252140
     0.00271488
     0.00278848
     0.00229533
     0.00180740
     0.00132463
     0.00113111
     0.00115200
     0.00137191
     0.00161693
     0.00186327
     0.00211095
     0.00235995
     0.00247444
     0.00251472
     0.00253960
     0.00256449
     0.00258940
     0.00214397
     0.00189177
     0.00164096
     0.00144697
     0.00149170
     0.00153647
     0.00158128
     0.00191224
     0.00229010
     0.00267109
     0.00301155
     0.00332348
     0.00363747
     0.00395355
     0.00407312
     0.00414580
     0.00425083
     0.00427777
     0.00421676
     0.00374111
     0.00327015
     0.00280383
     0.00152147
     0.00024334
     0.00099867
     0.00220548
     0.00337021
     0.00449732
     0.00553907
     0.00653784
     0.00614525
     0.00000000
     0.00000000
     0.00000000
     0.00000000
     0.00000000
     0.00000000
     0.00000000
     0.00000000
     0.00000000
     0.00000000
     0.00000000
     0.00000000
     0.00000000
     0.00000000
     0.00000000
     0.00000000
     0.00000000
     0.00000000
     0.00000000
     0.00000000
     0.00000000
     0.00000000
     0.00000000
     0.00000000
     0.00000000
     0.00000000
     0.00218749
     0.00290196
     0.00344699
     0.00391108
     0.00419008
     0.00447071
     0.00475297
     0.00503687
     0.00532242
     0.00560962
     0.00553915
     0.00523807
     0.00494329
     0.00467298
     0.00451962
     0.00440016
     0.00407091
     0.00317439
     0.00229460
     0.00212305
     0.00210630
     0.00212482
     0.00214335
     0.00210078
     0.00227825
     0.00228748
     0.00229671
     0.00231781
     0.00184503
     0.00136214
     0.00105403
     0.00088501
     0.00085113
     0.00103633
     0.00127938
     0.00152376
     0.00176946
     0.00201646
     0.00219381
     0.00224652
     0.00227426
     0.00229900
     0.00232375
     0.00195155
     0.00170055
     0.00145093
     0.00117114
     0.00121556
     0.00126004
     0.00130455
     0.00147006
     0.00184406
     0.00222114
     0.00259926
     0.00290827
     0.00321934
     0.00353246
     0.00377556
     0.00383480
     0.00390883
     0.00393135
     0.00389806
     0.00342581
     0.00295822
     0.00249524
     0.00131267
     0.00004117
     0.00119436
     0.00239486
     0.00356123
     0.00468843
     0.00576318
     0.00675529
     0.00638273
     0.00000000
     0.00000000
     0.00000000
     0.00000000
     0.00000000
     0.00000000
     0.00000000
     0.00000000
     0.00000000
     0.00000000
     0.00000000
     0.00000000
     0.00000000
     0.00000000
     0.00000000
     0.00000000
     0.00000000
     0.00000000
     0.00000000
     0.00000000
     0.00000000
     0.00000000
     0.00000000
     0.00000000
     0.00000000
     0.00000000
     0.00254704
     0.00316656
     0.00366699
     0.00397145
     0.00425066
     0.00453148
     0.00481394
     0.00509804
     0.00538379
     0.00567120
     0.00551545
     0.00521468
     0.00492048
     0.00467217
     0.00453899
     0.00441955
     0.00420641
     0.00330785
     0.00242607
     0.00204760
     0.00199450
     0.00201296
     0.00195485
     0.00182321
     0.00183234
     0.00184148
     0.00185062
     0.00185976
     0.00139959
     0.00097712
     0.00080849
     0.00064050
     0.00055259
     0.00070360
     0.00094470
     0.00118711
     0.00143084
     0.00167587
     0.00191515
     0.00196751
     0.00201070
     0.00203528
     0.00205987
     0.00176010
     0.00151030
     0.00122827
     0.00089726
     0.00094139
     0.00098557
     0.00102979
     0.00107405
     0.00140279
     0.00177601
     0.00215231
     0.00249713
     0.00280529
     0.00311549
     0.00342776
     0.00352610
     0.00356540
     0.00358775
     0.00358176
     0.00311289
     0.00264865
     0.00218900
     0.00110502
     0.00015986
     0.00138895
     0.00258317
     0.00374342
     0.00487060
     0.00596137
     0.00697118
     0.00661863
     0.00000000
     0.00000000
     0.00000000
     0.00000000
     0.00000000
     0.00000000
     0.00000000
     0.00000000
     0.00000000
     0.00000000
     0.00000000
     0.00000000
     0.00000000
     0.00000000
     0.00000000
     0.00000000
     0.00000000
     0.00000000
     0.00000000
     0.00000000
     0.00000000
     0.00000000
     0.00000000
     0.00000000
     0.00000000
     0.00000000
     0.00288620
     0.00338524
     0.00375401
     0.00403179
     0.00431119
     0.00459222
     0.00487488
     0.00515918
     0.00544513
     0.00564951
     0.00546240
     0.00520880
     0.00496591
     0.00471933
     0.00455830
     0.00443888
     0.00431975
     0.00344150
     0.00255771
     0.00197231
     0.00174112
     0.00159820
     0.00145572
     0.00138217
     0.00139122
     0.00140026
     0.00140930
     0.00141835
     0.00095898
     0.00073215
     0.00056455
     0.00039758
     0.00025636
     0.00037919
     0.00061285
     0.00085332
     0.00109510
     0.00133816
     0.00158259
     0.00169047
     0.00174254
     0.00177332
     0.00179776
     0.00156964
     0.00132102
     0.00099803
     0.00062534
     0.00066917
     0.00071305
     0.00075698
     0.00080094
     0.00096626
     0.00133565
     0.00170810
     0.00208363
     0.00239530
     0.00270261
     0.00301195
     0.00320904
     0.00322478
     0.00324695
     0.00326786
     0.00280235
     0.00234144
     0.00188508
     0.00087460
     0.00035976
     0.00158244
     0.00277041
     0.00392458
     0.00504583
     0.00613502
     0.00718550
     0.00685295
     0.00000000
     0.00000000
     0.00000000
     0.00000000
     0.00000000
     0.00000000
     0.00000000
     0.00000000
     0.00000000
     0.00000000
     0.00000000
     0.00000000
     0.00000000
     0.00000000
     0.00000000
     0.00000000
     0.00000000
     0.00000000
     0.00000000
     0.00000000
     0.00000000
     0.00000000
     0.00000000
     0.00000000
     0.00000000
     0.00000000
     0.00310543
     0.00353774
     0.00381412
     0.00409210
     0.00437170
     0.00465292
     0.00493578
     0.00522028
     0.00550643
     0.00559194
     0.00542941
     0.00525630
     0.00501312
     0.00476644
     0.00457755
     0.00445815
     0.00433903
     0.00352959
     0.00248664
     0.00152341
     0.00124470
     0.00110341
     0.00096258
     0.00094419
     0.00095483
     0.00096378
     0.00097273
     0.00098168
     0.00067388
     0.00048878
     0.00032220
     0.00015624
     0.00000908
     0.00008436
     0.00028383
     0.00052236
     0.00076220
     0.00100333
     0.00124578
     0.00141538
     0.00146711
     0.00151312
     0.00153741
     0.00140959
     0.00113271
     0.00076920
     0.00035535
     0.00039889
     0.00044248
     0.00048611
     0.00052978
     0.00057349
     0.00090002
     0.00126865
     0.00164033
     0.00198934
     0.00229376
     0.00260022
     0.00286825
     0.00288692
     0.00290893
     0.00293094
     0.00249416
     0.00203656
     0.00158348
     0.00064009
     0.00055855
     0.00177484
     0.00295660
     0.00410471
     0.00522006
     0.00630350
     0.00735588
     0.00708570
     0.00000000
     0.00000000
     0.00000000
     0.00000000
     0.00000000
     0.00000000
     0.00000000
     0.00000000
     0.00000000
     0.00000000
     0.00000000
     0.00000000
     0.00000000
     0.00000000
     0.00000000
     0.00000000
     0.00000000
     0.00000000
     0.00000000
     0.00000000
     0.00000000
     0.00000000
     0.00000000
     0.00000000
     0.00000000
     0.00000000
     0.00332265
     0.00359762
     0.00387419
     0.00415236
     0.00443216
     0.00471358
     0.00499664
     0.00528134
     0.00556770
     0.00556844
     0.00543129
     0.00529453
     0.00506029
     0.00481350
     0.00459675
     0.00436411
     0.00408194
     0.00327614
     0.00223936
     0.00122543
     0.00076262
     0.00061457
     0.00047535
     0.00047329
     0.00052313
     0.00053199
     0.00054085
     0.00056867
     0.00045263
     0.00024698
     0.00008141
     0.00008353
     0.00024785
     0.00020819
     0.00004241
     0.00019421
     0.00043212
     0.00067132
     0.00091182
     0.00114223
     0.00119361
     0.00124506
     0.00127880
     0.00129462
     0.00094537
     0.00054177
     0.00011082
     0.00013054
     0.00017383
     0.00021717
     0.00026055
     0.00030397
     0.00046907
     0.00083392
     0.00120178
     0.00157269
     0.00188893
     0.00218910
     0.00243140
     0.00255183
     0.00257366
     0.00259551
     0.00218832
     0.00173399
     0.00128417
     0.00040705
     0.00075622
     0.00196616
     0.00314173
     0.00428381
     0.00539329
     0.00647102
     0.00751784
     0.00730180
     0.00000000
     0.00000000
     0.00000000
     0.00000000
     0.00000000
     0.00000000
     0.00000000
     0.00000000
     0.00000000
     0.00000000
     0.00000000
     0.00000000
     0.00000000
     0.00000000
     0.00000000
     0.00000000
     0.00000000
     0.00000000
     0.00000000
     0.00000000
     0.00000000
     0.00000000
     0.00000000
     0.00000000
     0.00000000
     0.00000000
     0.00338230
     0.00365746
     0.00393422
     0.00421260
     0.00449259
     0.00477421
     0.00505747
     0.00534376
     0.00567315
     0.00557021
     0.00543313
     0.00529643
     0.00509097
     0.00467365
     0.00427174
     0.00399027
     0.00371044
     0.00302429
     0.00199363
     0.00098570
     0.00030732
     0.00013160
     0.00000601
     0.00000789
     0.00009608
     0.00010485
     0.00011361
     0.00032216
     0.00023270
     0.00000676
     0.00015781
     0.00032174
     0.00048506
     0.00049846
     0.00036587
     0.00013115
     0.00010485
     0.00034212
     0.00058069
     0.00082056
     0.00092205
     0.00097315
     0.00102193
     0.00104592
     0.00074845
     0.00031573
     0.00011275
     0.00013590
     0.00009289
     0.00004985
     0.00000676
     0.00003637
     0.00007954
     0.00040386
     0.00076794
     0.00113505
     0.00148808
     0.00175920
     0.00199909
     0.00221947
     0.00224114
     0.00226281
     0.00188479
     0.00143374
     0.00098715
     0.00017547
     0.00097157
     0.00215640
     0.00332581
     0.00446190
     0.00556553
     0.00663758
     0.00767886
     0.00748366
     0.00000000
     0.00000000
     0.00000000
     0.00000000
     0.00000000
     0.00000000
     0.00000000
     0.00000000
     0.00000000
     0.00000000
     0.00000000
     0.00000000
     0.00000000
     0.00000000
     0.00000000
     0.00000000
     0.00000000
     0.00000000
     0.00000000
     0.00000000
     0.00000000
     0.00000000
     0.00000000
     0.00000000
     0.00000000
     0.00000000
     0.00344191
     0.00371726
     0.00399422
     0.00427279
     0.00455298
     0.00483481
     0.00513430
     0.00546212
     0.00570932
     0.00557193
     0.00535138
     0.00504937
     0.00472653
     0.00431253
     0.00390205
     0.00361969
     0.00334218
     0.00277402
     0.00174945
     0.00074750
     0.00014282
     0.00034556
     0.00048158
     0.00045208
     0.00032637
     0.00031769
     0.00021742
     0.00007728
     0.00001409
     0.00021839
     0.00039547
     0.00055841
     0.00072073
     0.00078648
     0.00066687
     0.00045374
     0.00021965
     0.00001571
     0.00025237
     0.00049031
     0.00065241
     0.00070317
     0.00075399
     0.00079062
     0.00052132
     0.00009108
     0.00033496
     0.00040043
     0.00035772
     0.00031496
     0.00027216
     0.00022932
     0.00018644
     0.00002157
     0.00033877
     0.00070210
     0.00106844
     0.00133377
     0.00157128
     0.00181004
     0.00191133
     0.00193284
     0.00158358
     0.00113577
     0.00069239
     0.00005466
     0.00119496
     0.00234557
     0.00350885
     0.00463896
     0.00573679
     0.00680317
     0.00783894
     0.00766455
     0.00000000
     0.00000000
     0.00000000
     0.00000000
     0.00000000
     0.00000000
     0.00000000
     0.00000000
     0.00000000
     0.00000000
     0.00000000
     0.00000000
     0.00000000
     0.00000000
     0.00000000
     0.00000000
     0.00000000
     0.00000000
     0.00000000
     0.00000000
     0.00000000
     0.00000000
     0.00000000
     0.00000000
     0.00000000
     0.00000000
     0.00350147
     0.00377702
     0.00405418
     0.00433294
     0.00461333
     0.00492589
     0.00525215
     0.00558058
     0.00555911
     0.00525599
     0.00495472
     0.00465531
     0.00435062
     0.00395442
     0.00354722
     0.00325232
     0.00297712
     0.00252531
     0.00150680
     0.00051079
     0.00046317
     0.00081698
     0.00095143
     0.00090669
     0.00074427
     0.00073568
     0.00045887
     0.00016599
     0.00020323
     0.00043440
     0.00063159
     0.00079354
     0.00095487
     0.00107227
     0.00095354
     0.00077360
     0.00054139
     0.00030791
     0.00007316
     0.00016286
     0.00038466
     0.00043509
     0.00048557
     0.00053611
     0.00029557
     0.00013221
     0.00055581
     0.00066309
     0.00062066
     0.00057819
     0.00053568
     0.00049312
     0.00045053
     0.00040789
     0.00008579
     0.00027381
     0.00061790
     0.00091276
     0.00114791
     0.00138430
     0.00158421
     0.00160555
     0.00128465
     0.00084006
     0.00039988
     0.00028335
     0.00141695
     0.00253368
     0.00369086
     0.00481503
     0.00590707
     0.00696782
     0.00799811
     0.00784448
     0.00000000
     0.00000000
     0.00000000
     0.00000000
     0.00000000
     0.00000000
     0.00000000
     0.00000000
     0.00000000
     0.00000000
     0.00000000
     0.00000000
     0.00000000
     0.00000000
     0.00000000
     0.00000000
     0.00000000
     0.00000000
     0.00000000
     0.00000000
     0.00000000
     0.00000000
     0.00000000
     0.00000000
     0.00000000
     0.00000000
     0.00356100
     0.00383675
     0.00411410
     0.00439602
     0.00471856
     0.00499144
     0.00515218
     0.00531345
     0.00516085
     0.00486033
     0.00456165
     0.00426480
     0.00396241
     0.00359933
     0.00319538
     0.00288818
     0.00261525
     0.00227818
     0.00126570
     0.00027560
     0.00069258
     0.00128269
     0.00141559
     0.00135596
     0.00119431
     0.00098781
     0.00069872
     0.00040765
     0.00041923
     0.00064910
     0.00086617
     0.00102712
     0.00118747
     0.00134721
     0.00123796
     0.00109072
     0.00086038
     0.00062878
     0.00039592
     0.00016179
     0.00007361
     0.00016891
     0.00021906
     0.00026926
     0.00007121
     0.00035412
     0.00077529
     0.00092386
     0.00088171
     0.00083953
     0.00079730
     0.00075503
     0.00071272
     0.00067037
     0.00050576
     0.00014987
     0.00016645
     0.00046997
     0.00072896
     0.00096300
     0.00122827
     0.00128096
     0.00098801
     0.00054662
     0.00010961
     0.00051060
     0.00163753
     0.00273475
     0.00387182
     0.00499009
     0.00607637
     0.00713152
     0.00815635
     0.00802346
     0.00000000
     0.00000000
     0.00000000
     0.00000000
     0.00000000
     0.00000000
     0.00000000
     0.00000000
     0.00000000
     0.00000000
     0.00000000
     0.00000000
     0.00000000
     0.00000000
     0.00000000
     0.00000000
     0.00000000
     0.00000000
     0.00000000
     0.00000000
     0.00000000
     0.00000000
     0.00000000
     0.00000000
     0.00000000
     0.00000000
     0.00362050
     0.00389645
     0.00419127
     0.00439487
     0.00455357
     0.00471278
     0.00487252
     0.00503279
     0.00476617
     0.00446822
     0.00417210
     0.00387780
     0.00357771
     0.00324722
     0.00284649
     0.00252721
     0.00225656
     0.00198749
     0.00102612
     0.00004189
     0.00092052
     0.00174202
     0.00187414
     0.00179996
     0.00158443
     0.00122428
     0.00093698
     0.00064771
     0.00063393
     0.00086252
     0.00108988
     0.00125919
     0.00141856
     0.00157732
     0.00152017
     0.00140284
     0.00117664
     0.00094691
     0.00071593
     0.00048369
     0.00025018
     0.00009538
     0.00004557
     0.00000311
     0.00015642
     0.00057468
     0.00099343
     0.00118276
     0.00114090
     0.00109899
     0.00105705
     0.00101507
     0.00097304
     0.00093097
     0.00088886
     0.00057803
     0.00027987
     0.00002036
     0.00031439
     0.00054610
     0.00079088
     0.00095902
     0.00069363
     0.00025542
     0.00017843
     0.00073642
     0.00185672
     0.00294747
     0.00405176
     0.00516414
     0.00624470
     0.00729426
     0.00831367
     0.00820148
     0.00000000
     0.00000000
     0.00000000
     0.00000000
     0.00000000
     0.00000000
     0.00000000
     0.00000000
     0.00000000
     0.00000000
     0.00000000
     0.00000000
     0.00000000
     0.00000000
     0.00000000
     0.00000000
     0.00000000
     0.00000000
     0.00000000
     0.00000000
     0.00000000
     0.00000000
     0.00000000
     0.00000000
     0.00000000
     0.00000000
     0.00366151
     0.00380618
     0.00396285
     0.00412004
     0.00427774
     0.00443597
     0.00459471
     0.00467224
     0.00437503
     0.00407965
     0.00378607
     0.00349430
     0.00319648
     0.00289475
     0.00250055
     0.00216940
     0.00190100
     0.00163417
     0.00078805
     0.00019033
     0.00114702
     0.00208245
     0.00232713
     0.00223875
     0.00185752
     0.00145917
     0.00117366
     0.00088619
     0.00084734
     0.00107465
     0.00130074
     0.00148974
     0.00164813
     0.00180593
     0.00180018
     0.00168371
     0.00149021
     0.00126234
     0.00103322
     0.00080285
     0.00057122
     0.00035780
     0.00030831
     0.00030999
     0.00042570
     0.00079668
     0.00121022
     0.00143980
     0.00139822
     0.00135660
     0.00131494
     0.00127324
     0.00123149
     0.00118971
     0.00114788
     0.00101606
     0.00072114
     0.00042417
     0.00012512
     0.00013355
     0.00036416
     0.00063973
     0.00040150
     0.00003355
     0.00046427
     0.00096082
     0.00207452
     0.00315883
     0.00423068
     0.00533721
     0.00641206
     0.00745607
     0.00847007
     0.00837856
     0.00000000
     0.00000000
     0.00000000
     0.00000000
     0.00000000
     0.00000000
     0.00000000
     0.00000000
     0.00000000
     0.00000000
     0.00000000
     0.00000000
     0.00000000
     0.00000000
     0.00000000
     0.00000000
     0.00000000
     0.00000000
     0.00000000
     0.00000000
     0.00000000
     0.00000000
     0.00000000
     0.00000000
     0.00000000
     0.00000000
     0.00337994
     0.00353512
     0.00369081
     0.00384701
     0.00400373
     0.00416097
     0.00431873
     0.00428207
     0.00398741
     0.00369456
     0.00340351
     0.00311424
     0.00281868
     0.00251955
     0.00215750
     0.00181471
     0.00154855
     0.00128394
     0.00055148
     0.00042108
     0.00137207
     0.00230192
     0.00277464
     0.00255064
     0.00212854
     0.00170205
     0.00140878
     0.00112309
     0.00105948
     0.00128552
     0.00151033
     0.00171879
     0.00187621
     0.00203305
     0.00207801
     0.00196240
     0.00180111
     0.00157507
     0.00134780
     0.00111929
     0.00088953
     0.00065852
     0.00056921
     0.00061439
     0.00072922
     0.00102734
     0.00142673
     0.00169501
     0.00165371
     0.00161237
     0.00157099
     0.00152957
     0.00148811
     0.00144660
     0.00140520
     0.00141896
     0.00115741
     0.00086365
     0.00056785
     0.00027469
     0.00004639
     0.00023086
     0.00011159
     0.00032032
     0.00074793
     0.00118381
     0.00229095
     0.00336887
     0.00441825
     0.00550929
     0.00657847
     0.00761696
     0.00862558
     0.00855470
     0.00000000
     0.00000000
     0.00000000
     0.00000000
     0.00000000
     0.00000000
     0.00000000
     0.00000000
     0.00000000
     0.00000000
     0.00000000
     0.00000000
     0.00000000
     0.00000000
     0.00000000
     0.00000000
     0.00000000
     0.00000000
     0.00000000
     0.00000000
     0.00000000
     0.00000000
     0.00000000
     0.00000000
     0.00000000
     0.00000000
     0.00311165
     0.00326586
     0.00342058
     0.00357581
     0.00373155
     0.00388780
     0.00404457
     0.00389541
     0.00360329
     0.00331295
     0.00302441
     0.00273763
     0.00244432
     0.00214777
     0.00181737
     0.00146314
     0.00119920
     0.00093680
     0.00031642
     0.00065036
     0.00159568
     0.00251998
     0.00320083
     0.00281654
     0.00239747
     0.00197404
     0.00164233
     0.00135841
     0.00127034
     0.00149510
     0.00171866
     0.00194101
     0.00210280
     0.00225867
     0.00235366
     0.00223890
     0.00210934
     0.00188513
     0.00165969
     0.00143302
     0.00120512
     0.00097597
     0.00082824
     0.00091631
     0.00103025
     0.00125651
     0.00165348
     0.00194898
     0.00190736
     0.00186630
     0.00182520
     0.00178405
     0.00174287
     0.00170164
     0.00168366
     0.00169732
     0.00158870
     0.00129814
     0.00100555
     0.00071092
     0.00045262
     0.00019556
     0.00017609
     0.00060488
     0.00102940
     0.00144969
     0.00250601
     0.00357755
     0.00462073
     0.00568038
     0.00674391
     0.00777691
     0.00878018
     0.00872990
     0.00000000
     0.00000000
     0.00000000
     0.00000000
     0.00000000
     0.00000000
     0.00000000
     0.00000000
     0.00000000
     0.00000000
     0.00000000
     0.00000000
     0.00000000
     0.00000000
     0.00000000
     0.00000000
     0.00000000
     0.00000000
     0.00000000
     0.00000000
     0.00000000
     0.00000000
     0.00000000
     0.00000000
     0.00000000
     0.00000000
     0.00284514
     0.00299838
     0.00315213
     0.00330639
     0.00346116
     0.00361644
     0.00377223
     0.00351225
     0.00322263
     0.00293480
     0.00264873
     0.00236443
     0.00207335
     0.00177936
     0.00148010
     0.00111466
     0.00085291
     0.00059271
     0.00008285
     0.00087818
     0.00181787
     0.00273665
     0.00339555
     0.00308039
     0.00266434
     0.00224396
     0.00187433
     0.00159218
     0.00147993
     0.00170343
     0.00192573
     0.00214683
     0.00232789
     0.00248281
     0.00262716
     0.00251325
     0.00239901
     0.00219253
     0.00196892
     0.00174408
     0.00151801
     0.00129071
     0.00110239
     0.00121576
     0.00132882
     0.00148419
     0.00187876
     0.00221244
     0.00216337
     0.00211840
     0.00207757
     0.00203671
     0.00199580
     0.00195485
     0.00195996
     0.00197353
     0.00198708
     0.00172768
     0.00143828
     0.00114685
     0.00085460
     0.00061734
     0.00050022
     0.00088726
     0.00130871
     0.00172595
     0.00271970
     0.00378491
     0.00482191
     0.00585049
     0.00690840
     0.00793593
     0.00893388
     0.00890417
     0.00000000
     0.00000000
     0.00000000
     0.00000000
     0.00000000
     0.00000000
     0.00000000
     0.00000000
     0.00000000
     0.00000000
     0.00000000
     0.00000000
     0.00000000
     0.00000000
     0.00000000
     0.00000000
     0.00000000
     0.00000000
     0.00000000
     0.00000000
     0.00000000
     0.00000000
     0.00000000
     0.00000000
     0.00000000
     0.00000000
     0.00259499
     0.00273268
     0.00288547
     0.00303877
     0.00319257
     0.00334687
     0.00342143
     0.00313253
     0.00284541
     0.00256006
     0.00227646
     0.00199461
     0.00170574
     0.00141429
     0.00112473
     0.00076924
     0.00050968
     0.00025164
     0.00014924
     0.00110455
     0.00203863
     0.00286664
     0.00339390
     0.00334222
     0.00292917
     0.00251181
     0.00210479
     0.00182439
     0.00168825
     0.00191049
     0.00213154
     0.00235141
     0.00255151
     0.00270548
     0.00285886
     0.00278544
     0.00267204
     0.00249730
     0.00227549
     0.00205247
     0.00182823
     0.00160276
     0.00144156
     0.00151277
     0.00162497
     0.00171040
     0.00210258
     0.00247392
     0.00242520
     0.00237642
     0.00232814
     0.00228755
     0.00224692
     0.00222066
     0.00223412
     0.00224759
     0.00226105
     0.00215233
     0.00186607
     0.00157781
     0.00128754
     0.00102966
     0.00089433
     0.00116746
     0.00158587
     0.00200009
     0.00293204
     0.00399095
     0.00502180
     0.00602527
     0.00707195
     0.00809403
     0.00908668
     0.00907751
     0.00000000
     0.00000000
     0.00000000
     0.00000000
     0.00000000
     0.00000000
     0.00000000
     0.00000000
     0.00000000
     0.00000000
     0.00000000
     0.00000000
     0.00000000
     0.00000000
     0.00000000
     0.00000000
     0.00000000
     0.00000000
     0.00000000
     0.00000000
     0.00000000
     0.00000000
     0.00000000
     0.00000000
     0.00000000
     0.00000000
     0.00236609
     0.00246876
     0.00262059
     0.00277293
     0.00292576
     0.00307910
     0.00304267
     0.00275626
     0.00247161
     0.00218872
     0.00190757
     0.00162815
     0.00134148
     0.00105256
     0.00076550
     0.00043555
     0.00016947
     0.00008640
     0.00037984
     0.00132946
     0.00225797
     0.00292730
     0.00337346
     0.00355149
     0.00319195
     0.00277760
     0.00235893
     0.00205505
     0.00189531
     0.00211630
     0.00233611
     0.00255473
     0.00277218
     0.00292668
     0.00307912
     0.00305550
     0.00294293
     0.00279946
     0.00257944
     0.00235821
     0.00213578
     0.00191214
     0.00180437
     0.00180735
     0.00191868
     0.00194912
     0.00232494
     0.00271104
     0.00268506
     0.00263662
     0.00258813
     0.00253957
     0.00249622
     0.00249278
     0.00250615
     0.00251951
     0.00253288
     0.00254623
     0.00228898
     0.00200386
     0.00171675
     0.00142762
     0.00128436
     0.00144551
     0.00186088
     0.00227210
     0.00314302
     0.00419567
     0.00522040
     0.00621791
     0.00723454
     0.00825121
     0.00923859
     0.00924992
     0.00008005
     0.00000000
     0.00000000
     0.00000000
     0.00000000
     0.00000000
     0.00000000
     0.00000000
     0.00000000
     0.00000000
     0.00000000
     0.00000000
     0.00000000
     0.00000000
     0.00000000
     0.00000000
     0.00000000
     0.00000000
     0.00000000
     0.00000000
     0.00000000
     0.00000000
     0.00000000
     0.00000000
     0.00000000
     0.00000000
     0.00213852
     0.00220658
     0.00235746
     0.00250884
     0.00266072
     0.00281310
     0.00266733
     0.00238338
     0.00210119
     0.00182074
     0.00154201
     0.00126501
     0.00098053
     0.00069410
     0.00040953
     0.00010983
     0.00016774
     0.00042148
     0.00067372
     0.00155296
     0.00232602
     0.00298785
     0.00335310
     0.00359062
     0.00345273
     0.00304136
     0.00262570
     0.00228418
     0.00210113
     0.00232088
     0.00253945
     0.00275684
     0.00297307
     0.00314644
     0.00329795
     0.00332345
     0.00321171
     0.00309901
     0.00288077
     0.00266135
     0.00244072
     0.00225884
     0.00216364
     0.00209953
     0.00221000
     0.00232017
     0.00254587
     0.00292963
     0.00294298
     0.00289488
     0.00284673
     0.00279851
     0.00275597
     0.00276280
     0.00277607
     0.00278934
     0.00280260
     0.00281586
     0.00270708
     0.00242506
     0.00214107
     0.00185510
     0.00167037
     0.00181719
     0.00213379
     0.00254203
     0.00335268
     0.00439909
     0.00541775
     0.00640932
     0.00739621
     0.00840749
     0.00938962
     0.00942142
     0.00024658
     0.00000000
     0.00000000
     0.00000000
     0.00000000
     0.00000000
     0.00000000
     0.00000000
     0.00000000
     0.00000000
     0.00000000
     0.00000000
     0.00000000
     0.00000000
     0.00000000
     0.00000000
     0.00000000
     0.00000000
     0.00000000
     0.00000000
     0.00000000
     0.00000000
     0.00000000
     0.00000000
     0.00000000
     0.00000000
     0.00191229
     0.00197313
     0.00209608
     0.00224651
     0.00239744
     0.00254886
     0.00229537
     0.00201388
     0.00173412
     0.00145609
     0.00117978
     0.00090517
     0.00062286
     0.00033892
     0.00005681
     0.00022346
     0.00050199
     0.00075360
     0.00100373
     0.00171652
     0.00238786
     0.00302490
     0.00333279
     0.00362970
     0.00370660
     0.00330309
     0.00289043
     0.00251180
     0.00230571
     0.00252422
     0.00274156
     0.00295773
     0.00317273
     0.00336475
     0.00351533
     0.00358930
     0.00347838
     0.00336716
     0.00317953
     0.00296188
     0.00274304
     0.00261368
     0.00251936
     0.00242483
     0.00249894
     0.00260826
     0.00276536
     0.00314679
     0.00319896
     0.00315120
     0.00310339
     0.00305551
     0.00303538
     0.00303994
     0.00304450
     0.00305706
     0.00307023
     0.00308339
     0.00309655
     0.00284145
     0.00256056
     0.00227770
     0.00205866
     0.00219776
     0.00240459
     0.00280987
     0.00356100
     0.00460122
     0.00561382
     0.00659950
     0.00755890
     0.00856286
     0.00953977
     0.00959201
     0.00041222
     0.00000000
     0.00000000
     0.00000000
     0.00000000
     0.00000000
     0.00000000
     0.00000000
     0.00000000
     0.00000000
     0.00000000
     0.00000000
     0.00000000
     0.00000000
     0.00000000
     0.00000000
     0.00000000
     0.00000000
     0.00000000
     0.00000000
     0.00000000
     0.00000000
     0.00000000
     0.00000000
     0.00000000
     0.00000000
     0.00168740
     0.00174790
     0.00183644
     0.00198593
     0.00213591
     0.00220760
     0.00192680
     0.00164774
     0.00137040
     0.00109477
     0.00082084
     0.00054861
     0.00026846
     0.00001302
     0.00029268
     0.00057052
     0.00083327
     0.00108277
     0.00133080
     0.00177967
     0.00244956
     0.00300468
     0.00331253
     0.00361800
     0.00374549
     0.00356281
     0.00315312
     0.00273916
     0.00250904
     0.00272633
     0.00294244
     0.00315739
     0.00337118
     0.00358162
     0.00373127
     0.00385305
     0.00374295
     0.00363255
     0.00347571
     0.00325982
     0.00305822
     0.00296501
     0.00287158
     0.00277793
     0.00278550
     0.00289398
     0.00298342
     0.00336254
     0.00345301
     0.00340559
     0.00335811
     0.00331057
     0.00331253
     0.00331705
     0.00332157
     0.00332609
     0.00333577
     0.00334883
     0.00336190
     0.00325307
     0.00297524
     0.00269547
     0.00246860
     0.00257438
     0.00271780
     0.00307563
     0.00376799
     0.00480204
     0.00580863
     0.00678844
     0.00774212
     0.00871732
     0.00968904
     0.00976168
     0.00057698
     0.00000000
     0.00000000
     0.00000000
     0.00000000
     0.00000000
     0.00000000
     0.00000000
     0.00000000
     0.00000000
     0.00000000
     0.00000000
     0.00000000
     0.00000000
     0.00000000
     0.00000000
     0.00000000
     0.00000000
     0.00000000
     0.00000000
     0.00000000
     0.00000000
     0.00000000
     0.00000000
     0.00000000
     0.00000000
     0.00146384
     0.00152401
     0.00158425
     0.00172709
     0.00187613
     0.00183994
     0.00156157
     0.00128492
     0.00100997
     0.00073673
     0.00046518
     0.00019530
     0.00008270
     0.00036174
     0.00063897
     0.00091440
     0.00116162
     0.00140903
     0.00153153
     0.00184268
     0.00251114
     0.00298452
     0.00329233
     0.00359776
     0.00378435
     0.00382053
     0.00341379
     0.00300282
     0.00271115
     0.00292721
     0.00314210
     0.00335584
     0.00356842
     0.00377986
     0.00394579
     0.00409396
     0.00400544
     0.00389585
     0.00376934
     0.00355520
     0.00340522
     0.00331288
     0.00322032
     0.00312755
     0.00306971
     0.00317735
     0.00320005
     0.00357687
     0.00370515
     0.00365806
     0.00361091
     0.00358294
     0.00358743
     0.00359192
     0.00359641
     0.00360089
     0.00360538
     0.00361221
     0.00362517
     0.00363814
     0.00338519
     0.00310846
     0.00286472
     0.00296009
     0.00308909
     0.00333933
     0.00397366
     0.00500158
     0.00600220
     0.00697617
     0.00792416
     0.00887089
     0.00983744
     0.00993045
     0.00074086
     0.00000000
     0.00000000
     0.00000000
     0.00000000
     0.00000000
     0.00000000
     0.00000000
     0.00000000
     0.00000000
     0.00000000
     0.00000000
     0.00000000
     0.00000000
     0.00000000
     0.00000000
     0.00000000
     0.00000000
     0.00000000
     0.00000000
     0.00000000
     0.00000000
     0.00000000
     0.00000000
     0.00000000
     0.95759385
     0.00124160
     0.00130143
     0.00136134
     0.00146997
     0.00161808
     0.00147562
     0.00119966
     0.00092540
     0.00065283
     0.00038195
     0.00011275
     0.00015479
     0.00043066
     0.00070727
     0.00098209
     0.00125513
     0.00148706
     0.00170302
     0.00169590
     0.00190557
     0.00257259
     0.00296442
     0.00327219
     0.00357758
     0.00382315
     0.00389952
     0.00367246
     0.00326445
     0.00291361
     0.00312687
     0.00334055
     0.00355309
     0.00376447
     0.00397472
     0.00415890
     0.00430615
     0.00426587
     0.00415709
     0.00404800
     0.00384804
     0.00374879
     0.00365732
     0.00356563
     0.00347372
     0.00338160
     0.00345840
     0.00341528
     0.00378981
     0.00395539
     0.00390863
     0.00386182
     0.00385566
     0.00386011
     0.00386457
     0.00386902
     0.00387347
     0.00387792
     0.00388238
     0.00388683
     0.00389927
     0.00379043
     0.00351673
     0.00325650
     0.00336278
     0.00345652
     0.00360099
     0.00417803
     0.00519985
     0.00619451
     0.00716269
     0.00810502
     0.00902356
     0.00998497
     0.01009832
     0.00090386
     0.00000000
     0.00000000
     0.00000000
     0.00000000
     0.00000000
     0.00000000
     0.00000000
     0.00000000
     0.00000000
     0.00000000
     0.00000000
     0.00000000
     0.00000000
     0.00000000
     0.00000000
     0.00000000
     0.00000000
     0.00000000
     0.00000000
     0.00000000
     0.00000000
     0.00000000
     0.00000000
     0.00000000
     0.95783973
     0.00102067
     0.00108017
     0.00113975
     0.00121457
     0.00136174
     0.00111461
     0.00084103
     0.00056914
     0.00029894
     0.00003041
     0.00023646
     0.00050168
     0.00077543
     0.00104964
     0.00132207
     0.00159273
     0.00183457
     0.00186655
     0.00185947
     0.00196832
     0.00263391
     0.00294438
     0.00325211
     0.00355746
     0.00386045
     0.00393816
     0.00392914
     0.00352407
     0.00313689
     0.00332533
     0.00353780
     0.00374914
     0.00395933
     0.00416838
     0.00437060
     0.00451695
     0.00452425
     0.00441627
     0.00430798
     0.00417937
     0.00408896
     0.00399835
     0.00390751
     0.00381647
     0.00372521
     0.00373714
     0.00371233
     0.00400136
     0.00420374
     0.00415732
     0.00412175
     0.00412617
     0.00413059
     0.00413501
     0.00413943
     0.00414384
     0.00414826
     0.00415268
     0.00415710
     0.00416151
     0.00417113
     0.00392032
     0.00364771
     0.00376094
     0.00383954
     0.00395884
     0.00438109
     0.00539685
     0.00638560
     0.00734800
     0.00828470
     0.00919634
     0.01013165
     0.01026529
     0.00106599
     0.00000000
     0.00000000
     0.00000000
     0.00000000
     0.00000000
     0.00000000
     0.00000000
     0.00000000
     0.00000000
     0.00000000
     0.00000000
     0.00000000
     0.00000000
     0.00000000
     0.00000000
     0.00000000
     0.00000000
     0.00000000
     0.00000000
     0.00000000
     0.00000000
     0.00000000
     0.00000000
     0.00000000
     0.95808425
     0.00080104
     0.00086021
     0.00091946
     0.00097879
     0.00102977
     0.00075688
     0.00048567
     0.00021613
     0.00005173
     0.00031793
     0.00058248
     0.00084540
     0.00111705
     0.00138888
     0.00165894
     0.00192724
     0.00208871
     0.00202927
     0.00202223
     0.00203095
     0.00261431
     0.00292440
     0.00323209
     0.00353740
     0.00384034
     0.00397675
     0.00405272
     0.00378170
     0.00337536
     0.00352258
     0.00373386
     0.00394400
     0.00415300
     0.00436087
     0.00456763
     0.00472635
     0.00478059
     0.00467341
     0.00456592
     0.00451532
     0.00442577
     0.00433600
     0.00424602
     0.00415583
     0.00406543
     0.00401358
     0.00406561
     0.00421153
     0.00445023
     0.00440413
     0.00439009
     0.00439448
     0.00439887
     0.00440325
     0.00440764
     0.00441203
     0.00441641
     0.00442079
     0.00442518
     0.00442956
     0.00443394
     0.00431928
     0.00404965
     0.00415246
     0.00423236
     0.00431727
     0.00458286
     0.00559259
     0.00657545
     0.00753211
     0.00846322
     0.00936940
     0.01027746
     0.01043137
     0.00122725
     0.00000000
     0.00000000
     0.00000000
     0.00000000
     0.00000000
     0.00000000
     0.00000000
     0.00000000
     0.00000000
     0.00000000
     0.00000000
     0.00000000
     0.00000000
     0.00000000
     0.00000000
     0.00000000
     0.00000000
     0.00000000
     0.00000000
     0.00000000
     0.00000000
     0.00000000
     0.00000000
     0.00000000
     0.95832741
     0.00058272
     0.00064157
     0.00070049
     0.00075949
     0.00067294
     0.00040241
     0.00013355
     0.00013365
     0.00039918
     0.00066308
     0.00092533
     0.00118596
     0.00145552
     0.00172499
     0.00199269
     0.00225845
     0.00227844
     0.00219119
     0.00218417
     0.00217716
     0.00259442
     0.00290446
     0.00321211
     0.00351738
     0.00382029
     0.00401528
     0.00409112
     0.00403734
     0.00363393
     0.00371863
     0.00392871
     0.00413766
     0.00434548
     0.00455218
     0.00475777
     0.00493436
     0.00503491
     0.00492852
     0.00483956
     0.00484794
     0.00475922
     0.00467030
     0.00458117
     0.00449182
     0.00440227
     0.00431251
     0.00439181
     0.00442032
     0.00469484
     0.00465190
     0.00465626
     0.00466061
     0.00466496
     0.00466932
     0.00467367
     0.00467802
     0.00468237
     0.00468672
     0.00469107
     0.00469542
     0.00469977
     0.00470412
     0.00444697
     0.00453016
     0.00462073
     0.00469748
     0.00485085
     0.00578706
     0.00676408
     0.00771503
     0.00864057
     0.00954133
     0.01042241
     0.01059657
     0.00138765
     0.00000000
     0.00000000
     0.00000000
     0.00000000
     0.00000000
     0.00000000
     0.00000000
     0.00000000
     0.00000000
     0.00000000
     0.00000000
     0.00000000
     0.00000000
     0.00000000
     0.00000000
     0.00000000
     0.00000000
     0.00000000
     0.00000000
     0.00000000
     0.00000000
     0.00000000
     0.00000000
     0.00000000
     0.95856922
     0.95851078
     0.00042421
     0.00048281
     0.00054148
     0.00031936
     0.00005117
     0.00021536
     0.00048023
     0.00074347
     0.00100507
     0.00126504
     0.00152340
     0.00179089
     0.00205801
     0.00232338
     0.00249065
     0.00246710
     0.00236979
     0.00234532
     0.00233834
     0.00257459
     0.00288459
     0.00319220
     0.00349743
     0.00380030
     0.00405377
     0.00412949
     0.00420506
     0.00389051
     0.00391349
     0.00412238
     0.00433015
     0.00453680
     0.00474233
     0.00494675
     0.00514099
     0.00528410
     0.00518161
     0.00514092
     0.00515253
     0.00508937
     0.00500128
     0.00491299
     0.00482448
     0.00473577
     0.00464685
     0.00466290
     0.00462774
     0.00493760
     0.00491594
     0.00492026
     0.00492458
     0.00492890
     0.00493322
     0.00493754
     0.00494186
     0.00494618
     0.00495049
     0.00495481
     0.00495913
     0.00496344
     0.00496776
     0.00484922
     0.00490370
     0.00500470
     0.00508063
     0.00518474
     0.00598029
     0.00695148
     0.00789676
     0.00881677
     0.00971213
     0.01058346
     0.01076088
     0.00154719
     0.00000000
     0.00000000
     0.00000000
     0.00000000
     0.00000000
     0.00000000
     0.00000000
     0.00000000
     0.00000000
     0.00000000
     0.00000000
     0.00000000
     0.00000000
     0.00000000
     0.00000000
     0.00000000
     0.00000000
     0.00000000
     0.00000000
     0.00000000
     0.00000000
     0.00000000
     0.00000000
     0.00000000
     0.95880969
     0.95875158
     0.00020815
     0.00026642
     0.00032476
     0.00002846
     0.00029686
     0.00056108
     0.00082365
     0.00108460
     0.00134393
     0.00160164
     0.00185775
     0.00212318
     0.00238797
     0.00261168
     0.00272128
     0.00265469
     0.00255789
     0.00250568
     0.00249707
     0.00255482
     0.00286478
     0.00317235
     0.00347754
     0.00378037
     0.00408085
     0.00416781
     0.00424326
     0.00414512
     0.00413169
     0.00431488
     0.00452147
     0.00472695
     0.00493131
     0.00513458
     0.00533674
     0.00548849
     0.00543270
     0.00543952
     0.00545102
     0.00541624
     0.00532898
     0.00524151
     0.00515384
     0.00506596
     0.00497788
     0.00493175
     0.00483381
     0.00517853
     0.00517783
     0.00518212
     0.00518641
     0.00519069
     0.00519498
     0.00519927
     0.00520355
     0.00520784
     0.00521212
     0.00521640
     0.00522069
     0.00522497
     0.00522925
     0.00523354
     0.00528332
     0.00538432
     0.00545943
     0.00554659
     0.00617663
     0.00713769
     0.00807732
     0.00899182
     0.00988182
     0.01074791
     0.01092431
     0.00170587
     0.00000000
     0.00000000
     0.00000000
     0.00000000
     0.00000000
     0.00000000
     0.00000000
     0.00000000
     0.00000000
     0.00000000
     0.00000000
     0.00000000
     0.00000000
     0.00000000
     0.00000000
     0.00000000
     0.00000000
     0.00000000
     0.00000000
     0.00000000
     0.00000000
     0.00000000
     0.00000000
     0.00000000
     0.95905025
     0.95899103
     0.00000663
     0.00005131
     0.00002781
     0.00035087
     0.00064170
     0.00090363
     0.00116392
     0.00142260
     0.00167967
     0.00193514
     0.00218902
     0.00245241
     0.00271488
     0.00284143
     0.00293726
     0.00284121
     0.00274492
     0.00266523
     0.00256655
     0.00253509
     0.00284501
     0.00315254
     0.00345769
     0.00376048
     0.00406093
     0.00420607
     0.00428140
     0.00435657
     0.00435963
     0.00450619
     0.00471162
     0.00491593
     0.00511914
     0.00532125
     0.00552226
     0.00569150
     0.00572396
     0.00573537
     0.00574677
     0.00573984
     0.00565341
     0.00556676
     0.00547991
     0.00539286
     0.00530561
     0.00521814
     0.00504856
     0.00541182
     0.00543758
     0.00544184
     0.00544609
     0.00545034
     0.00545460
     0.00545885
     0.00546310
     0.00546736
     0.00547161
     0.00547586
     0.00548011
     0.00548436
     0.00548861
     0.00549286
     0.00566096
     0.00576898
     0.00583392
     0.00590807
     0.00650308
     0.00732268
     0.00825670
     0.00916573
     0.01005039
     0.01091128
     0.01108687
     0.00186371
     0.00000000
     0.00000000
     0.00000000
     0.00000000
     0.00000000
     0.00000000
     0.00000000
     0.00000000
     0.00000000
     0.00000000
     0.00000000
     0.00000000
     0.00000000
     0.00000000
     0.00000000
     0.00000000
     0.00000000
     0.00000000
     0.00000000
     0.00000000
     0.00000000
     0.00000000
     0.00000000
     0.00000000
     0.95930776
     0.95924256
     0.00022580
     0.00016252
     0.00029492
     0.00067054
     0.00098341
     0.00124305
     0.00150108
     0.00175751
     0.00201234
     0.00226559
     0.00251726
     0.00277861
     0.00296113
     0.00306964
     0.00312222
     0.00302667
     0.00293090
     0.00283489
     0.00263589
     0.00251544
     0.00282532
     0.00313281
     0.00343792
     0.00374067
     0.00404107
     0.00424430
     0.00431950
     0.00439455
     0.00458597
     0.00469739
     0.00490061
     0.00510377
     0.00530583
     0.00550679
     0.00570666
     0.00589318
     0.00601720
     0.00602850
     0.00603980
     0.00605110
     0.00597461
     0.00588879
     0.00580276
     0.00571652
     0.00563009
     0.00554345
     0.00538792
     0.00563344
     0.00569523
     0.00569945
     0.00570367
     0.00570789
     0.00571211
     0.00571634
     0.00572056
     0.00572478
     0.00572900
     0.00573321
     0.00573743
     0.00574165
     0.00574587
     0.00575009
     0.00601961
     0.00614116
     0.00621492
     0.00627752
     0.00685149
     0.00750648
     0.00843493
     0.00933851
     0.01021786
     0.01107358
     0.01126237
     0.00202070
     0.00000000
     0.00000000
     0.00000000
     0.00000000
     0.00000000
     0.00000000
     0.00000000
     0.00000000
     0.00000000
     0.00000000
     0.00000000
     0.00000000
     0.00000000
     0.00000000
     0.00000000
     0.00000000
     0.00000000
     0.00000000
     0.00000000
     0.00000000
     0.00000000
     0.00000000
     0.00000000
     0.00000000
     0.95956373
     0.95949892
     0.00045766
     0.00039265
     0.00061488
     0.00098745
     0.00132196
     0.00157935
     0.00183514
     0.00208933
     0.00234194
     0.00259298
     0.00284245
     0.00308034
     0.00318845
     0.00329627
     0.00330611
     0.00321107
     0.00311580
     0.00299053
     0.00270504
     0.00249583
     0.00280566
     0.00311311
     0.00341818
     0.00372089
     0.00402126
     0.00428247
     0.00435755
     0.00443247
     0.00481070
     0.00492139
     0.00508844
     0.00529044
     0.00549135
     0.00569118
     0.00588992
     0.00608758
     0.00630771
     0.00631892
     0.00633012
     0.00634132
     0.00629260
     0.00620758
     0.00612236
     0.00603694
     0.00595132
     0.00586550
     0.00574701
     0.00591599
     0.00595075
     0.00595494
     0.00595913
     0.00596332
     0.00596751
     0.00597170
     0.00597589
     0.00598008
     0.00598426
     0.00598845
     0.00599264
     0.00599682
     0.00600101
     0.00600519
     0.00625277
     0.00650908
     0.00659315
     0.00665335
     0.00719605
     0.00777198
     0.00861230
     0.00951228
     0.01038806
     0.01124025
     0.01144984
     0.00217734
     0.00000000
     0.00000000
     0.00000000
     0.00000000
     0.00000000
     0.00000000
     0.00000000
     0.00000000
     0.00000000
     0.00000000
     0.00000000
     0.00000000
     0.00000000
     0.00000000
     0.00000000
     0.00000000
     0.00000000
     0.00000000
     0.00000000
     0.00000000
     0.00000000
     0.00000000
     0.00000000
     0.00000000
     0.95981815
     0.95975373
     0.00068804
     0.00062343
     0.00093501
     0.00130166
     0.00165743
     0.00191257
     0.00216613
     0.00241811
     0.00266852
     0.00291737
     0.00316466
     0.00330681
     0.00341424
     0.00352137
     0.00348897
     0.00339443
     0.00329967
     0.00305485
     0.00277404
     0.00248150
     0.00278608
     0.00309348
     0.00339851
     0.00370118
     0.00400151
     0.00429951
     0.00439555
     0.00447036
     0.00503189
     0.00514381
     0.00527513
     0.00547599
     0.00567576
     0.00587445
     0.00607206
     0.00627904
     0.00659555
     0.00660668
     0.00661777
     0.00662887
     0.00660743
     0.00652321
     0.00643879
     0.00635418
     0.00626936
     0.00618435
     0.00621651
     0.00620728
     0.00629045
     0.00620836
     0.00621252
     0.00621668
     0.00622084
     0.00622499
     0.00622915
     0.00623330
     0.00623746
     0.00624161
     0.00624577
     0.00624992
     0.00625408
     0.00625823
     0.00648417
     0.00686000
     0.00696696
     0.00702649
     0.00754314
     0.00810674
     0.00879528
     0.00968968
     0.01056001
     0.01140690
     0.01163613
     0.00234406
     0.00000000
     0.00000000
     0.00000000
     0.00000000
     0.00000000
     0.00000000
     0.00000000
     0.00000000
     0.00000000
     0.00000000
     0.00000000
     0.00000000
     0.00000000
     0.00000000
     0.00000000
     0.00000000
     0.00000000
     0.00000000
     0.00000000
     0.00000000
     0.00000000
     0.00000000
     0.00000000
     0.00000000
     0.96007103
     0.96000701
     0.00091694
     0.00092775
     0.00126181
     0.00161317
     0.00197647
     0.00224273
     0.00249407
     0.00274386
     0.00299208
     0.00323876
     0.00342471
     0.00353174
     0.00363848
     0.00374493
     0.00367077
     0.00357674
     0.00339388
     0.00311901
     0.00284221
     0.00255102
     0.00276654
     0.00307391
     0.00337890
     0.00368153
     0.00398181
     0.00427977
     0.00443351
     0.00450819
     0.00502668
     0.00536465
     0.00547357
     0.00566039
     0.00585903
     0.00605659
     0.00625308
     0.00650016
     0.00684069
     0.00689177
     0.00690275
     0.00691375
     0.00691910
     0.00683567
     0.00675206
     0.00666824
     0.00658422
     0.00650147
     0.00667336
     0.00649588
     0.00662720
     0.00653399
     0.00646383
     0.00646796
     0.00647208
     0.00647621
     0.00648033
     0.00648446
     0.00648858
     0.00649270
     0.00649682
     0.00650095
     0.00650507
     0.00650919
     0.00671379
     0.00708695
     0.00733545
     0.00739522
     0.00788732
     0.00844394
     0.00899247
     0.00986587
     0.01073079
     0.01157240
     0.01182126
     0.00251697
     0.00000000
     0.00000000
     0.00000000
     0.00000000
     0.00000000
     0.00000000
     0.00000000
     0.00000000
     0.00000000
     0.00000000
     0.00000000
     0.00000000
     0.00000000
     0.00000000
     0.00000000
     0.00000000
     0.00000000
     0.00000000
     0.00000000
     0.00000000
     0.00000000
     0.00000000
     0.00000000
     0.00000000
     0.96032239
     0.96025875
     0.00114436
     0.00125446
     0.00158571
     0.00192200
     0.00228235
     0.00256985
     0.00281900
     0.00306660
     0.00331266
     0.00355316
     0.00364878
     0.00375513
     0.00386119
     0.00394486
     0.00385155
     0.00372962
     0.00345729
     0.00318304
     0.00290686
     0.00262038
     0.00274706
     0.00305439
     0.00335934
     0.00366193
     0.00396218
     0.00426010
     0.00447142
     0.00454598
     0.00502153
     0.00558393
     0.00569213
     0.00584366
     0.00604117
     0.00623761
     0.00643299
     0.00671967
     0.00706560
     0.00717420
     0.00718510
     0.00719601
     0.00720692
     0.00714502
     0.00706219
     0.00697916
     0.00689594
     0.00691749
     0.00708726
     0.00685935
     0.00696038
     0.00686810
     0.00677559
     0.00671718
     0.00672128
     0.00672537
     0.00672946
     0.00673355
     0.00673765
     0.00674174
     0.00674583
     0.00674992
     0.00675401
     0.00675810
     0.00694167
     0.00731217
     0.00767877
     0.00775961
     0.00822763
     0.00877832
     0.00932004
     0.01004087
     0.01090041
     0.01173678
     0.01200523
     0.00269596
     0.00000000
     0.00000000
     0.00000000
     0.00000000
     0.00000000
     0.00000000
     0.00000000
     0.00000000
     0.00000000
     0.00000000
     0.00000000
     0.00000000
     0.00000000
     0.00000000
     0.00000000
     0.00000000
     0.00000000
     0.00000000
     0.00000000
     0.00000000
     0.00000000
     0.00000000
     0.00000000
     0.00000000
     0.00000000
     0.96044616
     0.00131089
     0.00157826
     0.00190672
     0.00223255
     0.00258559
     0.00289395
     0.00314093
     0.00338637
     0.00363027
     0.00377606
     0.00387132
     0.00397700
     0.00408238
     0.00412410
     0.00403128
     0.00379227
     0.00352055
     0.00324692
     0.00297136
     0.00268956
     0.00272764
     0.00303492
     0.00333983
     0.00364238
     0.00394259
     0.00424047
     0.00450928
     0.00458372
     0.00501641
     0.00580165
     0.00590913
     0.00602581
     0.00622220
     0.00641752
     0.00661178
     0.00693756
     0.00728112
     0.00745404
     0.00746483
     0.00747564
     0.00748645
     0.00745125
     0.00736921
     0.00728697
     0.00720453
     0.00732812
     0.00749580
     0.00730915
     0.00729000
     0.00719866
     0.00710708
     0.00701526
     0.00696842
     0.00697248
     0.00697655
     0.00698061
     0.00698467
     0.00698873
     0.00699279
     0.00699685
     0.00700090
     0.00700496
     0.00716779
     0.00753566
     0.00789965
     0.00811970
     0.00856410
     0.00910891
     0.00964484
     0.01022049
     0.01106887
     0.01190002
     0.01218806
     0.00287384
     0.00000000
     0.00000000
     0.00000000
     0.00000000
     0.00000000
     0.00000000
     0.00000000
     0.00000000
     0.00000000
     0.00000000
     0.00000000
     0.00000000
     0.00000000
     0.00000000
     0.00000000
     0.00000000
     0.00000000
     0.00000000
     0.00000000
     0.00000000
     0.00000000
     0.00000000
     0.00000000
     0.00000000
     0.00000000
     0.96060937
     0.00144974
     0.00189919
     0.00222488
     0.00254796
     0.00288622
     0.00321506
     0.00345988
     0.00370318
     0.00390329
     0.00399743
     0.00409235
     0.00419735
     0.00430206
     0.00430232
     0.00412399
     0.00385478
     0.00358367
     0.00331065
     0.00303572
     0.00275859
     0.00270827
     0.00301551
     0.00332038
     0.00362289
     0.00392306
     0.00422090
     0.00451644
     0.00462141
     0.00501134
     0.00593724
     0.00612460
     0.00623106
     0.00640211
     0.00659632
     0.00680928
     0.00715385
     0.00749506
     0.00773127
     0.00774196
     0.00775269
     0.00776340
     0.00775442
     0.00767315
     0.00759169
     0.00756703
     0.00773343
     0.00789904
     0.00779626
     0.00761613
     0.00752570
     0.00743504
     0.00734414
     0.00725301
     0.00721758
     0.00722161
     0.00722564
     0.00722966
     0.00723369
     0.00723772
     0.00724175
     0.00724578
     0.00724980
     0.00739220
     0.00775744
     0.00811884
     0.00846541
     0.00889678
     0.00943577
     0.00996597
     0.01048752
     0.01124182
     0.01206216
     0.01236974
     0.00305059
     0.00000000
     0.00000000
     0.00000000
     0.00000000
     0.00000000
     0.00000000
     0.00000000
     0.00000000
     0.00000000
     0.00000000
     0.00000000
     0.00000000
     0.00000000
     0.00000000
     0.00000000
     0.00000000
     0.00000000
     0.00000000
     0.00000000
     0.00000000
     0.00000000
     0.00000000
     0.00000000
     0.00000000
     0.00000000
     0.96077194
     0.00169521
     0.00219787
     0.00254020
     0.00286056
     0.00318425
     0.00353275
     0.00377590
     0.00401706
     0.00412377
     0.00421731
     0.00431187
     0.00441620
     0.00452024
     0.00445248
     0.00418575
     0.00391715
     0.00364665
     0.00337425
     0.00309994
     0.00282370
     0.00268896
     0.00299616
     0.00330099
     0.00360346
     0.00390359
     0.00420139
     0.00449689
     0.00465906
     0.00500633
     0.00593174
     0.00633855
     0.00644430
     0.00658092
     0.00677403
     0.00702634
     0.00736855
     0.00770743
     0.00800593
     0.00801653
     0.00802716
     0.00803779
     0.00804841
     0.00797405
     0.00789336
     0.00796914
     0.00813349
     0.00829705
     0.00827590
     0.00793878
     0.00784926
     0.00775952
     0.00766953
     0.00757932
     0.00748886
     0.00746466
     0.00746866
     0.00747266
     0.00747665
     0.00748065
     0.00748465
     0.00748864
     0.00749264
     0.00761489
     0.00797753
     0.00833635
     0.00867891
     0.00922570
     0.00975893
     0.01028345
     0.01079942
     0.01141443
     0.01222863
     0.01255028
     0.00322624
     0.00000000
     0.00000000
     0.00000000
     0.00000000
     0.00000000
     0.00000000
     0.00000000
     0.00000000
     0.00000000
     0.00000000
     0.00000000
     0.00000000
     0.00000000
     0.00000000
     0.00000000
     0.00000000
     0.00000000
     0.00000000
     0.00000000
     0.00000000
     0.00000000
     0.00000000
     0.00000000
     0.00000000
     0.00000000
     0.96093387
     0.00197320
     0.00247213
     0.00285271
     0.00317036
     0.00348546
     0.00382536
     0.00408898
     0.00424956
     0.00434273
     0.00443567
     0.00452988
     0.00463355
     0.00473692
     0.00451350
     0.00424737
     0.00397937
     0.00370949
     0.00343770
     0.00316401
     0.00288839
     0.00266970
     0.00297686
     0.00328165
     0.00358408
     0.00388417
     0.00418193
     0.00447739
     0.00469666
     0.00500135
     0.00592628
     0.00655096
     0.00665601
     0.00676075
     0.00695064
     0.00724179
     0.00758167
     0.00791822
     0.00825152
     0.00828855
     0.00829908
     0.00830961
     0.00832014
     0.00827192
     0.00820293
     0.00836603
     0.00852835
     0.00868988
     0.00874817
     0.00831589
     0.00816937
     0.00808052
     0.00799145
     0.00790214
     0.00781260
     0.00772282
     0.00770968
     0.00771364
     0.00771761
     0.00772158
     0.00772554
     0.00772951
     0.00773347
     0.00783586
     0.00819592
     0.00855218
     0.00889076
     0.00954473
     0.01007841
     0.01059733
     0.01110776
     0.01160983
     0.01239477
     0.01273496
     0.00340079
     0.00000000
     0.00000000
     0.00000000
     0.00000000
     0.00000000
     0.00000000
     0.00000000
     0.00000000
     0.00000000
     0.00000000
     0.00000000
     0.00000000
     0.00000000
     0.00000000
     0.00000000
     0.00000000
     0.00000000
     0.00000000
     0.00000000
     0.00000000
     0.00000000
     0.00000000
     0.00000000
     0.00000000
     0.00000000
     0.96109515
     0.00224900
     0.00274423
     0.00316244
     0.00347740
     0.00378983
     0.00411544
     0.00437481
     0.00446762
     0.00456020
     0.00465255
     0.00474641
     0.00484941
     0.00483805
     0.00457438
     0.00430886
     0.00404146
     0.00377219
     0.00350101
     0.00322794
     0.00295294
     0.00267481
     0.00295762
     0.00326237
     0.00356476
     0.00386481
     0.00416253
     0.00445795
     0.00473421
     0.00499642
     0.00592087
     0.00676187
     0.00686622
     0.00697027
     0.00712616
     0.00745567
     0.00779321
     0.00812746
     0.00845844
     0.00855803
     0.00856848
     0.00857892
     0.00858935
     0.00856679
     0.00859668
     0.00875777
     0.00891807
     0.00907760
     0.00921318
     0.00882173
     0.00848606
     0.00839811
     0.00830993
     0.00822152
     0.00813288
     0.00804401
     0.00795490
     0.00795265
     0.00795659
     0.00796053
     0.00796446
     0.00796840
     0.00797233
     0.00805515
     0.00841264
     0.00876635
     0.00910100
     0.00976643
     0.01039428
     0.01090763
     0.01141258
     0.01190927
     0.01255973
     0.01291927
     0.00357934
     0.00000000
     0.00000000
     0.00000000
