     0.00000000
     0.00000000
     0.00000000
     0.00000000
     0.00000000
     0.00000000
     0.00000000
     0.00000000
     0.00000000
     0.00000000
     0.00000000
     0.00000000
     0.00000000
     0.00000000
     0.00000000
     0.00000000
     0.00000000
     0.00000000
     0.00000000
     0.00000000
     0.00917054
     0.00941750
     0.00843553
     0.00744978
     0.00645995
     0.00546660
     0.00446945
     0.00346854
     0.00246385
     0.00220150
     0.00269052
     0.00317866
     0.00366590
     0.00415226
     0.00463771
     0.00512228
     0.00519559
     0.00524190
     0.00528820
     0.00533450
     0.00502279
     0.00418170
     0.00312089
     0.00205584
     0.00088836
     0.00034546
     0.00154732
     0.00178986
     0.00160717
     0.00137499
     0.00114300
     0.00091717
     0.00135153
     0.00300593
     0.00467022
     0.00634440
     0.00802829
     0.00981821
     0.00957055
     0.00922523
     0.00887995
     0.00853462
     0.00819906
     0.00803574
     0.00901375
     0.01019435
     0.01137973
     0.01256988
     0.01376482
     0.01496453
     0.01541250
     0.01535776
     0.01530302
     0.01524830
     0.01519359
     0.01513888
     0.01508418
     0.01502950
     0.01497482
     0.01492015
     0.01486549
     0.01597704
     0.01742120
     0.01887216
     0.02032993
     0.02179449
     0.02326585
     0.02537701
     0.02825047
     0.03048862
     0.03195487
     0.03342748
     0.03523597
     0.03747703
     0.03970264
     0.75482588
     0.00000000
     0.00000000
     0.00000000
     0.00000000
     0.00000000
     0.00000000
     0.00000000
     0.00000000
     0.00000000
     0.00000000
     0.00000000
     0.00000000
     0.00000000
     0.00000000
     0.00000000
     0.00000000
     0.00000000
     0.00000000
     0.00000000
     0.00000000
     0.00000000
     0.00000000
     0.00000000
     0.00021272
     0.00939457
     0.00990453
     0.00894393
     0.00795930
     0.00697057
     0.00597831
     0.00498228
     0.00398247
     0.00297394
     0.00224320
     0.00273255
     0.00322100
     0.00370857
     0.00419525
     0.00468104
     0.00516594
     0.00522948
     0.00527582
     0.00532216
     0.00536848
     0.00518940
     0.00469405
     0.00363440
     0.00257053
     0.00138522
     0.00015265
     0.00108549
     0.00126971
     0.00103763
     0.00080573
     0.00057405
     0.00038154
     0.00081765
     0.00247018
     0.00413259
     0.00580489
     0.00748688
     0.00917919
     0.00984443
     0.00932547
     0.00897981
     0.00863449
     0.00828899
     0.00811852
     0.00914304
     0.01032506
     0.01151186
     0.01270343
     0.01389978
     0.01471382
     0.01465917
     0.01460452
     0.01454989
     0.01449526
     0.01444064
     0.01438603
     0.01433143
     0.01427684
     0.01422226
     0.01416769
     0.01411313
     0.01423693
     0.01567388
     0.01711765
     0.01856822
     0.02002558
     0.02148976
     0.02296072
     0.02499364
     0.02735013
     0.02877598
     0.03023684
     0.03196216
     0.03415393
     0.03635991
     0.75796796
     0.00000000
     0.00000000
     0.00000000
     0.00000000
     0.00000000
     0.00000000
     0.00000000
     0.00000000
     0.00000000
     0.00000000
     0.00000000
     0.00000000
     0.00000000
     0.00000000
     0.00000000
     0.00000000
     0.00000000
     0.00000000
     0.00000000
     0.00000000
     0.00000000
     0.00000000
     0.00000000
     0.00043574
     0.00961840
     0.01034941
     0.00942445
     0.00846848
     0.00748085
     0.00648971
     0.00549478
     0.00449608
     0.00331866
     0.00228478
     0.00277446
     0.00326323
     0.00375113
     0.00423813
     0.00472424
     0.00520947
     0.00526323
     0.00530961
     0.00535598
     0.00540233
     0.00535600
     0.00499418
     0.00414760
     0.00308490
     0.00188179
     0.00065048
     0.00058641
     0.00070031
     0.00046853
     0.00023693
     0.00000553
     0.00015373
     0.00028414
     0.00193480
     0.00359532
     0.00526574
     0.00694585
     0.00863627
     0.01033653
     0.00986877
     0.00908003
     0.00873464
     0.00838884
     0.00820163
     0.00927276
     0.01045620
     0.01164441
     0.01283740
     0.01401591
     0.01396134
     0.01390678
     0.01385223
     0.01379769
     0.01374316
     0.01368864
     0.01363413
     0.01357962
     0.01352512
     0.01347064
     0.01341616
     0.01336170
     0.01330724
     0.01393418
     0.01537074
     0.01681411
     0.01826429
     0.01970803
     0.02115803
     0.02261468
     0.02412733
     0.02555083
     0.02701757
     0.02868642
     0.03085847
     0.03304476
     0.76108252
     0.00000000
     0.00000000
     0.00000000
     0.00000000
     0.00000000
     0.00000000
     0.00000000
     0.00000000
     0.00000000
     0.00000000
     0.00000000
     0.00000000
     0.00000000
     0.00000000
     0.00000000
     0.00000000
     0.00000000
     0.00000000
     0.00000000
     0.00000000
     0.00000000
     0.00000000
     0.00000000
     0.00065855
     0.00984203
     0.01079407
     0.00986993
     0.00894244
     0.00799082
     0.00700077
     0.00600695
     0.00500936
     0.00366331
     0.00232624
     0.00281623
     0.00330534
     0.00379356
     0.00428089
     0.00476732
     0.00525044
     0.00529686
     0.00534326
     0.00538966
     0.00543605
     0.00548215
     0.00516069
     0.00466047
     0.00359893
     0.00237808
     0.00114803
     0.00008761
     0.00013136
     0.00010013
     0.00033143
     0.00053183
     0.00068863
     0.00024900
     0.00139977
     0.00305842
     0.00472695
     0.00640516
     0.00809372
     0.00979210
     0.01081484
     0.00989296
     0.00897419
     0.00848905
     0.00828506
     0.00940291
     0.01058776
     0.01177738
     0.01297179
     0.01326427
     0.01320980
     0.01315534
     0.01310088
     0.01304644
     0.01299200
     0.01293757
     0.01288316
     0.01282876
     0.01277436
     0.01271997
     0.01266559
     0.01261122
     0.01255686
     0.01248978
     0.01360529
     0.01502786
     0.01645712
     0.01789306
     0.01933567
     0.02078497
     0.02201741
     0.02237196
     0.02382535
     0.02543846
     0.02759073
     0.02975729
     0.76416947
     0.00000000
     0.00000000
     0.00000000
     0.00000000
     0.00000000
     0.00000000
     0.00000000
     0.00000000
     0.00000000
     0.00000000
     0.00000000
     0.00000000
     0.00000000
     0.00000000
     0.00000000
     0.00000000
     0.00000000
     0.00000000
     0.00000000
     0.00000000
     0.00000000
     0.00000000
     0.00000000
     0.00088117
     0.01006546
     0.01123854
     0.01031522
     0.00938854
     0.00845819
     0.00751151
     0.00651879
     0.00552231
     0.00400790
     0.00244117
     0.00285790
     0.00334733
     0.00383587
     0.00432353
     0.00481029
     0.00528390
     0.00533035
     0.00537678
     0.00542321
     0.00546963
     0.00551576
     0.00532718
     0.00496471
     0.00409728
     0.00287408
     0.00164528
     0.00041090
     0.00043714
     0.00066834
     0.00089934
     0.00106654
     0.00122316
     0.00078179
     0.00086510
     0.00252188
     0.00418852
     0.00586485
     0.00755153
     0.00924803
     0.01095438
     0.01084000
     0.00991759
     0.00899794
     0.00836880
     0.00953348
     0.01071974
     0.01191079
     0.01256796
     0.01251358
     0.01245919
     0.01240483
     0.01235047
     0.01229613
     0.01224179
     0.01218745
     0.01213314
     0.01207883
     0.01202453
     0.01195773
     0.01189011
     0.01182251
     0.01175492
     0.01168735
     0.01182063
     0.01323582
     0.01465769
     0.01608624
     0.01752147
     0.01896339
     0.02044265
     0.02032767
     0.02066024
     0.02221830
     0.02435078
     0.02649756
     0.76722874
     0.00000000
     0.00000000
     0.00000000
     0.00000000
     0.00000000
     0.00000000
     0.00000000
     0.00000000
     0.00000000
     0.00000000
     0.00000000
     0.00000000
     0.00000000
     0.00000000
     0.00000000
     0.00000000
     0.00000000
     0.00000000
     0.00000000
     0.00000000
     0.00000000
     0.00000000
     0.00000000
     0.00110359
     0.01028870
     0.01168281
     0.01076030
     0.00983444
     0.00890490
     0.00797224
     0.00703031
     0.00590930
     0.00435244
     0.00278644
     0.00289944
     0.00338919
     0.00387806
     0.00436604
     0.00485313
     0.00531721
     0.00536369
     0.00541016
     0.00545662
     0.00550308
     0.00554924
     0.00549366
     0.00513112
     0.00459174
     0.00336980
     0.00214226
     0.00097888
     0.00100520
     0.00123610
     0.00144435
     0.00160089
     0.00175733
     0.00131422
     0.00033080
     0.00198569
     0.00365046
     0.00532517
     0.00700970
     0.00870432
     0.01040879
     0.01179168
     0.01086561
     0.00994243
     0.00913063
     0.00974780
     0.01085215
     0.01187241
     0.01181810
     0.01176382
     0.01170954
     0.01165527
     0.01160101
     0.01154675
     0.01149251
     0.01142600
     0.01135845
     0.01129092
     0.01122341
     0.01115590
     0.01108842
     0.01102095
     0.01095349
     0.01088605
     0.01081863
     0.01145195
     0.01286643
     0.01428759
     0.01571545
     0.01720008
     0.01889234
     0.01882423
     0.01861298
     0.01902603
     0.02113866
     0.02326563
     0.77026025
     0.00000000
     0.00000000
     0.00000000
     0.00000000
     0.00000000
     0.00000000
     0.00000000
     0.00000000
     0.00000000
     0.00000000
     0.00000000
     0.00000000
     0.00000000
     0.00000000
     0.00000000
     0.00000000
     0.00000000
     0.00000000
     0.00000000
     0.00000000
     0.00000000
     0.00000000
     0.00000000
     0.00132581
     0.01051173
     0.01212687
     0.01120518
     0.01028013
     0.00935141
     0.00841957
     0.00748436
     0.00625076
     0.00469692
     0.00313163
     0.00294085
     0.00343094
     0.00392013
     0.00440842
     0.00489584
     0.00535039
     0.00539690
     0.00544341
     0.00548990
     0.00553639
     0.00558259
     0.00562904
     0.00529750
     0.00488050
     0.00386522
     0.00263894
     0.00159487
     0.00157280
     0.00180341
     0.00197852
     0.00213486
     0.00229113
     0.00184627
     0.00020314
     0.00144986
     0.00311275
     0.00478559
     0.00646822
     0.00816097
     0.00986357
     0.01157567
     0.01181826
     0.01089142
     0.01005987
     0.01054350
     0.01128197
     0.01112339
     0.01106920
     0.01101501
     0.01096082
     0.01089459
     0.01082711
     0.01075966
     0.01069222
     0.01062479
     0.01055738
     0.01048998
     0.01042260
     0.01035523
     0.01028787
     0.01022053
     0.01015321
     0.01008590
     0.01001861
     0.00995133
     0.01108333
     0.01249711
     0.01391757
     0.01566465
     0.01734765
     0.01732604
     0.01711564
     0.01696404
     0.01803736
     0.02006155
     0.77326394
     0.00000000
     0.00000000
     0.00000000
     0.00000000
     0.00000000
     0.00000000
     0.00000000
     0.00000000
     0.00000000
     0.00000000
     0.00000000
     0.00000000
     0.00000000
     0.00000000
     0.00000000
     0.00000000
     0.00000000
     0.00000000
     0.00000000
     0.00000000
     0.00000000
     0.00000000
     0.00000000
     0.00154784
     0.01073457
     0.01257073
     0.01164986
     0.01072564
     0.00979772
     0.00886670
     0.00793232
     0.00649240
     0.00502711
     0.00347678
     0.00298214
     0.00347255
     0.00396207
     0.00445070
     0.00493844
     0.00531872
     0.00542997
     0.00547651
     0.00552304
     0.00556957
     0.00561579
     0.00566228
     0.00546389
     0.00502666
     0.00436036
     0.00313534
     0.00221029
     0.00213996
     0.00235605
     0.00251231
     0.00266848
     0.00282456
     0.00237798
     0.00073673
     0.00091440
     0.00257540
     0.00424637
     0.00592712
     0.00761799
     0.00931871
     0.01102893
     0.01274927
     0.01184504
     0.01099362
     0.01134270
     0.01139268
     0.01087317
     0.01035311
     0.01022872
     0.01016134
     0.01009399
     0.01002665
     0.00995933
     0.00989202
     0.00982472
     0.00975744
     0.00969018
     0.00962292
     0.00955569
     0.00948846
     0.00942126
     0.00935407
     0.00928689
     0.00921973
     0.00915258
     0.00930842
     0.01071480
     0.01228636
     0.01413483
     0.01580859
     0.01583308
     0.01562355
     0.01541415
     0.01646505
     0.01753761
     0.77623977
     0.00000000
     0.00000000
     0.00000000
     0.00000000
     0.00000000
     0.00000000
     0.00000000
     0.00000000
     0.00000000
     0.00000000
     0.00000000
     0.00000000
     0.00000000
     0.00000000
     0.00000000
     0.00000000
     0.00000000
     0.00000000
     0.00000000
     0.00000000
     0.00000000
     0.00000000
     0.00000000
     0.00176966
     0.01095721
     0.01301440
     0.01209434
     0.01117092
     0.01004690
     0.00885830
     0.00762107
     0.00630271
     0.00497773
     0.00364613
     0.00295647
     0.00315834
     0.00336006
     0.00356162
     0.00376304
     0.00399412
     0.00444852
     0.00490216
     0.00535502
     0.00560233
     0.00564887
     0.00569539
     0.00563024
     0.00517280
     0.00465330
     0.00363145
     0.00282512
     0.00270668
     0.00288966
     0.00304574
     0.00320173
     0.00335763
     0.00290932
     0.00126994
     0.00037930
     0.00203842
     0.00370750
     0.00538637
     0.00707536
     0.00877420
     0.01048254
     0.01220100
     0.01279357
     0.01191107
     0.01178098
     0.01125894
     0.01073781
     0.01021758
     0.00969828
     0.00936176
     0.00929453
     0.00922733
     0.00916013
     0.00909296
     0.00902579
     0.00895864
     0.00889151
     0.00882440
     0.00875729
     0.00869020
     0.00862313
     0.00855607
     0.00848902
     0.00842199
     0.00835497
     0.00828797
     0.00894094
     0.01077014
     0.01261063
     0.01427517
     0.01434537
     0.01413671
     0.01392818
     0.01489862
     0.01596652
     0.77796821
     0.00000000
     0.00000000
     0.00000000
     0.00000000
     0.00000000
     0.00000000
     0.00000000
     0.00000000
     0.00000000
     0.00000000
     0.00000000
     0.00000000
     0.00000000
     0.00000000
     0.00000000
     0.00000000
     0.00000000
     0.00000000
     0.00000000
     0.00000000
     0.00000000
     0.00000000
     0.00000000
     0.00180413
     0.01073899
     0.01276158
     0.01158462
     0.01040220
     0.00921398
     0.00802054
     0.00673100
     0.00540705
     0.00407650
     0.00273933
     0.00169966
     0.00181425
     0.00201713
     0.00221987
     0.00242245
     0.00266058
     0.00311761
     0.00357386
     0.00402935
     0.00448379
     0.00493772
     0.00539087
     0.00577490
     0.00531891
     0.00479926
     0.00419728
     0.00343937
     0.00326691
     0.00342291
     0.00357880
     0.00373462
     0.00389033
     0.00344030
     0.00180281
     0.00015543
     0.00150179
     0.00316901
     0.00484598
     0.00652374
     0.00820967
     0.00990500
     0.01161031
     0.01332536
     0.01280933
     0.01164593
     0.01112374
     0.01060247
     0.01008209
     0.00956264
     0.00904410
     0.00852645
     0.00842915
     0.00836208
     0.00829503
     0.00822801
     0.00816099
     0.00809399
     0.00802700
     0.00796003
     0.00789308
     0.00782613
     0.00775921
     0.00769228
     0.00762539
     0.00755851
     0.00749164
     0.00768861
     0.00925953
     0.01109205
     0.01274738
     0.01285427
     0.01265512
     0.01244746
     0.01333811
     0.01440132
     0.77931788
     0.00000000
     0.00000000
     0.00000000
     0.00000000
     0.00000000
     0.00000000
     0.00000000
     0.00000000
     0.00000000
     0.00000000
     0.00000000
     0.00000000
     0.00000000
     0.00000000
     0.00000000
     0.00000000
     0.00000000
     0.00000000
     0.00000000
     0.00000000
     0.00000000
     0.00000000
     0.00000000
     0.00077092
     0.00970095
     0.01193890
     0.01075710
     0.00956983
     0.00837677
     0.00715911
     0.00583622
     0.00450670
     0.00317058
     0.00182783
     0.00058574
     0.00057786
     0.00066519
     0.00086909
     0.00107284
     0.00131809
     0.00177774
     0.00223662
     0.00269473
     0.00315179
     0.00360835
     0.00406413
     0.00451915
     0.00537467
     0.00494521
     0.00451507
     0.00393164
     0.00379997
     0.00395578
     0.00411150
     0.00426713
     0.00442267
     0.00397091
     0.00233530
     0.00069877
     0.00094582
     0.00260027
     0.00426435
     0.00593846
     0.00762228
     0.00931548
     0.01101867
     0.01273160
     0.01313072
     0.01151477
     0.01098858
     0.01046715
     0.00994663
     0.00942703
     0.00890833
     0.00839054
     0.00787367
     0.00756517
     0.00749826
     0.00743136
     0.00736447
     0.00729760
     0.00723075
     0.00716391
     0.00709709
     0.00703028
     0.00696348
     0.00689670
     0.00682993
     0.00676318
     0.00680408
     0.00715629
     0.00775454
     0.00957909
     0.01122523
     0.01133166
     0.01117877
     0.01097198
     0.01178348
     0.01284203
     0.78066166
     0.00000000
     0.00000000
     0.00000000
     0.00000000
     0.00000000
     0.00000000
     0.00000000
     0.00000000
     0.00000000
     0.00000000
     0.00000000
     0.00000000
     0.00000000
     0.00000000
     0.00000000
     0.00000000
     0.00000000
     0.00000000
     0.00000000
     0.00000000
     0.00000000
     0.00000000
     0.00000000
     0.00000000
     0.00865862
     0.01111192
     0.00992527
     0.00873316
     0.00753525
     0.00626521
     0.00493674
     0.00360165
     0.00225995
     0.00091161
     0.00044334
     0.00054259
     0.00055049
     0.00049070
     0.00028578
     0.00003335
     0.00042893
     0.00089043
     0.00135117
     0.00181085
     0.00227003
     0.00272844
     0.00322352
     0.00399246
     0.00497070
     0.00459480
     0.00433674
     0.00426718
     0.00448830
     0.00464383
     0.00479784
     0.00495147
     0.00453085
     0.00290785
     0.00127510
     0.00036736
     0.00201970
     0.00368166
     0.00535364
     0.00703534
     0.00872643
     0.01042749
     0.01181030
     0.01267883
     0.01180685
     0.01085343
     0.01033186
     0.00981120
     0.00929145
     0.00877260
     0.00825467
     0.00773764
     0.00722153
     0.00670633
     0.00663586
     0.00656910
     0.00650236
     0.00643564
     0.00636893
     0.00630223
     0.00623556
     0.00616889
     0.00610224
     0.00603561
     0.00596900
     0.00627248
     0.00662432
     0.00697658
     0.00807176
     0.00970872
     0.00981469
     0.00970767
     0.00950175
     0.01023476
     0.01128862
     0.78199955
     0.00000000
     0.00000000
     0.00000000
     0.00000000
     0.00000000
     0.00000000
     0.00000000
     0.00000000
     0.00000000
     0.00000000
     0.00000000
     0.00000000
     0.00000000
     0.00000000
     0.00000000
     0.00000000
     0.00000000
     0.00000000
     0.00000000
     0.00000000
     0.00000000
     0.00000000
     0.00000000
     0.00000000
     0.00761200
     0.01028065
     0.00908916
     0.00789219
     0.00668943
     0.00536661
     0.00403257
     0.00269190
     0.00134461
     0.00000930
     0.00136984
     0.00166953
     0.00167747
     0.00168542
     0.00165343
     0.00139375
     0.00092885
     0.00046471
     0.00000135
     0.00046097
     0.00092277
     0.00138380
     0.00193499
     0.00264916
     0.00403245
     0.00452232
     0.00456274
     0.00460687
     0.00501555
     0.00516917
     0.00532272
     0.00547616
     0.00510247
     0.00348160
     0.00185096
     0.00021063
     0.00143959
     0.00309943
     0.00476930
     0.00644888
     0.00813784
     0.00975977
     0.01061362
     0.01146989
     0.01209980
     0.01071832
     0.01019660
     0.00967579
     0.00915589
     0.00863689
     0.00811882
     0.00760164
     0.00708539
     0.00657003
     0.00605559
     0.00577487
     0.00570826
     0.00564167
     0.00557509
     0.00550853
     0.00544198
     0.00537545
     0.00530894
     0.00524243
     0.00539019
     0.00574122
     0.00609268
     0.00644456
     0.00679688
     0.00819785
     0.00830336
     0.00824184
     0.00803677
     0.00869194
     0.00974113
     0.78333153
     0.00000000
     0.00000000
     0.00000000
     0.00000000
     0.00000000
     0.00000000
     0.00000000
     0.00000000
     0.00000000
     0.00000000
     0.00000000
     0.00000000
     0.00000000
     0.00000000
     0.00000000
     0.00000000
     0.00000000
     0.00000000
     0.00000000
     0.00000000
     0.00000000
     0.00000000
     0.00000000
     0.00000000
     0.00656108
     0.00944508
     0.00824873
     0.00704692
     0.00579630
     0.00446331
     0.00312369
     0.00177744
     0.00042457
     0.00093492
     0.00230105
     0.00280296
     0.00281094
     0.00281892
     0.00282690
     0.00276310
     0.00229557
     0.00182881
     0.00136281
     0.00089787
     0.00043344
     0.00003021
     0.00067985
     0.00166418
     0.00275951
     0.00314537
     0.00346801
     0.00494641
     0.00554042
     0.00569387
     0.00584723
     0.00600050
     0.00567364
     0.00405488
     0.00242637
     0.00078815
     0.00085995
     0.00251766
     0.00418541
     0.00586287
     0.00754971
     0.00856905
     0.00942011
     0.01027360
     0.01128972
     0.01077805
     0.01006137
     0.00954041
     0.00902036
     0.00850121
     0.00798299
     0.00746567
     0.00694926
     0.00643376
     0.00591918
     0.00540550
     0.00491529
     0.00484883
     0.00478240
     0.00471597
     0.00464955
     0.00458316
     0.00451676
     0.00450940
     0.00485964
     0.00521030
     0.00556137
     0.00591289
     0.00626482
     0.00669262
     0.00679766
     0.00678125
     0.00657705
     0.00715503
     0.00819953
     0.78465763
     0.00000000
     0.00000000
     0.00000000
     0.00000000
     0.00000000
     0.00000000
     0.00000000
     0.00000000
     0.00000000
     0.00000000
     0.00000000
     0.00000000
     0.00000000
     0.00000000
     0.00000000
     0.00000000
     0.00000000
     0.00000000
     0.00000000
     0.00000000
     0.00000000
     0.00000000
     0.00000000
     0.00000000
     0.00565303
     0.00861238
     0.00740401
     0.00619735
     0.00489388
     0.00355529
     0.00221010
     0.00085827
     0.00050018
     0.00186526
     0.00323697
     0.00394287
     0.00395089
     0.00395891
     0.00396693
     0.00390889
     0.00365483
     0.00320185
     0.00273675
     0.00227370
     0.00181113
     0.00132272
     0.00033051
     0.00065819
     0.00136952
     0.00173525
     0.00204962
     0.00386848
     0.00590373
     0.00621822
     0.00637140
     0.00652450
     0.00624434
     0.00462770
     0.00300131
     0.00136522
     0.00028077
     0.00193634
     0.00360198
     0.00527733
     0.00653570
     0.00738152
     0.00822978
     0.00908049
     0.01007656
     0.01107001
     0.00992617
     0.00940506
     0.00888485
     0.00836557
     0.00784720
     0.00732972
     0.00681317
     0.00629752
     0.00578278
     0.00526896
     0.00475605
     0.00424404
     0.00399083
     0.00392454
     0.00385825
     0.00379199
     0.00372574
     0.00397958
     0.00432943
     0.00467971
     0.00503041
     0.00538154
     0.00573310
     0.00586891
     0.00529762
     0.00532592
     0.00512259
     0.00562401
     0.00666384
     0.78597782
     0.00000000
     0.00000000
     0.00000000
     0.00000000
     0.00000000
     0.00000000
     0.00000000
     0.00000000
     0.00000000
     0.00000000
     0.00000000
     0.00000000
     0.00000000
     0.00000000
     0.00000000
     0.00000000
     0.00000000
     0.00000000
     0.00000000
     0.00000000
     0.00000000
     0.00000000
     0.00000000
     0.00000000
     0.00505813
     0.00823461
     0.00688903
     0.00550499
     0.00398675
     0.00264259
     0.00129180
     0.00006560
     0.00142964
     0.00280030
     0.00417760
     0.00508928
     0.00509734
     0.00510540
     0.00511694
     0.00505728
     0.00480655
     0.00455605
     0.00413424
     0.00366856
     0.00317537
     0.00234289
     0.00134631
     0.00035323
     0.00002708
     0.00030514
     0.00062138
     0.00224461
     0.00624289
     0.00674221
     0.00689521
     0.00704814
     0.00681458
     0.00520005
     0.00357578
     0.00194182
     0.00029794
     0.00135551
     0.00301903
     0.00451376
     0.00535413
     0.00619717
     0.00704264
     0.00789056
     0.00886670
     0.00990345
     0.00979099
     0.00926974
     0.00874938
     0.00822995
     0.00771143
     0.00719380
     0.00667710
     0.00616130
     0.00564642
     0.00513245
     0.00461939
     0.00410723
     0.00359599
     0.00313425
     0.00306810
     0.00300197
     0.00310103
     0.00345008
     0.00379956
     0.00414946
     0.00449979
     0.00485054
     0.00520172
     0.00530596
     0.00399911
     0.00387585
     0.00367338
     0.00409890
     0.00513405
     0.78729211
     0.00000000
     0.00000000
     0.00000000
     0.00000000
     0.00000000
     0.00000000
     0.00000000
     0.00000000
     0.00000000
     0.00000000
     0.00000000
     0.00000000
     0.00000000
     0.00000000
     0.00000000
     0.00000000
     0.00000000
     0.00000000
     0.00000000
     0.00000000
     0.00000000
     0.00000000
     0.00000000
     0.00000000
     0.00446187
     0.00785548
     0.00650684
     0.00503972
     0.00347493
     0.00190135
     0.00036881
     0.00099418
     0.00236380
     0.00374005
     0.00512635
     0.00625018
     0.00626286
     0.00627553
     0.00628821
     0.00622233
     0.00597041
     0.00571870
     0.00546721
     0.00504295
     0.00437297
     0.00336851
     0.00236755
     0.00137010
     0.00131325
     0.00113481
     0.00081669
     0.00060828
     0.00515965
     0.00719785
     0.00741869
     0.00757144
     0.00738436
     0.00577195
     0.00414979
     0.00251797
     0.00087619
     0.00077513
     0.00243653
     0.00333816
     0.00417574
     0.00501599
     0.00585868
     0.00670381
     0.00766012
     0.00869343
     0.00973035
     0.00913444
     0.00861394
     0.00809435
     0.00757568
     0.00705792
     0.00654106
     0.00602511
     0.00551009
     0.00499596
     0.00448275
     0.00397045
     0.00345907
     0.00294859
     0.00243902
     0.00222401
     0.00257226
     0.00292092
     0.00327002
     0.00361955
     0.00396950
     0.00431988
     0.00467067
     0.00474342
     0.00343812
     0.00241813
     0.00222942
     0.00257969
     0.00361017
     0.78860008
     0.00000000
     0.00000000
     0.00000000
     0.00000000
     0.00000000
     0.00000000
     0.00000000
     0.00000000
     0.00000000
     0.00000000
     0.00000000
     0.00000000
     0.00000000
     0.00000000
     0.00000000
     0.00000000
     0.00000000
     0.00000000
     0.00000000
     0.00000000
     0.00000000
     0.00000000
     0.00000000
     0.00000000
     0.00386425
     0.00747498
     0.00612329
     0.00457269
     0.00300393
     0.00142639
     0.00016343
     0.00176353
     0.00331507
     0.00470153
     0.00609466
     0.00742793
     0.00744067
     0.00745341
     0.00746614
     0.00739399
     0.00714087
     0.00688797
     0.00663529
     0.00618981
     0.00540842
     0.00439958
     0.00339424
     0.00254998
     0.00262619
     0.00258459
     0.00226460
     0.00104051
     0.00354154
     0.00753661
     0.00794181
     0.00809438
     0.00795367
     0.00634337
     0.00472334
     0.00309355
     0.00145397
     0.00019522
     0.00133300
     0.00216574
     0.00300054
     0.00383800
     0.00467790
     0.00552024
     0.00645685
     0.00748671
     0.00852019
     0.00899917
     0.00847852
     0.00795879
     0.00743997
     0.00692205
     0.00640505
     0.00588896
     0.00537377
     0.00485951
     0.00434615
     0.00383370
     0.00332216
     0.00281153
     0.00230181
     0.00206396
     0.00204381
     0.00239211
     0.00274083
     0.00308997
     0.00343955
     0.00378954
     0.00413997
     0.00418129
     0.00287754
     0.00157970
     0.00079073
     0.00106639
     0.00209218
     0.78988845
     0.00000000
     0.00000000
     0.00000000
     0.00000000
     0.00000000
     0.00000000
     0.00000000
     0.00000000
     0.00000000
     0.00000000
     0.00000000
     0.00000000
     0.00000000
     0.00000000
     0.00000000
     0.00000000
     0.00000000
     0.00000000
     0.00000000
     0.00000000
     0.00000000
     0.00000000
     0.00000000
     0.00000000
     0.00326527
     0.00709312
     0.00566417
     0.00409639
     0.00251921
     0.00093319
     0.00066190
     0.00226608
     0.00387934
     0.00550168
     0.00706782
     0.00847332
     0.00862515
     0.00863795
     0.00865074
     0.00857226
     0.00831795
     0.00806384
     0.00766120
     0.00701405
     0.00628006
     0.00543609
     0.00442639
     0.00384371
     0.00394740
     0.00404422
     0.00372235
     0.00270177
     0.00191098
     0.00644812
     0.00846458
     0.00861698
     0.00852252
     0.00691433
     0.00529642
     0.00366875
     0.00203130
     0.00066102
     0.00016655
     0.00099651
     0.00182851
     0.00266319
     0.00350031
     0.00433986
     0.00525686
     0.00628328
     0.00731331
     0.00834695
     0.00834313
     0.00782325
     0.00730428
     0.00678622
     0.00626907
     0.00575283
     0.00523750
     0.00472308
     0.00420957
     0.00369697
     0.00318528
     0.00267451
     0.00228191
     0.00218707
     0.00209225
     0.00199747
     0.00221197
     0.00256074
     0.00290993
     0.00325955
     0.00360960
     0.00361957
     0.00231737
     0.00102108
     0.00047813
     0.00044101
     0.00058011
     0.79117105
     0.00000000
     0.00000000
     0.00000000
     0.00000000
     0.00000000
     0.00000000
     0.00000000
     0.00000000
     0.00000000
     0.00000000
     0.00000000
     0.00000000
     0.00000000
     0.00000000
     0.00000000
     0.00000000
     0.00000000
     0.00000000
     0.00000000
     0.00000000
     0.00000000
     0.00000000
     0.00000000
     0.00000000
     0.00264832
     0.00668700
     0.00518018
     0.00360833
     0.00202707
     0.00043697
     0.00116221
     0.00277048
     0.00438782
     0.00601424
     0.00764975
     0.00929433
     0.00978314
     0.00982914
     0.00984200
     0.00975714
     0.00950162
     0.00914263
     0.00848074
     0.00774255
     0.00700621
     0.00641507
     0.00576245
     0.00543382
     0.00541076
     0.00538769
     0.00521163
     0.00446711
     0.00017794
     0.00474734
     0.00867903
     0.00913922
     0.00909091
     0.00748483
     0.00586904
     0.00424349
     0.00264348
     0.00182151
     0.00099672
     0.00016955
     0.00065968
     0.00149157
     0.00232589
     0.00316266
     0.00406016
     0.00508313
     0.00610972
     0.00713991
     0.00820778
     0.00768775
     0.00716862
     0.00665042
     0.00613311
     0.00561673
     0.00510125
     0.00458668
     0.00407303
     0.00356028
     0.00304844
     0.00253752
     0.00240556
     0.00231060
     0.00221567
     0.00212078
     0.00202590
     0.00203184
     0.00238066
     0.00272990
     0.00307957
     0.00305825
     0.00175760
     0.00046286
     0.00102605
     0.00194251
     0.00092188
     0.79244787
     0.00000000
     0.00000000
     0.00000000
     0.00000000
     0.00000000
     0.00000000
     0.00000000
     0.00000000
     0.00000000
     0.00000000
     0.00000000
     0.00000000
     0.00000000
     0.00000000
     0.00000000
     0.00000000
     0.00000000
     0.00000000
     0.00000000
     0.00000000
     0.00000000
     0.00000000
     0.00000000
     0.00000000
     0.00202201
     0.00626150
     0.00469436
     0.00311842
     0.00153309
     0.00006110
     0.00166437
     0.00327671
     0.00489814
     0.00652865
     0.00816823
     0.00981691
     0.01053518
     0.01064341
     0.01075168
     0.01077117
     0.01064455
     0.01017050
     0.00957954
     0.00898949
     0.00840060
     0.00781286
     0.00722629
     0.00736197
     0.00733874
     0.00731551
     0.00721082
     0.00667848
     0.00199429
     0.00261422
     0.00714712
     0.00846528
     0.00868962
     0.00730761
     0.00591841
     0.00452204
     0.00379800
     0.00297882
     0.00215652
     0.00133242
     0.00050598
     0.00032312
     0.00115466
     0.00198864
     0.00286675
     0.00388629
     0.00490943
     0.00593617
     0.00715938
     0.00755226
     0.00703299
     0.00651463
     0.00599719
     0.00548064
     0.00496502
     0.00445030
     0.00393650
     0.00342360
     0.00291163
     0.00262473
     0.00252962
     0.00243455
     0.00233951
     0.00225031
     0.00218760
     0.00212490
     0.00206221
     0.00230301
     0.00264171
     0.00257847
     0.00126834
     0.00003578
     0.00157358
     0.00255920
     0.00240830
     0.79371893
     0.00000000
     0.00000000
     0.00000000
     0.00000000
     0.00000000
     0.00000000
     0.00000000
     0.00000000
     0.00000000
     0.00000000
     0.00000000
     0.00000000
     0.00000000
     0.00000000
     0.00000000
     0.00000000
     0.00000000
     0.00000000
     0.00000000
     0.00000000
     0.00000000
     0.00000000
     0.00000000
     0.00000000
     0.00139422
     0.00577791
     0.00420670
     0.00262668
     0.00103726
     0.00056101
     0.00216836
     0.00378479
     0.00541030
     0.00704490
     0.00868857
     0.01041652
     0.01152525
     0.01168891
     0.01185266
     0.01193418
     0.01172110
     0.01120304
     0.01068614
     0.01016987
     0.00965446
     0.00913994
     0.00880567
     0.00904455
     0.00928244
     0.00925904
     0.00922679
     0.00891008
     0.00418677
     0.00046086
     0.00503286
     0.00764268
     0.00798161
     0.00659477
     0.00520074
     0.00432167
     0.00405791
     0.00379406
     0.00331347
     0.00249211
     0.00166846
     0.00084214
     0.00001339
     0.00081780
     0.00167664
     0.00269273
     0.00371242
     0.00473573
     0.00576264
     0.00741680
     0.00689739
     0.00637889
     0.00586128
     0.00534460
     0.00482883
     0.00431396
     0.00380000
     0.00328697
     0.00284457
     0.00274932
     0.00265410
     0.00257411
     0.00251128
     0.00244846
     0.00238565
     0.00232286
     0.00226008
     0.00219731
     0.00224943
     0.00215500
     0.00084580
     0.00045739
     0.00172170
     0.00274460
     0.00367667
     0.79498421
     0.00000000
     0.00000000
     0.00000000
     0.00000000
     0.00000000
     0.00000000
     0.00000000
     0.00000000
     0.00000000
     0.00000000
     0.00000000
     0.00000000
     0.00000000
     0.00000000
     0.00000000
     0.00000000
     0.00000000
     0.00000000
     0.00000000
     0.00000000
     0.00000000
     0.00000000
     0.00000000
     0.00000000
     0.00076496
     0.00529247
     0.00371720
     0.00213310
     0.00053959
     0.00106276
     0.00267419
     0.00429471
     0.00592430
     0.00759972
     0.00949400
     0.01140026
     0.01277220
     0.01293663
     0.01309329
     0.01304918
     0.01271981
     0.01219969
     0.01168073
     0.01116239
     0.01064492
     0.01012833
     0.01007318
     0.01048762
     0.01090261
     0.01118473
     0.01119468
     0.01100955
     0.00639948
     0.00171271
     0.00289839
     0.00659210
     0.00727035
     0.00587868
     0.00466843
     0.00440484
     0.00414095
     0.00387698
     0.00361213
     0.00334752
     0.00282774
     0.00200422
     0.00117826
     0.00034985
     0.00048981
     0.00150246
     0.00251871
     0.00353857
     0.00456203
     0.00605225
     0.00676181
     0.00624316
     0.00572542
     0.00520858
     0.00469265
     0.00417765
     0.00366354
     0.00315035
     0.00296969
     0.00289894
     0.00283599
     0.00277305
     0.00271013
     0.00264722
     0.00258433
     0.00252143
     0.00245857
     0.00239570
     0.00233286
     0.00177069
     0.00042341
     0.00076247
     0.00177656
     0.00287531
     0.00384718
     0.79624373
     0.00000000
     0.00000000
     0.00000000
     0.00000000
     0.00000000
     0.00000000
     0.00000000
     0.00000000
     0.00000000
     0.00000000
     0.00000000
     0.00000000
     0.00000000
     0.00000000
     0.00000000
     0.00000000
     0.00000000
     0.00000000
     0.00000000
     0.00000000
     0.00000000
     0.00000000
     0.00000000
     0.00000000
     0.00009847
     0.00480520
     0.00322585
     0.00163768
     0.00004009
     0.00156635
     0.00318187
     0.00480647
     0.00668326
     0.00857311
     0.01047494
     0.01238875
     0.01402615
     0.01415903
     0.01421974
     0.01416998
     0.01372337
     0.01320118
     0.01268017
     0.01215976
     0.01164022
     0.01117811
     0.01133599
     0.01175244
     0.01216946
     0.01258705
     0.01300521
     0.01305721
     0.00863242
     0.00390653
     0.00074370
     0.00531827
     0.00655584
     0.00515934
     0.00475167
     0.00448793
     0.00422392
     0.00395982
     0.00369487
     0.00343009
     0.00316526
     0.00289998
     0.00233994
     0.00151432
     0.00068626
     0.00031549
     0.00132829
     0.00234471
     0.00336473
     0.00458669
     0.00641465
     0.00610746
     0.00558957
     0.00507259
     0.00455651
     0.00404136
     0.00353298
     0.00322480
     0.00316173
     0.00309868
     0.00303564
     0.00297261
     0.00290960
     0.00284660
     0.00278361
     0.00272063
     0.00265767
     0.00259471
     0.00253177
     0.00165856
     0.00029541
     0.00084319
     0.00180354
     0.00290252
     0.00399689
     0.79665066
     0.00000000
     0.00000000
     0.00000000
     0.00000000
     0.00000000
     0.00000000
     0.00000000
     0.00000000
     0.00000000
     0.00000000
     0.00000000
     0.00000000
     0.00000000
     0.00000000
     0.00000000
     0.00000000
     0.00000000
     0.00000000
     0.00000000
     0.00000000
     0.00000000
     0.00000000
     0.00000000
     0.00000000
     0.00000000
     0.00431610
     0.00273268
     0.00114042
     0.00046125
     0.00207179
     0.00389500
     0.00576844
     0.00765386
     0.00955127
     0.01146065
     0.01338202
     0.01523010
     0.01529106
     0.01535203
     0.01525690
     0.01473177
     0.01420752
     0.01368444
     0.01316198
     0.01264038
     0.01225867
     0.01260602
     0.01302450
     0.01344355
     0.01386315
     0.01428333
     0.01468792
     0.01072168
     0.00612059
     0.00143123
     0.00318245
     0.00554294
     0.00509843
     0.00483482
     0.00457096
     0.00430682
     0.00404260
     0.00377754
     0.00351259
     0.00324763
     0.00298222
     0.00271655
     0.00245063
     0.00185034
     0.00086819
     0.00014117
     0.00115414
     0.00217071
     0.00319090
     0.00494663
     0.00597179
     0.00545376
     0.00493705
     0.00444598
     0.00395575
     0.00348852
     0.00342534
     0.00336218
     0.00329904
     0.00323590
     0.00317278
     0.00310968
     0.00304659
     0.00298351
     0.00310297
     0.00322802
     0.00335312
     0.00347828
     0.00242131
     0.00107192
     0.00025228
     0.00175603
     0.00292958
     0.00402471
     0.79659912
     0.00000000
     0.00000000
     0.00000000
     0.00000000
     0.00000000
     0.00000000
     0.00000000
     0.00000000
     0.00000000
     0.00000000
     0.00000000
     0.00000000
     0.00000000
     0.00000000
     0.00000000
     0.00000000
     0.00000000
     0.00000000
     0.00000000
     0.00000000
     0.00000000
     0.00000000
     0.00000000
     0.00000000
     0.00000000
     0.00382515
     0.00223766
     0.00064131
     0.00112922
     0.00298624
     0.00485524
     0.00673624
     0.00862922
     0.01053419
     0.01245113
     0.01435947
     0.01614075
     0.01642893
     0.01649016
     0.01627221
     0.01574501
     0.01521870
     0.01469356
     0.01416903
     0.01368187
     0.01346335
     0.01388329
     0.01430378
     0.01472485
     0.01514649
     0.01556868
     0.01599145
     0.01244342
     0.00794344
     0.00338815
     0.00109675
     0.00469197
     0.00518165
     0.00491791
     0.00465391
     0.00438964
     0.00412530
     0.00386015
     0.00359501
     0.00332991
     0.00306437
     0.00279857
     0.00253253
     0.00226622
     0.00160235
     0.00082190
     0.00003314
     0.00098000
     0.00201369
     0.00350899
     0.00533349
     0.00536341
     0.00487127
     0.00437995
     0.00388945
     0.00368977
     0.00362650
     0.00356325
     0.00350876
     0.00363408
     0.00375946
     0.00388489
     0.00401037
     0.00413590
     0.00426149
     0.00438713
     0.00451283
     0.00456648
     0.00320603
     0.00185827
     0.00055105
     0.00091508
     0.00260687
     0.00405240
     0.79640743
     0.00000000
     0.00000000
     0.00000000
     0.00000000
     0.00000000
     0.00000000
     0.00000000
     0.00000000
     0.00000000
     0.00000000
     0.00000000
     0.00000000
     0.00000000
     0.00000000
     0.00000000
     0.00000000
     0.00000000
     0.00000000
     0.00000000
     0.00000000
     0.00000000
     0.00000000
     0.00000000
     0.00000000
     0.00000000
     0.00333236
     0.00161422
     0.00022628
     0.00207911
     0.00394370
     0.00582027
     0.00770883
     0.00960937
     0.01152189
     0.01344638
     0.01524040
     0.01702792
     0.01757264
     0.01763412
     0.01729234
     0.01676309
     0.01623473
     0.01570752
     0.01518093
     0.01477487
     0.01474582
     0.01516777
     0.01559030
     0.01601339
     0.01643704
     0.01686126
     0.01728604
     0.01402932
     0.00961747
     0.00518686
     0.00067063
     0.00476463
     0.00509285
     0.00500092
     0.00473679
     0.00447239
     0.00420793
     0.00394268
     0.00367737
     0.00341214
     0.00314647
     0.00288053
     0.00261435
     0.00234792
     0.00173009
     0.00094313
     0.00013604
     0.00067335
     0.00148505
     0.00249842
     0.00409251
     0.00529797
     0.00484746
     0.00442211
     0.00416712
     0.00429282
     0.00441858
     0.00454439
     0.00467026
     0.00479617
     0.00492214
     0.00504817
     0.00517425
     0.00530037
     0.00542656
     0.00555279
     0.00567908
     0.00535941
     0.00399425
     0.00266999
     0.00135808
     0.00007013
     0.00176832
     0.00345602
     0.79617685
     0.00000000
     0.00000000
     0.00000000
     0.00000000
     0.00000000
     0.00000000
     0.00000000
     0.00000000
     0.00000000
     0.00000000
     0.00000000
     0.00000000
     0.00000000
     0.00000000
     0.00000000
     0.00000000
     0.00000000
     0.00000000
     0.00000000
     0.00000000
     0.00000000
     0.00000000
     0.00000000
     0.00000000
     0.00000000
     0.00251094
     0.00067467
     0.00117339
     0.00303377
     0.00490593
     0.00679006
     0.00868618
     0.01059428
     0.01251435
     0.01434152
     0.01612519
     0.01785717
     0.01852448
     0.01860449
     0.01826310
     0.01778601
     0.01725557
     0.01672632
     0.01621373
     0.01587339
     0.01603551
     0.01645948
     0.01688403
     0.01730914
     0.01773480
     0.01816105
     0.01858784
     0.01562571
     0.01118810
     0.00681368
     0.00104792
     0.00515562
     0.00536947
     0.00508386
     0.00481961
     0.00455508
     0.00429049
     0.00402514
     0.00375965
     0.00349429
     0.00322847
     0.00296242
     0.00269610
     0.00242954
     0.00182529
     0.00102009
     0.00021258
     0.00059722
     0.00140932
     0.00222374
     0.00376086
     0.00536308
     0.00566837
     0.00524151
     0.00533278
     0.00545908
     0.00558543
     0.00571183
     0.00583829
     0.00596480
     0.00609137
     0.00621799
     0.00634466
     0.00647138
     0.00659816
     0.00672500
     0.00685187
     0.00615584
     0.00480799
     0.00348541
     0.00216880
     0.00077884
     0.00092575
     0.00262015
     0.79512695
     0.00000000
     0.00000000
     0.00000000
     0.00000000
     0.00000000
     0.00000000
     0.00000000
     0.00000000
     0.00000000
     0.00000000
     0.00000000
     0.00000000
     0.00000000
     0.00000000
     0.00000000
     0.00000000
     0.00000000
     0.00000000
     0.00000000
     0.00000000
     0.00000000
     0.00000000
     0.00000000
     0.00000000
     0.00000000
     0.00157417
     0.00026965
     0.00212527
     0.00399322
     0.00587293
     0.00776462
     0.00966830
     0.01158396
     0.01344410
     0.01518382
     0.01658994
     0.01800229
     0.01886306
     0.01897477
     0.01866441
     0.01821000
     0.01775622
     0.01730339
     0.01693752
     0.01664875
     0.01714065
     0.01771249
     0.01818497
     0.01861210
     0.01903979
     0.01946804
     0.01989686
     0.01716969
     0.01276925
     0.00753086
     0.00120493
     0.00500408
     0.00592529
     0.00555728
     0.00490234
     0.00463769
     0.00437298
     0.00410753
     0.00384187
     0.00357636
     0.00331042
     0.00304422
     0.00277779
     0.00251108
     0.00192798
     0.00109697
     0.00028906
     0.00052116
     0.00133368
     0.00214850
     0.00342923
     0.00503086
     0.00649295
     0.00637815
     0.00650498
     0.00663187
     0.00675882
     0.00688582
     0.00701288
     0.00713998
     0.00726714
     0.00739435
     0.00752161
     0.00764893
     0.00777631
     0.00790373
     0.00803121
     0.00696507
     0.00563182
     0.00430453
     0.00298323
     0.00163182
     0.00007918
     0.00177996
     0.79407303
     0.00000000
     0.00000000
     0.00000000
     0.00000000
     0.00000000
     0.00000000
     0.00000000
     0.00000000
     0.00000000
     0.00000000
     0.00000000
     0.00000000
     0.00000000
     0.00000000
     0.00000000
     0.00000000
     0.00000000
     0.00000000
     0.00000000
     0.00000000
     0.00000000
     0.00000000
     0.00000000
     0.00000000
     0.00000000
     0.00063263
     0.00121874
     0.00308193
     0.00495744
     0.00684471
     0.00874397
     0.01065520
     0.01252936
     0.01392464
     0.01532614
     0.01673387
     0.01814781
     0.01920259
     0.01931450
     0.01906692
     0.01861163
     0.01815699
     0.01770328
     0.01740950
     0.01725666
     0.01782910
     0.01840254
     0.01897702
     0.01955251
     0.02012901
     0.02070653
     0.02121307
     0.01870095
     0.01411435
     0.00764505
     0.00131198
     0.00488476
     0.00646387
     0.00611313
     0.00549231
     0.00472023
     0.00445539
     0.00418985
     0.00392401
     0.00365837
     0.00339229
     0.00312596
     0.00285939
     0.00259255
     0.00203456
     0.00117377
     0.00036545
     0.00044518
     0.00125810
     0.00207333
     0.00309766
     0.00469868
     0.00641577
     0.00755630
     0.00768373
     0.00781121
     0.00793875
     0.00806635
     0.00819400
     0.00832170
     0.00844945
     0.00857725
     0.00870511
     0.00883302
     0.00896099
     0.00908901
     0.00914483
     0.00779728
     0.00645933
     0.00512735
     0.00380135
     0.00248130
     0.00077142
     0.00093577
     0.79300799
     0.00000000
     0.00000000
     0.00000000
     0.00000000
     0.00000000
     0.00000000
     0.00000000
     0.00000000
     0.00000000
     0.00000000
     0.00000000
     0.00000000
     0.00000000
     0.00000000
     0.00000000
     0.00000000
     0.00000000
     0.00000000
     0.00000000
     0.00000000
     0.00000000
     0.00000000
     0.00000000
     0.00000000
     0.00000000
     0.00031369
     0.00217260
     0.00404336
     0.00592643
     0.00782126
     0.00972807
     0.01127536
     0.01266889
     0.01406577
     0.01546888
     0.01687822
     0.01829377
     0.01954310
     0.01965520
     0.01947063
     0.01901447
     0.01855895
     0.01817326
     0.01788298
     0.01794606
     0.01852012
     0.01909518
     0.01967127
     0.02024837
     0.02082649
     0.02140563
     0.02198577
     0.01995855
     0.01423602
     0.00775961
     0.00141942
     0.00478444
     0.00660700
     0.00660388
     0.00630096
     0.00523061
     0.00453744
     0.00427210
     0.00400607
     0.00374029
     0.00347409
     0.00320763
     0.00294093
     0.00267396
     0.00214109
     0.00125050
     0.00044177
     0.00036926
     0.00118260
     0.00199824
     0.00281618
     0.00436654
     0.00643221
     0.00861234
     0.00886901
     0.00899708
     0.00912523
     0.00925341
     0.00938165
     0.00950994
     0.00963829
     0.00976669
     0.00989515
     0.01002365
     0.01015221
     0.01028082
     0.00998180
     0.00863319
     0.00729054
     0.00595387
     0.00462316
     0.00329842
     0.00162604
     0.00008756
     0.79202345
     0.00000000
     0.00000000
     0.00000000
     0.00000000
     0.00000000
     0.00000000
     0.00000000
     0.00000000
     0.00000000
     0.00000000
     0.00000000
     0.00000000
     0.00000000
     0.00000000
     0.00000000
     0.00000000
     0.00000000
     0.00000000
     0.00000000
     0.00000000
     0.00000000
     0.00000000
     0.00000000
     0.00000000
     0.00000000
     0.00126478
     0.00313124
     0.00500956
     0.00690019
     0.00856630
     0.01001210
     0.01141656
     0.01280883
     0.01420732
     0.01561204
     0.01702298
     0.01844014
     0.01986351
     0.01999687
     0.01987554
     0.01941850
     0.01896240
     0.01864885
     0.01835794
     0.01863804
     0.01921370
     0.01979039
     0.02036808
     0.02094680
     0.02152654
     0.02210728
     0.02268905
     0.01993007
     0.01428078
     0.00787454
     0.00152724
     0.00468375
     0.00675009
     0.00674699
     0.00674388
     0.00620465
     0.00496798
     0.00435428
     0.00408807
     0.00382216
     0.00355582
     0.00328923
     0.00302238
     0.00275529
     0.00224756
     0.00134060
     0.00051801
     0.00029344
     0.00110718
     0.00192322
     0.00274157
     0.00428281
     0.00644885
     0.00863069
     0.01006083
     0.01018950
     0.01031823
     0.01044701
     0.01057585
     0.01070474
     0.01083368
     0.01096266
     0.01109171
     0.01122082
     0.01134997
     0.01144862
     0.01082609
     0.00947279
     0.00812544
     0.00678407
     0.00544867
     0.00411924
     0.00248467
     0.00074799
     0.79149025
     0.00000000
     0.00000000
     0.00000000
     0.00000000
     0.00000000
     0.00000000
     0.00000000
     0.00000000
     0.00000000
     0.00000000
     0.00000000
     0.00000000
     0.00000000
     0.00000000
     0.00000000
     0.00000000
     0.00000000
     0.00000000
     0.00000000
     0.00000000
     0.00000000
     0.00000000
     0.00000000
     0.00000000
     0.00000000
     0.00184304
     0.00409466
     0.00587727
     0.00731151
     0.00875238
     0.01016768
     0.01155532
     0.01294919
     0.01434929
     0.01575562
     0.01716816
     0.01858692
     0.02001190
     0.02033950
     0.02028164
     0.01982374
     0.01941773
     0.01912594
     0.01883441
     0.01933257
     0.01990986
     0.02048816
     0.02106747
     0.02164781
     0.02222914
     0.02281151
     0.02296382
     0.01959315
     0.01394588
     0.00798986
     0.00163542
     0.00458268
     0.00689318
     0.00689006
     0.00688696
     0.00688386
     0.00594334
     0.00470477
     0.00417000
     0.00390394
     0.00363747
     0.00337075
     0.00310377
     0.00283655
     0.00235399
     0.00144666
     0.00059417
     0.00021768
     0.00103184
     0.00184829
     0.00270772
     0.00429791
     0.00646568
     0.00864924
     0.01084860
     0.01138845
     0.01151777
     0.01164714
     0.01177657
     0.01190606
     0.01203558
     0.01216517
     0.01229481
     0.01242451
     0.01255425
     0.01258090
     0.01167407
     0.01031607
     0.00896404
     0.00761798
     0.00627788
     0.00494375
     0.00334732
     0.00105156
     0.79095604
     0.00000000
     0.00000000
     0.00000000
     0.00000000
     0.00000000
     0.00000000
     0.00000000
     0.00000000
     0.00000000
     0.00000000
     0.00000000
     0.00000000
     0.00000000
     0.00000000
     0.00000000
     0.00000000
     0.00000000
     0.00000000
     0.00000000
     0.00000000
     0.00000000
     0.00000000
     0.00000000
     0.00000000
     0.00000000
     0.00162294
     0.00463106
     0.00606003
     0.00749620
     0.00892223
     0.01030524
     0.01169449
     0.01308997
     0.01449168
     0.01589961
     0.01731376
     0.01873413
     0.02016071
     0.02068311
     0.02066122
     0.02023017
     0.01989694
     0.01960452
     0.01945181
     0.02002968
     0.02060858
     0.02118850
     0.02176942
     0.02235137
     0.02293432
     0.02351830
     0.02240441
     0.01925628
     0.01361104
     0.00801343
     0.00174399
     0.00448124
     0.00703623
     0.00703312
     0.00703001
     0.00702692
     0.00668522
     0.00568125
     0.00444008
     0.00398566
     0.00371906
     0.00345220
     0.00318509
     0.00291774
     0.00246037
     0.00155267
     0.00067026
     0.00014200
     0.00096246
     0.00188087
     0.00306843
     0.00437499
     0.00648270
     0.00866799
     0.01086906
     0.01259392
     0.01272384
     0.01285381
     0.01298383
     0.01311390
     0.01324403
     0.01337421
     0.01350444
     0.01363473
     0.01369426
     0.01371905
     0.01252576
     0.01116306
     0.00980634
     0.00845557
     0.00711079
     0.00577195
     0.00371599
     0.00137094
     0.79042083
     0.00000000
     0.00000000
     0.00000000
     0.00000000
     0.00000000
     0.00000000
     0.00000000
     0.00000000
     0.00000000
     0.00000000
     0.00000000
     0.00000000
     0.00000000
     0.00000000
     0.00000000
     0.00000000
     0.00000000
     0.00000000
     0.00000000
     0.00000000
     0.00000000
     0.00000000
     0.00000000
     0.00000000
     0.00000000
     0.00140284
     0.00481243
     0.00624334
     0.00768022
     0.00905860
     0.01044322
     0.01183408
     0.01323116
     0.01463448
     0.01604402
     0.01745978
     0.01888175
     0.02030993
     0.02102767
     0.02100129
     0.02067066
     0.02037764
     0.02008460
     0.02014987
     0.02072937
     0.02130987
     0.02189140
     0.02247393
     0.02305749
     0.02364206
     0.02305060
     0.02184536
     0.01891945
     0.01327625
     0.00773240
     0.00185293
     0.00437943
     0.00717925
     0.00717615
     0.00717304
     0.00716996
     0.00711128
     0.00637075
     0.00541807
     0.00417513
     0.00380056
     0.00353358
     0.00326634
     0.00283030
     0.00204759
     0.00104637
     0.00003252
     0.00088482
     0.00180367
     0.00285151
     0.00415531
     0.00546488
     0.00731208
     0.00939412
     0.01149040
     0.01360090
     0.01438392
     0.01450119
     0.01461850
     0.01473586
     0.01485326
     0.01497070
     0.01508819
     0.01509180
     0.01489324
     0.01475445
     0.01338111
     0.01201373
     0.01065232
     0.00929687
     0.00794738
     0.00622306
     0.00400375
     0.00169133
     0.78988461
     0.00000000
     0.00000000
     0.00000000
     0.00000000
     0.00000000
     0.00000000
     0.00000000
     0.00000000
     0.00000000
     0.00000000
     0.00000000
     0.00000000
     0.00000000
     0.00000000
     0.00000000
     0.00000000
     0.00000000
     0.00000000
     0.00000000
     0.00000000
     0.00000000
     0.00000000
     0.00000000
     0.00000000
     0.00000000
     0.00118274
     0.00499436
     0.00642720
     0.00781540
     0.00919539
     0.01058162
     0.01197409
     0.01337278
     0.01477771
     0.01618886
     0.01760621
     0.01902979
     0.02045958
     0.02137320
     0.02134232
     0.02115348
     0.02085983
     0.02056617
     0.02085050
     0.02143160
     0.02201373
     0.02259687
     0.02318101
     0.02376618
     0.02369904
     0.02249067
     0.02128664
     0.01858267
     0.01294150
     0.00739969
     0.00177223
     0.00427723
     0.00732226
     0.00731915
     0.00731604
     0.00731296
     0.00730974
     0.00688584
     0.00605500
     0.00515444
     0.00387814
     0.00323086
     0.00260938
     0.00198652
     0.00122744
     0.00024142
     0.00077607
     0.00172654
     0.00264876
     0.00393841
     0.00524800
     0.00656335
     0.00819291
     0.01028249
     0.01238631
     0.01450433
     0.01643439
     0.01655249
     0.01667064
     0.01678883
     0.01690707
     0.01702535
     0.01712783
     0.01692788
     0.01672804
     0.01616099
     0.01454504
     0.01293726
     0.01150199
     0.01014186
     0.00852643
     0.00644908
     0.00432943
     0.00201273
     0.78934739
     0.00000000
     0.00000000
     0.00000000
     0.00000000
     0.00000000
     0.00000000
     0.00000000
     0.00000000
     0.00000000
     0.00000000
     0.00000000
     0.00000000
     0.00000000
     0.00000000
     0.00000000
     0.00000000
     0.00000000
     0.00000000
     0.00000000
     0.00000000
     0.00000000
     0.00000000
     0.00000000
     0.00000000
     0.00000000
     0.00096265
     0.00517683
     0.00657541
     0.00795099
     0.00933260
     0.01072044
     0.01211451
     0.01351482
     0.01492135
     0.01633410
     0.01775306
     0.01917825
     0.02036689
     0.02062267
     0.02078178
     0.02113615
     0.02109047
     0.02104450
     0.02155369
     0.02213641
     0.02272014
     0.02330489
     0.02389065
     0.02434971
     0.02313823
     0.02193109
     0.02072827
     0.01824593
     0.01260679
     0.00706703
     0.00156718
     0.00417467
     0.00746524
     0.00746212
     0.00745902
     0.00745595
     0.00745271
     0.00731444
     0.00630366
     0.00513153
     0.00393977
     0.00238775
     0.00176393
     0.00113874
     0.00040349
     0.00056721
     0.00158833
     0.00257217
     0.00372151
     0.00503111
     0.00634649
     0.00766763
     0.00907773
     0.01117486
     0.01328620
     0.01541174
     0.01755148
     0.01861991
     0.01873890
     0.01885792
     0.01897699
     0.01909611
     0.01897835
     0.01877712
     0.01857602
     0.01775513
     0.01613007
     0.01451317
     0.01290443
     0.01116402
     0.00883576
     0.00667577
     0.00465613
     0.00233513
     0.78880916
     0.00000000
     0.00000000
     0.00000000
     0.00000000
     0.00000000
     0.00000000
     0.00000000
     0.00000000
     0.00000000
     0.00000000
     0.00000000
     0.00000000
     0.00000000
     0.00000000
     0.00000000
     0.00000000
     0.00000000
     0.00000000
     0.00000000
     0.00000000
     0.00000000
     0.00000000
     0.00000000
     0.00000000
     0.00000000
     0.00074256
     0.00533919
     0.00670981
     0.00808701
     0.00947022
     0.01085967
     0.01225536
     0.01365727
     0.01506541
     0.01647977
     0.01790034
     0.01912286
     0.01941237
     0.01968823
     0.01996834
     0.02037228
     0.02056352
     0.02076226
     0.02222825
     0.02284378
     0.02342912
     0.02401547
     0.02460285
     0.02378803
     0.02257778
     0.02137184
     0.02017026
     0.01790923
     0.01227214
     0.00673440
     0.00129623
     0.00435575
     0.00760819
     0.00760508
     0.00740282
     0.00719429
     0.00698541
     0.00677651
     0.00589283
     0.00471803
     0.00353812
     0.00235324
     0.00091448
     0.00028694
     0.00042427
     0.00137951
     0.00240425
     0.00350461
     0.00481423
     0.00612962
     0.00745078
     0.00877770
     0.01011039
     0.01207121
     0.01419008
     0.01632315
     0.01847040
     0.02063182
     0.02082324
     0.02094310
     0.02106300
     0.02104464
     0.02084202
     0.02063952
     0.02043713
     0.01935945
     0.01772528
     0.01609926
     0.01446517
     0.01211065
     0.00977365
     0.00745950
     0.00507950
     0.00265855
     0.78826992
     0.00000000
     0.00000000
     0.00000000
     0.00000000
     0.00000000
     0.00000000
     0.00000000
     0.00000000
     0.00000000
     0.00000000
     0.00000000
     0.00000000
     0.00000000
     0.00000000
     0.00000000
     0.00000000
     0.00000000
     0.00000000
     0.00000000
     0.00000000
     0.00000000
     0.00000000
     0.00000000
     0.00000000
     0.00000000
     0.00052224
     0.00547240
     0.00684464
     0.00822345
     0.00960827
     0.01099933
     0.01239662
     0.01380014
     0.01520989
     0.01662585
     0.01788202
     0.01817063
     0.01845950
     0.01874861
     0.01915596
     0.01955917
     0.01996319
     0.02061314
     0.02207946
     0.02355220
     0.02414065
     0.02472862
     0.02444007
     0.02322670
     0.02201766
     0.02081295
     0.01961258
     0.01757258
     0.01193752
     0.00640183
     0.00096569
     0.00442743
     0.00711707
     0.00678393
     0.00657471
     0.00636541
     0.00615571
     0.00594602
     0.00541110
     0.00430309
     0.00312050
     0.00193295
     0.00074045
     0.00056885
     0.00125584
     0.00219548
     0.00322385
     0.00459735
     0.00591275
     0.00723393
     0.00856087
     0.00989356
     0.01123203
     0.01297156
     0.01509795
     0.01723853
     0.01939329
     0.02156220
     0.02292365
     0.02304434
     0.02312673
     0.02292271
     0.02271882
     0.02251504
     0.02231138
     0.02097392
     0.01933066
     0.01769554
     0.01542488
     0.01306163
     0.01071589
     0.00839836
     0.00604138
     0.00332215
     0.78772967
     0.00000000
     0.00000000
     0.00000000
     0.00000000
     0.00000000
     0.00000000
     0.00000000
     0.00000000
     0.00000000
     0.00000000
     0.00000000
     0.00000000
     0.00000000
     0.00000000
     0.00000000
     0.00000000
     0.00000000
     0.00000000
     0.00000000
     0.00000000
     0.00000000
     0.00000000
     0.00000000
     0.00000000
     0.00000000
     0.00030226
     0.00560603
     0.00697988
     0.00836030
     0.00974674
     0.01113941
     0.01253831
     0.01394343
     0.01535479
     0.01664436
     0.01693207
     0.01722004
     0.01750826
     0.01791160
     0.01834465
     0.01874714
     0.01915043
     0.02039760
     0.02193068
     0.02340373
     0.02485474
     0.02509434
     0.02387786
     0.02266571
     0.02145789
     0.02025441
     0.01905526
     0.01723598
     0.01160295
     0.00606930
     0.00063520
     0.00416228
     0.00676611
     0.00595262
     0.00574261
     0.00553243
     0.00532202
     0.00511154
     0.00482578
     0.00388671
     0.00270144
     0.00151123
     0.00031604
     0.00088410
     0.00209122
     0.00301513
     0.00424142
     0.00568830
     0.00701707
     0.00834403
     0.00967675
     0.01101522
     0.01235946
     0.01387589
     0.01600981
     0.01815790
     0.02032015
     0.02249656
     0.02468708
     0.02516163
     0.02501917
     0.02481389
     0.02460871
     0.02440367
     0.02419876
     0.02259853
     0.02094619
     0.01877842
     0.01638894
     0.01401696
     0.01166585
     0.00934164
     0.00700791
     0.00427796
     0.78660846
     0.00000000
     0.00000000
     0.00000000
     0.00000000
     0.00000000
     0.00000000
     0.00000000
     0.00000000
     0.00000000
     0.00000000
     0.00000000
     0.00000000
     0.00000000
     0.00000000
     0.00000000
     0.00000000
     0.00000000
     0.00000000
     0.00000000
     0.00000000
     0.00000000
     0.00000000
     0.00000000
     0.00000000
     0.00000000
     0.00008204
     0.00574009
     0.00711555
     0.00849758
     0.00988563
     0.01127991
     0.01268040
     0.01408714
     0.01540989
     0.01569670
     0.01598377
     0.01627108
     0.01655866
     0.01708207
     0.01753439
     0.01793616
     0.01833873
     0.01990231
     0.02158381
     0.02325528
     0.02473505
     0.02453126
     0.02331601
     0.02210507
     0.02089848
     0.01969621
     0.01849829
     0.01689942
     0.01126843
     0.00573681
     0.00054994
     0.00400612
     0.00641396
     0.00541288
     0.00490651
     0.00469553
     0.00448433
     0.00427307
     0.00406132
     0.00340078
     0.00228095
     0.00108805
     0.00010981
     0.00131261
     0.00252039
     0.00388075
     0.00532694
     0.00678011
     0.00812720
     0.00945993
     0.01079843
     0.01214267
     0.01349269
     0.01484844
     0.01692564
     0.01908124
     0.02125099
     0.02343487
     0.02563285
     0.02713136
     0.02692469
     0.02671814
     0.02651171
     0.02630540
     0.02590279
     0.02423328
     0.02217116
     0.01975553
     0.01735736
     0.01497666
     0.01262226
     0.01028930
     0.00797369
     0.00523843
     0.78543864
     0.00000000
     0.00000000
     0.00000000
     0.00000000
     0.00000000
     0.00000000
     0.00000000
     0.00000000
     0.00000000
     0.00000000
     0.00000000
     0.00000000
     0.00000000
     0.00000000
     0.00000000
     0.00000000
     0.00000000
     0.00000000
     0.00000000
     0.00000000
     0.00000000
     0.00000000
     0.00000000
     0.00000000
     0.00000000
     0.00000000
     0.00587457
     0.00725164
     0.00863528
     0.01002492
     0.01142081
     0.01282293
     0.01417859
     0.01446451
     0.01475066
     0.01503709
     0.01532376
     0.01569492
     0.01625370
     0.01672521
     0.01712626
     0.01773560
     0.01940725
     0.02108737
     0.02277595
     0.02368068
     0.02367270
     0.02275449
     0.02154478
     0.02033940
     0.01913836
     0.01794165
     0.01656291
     0.01093394
     0.00540437
     0.00057848
     0.00398150
     0.00606064
     0.00505748
     0.00406641
     0.00385464
     0.00364264
     0.00343059
     0.00321804
     0.00280841
     0.00185900
     0.00066343
     0.00053709
     0.00174258
     0.00295303
     0.00476474
     0.00641815
     0.00787763
     0.00924312
     0.01058163
     0.01192589
     0.01327591
     0.01463169
     0.01599321
     0.01784545
     0.02000855
     0.02218579
     0.02437714
     0.02658259
     0.02866735
     0.02884326
     0.02863544
     0.02842775
     0.02822018
     0.02755669
     0.02560301
     0.02316130
     0.02073699
     0.01833011
     0.01594205
     0.01358306
     0.01124137
     0.00891703
     0.00620355
     0.78426416
     0.00000000
     0.00000000
     0.00000000
     0.00000000
     0.00000000
     0.00000000
     0.00000000
     0.00000000
     0.00000000
     0.00000000
     0.00000000
     0.00000000
     0.00000000
     0.00000000
     0.00000000
     0.00000000
     0.00000000
     0.00000000
     0.00000000
     0.00000000
     0.00000000
     0.00000000
     0.00000000
     0.00000000
     0.00000000
     0.00000000
     0.00600946
     0.00738814
     0.00877339
     0.01016464
     0.01156214
     0.01295049
     0.01323550
     0.01352076
     0.01380628
     0.01409205
     0.01437808
     0.01486873
     0.01542646
     0.01591709
     0.01631742
     0.01724215
     0.01891242
     0.02059115
     0.02194305
     0.02248146
     0.02247350
     0.02219332
     0.02098484
     0.01978067
     0.01858086
     0.01738537
     0.01619425
     0.01059951
     0.00524354
     0.00060723
     0.00395666
     0.00570612
     0.00470090
     0.00369209
     0.00300975
     0.00279695
     0.00258411
     0.00237077
     0.00215767
     0.00136893
     0.00023736
     0.00096584
     0.00217399
     0.00356015
     0.00538846
     0.00777134
     0.00898083
     0.01036483
     0.01170911
     0.01305915
     0.01441493
     0.01577647
     0.01714375
     0.01876925
     0.02093984
     0.02312455
     0.02532338
     0.02753628
     0.02976323
     0.03077487
     0.03056579
     0.03035682
     0.03014799
     0.02907385
     0.02660613
     0.02415576
     0.02172277
     0.01930720
     0.01691595
     0.01454824
     0.01219783
     0.00986476
     0.00717332
     0.78308503
     0.00000000
     0.00000000
     0.00000000
     0.00000000
     0.00000000
     0.00000000
     0.00000000
     0.00000000
     0.00000000
     0.00000000
     0.00000000
     0.00000000
     0.00000000
     0.00000000
     0.00000000
     0.00000000
     0.00000000
     0.00000000
     0.00000000
     0.00000000
     0.00000000
     0.00000000
     0.00000000
     0.00000000
     0.00000000
     0.00000000
     0.00614478
     0.00752506
     0.00891192
     0.01030479
     0.01170390
     0.01200969
     0.01229404
     0.01257866
     0.01286353
     0.01314865
     0.01348796
     0.01404368
     0.01460036
     0.01511004
     0.01550964
     0.01668489
     0.01832659
     0.01995334
     0.02062427
     0.02127776
     0.02127712
     0.02126918
     0.02042523
     0.01922230
     0.01802370
     0.01682945
     0.01563954
     0.01026513
     0.00527642
     0.00063620
     0.00393162
     0.00536692
     0.00434313
     0.00333226
     0.00231777
     0.00194727
     0.00173364
     0.00151950
     0.00130559
     0.00076949
     0.00019014
     0.00139601
     0.00260685
     0.00429896
     0.00605674
     0.00840408
     0.01042965
     0.01149234
     0.01284239
     0.01419819
     0.01555974
     0.01692704
     0.01830006
     0.01969701
     0.02187509
     0.02406728
     0.02627356
     0.02849391
     0.03072828
     0.03215942
     0.03250912
     0.03229891
     0.03206715
     0.03008990
     0.02761356
     0.02515454
     0.02271289
     0.02028864
     0.01789423
     0.01551782
     0.01315870
     0.01081689
     0.00814773
     0.78231350
     0.00000000
     0.00000000
     0.00000000
     0.00000000
     0.00000000
     0.00000000
     0.00000000
     0.00000000
     0.00000000
     0.00000000
     0.00000000
     0.00000000
     0.00000000
     0.00000000
     0.00000000
     0.00000000
     0.00000000
     0.00000000
     0.00000000
     0.00000000
     0.00000000
     0.00000000
     0.00000000
     0.00000000
     0.00000000
     0.00000000
     0.00628051
     0.00766240
     0.00905087
     0.01044535
     0.01078705
     0.01107051
     0.01135423
     0.01163820
     0.01192242
     0.01220690
     0.01266511
     0.01321977
     0.01377541
     0.01428295
     0.01452715
     0.01604145
     0.01768102
     0.01861137
     0.01928004
     0.01995004
     0.02006149
     0.02006499
     0.01986598
     0.01866426
     0.01746689
     0.01627386
     0.01508518
     0.01002602
     0.00530953
     0.00066538
     0.00390635
     0.00505319
     0.00398418
     0.00297123
     0.00195470
     0.00109359
     0.00087918
     0.00066423
     0.00044951
     0.00016773
     0.00068433
     0.00182764
     0.00333761
     0.00504085
     0.00677047
     0.00903918
     0.01145397
     0.01300757
     0.01398761
     0.01534301
     0.01671032
     0.01808336
     0.01946214
     0.02084664
     0.02281431
     0.02501396
     0.02722770
     0.02945547
     0.03169727
     0.03338821
     0.03445587
     0.03425396
     0.03311167
     0.03111025
     0.02862530
     0.02615764
     0.02370733
     0.02127928
     0.01887690
     0.01649178
     0.01395338
     0.01112042
     0.00808800
     0.78217944
     0.00000000
     0.00000000
     0.00000000
     0.00000000
     0.00000000
     0.00000000
     0.00000000
     0.00000000
     0.00000000
     0.00000000
     0.00000000
     0.00000000
     0.00000000
     0.00000000
     0.00000000
     0.00000000
     0.00000000
     0.00000000
     0.00000000
     0.00000000
     0.00000000
     0.00000000
     0.00000000
     0.00000000
     0.00000000
     0.00000000
     0.00641666
     0.00780016
     0.00919024
     0.00956762
     0.00985017
     0.01013299
     0.01041606
     0.01069938
     0.01098295
     0.01129073
     0.01184338
     0.01239701
     0.01295159
     0.01329021
     0.01376932
     0.01539856
     0.01660812
     0.01727318
     0.01793959
     0.01860734
     0.01884470
     0.01884819
     0.01885168
     0.01809263
     0.01690785
     0.01571862
     0.01453117
     0.01006325
     0.00534284
     0.00069478
     0.00388087
     0.00473844
     0.00362404
     0.00260903
     0.00159042
     0.00056816
     0.00002071
     0.00019505
     0.00041056
     0.00062635
     0.00129082
     0.00237808
     0.00407712
     0.00578581
     0.00750417
     0.00967665
     0.01209807
     0.01446127
     0.01556128
     0.01654978
     0.01786666
     0.01924546
     0.02062997
     0.02202022
     0.02375748
     0.02596459
     0.02818577
     0.03042098
     0.03267018
     0.03462276
     0.03569464
     0.03546815
     0.03416058
     0.03213489
     0.02964133
     0.02716505
     0.02470609
     0.02227500
     0.01948866
     0.01660521
     0.01374692
     0.01091384
     0.00800344
     0.78204531
     0.00000000
     0.00000000
     0.00000000
     0.00000000
     0.00000000
     0.00000000
     0.00000000
     0.00000000
     0.00000000
     0.00000000
     0.00000000
     0.00000000
     0.00000000
     0.00000000
     0.00000000
     0.00000000
     0.00000000
     0.00000000
     0.00000000
     0.00000000
     0.00000000
     0.00000000
     0.00000000
     0.00000000
     0.00000000
     0.00000000
     0.00655322
     0.00793835
     0.00835137
     0.00863303
     0.00891494
     0.00919711
     0.00947952
     0.00976220
     0.01004513
     0.01047120
     0.01102281
     0.01157538
     0.01196876
     0.01229388
     0.01312911
     0.01461453
     0.01527598
     0.01593879
     0.01660293
     0.01726843
     0.01763089
     0.01763438
     0.01763785
     0.01750927
     0.01632579
     0.01514658
     0.01397993
     0.01010070
     0.00537637
     0.00072439
     0.00385518
     0.00442268
     0.00327629
     0.00224564
     0.00122497
     0.00020064
     0.00082716
     0.00105832
     0.00127463
     0.00149121
     0.00189963
     0.00317908
     0.00481972
     0.00653386
     0.00825764
     0.01031648
     0.01274453
     0.01511368
     0.01714492
     0.01813887
     0.01913581
     0.02041331
     0.02180357
     0.02319953
     0.02470461
     0.02691918
     0.02914779
     0.03139041
     0.03364700
     0.03586306
     0.03693916
     0.03641360
     0.03521389
     0.03316381
     0.03066167
     0.02809433
     0.02512488
     0.02219113
     0.01928244
     0.01639887
     0.01354047
     0.01070727
     0.00789931
     0.78191113
     0.00000000
     0.00000000
     0.00000000
     0.00000000
     0.00000000
     0.00000000
     0.00000000
     0.00000000
     0.00000000
     0.00000000
     0.00000000
     0.00000000
     0.00000000
     0.00000000
     0.00000000
     0.00000000
     0.00000000
     0.00000000
     0.00000000
     0.00000000
     0.00000000
     0.00000000
     0.00000000
     0.00000000
     0.00000000
     0.00000000
     0.00669021
     0.00713812
     0.00741908
     0.00770009
     0.00798134
     0.00826286
     0.00854464
     0.00882667
     0.00910895
     0.00965282
     0.01020338
     0.01059083
     0.01097655
     0.01142677
     0.01248945
     0.01328846
     0.01394765
     0.01460818
     0.01527007
     0.01593329
     0.01642008
     0.01642354
     0.01642701
     0.01643047
     0.01574414
     0.01456622
     0.01377544
     0.01013390
     0.00541012
     0.00075422
     0.00382928
     0.00410590
     0.00295736
     0.00188105
     0.00085832
     0.00016807
     0.00119792
     0.00192558
     0.00214270
     0.00236007
     0.00275183
     0.00409739
     0.00556539
     0.00728498
     0.00901420
     0.01104363
     0.01339333
     0.01576842
     0.01811338
     0.01973790
     0.02074029
     0.02174565
     0.02298290
     0.02438459
     0.02579199
     0.02787770
     0.03011373
     0.03236376
     0.03462775
     0.03690565
     0.03755361
     0.03702664
     0.03627158
     0.03390284
     0.03088027
     0.02788278
     0.02491891
     0.02198504
     0.01907623
     0.01619254
     0.01333401
     0.01050070
     0.00769261
     0.78177689
     0.00000000
     0.00000000
     0.00000000
     0.00000000
     0.00000000
     0.00000000
     0.00000000
     0.00000000
     0.00000000
     0.00000000
     0.00000000
     0.00000000
     0.00000000
     0.00000000
     0.00000000
     0.00000000
     0.00000000
     0.00000000
     0.00000000
     0.00000000
     0.00000000
     0.00000000
     0.00000000
     0.00000000
     0.00000000
     0.00000000
     0.00592838
     0.00620811
     0.00648842
     0.00676878
     0.00704939
     0.00733026
     0.00761139
     0.00789278
     0.00828704
     0.00883330
     0.00921714
     0.00982581
     0.01046972
     0.01092328
     0.01131060
     0.01196618
     0.01262310
     0.01328137
     0.01394100
     0.01460196
     0.01521224
     0.01521569
     0.01521915
     0.01522261
     0.01516289
     0.01398628
     0.01357095
     0.01014526
     0.00544408
     0.00078427
     0.00380315
     0.00378811
     0.00263740
     0.00151530
     0.00049049
     0.00053796
     0.00156987
     0.00260581
     0.00301476
     0.00327203
     0.00379337
     0.00502001
     0.00637669
     0.00803916
     0.00977383
     0.01177520
     0.01404451
     0.01642554
     0.01877676
     0.02114465
     0.02235468
     0.02336548
     0.02437926
     0.02557538
     0.02698849
     0.02884016
     0.03108361
     0.03334103
     0.03561239
     0.03789765
     0.03816966
     0.03707644
     0.03597137
     0.03369142
     0.03066879
     0.02767192
     0.02471294
     0.02177895
     0.01887002
     0.01598621
     0.01312757
     0.01029413
     0.00748592
     0.78164259
     0.00000000
     0.00000000
     0.00000000
     0.00000000
     0.00000000
     0.00000000
     0.00000000
     0.00000000
     0.00000000
     0.00000000
     0.00000000
     0.00000000
     0.00000000
     0.00000000
     0.00000000
     0.00000000
     0.00000000
     0.00000000
     0.00000000
     0.00000000
     0.00000000
     0.00000000
     0.00000000
     0.00000000
     0.00000000
     0.00000000
     0.00500066
     0.00527974
     0.00555941
     0.00583912
     0.00611909
     0.00639932
     0.00667979
     0.00696052
     0.00746526
     0.00803996
     0.00868326
     0.00932790
     0.00996690
     0.01025524
     0.01008611
     0.01064770
     0.01130236
     0.01195836
     0.01261572
     0.01327444
     0.01393449
     0.01401085
     0.01401429
     0.01401774
     0.01402118
     0.01366667
     0.01336646
     0.01015679
     0.00545325
     0.00081452
     0.00372102
     0.00346930
     0.00231643
     0.00115895
     0.00012148
     0.00090904
     0.00194300
     0.00298102
     0.00389082
     0.00433989
     0.00486347
     0.00594695
     0.00730873
     0.00879642
     0.01053653
     0.01250960
     0.01469804
     0.01708500
     0.01944247
     0.02181662
     0.02397897
     0.02499519
     0.02601440
     0.02703656
     0.02819070
     0.02980656
     0.03205741
     0.03432222
     0.03623008
     0.03754061
     0.03740326
     0.03629658
     0.03519315
     0.03348001
     0.03045730
     0.02746608
     0.02450698
     0.02157286
     0.01866382
     0.01577989
     0.01292112
     0.01008756
     0.00727923
     0.78150823
     0.00000000
     0.00000000
     0.00000000
     0.00000000
     0.00000000
     0.00000000
     0.00000000
     0.00000000
     0.00000000
     0.00000000
     0.00000000
     0.00000000
     0.00000000
     0.00000000
     0.00000000
     0.00000000
     0.00000000
     0.00000000
     0.00000000
     0.00000000
     0.00000000
     0.00000000
     0.00000000
     0.00000000
     0.00000000
     0.00000000
     0.00418799
     0.00435303
     0.00463205
     0.00491111
     0.00519042
     0.00547000
     0.00577398
     0.00626197
     0.00690205
     0.00754345
     0.00818619
     0.00883025
     0.00946435
     0.00920474
     0.00914049
     0.00933303
     0.00998542
     0.01063916
     0.01129426
     0.01195069
     0.01260849
     0.01280898
     0.01281241
     0.01281584
     0.01281928
     0.01345730
     0.01316198
     0.01016850
     0.00546146
     0.00082579
     0.00336415
     0.00314947
     0.00199444
     0.00083480
     0.00024873
     0.00128130
     0.00231731
     0.00335740
     0.00456937
     0.00541326
     0.00593905
     0.00687821
     0.00824508
     0.00961797
     0.01130229
     0.01324687
     0.01539502
     0.01774681
     0.02011054
     0.02249093
     0.02488793
     0.02663479
     0.02765940
     0.02868696
     0.02971749
     0.03082879
     0.03227534
     0.03357277
     0.03487478
     0.03618134
     0.03657563
     0.03551756
     0.03441577
     0.03297676
     0.03024582
     0.02726024
     0.02430102
     0.02136679
     0.01845762
     0.01557357
     0.01271468
     0.00988100
     0.00707255
     0.78147097
     0.00000000
     0.00000000
     0.00000000
     0.00000000
     0.00000000
     0.00000000
     0.00000000
     0.00000000
     0.00000000
     0.00000000
     0.00000000
     0.00000000
     0.00000000
     0.00000000
     0.00000000
     0.00000000
     0.00000000
     0.00000000
     0.00000000
     0.00000000
     0.00000000
     0.00000000
     0.00000000
     0.00000000
     0.00000000
     0.00000000
     0.00364593
     0.00348514
     0.00381191
     0.00417498
     0.00453848
     0.00490241
     0.00522378
     0.00576685
     0.00640636
     0.00704719
     0.00768936
     0.00833284
     0.00828925
     0.00815643
     0.00819655
     0.00802217
     0.00867228
     0.00932376
     0.00997659
     0.01063076
     0.01128629
     0.01161010
     0.01161353
     0.01161695
     0.01175633
     0.01263070
     0.01295749
     0.01018038
     0.00546986
     0.00083070
     0.00297128
     0.00282864
     0.00167144
     0.00050964
     0.00062011
     0.00165474
     0.00269281
     0.00374103
     0.00522485
     0.00649212
     0.00702014
     0.00781377
     0.00918574
     0.01056371
     0.01207112
     0.01398700
     0.01614150
     0.01841097
     0.02078095
     0.02316757
     0.02557081
     0.02799062
     0.02931424
     0.03016522
     0.03025296
     0.03034072
     0.03093143
     0.03222488
     0.03352291
     0.03482551
     0.03556805
     0.03473937
     0.03363924
     0.03236416
     0.03003866
     0.02705441
     0.02409506
     0.02116071
     0.01825142
     0.01536725
     0.01250824
     0.00967444
     0.00686587
     0.78145771
     0.00000000
     0.00000000
     0.00000000
     0.00000000
     0.00000000
     0.00000000
     0.00000000
     0.00000000
     0.00000000
     0.00000000
     0.00000000
     0.00000000
     0.00000000
     0.00000000
     0.00000000
     0.00000000
     0.00000000
     0.00000000
     0.00000000
     0.00000000
     0.00000000
     0.00000000
     0.00000000
     0.00000000
     0.00000000
     0.00000000
     0.00352478
     0.00343873
     0.00335303
     0.00366908
     0.00403224
     0.00430985
     0.00463439
     0.00527200
     0.00591092
     0.00655118
     0.00719277
     0.00745167
     0.00713727
     0.00722212
     0.00733560
     0.00671511
     0.00736296
     0.00801216
     0.00866272
     0.00931463
     0.00996789
     0.01041422
     0.01041764
     0.01042105
     0.01093252
     0.01180524
     0.01268036
     0.01019243
     0.00547842
     0.00083577
     0.00254676
     0.00248566
     0.00134742
     0.00018346
     0.00098512
     0.00202938
     0.00306950
     0.00439476
     0.00588285
     0.00737824
     0.00810673
     0.00875364
     0.01013070
     0.01151377
     0.01290284
     0.01472998
     0.01689084
     0.01907748
     0.02145371
     0.02384656
     0.02625602
     0.02818780
     0.02946540
     0.02955303
     0.02964067
     0.02972834
     0.03015041
     0.03091572
     0.03217451
     0.03347314
     0.03456214
     0.03396202
     0.03286353
     0.03175200
     0.02944879
     0.02684857
     0.02388911
     0.02095464
     0.01804523
     0.01516093
     0.01230181
     0.00946789
     0.00665919
     0.78144446
     0.00000000
     0.00000000
     0.00000000
     0.00000000
     0.00000000
     0.00000000
     0.00000000
     0.00000000
     0.00000000
     0.00000000
     0.00000000
     0.00000000
     0.00000000
     0.00000000
     0.00000000
     0.00000000
     0.00000000
     0.00000000
     0.00000000
     0.00000000
     0.00000000
     0.00000000
     0.00000000
     0.00000000
     0.00000000
     0.00000000
     0.00347853
     0.00339243
     0.00330668
     0.00320996
     0.00339751
     0.00364256
     0.00414035
     0.00477738
     0.00541574
     0.00605542
     0.00659979
     0.00639680
     0.00636198
     0.00647492
     0.00658820
     0.00590268
     0.00605744
     0.00670438
     0.00735266
     0.00800230
     0.00865329
     0.00922135
     0.00922474
     0.00924117
     0.01010986
     0.01098094
     0.01185439
     0.01020466
     0.00548717
     0.00084102
     0.00212079
     0.00209735
     0.00101510
     0.00014375
     0.00131448
     0.00240520
     0.00356547
     0.00505101
     0.00654336
     0.00804303
     0.00919880
     0.00973218
     0.01107997
     0.01246813
     0.01386228
     0.01547579
     0.01764302
     0.01982319
     0.02212519
     0.02370779
     0.02529764
     0.02689473
     0.02849901
     0.02894127
     0.02902882
     0.02911639
     0.02940393
     0.03016813
     0.03093393
     0.03212422
     0.03342344
     0.03308014
     0.03208867
     0.03099224
     0.02884527
     0.02656269
     0.02368316
     0.02074857
     0.01783904
     0.01495463
     0.01209538
     0.00926133
     0.00645252
     0.78143120
     0.00000000
     0.00000000
     0.00000000
     0.00000000
     0.00000000
     0.00000000
     0.00000000
     0.00000000
     0.00000000
     0.00000000
     0.00000000
     0.00000000
     0.00000000
     0.00000000
     0.00000000
     0.00000000
     0.00000000
     0.00000000
     0.00000000
     0.00000000
     0.00000000
     0.00000000
     0.00000000
     0.00000000
     0.00000000
     0.00000000
     0.00343238
     0.00334623
     0.00320666
     0.00300281
     0.00279909
     0.00301143
     0.00364655
     0.00428301
     0.00492079
     0.00555991
     0.00564050
     0.00556710
     0.00561588
     0.00572862
     0.00584171
     0.00531585
     0.00488990
     0.00540040
     0.00604641
     0.00669379
     0.00734251
     0.00799259
     0.00803485
     0.00842131
     0.00928834
     0.01015777
     0.01102958
     0.00987842
     0.00549609
     0.00084645
     0.00169339
     0.00170775
     0.00062325
     0.00047196
     0.00164485
     0.00278220
     0.00421996
     0.00570977
     0.00720640
     0.00871032
     0.01022145
     0.01083197
     0.01203355
     0.01342678
     0.01482601
     0.01628286
     0.01807048
     0.01945308
     0.02084989
     0.02242764
     0.02401265
     0.02560489
     0.02720435
     0.02832994
     0.02841739
     0.02850486
     0.02865822
     0.02942130
     0.03018600
     0.03095231
     0.03207400
     0.03207856
     0.03131465
     0.03021224
     0.02824216
     0.02596203
     0.02347721
     0.02054251
     0.01763285
     0.01474832
     0.01188895
     0.00905479
     0.00624585
     0.78141794
     0.00000000
     0.00000000
     0.00000000
     0.00000000
     0.00000000
     0.00000000
     0.00000000
     0.00000000
     0.00000000
     0.00000000
     0.00000000
     0.00000000
     0.00000000
     0.00000000
     0.00000000
     0.00000000
     0.00000000
     0.00000000
     0.00000000
     0.00000000
     0.00000000
     0.00000000
     0.00000000
     0.00000000
     0.00000000
     0.00000000
     0.00338632
     0.00320332
     0.00299952
     0.00279566
     0.00259193
     0.00252940
     0.00315301
     0.00378889
     0.00442611
     0.00486052
     0.00481187
     0.00473862
     0.00487066
     0.00498321
     0.00509611
     0.00472945
     0.00400696
     0.00410023
     0.00474397
     0.00538907
     0.00603552
     0.00668334
     0.00684795
     0.00760260
     0.00846798
     0.00933575
     0.01020591
     0.00929712
     0.00525689
     0.00085204
     0.00126456
     0.00131689
     0.00023013
     0.00086065
     0.00197624
     0.00338620
     0.00487697
     0.00637104
     0.00787195
     0.00938013
     0.01089553
     0.01193724
     0.01299142
     0.01438973
     0.01514744
     0.01577810
     0.01690846
     0.01828710
     0.01967085
     0.02115074
     0.02273090
     0.02431829
     0.02591292
     0.02751477
     0.02780639
     0.02789377
     0.02798117
     0.02867524
     0.02943883
     0.03020403
     0.03097084
     0.03107862
     0.03054147
     0.02943311
     0.02763947
     0.02536178
     0.02309871
     0.02033645
     0.01742668
     0.01454203
     0.01168253
     0.00884824
     0.00603919
     0.78140467
     0.00000000
     0.00000000
     0.00000000
     0.00000000
     0.00000000
     0.00000000
     0.00000000
     0.00000000
     0.00000000
     0.00000000
     0.00000000
     0.00000000
     0.00000000
     0.00000000
     0.00000000
     0.00000000
     0.00000000
     0.00000000
     0.00000000
     0.00000000
     0.00000000
     0.00000000
     0.00000000
     0.00000000
     0.00000000
     0.00000000
     0.00320046
     0.00299620
     0.00279239
     0.00258851
     0.00238478
     0.00243937
     0.00265972
     0.00329163
     0.00406052
     0.00401813
     0.00397575
     0.00391134
     0.00412635
     0.00423871
     0.00435142
     0.00414350
     0.00318455
     0.00321251
     0.00344534
     0.00408817
     0.00473236
     0.00537789
     0.00592369
     0.00678503
     0.00764876
     0.00851488
     0.00938339
     0.00871622
     0.00468064
     0.00069744
     0.00083429
     0.00092475
     0.00016428
     0.00125729
     0.00242220
     0.00399657
     0.00553678
     0.00703514
     0.00854031
     0.01005246
     0.01157210
     0.01287075
     0.01299069
     0.01360116
     0.01421277
     0.01482553
     0.01580535
     0.01712378
     0.01850365
     0.01988920
     0.02145239
     0.02303494
     0.02462473
     0.02622175
     0.02719583
     0.02728311
     0.02737041
     0.02792996
     0.02869243
     0.02945652
     0.03022222
     0.03025033
     0.02958414
     0.02865485
     0.02703717
     0.02476194
     0.02250133
     0.02013039
     0.01722050
     0.01433572
     0.01147612
     0.00864171
     0.00583253
     0.78139141
     0.00000000
     0.00000000
     0.00000000
     0.00000000
     0.00000000
     0.00000000
     0.00000000
     0.00000000
     0.00000000
     0.00000000
     0.00000000
     0.00000000
     0.00000000
     0.00000000
     0.00000000
     0.00000000
     0.00000000
     0.00000000
     0.00000000
     0.00000000
     0.00000000
     0.00000000
     0.00000000
     0.00000000
     0.00000000
     0.00000000
     0.00299335
     0.00278908
     0.00258526
     0.00238137
     0.00228963
     0.00234939
     0.00238780
     0.00318360
     0.00321932
     0.00317701
     0.00313471
     0.00314452
     0.00338294
     0.00349511
     0.00360763
     0.00355799
     0.00260019
     0.00233226
     0.00241915
     0.00279108
     0.00343300
     0.00407626
     0.00510893
     0.00596861
     0.00683069
     0.00769515
     0.00856200
     0.00813574
     0.00410480
     0.00012626
     0.00047808
     0.00053133
     0.00055995
     0.00165522
     0.00309851
     0.00464445
     0.00619884
     0.00770139
     0.00921089
     0.01028965
     0.01111340
     0.01193926
     0.01206026
     0.01266939
     0.01327966
     0.01389109
     0.01483384
     0.01596311
     0.01733910
     0.01872077
     0.02017714
     0.02175483
     0.02333978
     0.02493196
     0.02653137
     0.02667287
     0.02676008
     0.02718545
     0.02794681
     0.02870978
     0.02947437
     0.02957749
     0.02877347
     0.02787745
     0.02643531
     0.02416251
     0.02190435
     0.01966085
     0.01701433
     0.01412944
     0.01126970
     0.00843517
     0.00562587
     0.78137815
     0.00000000
     0.00000000
     0.00000000
     0.00000000
     0.00000000
     0.00000000
     0.00000000
     0.00000000
     0.00000000
     0.00000000
     0.00000000
     0.00000000
     0.00000000
     0.00000000
     0.00000000
     0.00000000
     0.00000000
     0.00000000
     0.00000000
     0.00000000
     0.00000000
     0.00000000
     0.00000000
     0.00000000
     0.00000000
     0.00000000
     0.00278625
     0.00258196
     0.00237813
     0.00217424
     0.00219969
     0.00222382
     0.00253984
     0.00242160
     0.00237938
     0.00233716
     0.00229495
     0.00239231
     0.00264043
     0.00275240
     0.00286474
     0.00297291
     0.00201627
     0.00145346
     0.00154016
     0.00162687
     0.00213745
     0.00291198
     0.00429531
     0.00515334
     0.00601377
     0.00687657
     0.00774178
     0.00755567
     0.00352939
     0.00044451
     0.00061885
     0.00013664
     0.00095689
     0.00223478
     0.00377746
     0.00532795
     0.00686210
     0.00765504
     0.00847262
     0.00929197
     0.01011372
     0.01093757
     0.01113138
     0.01173918
     0.01234813
     0.01295821
     0.01386397
     0.01485909
     0.01617721
     0.01755500
     0.01893846
     0.02047799
     0.02205807
     0.02364542
     0.02523998
     0.02606306
     0.02615019
     0.02644171
     0.02720196
     0.02796382
     0.02872730
     0.02889138
     0.02808017
     0.02727077
     0.02583384
     0.02356349
     0.02130778
     0.01906675
     0.01680816
     0.01392314
     0.01106329
     0.00822864
     0.00541921
     0.78136489
     0.00000000
     0.00000000
     0.00000000
     0.00000000
     0.00000000
     0.00000000
     0.00000000
     0.00000000
     0.00000000
     0.00000000
     0.00000000
     0.00000000
     0.00000000
     0.00000000
     0.00000000
     0.00000000
     0.00000000
     0.00000000
     0.00000000
     0.00000000
     0.00000000
     0.00000000
     0.00000000
     0.00000000
     0.00000000
     0.00000000
     0.00257915
     0.00237485
     0.00217101
     0.00205000
     0.00205985
     0.00225236
     0.00238772
     0.00183230
     0.00154071
     0.00149859
     0.00145646
     0.00163635
     0.00189880
     0.00201090
     0.00212274
     0.00223463
     0.00143278
     0.00057610
     0.00066260
     0.00074913
     0.00084571
     0.00197070
     0.00343774
     0.00433922
     0.00519798
     0.00605915
     0.00692269
     0.00697602
     0.00295439
     0.00101486
     0.00075961
     0.00023314
     0.00137243
     0.00291184
     0.00415389
     0.00501288
     0.00587445
     0.00666321
     0.00747886
     0.00829619
     0.00911593
     0.00993778
     0.01021618
     0.01081054
     0.01141814
     0.01202689
     0.01289564
     0.01388849
     0.01501799
     0.01639189
     0.01777147
     0.01920438
     0.02077962
     0.02236211
     0.02395184
     0.02545369
     0.02554071
     0.02569874
     0.02645787
     0.02721862
     0.02798098
     0.02819764
     0.02738749
     0.02657915
     0.02531067
     0.02296489
     0.02071164
     0.01847306
     0.01624919
     0.01371686
     0.01085688
     0.00802211
     0.00521257
     0.78135163
     0.00000000
     0.00000000
     0.00000000
     0.00000000
     0.00000000
     0.00000000
     0.00000000
     0.00000000
     0.00000000
     0.00000000
     0.00000000
     0.00000000
     0.00000000
     0.00000000
     0.00000000
     0.00000000
     0.00000000
     0.00000000
     0.00000000
     0.00000000
     0.00000000
     0.00000000
     0.00000000
     0.00000000
     0.00000000
     0.00000000
     0.00237205
     0.00216774
     0.00196389
     0.00189590
     0.00196489
     0.00240846
     0.00185259
     0.00129774
     0.00074390
     0.00066126
     0.00061922
     0.00088136
     0.00114111
     0.00127000
     0.00138165
     0.00149335
     0.00084974
     0.00010159
     0.00021351
     0.00012717
     0.00002721
     0.00103113
     0.00249469
     0.00352624
     0.00438336
     0.00524286
     0.00610476
     0.00639679
     0.00237980
     0.00124643
     0.00090034
     0.00043860
     0.00146580
     0.00231790
     0.00317239
     0.00402923
     0.00488870
     0.00570677
     0.00648698
     0.00730232
     0.00812005
     0.00893990
     0.00941856
     0.00988345
     0.01048972
     0.01109713
     0.01192903
     0.01291960
     0.01391319
     0.01523144
     0.01660713
     0.01798849
     0.01950442
     0.02108206
     0.02266694
     0.02425906
     0.02493168
     0.02501862
     0.02571456
     0.02647419
     0.02722798
     0.02750452
     0.02669543
     0.02588816
     0.02479919
     0.02245429
     0.02012507
     0.01787979
     0.01565838
     0.01345170
     0.01065048
     0.00781559
     0.00500592
     0.78133836
     0.00000000
     0.00000000
     0.00000000
     0.00000000
     0.00000000
     0.00000000
     0.00000000
     0.00000000
     0.00000000
     0.00000000
     0.00000000
     0.00000000
     0.00000000
     0.00000000
     0.00000000
     0.00000000
     0.00000000
     0.00000000
     0.00000000
     0.00000000
     0.00000000
     0.00000000
     0.00000000
     0.00000000
     0.00000000
     0.00000000
     0.00216495
     0.00196063
     0.00173196
     0.00167745
     0.00217500
     0.00187308
     0.00131778
     0.00076351
     0.00021025
     0.00017478
     0.00015980
     0.00012731
     0.00038437
     0.00053001
     0.00064146
     0.00075296
     0.00026714
     0.00068304
     0.00108818
     0.00100203
     0.00061983
     0.00012555
     0.00155335
     0.00271441
     0.00356988
     0.00442772
     0.00528797
     0.00581797
     0.00180563
     0.00149722
     0.00158581
     0.00159466
     0.00049046
     0.00134043
     0.00219280
     0.00304747
     0.00390484
     0.00476276
     0.00549701
     0.00631034
     0.00712606
     0.00794391
     0.00862198
     0.00895793
     0.00956286
     0.01016893
     0.01096413
     0.01195243
     0.01294376
     0.01407364
     0.01544545
     0.01682294
     0.01823246
     0.01980525
     0.02138528
     0.02297257
     0.02432306
     0.02440991
     0.02497201
     0.02573053
     0.02645368
     0.02681203
     0.02600400
     0.02519780
     0.02428795
     0.02194499
     0.01961772
     0.01730617
     0.01506798
     0.01286377
     0.01044408
     0.00760906
     0.00479928
     0.78132510
     0.00000000
     0.00000000
     0.00000000
     0.00000000
     0.00000000
     0.00000000
     0.00000000
     0.00000000
     0.00000000
     0.00000000
     0.00000000
     0.00000000
     0.00000000
     0.00000000
     0.00000000
     0.00000000
     0.00000000
     0.00000000
     0.00000000
     0.00000000
     0.00000000
     0.00000000
     0.00000000
     0.00000000
     0.00000000
     0.00000000
     0.00195786
     0.00167373
     0.00148788
     0.00188746
     0.00189376
     0.00133802
     0.00078331
     0.00022961
     0.00032307
     0.00087474
     0.00091238
     0.00062579
     0.00037141
     0.00020909
     0.00009782
     0.00001348
     0.00031501
     0.00126406
     0.00196141
     0.00187545
     0.00121198
     0.00046753
     0.00061373
     0.00190374
     0.00275754
     0.00361374
     0.00447232
     0.00504874
     0.00075804
     0.00268181
     0.00277012
     0.00261022
     0.00084566
     0.00036486
     0.00121509
     0.00206773
     0.00292288
     0.00378034
     0.00455192
     0.00532027
     0.00613399
     0.00694982
     0.00776777
     0.00803396
     0.00863756
     0.00924230
     0.01000096
     0.01098698
     0.01197603
     0.01296808
     0.01428644
     0.01566004
     0.01703932
     0.01853170
     0.02010688
     0.02168930
     0.02327898
     0.02380164
     0.02423025
     0.02498765
     0.02568024
     0.02612015
     0.02531319
     0.02450806
     0.02370474
     0.02143594
     0.01911062
     0.01680102
     0.01450717
     0.01227627
     0.01008928
     0.00740254
     0.00459264
     0.78131183
     0.00000000
     0.00000000
     0.00000000
     0.00000000
     0.00000000
     0.00000000
     0.00000000
     0.00000000
     0.00000000
     0.00000000
     0.00000000
     0.00000000
     0.00000000
     0.00000000
     0.00000000
     0.00000000
     0.00000000
     0.00000000
     0.00000000
     0.00000000
     0.00000000
     0.00000000
     0.00000000
     0.00000000
     0.00000000
     0.00000000
     0.00167729
     0.00132376
     0.00159994
     0.00191463
     0.00135845
     0.00080330
     0.00024916
     0.00030395
     0.00085606
     0.00140715
     0.00166402
     0.00137794
     0.00112623
     0.00094729
     0.00086397
     0.00099278
     0.00133532
     0.00226424
     0.00319025
     0.00313071
     0.00250595
     0.00173047
     0.00095297
     0.00034351
     0.00123389
     0.00210157
     0.00297173
     0.00363225
     0.00049975
     0.00386325
     0.00380339
     0.00362364
     0.00232042
     0.00060881
     0.00023929
     0.00108979
     0.00194281
     0.00279807
     0.00360966
     0.00434057
     0.00514381
     0.00595764
     0.00677358
     0.00711157
     0.00771383
     0.00831723
     0.00903950
     0.01002325
     0.01101002
     0.01199980
     0.01313009
     0.01449981
     0.01587519
     0.01726141
     0.01883172
     0.02040930
     0.02199413
     0.02319379
     0.02348925
     0.02421973
     0.02490765
     0.02542891
     0.02462301
     0.02381894
     0.02301669
     0.02092714
     0.01860375
     0.01629611
     0.01400421
     0.01172810
     0.00950466
     0.00719603
     0.00438600
     0.78129857
     0.00000000
     0.00000000
     0.00000000
     0.00000000
     0.00000000
     0.00000000
     0.00000000
     0.00000000
     0.00000000
     0.00000000
     0.00000000
     0.00000000
     0.00000000
     0.00000000
     0.00000000
     0.00000000
     0.00000000
     0.00000000
     0.00000000
     0.00000000
     0.00000000
     0.00000000
     0.00000000
     0.00000000
     0.00000000
     0.00000000
     0.00129922
     0.00131225
     0.00181048
     0.00137909
     0.00082348
     0.00026891
     0.00028465
     0.00083720
     0.00138872
     0.00193923
     0.00241470
     0.00212913
     0.00188009
     0.00192051
     0.00204085
     0.00216925
     0.00239286
     0.00331915
     0.00424254
     0.00447383
     0.00400502
     0.00323290
     0.00251066
     0.00163609
     0.00077602
     0.00008653
     0.00095156
     0.00181906
     0.00175396
     0.00499333
     0.00481418
     0.00463492
     0.00378989
     0.00158059
     0.00073462
     0.00011375
     0.00096464
     0.00181770
     0.00266908
     0.00339829
     0.00415555
     0.00496736
     0.00578130
     0.00619074
     0.00679165
     0.00739351
     0.00807976
     0.00906124
     0.01004573
     0.01103324
     0.01202376
     0.01334222
     0.01471373
     0.01609092
     0.01755982
     0.01913255
     0.02071252
     0.02229973
     0.02274902
     0.02344908
     0.02413593
     0.02473829
     0.02393345
     0.02313045
     0.02232926
     0.02041857
     0.01809713
     0.01579144
     0.01350149
     0.01122734
     0.00896899
     0.00675320
     0.00417937
     0.78128530
     0.00000000
     0.00000000
     0.00000000
     0.00000000
     0.00000000
     0.00000000
     0.00000000
     0.00000000
     0.00000000
     0.00000000
     0.00000000
     0.00000000
     0.00000000
     0.00000000
     0.00000000
     0.00000000
     0.00000000
     0.00000000
     0.00000000
     0.00000000
     0.00000000
     0.00000000
     0.00000000
     0.00000000
     0.00000000
     0.00000000
     0.00102944
     0.00152269
     0.00139991
     0.00084387
     0.00028885
     0.00026515
     0.00081814
     0.00137010
     0.00192105
     0.00246253
     0.00296320
     0.00298833
     0.00305971
     0.00311152
     0.00321464
     0.00334264
     0.00347058
     0.00437170
     0.00529247
     0.00581263
     0.00559419
     0.00493498
     0.00427427
     0.00363020
     0.00277528
     0.00191787
     0.00105797
     0.00019561
     0.00300458
     0.00600149
     0.00582283
     0.00564405
     0.00525403
     0.00263557
     0.00170663
     0.00086039
     0.00001164
     0.00083922
     0.00169324
     0.00245771
     0.00318719
     0.00397899
     0.00479092
     0.00527147
     0.00587105
     0.00647129
     0.00712175
     0.00810094
     0.00908316
     0.01006839
     0.01105665
     0.01218731
     0.01355493
     0.01492824
     0.01630721
     0.01785904
     0.01943416
     0.02101653
     0.02206142
     0.02267929
     0.02336507
     0.02404829
     0.02324452
     0.02244258
     0.02164247
     0.01985441
     0.01759077
     0.01528701
     0.01299903
     0.01072682
     0.00847043
     0.00622987
     0.00397275
     0.78127203
     0.00000000
     0.00000000
     0.00000000
     0.00000000
     0.00000000
     0.00000000
     0.00000000
     0.00000000
     0.00000000
     0.00000000
     0.00000000
     0.00000000
     0.00000000
     0.00000000
     0.00000000
     0.00000000
     0.00000000
     0.00000000
     0.00000000
     0.00000000
     0.00000000
     0.00000000
     0.00000000
     0.00000000
     0.00000000
     0.00000000
     0.00123526
     0.00142073
     0.00086444
     0.00030899
     0.00024546
     0.00079888
     0.00135129
     0.00190268
     0.00245304
     0.00298186
     0.00362871
     0.00417725
     0.00424769
     0.00429933
     0.00438537
     0.00451295
     0.00464048
     0.00545223
     0.00647700
     0.00741780
     0.00734274
     0.00668701
     0.00602978
     0.00560546
     0.00476388
     0.00391161
     0.00305686
     0.00219963
     0.00493702
     0.00700751
     0.00682932
     0.00665103
     0.00647263
     0.00410555
     0.00267674
     0.00183263
     0.00098602
     0.00013706
     0.00071460
     0.00151881
     0.00224659
     0.00299252
     0.00380244
     0.00440419
     0.00495201
     0.00555065
     0.00616545
     0.00714237
     0.00812231
     0.00910527
     0.01009124
     0.01108023
     0.01239879
     0.01376820
     0.01514330
     0.01658879
     0.01815905
     0.01973657
     0.02134801
     0.02191036
     0.02259507
     0.02328111
     0.02255622
     0.02175534
     0.02095630
     0.01927772
     0.01708464
     0.01478283
     0.01249681
     0.01022656
     0.00797213
     0.00573353
     0.00351076
     0.78125877
     0.00000000
     0.00000000
     0.00000000
     0.00000000
     0.00000000
     0.00000000
     0.00000000
     0.00000000
     0.00000000
     0.00000000
     0.00000000
     0.00000000
     0.00000000
     0.00000000
     0.00000000
     0.00000000
     0.00000000
     0.00000000
     0.00000000
     0.00000000
     0.00000000
     0.00000000
     0.00000000
     0.00000000
     0.00000000
     0.00000000
     0.00144208
     0.00088502
     0.00032931
     0.00022557
     0.00077944
     0.00133228
     0.00188411
     0.00243493
     0.00298472
     0.00370605
     0.00450400
     0.00529980
     0.00543249
     0.00548395
     0.00555301
     0.00575401
     0.00598807
     0.00675675
     0.00777768
     0.00879498
     0.00904722
     0.00843093
     0.00777718
     0.00738620
     0.00674185
     0.00589471
     0.00504510
     0.00423154
     0.00708647
     0.00801137
     0.00783368
     0.00765586
     0.00747795
     0.00557022
     0.00364497
     0.00280298
     0.00195849
     0.00111169
     0.00026215
     0.00058161
     0.00130768
     0.00203545
     0.00281587
     0.00361436
     0.00403453
     0.00463157
     0.00522955
     0.00618552
     0.00716318
     0.00814386
     0.00912756
     0.01011428
     0.01124531
     0.01261084
     0.01398205
     0.01535893
     0.01688720
     0.01846214
     0.02008406
     0.02114229
     0.02182593
     0.02251091
     0.02186854
     0.02106874
     0.02027076
     0.01870140
     0.01657875
     0.01427891
     0.01199483
     0.00972653
     0.00747406
     0.00523743
     0.00301663
     0.78120808
     0.00000000
     0.00000000
     0.00000000
     0.00000000
     0.00000000
     0.00000000
     0.00000000
     0.00000000
     0.00000000
     0.00000000
     0.00000000
     0.00000000
     0.00000000
     0.00000000
     0.00000000
     0.00000000
     0.00000000
     0.00000000
     0.00000000
     0.00000000
     0.00000000
     0.00000000
     0.00000000
     0.00000000
     0.00000000
     0.00000000
     0.00090612
     0.00034965
     0.00020549
     0.00075980
     0.00131309
     0.00186535
     0.00241661
     0.00297531
     0.00378280
     0.00458166
     0.00537784
     0.00617185
     0.00662402
     0.00677895
     0.00694125
     0.00717453
     0.00740762
     0.00805719
     0.00907429
     0.01008775
     0.01065329
     0.01016675
     0.00951648
     0.00915851
     0.00870916
     0.00786716
     0.00702269
     0.00658231
     0.00922306
     0.00901309
     0.00883588
     0.00865855
     0.00848113
     0.00702959
     0.00461129
     0.00377143
     0.00292909
     0.00208442
     0.00123700
     0.00038775
     0.00037046
     0.00109653
     0.00183120
     0.00263921
     0.00311855
     0.00371406
     0.00431070
     0.00523038
     0.00620576
     0.00718416
     0.00816559
     0.00915003
     0.01013749
     0.01145614
     0.01282346
     0.01419646
     0.01561860
     0.01720622
     0.01882324
     0.02037509
     0.02105765
     0.02174155
     0.02118149
     0.02038275
     0.01958584
     0.01812545
     0.01602772
     0.01377521
     0.01149309
     0.00922676
     0.00697626
     0.00474157
     0.00252273
     0.78147999
     0.00000000
     0.00000000
     0.00000000
     0.00000000
     0.00000000
     0.00000000
     0.00000000
     0.00000000
     0.00000000
     0.00000000
     0.00000000
     0.00000000
     0.00000000
     0.00000000
     0.00000000
     0.00000000
     0.00000000
     0.00000000
     0.00000000
     0.00000000
     0.00000000
     0.00000000
     0.00000000
     0.00000000
     0.00000000
     0.00000000
     0.00037050
     0.00018540
     0.00073996
     0.00129369
     0.00184640
     0.00239810
     0.00304687
     0.00385477
     0.00465924
     0.00545580
     0.00632342
     0.00726090
     0.00805093
     0.00820522
     0.00835970
     0.00859006
     0.00882218
     0.00935358
     0.01036682
     0.01137646
     0.01225256
     0.01189446
     0.01124768
     0.01092237
     0.01066582
     0.00982897
     0.00917661
     0.00891750
     0.01112926
     0.01016901
     0.00983594
     0.00965910
     0.00948216
     0.00848364
     0.00588635
     0.00473799
     0.00389778
     0.00305525
     0.00220995
     0.00136282
     0.00056507
     0.00015929
     0.00088539
     0.00165445
     0.00220394
     0.00279810
     0.00339341
     0.00427697
     0.00525007
     0.00622620
     0.00720534
     0.00818751
     0.00917269
     0.01030410
     0.01166753
     0.01303665
     0.01441145
     0.01595346
     0.01756557
     0.01918534
     0.02029024
     0.02097307
     0.02049506
     0.01969739
     0.01890155
     0.01754987
     0.01545433
     0.01327177
     0.01099160
     0.00872724
     0.00647868
     0.00424597
     0.00202909
     0.78175166
     0.00000000
     0.00000000
     0.00000000
     0.00000000
     0.00000000
     0.00000000
     0.00000000
     0.00000000
     0.00000000
     0.00000000
     0.00000000
     0.00000000
     0.00000000
     0.00000000
     0.00000000
     0.00000000
     0.00000000
     0.00000000
     0.00000000
     0.00000000
     0.00000000
     0.00000000
     0.00000000
     0.00000000
     0.00000000
     0.00000000
     0.00016509
     0.00072011
     0.00127410
     0.00182726
     0.00237938
     0.00311837
     0.00392667
     0.00473277
     0.00566657
     0.00660688
     0.00754416
     0.00847840
     0.00937261
     0.00962642
     0.00978025
     0.01000061
     0.01023177
     0.01064589
     0.01165531
     0.01266110
     0.01366327
     0.01361407
     0.01297077
     0.01267781
     0.01261183
     0.01178012
     0.01149431
     0.01123711
     0.01236841
     0.01141165
     0.01083385
     0.01065750
     0.01048105
     0.00993240
     0.00734624
     0.00570264
     0.00486456
     0.00402417
     0.00318101
     0.00233600
     0.00149890
     0.00077624
     0.00005186
     0.00067425
     0.00129090
     0.00188372
     0.00247769
     0.00332528
     0.00429610
     0.00526995
     0.00624682
     0.00722671
     0.00820962
     0.00919554
     0.01051427
     0.01187949
     0.01326146
     0.01470384
     0.01631105
     0.01792591
     0.01952369
     0.02020545
     0.01980926
     0.01901266
     0.01821789
     0.01697468
     0.01488132
     0.01276857
     0.01049036
     0.00822795
     0.00598136
     0.00375061
     0.00153570
     0.78202309
     0.00000000
     0.00000000
     0.00000000
     0.00000000
     0.00000000
     0.00000000
     0.00000000
     0.00000000
     0.00000000
     0.00000000
     0.00000000
     0.00000000
     0.00000000
     0.00000000
     0.00000000
     0.00000000
     0.00000000
     0.00000000
     0.00000000
     0.00000000
     0.00000000
     0.00000000
     0.00000000
     0.00000000
     0.00000000
     0.00000000
     0.00070003
     0.00125450
     0.00180791
     0.00237887
     0.00318978
     0.00404472
     0.00499790
     0.00594799
     0.00689033
     0.00782740
     0.00876144
     0.00969243
     0.01058191
     0.01104256
     0.01119574
     0.01140618
     0.01163635
     0.01193414
     0.01293973
     0.01394168
     0.01494002
     0.01532558
     0.01468576
     0.01442481
     0.01436441
     0.01405146
     0.01379642
     0.01354114
     0.01360385
     0.01265058
     0.01182961
     0.01165376
     0.01147779
     0.01130171
     0.00880082
     0.00666540
     0.00582946
     0.00499121
     0.00415016
     0.00330729
     0.00246180
     0.00171008
     0.00098742
     0.00026302
     0.00037942
     0.00097091
     0.00156354
     0.00237532
     0.00334386
     0.00431543
     0.00529002
     0.00626762
     0.00724825
     0.00823191
     0.00936367
     0.01072500
     0.01211766
     0.01352531
     0.01505969
     0.01666964
     0.01857746
     0.01943869
     0.01912409
     0.01832856
     0.01753486
     0.01639984
     0.01430869
     0.01223049
     0.00998936
     0.00772891
     0.00548429
     0.00325549
     0.00104255
     0.78229428
     0.00000000
     0.00000000
     0.00000000
     0.00000000
     0.00000000
     0.00000000
     0.00000000
     0.00000000
     0.00000000
     0.00000000
     0.00000000
     0.00000000
     0.00000000
     0.00000000
     0.00000000
     0.00000000
     0.00000000
     0.00000000
     0.00000000
     0.00000000
     0.00000000
     0.00000000
     0.00000000
     0.00000000
     0.00000000
     0.00000000
     0.00123465
     0.00178856
     0.00244980
     0.00336748
     0.00432355
     0.00527654
     0.00622645
     0.00717327
     0.00811064
     0.00904446
     0.00997526
     0.01090301
     0.01178774
     0.01245363
     0.01260618
     0.01280676
     0.01303597
     0.01326499
     0.01422008
     0.01521820
     0.01621270
     0.01702563
     0.01639266
     0.01616337
     0.01621497
     0.01633609
     0.01608296
     0.01582959
     0.01483557
     0.01388578
     0.01293272
     0.01264787
     0.01247239
     0.01229678
     0.01025009
     0.00766282
     0.00679246
     0.00595635
     0.00511743
     0.00427668
     0.00343332
     0.00264224
     0.00192128
     0.00119864
     0.00051682
     0.00005966
     0.00065096
     0.00142707
     0.00239333
     0.00336262
     0.00433493
     0.00531026
     0.00628861
     0.00726998
     0.00825438
     0.00957870
     0.01097644
     0.01238016
     0.01381147
     0.01541651
     0.01714469
     0.01867279
     0.01843954
     0.01764508
     0.01685246
     0.01582539
     0.01373643
     0.01166043
     0.00948861
     0.00723012
     0.00498745
     0.00276063
     0.00054964
     0.78256522
     0.00000000
     0.00000000
     0.00000000
     0.00000000
     0.00000000
     0.00000000
     0.00000000
     0.00000000
     0.00000000
     0.00000000
     0.00000000
     0.00000000
     0.00000000
     0.00000000
     0.00000000
     0.00000000
     0.00000000
     0.00000000
     0.00000000
     0.00000000
     0.00000000
     0.00000000
     0.00000000
     0.00000000
     0.00000000
     0.00000000
     0.00179884
     0.00268771
     0.00364649
     0.00460237
     0.00555517
     0.00650489
     0.00745153
     0.00839385
     0.00932747
     0.01025805
     0.01118560
     0.01211012
     0.01299013
     0.01383630
     0.01401154
     0.01420235
     0.01443059
     0.01465865
     0.01549637
     0.01649066
     0.01748133
     0.01846837
     0.01809146
     0.01789352
     0.01828257
     0.01860515
     0.01835394
     0.01773334
     0.01606357
     0.01511727
     0.01416770
     0.01363983
     0.01346483
     0.01328972
     0.01169407
     0.00911793
     0.00775356
     0.00691960
     0.00608280
     0.00524416
     0.00440294
     0.00357269
     0.00285345
     0.00213280
     0.00141116
     0.00084162
     0.00026006
     0.00048055
     0.00144453
     0.00241153
     0.00338156
     0.00435462
     0.00533069
     0.00630978
     0.00729190
     0.00844399
     0.00983780
     0.01123760
     0.01264337
     0.01416653
     0.01577432
     0.01790776
     0.01775563
     0.01696223
     0.01617069
     0.01525131
     0.01316454
     0.01109073
     0.00898810
     0.00673157
     0.00449086
     0.00226600
     0.00005698
     0.78283592
     0.00000000
     0.00000000
     0.00000000
     0.00000000
     0.00000000
     0.00000000
     0.00000000
     0.00000000
     0.00000000
     0.00000000
     0.00000000
     0.00000000
     0.00000000
     0.00000000
     0.00000000
     0.00000000
     0.00000000
     0.00000000
     0.00000000
     0.00000000
     0.00000000
     0.00000000
     0.00000000
     0.00000000
     0.00000000
     0.00000000
     0.00296698
     0.00392565
     0.00488118
     0.00583378
     0.00678331
     0.00772976
     0.00867312
     0.00961047
     0.01054085
     0.01146819
     0.01239249
     0.01331376
     0.01418906
     0.01503225
     0.01541186
     0.01559297
     0.01582024
     0.01604733
     0.01676861
     0.01775906
     0.01874590
     0.01972911
     0.01978217
     0.01986273
     0.02033755
     0.02081152
     0.02060936
     0.01901962
     0.01728787
     0.01634505
     0.01539896
     0.01462965
     0.01445514
     0.01428052
     0.01313273
     0.01056773
     0.00871277
     0.00788094
     0.00704626
     0.00620976
     0.00537066
     0.00452917
     0.00378392
     0.00306527
     0.00234534
     0.00171123
     0.00116638
     0.00046425
     0.00049746
     0.00146218
     0.00242993
     0.00340069
     0.00437449
     0.00535131
     0.00633123
     0.00734833
     0.00870175
     0.01009761
     0.01149945
     0.01291971
     0.01452259
     0.01660453
     0.01707233
     0.01628002
     0.01548954
     0.01467760
     0.01259302
     0.01052141
     0.00846280
     0.00623327
     0.00399453
     0.00177163
     0.00043543
     0.78310637
     0.00000000
     0.00000000
     0.00000000
     0.00000000
     0.00000000
     0.00000000
     0.00000000
     0.00000000
     0.00000000
     0.00000000
     0.00000000
     0.00000000
     0.00000000
     0.00000000
     0.00000000
     0.00000000
     0.00000000
     0.00000000
     0.00000000
     0.00000000
     0.00000000
     0.00000000
     0.00000000
     0.00000000
     0.00000000
     0.00000000
     0.00420472
     0.00516014
     0.00611238
     0.00706172
     0.00800798
     0.00895115
     0.00989124
     0.01082361
     0.01175074
     0.01267484
     0.01359590
     0.01451394
     0.01538454
     0.01622475
     0.01680711
     0.01697861
     0.01720491
     0.01743103
     0.01803677
     0.01902340
     0.02000641
     0.02098579
     0.02149761
     0.02190836
     0.02237991
     0.02285062
     0.02261726
     0.02030167
     0.01850845
     0.01756911
     0.01662650
     0.01568062
     0.01544330
     0.01526917
     0.01456609
     0.01201222
     0.00967007
     0.00884039
     0.00800783
     0.00717345
     0.00633649
     0.00549713
     0.00471270
     0.00399604
     0.00327782
     0.00257945
     0.00203576
     0.00140545
     0.00044790
     0.00051454
     0.00148001
     0.00244850
     0.00342002
     0.00439455
     0.00538655
     0.00640134
     0.00756827
     0.00896020
     0.01035813
     0.01176202
     0.01327399
     0.01517641
     0.01638968
     0.01559843
     0.01480902
     0.01402145
     0.01202187
     0.00995247
     0.00789606
     0.00573521
     0.00349843
     0.00127749
     0.00092759
     0.78337658
     0.00000000
     0.00000000
     0.00000000
     0.00000000
     0.00000000
     0.00000000
     0.00000000
     0.00000000
     0.00000000
     0.00000000
     0.00000000
     0.00000000
     0.00000000
     0.00000000
     0.00000000
     0.00000000
     0.00000000
     0.00000000
     0.00000000
     0.00000000
     0.00000000
     0.00000000
     0.00000000
     0.00000000
     0.00000000
     0.00000000
     0.00543897
     0.00639114
     0.00734012
     0.00828618
     0.00922916
     0.01016906
     0.01110588
     0.01203329
     0.01295719
     0.01387804
     0.01479587
     0.01571065
     0.01657626
     0.01741380
     0.01819732
     0.01835926
     0.01858460
     0.01880974
     0.01930089
     0.02028368
     0.02126286
     0.02223843
     0.02341258
     0.02394139
     0.02440967
     0.02487710
     0.02388580
     0.02157949
     0.01972531
     0.01878946
     0.01785034
     0.01690795
     0.01642933
     0.01625567
     0.01599415
     0.01345141
     0.01088522
     0.00979794
     0.00896750
     0.00813525
     0.00730041
     0.00646319
     0.00563989
     0.00492511
     0.00420860
     0.00344626
     0.00290375
     0.00230994
     0.00137854
     0.00043137
     0.00053181
     0.00149802
     0.00246725
     0.00343951
     0.00444351
     0.00545599
     0.00647171
     0.00782539
     0.00921937
     0.01061934
     0.01202856
     0.01375260
     0.01547793
     0.01491747
     0.01412913
     0.01334263
     0.01145110
     0.00938390
     0.00732969
     0.00523740
     0.00300259
     0.00078361
     0.00141951
     0.78364655
     0.00000000
     0.00000000
     0.00000000
     0.00000000
     0.00000000
     0.00000000
     0.00000000
     0.00000000
     0.00000000
     0.00000000
     0.00000000
     0.00000000
     0.00000000
     0.00000000
     0.00000000
     0.00000000
     0.00000000
     0.00000000
     0.00000000
     0.00000000
     0.00000000
     0.00000000
     0.00000000
     0.00000000
     0.00000000
     0.00000000
     0.00652449
     0.00761867
     0.00856437
     0.00950717
     0.01044687
     0.01138350
     0.01231582
     0.01323951
     0.01416016
     0.01507778
     0.01599235
     0.01690391
     0.01776485
     0.01859939
     0.01943137
     0.01973494
     0.01995931
     0.02018349
     0.02056095
     0.02153992
     0.02251526
     0.02358575
     0.02509162
     0.02596182
     0.02642684
     0.02689101
     0.02515012
     0.02285307
     0.02093848
     0.02000610
     0.01907046
     0.01813155
     0.01741320
     0.01724004
     0.01706676
     0.01488529
     0.01233025
     0.01075359
     0.00992528
     0.00909514
     0.00826244
     0.00742735
     0.00659029
     0.00585248
     0.00513769
     0.00431168
     0.00377033
     0.00321288
     0.00228359
     0.00135143
     0.00041466
     0.00054927
     0.00151623
     0.00249519
     0.00350213
     0.00451230
     0.00552570
     0.00669317
     0.00808322
     0.00947926
     0.01088128
     0.01238208
     0.01413235
     0.01423713
     0.01344988
     0.01266445
     0.01088070
     0.00881570
     0.00676369
     0.00472469
     0.00250699
     0.00028998
     0.00191118
     0.78391628
     0.00000000
     0.00000000
     0.00000000
     0.00000000
     0.00000000
     0.00000000
     0.00000000
     0.00000000
     0.00000000
     0.00000000
     0.00000000
     0.00000000
     0.00000000
     0.00000000
     0.00000000
     0.00000000
     0.00000000
     0.00000000
     0.00000000
     0.00000000
     0.00000000
     0.00000000
     0.00000000
     0.00000000
     0.00000000
     0.00000000
     0.00741130
     0.00884271
     0.00978515
     0.01072467
     0.01166110
     0.01259446
     0.01352181
     0.01444226
     0.01535967
     0.01627405
     0.01718539
     0.01809370
     0.01894997
     0.01978154
     0.02061054
     0.02111113
     0.02132905
     0.02155226
     0.02181695
     0.02279208
     0.02376362
     0.02500764
     0.02666675
     0.02793879
     0.02843142
     0.02826949
     0.02634862
     0.02412242
     0.02214793
     0.02121903
     0.02028687
     0.01935144
     0.01841274
     0.01822225
     0.01804947
     0.01631387
     0.01376997
     0.01170734
     0.01088116
     0.01005315
     0.00922258
     0.00838962
     0.00755503
     0.00677817
     0.00606507
     0.00519632
     0.00463553
     0.00409438
     0.00318708
     0.00225703
     0.00132411
     0.00038833
     0.00056691
     0.00155778
     0.00256240
     0.00357027
     0.00458136
     0.00559569
     0.00694964
     0.00834174
     0.00973984
     0.01114391
     0.01279052
     0.01355744
     0.01277124
     0.01198689
     0.01031069
     0.00824787
     0.00619806
     0.00416128
     0.00201163
     0.00020341
     0.00240260
     0.78418576
     0.78635310
     0.00000000
     0.00000000
     0.00000000
     0.00000000
     0.00000000
     0.00000000
     0.00000000
     0.00000000
     0.00000000
     0.00000000
     0.00000000
     0.00000000
     0.00000000
     0.00000000
     0.00000000
     0.00000000
     0.00000000
     0.00000000
     0.00000000
     0.00000000
     0.00000000
     0.00000000
     0.00000000
     0.00000000
     0.00000000
     0.00829661
     0.01006329
     0.01100245
     0.01193870
     0.01287186
     0.01380195
     0.01472435
     0.01564155
     0.01655572
     0.01746686
     0.01837496
     0.01928002
     0.02013165
     0.02096025
     0.02178626
     0.02248554
     0.02269381
     0.02291607
     0.02313812
     0.02404021
     0.02517881
     0.02642395
     0.02823471
     0.02980087
     0.03042344
     0.02942170
     0.02750792
     0.02538756
     0.02335367
     0.02242825
     0.02149957
     0.02056762
     0.01963241
     0.01920232
     0.01903002
     0.01773715
     0.01520439
     0.01265920
     0.01183513
     0.01100925
     0.01018082
     0.00935024
     0.00851786
     0.00770214
     0.00699077
     0.00627766
     0.00549932
     0.00495934
     0.00408902
     0.00316108
     0.00223027
     0.00129659
     0.00035658
     0.00062202
     0.00162433
     0.00262988
     0.00363867
     0.00465068
     0.00581865
     0.00720682
     0.00860098
     0.01000113
     0.01145244
     0.01229449
     0.01209325
     0.01130997
     0.00974105
     0.00768043
     0.00563282
     0.00359824
     0.00151652
     0.00069656
     0.00289378
     0.78445499
     0.78662037
     0.00000000
     0.00000000
     0.00000000
     0.00000000
     0.00000000
     0.00000000
     0.00000000
     0.00000000
     0.00000000
     0.00000000
     0.00000000
     0.00000000
     0.00000000
     0.00000000
     0.00000000
     0.00000000
     0.00000000
     0.00000000
     0.00000000
     0.00000000
     0.00000000
     0.00000000
     0.00000000
     0.00000000
     0.00000000
     0.00918039
     0.01101131
     0.01221627
     0.01314924
     0.01407914
     0.01500595
     0.01592341
     0.01683738
     0.01774830
     0.01865620
     0.01956106
     0.02046290
     0.02130988
     0.02213550
     0.02295854
     0.02377902
     0.02405362
     0.02427490
     0.02449599
     0.02534996
     0.02659535
     0.02788099
     0.02979551
     0.03165222
     0.03239997
     0.03057044
     0.02866375
     0.02664846
     0.02455572
     0.02363377
     0.02270856
     0.02178009
     0.02084836
     0.02018026
     0.02000845
     0.01915513
     0.01663350
     0.01408862
     0.01278722
     0.01196346
     0.01113715
     0.01030905
     0.00947880
     0.00864616
     0.00791476
     0.00720337
     0.00636171
     0.00582290
     0.00498941
     0.00406358
     0.00313488
     0.00220331
     0.00125196
     0.00028258
     0.00068986
     0.00169115
     0.00269763
     0.00370733
     0.00472027
     0.00607448
     0.00746471
     0.00886093
     0.01013541
     0.01095733
     0.01141588
     0.01063368
     0.00917177
     0.00711335
     0.00506795
     0.00303557
     0.00101622
     0.00118946
     0.00338471
     0.78472399
     0.78688739
     0.00000000
     0.00000000
     0.00000000
     0.00000000
     0.00000000
     0.00000000
     0.00000000
     0.00000000
     0.00000000
     0.00000000
     0.00000000
     0.00000000
     0.00000000
     0.00000000
     0.00000000
     0.00000000
     0.00000000
     0.00000000
     0.00000000
     0.00000000
     0.00000000
     0.00000000
     0.00000000
     0.00000000
     0.00000000
     0.01006265
     0.01188937
     0.01342661
     0.01435632
     0.01528294
     0.01620526
     0.01711902
     0.01802974
     0.01893743
     0.01984208
     0.02074372
     0.02164231
     0.02248467
     0.02330732
     0.02412738
     0.02494489
     0.02540845
     0.02562876
     0.02584889
     0.02676673
     0.02800632
     0.02944484
     0.03134916
     0.03323896
     0.03340083
     0.03171573
     0.02981612
     0.02790199
     0.02575406
     0.02483559
     0.02391385
     0.02298886
     0.02206060
     0.02115606
     0.02098472
     0.02056781
     0.01805732
     0.01552357
     0.01373740
     0.01291577
     0.01209170
     0.01126596
     0.01043784
     0.00960733
     0.00883707
     0.00812738
     0.00722271
     0.00668507
     0.00588824
     0.00496451
     0.00403792
     0.00310846
     0.00214585
     0.00117861
     0.00020831
     0.00076507
     0.00175824
     0.00276563
     0.00377596
     0.00494443
     0.00633102
     0.00772331
     0.00893853
     0.00962392
     0.01046244
     0.00995801
     0.00860287
     0.00654665
     0.00450345
     0.00247328
     0.00045613
     0.00168211
     0.00387540
     0.78499273
     0.78715417
     0.00000000
     0.00000000
     0.00000000
     0.00000000
     0.00000000
     0.00000000
     0.00000000
     0.00000000
     0.00000000
     0.00000000
     0.00000000
     0.00000000
     0.00000000
     0.00000000
     0.00000000
     0.00000000
     0.00000000
     0.00000000
     0.00000000
     0.00000000
     0.00000000
     0.00000000
     0.00000000
     0.00000000
     0.00000000
     0.01094338
     0.01276592
     0.01457658
     0.01555992
     0.01648327
     0.01740064
     0.01831116
     0.01921864
     0.02012309
     0.02102451
     0.02192290
     0.02281827
     0.02365602
     0.02447569
     0.02529278
     0.02610732
     0.02675832
     0.02697767
     0.02733427
     0.02817792
     0.02941173
     0.03100154
     0.03289567
     0.03443816
     0.03434128
     0.03285756
     0.03096503
     0.02905799
     0.02694870
     0.02603369
     0.02511543
     0.02419392
     0.02326914
     0.02234109
     0.02195886
     0.02178791
     0.01947583
     0.01695321
     0.01468570
     0.01386618
     0.01304457
     0.01222097
     0.01139498
     0.01056659
     0.00975766
     0.00904969
     0.00808231
     0.00754583
     0.00678552
     0.00586391
     0.00493943
     0.00400029
     0.00303825
     0.00207314
     0.00110497
     0.00013374
     0.00084026
     0.00182529
     0.00283361
     0.00384516
     0.00519963
     0.00658828
     0.00786517
     0.00833083
     0.00912997
     0.00928298
     0.00803436
     0.00598033
     0.00393933
     0.00191136
     0.00010357
     0.00217451
     0.00436583
     0.78526124
     0.78742071
     0.00000000
     0.00000000
     0.00000000
     0.00000000
     0.00000000
     0.00000000
     0.00000000
     0.00000000
     0.00000000
     0.00000000
     0.00000000
     0.00000000
     0.00000000
     0.00000000
     0.00000000
     0.00000000
     0.00000000
     0.00000000
     0.00000000
     0.00000000
     0.00000000
     0.00000000
     0.00000000
     0.00000000
     0.00061381
     0.01182259
     0.01364094
     0.01544739
     0.01676004
     0.01768012
     0.01859256
     0.01949983
     0.02040408
     0.02130529
     0.02220349
     0.02309864
     0.02399076
     0.02482392
     0.02564062
     0.02645475
     0.02726630
     0.02810323
     0.02835434
     0.02885250
     0.02875956
     0.03051882
     0.03196539
     0.03331232
     0.03465188
     0.03527959
     0.03383649
     0.03211048
     0.03021052
     0.02814403
     0.02722811
     0.02631332
     0.02539528
     0.02447396
     0.02354939
     0.02293086
     0.02276038
     0.02088906
     0.01837756
     0.01584209
     0.01481469
     0.01399555
     0.01317408
     0.01235022
     0.01152397
     0.01069532
     0.00997031
     0.00894051
     0.00840520
     0.00768125
     0.00676174
     0.00583937
     0.00488905
     0.00392915
     0.00296619
     0.00200015
     0.00103105
     0.00005919
     0.00091603
     0.00189431
     0.00290214
     0.00407111
     0.00545552
     0.00679404
     0.00710106
     0.00780124
     0.00860858
     0.00746621
     0.00541439
     0.00337559
     0.00134982
     0.00066290
     0.00266667
     0.00485602
     0.78552950
     0.78768701
     0.00000000
     0.00000000
     0.00000000
     0.00000000
     0.00000000
     0.00000000
     0.00000000
     0.00000000
     0.00000000
     0.00000000
     0.00000000
     0.00000000
     0.00000000
     0.00000000
     0.00000000
     0.00000000
     0.00000000
     0.00000000
     0.00000000
     0.00000000
     0.00000000
     0.00000000
     0.00000000
     0.00000000
     0.00127577
     0.01270056
     0.01451444
     0.01631669
     0.01795668
     0.01887349
     0.01978101
     0.02068505
     0.02158606
     0.02248405
     0.02337900
     0.02427092
     0.02515982
     0.02598839
     0.02680211
     0.02761327
     0.02842186
     0.02925579
     0.02986849
     0.02967824
     0.02906566
     0.03082432
     0.03217904
     0.03352600
     0.03486560
     0.03619784
     0.03477695
     0.03325247
     0.03135960
     0.02939730
     0.02841882
     0.02750750
     0.02659293
     0.02567509
     0.02475400
     0.02390072
     0.02373072
     0.02229699
     0.01979629
     0.01727225
     0.01576159
     0.01494463
     0.01412529
     0.01330356
     0.01247944
     0.01165292
     0.01088923
     0.00992431
     0.00926317
     0.00857542
     0.00765802
     0.00673102
     0.00577633
     0.00481856
     0.00385772
     0.00289383
     0.00192718
     0.00095715
     0.00001593
     0.00099208
     0.00197130
     0.00297094
     0.00432566
     0.00571214
     0.00587442
     0.00653192
     0.00730844
     0.00689843
     0.00484881
     0.00281222
     0.00078865
     0.00122186
     0.00321933
     0.00534597
     0.78579752
     0.78795306
     0.00000000
     0.00000000
     0.00000000
     0.00000000
     0.00000000
     0.00000000
     0.00000000
     0.00000000
     0.00000000
     0.00000000
     0.00000000
     0.00000000
     0.00000000
     0.00000000
     0.00000000
     0.00000000
     0.00000000
     0.00000000
     0.00000000
     0.00000000
     0.00000000
     0.00000000
     0.00000000
     0.00000000
     0.00193621
     0.01357660
     0.01538642
     0.01718476
     0.01897101
     0.02002184
     0.02096601
     0.02186682
     0.02276459
     0.02365934
     0.02455106
     0.02543974
     0.02632542
     0.02714940
     0.02796016
     0.02876836
     0.02957398
     0.03048754
     0.03137601
     0.03040534
     0.02937172
     0.03103831
     0.03239269
     0.03373968
     0.03507931
     0.03641158
     0.03571527
     0.03427214
     0.03250521
     0.03060490
     0.02960583
     0.02869798
     0.02778688
     0.02687252
     0.02595490
     0.02503402
     0.02469894
     0.02369957
     0.02121002
     0.01869710
     0.01670664
     0.01589182
     0.01507460
     0.01425500
     0.01343301
     0.01260863
     0.01180646
     0.01099650
     0.01011975
     0.00946803
     0.00855275
     0.00761466
     0.00666210
     0.00570648
     0.00474778
     0.00378633
     0.00282151
     0.00185362
     0.00088266
     0.00009135
     0.00106843
     0.00204857
     0.00319839
     0.00458092
     0.00467976
     0.00530637
     0.00598440
     0.00633103
     0.00428362
     0.00224923
     0.00022787
     0.00178044
     0.00377571
     0.00583567
     0.78606529
     0.78821886
     0.00000000
     0.00000000
     0.00000000
     0.00000000
     0.00000000
     0.00000000
     0.00000000
     0.00000000
     0.00000000
     0.00000000
     0.00000000
     0.00000000
     0.00000000
     0.00000000
     0.00000000
     0.00000000
     0.00000000
     0.00000000
     0.00000000
     0.00000000
     0.00000000
     0.00000000
     0.00000000
     0.00000000
     0.00259513
     0.01445135
     0.01625688
     0.01805102
     0.01976286
     0.02067234
     0.02185743
     0.02303728
     0.02393966
     0.02483117
     0.02571966
     0.02660512
     0.02748755
     0.02830699
     0.02911478
     0.02992000
     0.03072289
     0.03178116
     0.03222482
     0.03113141
     0.03003319
     0.03125192
     0.03260633
     0.03395335
     0.03529302
     0.03662533
     0.03665146
     0.03521260
     0.03364736
     0.03175414
     0.03078916
     0.02988477
     0.02897714
     0.02806624
     0.02715209
     0.02623468
     0.02566500
     0.02509688
     0.02261845
     0.02011678
     0.01764980
     0.01683709
     0.01602201
     0.01520454
     0.01438468
     0.01356243
     0.01273779
     0.01201914
     0.01097491
     0.01035910
     0.00944415
     0.00849680
     0.00754639
     0.00659290
     0.00563634
     0.00467703
     0.00371434
     0.00274860
     0.00177978
     0.00080790
     0.00016704
     0.00114505
     0.00212611
     0.00345231
     0.00361498
     0.00408395
     0.00473869
     0.00540540
     0.00371879
     0.00168661
     0.00033255
     0.00233864
     0.00433170
     0.00632513
     0.78633282
     0.78848442
     0.00000000
     0.00000000
     0.00000000
     0.00000000
     0.00000000
     0.00000000
     0.00000000
     0.00000000
     0.00000000
     0.00000000
     0.00000000
     0.00000000
     0.00000000
     0.00000000
     0.00000000
     0.00000000
     0.00000000
     0.00000000
     0.00000000
     0.00000000
     0.00000000
     0.00000000
     0.00000000
     0.00000000
     0.00325253
     0.01516660
     0.01712582
     0.01855245
     0.01918330
     0.02132215
     0.02250534
     0.02368329
     0.02485602
     0.02599956
     0.02688481
     0.02776704
     0.02864626
     0.02946114
     0.03026597
     0.03106823
     0.03197128
     0.03276854
     0.03274220
     0.03185645
     0.03076045
     0.03146553
     0.03281997
     0.03416704
     0.03550674
     0.03683907
     0.03758552
     0.03615094
     0.03470778
     0.03289991
     0.03196879
     0.03106787
     0.03016369
     0.02925627
     0.02834559
     0.02743165
     0.02662894
     0.02646029
     0.02402159
     0.02153136
     0.01901841
     0.01778048
     0.01696753
     0.01615218
     0.01533446
     0.01451433
     0.01369182
     0.01293468
     0.01182869
     0.01124861
     0.01032266
     0.00937745
     0.00842918
     0.00747783
     0.00652371
     0.00556623
     0.00460569
     0.00364208
     0.00267540
     0.00170566
     0.00073285
     0.00024302
     0.00122196
     0.00235868
     0.00255273
     0.00286468
     0.00351736
     0.00411738
     0.00315435
     0.00112436
     0.00089258
     0.00289647
     0.00488732
     0.00686512
     0.78660011
     0.78874974
     0.00000000
     0.00000000
     0.00000000
     0.00000000
     0.00000000
     0.00000000
     0.00000000
     0.00000000
     0.00000000
     0.00000000
     0.00000000
     0.00000000
     0.00000000
     0.00000000
     0.00000000
     0.00000000
     0.00000000
     0.00000000
     0.00000000
     0.00000000
     0.00000000
     0.00000000
     0.00000000
     0.00000000
     0.00390841
     0.01581827
     0.01733406
     0.01796868
     0.01860139
     0.02191986
     0.02315256
     0.02432862
     0.02549946
     0.02666508
     0.02782547
     0.02892553
     0.02980151
     0.03061186
     0.03141372
     0.03225533
     0.03309314
     0.03316200
     0.03313568
     0.03258047
     0.03148481
     0.03167913
     0.03303360
     0.03438071
     0.03572044
     0.03705281
     0.03837785
     0.03708713
     0.03564826
     0.03404224
     0.03308282
     0.03224727
     0.03134656
     0.03044260
     0.02953539
     0.02862492
     0.02771119
     0.02742257
     0.02541944
     0.02294066
     0.02043880
     0.01872196
     0.01791114
     0.01709792
     0.01628233
     0.01546434
     0.01464396
     0.01384851
     0.01268106
     0.01213655
     0.01119968
     0.01025661
     0.00931047
     0.00836126
     0.00740929
     0.00645395
     0.00549554
     0.00453407
     0.00356953
     0.00260192
     0.00163125
     0.00065752
     0.00031928
     0.00129914
     0.00152783
     0.00164854
     0.00229918
     0.00292625
     0.00256647
     0.00056250
     0.00145224
     0.00345393
     0.00544256
     0.00741816
     0.78686715
     0.78901482
     0.00000000
     0.00000000
     0.00000000
     0.00000000
     0.00000000
     0.00000000
     0.00000000
     0.00000000
     0.00000000
     0.00000000
     0.00000000
     0.00000000
     0.00000000
     0.00000000
     0.00000000
     0.00000000
     0.00000000
     0.00000000
     0.00000000
     0.00000000
     0.00000000
     0.00000000
     0.00000000
     0.00000000
     0.00457461
     0.01551066
     0.01674610
     0.01738256
     0.01855583
     0.02206241
     0.02379910
     0.02497327
     0.02614221
     0.02730594
     0.02846444
     0.02961772
     0.03076580
     0.03157121
     0.03234976
     0.03299575
     0.03358164
     0.03355535
     0.03352904
     0.03330346
     0.03210796
     0.03189273
     0.03324724
     0.03459438
     0.03593414
     0.03726655
     0.03859162
     0.03802120
     0.03658660
     0.03514340
     0.03416524
     0.03342299
     0.03252574
     0.03162524
     0.03072149
     0.02981449
     0.02890423
     0.02838271
     0.02681229
     0.02434465
     0.02185389
     0.01966156
     0.01885286
     0.01804178
     0.01722830
     0.01641245
     0.01559420
     0.01477355
     0.01354784
     0.01299290
     0.01207521
     0.01113428
     0.01019027
     0.00924350
     0.00829337
     0.00734017
     0.00638391
     0.00542457
     0.00446217
     0.00349670
     0.00252816
     0.00155656
     0.00058190
     0.00039583
     0.00051310
     0.00049377
     0.00108413
     0.00173406
     0.00130345
     0.00000101
     0.00201152
     0.00401100
     0.00599743
     0.00797081
     0.78713395
     0.78927965
     0.00000000
     0.00000000
     0.00000000
     0.00000000
     0.00000000
     0.00000000
     0.00000000
     0.00000000
     0.00000000
     0.00000000
     0.00000000
     0.00000000
     0.00000000
     0.00000000
     0.00000000
     0.00000000
     0.00000000
     0.00000000
     0.00000000
     0.00000000
     0.00000000
     0.00000000
     0.00000000
     0.00000000
     0.00386400
     0.01464011
     0.01613123
     0.01679408
     0.01869735
     0.02220494
     0.02444494
     0.02561723
     0.02678428
     0.02794611
     0.02910273
     0.03025412
     0.03140032
     0.03219630
     0.03289795
     0.03352637
     0.03397483
     0.03394856
     0.03392228
     0.03389600
     0.03273044
     0.03210633
     0.03346087
     0.03480804
     0.03614784
     0.03748029
     0.03880539
     0.03895313
     0.03752279
     0.03608389
     0.03524465
     0.03459236
     0.03370123
     0.03280419
     0.03190389
     0.03100036
     0.03009357
     0.02934071
     0.02819989
     0.02574334
     0.02326368
     0.02076066
     0.01979267
     0.01898372
     0.01817238
     0.01735865
     0.01654253
     0.01572402
     0.01461255
     0.01383068
     0.01294924
     0.01201044
     0.01106858
     0.01012395
     0.00917596
     0.00822490
     0.00727077
     0.00631357
     0.00535331
     0.00438997
     0.00342358
     0.00245411
     0.00148159
     0.00050599
     0.00048004
     0.00051889
     0.00008989
     0.00052010
     0.00012155
     0.00056011
     0.00257043
     0.00456770
     0.00655192
     0.00852308
     0.78743940
     0.78954423
     0.00000000
     0.00000000
     0.00000000
     0.00000000
     0.00000000
     0.00000000
     0.00000000
     0.00000000
     0.00000000
     0.00000000
     0.00000000
     0.00000000
     0.00000000
     0.00000000
     0.00000000
     0.00000000
     0.00000000
     0.00000000
     0.00000000
     0.00000000
     0.00000000
     0.00000000
     0.00000000
     0.00000000
     0.00296086
     0.01373913
     0.01545234
     0.01612654
     0.01883884
     0.02234744
     0.02509011
     0.02626049
     0.02742565
     0.02858559
     0.02974032
     0.03088983
     0.03203413
     0.03279975
     0.03342896
     0.03405660
     0.03436791
     0.03434165
     0.03431539
     0.03425526
     0.03335227
     0.03231992
     0.03367450
     0.03502171
     0.03636154
     0.03769402
     0.03901915
     0.03988295
     0.03845687
     0.03702223
     0.03632103
     0.03567102
     0.03487303
     0.03397945
     0.03308262
     0.03218255
     0.03127922
     0.03037264
     0.02958220
     0.02713675
     0.02466818
     0.02217627
     0.02073061
     0.01992377
     0.01911456
     0.01830296
     0.01748897
     0.01667259
     0.01568755
     0.01471875
     0.01382177
     0.01288512
     0.01194539
     0.01100291
     0.01005705
     0.00910813
     0.00815614
     0.00720108
     0.00624296
     0.00528176
     0.00431750
     0.00335017
     0.00237978
     0.00140633
     0.00130848
     0.00152955
     0.00125493
     0.00065285
     0.00105739
     0.00149075
     0.00312793
     0.00511706
     0.00709321
     0.00905639
     0.78774697
     0.78980680
     0.00000000
     0.00000000
     0.00000000
     0.00000000
     0.00000000
     0.00000000
     0.00000000
     0.00000000
     0.00000000
     0.00000000
     0.00000000
     0.00000000
     0.00000000
     0.00000000
     0.00000000
     0.00000000
     0.00000000
     0.00000000
     0.00000000
     0.00000000
     0.00000000
     0.00000000
     0.00000000
     0.00000000
     0.00205485
     0.01283527
     0.01477057
     0.01544694
     0.01896760
     0.02248992
     0.02573457
     0.02690307
     0.02806634
     0.02922438
     0.03037723
     0.03152485
     0.03266727
     0.03333116
     0.03395958
     0.03458643
     0.03476086
     0.03473462
     0.03470838
     0.03451110
     0.03397345
     0.03255750
     0.03388813
     0.03523535
     0.03657523
     0.03790775
     0.03923292
     0.04055075
     0.03938881
     0.03795844
     0.03739258
     0.03674668
     0.03604116
     0.03515103
     0.03425766
     0.03336104
     0.03246118
     0.03155813
     0.03095924
     0.02852460
     0.02606738
     0.02358658
     0.02166663
     0.02086193
     0.02005484
     0.01924537
     0.01843350
     0.01761926
     0.01685889
     0.01561460
     0.01476482
     0.01375829
     0.01282102
     0.01188036
     0.01093665
     0.00998987
     0.00904002
     0.00808710
     0.00713111
     0.00617206
     0.00520994
     0.00424475
     0.00327649
     0.00230517
     0.00213573
     0.00252080
     0.00241708
     0.00181685
     0.00218702
     0.00266541
     0.00366332
     0.00565040
     0.00762450
     0.00958562
     0.78805420
     0.79003015
     0.00000000
     0.00000000
     0.00000000
     0.00000000
     0.00000000
     0.00000000
     0.00000000
     0.00000000
     0.00000000
     0.00000000
     0.00000000
     0.00000000
     0.00000000
     0.00000000
     0.00000000
     0.00000000
     0.00000000
     0.00000000
     0.00000000
     0.00000000
     0.00000000
     0.00000000
     0.00000000
     0.00000000
     0.00114596
     0.01192853
     0.01408593
     0.01533985
     0.01905461
     0.02263237
     0.02609770
     0.02754495
     0.02870634
     0.02986250
     0.03101345
     0.03215918
     0.03323323
     0.03386217
     0.03448982
     0.03511587
     0.03515368
     0.03512746
     0.03499934
     0.03476692
     0.03453430
     0.03318032
     0.03410174
     0.03544901
     0.03678892
     0.03812148
     0.03944668
     0.04076454
     0.04031862
     0.03889253
     0.03825261
     0.03781933
     0.03717216
     0.03631893
     0.03542901
     0.03453585
     0.03363944
     0.03274015
     0.03203742
     0.02990752
     0.02746128
     0.02499158
     0.02260076
     0.02179818
     0.02099323
     0.02018588
     0.01937615
     0.01856533
     0.01797482
     0.01650883
     0.01570660
     0.01469254
     0.01369484
     0.01275634
     0.01181476
     0.01087012
     0.00992241
     0.00897163
     0.00801778
     0.00706086
     0.00610088
     0.00513783
     0.00417171
     0.00320253
     0.00296179
     0.00334610
     0.00356393
     0.00297796
     0.00330660
     0.00379093
     0.00426721
     0.00618342
     0.00815546
     0.01011453
     0.78836112
     0.79029410
     0.00000000
     0.00000000
     0.00000000
     0.00000000
     0.00000000
     0.00000000
     0.00000000
     0.00000000
     0.00000000
     0.00000000
     0.00000000
     0.00000000
     0.00000000
     0.00000000
     0.00000000
     0.00000000
     0.00000000
     0.00000000
     0.00000000
     0.00000000
     0.00000000
     0.00000000
     0.00000000
     0.00000000
     0.00023418
     0.01101892
     0.01339840
     0.01542501
     0.01914155
     0.02277480
     0.02624114
     0.02818616
     0.02934565
     0.03049993
     0.03164898
     0.03278884
     0.03376464
     0.03439279
     0.03501965
     0.03557258
     0.03554638
     0.03548728
     0.03525512
     0.03502275
     0.03479015
     0.03380248
     0.03431536
     0.03566267
     0.03700261
     0.03833519
     0.03966043
     0.04097833
     0.04124632
     0.03982448
     0.03911093
     0.03888895
     0.03824407
     0.03748314
     0.03659667
     0.03570697
     0.03481402
     0.03391846
     0.03301994
     0.03128516
     0.02884991
     0.02639129
     0.02390940
     0.02273255
     0.02192972
     0.02112450
     0.02031689
     0.01959868
     0.01900991
     0.01752866
     0.01664652
     0.01563505
     0.01462027
     0.01363081
     0.01269137
     0.01174887
     0.01080330
     0.00985466
     0.00890295
     0.00794817
     0.00699032
     0.00602941
     0.00506543
     0.00409838
     0.00378665
     0.00417020
     0.00455328
     0.00413621
     0.00442356
     0.00490647
     0.00538862
     0.00671610
     0.00868609
     0.01064310
     0.78866770
     0.79059863
     0.00000000
     0.00000000
     0.00000000
     0.00000000
     0.00000000
     0.00000000
     0.00000000
     0.00000000
     0.00000000
     0.00000000
     0.00000000
     0.00000000
     0.00000000
     0.00000000
     0.00000000
     0.00000000
     0.00000000
     0.00000000
     0.00000000
     0.00000000
     0.00000000
     0.00000000
     0.00000000
     0.00000000
     0.00000000
     0.01006669
     0.01267056
     0.01551011
     0.01922843
     0.02289761
     0.02638455
     0.02882668
     0.02998427
     0.03113666
     0.03228383
     0.03332918
     0.03429567
     0.03492302
     0.03554910
     0.03596514
     0.03593896
     0.03574303
     0.03551090
     0.03527856
     0.03504601
     0.03442399
     0.03452898
     0.03587632
     0.03721630
     0.03854891
     0.03987418
     0.04119212
     0.04217188
     0.04075430
     0.03996755
     0.03995559
     0.03931298
     0.03864369
     0.03776067
     0.03687441
     0.03598492
     0.03509310
     0.03419803
     0.03265752
     0.03023325
     0.02778573
     0.02531493
     0.02366502
     0.02286431
     0.02206122
     0.02125574
     0.02062963
     0.02004260
     0.01869148
     0.01758459
     0.01657572
     0.01556353
     0.01454740
     0.01356649
     0.01262613
     0.01168269
     0.01073619
     0.00978662
     0.00883398
     0.00787828
     0.00691950
     0.00595766
     0.00499275
     0.00461032
     0.00499312
     0.00537543
     0.00529159
     0.00553787
     0.00601937
     0.00650011
     0.00720267
     0.00921639
     0.01117135
     0.78897397
     0.79090284
     0.00000000
     0.00000000
     0.00000000
     0.00000000
     0.00000000
     0.00000000
     0.00000000
     0.00000000
     0.00000000
     0.00000000
     0.00000000
     0.00000000
     0.00000000
     0.00000000
     0.00000000
     0.00000000
     0.00000000
     0.00000000
     0.00000000
     0.00000000
     0.00000000
     0.00000000
     0.00000000
     0.00000000
     0.00000000
     0.00909647
     0.01192255
     0.01559513
     0.01931524
     0.02298620
     0.02652793
     0.02946650
     0.03062221
     0.03177271
     0.03287608
     0.03386910
     0.03482599
     0.03545286
     0.03607814
     0.03635757
     0.03623064
     0.03599876
     0.03576668
     0.03553437
     0.03530185
     0.03504486
     0.03474259
     0.03608997
     0.03742998
     0.03876263
     0.04008794
     0.04140591
     0.04271655
     0.04168200
     0.04082247
     0.04094321
     0.04037888
     0.03973682
     0.03892099
     0.03803818
     0.03715227
     0.03626404
     0.03537243
     0.03402462
     0.03161131
     0.02917485
     0.02671516
     0.02459558
     0.02379700
     0.02299604
     0.02224220
     0.02165817
     0.02107289
     0.01990292
     0.01852082
     0.01751484
     0.01650494
     0.01549140
     0.01447423
     0.01350189
     0.01256060
     0.01161624
     0.01066881
     0.00971831
     0.00876474
     0.00780810
     0.00684840
     0.00588562
     0.00543279
     0.00581484
     0.00619640
     0.00641842
     0.00664957
     0.00712964
     0.00760896
     0.00808752
     0.00970089
     0.01169927
     0.78927990
     0.79120672
     0.00000000
     0.00000000
     0.00000000
     0.00000000
     0.00000000
     0.00000000
     0.00000000
     0.00000000
     0.00000000
     0.00000000
     0.00000000
     0.00000000
     0.00000000
     0.00000000
     0.00000000
     0.00000000
     0.00000000
     0.00000000
     0.00000000
     0.00000000
     0.00000000
     0.00000000
     0.00000000
     0.00000000
     0.00000000
     0.00812301
     0.01178241
     0.01566771
     0.01940198
     0.02307473
     0.02667129
     0.03009543
     0.03125947
     0.03240807
     0.03341686
     0.03440861
     0.03535622
     0.03598230
     0.03660680
     0.03671796
     0.03648633
     0.03625450
     0.03602245
     0.03579017
     0.03555768
     0.03532497
     0.03495621
     0.03630361
     0.03764366
     0.03897635
     0.04030169
     0.04161969
     0.04293037
     0.04260756
     0.04167567
     0.04179609
     0.04144177
     0.04080199
     0.04007762
     0.03919826
     0.03831608
     0.03743130
     0.03654315
     0.03538645
     0.03298410
     0.03055871
     0.02811010
     0.02563823
     0.02472781
     0.02392897
     0.02326662
     0.02268432
     0.02210077
     0.02111079
     0.01945521
     0.01845182
     0.01744451
     0.01643356
     0.01541896
     0.01440075
     0.01343700
     0.01249478
     0.01154949
     0.01060113
     0.00964970
     0.00869520
     0.00773763
     0.00677700
     0.00625407
     0.00663536
     0.00701617
     0.00721548
     0.00775863
     0.00823728
     0.00871518
     0.00919233
     0.01017804
     0.01218170
     0.78958551
     0.79151027
     0.00000000
     0.00000000
     0.00000000
     0.00000000
     0.00000000
     0.00000000
     0.00000000
     0.00000000
     0.00000000
     0.00000000
     0.00000000
     0.00000000
     0.00000000
     0.00000000
     0.00000000
     0.00000000
     0.00000000
     0.00000000
     0.00000000
     0.00000000
     0.00000000
     0.00000000
     0.00000000
     0.00000000
     0.00000000
     0.00714632
     0.01183861
     0.01572610
     0.01948866
     0.02316318
     0.02678833
     0.03023977
     0.03189603
     0.03296281
     0.03395723
     0.03494770
     0.03588606
     0.03651137
     0.03713507
     0.03697361
     0.03674203
     0.03651022
     0.03627820
     0.03604597
     0.03581351
     0.03558082
     0.03516981
     0.03651726
     0.03785734
     0.03919005
     0.04051543
     0.04183347
     0.04314418
     0.04353101
     0.04252719
     0.04264729
     0.04250167
     0.04186417
     0.04122494
     0.04035468
     0.03947622
     0.03859489
     0.03771019
     0.03682251
     0.03435161
     0.03193728
     0.02949976
     0.02703897
     0.02565671
     0.02486793
     0.02428863
     0.02370807
     0.02312625
     0.02231511
     0.02048361
     0.01938695
     0.01838222
     0.01737386
     0.01636186
     0.01534623
     0.01432696
     0.01337183
     0.01242868
     0.01148246
     0.01053317
     0.00958081
     0.00862538
     0.00766689
     0.00707416
     0.00745469
     0.00783474
     0.00801174
     0.00884825
     0.00934229
     0.00981877
     0.01029450
     0.01076948
     0.01265687
     0.78984596
     0.79181350
     0.00000000
     0.00000000
     0.00000000
     0.00000000
     0.00000000
     0.00000000
     0.00000000
     0.00000000
     0.00000000
     0.00000000
     0.00000000
     0.00000000
     0.00000000
     0.00000000
     0.00000000
     0.00000000
     0.00000000
     0.00000000
     0.00000000
     0.00000000
     0.00000000
     0.00000000
     0.00000000
     0.00000000
     0.00000000
     0.00616641
     0.01189472
     0.01578441
     0.01957527
     0.02325157
     0.02687850
     0.03038408
     0.03250694
     0.03350404
     0.03449719
     0.03548638
     0.03641551
     0.03704003
     0.03746058
     0.03722926
     0.03699771
     0.03676594
     0.03653395
     0.03630175
     0.03606932
     0.03583667
     0.03549553
     0.03673090
     0.03807101
     0.03940377
     0.04072917
     0.04204724
     0.04335799
     0.04445233
     0.04337700
     0.04349678
     0.04355856
     0.04292333
     0.04228638
     0.04150743
     0.04063268
     0.03975479
     0.03887354
     0.03798910
     0.03571385
     0.03331058
     0.03088412
     0.02843443
     0.02658373
     0.02588581
     0.02530824
     0.02472942
     0.02414934
     0.02351587
     0.02171644
     0.02032024
     0.01931810
     0.01831232
     0.01730291
     0.01628986
     0.01527319
     0.01425288
     0.01330638
     0.01236230
     0.01141515
     0.01046493
     0.00951164
     0.00855528
     0.00789305
     0.00827283
     0.00865212
     0.00880659
     0.00967772
     0.01044467
     0.01091974
     0.01139404
     0.01186761
     0.01313181
     0.79009923
     0.79207189
     0.00000000
     0.00000000
     0.00000000
